[INFO] Scanning for projects...
[INFO] 
[INFO] --------------< com.fasterxml.jackson.core:jackson-core >---------------
[INFO] Building Jackson-core 2.8.0
[INFO]   from pom.xml
[INFO] -------------------------------[ bundle ]-------------------------------
Downloading from central: https://repo.maven.apache.org/maven2/org/jacoco/jacoco-maven-plugin/0.8.4/jacoco-maven-plugin-0.8.4.pom
Progress (1): 862 B
Progress (1): 2.4 kB
Progress (1): 4.4 kB
                    
Downloaded from central: https://repo.maven.apache.org/maven2/org/jacoco/jacoco-maven-plugin/0.8.4/jacoco-maven-plugin-0.8.4.pom (4.4 kB at 5.3 kB/s)
Downloading from central: https://repo.maven.apache.org/maven2/org/jacoco/org.jacoco.build/0.8.4/org.jacoco.build-0.8.4.pom
Progress (1): 812 B
Progress (1): 2.2 kB
Progress (1): 4.3 kB
Progress (1): 7.7 kB
Progress (1): 11 kB 
Progress (1): 15 kB
Progress (1): 18 kB
Progress (1): 19 kB
Progress (1): 23 kB
Progress (1): 25 kB
Progress (1): 27 kB
Progress (1): 32 kB
Progress (1): 39 kB
                   
Downloaded from central: https://repo.maven.apache.org/maven2/org/jacoco/org.jacoco.build/0.8.4/org.jacoco.build-0.8.4.pom (39 kB at 170 kB/s)
Downloading from central: https://repo.maven.apache.org/maven2/org/jacoco/jacoco-maven-plugin/0.8.4/jacoco-maven-plugin-0.8.4.jar
Progress (1): 0.9/53 kB
Progress (1): 2.3/53 kB
Progress (1): 3.6/53 kB
Progress (1): 5.0/53 kB
Progress (1): 6.4/53 kB
Progress (1): 7.7/53 kB
Progress (1): 9.1/53 kB
Progress (1): 10/53 kB 
Progress (1): 12/53 kB
Progress (1): 13/53 kB
Progress (1): 15/53 kB
Progress (1): 16/53 kB
Progress (1): 17/53 kB
Progress (1): 19/53 kB
Progress (1): 20/53 kB
Progress (1): 21/53 kB
Progress (1): 23/53 kB
Progress (1): 24/53 kB
Progress (1): 26/53 kB
Progress (1): 27/53 kB
Progress (1): 28/53 kB
Progress (1): 30/53 kB
Progress (1): 31/53 kB
Progress (1): 32/53 kB
Progress (1): 34/53 kB
Progress (1): 35/53 kB
Progress (1): 36/53 kB
Progress (1): 38/53 kB
Progress (1): 39/53 kB
Progress (1): 41/53 kB
Progress (1): 42/53 kB
Progress (1): 43/53 kB
Progress (1): 48/53 kB
Progress (1): 52/53 kB
Progress (1): 53 kB   
                   
Downloaded from central: https://repo.maven.apache.org/maven2/org/jacoco/jacoco-maven-plugin/0.8.4/jacoco-maven-plugin-0.8.4.jar (53 kB at 218 kB/s)
Downloading from central: https://repo.maven.apache.org/maven2/org/apache/maven/plugins/maven-site-plugin/3.1/maven-site-plugin-3.1.pom
Progress (1): 991 B
Progress (1): 3.9 kB
Progress (1): 6.7 kB
Progress (1): 11 kB 
Progress (1): 17 kB
Progress (1): 18 kB
                   
Downloaded from central: https://repo.maven.apache.org/maven2/org/apache/maven/plugins/maven-site-plugin/3.1/maven-site-plugin-3.1.pom (18 kB at 81 kB/s)
Downloading from central: https://repo.maven.apache.org/maven2/org/apache/maven/plugins/maven-plugins/22/maven-plugins-22.pom
Progress (1): 766 B
Progress (1): 2.5 kB
Progress (1): 6.4 kB
Progress (1): 8.2 kB
Progress (1): 11 kB 
Progress (1): 13 kB
                   
Downloaded from central: https://repo.maven.apache.org/maven2/org/apache/maven/plugins/maven-plugins/22/maven-plugins-22.pom (13 kB at 56 kB/s)
Downloading from central: https://repo.maven.apache.org/maven2/org/apache/maven/maven-parent/21/maven-parent-21.pom
Progress (1): 740 B
Progress (1): 2.0 kB
Progress (1): 6.0 kB
Progress (1): 11 kB 
Progress (1): 15 kB
Progress (1): 18 kB
Progress (1): 20 kB
Progress (1): 20 kB
Progress (1): 25 kB
Progress (1): 26 kB
                   
Downloaded from central: https://repo.maven.apache.org/maven2/org/apache/maven/maven-parent/21/maven-parent-21.pom (26 kB at 120 kB/s)
Downloading from central: https://repo.maven.apache.org/maven2/org/apache/apache/10/apache-10.pom
Progress (1): 781 B
Progress (1): 2.2 kB
Progress (1): 4.2 kB
Progress (1): 8.3 kB
Progress (1): 11 kB 
Progress (1): 15 kB
                   
Downloaded from central: https://repo.maven.apache.org/maven2/org/apache/apache/10/apache-10.pom (15 kB at 58 kB/s)
Downloading from central: https://repo.maven.apache.org/maven2/org/apache/maven/plugins/maven-site-plugin/3.1/maven-site-plugin-3.1.jar
Progress (1): 3.8/120 kB
Progress (1): 8.0/120 kB
Progress (1): 12/120 kB 
Progress (1): 16/120 kB
Progress (1): 21/120 kB
Progress (1): 25/120 kB
Progress (1): 29/120 kB
Progress (1): 33/120 kB
Progress (1): 38/120 kB
Progress (1): 42/120 kB
Progress (1): 46/120 kB
Progress (1): 50/120 kB
Progress (1): 54/120 kB
Progress (1): 59/120 kB
Progress (1): 63/120 kB
Progress (1): 67/120 kB
Progress (1): 71/120 kB
Progress (1): 76/120 kB
Progress (1): 80/120 kB
Progress (1): 84/120 kB
Progress (1): 88/120 kB
Progress (1): 93/120 kB
Progress (1): 97/120 kB
Progress (1): 101/120 kB
Progress (1): 105/120 kB
Progress (1): 109/120 kB
Progress (1): 114/120 kB
Progress (1): 118/120 kB
Progress (1): 120 kB    
                    
Downloaded from central: https://repo.maven.apache.org/maven2/org/apache/maven/plugins/maven-site-plugin/3.1/maven-site-plugin-3.1.jar (120 kB at 256 kB/s)
Downloading from central: https://repo.maven.apache.org/maven2/org/apache/maven/plugins/maven-enforcer-plugin/3.0.0-M1/maven-enforcer-plugin-3.0.0-M1.pom
Progress (1): 826 B
Progress (1): 3.4 kB
Progress (1): 5.3 kB
Progress (1): 7.2 kB
                    
Downloaded from central: https://repo.maven.apache.org/maven2/org/apache/maven/plugins/maven-enforcer-plugin/3.0.0-M1/maven-enforcer-plugin-3.0.0-M1.pom (7.2 kB at 34 kB/s)
Downloading from central: https://repo.maven.apache.org/maven2/org/apache/maven/enforcer/enforcer/3.0.0-M1/enforcer-3.0.0-M1.pom
Progress (1): 812 B
Progress (1): 2.4 kB
Progress (1): 6.0 kB
Progress (1): 8.3 kB
                    
Downloaded from central: https://repo.maven.apache.org/maven2/org/apache/maven/enforcer/enforcer/3.0.0-M1/enforcer-3.0.0-M1.pom (8.3 kB at 35 kB/s)
Downloading from central: https://repo.maven.apache.org/maven2/org/apache/maven/plugins/maven-enforcer-plugin/3.0.0-M1/maven-enforcer-plugin-3.0.0-M1.jar
Progress (1): 7.7/26 kB
Progress (1): 16/26 kB 
Progress (1): 26 kB   
                   
Downloaded from central: https://repo.maven.apache.org/maven2/org/apache/maven/plugins/maven-enforcer-plugin/3.0.0-M1/maven-enforcer-plugin-3.0.0-M1.jar (26 kB at 106 kB/s)
Downloading from central: https://repo.maven.apache.org/maven2/org/codehaus/mojo/build-helper-maven-plugin/1.7/build-helper-maven-plugin-1.7.pom
Progress (1): 1.0 kB
Progress (1): 3.6 kB
Progress (1): 5.4 kB
                    
Downloaded from central: https://repo.maven.apache.org/maven2/org/codehaus/mojo/build-helper-maven-plugin/1.7/build-helper-maven-plugin-1.7.pom (5.4 kB at 10 kB/s)
Downloading from central: https://repo.maven.apache.org/maven2/org/codehaus/mojo/mojo-parent/28/mojo-parent-28.pom
Progress (1): 799 B
Progress (1): 3.1 kB
Progress (1): 4.8 kB
Progress (1): 7.7 kB
Progress (1): 12 kB 
Progress (1): 15 kB
Progress (1): 18 kB
Progress (1): 22 kB
Progress (1): 26 kB
                   
Downloaded from central: https://repo.maven.apache.org/maven2/org/codehaus/mojo/mojo-parent/28/mojo-parent-28.pom (26 kB at 58 kB/s)
Downloading from central: https://repo.maven.apache.org/maven2/org/codehaus/codehaus-parent/3/codehaus-parent-3.pom
Progress (1): 1.1 kB
Progress (1): 2.9 kB
Progress (1): 4.1 kB
                    
Downloaded from central: https://repo.maven.apache.org/maven2/org/codehaus/codehaus-parent/3/codehaus-parent-3.pom (4.1 kB at 12 kB/s)
Downloading from central: https://repo.maven.apache.org/maven2/org/codehaus/mojo/build-helper-maven-plugin/1.7/build-helper-maven-plugin-1.7.jar
Progress (1): 7.7/33 kB
Progress (1): 7.7/33 kB
Progress (1): 24/33 kB 
Progress (1): 33 kB   
                   
Downloaded from central: https://repo.maven.apache.org/maven2/org/codehaus/mojo/build-helper-maven-plugin/1.7/build-helper-maven-plugin-1.7.jar (33 kB at 97 kB/s)
Downloading from central: https://repo.maven.apache.org/maven2/com/google/code/maven-replacer-plugin/replacer/1.5.3/replacer-1.5.3.pom
Progress (1): 1.2 kB
Progress (1): 2.1 kB
Progress (1): 4.0 kB
Progress (1): 5.8 kB
                    
Downloaded from central: https://repo.maven.apache.org/maven2/com/google/code/maven-replacer-plugin/replacer/1.5.3/replacer-1.5.3.pom (5.8 kB at 18 kB/s)
Downloading from central: https://repo.maven.apache.org/maven2/com/google/code/maven-replacer-plugin/replacer/1.5.3/replacer-1.5.3.jar
Progress (1): 7.7/40 kB
Progress (1): 7.7/40 kB
Progress (1): 24/40 kB 
Progress (1): 40 kB   
                   
Downloaded from central: https://repo.maven.apache.org/maven2/com/google/code/maven-replacer-plugin/replacer/1.5.3/replacer-1.5.3.jar (40 kB at 91 kB/s)
Downloading from central: https://repo.maven.apache.org/maven2/org/apache/maven/plugins/maven-resources-plugin/2.7/maven-resources-plugin-2.7.pom
Progress (1): 772 B
Progress (1): 2.1 kB
Progress (1): 5.5 kB
Progress (1): 7.7 kB
                    
Downloaded from central: https://repo.maven.apache.org/maven2/org/apache/maven/plugins/maven-resources-plugin/2.7/maven-resources-plugin-2.7.pom (7.7 kB at 17 kB/s)
Downloading from central: https://repo.maven.apache.org/maven2/org/apache/maven/plugins/maven-plugins/25/maven-plugins-25.pom
Progress (1): 763 B
Progress (1): 2.3 kB
Progress (1): 4.2 kB
Progress (1): 6.6 kB
Progress (1): 7.7 kB
Progress (1): 9.6 kB
                    
Downloaded from central: https://repo.maven.apache.org/maven2/org/apache/maven/plugins/maven-plugins/25/maven-plugins-25.pom (9.6 kB at 19 kB/s)
Downloading from central: https://repo.maven.apache.org/maven2/org/apache/maven/plugins/maven-resources-plugin/2.7/maven-resources-plugin-2.7.jar
Progress (1): 7.7/31 kB
Progress (1): 7.7/31 kB
Progress (1): 24/31 kB 
Progress (1): 31 kB   
                   
Downloaded from central: https://repo.maven.apache.org/maven2/org/apache/maven/plugins/maven-resources-plugin/2.7/maven-resources-plugin-2.7.jar (31 kB at 72 kB/s)
Downloading from central: https://repo.maven.apache.org/maven2/org/apache/maven/plugins/maven-compiler-plugin/3.8.0/maven-compiler-plugin-3.8.0.pom
Progress (1): 764 B
Progress (1): 2.2 kB
Progress (1): 4.5 kB
Progress (1): 7.7 kB
Progress (1): 9.9 kB
Progress (1): 12 kB 
                   
Downloaded from central: https://repo.maven.apache.org/maven2/org/apache/maven/plugins/maven-compiler-plugin/3.8.0/maven-compiler-plugin-3.8.0.pom (12 kB at 28 kB/s)
Downloading from central: https://repo.maven.apache.org/maven2/org/apache/maven/plugins/maven-plugins/32/maven-plugins-32.pom
Progress (1): 763 B
Progress (1): 2.3 kB
Progress (1): 4.7 kB
Progress (1): 7.6 kB
Progress (1): 9.8 kB
Progress (1): 11 kB 
                   
Downloaded from central: https://repo.maven.apache.org/maven2/org/apache/maven/plugins/maven-plugins/32/maven-plugins-32.pom (11 kB at 21 kB/s)
Downloading from central: https://repo.maven.apache.org/maven2/org/apache/maven/maven-parent/32/maven-parent-32.pom
Progress (1): 774 B
Progress (1): 2.0 kB
Progress (1): 6.0 kB
Progress (1): 9.8 kB
Progress (1): 14 kB 
Progress (1): 19 kB
Progress (1): 24 kB
Progress (1): 24 kB
Progress (1): 26 kB
Progress (1): 28 kB
Progress (1): 31 kB
Progress (1): 34 kB
Progress (1): 37 kB
Progress (1): 41 kB
Progress (1): 43 kB
                   
Downloaded from central: https://repo.maven.apache.org/maven2/org/apache/maven/maven-parent/32/maven-parent-32.pom (43 kB at 134 kB/s)
Downloading from central: https://repo.maven.apache.org/maven2/org/apache/apache/20/apache-20.pom
Progress (1): 773 B
Progress (1): 2.2 kB
Progress (1): 4.0 kB
Progress (1): 7.7 kB
Progress (1): 13 kB 
Progress (1): 16 kB
                   
Downloaded from central: https://repo.maven.apache.org/maven2/org/apache/apache/20/apache-20.pom (16 kB at 44 kB/s)
Downloading from central: https://repo.maven.apache.org/maven2/org/apache/maven/plugins/maven-compiler-plugin/3.8.0/maven-compiler-plugin-3.8.0.jar
Progress (1): 7.7/62 kB
Progress (1): 16/62 kB 
Progress (1): 32/62 kB
Progress (1): 49/62 kB
Progress (1): 62 kB   
                   
Downloaded from central: https://repo.maven.apache.org/maven2/org/apache/maven/plugins/maven-compiler-plugin/3.8.0/maven-compiler-plugin-3.8.0.jar (62 kB at 195 kB/s)
Downloading from central: https://repo.maven.apache.org/maven2/org/apache/maven/plugins/maven-surefire-plugin/2.22.2/maven-surefire-plugin-2.22.2.pom
Progress (1): 822 B
Progress (1): 2.8 kB
Progress (1): 5.0 kB
                    
Downloaded from central: https://repo.maven.apache.org/maven2/org/apache/maven/plugins/maven-surefire-plugin/2.22.2/maven-surefire-plugin-2.22.2.pom (5.0 kB at 22 kB/s)
Downloading from central: https://repo.maven.apache.org/maven2/org/apache/maven/surefire/surefire/2.22.2/surefire-2.22.2.pom
Progress (1): 788 B
Progress (1): 2.4 kB
Progress (1): 4.0 kB
Progress (1): 9.0 kB
Progress (1): 13 kB 
Progress (1): 16 kB
Progress (1): 19 kB
Progress (1): 22 kB
Progress (1): 25 kB
Progress (1): 26 kB
                   
Downloaded from central: https://repo.maven.apache.org/maven2/org/apache/maven/surefire/surefire/2.22.2/surefire-2.22.2.pom (26 kB at 95 kB/s)
Downloading from central: https://repo.maven.apache.org/maven2/org/apache/maven/plugins/maven-surefire-plugin/2.22.2/maven-surefire-plugin-2.22.2.jar
Progress (1): 5.7/41 kB
Progress (1): 22/41 kB 
Progress (1): 30/41 kB
Progress (1): 41 kB   
                   
Downloaded from central: https://repo.maven.apache.org/maven2/org/apache/maven/plugins/maven-surefire-plugin/2.22.2/maven-surefire-plugin-2.22.2.jar (41 kB at 159 kB/s)
Downloading from central: https://repo.maven.apache.org/maven2/org/moditect/moditect-maven-plugin/1.0.0.Beta2/moditect-maven-plugin-1.0.0.Beta2.pom
Progress (1): 859 B
Progress (1): 3.7 kB
Progress (1): 4.1 kB
                    
Downloaded from central: https://repo.maven.apache.org/maven2/org/moditect/moditect-maven-plugin/1.0.0.Beta2/moditect-maven-plugin-1.0.0.Beta2.pom (4.1 kB at 12 kB/s)
Downloading from central: https://repo.maven.apache.org/maven2/org/moditect/moditect-parent/1.0.0.Beta2/moditect-parent-1.0.0.Beta2.pom
Progress (1): 765 B
Progress (1): 2.5 kB
Progress (1): 7.5 kB
Progress (1): 10 kB 
                   
Downloaded from central: https://repo.maven.apache.org/maven2/org/moditect/moditect-parent/1.0.0.Beta2/moditect-parent-1.0.0.Beta2.pom (10 kB at 41 kB/s)
Downloading from central: https://repo.maven.apache.org/maven2/org/moditect/moditect-maven-plugin/1.0.0.Beta2/moditect-maven-plugin-1.0.0.Beta2.jar
Progress (1): 7.7/42 kB
Progress (1): 16/42 kB 
Progress (1): 32/42 kB
Progress (1): 42 kB   
                   
Downloaded from central: https://repo.maven.apache.org/maven2/org/moditect/moditect-maven-plugin/1.0.0.Beta2/moditect-maven-plugin-1.0.0.Beta2.jar (42 kB at 145 kB/s)
[INFO] 
[INFO] --- enforcer:3.0.0-M1:enforce (enforce-java) @ jackson-core ---
Downloading from central: https://repo.maven.apache.org/maven2/org/codehaus/plexus/plexus-utils/3.0.24/plexus-utils-3.0.24.pom
Progress (1): 810 B
Progress (1): 2.4 kB
Progress (1): 4.1 kB
                    
Downloaded from central: https://repo.maven.apache.org/maven2/org/codehaus/plexus/plexus-utils/3.0.24/plexus-utils-3.0.24.pom (4.1 kB at 14 kB/s)
Downloading from central: https://repo.maven.apache.org/maven2/org/apache/maven/enforcer/enforcer-api/3.0.0-M1/enforcer-api-3.0.0-M1.pom
Progress (1): 857 B
Progress (1): 2.5 kB
Progress (1): 2.9 kB
                    
Downloaded from central: https://repo.maven.apache.org/maven2/org/apache/maven/enforcer/enforcer-api/3.0.0-M1/enforcer-api-3.0.0-M1.pom (2.9 kB at 9.0 kB/s)
Downloading from central: https://repo.maven.apache.org/maven2/junit/junit/4.11/junit-4.11.pom
Progress (1): 1.2 kB
Progress (1): 2.3 kB
                    
Downloaded from central: https://repo.maven.apache.org/maven2/junit/junit/4.11/junit-4.11.pom (2.3 kB at 10.0 kB/s)
Downloading from central: https://repo.maven.apache.org/maven2/org/apache/maven/enforcer/enforcer-rules/3.0.0-M1/enforcer-rules-3.0.0-M1.pom
Progress (1): 853 B
Progress (1): 3.7 kB
Progress (1): 3.9 kB
                    
Downloaded from central: https://repo.maven.apache.org/maven2/org/apache/maven/enforcer/enforcer-rules/3.0.0-M1/enforcer-rules-3.0.0-M1.pom (3.9 kB at 17 kB/s)
Downloading from central: https://repo.maven.apache.org/maven2/org/apache/maven/shared/maven-common-artifact-filters/3.0.1/maven-common-artifact-filters-3.0.1.pom
Progress (1): 807 B
Progress (1): 2.3 kB
Progress (1): 4.8 kB
                    
Downloaded from central: https://repo.maven.apache.org/maven2/org/apache/maven/shared/maven-common-artifact-filters/3.0.1/maven-common-artifact-filters-3.0.1.pom (4.8 kB at 22 kB/s)
Downloading from central: https://repo.maven.apache.org/maven2/org/apache/maven/shared/maven-shared-utils/3.1.0/maven-shared-utils-3.1.0.pom
Progress (1): 802 B
Progress (1): 2.3 kB
Progress (1): 4.5 kB
Progress (1): 5.0 kB
                    
Downloaded from central: https://repo.maven.apache.org/maven2/org/apache/maven/shared/maven-shared-utils/3.1.0/maven-shared-utils-3.1.0.pom (5.0 kB at 23 kB/s)
Downloading from central: https://repo.maven.apache.org/maven2/org/apache/commons/commons-lang3/3.5/commons-lang3-3.5.pom
Progress (1): 752 B
Progress (1): 2.1 kB
Progress (1): 5.4 kB
Progress (1): 9.0 kB
Progress (1): 12 kB 
Progress (1): 14 kB
Progress (1): 16 kB
Progress (1): 19 kB
Progress (1): 22 kB
Progress (1): 23 kB
                   
Downloaded from central: https://repo.maven.apache.org/maven2/org/apache/commons/commons-lang3/3.5/commons-lang3-3.5.pom (23 kB at 104 kB/s)
Downloading from central: https://repo.maven.apache.org/maven2/org/apache/commons/commons-parent/41/commons-parent-41.pom
Progress (1): 705 B
Progress (1): 1.9 kB
Progress (1): 3.2 kB
Progress (1): 4.5 kB
Progress (1): 6.0 kB
Progress (1): 9.4 kB
Progress (1): 12 kB 
Progress (1): 14 kB
Progress (1): 18 kB
Progress (1): 21 kB
Progress (1): 23 kB
Progress (1): 26 kB
Progress (1): 29 kB
Progress (1): 32 kB
Progress (1): 34 kB
Progress (1): 35 kB
Progress (1): 37 kB
Progress (1): 42 kB
Progress (1): 46 kB
Progress (1): 51 kB
Progress (1): 54 kB
Progress (1): 56 kB
Progress (1): 58 kB
Progress (1): 59 kB
Progress (1): 62 kB
Progress (1): 63 kB
Progress (1): 65 kB
                   
Downloaded from central: https://repo.maven.apache.org/maven2/org/apache/commons/commons-parent/41/commons-parent-41.pom (65 kB at 287 kB/s)
Downloading from central: https://repo.maven.apache.org/maven2/commons-codec/commons-codec/1.6/commons-codec-1.6.pom
Progress (1): 752 B
Progress (1): 2.1 kB
Progress (1): 4.4 kB
Progress (1): 6.6 kB
Progress (1): 9.2 kB
Progress (1): 11 kB 
                   
Downloaded from central: https://repo.maven.apache.org/maven2/commons-codec/commons-codec/1.6/commons-codec-1.6.pom (11 kB at 52 kB/s)
Downloading from central: https://repo.maven.apache.org/maven2/org/apache/commons/commons-parent/22/commons-parent-22.pom
Progress (1): 724 B
Progress (1): 1.9 kB
Progress (1): 3.4 kB
Progress (1): 7.0 kB
Progress (1): 9.8 kB
Progress (1): 14 kB 
Progress (1): 17 kB
Progress (1): 19 kB
Progress (1): 23 kB
Progress (1): 30 kB
Progress (1): 33 kB
Progress (1): 36 kB
Progress (1): 38 kB
Progress (1): 41 kB
Progress (1): 42 kB
                   
Downloaded from central: https://repo.maven.apache.org/maven2/org/apache/commons/commons-parent/22/commons-parent-22.pom (42 kB at 101 kB/s)
Downloading from central: https://repo.maven.apache.org/maven2/org/beanshell/bsh/2.0b4/bsh-2.0b4.pom
Progress (1): 1.2 kB
                    
Downloaded from central: https://repo.maven.apache.org/maven2/org/beanshell/bsh/2.0b4/bsh-2.0b4.pom (1.2 kB at 5.7 kB/s)
Downloading from central: https://repo.maven.apache.org/maven2/org/beanshell/beanshell/2.0b4/beanshell-2.0b4.pom
Progress (1): 1.4 kB
                    
Downloaded from central: https://repo.maven.apache.org/maven2/org/beanshell/beanshell/2.0b4/beanshell-2.0b4.pom (1.4 kB at 6.4 kB/s)
Downloading from central: https://repo.maven.apache.org/maven2/org/apache/maven/shared/maven-dependency-tree/2.2/maven-dependency-tree-2.2.pom
Progress (1): 784 B
Progress (1): 2.3 kB
Progress (1): 4.9 kB
Progress (1): 7.3 kB
                    
Downloaded from central: https://repo.maven.apache.org/maven2/org/apache/maven/shared/maven-dependency-tree/2.2/maven-dependency-tree-2.2.pom (7.3 kB at 33 kB/s)
Downloading from central: https://repo.maven.apache.org/maven2/org/apache/maven/maven-compat/3.0/maven-compat-3.0.pom
Progress (1): 835 B
Progress (1): 3.7 kB
Progress (1): 4.0 kB
                    
Downloaded from central: https://repo.maven.apache.org/maven2/org/apache/maven/maven-compat/3.0/maven-compat-3.0.pom (4.0 kB at 20 kB/s)
Downloading from central: https://repo.maven.apache.org/maven2/org/codehaus/plexus/plexus-utils/3.0.24/plexus-utils-3.0.24.jar
Progress (1): 7.7/247 kB
Progress (1): 16/247 kB 
Progress (1): 32/247 kB
Progress (1): 49/247 kB
Progress (1): 65/247 kB
Progress (1): 81/247 kB
Progress (1): 98/247 kB
Progress (1): 114/247 kB
Progress (1): 131/247 kB
Progress (1): 147/247 kB
Progress (1): 163/247 kB
Progress (1): 180/247 kB
Progress (1): 196/247 kB
Progress (1): 212/247 kB
Progress (1): 229/247 kB
Progress (1): 245/247 kB
Progress (1): 247 kB    
                    
Downloaded from central: https://repo.maven.apache.org/maven2/org/codehaus/plexus/plexus-utils/3.0.24/plexus-utils-3.0.24.jar (247 kB at 611 kB/s)
Downloading from central: https://repo.maven.apache.org/maven2/org/apache/maven/enforcer/enforcer-api/3.0.0-M1/enforcer-api-3.0.0-M1.jar
Downloading from central: https://repo.maven.apache.org/maven2/junit/junit/4.11/junit-4.11.jar
Downloading from central: https://repo.maven.apache.org/maven2/org/apache/maven/enforcer/enforcer-rules/3.0.0-M1/enforcer-rules-3.0.0-M1.jar
Downloading from central: https://repo.maven.apache.org/maven2/org/apache/maven/shared/maven-common-artifact-filters/3.0.1/maven-common-artifact-filters-3.0.1.jar
Downloading from central: https://repo.maven.apache.org/maven2/org/apache/maven/shared/maven-shared-utils/3.1.0/maven-shared-utils-3.1.0.jar
Progress (1): 7.7/12 kB
Progress (1): 12 kB    
                   
Downloaded from central: https://repo.maven.apache.org/maven2/org/apache/maven/enforcer/enforcer-api/3.0.0-M1/enforcer-api-3.0.0-M1.jar (12 kB at 52 kB/s)
Downloading from central: https://repo.maven.apache.org/maven2/org/apache/commons/commons-lang3/3.5/commons-lang3-3.5.jar
Progress (1): 7.7/480 kB
Progress (1): 16/480 kB 
Progress (1): 24/480 kB
Progress (1): 40/480 kB
Progress (1): 57/480 kB
Progress (1): 73/480 kB
Progress (1): 90/480 kB
Progress (1): 106/480 kB
Progress (1): 122/480 kB
Progress (1): 139/480 kB
Progress (1): 155/480 kB
Progress (2): 155/480 kB | 0.9/245 kB
Progress (2): 155/480 kB | 2.3/245 kB
Progress (2): 155/480 kB | 3.6/245 kB
Progress (2): 155/480 kB | 5.0/245 kB
Progress (2): 155/480 kB | 6.4/245 kB
Progress (2): 155/480 kB | 7.7/245 kB
Progress (2): 172/480 kB | 7.7/245 kB
Progress (2): 188/480 kB | 7.7/245 kB
Progress (2): 204/480 kB | 7.7/245 kB
Progress (3): 204/480 kB | 7.7/245 kB | 0.9/164 kB
Progress (3): 204/480 kB | 7.7/245 kB | 2.3/164 kB
Progress (3): 204/480 kB | 7.7/245 kB | 3.6/164 kB
Progress (3): 204/480 kB | 7.7/245 kB | 5.0/164 kB
Progress (3): 204/480 kB | 7.7/245 kB | 6.4/164 kB
Progress (3): 204/480 kB | 7.7/245 kB | 7.7/164 kB
Progress (3): 204/480 kB | 7.7/245 kB | 9.1/164 kB
Progress (3): 204/480 kB | 7.7/245 kB | 10/164 kB 
Progress (3): 204/480 kB | 7.7/245 kB | 12/164 kB
Progress (3): 221/480 kB | 7.7/245 kB | 12/164 kB
Progress (3): 221/480 kB | 7.7/245 kB | 13/164 kB
Progress (3): 221/480 kB | 7.7/245 kB | 15/164 kB
Progress (3): 221/480 kB | 7.7/245 kB | 16/164 kB
Progress (3): 221/480 kB | 7.7/245 kB | 17/164 kB
Progress (3): 221/480 kB | 7.7/245 kB | 19/164 kB
Progress (3): 221/480 kB | 7.7/245 kB | 20/164 kB
Progress (3): 237/480 kB | 7.7/245 kB | 20/164 kB
Progress (3): 237/480 kB | 7.7/245 kB | 21/164 kB
Progress (3): 237/480 kB | 7.7/245 kB | 23/164 kB
Progress (3): 237/480 kB | 7.7/245 kB | 24/164 kB
Progress (3): 253/480 kB | 7.7/245 kB | 24/164 kB
Progress (3): 270/480 kB | 7.7/245 kB | 24/164 kB
Progress (3): 286/480 kB | 7.7/245 kB | 24/164 kB
Progress (4): 286/480 kB | 7.7/245 kB | 24/164 kB | 0.9/61 kB
Progress (4): 286/480 kB | 7.7/245 kB | 24/164 kB | 2.3/61 kB
Progress (4): 286/480 kB | 7.7/245 kB | 24/164 kB | 3.6/61 kB
Progress (4): 286/480 kB | 7.7/245 kB | 24/164 kB | 5.0/61 kB
Progress (4): 286/480 kB | 7.7/245 kB | 24/164 kB | 6.4/61 kB
Progress (4): 286/480 kB | 7.7/245 kB | 24/164 kB | 7.7/61 kB
Progress (4): 286/480 kB | 7.7/245 kB | 24/164 kB | 9.1/61 kB
Progress (4): 286/480 kB | 7.7/245 kB | 24/164 kB | 10/61 kB 
Progress (4): 286/480 kB | 7.7/245 kB | 24/164 kB | 12/61 kB
Progress (4): 286/480 kB | 7.7/245 kB | 24/164 kB | 13/61 kB
Progress (4): 286/480 kB | 7.7/245 kB | 24/164 kB | 15/61 kB
Progress (4): 303/480 kB | 7.7/245 kB | 24/164 kB | 15/61 kB
Progress (4): 303/480 kB | 7.7/245 kB | 24/164 kB | 16/61 kB
Progress (4): 303/480 kB | 7.7/245 kB | 24/164 kB | 17/61 kB
Progress (4): 303/480 kB | 7.7/245 kB | 24/164 kB | 19/61 kB
Progress (4): 303/480 kB | 7.7/245 kB | 24/164 kB | 20/61 kB
Progress (4): 303/480 kB | 7.7/245 kB | 24/164 kB | 21/61 kB
Progress (4): 303/480 kB | 7.7/245 kB | 24/164 kB | 23/61 kB
Progress (4): 319/480 kB | 7.7/245 kB | 24/164 kB | 23/61 kB
Progress (4): 319/480 kB | 7.7/245 kB | 24/164 kB | 24/61 kB
Progress (4): 319/480 kB | 7.7/245 kB | 24/164 kB | 26/61 kB
Progress (4): 319/480 kB | 7.7/245 kB | 24/164 kB | 27/61 kB
Progress (4): 319/480 kB | 7.7/245 kB | 24/164 kB | 28/61 kB
Progress (4): 319/480 kB | 7.7/245 kB | 24/164 kB | 30/61 kB
Progress (4): 319/480 kB | 7.7/245 kB | 24/164 kB | 31/61 kB
Progress (4): 335/480 kB | 7.7/245 kB | 24/164 kB | 31/61 kB
Progress (4): 335/480 kB | 7.7/245 kB | 24/164 kB | 32/61 kB
Progress (4): 335/480 kB | 7.7/245 kB | 24/164 kB | 34/61 kB
Progress (4): 335/480 kB | 7.7/245 kB | 24/164 kB | 35/61 kB
Progress (4): 335/480 kB | 7.7/245 kB | 24/164 kB | 36/61 kB
Progress (4): 335/480 kB | 7.7/245 kB | 24/164 kB | 38/61 kB
Progress (4): 335/480 kB | 7.7/245 kB | 24/164 kB | 39/61 kB
Progress (4): 335/480 kB | 7.7/245 kB | 24/164 kB | 41/61 kB
Progress (4): 352/480 kB | 7.7/245 kB | 24/164 kB | 41/61 kB
Progress (4): 352/480 kB | 7.7/245 kB | 24/164 kB | 42/61 kB
Progress (4): 352/480 kB | 7.7/245 kB | 24/164 kB | 43/61 kB
Progress (4): 352/480 kB | 7.7/245 kB | 24/164 kB | 45/61 kB
Progress (4): 352/480 kB | 7.7/245 kB | 24/164 kB | 46/61 kB
Progress (4): 352/480 kB | 7.7/245 kB | 24/164 kB | 47/61 kB
Progress (4): 368/480 kB | 7.7/245 kB | 24/164 kB | 47/61 kB
Progress (4): 368/480 kB | 7.7/245 kB | 24/164 kB | 49/61 kB
Progress (4): 368/480 kB | 7.7/245 kB | 24/164 kB | 50/61 kB
Progress (4): 368/480 kB | 7.7/245 kB | 24/164 kB | 52/61 kB
Progress (5): 368/480 kB | 7.7/245 kB | 24/164 kB | 52/61 kB | 0.9/105 kB
Progress (5): 368/480 kB | 7.7/245 kB | 24/164 kB | 52/61 kB | 2.3/105 kB
Progress (5): 368/480 kB | 7.7/245 kB | 24/164 kB | 52/61 kB | 3.6/105 kB
Progress (5): 368/480 kB | 7.7/245 kB | 24/164 kB | 52/61 kB | 5.0/105 kB
Progress (5): 368/480 kB | 7.7/245 kB | 24/164 kB | 52/61 kB | 6.4/105 kB
Progress (5): 368/480 kB | 7.7/245 kB | 24/164 kB | 52/61 kB | 7.7/105 kB
Progress (5): 368/480 kB | 7.7/245 kB | 24/164 kB | 52/61 kB | 9.1/105 kB
Progress (5): 368/480 kB | 7.7/245 kB | 24/164 kB | 52/61 kB | 10/105 kB 
Progress (5): 368/480 kB | 7.7/245 kB | 24/164 kB | 52/61 kB | 12/105 kB
Progress (5): 368/480 kB | 7.7/245 kB | 24/164 kB | 53/61 kB | 12/105 kB
Progress (5): 368/480 kB | 7.7/245 kB | 24/164 kB | 54/61 kB | 12/105 kB
Progress (5): 368/480 kB | 7.7/245 kB | 24/164 kB | 54/61 kB | 13/105 kB
Progress (5): 368/480 kB | 7.7/245 kB | 24/164 kB | 54/61 kB | 15/105 kB
Progress (5): 368/480 kB | 7.7/245 kB | 24/164 kB | 56/61 kB | 15/105 kB
Progress (5): 385/480 kB | 7.7/245 kB | 24/164 kB | 56/61 kB | 15/105 kB
Progress (5): 385/480 kB | 7.7/245 kB | 24/164 kB | 56/61 kB | 16/105 kB
Progress (5): 385/480 kB | 7.7/245 kB | 24/164 kB | 56/61 kB | 17/105 kB
Progress (5): 385/480 kB | 7.7/245 kB | 24/164 kB | 60/61 kB | 17/105 kB
Progress (5): 385/480 kB | 7.7/245 kB | 24/164 kB | 60/61 kB | 19/105 kB
Progress (5): 385/480 kB | 7.7/245 kB | 24/164 kB | 60/61 kB | 20/105 kB
Progress (5): 385/480 kB | 7.7/245 kB | 24/164 kB | 61 kB | 20/105 kB   
Progress (5): 385/480 kB | 7.7/245 kB | 24/164 kB | 61 kB | 21/105 kB
Progress (5): 401/480 kB | 7.7/245 kB | 24/164 kB | 61 kB | 21/105 kB
Progress (5): 401/480 kB | 7.7/245 kB | 24/164 kB | 61 kB | 23/105 kB
                                                                     
Downloaded from central: https://repo.maven.apache.org/maven2/org/apache/maven/shared/maven-common-artifact-filters/3.0.1/maven-common-artifact-filters-3.0.1.jar (61 kB at 89 kB/s)
Downloading from central: https://repo.maven.apache.org/maven2/commons-codec/commons-codec/1.6/commons-codec-1.6.jar
Progress (4): 401/480 kB | 7.7/245 kB | 24/164 kB | 24/105 kB
Progress (4): 401/480 kB | 7.7/245 kB | 24/164 kB | 26/105 kB
Progress (4): 401/480 kB | 7.7/245 kB | 24/164 kB | 27/105 kB
Progress (4): 401/480 kB | 7.7/245 kB | 24/164 kB | 28/105 kB
Progress (4): 401/480 kB | 7.7/245 kB | 24/164 kB | 30/105 kB
Progress (4): 401/480 kB | 7.7/245 kB | 24/164 kB | 31/105 kB
Progress (4): 417/480 kB | 7.7/245 kB | 24/164 kB | 31/105 kB
Progress (4): 417/480 kB | 7.7/245 kB | 24/164 kB | 32/105 kB
Progress (4): 417/480 kB | 7.7/245 kB | 24/164 kB | 34/105 kB
Progress (4): 417/480 kB | 7.7/245 kB | 24/164 kB | 35/105 kB
Progress (4): 417/480 kB | 7.7/245 kB | 24/164 kB | 36/105 kB
Progress (4): 417/480 kB | 7.7/245 kB | 24/164 kB | 38/105 kB
Progress (4): 417/480 kB | 7.7/245 kB | 24/164 kB | 39/105 kB
Progress (4): 434/480 kB | 7.7/245 kB | 24/164 kB | 39/105 kB
Progress (4): 434/480 kB | 7.7/245 kB | 24/164 kB | 41/105 kB
Progress (4): 434/480 kB | 7.7/245 kB | 24/164 kB | 42/105 kB
Progress (4): 434/480 kB | 7.7/245 kB | 24/164 kB | 43/105 kB
Progress (4): 434/480 kB | 7.7/245 kB | 24/164 kB | 45/105 kB
Progress (4): 434/480 kB | 7.7/245 kB | 24/164 kB | 46/105 kB
Progress (4): 434/480 kB | 7.7/245 kB | 24/164 kB | 47/105 kB
Progress (4): 434/480 kB | 7.7/245 kB | 24/164 kB | 49/105 kB
Progress (4): 450/480 kB | 7.7/245 kB | 24/164 kB | 49/105 kB
Progress (4): 450/480 kB | 7.7/245 kB | 24/164 kB | 49/105 kB
Progress (4): 450/480 kB | 7.7/245 kB | 24/164 kB | 51/105 kB
Progress (4): 450/480 kB | 7.7/245 kB | 24/164 kB | 52/105 kB
Progress (4): 450/480 kB | 7.7/245 kB | 24/164 kB | 53/105 kB
Progress (4): 450/480 kB | 7.7/245 kB | 24/164 kB | 55/105 kB
Progress (4): 466/480 kB | 7.7/245 kB | 24/164 kB | 55/105 kB
Progress (4): 466/480 kB | 7.7/245 kB | 24/164 kB | 59/105 kB
Progress (4): 466/480 kB | 7.7/245 kB | 24/164 kB | 63/105 kB
Progress (4): 480 kB | 7.7/245 kB | 24/164 kB | 63/105 kB    
                                                         
Downloaded from central: https://repo.maven.apache.org/maven2/org/apache/commons/commons-lang3/3.5/commons-lang3-3.5.jar (480 kB at 658 kB/s)
Downloading from central: https://repo.maven.apache.org/maven2/org/beanshell/bsh/2.0b4/bsh-2.0b4.jar
Progress (3): 7.7/245 kB | 24/164 kB | 67/105 kB
Progress (3): 9.1/245 kB | 24/164 kB | 67/105 kB
Progress (3): 10/245 kB | 24/164 kB | 67/105 kB 
Progress (3): 12/245 kB | 24/164 kB | 67/105 kB
Progress (3): 13/245 kB | 24/164 kB | 67/105 kB
Progress (3): 15/245 kB | 24/164 kB | 67/105 kB
Progress (3): 16/245 kB | 24/164 kB | 67/105 kB
Progress (3): 17/245 kB | 24/164 kB | 67/105 kB
Progress (3): 19/245 kB | 24/164 kB | 67/105 kB
Progress (3): 20/245 kB | 24/164 kB | 67/105 kB
Progress (3): 21/245 kB | 24/164 kB | 67/105 kB
Progress (3): 23/245 kB | 24/164 kB | 67/105 kB
Progress (3): 24/245 kB | 24/164 kB | 67/105 kB
Progress (3): 26/245 kB | 24/164 kB | 67/105 kB
Progress (3): 27/245 kB | 24/164 kB | 67/105 kB
Progress (3): 28/245 kB | 24/164 kB | 67/105 kB
Progress (3): 30/245 kB | 24/164 kB | 67/105 kB
Progress (3): 31/245 kB | 24/164 kB | 67/105 kB
Progress (3): 32/245 kB | 24/164 kB | 67/105 kB
Progress (3): 34/245 kB | 24/164 kB | 67/105 kB
Progress (3): 35/245 kB | 24/164 kB | 67/105 kB
Progress (3): 36/245 kB | 24/164 kB | 67/105 kB
Progress (3): 38/245 kB | 24/164 kB | 67/105 kB
Progress (3): 39/245 kB | 24/164 kB | 67/105 kB
Progress (3): 41/245 kB | 24/164 kB | 67/105 kB
Progress (3): 42/245 kB | 24/164 kB | 67/105 kB
Progress (3): 43/245 kB | 24/164 kB | 67/105 kB
Progress (3): 45/245 kB | 24/164 kB | 67/105 kB
Progress (3): 46/245 kB | 24/164 kB | 67/105 kB
Progress (3): 47/245 kB | 24/164 kB | 67/105 kB
Progress (3): 49/245 kB | 24/164 kB | 67/105 kB
Progress (3): 50/245 kB | 24/164 kB | 67/105 kB
Progress (3): 52/245 kB | 24/164 kB | 67/105 kB
Progress (3): 53/245 kB | 24/164 kB | 67/105 kB
Progress (3): 54/245 kB | 24/164 kB | 67/105 kB
Progress (3): 56/245 kB | 24/164 kB | 67/105 kB
Progress (3): 60/245 kB | 24/164 kB | 67/105 kB
Progress (3): 64/245 kB | 24/164 kB | 67/105 kB
Progress (3): 68/245 kB | 24/164 kB | 67/105 kB
Progress (3): 73/245 kB | 24/164 kB | 67/105 kB
Progress (3): 77/245 kB | 24/164 kB | 67/105 kB
Progress (3): 81/245 kB | 24/164 kB | 67/105 kB
Progress (3): 81/245 kB | 25/164 kB | 67/105 kB
Progress (3): 81/245 kB | 27/164 kB | 67/105 kB
Progress (3): 81/245 kB | 28/164 kB | 67/105 kB
Progress (3): 81/245 kB | 30/164 kB | 67/105 kB
Progress (3): 81/245 kB | 31/164 kB | 67/105 kB
Progress (3): 81/245 kB | 32/164 kB | 67/105 kB
Progress (3): 81/245 kB | 34/164 kB | 67/105 kB
Progress (3): 81/245 kB | 35/164 kB | 67/105 kB
Progress (3): 81/245 kB | 36/164 kB | 67/105 kB
Progress (3): 81/245 kB | 38/164 kB | 67/105 kB
Progress (3): 81/245 kB | 39/164 kB | 67/105 kB
Progress (3): 81/245 kB | 41/164 kB | 67/105 kB
Progress (3): 81/245 kB | 42/164 kB | 67/105 kB
Progress (3): 81/245 kB | 43/164 kB | 67/105 kB
Progress (3): 81/245 kB | 45/164 kB | 67/105 kB
Progress (3): 81/245 kB | 46/164 kB | 67/105 kB
Progress (3): 81/245 kB | 47/164 kB | 67/105 kB
Progress (3): 81/245 kB | 49/164 kB | 67/105 kB
Progress (3): 81/245 kB | 50/164 kB | 67/105 kB
Progress (3): 81/245 kB | 51/164 kB | 67/105 kB
Progress (3): 81/245 kB | 53/164 kB | 67/105 kB
Progress (3): 81/245 kB | 54/164 kB | 67/105 kB
Progress (3): 81/245 kB | 56/164 kB | 67/105 kB
Progress (3): 81/245 kB | 60/164 kB | 67/105 kB
Progress (3): 81/245 kB | 64/164 kB | 67/105 kB
Progress (3): 81/245 kB | 68/164 kB | 67/105 kB
Progress (3): 81/245 kB | 73/164 kB | 67/105 kB
Progress (3): 81/245 kB | 77/164 kB | 67/105 kB
Progress (3): 81/245 kB | 81/164 kB | 67/105 kB
Progress (3): 81/245 kB | 85/164 kB | 67/105 kB
Progress (3): 81/245 kB | 89/164 kB | 67/105 kB
Progress (3): 81/245 kB | 94/164 kB | 67/105 kB
Progress (3): 81/245 kB | 98/164 kB | 67/105 kB
Progress (3): 81/245 kB | 102/164 kB | 67/105 kB
Progress (3): 81/245 kB | 102/164 kB | 72/105 kB
Progress (3): 81/245 kB | 102/164 kB | 76/105 kB
Progress (3): 81/245 kB | 102/164 kB | 80/105 kB
Progress (3): 81/245 kB | 102/164 kB | 84/105 kB
Progress (3): 81/245 kB | 102/164 kB | 88/105 kB
Progress (3): 81/245 kB | 102/164 kB | 93/105 kB
Progress (3): 81/245 kB | 102/164 kB | 97/105 kB
Progress (3): 81/245 kB | 102/164 kB | 98/105 kB
Progress (3): 81/245 kB | 102/164 kB | 103/105 kB
Progress (3): 81/245 kB | 102/164 kB | 105 kB    
                                             
Downloaded from central: https://repo.maven.apache.org/maven2/org/apache/maven/enforcer/enforcer-rules/3.0.0-M1/enforcer-rules-3.0.0-M1.jar (105 kB at 117 kB/s)
Downloading from central: https://repo.maven.apache.org/maven2/org/apache/maven/shared/maven-dependency-tree/2.2/maven-dependency-tree-2.2.jar
Progress (3): 81/245 kB | 102/164 kB | 3.8/233 kB
Progress (3): 81/245 kB | 102/164 kB | 8.0/233 kB
Progress (3): 81/245 kB | 102/164 kB | 12/233 kB 
Progress (3): 81/245 kB | 102/164 kB | 15/233 kB
Progress (3): 81/245 kB | 102/164 kB | 20/233 kB
Progress (3): 81/245 kB | 102/164 kB | 24/233 kB
Progress (3): 81/245 kB | 102/164 kB | 28/233 kB
Progress (3): 81/245 kB | 102/164 kB | 32/233 kB
Progress (3): 81/245 kB | 102/164 kB | 37/233 kB
Progress (3): 81/245 kB | 102/164 kB | 41/233 kB
Progress (3): 81/245 kB | 102/164 kB | 45/233 kB
Progress (4): 81/245 kB | 102/164 kB | 45/233 kB | 7.7/282 kB
Progress (4): 81/245 kB | 102/164 kB | 45/233 kB | 16/282 kB 
Progress (4): 81/245 kB | 102/164 kB | 49/233 kB | 16/282 kB
Progress (4): 81/245 kB | 102/164 kB | 49/233 kB | 24/282 kB
Progress (4): 81/245 kB | 102/164 kB | 54/233 kB | 24/282 kB
Progress (4): 81/245 kB | 102/164 kB | 54/233 kB | 40/282 kB
Progress (4): 81/245 kB | 102/164 kB | 54/233 kB | 55/282 kB
Progress (4): 81/245 kB | 102/164 kB | 58/233 kB | 55/282 kB
Progress (4): 81/245 kB | 102/164 kB | 58/233 kB | 71/282 kB
Progress (4): 81/245 kB | 102/164 kB | 62/233 kB | 71/282 kB
Progress (4): 81/245 kB | 102/164 kB | 62/233 kB | 88/282 kB
Progress (4): 81/245 kB | 102/164 kB | 66/233 kB | 88/282 kB
Progress (4): 81/245 kB | 102/164 kB | 66/233 kB | 104/282 kB
Progress (4): 85/245 kB | 102/164 kB | 66/233 kB | 104/282 kB
Progress (4): 85/245 kB | 102/164 kB | 66/233 kB | 120/282 kB
Progress (4): 89/245 kB | 102/164 kB | 66/233 kB | 120/282 kB
Progress (4): 89/245 kB | 102/164 kB | 70/233 kB | 120/282 kB
Progress (4): 89/245 kB | 102/164 kB | 70/233 kB | 137/282 kB
Progress (4): 89/245 kB | 102/164 kB | 75/233 kB | 137/282 kB
Progress (4): 94/245 kB | 102/164 kB | 75/233 kB | 137/282 kB
Progress (4): 94/245 kB | 102/164 kB | 75/233 kB | 153/282 kB
Progress (4): 98/245 kB | 102/164 kB | 75/233 kB | 153/282 kB
Progress (4): 98/245 kB | 102/164 kB | 75/233 kB | 170/282 kB
Progress (4): 102/245 kB | 102/164 kB | 75/233 kB | 170/282 kB
Progress (4): 102/245 kB | 102/164 kB | 75/233 kB | 186/282 kB
Progress (4): 106/245 kB | 102/164 kB | 75/233 kB | 186/282 kB
Progress (4): 106/245 kB | 102/164 kB | 75/233 kB | 202/282 kB
Progress (4): 111/245 kB | 102/164 kB | 75/233 kB | 202/282 kB
Progress (4): 111/245 kB | 102/164 kB | 75/233 kB | 219/282 kB
Progress (4): 111/245 kB | 102/164 kB | 75/233 kB | 235/282 kB
Progress (4): 115/245 kB | 102/164 kB | 75/233 kB | 235/282 kB
Progress (4): 115/245 kB | 102/164 kB | 75/233 kB | 251/282 kB
Progress (4): 119/245 kB | 102/164 kB | 75/233 kB | 251/282 kB
Progress (4): 119/245 kB | 102/164 kB | 75/233 kB | 268/282 kB
Progress (4): 123/245 kB | 102/164 kB | 75/233 kB | 268/282 kB
Progress (4): 123/245 kB | 102/164 kB | 75/233 kB | 282 kB    
                                                          
Downloaded from central: https://repo.maven.apache.org/maven2/org/beanshell/bsh/2.0b4/bsh-2.0b4.jar (282 kB at 285 kB/s)
Downloading from central: https://repo.maven.apache.org/maven2/org/eclipse/aether/aether-util/0.9.0.M2/aether-util-0.9.0.M2.jar
Progress (3): 128/245 kB | 102/164 kB | 75/233 kB
Progress (3): 128/245 kB | 106/164 kB | 75/233 kB
Progress (3): 131/245 kB | 106/164 kB | 75/233 kB
Progress (3): 131/245 kB | 111/164 kB | 75/233 kB
Progress (3): 135/245 kB | 111/164 kB | 75/233 kB
Progress (3): 135/245 kB | 115/164 kB | 75/233 kB
Progress (3): 139/245 kB | 115/164 kB | 75/233 kB
Progress (3): 139/245 kB | 119/164 kB | 75/233 kB
Progress (3): 143/245 kB | 119/164 kB | 75/233 kB
Progress (3): 143/245 kB | 123/164 kB | 75/233 kB
Progress (3): 147/245 kB | 123/164 kB | 75/233 kB
Progress (3): 147/245 kB | 127/164 kB | 75/233 kB
Progress (3): 152/245 kB | 127/164 kB | 75/233 kB
Progress (3): 152/245 kB | 132/164 kB | 75/233 kB
Progress (3): 156/245 kB | 132/164 kB | 75/233 kB
Progress (3): 156/245 kB | 136/164 kB | 75/233 kB
Progress (3): 156/245 kB | 140/164 kB | 75/233 kB
Progress (3): 156/245 kB | 144/164 kB | 75/233 kB
Progress (3): 156/245 kB | 149/164 kB | 75/233 kB
Progress (3): 156/245 kB | 153/164 kB | 75/233 kB
Progress (3): 156/245 kB | 155/164 kB | 75/233 kB
Progress (3): 156/245 kB | 157/164 kB | 75/233 kB
Progress (3): 156/245 kB | 161/164 kB | 75/233 kB
Progress (3): 156/245 kB | 164 kB | 75/233 kB    
                                             
Downloaded from central: https://repo.maven.apache.org/maven2/org/apache/maven/shared/maven-shared-utils/3.1.0/maven-shared-utils-3.1.0.jar (164 kB at 156 kB/s)
Downloading from central: https://repo.maven.apache.org/maven2/org/apache/maven/maven-compat/3.0/maven-compat-3.0.jar
Progress (2): 156/245 kB | 79/233 kB
Progress (2): 156/245 kB | 83/233 kB
Progress (2): 156/245 kB | 87/233 kB
Progress (2): 156/245 kB | 92/233 kB
Progress (2): 156/245 kB | 96/233 kB
Progress (2): 156/245 kB | 100/233 kB
Progress (2): 156/245 kB | 104/233 kB
Progress (2): 156/245 kB | 108/233 kB
Progress (2): 156/245 kB | 113/233 kB
Progress (2): 156/245 kB | 117/233 kB
Progress (2): 156/245 kB | 121/233 kB
Progress (2): 160/245 kB | 121/233 kB
Progress (2): 164/245 kB | 121/233 kB
Progress (2): 164/245 kB | 125/233 kB
Progress (2): 169/245 kB | 125/233 kB
Progress (2): 169/245 kB | 130/233 kB
Progress (2): 169/245 kB | 130/233 kB
Progress (2): 173/245 kB | 130/233 kB
Progress (2): 177/245 kB | 130/233 kB
Progress (2): 177/245 kB | 134/233 kB
Progress (2): 181/245 kB | 134/233 kB
Progress (3): 181/245 kB | 134/233 kB | 3.8/64 kB
Progress (3): 181/245 kB | 139/233 kB | 3.8/64 kB
Progress (3): 186/245 kB | 139/233 kB | 3.8/64 kB
Progress (3): 186/245 kB | 139/233 kB | 8.0/64 kB
Progress (3): 186/245 kB | 139/233 kB | 12/64 kB 
Progress (3): 186/245 kB | 143/233 kB | 12/64 kB
Progress (3): 190/245 kB | 143/233 kB | 12/64 kB
Progress (3): 190/245 kB | 147/233 kB | 12/64 kB
Progress (3): 194/245 kB | 147/233 kB | 12/64 kB
Progress (3): 194/245 kB | 147/233 kB | 16/64 kB
Progress (3): 194/245 kB | 147/233 kB | 21/64 kB
Progress (3): 194/245 kB | 151/233 kB | 21/64 kB
Progress (3): 194/245 kB | 156/233 kB | 21/64 kB
Progress (3): 194/245 kB | 156/233 kB | 25/64 kB
Progress (3): 194/245 kB | 156/233 kB | 29/64 kB
Progress (3): 194/245 kB | 156/233 kB | 33/64 kB
Progress (3): 194/245 kB | 156/233 kB | 38/64 kB
Progress (3): 194/245 kB | 172/233 kB | 38/64 kB
Progress (3): 194/245 kB | 172/233 kB | 42/64 kB
Progress (3): 194/245 kB | 172/233 kB | 46/64 kB
Progress (3): 194/245 kB | 172/233 kB | 50/64 kB
Progress (3): 194/245 kB | 172/233 kB | 54/64 kB
Progress (3): 194/245 kB | 188/233 kB | 54/64 kB
Progress (3): 194/245 kB | 188/233 kB | 59/64 kB
Progress (3): 194/245 kB | 188/233 kB | 63/64 kB
Progress (3): 194/245 kB | 188/233 kB | 64 kB   
                                             
Downloaded from central: https://repo.maven.apache.org/maven2/org/apache/maven/shared/maven-dependency-tree/2.2/maven-dependency-tree-2.2.jar (64 kB at 53 kB/s)
Progress (2): 194/245 kB | 205/233 kB
Progress (2): 194/245 kB | 221/233 kB
Progress (2): 194/245 kB | 233 kB    
                                 
Downloaded from central: https://repo.maven.apache.org/maven2/commons-codec/commons-codec/1.6/commons-codec-1.6.jar (233 kB at 188 kB/s)
Progress (2): 194/245 kB | 3.8/285 kB
Progress (2): 194/245 kB | 7.3/285 kB
Progress (2): 194/245 kB | 12/285 kB 
Progress (2): 194/245 kB | 16/285 kB
Progress (3): 194/245 kB | 16/285 kB | 7.7/134 kB
Progress (3): 194/245 kB | 16/285 kB | 7.7/134 kB
Progress (3): 194/245 kB | 20/285 kB | 7.7/134 kB
Progress (3): 194/245 kB | 20/285 kB | 24/134 kB 
Progress (3): 194/245 kB | 20/285 kB | 40/134 kB
Progress (3): 194/245 kB | 24/285 kB | 40/134 kB
Progress (3): 194/245 kB | 24/285 kB | 57/134 kB
Progress (3): 194/245 kB | 24/285 kB | 73/134 kB
Progress (3): 194/245 kB | 24/285 kB | 90/134 kB
Progress (3): 194/245 kB | 24/285 kB | 106/134 kB
Progress (3): 194/245 kB | 24/285 kB | 122/134 kB
Progress (3): 194/245 kB | 24/285 kB | 134 kB    
                                             
Downloaded from central: https://repo.maven.apache.org/maven2/org/eclipse/aether/aether-util/0.9.0.M2/aether-util-0.9.0.M2.jar (134 kB at 104 kB/s)
Progress (2): 198/245 kB | 24/285 kB
Progress (2): 202/245 kB | 24/285 kB
Progress (2): 207/245 kB | 24/285 kB
Progress (2): 211/245 kB | 24/285 kB
Progress (2): 215/245 kB | 24/285 kB
Progress (2): 219/245 kB | 24/285 kB
Progress (2): 224/245 kB | 24/285 kB
Progress (2): 240/245 kB | 24/285 kB
Progress (2): 245 kB | 24/285 kB    
                                
Downloaded from central: https://repo.maven.apache.org/maven2/junit/junit/4.11/junit-4.11.jar (245 kB at 175 kB/s)
Progress (1): 28/285 kB
Progress (1): 33/285 kB
Progress (1): 37/285 kB
Progress (1): 41/285 kB
Progress (1): 45/285 kB
Progress (1): 50/285 kB
Progress (1): 54/285 kB
Progress (1): 58/285 kB
Progress (1): 65/285 kB
Progress (1): 81/285 kB
Progress (1): 97/285 kB
Progress (1): 114/285 kB
Progress (1): 130/285 kB
Progress (1): 131/285 kB
Progress (1): 147/285 kB
Progress (1): 164/285 kB
Progress (1): 180/285 kB
Progress (1): 197/285 kB
Progress (1): 213/285 kB
Progress (1): 229/285 kB
Progress (1): 246/285 kB
Progress (1): 262/285 kB
Progress (1): 279/285 kB
Progress (1): 285 kB    
                    
Downloaded from central: https://repo.maven.apache.org/maven2/org/apache/maven/maven-compat/3.0/maven-compat-3.0.jar (285 kB at 176 kB/s)
[INFO] 
[INFO] --- enforcer:3.0.0-M1:enforce (enforce-properties) @ jackson-core ---
[INFO] 
[INFO] --- jacoco:0.8.4:prepare-agent (default) @ jackson-core ---
Downloading from central: https://repo.maven.apache.org/maven2/org/codehaus/plexus/plexus-component-annotations/1.5.4/plexus-component-annotations-1.5.4.pom
Progress (1): 815 B
                   
Downloaded from central: https://repo.maven.apache.org/maven2/org/codehaus/plexus/plexus-component-annotations/1.5.4/plexus-component-annotations-1.5.4.pom (815 B at 4.0 kB/s)
Downloading from central: https://repo.maven.apache.org/maven2/org/apache/maven/shared/file-management/1.2.1/file-management-1.2.1.pom
Progress (1): 788 B
Progress (1): 2.4 kB
Progress (1): 3.9 kB
                    
Downloaded from central: https://repo.maven.apache.org/maven2/org/apache/maven/shared/file-management/1.2.1/file-management-1.2.1.pom (3.9 kB at 19 kB/s)
Downloading from central: https://repo.maven.apache.org/maven2/org/apache/maven/shared/maven-shared-components/10/maven-shared-components-10.pom
Progress (1): 776 B
Progress (1): 2.9 kB
Progress (1): 6.6 kB
Progress (1): 8.4 kB
                    
Downloaded from central: https://repo.maven.apache.org/maven2/org/apache/maven/shared/maven-shared-components/10/maven-shared-components-10.pom (8.4 kB at 41 kB/s)
Downloading from central: https://repo.maven.apache.org/maven2/org/apache/maven/maven-parent/9/maven-parent-9.pom
Progress (1): 725 B
Progress (1): 1.9 kB
Progress (1): 6.2 kB
Progress (1): 11 kB 
Progress (1): 14 kB
Progress (1): 16 kB
Progress (1): 21 kB
Progress (1): 24 kB
Progress (1): 30 kB
Progress (1): 33 kB
                   
Downloaded from central: https://repo.maven.apache.org/maven2/org/apache/maven/maven-parent/9/maven-parent-9.pom (33 kB at 156 kB/s)
Downloading from central: https://repo.maven.apache.org/maven2/org/apache/maven/maven-plugin-api/2.0.6/maven-plugin-api-2.0.6.pom
Progress (1): 847 B
Progress (1): 1.5 kB
                    
Downloaded from central: https://repo.maven.apache.org/maven2/org/apache/maven/maven-plugin-api/2.0.6/maven-plugin-api-2.0.6.pom (1.5 kB at 6.9 kB/s)
Downloading from central: https://repo.maven.apache.org/maven2/org/apache/maven/maven/2.0.6/maven-2.0.6.pom
Progress (1): 782 B
Progress (1): 2.0 kB
Progress (1): 4.4 kB
Progress (1): 9.0 kB
                    
Downloaded from central: https://repo.maven.apache.org/maven2/org/apache/maven/maven/2.0.6/maven-2.0.6.pom (9.0 kB at 44 kB/s)
Downloading from central: https://repo.maven.apache.org/maven2/org/apache/maven/maven-parent/5/maven-parent-5.pom
Progress (1): 755 B
Progress (1): 2.1 kB
Progress (1): 5.4 kB
Progress (1): 9.1 kB
Progress (1): 12 kB 
Progress (1): 15 kB
                   
Downloaded from central: https://repo.maven.apache.org/maven2/org/apache/maven/maven-parent/5/maven-parent-5.pom (15 kB at 74 kB/s)
Downloading from central: https://repo.maven.apache.org/maven2/org/apache/apache/3/apache-3.pom
Progress (1): 812 B
Progress (1): 2.3 kB
Progress (1): 3.4 kB
                    
Downloaded from central: https://repo.maven.apache.org/maven2/org/apache/apache/3/apache-3.pom (3.4 kB at 16 kB/s)
Downloading from central: https://repo.maven.apache.org/maven2/org/apache/maven/shared/maven-shared-io/1.1/maven-shared-io-1.1.pom
Progress (1): 813 B
Progress (1): 2.9 kB
Progress (1): 4.1 kB
                    
Downloaded from central: https://repo.maven.apache.org/maven2/org/apache/maven/shared/maven-shared-io/1.1/maven-shared-io-1.1.pom (4.1 kB at 20 kB/s)
Downloading from central: https://repo.maven.apache.org/maven2/org/apache/maven/shared/maven-shared-components/8/maven-shared-components-8.pom
Progress (1): 1.4 kB
Progress (1): 2.7 kB
                    
Downloaded from central: https://repo.maven.apache.org/maven2/org/apache/maven/shared/maven-shared-components/8/maven-shared-components-8.pom (2.7 kB at 12 kB/s)
Downloading from central: https://repo.maven.apache.org/maven2/org/apache/maven/maven-parent/7/maven-parent-7.pom
Progress (1): 751 B
Progress (1): 2.0 kB
Progress (1): 4.5 kB
Progress (1): 8.0 kB
Progress (1): 12 kB 
Progress (1): 16 kB
Progress (1): 20 kB
Progress (1): 21 kB
                   
Downloaded from central: https://repo.maven.apache.org/maven2/org/apache/maven/maven-parent/7/maven-parent-7.pom (21 kB at 103 kB/s)
Downloading from central: https://repo.maven.apache.org/maven2/org/apache/maven/maven-artifact/2.0.2/maven-artifact-2.0.2.pom
Progress (1): 765 B
                   
Downloaded from central: https://repo.maven.apache.org/maven2/org/apache/maven/maven-artifact/2.0.2/maven-artifact-2.0.2.pom (765 B at 3.8 kB/s)
Downloading from central: https://repo.maven.apache.org/maven2/org/apache/maven/maven/2.0.2/maven-2.0.2.pom
Progress (1): 903 B
Progress (1): 3.6 kB
Progress (1): 9.7 kB
Progress (1): 13 kB 
Progress (1): 13 kB
                   
Downloaded from central: https://repo.maven.apache.org/maven2/org/apache/maven/maven/2.0.2/maven-2.0.2.pom (13 kB at 63 kB/s)
Downloading from central: https://repo.maven.apache.org/maven2/org/codehaus/plexus/plexus-utils/1.1/plexus-utils-1.1.pom
Progress (1): 767 B
                   
Downloaded from central: https://repo.maven.apache.org/maven2/org/codehaus/plexus/plexus-utils/1.1/plexus-utils-1.1.pom (767 B at 3.6 kB/s)
Downloading from central: https://repo.maven.apache.org/maven2/org/apache/maven/maven-artifact-manager/2.0.2/maven-artifact-manager-2.0.2.pom
Progress (1): 1.4 kB
                    
Downloaded from central: https://repo.maven.apache.org/maven2/org/apache/maven/maven-artifact-manager/2.0.2/maven-artifact-manager-2.0.2.pom (1.4 kB at 6.8 kB/s)
Downloading from central: https://repo.maven.apache.org/maven2/org/apache/maven/maven-repository-metadata/2.0.2/maven-repository-metadata-2.0.2.pom
Progress (1): 1.3 kB
                    
Downloaded from central: https://repo.maven.apache.org/maven2/org/apache/maven/maven-repository-metadata/2.0.2/maven-repository-metadata-2.0.2.pom (1.3 kB at 6.4 kB/s)
Downloading from central: https://repo.maven.apache.org/maven2/org/apache/maven/wagon/wagon-provider-api/1.0-alpha-6/wagon-provider-api-1.0-alpha-6.pom
Progress (1): 588 B
                   
Downloaded from central: https://repo.maven.apache.org/maven2/org/apache/maven/wagon/wagon-provider-api/1.0-alpha-6/wagon-provider-api-1.0-alpha-6.pom (588 B at 2.9 kB/s)
Downloading from central: https://repo.maven.apache.org/maven2/org/apache/maven/wagon/wagon/1.0-alpha-6/wagon-1.0-alpha-6.pom
Progress (1): 1.2 kB
Progress (1): 4.8 kB
Progress (1): 6.4 kB
                    
Downloaded from central: https://repo.maven.apache.org/maven2/org/apache/maven/wagon/wagon/1.0-alpha-6/wagon-1.0-alpha-6.pom (6.4 kB at 32 kB/s)
Downloading from central: https://repo.maven.apache.org/maven2/org/codehaus/plexus/plexus-utils/1.4.6/plexus-utils-1.4.6.pom
Progress (1): 1.2 kB
Progress (1): 2.3 kB
                    
Downloaded from central: https://repo.maven.apache.org/maven2/org/codehaus/plexus/plexus-utils/1.4.6/plexus-utils-1.4.6.pom (2.3 kB at 11 kB/s)
Downloading from central: https://repo.maven.apache.org/maven2/org/codehaus/plexus/plexus-utils/1.5.6/plexus-utils-1.5.6.pom
Progress (1): 1.4 kB
Progress (1): 4.4 kB
Progress (1): 5.3 kB
                    
Downloaded from central: https://repo.maven.apache.org/maven2/org/codehaus/plexus/plexus-utils/1.5.6/plexus-utils-1.5.6.pom (5.3 kB at 26 kB/s)
Downloading from central: https://repo.maven.apache.org/maven2/org/codehaus/plexus/plexus/1.0.12/plexus-1.0.12.pom
Progress (1): 1.2 kB
Progress (1): 4.1 kB
Progress (1): 7.3 kB
Progress (1): 9.8 kB
Progress (1): 9.8 kB
                    
Downloaded from central: https://repo.maven.apache.org/maven2/org/codehaus/plexus/plexus/1.0.12/plexus-1.0.12.pom (9.8 kB at 47 kB/s)
Downloading from central: https://repo.maven.apache.org/maven2/org/apache/maven/reporting/maven-reporting-impl/2.1/maven-reporting-impl-2.1.pom
Progress (1): 797 B
Progress (1): 2.3 kB
Progress (1): 4.5 kB
                    
Downloaded from central: https://repo.maven.apache.org/maven2/org/apache/maven/reporting/maven-reporting-impl/2.1/maven-reporting-impl-2.1.pom (4.5 kB at 21 kB/s)
Downloading from central: https://repo.maven.apache.org/maven2/org/apache/maven/maven-project/2.0.10/maven-project-2.0.10.pom
Progress (1): 822 B
Progress (1): 2.8 kB
                    
Downloaded from central: https://repo.maven.apache.org/maven2/org/apache/maven/maven-project/2.0.10/maven-project-2.0.10.pom (2.8 kB at 14 kB/s)
Downloading from central: https://repo.maven.apache.org/maven2/org/apache/maven/maven/2.0.10/maven-2.0.10.pom
Progress (1): 743 B
Progress (1): 1.9 kB
Progress (1): 5.9 kB
Progress (1): 9.2 kB
Progress (1): 12 kB 
Progress (1): 17 kB
Progress (1): 21 kB
Progress (1): 24 kB
                   
Downloaded from central: https://repo.maven.apache.org/maven2/org/apache/maven/maven/2.0.10/maven-2.0.10.pom (24 kB at 119 kB/s)
Downloading from central: https://repo.maven.apache.org/maven2/org/apache/maven/maven-settings/2.0.10/maven-settings-2.0.10.pom
Progress (1): 823 B
Progress (1): 2.2 kB
                    
Downloaded from central: https://repo.maven.apache.org/maven2/org/apache/maven/maven-settings/2.0.10/maven-settings-2.0.10.pom (2.2 kB at 11 kB/s)
Downloading from central: https://repo.maven.apache.org/maven2/org/apache/maven/maven-model/2.0.10/maven-model-2.0.10.pom
Progress (1): 793 B
Progress (1): 3.1 kB
Progress (1): 3.3 kB
                    
Downloaded from central: https://repo.maven.apache.org/maven2/org/apache/maven/maven-model/2.0.10/maven-model-2.0.10.pom (3.3 kB at 16 kB/s)
Downloading from central: https://repo.maven.apache.org/maven2/org/codehaus/plexus/plexus-interpolation/1.1/plexus-interpolation-1.1.pom
Progress (1): 1.4 kB
                    
Downloaded from central: https://repo.maven.apache.org/maven2/org/codehaus/plexus/plexus-interpolation/1.1/plexus-interpolation-1.1.pom (1.4 kB at 6.8 kB/s)
Downloading from central: https://repo.maven.apache.org/maven2/org/apache/maven/maven-profile/2.0.10/maven-profile-2.0.10.pom
Progress (1): 823 B
Progress (1): 2.1 kB
                    
Downloaded from central: https://repo.maven.apache.org/maven2/org/apache/maven/maven-profile/2.0.10/maven-profile-2.0.10.pom (2.1 kB at 10 kB/s)
Downloading from central: https://repo.maven.apache.org/maven2/org/apache/maven/maven-artifact-manager/2.0.10/maven-artifact-manager-2.0.10.pom
Progress (1): 818 B
Progress (1): 2.7 kB
                    
Downloaded from central: https://repo.maven.apache.org/maven2/org/apache/maven/maven-artifact-manager/2.0.10/maven-artifact-manager-2.0.10.pom (2.7 kB at 13 kB/s)
Downloading from central: https://repo.maven.apache.org/maven2/org/apache/maven/maven-repository-metadata/2.0.10/maven-repository-metadata-2.0.10.pom
Progress (1): 822 B
Progress (1): 2.3 kB
                    
Downloaded from central: https://repo.maven.apache.org/maven2/org/apache/maven/maven-repository-metadata/2.0.10/maven-repository-metadata-2.0.10.pom (2.3 kB at 11 kB/s)
Downloading from central: https://repo.maven.apache.org/maven2/org/apache/maven/maven-artifact/2.0.10/maven-artifact-2.0.10.pom
Progress (1): 834 B
Progress (1): 1.6 kB
                    
Downloaded from central: https://repo.maven.apache.org/maven2/org/apache/maven/maven-artifact/2.0.10/maven-artifact-2.0.10.pom (1.6 kB at 8.0 kB/s)
Downloading from central: https://repo.maven.apache.org/maven2/org/apache/maven/maven-plugin-registry/2.0.10/maven-plugin-registry-2.0.10.pom
Progress (1): 827 B
Progress (1): 2.0 kB
                    
Downloaded from central: https://repo.maven.apache.org/maven2/org/apache/maven/maven-plugin-registry/2.0.10/maven-plugin-registry-2.0.10.pom (2.0 kB at 9.8 kB/s)
Downloading from central: https://repo.maven.apache.org/maven2/org/apache/maven/maven-plugin-api/2.0.10/maven-plugin-api-2.0.10.pom
Progress (1): 837 B
Progress (1): 1.5 kB
                    
Downloaded from central: https://repo.maven.apache.org/maven2/org/apache/maven/maven-plugin-api/2.0.10/maven-plugin-api-2.0.10.pom (1.5 kB at 7.5 kB/s)
Downloading from central: https://repo.maven.apache.org/maven2/org/apache/maven/doxia/doxia-sink-api/1.1.2/doxia-sink-api-1.1.2.pom
Progress (1): 834 B
Progress (1): 1.6 kB
                    
Downloaded from central: https://repo.maven.apache.org/maven2/org/apache/maven/doxia/doxia-sink-api/1.1.2/doxia-sink-api-1.1.2.pom (1.6 kB at 7.8 kB/s)
Downloading from central: https://repo.maven.apache.org/maven2/org/apache/maven/doxia/doxia/1.1.2/doxia-1.1.2.pom
Progress (1): 753 B
Progress (1): 2.1 kB
Progress (1): 5.3 kB
Progress (1): 11 kB 
Progress (1): 14 kB
Progress (1): 18 kB
                   
Downloaded from central: https://repo.maven.apache.org/maven2/org/apache/maven/doxia/doxia/1.1.2/doxia-1.1.2.pom (18 kB at 87 kB/s)
Downloading from central: https://repo.maven.apache.org/maven2/org/apache/maven/doxia/doxia-logging-api/1.1.2/doxia-logging-api-1.1.2.pom
Progress (1): 835 B
Progress (1): 1.6 kB
                    
Downloaded from central: https://repo.maven.apache.org/maven2/org/apache/maven/doxia/doxia-logging-api/1.1.2/doxia-logging-api-1.1.2.pom (1.6 kB at 7.8 kB/s)
Downloading from central: https://repo.maven.apache.org/maven2/org/apache/maven/doxia/doxia-core/1.1.2/doxia-core-1.1.2.pom
Progress (1): 799 B
Progress (1): 3.0 kB
Progress (1): 3.7 kB
                    
Downloaded from central: https://repo.maven.apache.org/maven2/org/apache/maven/doxia/doxia-core/1.1.2/doxia-core-1.1.2.pom (3.7 kB at 18 kB/s)
Downloading from central: https://repo.maven.apache.org/maven2/org/codehaus/plexus/plexus-utils/1.5.12/plexus-utils-1.5.12.pom
Progress (1): 1.0 kB
Progress (1): 3.7 kB
Progress (1): 5.6 kB
                    
Downloaded from central: https://repo.maven.apache.org/maven2/org/codehaus/plexus/plexus-utils/1.5.12/plexus-utils-1.5.12.pom (5.6 kB at 28 kB/s)
Downloading from central: https://repo.maven.apache.org/maven2/xerces/xercesImpl/2.8.1/xercesImpl-2.8.1.pom
Progress (1): 996 B
Progress (1): 2.2 kB
                    
Downloaded from central: https://repo.maven.apache.org/maven2/xerces/xercesImpl/2.8.1/xercesImpl-2.8.1.pom (2.2 kB at 11 kB/s)
Downloading from central: https://repo.maven.apache.org/maven2/xml-apis/xml-apis/1.3.03/xml-apis-1.3.03.pom
Progress (1): 738 B
                   
Downloaded from central: https://repo.maven.apache.org/maven2/xml-apis/xml-apis/1.3.03/xml-apis-1.3.03.pom (738 B at 3.6 kB/s)
Downloading from central: https://repo.maven.apache.org/maven2/org/apache/apache/1/apache-1.pom
Progress (1): 817 B
Progress (1): 2.3 kB
Progress (1): 3.4 kB
                    
Downloaded from central: https://repo.maven.apache.org/maven2/org/apache/apache/1/apache-1.pom (3.4 kB at 16 kB/s)
Downloading from central: https://repo.maven.apache.org/maven2/commons-lang/commons-lang/2.4/commons-lang-2.4.pom
Progress (1): 791 B
Progress (1): 2.2 kB
Progress (1): 6.1 kB
Progress (1): 10 kB 
Progress (1): 13 kB
Progress (1): 14 kB
                   
Downloaded from central: https://repo.maven.apache.org/maven2/commons-lang/commons-lang/2.4/commons-lang-2.4.pom (14 kB at 68 kB/s)
Downloading from central: https://repo.maven.apache.org/maven2/org/apache/commons/commons-parent/9/commons-parent-9.pom
Progress (1): 1.1 kB
Progress (1): 2.7 kB
Progress (1): 7.5 kB
Progress (1): 10 kB 
Progress (1): 13 kB
Progress (1): 19 kB
Progress (1): 22 kB
                   
Downloaded from central: https://repo.maven.apache.org/maven2/org/apache/commons/commons-parent/9/commons-parent-9.pom (22 kB at 106 kB/s)
Downloading from central: https://repo.maven.apache.org/maven2/commons-httpclient/commons-httpclient/3.1/commons-httpclient-3.1.pom
Progress (1): 962 B
Progress (1): 4.0 kB
Progress (1): 6.4 kB
Progress (1): 7.8 kB
                    
Downloaded from central: https://repo.maven.apache.org/maven2/commons-httpclient/commons-httpclient/3.1/commons-httpclient-3.1.pom (7.8 kB at 38 kB/s)
Downloading from central: https://repo.maven.apache.org/maven2/commons-logging/commons-logging/1.0.4/commons-logging-1.0.4.pom
Progress (1): 1.5 kB
Progress (1): 4.1 kB
Progress (1): 5.3 kB
                    
Downloaded from central: https://repo.maven.apache.org/maven2/commons-logging/commons-logging/1.0.4/commons-logging-1.0.4.pom (5.3 kB at 25 kB/s)
Downloading from central: https://repo.maven.apache.org/maven2/commons-codec/commons-codec/1.2/commons-codec-1.2.pom
Progress (1): 993 B
Progress (1): 2.9 kB
Progress (1): 3.8 kB
                    
Downloaded from central: https://repo.maven.apache.org/maven2/commons-codec/commons-codec/1.2/commons-codec-1.2.pom (3.8 kB at 19 kB/s)
Downloading from central: https://repo.maven.apache.org/maven2/org/apache/maven/doxia/doxia-site-renderer/1.1.2/doxia-site-renderer-1.1.2.pom
Progress (1): 785 B
Progress (1): 2.6 kB
Progress (1): 6.1 kB
                    
Downloaded from central: https://repo.maven.apache.org/maven2/org/apache/maven/doxia/doxia-site-renderer/1.1.2/doxia-site-renderer-1.1.2.pom (6.1 kB at 30 kB/s)
Downloading from central: https://repo.maven.apache.org/maven2/org/apache/maven/doxia/doxia-sitetools/1.1.2/doxia-sitetools-1.1.2.pom
Progress (1): 747 B
Progress (1): 2.2 kB
Progress (1): 5.4 kB
Progress (1): 9.7 kB
Progress (1): 13 kB 
Progress (1): 15 kB
                   
Downloaded from central: https://repo.maven.apache.org/maven2/org/apache/maven/doxia/doxia-sitetools/1.1.2/doxia-sitetools-1.1.2.pom (15 kB at 72 kB/s)
Downloading from central: https://repo.maven.apache.org/maven2/org/apache/maven/doxia/doxia-decoration-model/1.1.2/doxia-decoration-model-1.1.2.pom
Progress (1): 818 B
Progress (1): 2.5 kB
Progress (1): 3.0 kB
                    
Downloaded from central: https://repo.maven.apache.org/maven2/org/apache/maven/doxia/doxia-decoration-model/1.1.2/doxia-decoration-model-1.1.2.pom (3.0 kB at 14 kB/s)
Downloading from central: https://repo.maven.apache.org/maven2/org/apache/maven/doxia/doxia-module-xhtml/1.1.2/doxia-module-xhtml-1.1.2.pom
Progress (1): 832 B
Progress (1): 1.6 kB
                    
Downloaded from central: https://repo.maven.apache.org/maven2/org/apache/maven/doxia/doxia-module-xhtml/1.1.2/doxia-module-xhtml-1.1.2.pom (1.6 kB at 7.7 kB/s)
Downloading from central: https://repo.maven.apache.org/maven2/org/apache/maven/doxia/doxia-modules/1.1.2/doxia-modules-1.1.2.pom
Progress (1): 819 B
Progress (1): 2.4 kB
                    
Downloaded from central: https://repo.maven.apache.org/maven2/org/apache/maven/doxia/doxia-modules/1.1.2/doxia-modules-1.1.2.pom (2.4 kB at 11 kB/s)
Downloading from central: https://repo.maven.apache.org/maven2/org/apache/maven/doxia/doxia-module-fml/1.1.2/doxia-module-fml-1.1.2.pom
Progress (1): 785 B
Progress (1): 2.4 kB
Progress (1): 5.1 kB
Progress (1): 5.5 kB
                    
Downloaded from central: https://repo.maven.apache.org/maven2/org/apache/maven/doxia/doxia-module-fml/1.1.2/doxia-module-fml-1.1.2.pom (5.5 kB at 27 kB/s)
Downloading from central: https://repo.maven.apache.org/maven2/commons-collections/commons-collections/3.2.2/commons-collections-3.2.2.pom
Progress (1): 785 B
Progress (1): 2.4 kB
Progress (1): 5.9 kB
Progress (1): 9.5 kB
Progress (1): 11 kB 
Progress (1): 12 kB
                   
Downloaded from central: https://repo.maven.apache.org/maven2/commons-collections/commons-collections/3.2.2/commons-collections-3.2.2.pom (12 kB at 61 kB/s)
Downloading from central: https://repo.maven.apache.org/maven2/commons-validator/commons-validator/1.2.0/commons-validator-1.2.0.pom
Progress (1): 1.2 kB
Progress (1): 4.3 kB
Progress (1): 6.4 kB
Progress (1): 9.1 kB
                    
Downloaded from central: https://repo.maven.apache.org/maven2/commons-validator/commons-validator/1.2.0/commons-validator-1.2.0.pom (9.1 kB at 44 kB/s)
Downloading from central: https://repo.maven.apache.org/maven2/commons-beanutils/commons-beanutils/1.7.0/commons-beanutils-1.7.0.pom
Progress (1): 357 B
                   
Downloaded from central: https://repo.maven.apache.org/maven2/commons-beanutils/commons-beanutils/1.7.0/commons-beanutils-1.7.0.pom (357 B at 1.7 kB/s)
Downloading from central: https://repo.maven.apache.org/maven2/commons-logging/commons-logging/1.0.3/commons-logging-1.0.3.pom
Progress (1): 866 B
                   
Downloaded from central: https://repo.maven.apache.org/maven2/commons-logging/commons-logging/1.0.3/commons-logging-1.0.3.pom (866 B at 4.2 kB/s)
Downloading from central: https://repo.maven.apache.org/maven2/commons-digester/commons-digester/1.6/commons-digester-1.6.pom
Progress (1): 974 B
                   
Downloaded from central: https://repo.maven.apache.org/maven2/commons-digester/commons-digester/1.6/commons-digester-1.6.pom (974 B at 4.8 kB/s)
Downloading from central: https://repo.maven.apache.org/maven2/commons-beanutils/commons-beanutils/1.6/commons-beanutils-1.6.pom
Progress (1): 1.9 kB
Progress (1): 2.3 kB
                    
Downloaded from central: https://repo.maven.apache.org/maven2/commons-beanutils/commons-beanutils/1.6/commons-beanutils-1.6.pom (2.3 kB at 11 kB/s)
Downloading from central: https://repo.maven.apache.org/maven2/commons-logging/commons-logging/1.0/commons-logging-1.0.pom
Progress (1): 163 B
                   
Downloaded from central: https://repo.maven.apache.org/maven2/commons-logging/commons-logging/1.0/commons-logging-1.0.pom (163 B at 799 B/s)
Downloading from central: https://repo.maven.apache.org/maven2/xml-apis/xml-apis/1.0.b2/xml-apis-1.0.b2.pom
Progress (1): 955 B
Progress (1): 2.2 kB
                    
Downloaded from central: https://repo.maven.apache.org/maven2/xml-apis/xml-apis/1.0.b2/xml-apis-1.0.b2.pom (2.2 kB at 11 kB/s)
Downloading from central: https://repo.maven.apache.org/maven2/xml-apis/xml-apis/2.0.2/xml-apis-2.0.2.pom
Progress (1): 346 B
                   
Downloaded from central: https://repo.maven.apache.org/maven2/xml-apis/xml-apis/2.0.2/xml-apis-2.0.2.pom (346 B at 1.7 kB/s)
Downloading from central: https://repo.maven.apache.org/maven2/org/jacoco/org.jacoco.agent/0.8.4/org.jacoco.agent-0.8.4.pom
Progress (1): 858 B
Progress (1): 3.4 kB
Progress (1): 3.5 kB
                    
Downloaded from central: https://repo.maven.apache.org/maven2/org/jacoco/org.jacoco.agent/0.8.4/org.jacoco.agent-0.8.4.pom (3.5 kB at 17 kB/s)
Downloading from central: https://repo.maven.apache.org/maven2/org/jacoco/org.jacoco.core/0.8.4/org.jacoco.core-0.8.4.pom
Progress (1): 910 B
Progress (1): 2.1 kB
                    
Downloaded from central: https://repo.maven.apache.org/maven2/org/jacoco/org.jacoco.core/0.8.4/org.jacoco.core-0.8.4.pom (2.1 kB at 10 kB/s)
Downloading from central: https://repo.maven.apache.org/maven2/org/ow2/asm/asm/7.1/asm-7.1.pom
Progress (1): 1.2 kB
Progress (1): 2.9 kB
                    
Downloaded from central: https://repo.maven.apache.org/maven2/org/ow2/asm/asm/7.1/asm-7.1.pom (2.9 kB at 14 kB/s)
Downloading from central: https://repo.maven.apache.org/maven2/org/ow2/asm/asm-commons/7.1/asm-commons-7.1.pom
Progress (1): 1.1 kB
Progress (1): 3.7 kB
                    
Downloaded from central: https://repo.maven.apache.org/maven2/org/ow2/asm/asm-commons/7.1/asm-commons-7.1.pom (3.7 kB at 18 kB/s)
Downloading from central: https://repo.maven.apache.org/maven2/org/ow2/asm/asm-tree/7.1/asm-tree-7.1.pom
Progress (1): 1.2 kB
Progress (1): 3.1 kB
                    
Downloaded from central: https://repo.maven.apache.org/maven2/org/ow2/asm/asm-tree/7.1/asm-tree-7.1.pom (3.1 kB at 15 kB/s)
Downloading from central: https://repo.maven.apache.org/maven2/org/ow2/asm/asm-analysis/7.1/asm-analysis-7.1.pom
Progress (1): 1.2 kB
Progress (1): 3.2 kB
                    
Downloaded from central: https://repo.maven.apache.org/maven2/org/ow2/asm/asm-analysis/7.1/asm-analysis-7.1.pom (3.2 kB at 15 kB/s)
Downloading from central: https://repo.maven.apache.org/maven2/org/jacoco/org.jacoco.report/0.8.4/org.jacoco.report-0.8.4.pom
Progress (1): 912 B
Progress (1): 1.9 kB
                    
Downloaded from central: https://repo.maven.apache.org/maven2/org/jacoco/org.jacoco.report/0.8.4/org.jacoco.report-0.8.4.pom (1.9 kB at 9.2 kB/s)
Downloading from central: https://repo.maven.apache.org/maven2/org/codehaus/plexus/plexus-utils/3.0.22/plexus-utils-3.0.22.jar
Progress (1): 3.2/245 kB
Progress (1): 11/245 kB 
Progress (1): 28/245 kB
Progress (1): 44/245 kB
Progress (1): 61/245 kB
Progress (1): 77/245 kB
Progress (1): 93/245 kB
Progress (1): 110/245 kB
Progress (1): 126/245 kB
Progress (1): 131/245 kB
Progress (1): 147/245 kB
Progress (1): 164/245 kB
Progress (1): 180/245 kB
Progress (1): 197/245 kB
Progress (1): 213/245 kB
Progress (1): 229/245 kB
Progress (1): 245 kB    
                    
Downloaded from central: https://repo.maven.apache.org/maven2/org/codehaus/plexus/plexus-utils/3.0.22/plexus-utils-3.0.22.jar (245 kB at 782 kB/s)
Downloading from central: https://repo.maven.apache.org/maven2/org/apache/maven/shared/file-management/1.2.1/file-management-1.2.1.jar
Downloading from central: https://repo.maven.apache.org/maven2/org/apache/maven/shared/maven-shared-io/1.1/maven-shared-io-1.1.jar
Downloading from central: https://repo.maven.apache.org/maven2/org/apache/maven/maven-artifact-manager/2.0.2/maven-artifact-manager-2.0.2.jar
Downloading from central: https://repo.maven.apache.org/maven2/org/apache/maven/wagon/wagon-provider-api/1.0-alpha-6/wagon-provider-api-1.0-alpha-6.jar
Downloading from central: https://repo.maven.apache.org/maven2/org/apache/maven/reporting/maven-reporting-impl/2.1/maven-reporting-impl-2.1.jar
Progress (1): 7.7/38 kB
Progress (1): 16/38 kB 
Progress (1): 25/38 kB
Progress (1): 38 kB   
                   
Downloaded from central: https://repo.maven.apache.org/maven2/org/apache/maven/shared/file-management/1.2.1/file-management-1.2.1.jar (38 kB at 170 kB/s)
Downloading from central: https://repo.maven.apache.org/maven2/org/apache/maven/maven-project/2.0.10/maven-project-2.0.10.jar
Progress (1): 7.7/49 kB
Progress (1): 7.7/49 kB
Progress (1): 24/49 kB 
Progress (1): 40/49 kB
Progress (1): 49 kB   
                   
Downloaded from central: https://repo.maven.apache.org/maven2/org/apache/maven/maven-artifact-manager/2.0.2/maven-artifact-manager-2.0.2.jar (49 kB at 212 kB/s)
Downloading from central: https://repo.maven.apache.org/maven2/org/apache/maven/maven-profile/2.0.10/maven-profile-2.0.10.jar
Progress (1): 7.7/43 kB
Progress (1): 8.2/43 kB
Progress (1): 16/43 kB 
Progress (1): 33/43 kB
Progress (1): 43 kB   
                   
Downloaded from central: https://repo.maven.apache.org/maven2/org/apache/maven/wagon/wagon-provider-api/1.0-alpha-6/wagon-provider-api-1.0-alpha-6.jar (43 kB at 169 kB/s)
Downloading from central: https://repo.maven.apache.org/maven2/org/apache/maven/maven-plugin-registry/2.0.10/maven-plugin-registry-2.0.10.jar
Progress (1): 7.7/39 kB
Progress (1): 16/39 kB 
Progress (1): 32/39 kB
Progress (1): 39 kB   
                   
Downloaded from central: https://repo.maven.apache.org/maven2/org/apache/maven/shared/maven-shared-io/1.1/maven-shared-io-1.1.jar (39 kB at 123 kB/s)
Downloading from central: https://repo.maven.apache.org/maven2/org/apache/maven/doxia/doxia-core/1.1.2/doxia-core-1.1.2.jar
Progress (1): 4.2/17 kB
Progress (1): 8.5/17 kB
Progress (1): 13/17 kB 
Progress (1): 17 kB   
                   
Downloaded from central: https://repo.maven.apache.org/maven2/org/apache/maven/reporting/maven-reporting-impl/2.1/maven-reporting-impl-2.1.jar (17 kB at 48 kB/s)
Downloading from central: https://repo.maven.apache.org/maven2/org/apache/maven/doxia/doxia-logging-api/1.1.2/doxia-logging-api-1.1.2.jar
Progress (1): 7.7/123 kB
Progress (1): 16/123 kB 
Progress (1): 24/123 kB
Progress (1): 40/123 kB
Progress (2): 40/123 kB | 7.7/37 kB
Progress (2): 40/123 kB | 7.7/37 kB
Progress (2): 57/123 kB | 7.7/37 kB
Progress (2): 57/123 kB | 24/37 kB 
Progress (2): 66/123 kB | 24/37 kB
Progress (2): 66/123 kB | 37 kB   
                               
Downloaded from central: https://repo.maven.apache.org/maven2/org/apache/maven/maven-profile/2.0.10/maven-profile-2.0.10.jar (37 kB at 82 kB/s)
Downloading from central: https://repo.maven.apache.org/maven2/xerces/xercesImpl/2.8.1/xercesImpl-2.8.1.jar
Progress (1): 82/123 kB
Progress (1): 98/123 kB
Progress (1): 115/123 kB
Progress (2): 115/123 kB | 7.7/30 kB
Progress (2): 115/123 kB | 16/30 kB 
Progress (2): 123 kB | 16/30 kB    
                               
Downloaded from central: https://repo.maven.apache.org/maven2/org/apache/maven/maven-project/2.0.10/maven-project-2.0.10.jar (123 kB at 259 kB/s)
Downloading from central: https://repo.maven.apache.org/maven2/commons-lang/commons-lang/2.4/commons-lang-2.4.jar
Progress (1): 24/30 kB
Progress (1): 30 kB   
                   
Downloaded from central: https://repo.maven.apache.org/maven2/org/apache/maven/maven-plugin-registry/2.0.10/maven-plugin-registry-2.0.10.jar (30 kB at 63 kB/s)
Downloading from central: https://repo.maven.apache.org/maven2/commons-httpclient/commons-httpclient/3.1/commons-httpclient-3.1.jar
Progress (1): 7.7/158 kB
Progress (1): 16/158 kB 
Progress (2): 16/158 kB | 3.8/11 kB
Progress (2): 16/158 kB | 8.0/11 kB
Progress (2): 16/158 kB | 11 kB    
                               
Downloaded from central: https://repo.maven.apache.org/maven2/org/apache/maven/doxia/doxia-logging-api/1.1.2/doxia-logging-api-1.1.2.jar (11 kB at 19 kB/s)
Downloading from central: https://repo.maven.apache.org/maven2/commons-codec/commons-codec/1.2/commons-codec-1.2.jar
Progress (1): 32/158 kB
Progress (1): 49/158 kB
Progress (1): 57/158 kB
Progress (2): 57/158 kB | 0/1.2 MB
Progress (2): 57/158 kB | 0/1.2 MB
Progress (2): 57/158 kB | 0/1.2 MB
Progress (2): 57/158 kB | 0/1.2 MB
Progress (2): 57/158 kB | 0.1/1.2 MB
Progress (2): 57/158 kB | 0.1/1.2 MB
Progress (2): 57/158 kB | 0.1/1.2 MB
Progress (2): 57/158 kB | 0.1/1.2 MB
Progress (2): 57/158 kB | 0.1/1.2 MB
Progress (2): 73/158 kB | 0.1/1.2 MB
Progress (2): 73/158 kB | 0.1/1.2 MB
Progress (3): 73/158 kB | 0.1/1.2 MB | 7.7/262 kB
Progress (3): 73/158 kB | 0.1/1.2 MB | 12/262 kB 
Progress (3): 73/158 kB | 0.2/1.2 MB | 12/262 kB
Progress (3): 73/158 kB | 0.2/1.2 MB | 12/262 kB
Progress (3): 73/158 kB | 0.2/1.2 MB | 12/262 kB
Progress (3): 73/158 kB | 0.2/1.2 MB | 29/262 kB
Progress (3): 73/158 kB | 0.2/1.2 MB | 29/262 kB
Progress (3): 73/158 kB | 0.2/1.2 MB | 29/262 kB
Progress (3): 73/158 kB | 0.2/1.2 MB | 45/262 kB
Progress (3): 73/158 kB | 0.2/1.2 MB | 45/262 kB
Progress (3): 73/158 kB | 0.3/1.2 MB | 45/262 kB
Progress (4): 73/158 kB | 0.3/1.2 MB | 45/262 kB | 7.7/305 kB
Progress (4): 73/158 kB | 0.3/1.2 MB | 45/262 kB | 7.7/305 kB
Progress (4): 73/158 kB | 0.3/1.2 MB | 45/262 kB | 7.7/305 kB
Progress (4): 73/158 kB | 0.3/1.2 MB | 61/262 kB | 7.7/305 kB
Progress (4): 73/158 kB | 0.3/1.2 MB | 61/262 kB | 7.7/305 kB
Progress (4): 73/158 kB | 0.3/1.2 MB | 61/262 kB | 7.7/305 kB
Progress (4): 73/158 kB | 0.3/1.2 MB | 78/262 kB | 7.7/305 kB
Progress (4): 73/158 kB | 0.3/1.2 MB | 78/262 kB | 7.7/305 kB
Progress (4): 73/158 kB | 0.3/1.2 MB | 78/262 kB | 24/305 kB 
Progress (4): 73/158 kB | 0.3/1.2 MB | 78/262 kB | 24/305 kB
Progress (4): 73/158 kB | 0.3/1.2 MB | 94/262 kB | 24/305 kB
Progress (4): 73/158 kB | 0.4/1.2 MB | 94/262 kB | 24/305 kB
Progress (4): 90/158 kB | 0.4/1.2 MB | 94/262 kB | 24/305 kB
Progress (4): 90/158 kB | 0.4/1.2 MB | 94/262 kB | 24/305 kB
Progress (4): 90/158 kB | 0.4/1.2 MB | 94/262 kB | 24/305 kB
Progress (4): 90/158 kB | 0.4/1.2 MB | 94/262 kB | 40/305 kB
Progress (4): 90/158 kB | 0.4/1.2 MB | 111/262 kB | 40/305 kB
Progress (4): 90/158 kB | 0.4/1.2 MB | 111/262 kB | 40/305 kB
Progress (4): 90/158 kB | 0.4/1.2 MB | 111/262 kB | 40/305 kB
Progress (4): 90/158 kB | 0.4/1.2 MB | 111/262 kB | 40/305 kB
Progress (4): 90/158 kB | 0.4/1.2 MB | 127/262 kB | 40/305 kB
Progress (4): 90/158 kB | 0.4/1.2 MB | 127/262 kB | 57/305 kB
Progress (4): 90/158 kB | 0.5/1.2 MB | 127/262 kB | 57/305 kB
Progress (4): 90/158 kB | 0.5/1.2 MB | 127/262 kB | 57/305 kB
Progress (4): 90/158 kB | 0.5/1.2 MB | 143/262 kB | 57/305 kB
Progress (4): 90/158 kB | 0.5/1.2 MB | 143/262 kB | 57/305 kB
Progress (4): 90/158 kB | 0.5/1.2 MB | 143/262 kB | 57/305 kB
Progress (4): 90/158 kB | 0.5/1.2 MB | 143/262 kB | 73/305 kB
Progress (4): 90/158 kB | 0.5/1.2 MB | 143/262 kB | 73/305 kB
Progress (4): 90/158 kB | 0.5/1.2 MB | 160/262 kB | 73/305 kB
Progress (4): 90/158 kB | 0.5/1.2 MB | 160/262 kB | 73/305 kB
Progress (4): 106/158 kB | 0.5/1.2 MB | 160/262 kB | 73/305 kB
Progress (4): 106/158 kB | 0.6/1.2 MB | 160/262 kB | 73/305 kB
Progress (4): 106/158 kB | 0.6/1.2 MB | 176/262 kB | 73/305 kB
Progress (4): 106/158 kB | 0.6/1.2 MB | 176/262 kB | 73/305 kB
Progress (4): 106/158 kB | 0.6/1.2 MB | 176/262 kB | 90/305 kB
Progress (4): 106/158 kB | 0.6/1.2 MB | 176/262 kB | 90/305 kB
Progress (4): 106/158 kB | 0.6/1.2 MB | 193/262 kB | 90/305 kB
Progress (4): 106/158 kB | 0.6/1.2 MB | 193/262 kB | 90/305 kB
Progress (4): 106/158 kB | 0.6/1.2 MB | 193/262 kB | 90/305 kB
Progress (4): 106/158 kB | 0.6/1.2 MB | 193/262 kB | 106/305 kB
Progress (4): 106/158 kB | 0.6/1.2 MB | 193/262 kB | 106/305 kB
Progress (4): 106/158 kB | 0.6/1.2 MB | 209/262 kB | 106/305 kB
Progress (4): 106/158 kB | 0.7/1.2 MB | 209/262 kB | 106/305 kB
Progress (4): 106/158 kB | 0.7/1.2 MB | 209/262 kB | 106/305 kB
Progress (4): 106/158 kB | 0.7/1.2 MB | 225/262 kB | 106/305 kB
Progress (4): 106/158 kB | 0.7/1.2 MB | 225/262 kB | 106/305 kB
Progress (4): 106/158 kB | 0.7/1.2 MB | 225/262 kB | 122/305 kB
Progress (4): 106/158 kB | 0.7/1.2 MB | 225/262 kB | 122/305 kB
Progress (4): 106/158 kB | 0.7/1.2 MB | 225/262 kB | 122/305 kB
Progress (4): 106/158 kB | 0.7/1.2 MB | 242/262 kB | 122/305 kB
Progress (4): 106/158 kB | 0.7/1.2 MB | 242/262 kB | 122/305 kB
Progress (4): 106/158 kB | 0.7/1.2 MB | 242/262 kB | 122/305 kB
Progress (4): 106/158 kB | 0.7/1.2 MB | 242/262 kB | 139/305 kB
Progress (4): 122/158 kB | 0.7/1.2 MB | 242/262 kB | 139/305 kB
Progress (4): 122/158 kB | 0.8/1.2 MB | 242/262 kB | 139/305 kB
Progress (4): 122/158 kB | 0.8/1.2 MB | 258/262 kB | 139/305 kB
Progress (4): 122/158 kB | 0.8/1.2 MB | 262 kB | 139/305 kB    
                                                           
Downloaded from central: https://repo.maven.apache.org/maven2/commons-lang/commons-lang/2.4/commons-lang-2.4.jar (262 kB at 335 kB/s)
Downloading from central: https://repo.maven.apache.org/maven2/org/apache/maven/doxia/doxia-site-renderer/1.1.2/doxia-site-renderer-1.1.2.jar
Progress (3): 122/158 kB | 0.8/1.2 MB | 155/305 kB
Progress (3): 122/158 kB | 0.8/1.2 MB | 172/305 kB
Progress (3): 122/158 kB | 0.8/1.2 MB | 172/305 kB
Progress (3): 122/158 kB | 0.8/1.2 MB | 172/305 kB
Progress (3): 122/158 kB | 0.8/1.2 MB | 172/305 kB
Progress (3): 122/158 kB | 0.8/1.2 MB | 172/305 kB
Progress (3): 122/158 kB | 0.8/1.2 MB | 172/305 kB
Progress (3): 122/158 kB | 0.8/1.2 MB | 188/305 kB
Progress (3): 122/158 kB | 0.8/1.2 MB | 188/305 kB
Progress (3): 122/158 kB | 0.9/1.2 MB | 188/305 kB
Progress (3): 122/158 kB | 0.9/1.2 MB | 188/305 kB
Progress (3): 139/158 kB | 0.9/1.2 MB | 188/305 kB
Progress (3): 139/158 kB | 0.9/1.2 MB | 188/305 kB
Progress (3): 139/158 kB | 0.9/1.2 MB | 204/305 kB
Progress (3): 139/158 kB | 0.9/1.2 MB | 204/305 kB
Progress (3): 139/158 kB | 0.9/1.2 MB | 204/305 kB
Progress (3): 139/158 kB | 0.9/1.2 MB | 204/305 kB
Progress (3): 139/158 kB | 0.9/1.2 MB | 204/305 kB
Progress (3): 139/158 kB | 1.0/1.2 MB | 204/305 kB
Progress (3): 139/158 kB | 1.0/1.2 MB | 221/305 kB
Progress (4): 139/158 kB | 1.0/1.2 MB | 221/305 kB | 3.8/30 kB
Progress (4): 139/158 kB | 1.0/1.2 MB | 221/305 kB | 3.8/30 kB
Progress (4): 139/158 kB | 1.0/1.2 MB | 221/305 kB | 8.0/30 kB
Progress (4): 139/158 kB | 1.0/1.2 MB | 221/305 kB | 8.0/30 kB
Progress (4): 139/158 kB | 1.0/1.2 MB | 221/305 kB | 12/30 kB 
Progress (4): 139/158 kB | 1.0/1.2 MB | 221/305 kB | 12/30 kB
Progress (4): 139/158 kB | 1.0/1.2 MB | 237/305 kB | 12/30 kB
Progress (4): 139/158 kB | 1.0/1.2 MB | 237/305 kB | 12/30 kB
Progress (4): 139/158 kB | 1.0/1.2 MB | 237/305 kB | 12/30 kB
Progress (4): 139/158 kB | 1.0/1.2 MB | 237/305 kB | 12/30 kB
Progress (4): 139/158 kB | 1.1/1.2 MB | 237/305 kB | 12/30 kB
Progress (4): 155/158 kB | 1.1/1.2 MB | 237/305 kB | 12/30 kB
Progress (4): 155/158 kB | 1.1/1.2 MB | 253/305 kB | 12/30 kB
Progress (4): 155/158 kB | 1.1/1.2 MB | 253/305 kB | 12/30 kB
Progress (4): 155/158 kB | 1.1/1.2 MB | 253/305 kB | 12/30 kB
Progress (4): 155/158 kB | 1.1/1.2 MB | 253/305 kB | 29/30 kB
Progress (4): 158 kB | 1.1/1.2 MB | 253/305 kB | 29/30 kB    
Progress (4): 158 kB | 1.1/1.2 MB | 253/305 kB | 30 kB   
                                                      
Downloaded from central: https://repo.maven.apache.org/maven2/org/apache/maven/doxia/doxia-core/1.1.2/doxia-core-1.1.2.jar (158 kB at 185 kB/s)
Downloading from central: https://repo.maven.apache.org/maven2/org/apache/maven/doxia/doxia-decoration-model/1.1.2/doxia-decoration-model-1.1.2.jar
Downloaded from central: https://repo.maven.apache.org/maven2/commons-codec/commons-codec/1.2/commons-codec-1.2.jar (30 kB at 35 kB/s)
Downloading from central: https://repo.maven.apache.org/maven2/org/apache/maven/doxia/doxia-module-xhtml/1.1.2/doxia-module-xhtml-1.1.2.jar
Progress (2): 1.1/1.2 MB | 253/305 kB
Progress (2): 1.1/1.2 MB | 253/305 kB
Progress (2): 1.1/1.2 MB | 270/305 kB
Progress (2): 1.1/1.2 MB | 270/305 kB
Progress (2): 1.2/1.2 MB | 270/305 kB
Progress (2): 1.2/1.2 MB | 270/305 kB
Progress (2): 1.2/1.2 MB | 286/305 kB
Progress (2): 1.2/1.2 MB | 286/305 kB
Progress (2): 1.2/1.2 MB | 286/305 kB
Progress (2): 1.2 MB | 286/305 kB    
                                 
Downloaded from central: https://repo.maven.apache.org/maven2/xerces/xercesImpl/2.8.1/xercesImpl-2.8.1.jar (1.2 MB at 1.4 MB/s)
Downloading from central: https://repo.maven.apache.org/maven2/org/apache/maven/doxia/doxia-module-fml/1.1.2/doxia-module-fml-1.1.2.jar
Progress (1): 303/305 kB
Progress (1): 305 kB    
                    
Downloaded from central: https://repo.maven.apache.org/maven2/commons-httpclient/commons-httpclient/3.1/commons-httpclient-3.1.jar (305 kB at 347 kB/s)
Downloading from central: https://repo.maven.apache.org/maven2/commons-collections/commons-collections/3.2.2/commons-collections-3.2.2.jar
Progress (1): 16/50 kB
Progress (1): 25/50 kB
Progress (1): 41/50 kB
Progress (1): 50 kB   
                   
Downloaded from central: https://repo.maven.apache.org/maven2/org/apache/maven/doxia/doxia-site-renderer/1.1.2/doxia-site-renderer-1.1.2.jar (50 kB at 50 kB/s)
Downloading from central: https://repo.maven.apache.org/maven2/commons-validator/commons-validator/1.2.0/commons-validator-1.2.0.jar
Progress (1): 7.7/15 kB
Progress (1): 7.7/15 kB
Progress (1): 15 kB    
                   
Downloaded from central: https://repo.maven.apache.org/maven2/org/apache/maven/doxia/doxia-module-xhtml/1.1.2/doxia-module-xhtml-1.1.2.jar (15 kB at 14 kB/s)
Downloading from central: https://repo.maven.apache.org/maven2/commons-beanutils/commons-beanutils/1.7.0/commons-beanutils-1.7.0.jar
Progress (1): 7.7/52 kB
Progress (1): 16/52 kB 
Progress (2): 16/52 kB | 7.7/588 kB
Progress (2): 16/52 kB | 16/588 kB 
Progress (2): 16/52 kB | 32/588 kB
Progress (2): 32/52 kB | 32/588 kB
Progress (2): 32/52 kB | 49/588 kB
Progress (2): 32/52 kB | 57/588 kB
Progress (2): 32/52 kB | 73/588 kB
Progress (2): 49/52 kB | 73/588 kB
Progress (2): 49/52 kB | 90/588 kB
Progress (2): 52 kB | 90/588 kB   
                               
Downloaded from central: https://repo.maven.apache.org/maven2/org/apache/maven/doxia/doxia-decoration-model/1.1.2/doxia-decoration-model-1.1.2.jar (52 kB at 46 kB/s)
Downloading from central: https://repo.maven.apache.org/maven2/commons-digester/commons-digester/1.6/commons-digester-1.6.jar
Progress (1): 106/588 kB
Progress (1): 122/588 kB
Progress (1): 139/588 kB
Progress (1): 155/588 kB
Progress (1): 172/588 kB
Progress (2): 172/588 kB | 7.7/37 kB
Progress (2): 172/588 kB | 16/37 kB 
Progress (2): 188/588 kB | 16/37 kB
Progress (2): 204/588 kB | 16/37 kB
Progress (2): 221/588 kB | 16/37 kB
Progress (2): 237/588 kB | 16/37 kB
Progress (2): 253/588 kB | 16/37 kB
Progress (2): 270/588 kB | 16/37 kB
Progress (3): 270/588 kB | 16/37 kB | 7.7/91 kB
Progress (3): 270/588 kB | 16/37 kB | 11/91 kB 
Progress (3): 270/588 kB | 16/37 kB | 28/91 kB
Progress (3): 286/588 kB | 16/37 kB | 28/91 kB
Progress (3): 303/588 kB | 16/37 kB | 28/91 kB
Progress (3): 319/588 kB | 16/37 kB | 28/91 kB
Progress (3): 335/588 kB | 16/37 kB | 28/91 kB
Progress (3): 352/588 kB | 16/37 kB | 28/91 kB
Progress (3): 368/588 kB | 16/37 kB | 28/91 kB
Progress (3): 385/588 kB | 16/37 kB | 28/91 kB
Progress (3): 401/588 kB | 16/37 kB | 28/91 kB
Progress (3): 417/588 kB | 16/37 kB | 28/91 kB
Progress (3): 434/588 kB | 16/37 kB | 28/91 kB
Progress (3): 450/588 kB | 16/37 kB | 28/91 kB
Progress (3): 466/588 kB | 16/37 kB | 28/91 kB
Progress (3): 483/588 kB | 16/37 kB | 28/91 kB
Progress (3): 499/588 kB | 16/37 kB | 28/91 kB
Progress (4): 499/588 kB | 16/37 kB | 28/91 kB | 7.7/189 kB
Progress (4): 499/588 kB | 16/37 kB | 28/91 kB | 15/189 kB 
Progress (4): 516/588 kB | 16/37 kB | 28/91 kB | 15/189 kB
Progress (4): 532/588 kB | 16/37 kB | 28/91 kB | 15/189 kB
Progress (4): 548/588 kB | 16/37 kB | 28/91 kB | 15/189 kB
Progress (4): 565/588 kB | 16/37 kB | 28/91 kB | 15/189 kB
Progress (4): 581/588 kB | 16/37 kB | 28/91 kB | 15/189 kB
Progress (4): 581/588 kB | 32/37 kB | 28/91 kB | 15/189 kB
Progress (4): 588 kB | 32/37 kB | 28/91 kB | 15/189 kB    
Progress (4): 588 kB | 37 kB | 28/91 kB | 15/189 kB   
Progress (4): 588 kB | 37 kB | 28/91 kB | 32/189 kB
                                                   
Downloaded from central: https://repo.maven.apache.org/maven2/commons-collections/commons-collections/3.2.2/commons-collections-3.2.2.jar (588 kB at 437 kB/s)
Downloading from central: https://repo.maven.apache.org/maven2/commons-logging/commons-logging/1.0.4/commons-logging-1.0.4.jar
Downloaded from central: https://repo.maven.apache.org/maven2/org/apache/maven/doxia/doxia-module-fml/1.1.2/doxia-module-fml-1.1.2.jar (37 kB at 28 kB/s)
Downloading from central: https://repo.maven.apache.org/maven2/xml-apis/xml-apis/1.0.b2/xml-apis-1.0.b2.jar
Progress (2): 28/91 kB | 48/189 kB
Progress (2): 44/91 kB | 48/189 kB
Progress (3): 44/91 kB | 48/189 kB | 7.7/168 kB
Progress (3): 44/91 kB | 48/189 kB | 16/168 kB 
Progress (3): 44/91 kB | 65/189 kB | 16/168 kB
Progress (3): 61/91 kB | 65/189 kB | 16/168 kB
Progress (3): 77/91 kB | 65/189 kB | 16/168 kB
Progress (3): 91 kB | 65/189 kB | 16/168 kB   
Progress (3): 91 kB | 65/189 kB | 24/168 kB
                                           
Downloaded from central: https://repo.maven.apache.org/maven2/commons-validator/commons-validator/1.2.0/commons-validator-1.2.0.jar (91 kB at 64 kB/s)
Downloading from central: https://repo.maven.apache.org/maven2/org/jacoco/org.jacoco.agent/0.8.4/org.jacoco.agent-0.8.4-runtime.jar
Progress (2): 65/189 kB | 40/168 kB
Progress (2): 65/189 kB | 57/168 kB
Progress (2): 81/189 kB | 57/168 kB
Progress (2): 81/189 kB | 73/168 kB
Progress (2): 97/189 kB | 73/168 kB
Progress (2): 97/189 kB | 90/168 kB
Progress (2): 97/189 kB | 106/168 kB
Progress (2): 114/189 kB | 106/168 kB
Progress (2): 114/189 kB | 122/168 kB
Progress (2): 114/189 kB | 131/168 kB
Progress (2): 114/189 kB | 147/168 kB
Progress (2): 130/189 kB | 147/168 kB
Progress (2): 131/189 kB | 147/168 kB
Progress (2): 131/189 kB | 164/168 kB
Progress (2): 131/189 kB | 168 kB    
                                 
Downloaded from central: https://repo.maven.apache.org/maven2/commons-digester/commons-digester/1.6/commons-digester-1.6.jar (168 kB at 109 kB/s)
Downloading from central: https://repo.maven.apache.org/maven2/org/jacoco/org.jacoco.core/0.8.4/org.jacoco.core-0.8.4.jar
Progress (2): 131/189 kB | 8.2/109 kB
Progress (2): 147/189 kB | 8.2/109 kB
Progress (2): 147/189 kB | 25/109 kB 
Progress (2): 147/189 kB | 41/109 kB
Progress (2): 147/189 kB | 57/109 kB
Progress (3): 147/189 kB | 57/109 kB | 7.7/38 kB
Progress (3): 147/189 kB | 57/109 kB | 16/38 kB 
Progress (3): 147/189 kB | 66/109 kB | 16/38 kB
Progress (3): 147/189 kB | 66/109 kB | 32/38 kB
Progress (3): 147/189 kB | 66/109 kB | 38 kB   
                                            
Downloaded from central: https://repo.maven.apache.org/maven2/commons-logging/commons-logging/1.0.4/commons-logging-1.0.4.jar (38 kB at 24 kB/s)
Downloading from central: https://repo.maven.apache.org/maven2/org/ow2/asm/asm/7.1/asm-7.1.jar
Progress (2): 147/189 kB | 82/109 kB
Progress (2): 147/189 kB | 98/109 kB
Progress (2): 147/189 kB | 109 kB   
                                 
Downloaded from central: https://repo.maven.apache.org/maven2/xml-apis/xml-apis/1.0.b2/xml-apis-1.0.b2.jar (109 kB at 69 kB/s)
Downloading from central: https://repo.maven.apache.org/maven2/org/ow2/asm/asm-commons/7.1/asm-commons-7.1.jar
Progress (1): 164/189 kB
Progress (1): 180/189 kB
Progress (2): 180/189 kB | 7.7/281 kB
Progress (2): 180/189 kB | 16/281 kB 
Progress (2): 180/189 kB | 24/281 kB
Progress (2): 180/189 kB | 40/281 kB
Progress (2): 189 kB | 40/281 kB    
                                
Downloaded from central: https://repo.maven.apache.org/maven2/commons-beanutils/commons-beanutils/1.7.0/commons-beanutils-1.7.0.jar (189 kB at 116 kB/s)
Downloading from central: https://repo.maven.apache.org/maven2/org/ow2/asm/asm-analysis/7.1/asm-analysis-7.1.jar
Progress (1): 57/281 kB
Progress (1): 73/281 kB
Progress (1): 90/281 kB
Progress (1): 106/281 kB
Progress (1): 122/281 kB
Progress (1): 139/281 kB
Progress (1): 155/281 kB
Progress (1): 172/281 kB
Progress (1): 188/281 kB
Progress (1): 204/281 kB
Progress (1): 221/281 kB
Progress (1): 237/281 kB
Progress (1): 253/281 kB
Progress (1): 270/281 kB
Progress (1): 281 kB    
                    
Downloaded from central: https://repo.maven.apache.org/maven2/org/jacoco/org.jacoco.agent/0.8.4/org.jacoco.agent-0.8.4-runtime.jar (281 kB at 163 kB/s)
Downloading from central: https://repo.maven.apache.org/maven2/org/ow2/asm/asm-tree/7.1/asm-tree-7.1.jar
Progress (1): 7.7/115 kB
Progress (1): 16/115 kB 
Progress (1): 32/115 kB
Progress (1): 49/115 kB
Progress (1): 57/115 kB
Progress (2): 57/115 kB | 7.7/70 kB
Progress (2): 57/115 kB | 7.7/70 kB
Progress (3): 57/115 kB | 7.7/70 kB | 16/194 kB
Progress (3): 73/115 kB | 7.7/70 kB | 16/194 kB
Progress (3): 73/115 kB | 24/70 kB | 16/194 kB 
Progress (3): 90/115 kB | 24/70 kB | 16/194 kB
Progress (3): 106/115 kB | 24/70 kB | 16/194 kB
Progress (3): 115 kB | 24/70 kB | 16/194 kB    
Progress (3): 115 kB | 40/70 kB | 16/194 kB
                                           
Downloaded from central: https://repo.maven.apache.org/maven2/org/ow2/asm/asm/7.1/asm-7.1.jar (115 kB at 64 kB/s)
Downloading from central: https://repo.maven.apache.org/maven2/org/jacoco/org.jacoco.report/0.8.4/org.jacoco.report-0.8.4.jar
Progress (2): 57/70 kB | 16/194 kB
Progress (2): 70 kB | 16/194 kB   
                               
Downloaded from central: https://repo.maven.apache.org/maven2/org/ow2/asm/asm-commons/7.1/asm-commons-7.1.jar (70 kB at 39 kB/s)
Progress (1): 33/194 kB
Progress (1): 49/194 kB
Progress (1): 66/194 kB
Progress (1): 82/194 kB
Progress (1): 98/194 kB
Progress (2): 98/194 kB | 7.7/33 kB
Progress (2): 98/194 kB | 16/33 kB 
Progress (2): 115/194 kB | 16/33 kB
Progress (2): 131/194 kB | 16/33 kB
Progress (2): 131/194 kB | 32/33 kB
Progress (2): 131/194 kB | 33 kB   
                                
Downloaded from central: https://repo.maven.apache.org/maven2/org/ow2/asm/asm-analysis/7.1/asm-analysis-7.1.jar (33 kB at 18 kB/s)
Progress (1): 147/194 kB
Progress (1): 156/194 kB
Progress (1): 172/194 kB
Progress (1): 188/194 kB
Progress (1): 194 kB    
                    
Downloaded from central: https://repo.maven.apache.org/maven2/org/jacoco/org.jacoco.core/0.8.4/org.jacoco.core-0.8.4.jar (194 kB at 101 kB/s)
Progress (1): 4.1/50 kB
Progress (1): 20/50 kB 
Progress (1): 37/50 kB
Progress (1): 50 kB   
                   
Downloaded from central: https://repo.maven.apache.org/maven2/org/ow2/asm/asm-tree/7.1/asm-tree-7.1.jar (50 kB at 26 kB/s)
Progress (1): 7.7/129 kB
Progress (1): 7.7/129 kB
Progress (1): 24/129 kB 
Progress (1): 40/129 kB
Progress (1): 57/129 kB
Progress (1): 73/129 kB
Progress (1): 90/129 kB
Progress (1): 106/129 kB
Progress (1): 122/129 kB
Progress (1): 129 kB    
                    
Downloaded from central: https://repo.maven.apache.org/maven2/org/jacoco/org.jacoco.report/0.8.4/org.jacoco.report-0.8.4.jar (129 kB at 61 kB/s)
[INFO] Skipping JaCoCo execution because property jacoco.skip is set.
[INFO] argLine set to empty
[INFO] 
[INFO] --- build-helper:1.7:add-source (add-generated-sources) @ jackson-core ---
Downloading from central: https://repo.maven.apache.org/maven2/org/apache/maven/maven-model/2.0.6/maven-model-2.0.6.pom
Progress (1): 814 B
Progress (1): 3.0 kB
Progress (1): 3.0 kB
                    
Downloaded from central: https://repo.maven.apache.org/maven2/org/apache/maven/maven-model/2.0.6/maven-model-2.0.6.pom (3.0 kB at 13 kB/s)
Downloading from central: https://repo.maven.apache.org/maven2/org/apache/maven/maven-project/2.0.6/maven-project-2.0.6.pom
Progress (1): 823 B
Progress (1): 2.6 kB
                    
Downloaded from central: https://repo.maven.apache.org/maven2/org/apache/maven/maven-project/2.0.6/maven-project-2.0.6.pom (2.6 kB at 12 kB/s)
Downloading from central: https://repo.maven.apache.org/maven2/org/apache/maven/maven-settings/2.0.6/maven-settings-2.0.6.pom
Progress (1): 830 B
Progress (1): 2.0 kB
                    
Downloaded from central: https://repo.maven.apache.org/maven2/org/apache/maven/maven-settings/2.0.6/maven-settings-2.0.6.pom (2.0 kB at 9.0 kB/s)
Downloading from central: https://repo.maven.apache.org/maven2/junit/junit/3.8.2/junit-3.8.2.pom
Progress (1): 747 B
                   
Downloaded from central: https://repo.maven.apache.org/maven2/junit/junit/3.8.2/junit-3.8.2.pom (747 B at 3.1 kB/s)
Downloading from central: https://repo.maven.apache.org/maven2/org/apache/maven/maven-profile/2.0.6/maven-profile-2.0.6.pom
Progress (1): 830 B
Progress (1): 2.0 kB
                    
Downloaded from central: https://repo.maven.apache.org/maven2/org/apache/maven/maven-profile/2.0.6/maven-profile-2.0.6.pom (2.0 kB at 6.9 kB/s)
Downloading from central: https://repo.maven.apache.org/maven2/org/apache/maven/maven-artifact-manager/2.0.6/maven-artifact-manager-2.0.6.pom
Progress (1): 816 B
Progress (1): 2.6 kB
                    
Downloaded from central: https://repo.maven.apache.org/maven2/org/apache/maven/maven-artifact-manager/2.0.6/maven-artifact-manager-2.0.6.pom (2.6 kB at 12 kB/s)
Downloading from central: https://repo.maven.apache.org/maven2/org/apache/maven/maven-repository-metadata/2.0.6/maven-repository-metadata-2.0.6.pom
Progress (1): 832 B
Progress (1): 1.9 kB
                    
Downloaded from central: https://repo.maven.apache.org/maven2/org/apache/maven/maven-repository-metadata/2.0.6/maven-repository-metadata-2.0.6.pom (1.9 kB at 8.8 kB/s)
Downloading from central: https://repo.maven.apache.org/maven2/org/apache/maven/maven-artifact/2.0.6/maven-artifact-2.0.6.pom
Progress (1): 835 B
Progress (1): 1.6 kB
                    
Downloaded from central: https://repo.maven.apache.org/maven2/org/apache/maven/maven-artifact/2.0.6/maven-artifact-2.0.6.pom (1.6 kB at 5.5 kB/s)
Downloading from central: https://repo.maven.apache.org/maven2/org/apache/maven/maven-plugin-registry/2.0.6/maven-plugin-registry-2.0.6.pom
Progress (1): 830 B
Progress (1): 1.9 kB
                    
Downloaded from central: https://repo.maven.apache.org/maven2/org/apache/maven/maven-plugin-registry/2.0.6/maven-plugin-registry-2.0.6.pom (1.9 kB at 6.1 kB/s)
Downloading from central: https://repo.maven.apache.org/maven2/org/apache/maven/maven-core/2.0.6/maven-core-2.0.6.pom
Progress (1): 776 B
Progress (1): 2.7 kB
Progress (1): 6.7 kB
                    
Downloaded from central: https://repo.maven.apache.org/maven2/org/apache/maven/maven-core/2.0.6/maven-core-2.0.6.pom (6.7 kB at 25 kB/s)
Downloading from central: https://repo.maven.apache.org/maven2/org/apache/maven/maven-plugin-parameter-documenter/2.0.6/maven-plugin-parameter-documenter-2.0.6.pom
Progress (1): 830 B
Progress (1): 1.9 kB
                    
Downloaded from central: https://repo.maven.apache.org/maven2/org/apache/maven/maven-plugin-parameter-documenter/2.0.6/maven-plugin-parameter-documenter-2.0.6.pom (1.9 kB at 7.2 kB/s)
Downloading from central: https://repo.maven.apache.org/maven2/org/apache/maven/reporting/maven-reporting-api/2.0.6/maven-reporting-api-2.0.6.pom
Progress (1): 830 B
Progress (1): 1.8 kB
                    
Downloaded from central: https://repo.maven.apache.org/maven2/org/apache/maven/reporting/maven-reporting-api/2.0.6/maven-reporting-api-2.0.6.pom (1.8 kB at 8.4 kB/s)
Downloading from central: https://repo.maven.apache.org/maven2/org/apache/maven/reporting/maven-reporting/2.0.6/maven-reporting-2.0.6.pom
Progress (1): 835 B
Progress (1): 1.4 kB
                    
Downloaded from central: https://repo.maven.apache.org/maven2/org/apache/maven/reporting/maven-reporting/2.0.6/maven-reporting-2.0.6.pom (1.4 kB at 6.7 kB/s)
Downloading from central: https://repo.maven.apache.org/maven2/org/apache/maven/doxia/doxia-sink-api/1.0-alpha-7/doxia-sink-api-1.0-alpha-7.pom
Progress (1): 424 B
                   
Downloaded from central: https://repo.maven.apache.org/maven2/org/apache/maven/doxia/doxia-sink-api/1.0-alpha-7/doxia-sink-api-1.0-alpha-7.pom (424 B at 2.0 kB/s)
Downloading from central: https://repo.maven.apache.org/maven2/org/apache/maven/doxia/doxia/1.0-alpha-7/doxia-1.0-alpha-7.pom
Progress (1): 1.6 kB
Progress (1): 3.9 kB
                    
Downloaded from central: https://repo.maven.apache.org/maven2/org/apache/maven/doxia/doxia/1.0-alpha-7/doxia-1.0-alpha-7.pom (3.9 kB at 17 kB/s)
Downloading from central: https://repo.maven.apache.org/maven2/org/apache/maven/maven-error-diagnostics/2.0.6/maven-error-diagnostics-2.0.6.pom
Progress (1): 832 B
Progress (1): 1.7 kB
                    
Downloaded from central: https://repo.maven.apache.org/maven2/org/apache/maven/maven-error-diagnostics/2.0.6/maven-error-diagnostics-2.0.6.pom (1.7 kB at 7.7 kB/s)
Downloading from central: https://repo.maven.apache.org/maven2/commons-cli/commons-cli/1.0/commons-cli-1.0.pom
Progress (1): 1.4 kB
Progress (1): 2.1 kB
                    
Downloaded from central: https://repo.maven.apache.org/maven2/commons-cli/commons-cli/1.0/commons-cli-1.0.pom (2.1 kB at 9.4 kB/s)
Downloading from central: https://repo.maven.apache.org/maven2/org/apache/maven/maven-plugin-api/2.0/maven-plugin-api-2.0.pom
Progress (1): 601 B
                   
Downloaded from central: https://repo.maven.apache.org/maven2/org/apache/maven/maven-plugin-api/2.0/maven-plugin-api-2.0.pom (601 B at 2.4 kB/s)
Downloading from central: https://repo.maven.apache.org/maven2/org/apache/maven/maven/2.0/maven-2.0.pom
Progress (1): 1.0 kB
Progress (1): 4.6 kB
Progress (1): 7.1 kB
Progress (1): 8.8 kB
                    
Downloaded from central: https://repo.maven.apache.org/maven2/org/apache/maven/maven/2.0/maven-2.0.pom (8.8 kB at 32 kB/s)
Downloading from central: https://repo.maven.apache.org/maven2/org/apache/maven/maven-plugin-descriptor/2.0.6/maven-plugin-descriptor-2.0.6.pom
Progress (1): 830 B
Progress (1): 2.0 kB
                    
Downloaded from central: https://repo.maven.apache.org/maven2/org/apache/maven/maven-plugin-descriptor/2.0.6/maven-plugin-descriptor-2.0.6.pom (2.0 kB at 9.0 kB/s)
Downloading from central: https://repo.maven.apache.org/maven2/org/apache/maven/maven-monitor/2.0.6/maven-monitor-2.0.6.pom
Progress (1): 849 B
Progress (1): 1.3 kB
                    
Downloaded from central: https://repo.maven.apache.org/maven2/org/apache/maven/maven-monitor/2.0.6/maven-monitor-2.0.6.pom (1.3 kB at 5.3 kB/s)
Downloading from central: https://repo.maven.apache.org/maven2/org/apache/maven/maven-model/2.0.6/maven-model-2.0.6.jar
Progress (1): 7.7/86 kB
Progress (1): 16/86 kB 
Progress (1): 32/86 kB
Progress (1): 49/86 kB
Progress (1): 65/86 kB
Progress (1): 81/86 kB
Progress (1): 86 kB   
                   
Downloaded from central: https://repo.maven.apache.org/maven2/org/apache/maven/maven-model/2.0.6/maven-model-2.0.6.jar (86 kB at 371 kB/s)
Downloading from central: https://repo.maven.apache.org/maven2/org/apache/maven/maven-project/2.0.6/maven-project-2.0.6.jar
Downloading from central: https://repo.maven.apache.org/maven2/org/apache/maven/maven-settings/2.0.6/maven-settings-2.0.6.jar
Downloading from central: https://repo.maven.apache.org/maven2/org/apache/maven/maven-profile/2.0.6/maven-profile-2.0.6.jar
Downloading from central: https://repo.maven.apache.org/maven2/org/apache/maven/maven-artifact-manager/2.0.6/maven-artifact-manager-2.0.6.jar
Downloading from central: https://repo.maven.apache.org/maven2/org/apache/maven/maven-plugin-registry/2.0.6/maven-plugin-registry-2.0.6.jar
Progress (1): 3.1/57 kB
Progress (2): 3.1/57 kB | 7.7/116 kB
Progress (2): 3.1/57 kB | 16/116 kB 
Progress (2): 3.1/57 kB | 24/116 kB
Progress (2): 3.1/57 kB | 40/116 kB
Progress (2): 3.1/57 kB | 57/116 kB
Progress (2): 3.1/57 kB | 73/116 kB
Progress (2): 3.1/57 kB | 90/116 kB
Progress (2): 3.1/57 kB | 106/116 kB
Progress (3): 3.1/57 kB | 106/116 kB | 7.7/29 kB
Progress (3): 3.1/57 kB | 106/116 kB | 16/29 kB 
Progress (3): 3.1/57 kB | 116 kB | 16/29 kB    
Progress (3): 3.1/57 kB | 116 kB | 24/29 kB
Progress (3): 3.1/57 kB | 116 kB | 29 kB   
                                        
Downloaded from central: https://repo.maven.apache.org/maven2/org/apache/maven/maven-project/2.0.6/maven-project-2.0.6.jar (116 kB at 533 kB/s)
Downloading from central: https://repo.maven.apache.org/maven2/org/codehaus/plexus/plexus-container-default/1.0-alpha-9-stable-1/plexus-container-default-1.0-alpha-9-stable-1.jar
Downloaded from central: https://repo.maven.apache.org/maven2/org/apache/maven/maven-plugin-registry/2.0.6/maven-plugin-registry-2.0.6.jar (29 kB at 133 kB/s)
Downloading from central: https://repo.maven.apache.org/maven2/org/apache/maven/maven-core/2.0.6/maven-core-2.0.6.jar
Progress (1): 20/57 kB
Progress (2): 20/57 kB | 7.7/35 kB
Progress (2): 20/57 kB | 16/35 kB 
Progress (2): 36/57 kB | 16/35 kB
Progress (2): 52/57 kB | 16/35 kB
Progress (2): 57 kB | 16/35 kB   
                              
Downloaded from central: https://repo.maven.apache.org/maven2/org/apache/maven/maven-artifact-manager/2.0.6/maven-artifact-manager-2.0.6.jar (57 kB at 192 kB/s)
Downloading from central: https://repo.maven.apache.org/maven2/org/apache/maven/maven-plugin-parameter-documenter/2.0.6/maven-plugin-parameter-documenter-2.0.6.jar
Progress (2): 16/35 kB | 7.7/49 kB
Progress (2): 16/35 kB | 15/49 kB 
Progress (2): 16/35 kB | 32/49 kB
Progress (2): 16/35 kB | 48/49 kB
Progress (2): 16/35 kB | 49 kB   
                              
Downloaded from central: https://repo.maven.apache.org/maven2/org/apache/maven/maven-settings/2.0.6/maven-settings-2.0.6.jar (49 kB at 124 kB/s)
Downloading from central: https://repo.maven.apache.org/maven2/org/apache/maven/reporting/maven-reporting-api/2.0.6/maven-reporting-api-2.0.6.jar
Progress (2): 16/35 kB | 7.7/152 kB
Progress (2): 16/35 kB | 16/152 kB 
Progress (2): 16/35 kB | 32/152 kB
Progress (2): 16/35 kB | 49/152 kB
Progress (2): 16/35 kB | 65/152 kB
Progress (2): 16/35 kB | 81/152 kB
Progress (2): 16/35 kB | 98/152 kB
Progress (2): 16/35 kB | 114/152 kB
Progress (2): 16/35 kB | 131/152 kB
Progress (2): 16/35 kB | 147/152 kB
Progress (2): 16/35 kB | 152 kB    
                               
Downloaded from central: https://repo.maven.apache.org/maven2/org/apache/maven/maven-core/2.0.6/maven-core-2.0.6.jar (152 kB at 335 kB/s)
Downloading from central: https://repo.maven.apache.org/maven2/org/apache/maven/doxia/doxia-sink-api/1.0-alpha-7/doxia-sink-api-1.0-alpha-7.jar
Progress (2): 16/35 kB | 7.7/194 kB
Progress (2): 16/35 kB | 16/194 kB 
Progress (2): 16/35 kB | 32/194 kB
Progress (2): 16/35 kB | 49/194 kB
Progress (2): 16/35 kB | 65/194 kB
Progress (2): 16/35 kB | 81/194 kB
Progress (2): 16/35 kB | 98/194 kB
Progress (2): 16/35 kB | 114/194 kB
Progress (2): 16/35 kB | 131/194 kB
Progress (2): 16/35 kB | 147/194 kB
Progress (2): 32/35 kB | 147/194 kB
Progress (2): 35 kB | 147/194 kB   
                                
Downloaded from central: https://repo.maven.apache.org/maven2/org/apache/maven/maven-profile/2.0.6/maven-profile-2.0.6.jar (35 kB at 71 kB/s)
Downloading from central: https://repo.maven.apache.org/maven2/org/apache/maven/maven-repository-metadata/2.0.6/maven-repository-metadata-2.0.6.jar
Progress (1): 163/194 kB
Progress (1): 180/194 kB
Progress (1): 194 kB    
                    
Downloaded from central: https://repo.maven.apache.org/maven2/org/codehaus/plexus/plexus-container-default/1.0-alpha-9-stable-1/plexus-container-default-1.0-alpha-9-stable-1.jar (194 kB at 386 kB/s)
Downloading from central: https://repo.maven.apache.org/maven2/org/apache/maven/maven-error-diagnostics/2.0.6/maven-error-diagnostics-2.0.6.jar
Progress (1): 7.7/21 kB
Progress (1): 16/21 kB 
Progress (1): 21 kB   
                   
Downloaded from central: https://repo.maven.apache.org/maven2/org/apache/maven/maven-plugin-parameter-documenter/2.0.6/maven-plugin-parameter-documenter-2.0.6.jar (21 kB at 39 kB/s)
Downloading from central: https://repo.maven.apache.org/maven2/commons-cli/commons-cli/1.0/commons-cli-1.0.jar
Progress (1): 7.7/9.9 kB
Progress (1): 9.9 kB    
                    
Downloaded from central: https://repo.maven.apache.org/maven2/org/apache/maven/reporting/maven-reporting-api/2.0.6/maven-reporting-api-2.0.6.jar (9.9 kB at 16 kB/s)
Downloading from central: https://repo.maven.apache.org/maven2/org/apache/maven/maven-plugin-descriptor/2.0.6/maven-plugin-descriptor-2.0.6.jar
Progress (1): 5.9 kB
                    
Downloaded from central: https://repo.maven.apache.org/maven2/org/apache/maven/doxia/doxia-sink-api/1.0-alpha-7/doxia-sink-api-1.0-alpha-7.jar (5.9 kB at 8.8 kB/s)
Downloading from central: https://repo.maven.apache.org/maven2/org/codehaus/plexus/plexus-interactivity-api/1.0-alpha-4/plexus-interactivity-api-1.0-alpha-4.jar
Progress (1): 7.7/24 kB
Progress (1): 16/24 kB 
Progress (1): 24 kB   
                   
Downloaded from central: https://repo.maven.apache.org/maven2/org/apache/maven/maven-repository-metadata/2.0.6/maven-repository-metadata-2.0.6.jar (24 kB at 33 kB/s)
Downloading from central: https://repo.maven.apache.org/maven2/org/apache/maven/maven-monitor/2.0.6/maven-monitor-2.0.6.jar
Progress (1): 14 kB
                   
Downloaded from central: https://repo.maven.apache.org/maven2/org/apache/maven/maven-error-diagnostics/2.0.6/maven-error-diagnostics-2.0.6.jar (14 kB at 18 kB/s)
Downloading from central: https://repo.maven.apache.org/maven2/classworlds/classworlds/1.1/classworlds-1.1.jar
Progress (1): 7.7/30 kB
Progress (1): 16/30 kB 
Progress (1): 24/30 kB
Progress (1): 30 kB   
                   
Downloaded from central: https://repo.maven.apache.org/maven2/commons-cli/commons-cli/1.0/commons-cli-1.0.jar (30 kB at 39 kB/s)
Downloading from central: https://repo.maven.apache.org/maven2/org/apache/maven/maven-plugin-api/2.0.6/maven-plugin-api-2.0.6.jar
Progress (1): 7.7/37 kB
Progress (1): 8.2/37 kB
Progress (2): 8.2/37 kB | 7.7/13 kB
Progress (2): 8.2/37 kB | 7.7/13 kB
Progress (3): 8.2/37 kB | 7.7/13 kB | 7.7/38 kB
Progress (3): 8.2/37 kB | 7.7/13 kB | 16/38 kB 
Progress (3): 8.2/37 kB | 7.7/13 kB | 28/38 kB
Progress (3): 8.2/37 kB | 7.7/13 kB | 38 kB   
                                           
Downloaded from central: https://repo.maven.apache.org/maven2/classworlds/classworlds/1.1/classworlds-1.1.jar (38 kB at 39 kB/s)
Downloading from central: https://repo.maven.apache.org/maven2/org/apache/maven/maven-artifact/2.0.6/maven-artifact-2.0.6.jar
Progress (3): 8.2/37 kB | 7.7/13 kB | 7.7/13 kB
Progress (3): 8.2/37 kB | 7.7/13 kB | 7.7/13 kB
Progress (4): 8.2/37 kB | 7.7/13 kB | 7.7/13 kB | 7.7/10 kB
Progress (4): 8.2/37 kB | 7.7/13 kB | 7.7/13 kB | 7.7/10 kB
Progress (4): 8.2/37 kB | 7.7/13 kB | 7.7/13 kB | 10 kB    
                                                       
Downloaded from central: https://repo.maven.apache.org/maven2/org/apache/maven/maven-monitor/2.0.6/maven-monitor-2.0.6.jar (10 kB at 10 kB/s)
Progress (3): 8.2/37 kB | 7.7/13 kB | 13 kB
                                           
Downloaded from central: https://repo.maven.apache.org/maven2/org/apache/maven/maven-plugin-api/2.0.6/maven-plugin-api-2.0.6.jar (13 kB at 13 kB/s)
Progress (2): 25/37 kB | 7.7/13 kB
Progress (2): 37 kB | 7.7/13 kB   
                               
Downloaded from central: https://repo.maven.apache.org/maven2/org/apache/maven/maven-plugin-descriptor/2.0.6/maven-plugin-descriptor-2.0.6.jar (37 kB at 36 kB/s)
Progress (2): 7.7/13 kB | 7.7/87 kB
Progress (2): 7.7/13 kB | 7.7/87 kB
Progress (2): 7.7/13 kB | 24/87 kB 
Progress (2): 7.7/13 kB | 40/87 kB
Progress (2): 7.7/13 kB | 57/87 kB
Progress (2): 7.7/13 kB | 73/87 kB
Progress (2): 13 kB | 73/87 kB    
                              
Downloaded from central: https://repo.maven.apache.org/maven2/org/codehaus/plexus/plexus-interactivity-api/1.0-alpha-4/plexus-interactivity-api-1.0-alpha-4.jar (13 kB at 9.3 kB/s)
Progress (1): 87 kB
                   
Downloaded from central: https://repo.maven.apache.org/maven2/org/apache/maven/maven-artifact/2.0.6/maven-artifact-2.0.6.jar (87 kB at 55 kB/s)
[INFO] Source directory: /home/zhihao/hdd/marshal/benchmarks/cross-repo-pr-impact/results/single-case-pipeline-jackson-core-logback-v2-2026-08-27/replay-work/formal-github-jackson-core-mock-interception--target-logback-elasticsearch/source-a1/target/generated-sources added.
[INFO] 
[INFO] --- replacer:1.5.3:replace (process-packageVersion) @ jackson-core ---
Downloading from central: https://repo.maven.apache.org/maven2/org/apache/maven/maven-plugin-api/3.0.3/maven-plugin-api-3.0.3.pom
Progress (1): 823 B
Progress (1): 2.3 kB
                    
Downloaded from central: https://repo.maven.apache.org/maven2/org/apache/maven/maven-plugin-api/3.0.3/maven-plugin-api-3.0.3.pom (2.3 kB at 10 kB/s)
Downloading from central: https://repo.maven.apache.org/maven2/org/apache/maven/maven/3.0.3/maven-3.0.3.pom
Progress (1): 763 B
Progress (1): 2.0 kB
Progress (1): 4.7 kB
Progress (1): 7.9 kB
Progress (1): 14 kB 
Progress (1): 18 kB
Progress (1): 21 kB
Progress (1): 23 kB
                   
Downloaded from central: https://repo.maven.apache.org/maven2/org/apache/maven/maven/3.0.3/maven-3.0.3.pom (23 kB at 103 kB/s)
Downloading from central: https://repo.maven.apache.org/maven2/org/apache/maven/maven-model/3.0.3/maven-model-3.0.3.pom
Progress (1): 793 B
Progress (1): 2.6 kB
Progress (1): 3.9 kB
                    
Downloaded from central: https://repo.maven.apache.org/maven2/org/apache/maven/maven-model/3.0.3/maven-model-3.0.3.pom (3.9 kB at 17 kB/s)
Downloading from central: https://repo.maven.apache.org/maven2/org/codehaus/plexus/plexus-utils/2.0.6/plexus-utils-2.0.6.pom
Progress (1): 818 B
Progress (1): 2.4 kB
Progress (1): 2.9 kB
                    
Downloaded from central: https://repo.maven.apache.org/maven2/org/codehaus/plexus/plexus-utils/2.0.6/plexus-utils-2.0.6.pom (2.9 kB at 13 kB/s)
Downloading from central: https://repo.maven.apache.org/maven2/org/apache/maven/maven-artifact/3.0.3/maven-artifact-3.0.3.pom
Progress (1): 850 B
Progress (1): 1.9 kB
                    
Downloaded from central: https://repo.maven.apache.org/maven2/org/apache/maven/maven-artifact/3.0.3/maven-artifact-3.0.3.pom (1.9 kB at 8.3 kB/s)
Downloading from central: https://repo.maven.apache.org/maven2/org/sonatype/sisu/sisu-inject-plexus/2.1.1/sisu-inject-plexus-2.1.1.pom
Progress (1): 953 B
Progress (1): 3.0 kB
                    
Downloaded from central: https://repo.maven.apache.org/maven2/org/sonatype/sisu/sisu-inject-plexus/2.1.1/sisu-inject-plexus-2.1.1.pom (3.0 kB at 12 kB/s)
Downloading from central: https://repo.maven.apache.org/maven2/org/sonatype/sisu/inject/guice-plexus/2.1.1/guice-plexus-2.1.1.pom
Progress (1): 965 B
Progress (1): 3.6 kB
                    
Downloaded from central: https://repo.maven.apache.org/maven2/org/sonatype/sisu/inject/guice-plexus/2.1.1/guice-plexus-2.1.1.pom (3.6 kB at 16 kB/s)
Downloading from central: https://repo.maven.apache.org/maven2/org/sonatype/sisu/inject/guice-bean/2.1.1/guice-bean-2.1.1.pom
Progress (1): 973 B
Progress (1): 3.0 kB
                    
Downloaded from central: https://repo.maven.apache.org/maven2/org/sonatype/sisu/inject/guice-bean/2.1.1/guice-bean-2.1.1.pom (3.0 kB at 14 kB/s)
Downloading from central: https://repo.maven.apache.org/maven2/org/sonatype/sisu/sisu-inject/2.1.1/sisu-inject-2.1.1.pom
Progress (1): 991 B
Progress (1): 1.8 kB
                    
Downloaded from central: https://repo.maven.apache.org/maven2/org/sonatype/sisu/sisu-inject/2.1.1/sisu-inject-2.1.1.pom (1.8 kB at 7.9 kB/s)
Downloading from central: https://repo.maven.apache.org/maven2/org/sonatype/sisu/sisu-parent/2.1.1/sisu-parent-2.1.1.pom
Progress (1): 924 B
Progress (1): 3.1 kB
Progress (1): 5.7 kB
Progress (1): 8.6 kB
Progress (1): 9.3 kB
                    
Downloaded from central: https://repo.maven.apache.org/maven2/org/sonatype/sisu/sisu-parent/2.1.1/sisu-parent-2.1.1.pom (9.3 kB at 41 kB/s)
Downloading from central: https://repo.maven.apache.org/maven2/org/sonatype/forge/forge-parent/7/forge-parent-7.pom
Progress (1): 737 B
Progress (1): 2.6 kB
Progress (1): 8.3 kB
Progress (1): 13 kB 
                   
Downloaded from central: https://repo.maven.apache.org/maven2/org/sonatype/forge/forge-parent/7/forge-parent-7.pom (13 kB at 54 kB/s)
Downloading from central: https://repo.maven.apache.org/maven2/org/codehaus/plexus/plexus-classworlds/2.4/plexus-classworlds-2.4.pom
Progress (1): 949 B
Progress (1): 2.9 kB
Progress (1): 3.9 kB
                    
Downloaded from central: https://repo.maven.apache.org/maven2/org/codehaus/plexus/plexus-classworlds/2.4/plexus-classworlds-2.4.pom (3.9 kB at 16 kB/s)
Downloading from central: https://repo.maven.apache.org/maven2/org/sonatype/sisu/sisu-inject-bean/2.1.1/sisu-inject-bean-2.1.1.pom
Progress (1): 953 B
Progress (1): 3.0 kB
                    
Downloaded from central: https://repo.maven.apache.org/maven2/org/sonatype/sisu/sisu-inject-bean/2.1.1/sisu-inject-bean-2.1.1.pom (3.0 kB at 14 kB/s)
Downloading from central: https://repo.maven.apache.org/maven2/org/sonatype/sisu/sisu-guice/2.9.4/sisu-guice-2.9.4.pom
Progress (1): 1.3 kB
Progress (1): 3.8 kB
Progress (1): 6.1 kB
Progress (1): 7.8 kB
                    
Downloaded from central: https://repo.maven.apache.org/maven2/org/sonatype/sisu/sisu-guice/2.9.4/sisu-guice-2.9.4.pom (7.8 kB at 35 kB/s)
Downloading from central: https://repo.maven.apache.org/maven2/org/sonatype/sisu/inject/guice-parent/2.9.4/guice-parent-2.9.4.pom
Progress (1): 792 B
Progress (1): 2.7 kB
Progress (1): 4.4 kB
Progress (1): 7.0 kB
Progress (1): 10 kB 
Progress (1): 13 kB
                   
Downloaded from central: https://repo.maven.apache.org/maven2/org/sonatype/sisu/inject/guice-parent/2.9.4/guice-parent-2.9.4.pom (13 kB at 59 kB/s)
Downloading from central: https://repo.maven.apache.org/maven2/org/apache/ant/ant/1.8.2/ant-1.8.2.pom
Progress (1): 789 B
Progress (1): 2.3 kB
Progress (1): 6.5 kB
Progress (1): 9.9 kB
                    
Downloaded from central: https://repo.maven.apache.org/maven2/org/apache/ant/ant/1.8.2/ant-1.8.2.pom (9.9 kB at 45 kB/s)
Downloading from central: https://repo.maven.apache.org/maven2/org/apache/ant/ant-parent/1.8.2/ant-parent-1.8.2.pom
Progress (1): 805 B
Progress (1): 2.2 kB
Progress (1): 4.6 kB
Progress (1): 4.7 kB
                    
Downloaded from central: https://repo.maven.apache.org/maven2/org/apache/ant/ant-parent/1.8.2/ant-parent-1.8.2.pom (4.7 kB at 22 kB/s)
Downloading from central: https://repo.maven.apache.org/maven2/org/apache/ant/ant-launcher/1.8.2/ant-launcher-1.8.2.pom
Progress (1): 848 B
Progress (1): 2.4 kB
                    
Downloaded from central: https://repo.maven.apache.org/maven2/org/apache/ant/ant-launcher/1.8.2/ant-launcher-1.8.2.pom (2.4 kB at 11 kB/s)
Downloading from central: https://repo.maven.apache.org/maven2/commons-io/commons-io/2.1/commons-io-2.1.pom
Progress (1): 797 B
Progress (1): 2.2 kB
Progress (1): 5.6 kB
Progress (1): 7.7 kB
Progress (1): 10 kB 
Progress (1): 11 kB
                   
Downloaded from central: https://repo.maven.apache.org/maven2/commons-io/commons-io/2.1/commons-io-2.1.pom (11 kB at 46 kB/s)
Downloading from central: https://repo.maven.apache.org/maven2/xerces/xercesImpl/2.8.0/xercesImpl-2.8.0.pom
Progress (1): 1.1 kB
Progress (1): 1.4 kB
                    
Downloaded from central: https://repo.maven.apache.org/maven2/xerces/xercesImpl/2.8.0/xercesImpl-2.8.0.pom (1.4 kB at 6.5 kB/s)
Downloading from central: https://repo.maven.apache.org/maven2/org/apache/maven/maven-plugin-api/3.0.3/maven-plugin-api-3.0.3.jar
Progress (1): 7.7/49 kB
Progress (1): 16/49 kB 
Progress (1): 24/49 kB
Progress (1): 40/49 kB
Progress (1): 49 kB   
                   
Downloaded from central: https://repo.maven.apache.org/maven2/org/apache/maven/maven-plugin-api/3.0.3/maven-plugin-api-3.0.3.jar (49 kB at 187 kB/s)
Downloading from central: https://repo.maven.apache.org/maven2/org/apache/maven/maven-model/3.0.3/maven-model-3.0.3.jar
Downloading from central: https://repo.maven.apache.org/maven2/org/codehaus/plexus/plexus-utils/2.0.6/plexus-utils-2.0.6.jar
Downloading from central: https://repo.maven.apache.org/maven2/org/apache/maven/maven-artifact/3.0.3/maven-artifact-3.0.3.jar
Downloading from central: https://repo.maven.apache.org/maven2/org/sonatype/sisu/sisu-inject-plexus/2.1.1/sisu-inject-plexus-2.1.1.jar
Downloading from central: https://repo.maven.apache.org/maven2/org/codehaus/plexus/plexus-classworlds/2.4/plexus-classworlds-2.4.jar
Progress (1): 3.2/52 kB
Progress (1): 20/52 kB 
Progress (1): 28/52 kB
Progress (2): 28/52 kB | 7.7/163 kB
Progress (2): 28/52 kB | 7.7/163 kB
Progress (3): 28/52 kB | 7.7/163 kB | 7.7/223 kB
Progress (3): 28/52 kB | 24/163 kB | 7.7/223 kB 
Progress (3): 28/52 kB | 24/163 kB | 16/223 kB 
Progress (3): 28/52 kB | 24/163 kB | 32/223 kB
Progress (3): 28/52 kB | 24/163 kB | 49/223 kB
Progress (3): 28/52 kB | 24/163 kB | 57/223 kB
Progress (3): 28/52 kB | 24/163 kB | 73/223 kB
Progress (3): 28/52 kB | 40/163 kB | 73/223 kB
Progress (3): 44/52 kB | 40/163 kB | 73/223 kB
Progress (3): 44/52 kB | 40/163 kB | 90/223 kB
Progress (3): 52 kB | 40/163 kB | 90/223 kB   
Progress (3): 52 kB | 57/163 kB | 90/223 kB
Progress (3): 52 kB | 57/163 kB | 106/223 kB
Progress (3): 52 kB | 57/163 kB | 122/223 kB
                                            
Downloaded from central: https://repo.maven.apache.org/maven2/org/apache/maven/maven-artifact/3.0.3/maven-artifact-3.0.3.jar (52 kB at 236 kB/s)
Downloading from central: https://repo.maven.apache.org/maven2/org/sonatype/sisu/sisu-inject-bean/2.1.1/sisu-inject-bean-2.1.1.jar
Progress (2): 57/163 kB | 139/223 kB
Progress (2): 57/163 kB | 155/223 kB
Progress (2): 57/163 kB | 172/223 kB
Progress (2): 57/163 kB | 188/223 kB
Progress (2): 57/163 kB | 204/223 kB
Progress (2): 57/163 kB | 221/223 kB
Progress (2): 57/163 kB | 223 kB    
                                
Downloaded from central: https://repo.maven.apache.org/maven2/org/codehaus/plexus/plexus-utils/2.0.6/plexus-utils-2.0.6.jar (223 kB at 976 kB/s)
Downloading from central: https://repo.maven.apache.org/maven2/org/sonatype/sisu/sisu-guice/2.9.4/sisu-guice-2.9.4-no_aop.jar
Progress (2): 57/163 kB | 7.7/196 kB
Progress (2): 57/163 kB | 16/196 kB 
Progress (3): 57/163 kB | 16/196 kB | 7.7/47 kB
Progress (3): 57/163 kB | 16/196 kB | 16/47 kB 
Progress (3): 57/163 kB | 16/196 kB | 32/47 kB
Progress (3): 57/163 kB | 16/196 kB | 47 kB   
                                           
Downloaded from central: https://repo.maven.apache.org/maven2/org/codehaus/plexus/plexus-classworlds/2.4/plexus-classworlds-2.4.jar (47 kB at 141 kB/s)
Downloading from central: https://repo.maven.apache.org/maven2/org/apache/ant/ant/1.8.2/ant-1.8.2.jar
Progress (2): 73/163 kB | 16/196 kB
Progress (2): 90/163 kB | 16/196 kB
Progress (2): 93/163 kB | 16/196 kB
Progress (2): 110/163 kB | 16/196 kB
Progress (2): 126/163 kB | 16/196 kB
Progress (2): 143/163 kB | 16/196 kB
Progress (2): 159/163 kB | 16/196 kB
Progress (2): 163 kB | 16/196 kB    
                                
Downloaded from central: https://repo.maven.apache.org/maven2/org/apache/maven/maven-model/3.0.3/maven-model-3.0.3.jar (163 kB at 388 kB/s)
Downloading from central: https://repo.maven.apache.org/maven2/org/apache/ant/ant-launcher/1.8.2/ant-launcher-1.8.2.jar
Progress (2): 16/196 kB | 7.7/230 kB
Progress (2): 16/196 kB | 15/230 kB 
Progress (2): 16/196 kB | 32/230 kB
Progress (2): 16/196 kB | 48/230 kB
Progress (2): 16/196 kB | 65/230 kB
Progress (2): 16/196 kB | 81/230 kB
Progress (2): 16/196 kB | 97/230 kB
Progress (3): 16/196 kB | 97/230 kB | 7.7/484 kB
Progress (3): 16/196 kB | 114/230 kB | 7.7/484 kB
Progress (3): 16/196 kB | 114/230 kB | 16/484 kB 
Progress (3): 16/196 kB | 130/230 kB | 16/484 kB
Progress (3): 32/196 kB | 130/230 kB | 16/484 kB
Progress (3): 49/196 kB | 130/230 kB | 16/484 kB
Progress (3): 65/196 kB | 130/230 kB | 16/484 kB
Progress (3): 81/196 kB | 130/230 kB | 16/484 kB
Progress (3): 98/196 kB | 130/230 kB | 16/484 kB
Progress (3): 114/196 kB | 130/230 kB | 16/484 kB
Progress (3): 131/196 kB | 130/230 kB | 16/484 kB
Progress (3): 131/196 kB | 147/230 kB | 16/484 kB
Progress (3): 147/196 kB | 147/230 kB | 16/484 kB
Progress (3): 163/196 kB | 147/230 kB | 16/484 kB
Progress (3): 163/196 kB | 163/230 kB | 16/484 kB
Progress (3): 163/196 kB | 179/230 kB | 16/484 kB
Progress (3): 163/196 kB | 196/230 kB | 16/484 kB
Progress (3): 163/196 kB | 212/230 kB | 16/484 kB
Progress (3): 180/196 kB | 212/230 kB | 16/484 kB
Progress (3): 180/196 kB | 228/230 kB | 16/484 kB
Progress (3): 180/196 kB | 230 kB | 16/484 kB    
                                             
Downloaded from central: https://repo.maven.apache.org/maven2/org/sonatype/sisu/sisu-inject-bean/2.1.1/sisu-inject-bean-2.1.1.jar (230 kB at 449 kB/s)
Downloading from central: https://repo.maven.apache.org/maven2/commons-io/commons-io/2.1/commons-io-2.1.jar
Progress (2): 196 kB | 16/484 kB
                                
Downloaded from central: https://repo.maven.apache.org/maven2/org/sonatype/sisu/sisu-inject-plexus/2.1.1/sisu-inject-plexus-2.1.1.jar (196 kB at 371 kB/s)
Downloading from central: https://repo.maven.apache.org/maven2/xerces/xercesImpl/2.8.0/xercesImpl-2.8.0.jar
Progress (2): 16/484 kB | 0/1.9 MB
Progress (2): 16/484 kB | 0/1.9 MB
Progress (2): 16/484 kB | 0/1.9 MB
Progress (2): 16/484 kB | 0/1.9 MB
Progress (2): 16/484 kB | 0.1/1.9 MB
Progress (2): 32/484 kB | 0.1/1.9 MB
Progress (2): 49/484 kB | 0.1/1.9 MB
Progress (2): 65/484 kB | 0.1/1.9 MB
Progress (2): 81/484 kB | 0.1/1.9 MB
Progress (2): 98/484 kB | 0.1/1.9 MB
Progress (2): 114/484 kB | 0.1/1.9 MB
Progress (2): 131/484 kB | 0.1/1.9 MB
Progress (2): 147/484 kB | 0.1/1.9 MB
Progress (2): 163/484 kB | 0.1/1.9 MB
Progress (2): 180/484 kB | 0.1/1.9 MB
Progress (2): 196/484 kB | 0.1/1.9 MB
Progress (2): 212/484 kB | 0.1/1.9 MB
Progress (2): 229/484 kB | 0.1/1.9 MB
Progress (2): 245/484 kB | 0.1/1.9 MB
Progress (2): 262/484 kB | 0.1/1.9 MB
Progress (2): 278/484 kB | 0.1/1.9 MB
Progress (2): 294/484 kB | 0.1/1.9 MB
Progress (2): 311/484 kB | 0.1/1.9 MB
Progress (2): 327/484 kB | 0.1/1.9 MB
Progress (2): 344/484 kB | 0.1/1.9 MB
Progress (2): 360/484 kB | 0.1/1.9 MB
Progress (2): 376/484 kB | 0.1/1.9 MB
Progress (2): 393/484 kB | 0.1/1.9 MB
Progress (2): 409/484 kB | 0.1/1.9 MB
Progress (2): 425/484 kB | 0.1/1.9 MB
Progress (2): 442/484 kB | 0.1/1.9 MB
Progress (2): 458/484 kB | 0.1/1.9 MB
Progress (2): 475/484 kB | 0.1/1.9 MB
Progress (2): 484 kB | 0.1/1.9 MB    
                                 
Downloaded from central: https://repo.maven.apache.org/maven2/org/sonatype/sisu/sisu-guice/2.9.4/sisu-guice-2.9.4-no_aop.jar (484 kB at 720 kB/s)
Downloading from central: https://repo.maven.apache.org/maven2/xml-apis/xml-apis/1.3.03/xml-apis-1.3.03.jar
Progress (2): 0.1/1.9 MB | 7.7/12 kB
Progress (2): 0.1/1.9 MB | 7.7/12 kB
Progress (2): 0.1/1.9 MB | 12 kB    
                                
Downloaded from central: https://repo.maven.apache.org/maven2/org/apache/ant/ant-launcher/1.8.2/ant-launcher-1.8.2.jar (12 kB at 18 kB/s)
Progress (2): 0.1/1.9 MB | 3.2/163 kB
Progress (3): 0.1/1.9 MB | 3.2/163 kB | 0/1.2 MB
Progress (3): 0.1/1.9 MB | 3.2/163 kB | 0/1.2 MB
Progress (3): 0.1/1.9 MB | 3.2/163 kB | 0/1.2 MB
Progress (3): 0.1/1.9 MB | 3.2/163 kB | 0/1.2 MB
Progress (3): 0.1/1.9 MB | 3.2/163 kB | 0/1.2 MB
Progress (3): 0.1/1.9 MB | 3.2/163 kB | 0/1.2 MB
Progress (3): 0.1/1.9 MB | 3.2/163 kB | 0/1.2 MB
Progress (3): 0.1/1.9 MB | 3.2/163 kB | 0/1.2 MB
Progress (3): 0.1/1.9 MB | 3.2/163 kB | 0/1.2 MB
Progress (3): 0.2/1.9 MB | 3.2/163 kB | 0/1.2 MB
Progress (3): 0.2/1.9 MB | 3.2/163 kB | 0/1.2 MB
Progress (3): 0.2/1.9 MB | 3.2/163 kB | 0/1.2 MB
Progress (3): 0.2/1.9 MB | 3.2/163 kB | 0/1.2 MB
Progress (3): 0.2/1.9 MB | 3.2/163 kB | 0/1.2 MB
Progress (3): 0.2/1.9 MB | 3.2/163 kB | 0/1.2 MB
Progress (3): 0.3/1.9 MB | 3.2/163 kB | 0/1.2 MB
Progress (3): 0.3/1.9 MB | 3.2/163 kB | 0/1.2 MB
Progress (3): 0.3/1.9 MB | 3.2/163 kB | 0/1.2 MB
Progress (3): 0.3/1.9 MB | 3.2/163 kB | 0/1.2 MB
Progress (3): 0.3/1.9 MB | 3.2/163 kB | 0/1.2 MB
Progress (3): 0.3/1.9 MB | 3.2/163 kB | 0/1.2 MB
Progress (3): 0.4/1.9 MB | 3.2/163 kB | 0/1.2 MB
Progress (3): 0.4/1.9 MB | 3.2/163 kB | 0/1.2 MB
Progress (3): 0.4/1.9 MB | 3.2/163 kB | 0/1.2 MB
Progress (3): 0.4/1.9 MB | 3.2/163 kB | 0/1.2 MB
Progress (3): 0.4/1.9 MB | 3.2/163 kB | 0/1.2 MB
Progress (3): 0.4/1.9 MB | 3.2/163 kB | 0/1.2 MB
Progress (3): 0.5/1.9 MB | 3.2/163 kB | 0/1.2 MB
Progress (3): 0.5/1.9 MB | 3.2/163 kB | 0/1.2 MB
Progress (3): 0.5/1.9 MB | 3.2/163 kB | 0/1.2 MB
Progress (3): 0.5/1.9 MB | 3.2/163 kB | 0/1.2 MB
Progress (3): 0.5/1.9 MB | 3.2/163 kB | 0/1.2 MB
Progress (4): 0.5/1.9 MB | 3.2/163 kB | 0/1.2 MB | 7.7/195 kB
Progress (4): 0.5/1.9 MB | 3.2/163 kB | 0/1.2 MB | 16/195 kB 
Progress (4): 0.5/1.9 MB | 3.2/163 kB | 0/1.2 MB | 32/195 kB
Progress (4): 0.5/1.9 MB | 3.2/163 kB | 0/1.2 MB | 49/195 kB
Progress (4): 0.5/1.9 MB | 3.2/163 kB | 0/1.2 MB | 65/195 kB
Progress (4): 0.5/1.9 MB | 3.2/163 kB | 0/1.2 MB | 81/195 kB
Progress (4): 0.5/1.9 MB | 3.2/163 kB | 0/1.2 MB | 98/195 kB
Progress (4): 0.5/1.9 MB | 3.2/163 kB | 0/1.2 MB | 114/195 kB
Progress (4): 0.5/1.9 MB | 3.2/163 kB | 0/1.2 MB | 131/195 kB
Progress (4): 0.5/1.9 MB | 3.2/163 kB | 0/1.2 MB | 131/195 kB
Progress (4): 0.5/1.9 MB | 3.2/163 kB | 0/1.2 MB | 147/195 kB
Progress (4): 0.5/1.9 MB | 3.2/163 kB | 0/1.2 MB | 163/195 kB
Progress (4): 0.5/1.9 MB | 3.2/163 kB | 0/1.2 MB | 180/195 kB
Progress (4): 0.5/1.9 MB | 3.2/163 kB | 0/1.2 MB | 195 kB    
                                                         
Downloaded from central: https://repo.maven.apache.org/maven2/xml-apis/xml-apis/1.3.03/xml-apis-1.3.03.jar (195 kB at 215 kB/s)
Progress (3): 0.5/1.9 MB | 20/163 kB | 0/1.2 MB
Progress (3): 0.5/1.9 MB | 36/163 kB | 0/1.2 MB
Progress (3): 0.5/1.9 MB | 49/163 kB | 0/1.2 MB
Progress (3): 0.5/1.9 MB | 66/163 kB | 0/1.2 MB
Progress (3): 0.6/1.9 MB | 66/163 kB | 0/1.2 MB
Progress (3): 0.6/1.9 MB | 82/163 kB | 0/1.2 MB
Progress (3): 0.6/1.9 MB | 98/163 kB | 0/1.2 MB
Progress (3): 0.6/1.9 MB | 115/163 kB | 0/1.2 MB
Progress (3): 0.6/1.9 MB | 131/163 kB | 0/1.2 MB
Progress (3): 0.6/1.9 MB | 147/163 kB | 0/1.2 MB
Progress (3): 0.6/1.9 MB | 163 kB | 0/1.2 MB    
                                            
Downloaded from central: https://repo.maven.apache.org/maven2/commons-io/commons-io/2.1/commons-io-2.1.jar (163 kB at 178 kB/s)
Progress (2): 0.6/1.9 MB | 0/1.2 MB
Progress (2): 0.6/1.9 MB | 0/1.2 MB
Progress (2): 0.6/1.9 MB | 0/1.2 MB
Progress (2): 0.6/1.9 MB | 0/1.2 MB
Progress (2): 0.6/1.9 MB | 0/1.2 MB
Progress (2): 0.7/1.9 MB | 0/1.2 MB
Progress (2): 0.7/1.9 MB | 0/1.2 MB
Progress (2): 0.7/1.9 MB | 0/1.2 MB
Progress (2): 0.7/1.9 MB | 0/1.2 MB
Progress (2): 0.7/1.9 MB | 0/1.2 MB
Progress (2): 0.7/1.9 MB | 0/1.2 MB
Progress (2): 0.8/1.9 MB | 0/1.2 MB
Progress (2): 0.8/1.9 MB | 0.1/1.2 MB
Progress (2): 0.8/1.9 MB | 0.1/1.2 MB
Progress (2): 0.8/1.9 MB | 0.1/1.2 MB
Progress (2): 0.8/1.9 MB | 0.1/1.2 MB
Progress (2): 0.8/1.9 MB | 0.1/1.2 MB
Progress (2): 0.8/1.9 MB | 0.1/1.2 MB
Progress (2): 0.8/1.9 MB | 0.1/1.2 MB
Progress (2): 0.9/1.9 MB | 0.1/1.2 MB
Progress (2): 0.9/1.9 MB | 0.1/1.2 MB
Progress (2): 0.9/1.9 MB | 0.1/1.2 MB
Progress (2): 0.9/1.9 MB | 0.1/1.2 MB
Progress (2): 0.9/1.9 MB | 0.1/1.2 MB
Progress (2): 0.9/1.9 MB | 0.1/1.2 MB
Progress (2): 0.9/1.9 MB | 0.1/1.2 MB
Progress (2): 0.9/1.9 MB | 0.2/1.2 MB
Progress (2): 0.9/1.9 MB | 0.2/1.2 MB
Progress (2): 0.9/1.9 MB | 0.2/1.2 MB
Progress (2): 0.9/1.9 MB | 0.2/1.2 MB
Progress (2): 0.9/1.9 MB | 0.2/1.2 MB
Progress (2): 0.9/1.9 MB | 0.2/1.2 MB
Progress (2): 0.9/1.9 MB | 0.2/1.2 MB
Progress (2): 0.9/1.9 MB | 0.2/1.2 MB
Progress (2): 0.9/1.9 MB | 0.2/1.2 MB
Progress (2): 0.9/1.9 MB | 0.2/1.2 MB
Progress (2): 0.9/1.9 MB | 0.3/1.2 MB
Progress (2): 1.0/1.9 MB | 0.3/1.2 MB
Progress (2): 1.0/1.9 MB | 0.3/1.2 MB
Progress (2): 1.0/1.9 MB | 0.3/1.2 MB
Progress (2): 1.0/1.9 MB | 0.3/1.2 MB
Progress (2): 1.0/1.9 MB | 0.3/1.2 MB
Progress (2): 1.0/1.9 MB | 0.3/1.2 MB
Progress (2): 1.0/1.9 MB | 0.3/1.2 MB
Progress (2): 1.1/1.9 MB | 0.3/1.2 MB
Progress (2): 1.1/1.9 MB | 0.3/1.2 MB
Progress (2): 1.1/1.9 MB | 0.3/1.2 MB
Progress (2): 1.1/1.9 MB | 0.3/1.2 MB
Progress (2): 1.1/1.9 MB | 0.3/1.2 MB
Progress (2): 1.1/1.9 MB | 0.3/1.2 MB
Progress (2): 1.1/1.9 MB | 0.3/1.2 MB
Progress (2): 1.2/1.9 MB | 0.3/1.2 MB
Progress (2): 1.2/1.9 MB | 0.3/1.2 MB
Progress (2): 1.2/1.9 MB | 0.3/1.2 MB
Progress (2): 1.2/1.9 MB | 0.3/1.2 MB
Progress (2): 1.2/1.9 MB | 0.3/1.2 MB
Progress (2): 1.2/1.9 MB | 0.3/1.2 MB
Progress (2): 1.2/1.9 MB | 0.3/1.2 MB
Progress (2): 1.2/1.9 MB | 0.3/1.2 MB
Progress (2): 1.3/1.9 MB | 0.3/1.2 MB
Progress (2): 1.3/1.9 MB | 0.3/1.2 MB
Progress (2): 1.3/1.9 MB | 0.3/1.2 MB
Progress (2): 1.3/1.9 MB | 0.3/1.2 MB
Progress (2): 1.3/1.9 MB | 0.3/1.2 MB
Progress (2): 1.3/1.9 MB | 0.3/1.2 MB
Progress (2): 1.3/1.9 MB | 0.3/1.2 MB
Progress (2): 1.3/1.9 MB | 0.3/1.2 MB
Progress (2): 1.4/1.9 MB | 0.3/1.2 MB
Progress (2): 1.4/1.9 MB | 0.3/1.2 MB
Progress (2): 1.4/1.9 MB | 0.3/1.2 MB
Progress (2): 1.4/1.9 MB | 0.3/1.2 MB
Progress (2): 1.4/1.9 MB | 0.4/1.2 MB
Progress (2): 1.4/1.9 MB | 0.4/1.2 MB
Progress (2): 1.4/1.9 MB | 0.4/1.2 MB
Progress (2): 1.5/1.9 MB | 0.4/1.2 MB
Progress (2): 1.5/1.9 MB | 0.4/1.2 MB
Progress (2): 1.5/1.9 MB | 0.4/1.2 MB
Progress (2): 1.5/1.9 MB | 0.4/1.2 MB
Progress (2): 1.5/1.9 MB | 0.4/1.2 MB
Progress (2): 1.5/1.9 MB | 0.4/1.2 MB
Progress (2): 1.5/1.9 MB | 0.4/1.2 MB
Progress (2): 1.5/1.9 MB | 0.4/1.2 MB
Progress (2): 1.5/1.9 MB | 0.4/1.2 MB
Progress (2): 1.5/1.9 MB | 0.4/1.2 MB
Progress (2): 1.5/1.9 MB | 0.5/1.2 MB
Progress (2): 1.5/1.9 MB | 0.5/1.2 MB
Progress (2): 1.5/1.9 MB | 0.5/1.2 MB
Progress (2): 1.5/1.9 MB | 0.5/1.2 MB
Progress (2): 1.5/1.9 MB | 0.5/1.2 MB
Progress (2): 1.5/1.9 MB | 0.5/1.2 MB
Progress (2): 1.5/1.9 MB | 0.6/1.2 MB
Progress (2): 1.5/1.9 MB | 0.6/1.2 MB
Progress (2): 1.6/1.9 MB | 0.6/1.2 MB
Progress (2): 1.6/1.9 MB | 0.6/1.2 MB
Progress (2): 1.6/1.9 MB | 0.6/1.2 MB
Progress (2): 1.6/1.9 MB | 0.6/1.2 MB
Progress (2): 1.6/1.9 MB | 0.6/1.2 MB
Progress (2): 1.6/1.9 MB | 0.6/1.2 MB
Progress (2): 1.7/1.9 MB | 0.6/1.2 MB
Progress (2): 1.7/1.9 MB | 0.6/1.2 MB
Progress (2): 1.7/1.9 MB | 0.6/1.2 MB
Progress (2): 1.7/1.9 MB | 0.6/1.2 MB
Progress (2): 1.7/1.9 MB | 0.6/1.2 MB
Progress (2): 1.7/1.9 MB | 0.6/1.2 MB
Progress (2): 1.8/1.9 MB | 0.6/1.2 MB
Progress (2): 1.8/1.9 MB | 0.6/1.2 MB
Progress (2): 1.8/1.9 MB | 0.6/1.2 MB
Progress (2): 1.8/1.9 MB | 0.6/1.2 MB
Progress (2): 1.8/1.9 MB | 0.6/1.2 MB
Progress (2): 1.8/1.9 MB | 0.6/1.2 MB
Progress (2): 1.9/1.9 MB | 0.6/1.2 MB
Progress (2): 1.9/1.9 MB | 0.6/1.2 MB
Progress (2): 1.9/1.9 MB | 0.6/1.2 MB
Progress (2): 1.9/1.9 MB | 0.6/1.2 MB
Progress (2): 1.9/1.9 MB | 0.6/1.2 MB
Progress (2): 1.9 MB | 0.6/1.2 MB    
                                 
Downloaded from central: https://repo.maven.apache.org/maven2/org/apache/ant/ant/1.8.2/ant-1.8.2.jar (1.9 MB at 1.2 MB/s)
Progress (1): 0.6/1.2 MB
Progress (1): 0.6/1.2 MB
Progress (1): 0.6/1.2 MB
Progress (1): 0.6/1.2 MB
Progress (1): 0.6/1.2 MB
Progress (1): 0.7/1.2 MB
Progress (1): 0.7/1.2 MB
Progress (1): 0.7/1.2 MB
Progress (1): 0.7/1.2 MB
Progress (1): 0.7/1.2 MB
Progress (1): 0.7/1.2 MB
Progress (1): 0.7/1.2 MB
Progress (1): 0.8/1.2 MB
Progress (1): 0.8/1.2 MB
Progress (1): 0.8/1.2 MB
Progress (1): 0.8/1.2 MB
Progress (1): 0.8/1.2 MB
Progress (1): 0.8/1.2 MB
Progress (1): 0.9/1.2 MB
Progress (1): 0.9/1.2 MB
Progress (1): 0.9/1.2 MB
Progress (1): 0.9/1.2 MB
Progress (1): 0.9/1.2 MB
Progress (1): 0.9/1.2 MB
Progress (1): 1.0/1.2 MB
Progress (1): 1.0/1.2 MB
Progress (1): 1.0/1.2 MB
Progress (1): 1.0/1.2 MB
Progress (1): 1.0/1.2 MB
Progress (1): 1.0/1.2 MB
Progress (1): 1.0/1.2 MB
Progress (1): 1.1/1.2 MB
Progress (1): 1.1/1.2 MB
Progress (1): 1.1/1.2 MB
Progress (1): 1.1/1.2 MB
Progress (1): 1.1/1.2 MB
Progress (1): 1.1/1.2 MB
Progress (1): 1.1/1.2 MB
Progress (1): 1.2/1.2 MB
Progress (1): 1.2/1.2 MB
Progress (1): 1.2/1.2 MB
Progress (1): 1.2 MB    
                    
Downloaded from central: https://repo.maven.apache.org/maven2/xerces/xercesImpl/2.8.0/xercesImpl-2.8.0.jar (1.2 MB at 482 kB/s)
[INFO] Replacement run on 1 file.
[INFO] 
[INFO] --- resources:2.7:resources (default-resources) @ jackson-core ---
Downloading from central: https://repo.maven.apache.org/maven2/org/apache/maven/shared/maven-filtering/1.2/maven-filtering-1.2.pom
Progress (1): 803 B
Progress (1): 2.3 kB
Progress (1): 5.8 kB
Progress (1): 6.5 kB
                    
Downloaded from central: https://repo.maven.apache.org/maven2/org/apache/maven/shared/maven-filtering/1.2/maven-filtering-1.2.pom (6.5 kB at 30 kB/s)
Downloading from central: https://repo.maven.apache.org/maven2/org/apache/maven/shared/maven-shared-utils/0.3/maven-shared-utils-0.3.pom
Progress (1): 1.2 kB
Progress (1): 3.7 kB
Progress (1): 4.0 kB
                    
Downloaded from central: https://repo.maven.apache.org/maven2/org/apache/maven/shared/maven-shared-utils/0.3/maven-shared-utils-0.3.pom (4.0 kB at 19 kB/s)
Downloading from central: https://repo.maven.apache.org/maven2/org/codehaus/plexus/plexus-interpolation/1.12/plexus-interpolation-1.12.pom
Progress (1): 889 B
                   
Downloaded from central: https://repo.maven.apache.org/maven2/org/codehaus/plexus/plexus-interpolation/1.12/plexus-interpolation-1.12.pom (889 B at 4.3 kB/s)
Downloading from central: https://repo.maven.apache.org/maven2/org/sonatype/plexus/plexus-build-api/0.0.4/plexus-build-api-0.0.4.pom
Progress (1): 915 B
Progress (1): 2.9 kB
                    
Downloaded from central: https://repo.maven.apache.org/maven2/org/sonatype/plexus/plexus-build-api/0.0.4/plexus-build-api-0.0.4.pom (2.9 kB at 14 kB/s)
Downloading from central: https://repo.maven.apache.org/maven2/org/sonatype/spice/spice-parent/10/spice-parent-10.pom
Progress (1): 1.6 kB
Progress (1): 3.0 kB
                    
Downloaded from central: https://repo.maven.apache.org/maven2/org/sonatype/spice/spice-parent/10/spice-parent-10.pom (3.0 kB at 15 kB/s)
Downloading from central: https://repo.maven.apache.org/maven2/org/sonatype/forge/forge-parent/3/forge-parent-3.pom
Progress (1): 1.5 kB
Progress (1): 5.0 kB
                    
Downloaded from central: https://repo.maven.apache.org/maven2/org/sonatype/forge/forge-parent/3/forge-parent-3.pom (5.0 kB at 21 kB/s)
Downloading from central: https://repo.maven.apache.org/maven2/org/codehaus/plexus/plexus-interpolation/1.19/plexus-interpolation-1.19.pom
Progress (1): 1.0 kB
                    
Downloaded from central: https://repo.maven.apache.org/maven2/org/codehaus/plexus/plexus-interpolation/1.19/plexus-interpolation-1.19.pom (1.0 kB at 4.1 kB/s)
Downloading from central: https://repo.maven.apache.org/maven2/org/apache/maven/maven-plugin-api/2.2.1/maven-plugin-api-2.2.1.jar
Progress (1): 7.7/12 kB
Progress (1): 12 kB    
                   
Downloaded from central: https://repo.maven.apache.org/maven2/org/apache/maven/maven-plugin-api/2.2.1/maven-plugin-api-2.2.1.jar (12 kB at 55 kB/s)
Downloading from central: https://repo.maven.apache.org/maven2/org/apache/maven/maven-project/2.2.1/maven-project-2.2.1.jar
Downloading from central: https://repo.maven.apache.org/maven2/org/apache/maven/maven-profile/2.2.1/maven-profile-2.2.1.jar
Downloading from central: https://repo.maven.apache.org/maven2/org/apache/maven/maven-artifact-manager/2.2.1/maven-artifact-manager-2.2.1.jar
Downloading from central: https://repo.maven.apache.org/maven2/org/apache/maven/maven-plugin-registry/2.2.1/maven-plugin-registry-2.2.1.jar
Downloading from central: https://repo.maven.apache.org/maven2/org/apache/maven/maven-core/2.2.1/maven-core-2.2.1.jar
Progress (1): 7.7/30 kB
Progress (2): 7.7/30 kB | 7.7/68 kB
Progress (2): 16/30 kB | 7.7/68 kB 
Progress (2): 16/30 kB | 16/68 kB 
Progress (2): 30 kB | 16/68 kB   
                              
Downloaded from central: https://repo.maven.apache.org/maven2/org/apache/maven/maven-plugin-registry/2.2.1/maven-plugin-registry-2.2.1.jar (30 kB at 142 kB/s)
Downloading from central: https://repo.maven.apache.org/maven2/org/apache/maven/maven-plugin-parameter-documenter/2.2.1/maven-plugin-parameter-documenter-2.2.1.jar
Progress (2): 16/68 kB | 7.7/178 kB
Progress (2): 16/68 kB | 7.7/178 kB
Progress (3): 16/68 kB | 7.7/178 kB | 7.7/156 kB
Progress (3): 16/68 kB | 7.7/178 kB | 16/156 kB 
Progress (3): 16/68 kB | 24/178 kB | 16/156 kB 
Progress (3): 16/68 kB | 24/178 kB | 32/156 kB
Progress (4): 16/68 kB | 24/178 kB | 32/156 kB | 5.7/35 kB
Progress (4): 16/68 kB | 24/178 kB | 32/156 kB | 14/35 kB 
Progress (4): 16/68 kB | 24/178 kB | 49/156 kB | 14/35 kB
Progress (4): 16/68 kB | 24/178 kB | 49/156 kB | 30/35 kB
Progress (4): 16/68 kB | 24/178 kB | 49/156 kB | 35 kB   
                                                      
Downloaded from central: https://repo.maven.apache.org/maven2/org/apache/maven/maven-profile/2.2.1/maven-profile-2.2.1.jar (35 kB at 126 kB/s)
Downloading from central: https://repo.maven.apache.org/maven2/org/slf4j/slf4j-jdk14/1.5.6/slf4j-jdk14-1.5.6.jar
Progress (3): 16/68 kB | 40/178 kB | 49/156 kB
Progress (3): 16/68 kB | 40/178 kB | 65/156 kB
Progress (3): 16/68 kB | 40/178 kB | 81/156 kB
Progress (3): 16/68 kB | 40/178 kB | 98/156 kB
Progress (3): 16/68 kB | 40/178 kB | 114/156 kB
Progress (3): 16/68 kB | 40/178 kB | 131/156 kB
Progress (3): 16/68 kB | 40/178 kB | 147/156 kB
Progress (3): 32/68 kB | 40/178 kB | 147/156 kB
Progress (3): 49/68 kB | 40/178 kB | 147/156 kB
Progress (3): 49/68 kB | 40/178 kB | 156 kB    
                                           
Downloaded from central: https://repo.maven.apache.org/maven2/org/apache/maven/maven-project/2.2.1/maven-project-2.2.1.jar (156 kB at 384 kB/s)
Downloading from central: https://repo.maven.apache.org/maven2/org/slf4j/slf4j-api/1.5.6/slf4j-api-1.5.6.jar
Progress (2): 61/68 kB | 40/178 kB
Progress (2): 68 kB | 40/178 kB   
                               
Downloaded from central: https://repo.maven.apache.org/maven2/org/apache/maven/maven-artifact-manager/2.2.1/maven-artifact-manager-2.2.1.jar (68 kB at 165 kB/s)
Downloading from central: https://repo.maven.apache.org/maven2/org/slf4j/jcl-over-slf4j/1.5.6/jcl-over-slf4j-1.5.6.jar
Progress (2): 40/178 kB | 7.3/22 kB
Progress (2): 40/178 kB | 22 kB    
                               
Downloaded from central: https://repo.maven.apache.org/maven2/org/apache/maven/maven-plugin-parameter-documenter/2.2.1/maven-plugin-parameter-documenter-2.2.1.jar (22 kB at 54 kB/s)
Downloading from central: https://repo.maven.apache.org/maven2/org/apache/maven/reporting/maven-reporting-api/2.2.1/maven-reporting-api-2.2.1.jar
Progress (1): 57/178 kB
Progress (2): 57/178 kB | 7.7/8.8 kB
Progress (2): 57/178 kB | 7.7/8.8 kB
Progress (2): 57/178 kB | 8.8 kB    
                                
Downloaded from central: https://repo.maven.apache.org/maven2/org/slf4j/slf4j-jdk14/1.5.6/slf4j-jdk14-1.5.6.jar (8.8 kB at 16 kB/s)
Progress (1): 73/178 kB
                       
Downloading from central: https://repo.maven.apache.org/maven2/org/apache/maven/doxia/doxia-sink-api/1.1/doxia-sink-api-1.1.jar
Progress (1): 90/178 kB
Progress (1): 106/178 kB
Progress (1): 122/178 kB
Progress (1): 139/178 kB
Progress (1): 155/178 kB
Progress (1): 172/178 kB
Progress (1): 178 kB    
                    
Downloaded from central: https://repo.maven.apache.org/maven2/org/apache/maven/maven-core/2.2.1/maven-core-2.2.1.jar (178 kB at 315 kB/s)
Downloading from central: https://repo.maven.apache.org/maven2/org/apache/maven/doxia/doxia-logging-api/1.1/doxia-logging-api-1.1.jar
Progress (1): 7.3/17 kB
Progress (2): 7.3/17 kB | 7.7/9.8 kB
Progress (2): 7.3/17 kB | 9.8 kB    
                                
Downloaded from central: https://repo.maven.apache.org/maven2/org/apache/maven/reporting/maven-reporting-api/2.2.1/maven-reporting-api-2.2.1.jar (9.8 kB at 16 kB/s)
Downloading from central: https://repo.maven.apache.org/maven2/org/apache/maven/maven-repository-metadata/2.2.1/maven-repository-metadata-2.2.1.jar
Progress (1): 17 kB
                   
Downloaded from central: https://repo.maven.apache.org/maven2/org/slf4j/jcl-over-slf4j/1.5.6/jcl-over-slf4j-1.5.6.jar (17 kB at 27 kB/s)
Downloading from central: https://repo.maven.apache.org/maven2/org/apache/maven/maven-error-diagnostics/2.2.1/maven-error-diagnostics-2.2.1.jar
Progress (1): 7.7/22 kB
Progress (1): 16/22 kB 
Progress (1): 22 kB   
                   
Downloaded from central: https://repo.maven.apache.org/maven2/org/slf4j/slf4j-api/1.5.6/slf4j-api-1.5.6.jar (22 kB at 30 kB/s)
Downloading from central: https://repo.maven.apache.org/maven2/commons-cli/commons-cli/1.2/commons-cli-1.2.jar
Progress (1): 7.7/13 kB
Progress (1): 13 kB    
                   
Downloaded from central: https://repo.maven.apache.org/maven2/org/apache/maven/doxia/doxia-sink-api/1.1/doxia-sink-api-1.1.jar (13 kB at 16 kB/s)
Downloading from central: https://repo.maven.apache.org/maven2/org/apache/maven/maven-plugin-descriptor/2.2.1/maven-plugin-descriptor-2.2.1.jar
Progress (1): 7.7/11 kB
Progress (1): 11 kB    
                   
Downloaded from central: https://repo.maven.apache.org/maven2/org/apache/maven/doxia/doxia-logging-api/1.1/doxia-logging-api-1.1.jar (11 kB at 14 kB/s)
Downloading from central: https://repo.maven.apache.org/maven2/org/apache/maven/maven-artifact/2.2.1/maven-artifact-2.2.1.jar
Progress (1): 7.7/26 kB
Progress (1): 7.7/26 kB
Progress (1): 24/26 kB 
Progress (1): 26 kB   
                   
Downloaded from central: https://repo.maven.apache.org/maven2/org/apache/maven/maven-repository-metadata/2.2.1/maven-repository-metadata-2.2.1.jar (26 kB at 31 kB/s)
Downloading from central: https://repo.maven.apache.org/maven2/org/apache/maven/maven-settings/2.2.1/maven-settings-2.2.1.jar
Progress (1): 7.7/13 kB
Progress (1): 8.2/13 kB
Progress (1): 13 kB    
                   
Downloaded from central: https://repo.maven.apache.org/maven2/org/apache/maven/maven-error-diagnostics/2.2.1/maven-error-diagnostics-2.2.1.jar (13 kB at 15 kB/s)
Downloading from central: https://repo.maven.apache.org/maven2/org/apache/maven/maven-model/2.2.1/maven-model-2.2.1.jar
Progress (1): 7.7/41 kB
Progress (1): 16/41 kB 
Progress (1): 32/41 kB
Progress (1): 41 kB   
                   
Downloaded from central: https://repo.maven.apache.org/maven2/commons-cli/commons-cli/1.2/commons-cli-1.2.jar (41 kB at 40 kB/s)
Downloading from central: https://repo.maven.apache.org/maven2/org/apache/maven/maven-monitor/2.2.1/maven-monitor-2.2.1.jar
Progress (1): 7.7/49 kB
Progress (1): 16/49 kB 
Progress (1): 32/49 kB
Progress (1): 49/49 kB
Progress (1): 49 kB   
                   
Downloaded from central: https://repo.maven.apache.org/maven2/org/apache/maven/maven-settings/2.2.1/maven-settings-2.2.1.jar (49 kB at 47 kB/s)
Downloading from central: https://repo.maven.apache.org/maven2/org/apache/maven/shared/maven-filtering/1.2/maven-filtering-1.2.jar
Progress (1): 7.7/39 kB
Progress (1): 7.7/39 kB
Progress (1): 24/39 kB 
Progress (1): 25/39 kB
Progress (1): 39 kB   
Progress (2): 39 kB | 7.7/88 kB
Progress (2): 39 kB | 16/88 kB 
                              
Downloaded from central: https://repo.maven.apache.org/maven2/org/apache/maven/maven-plugin-descriptor/2.2.1/maven-plugin-descriptor-2.2.1.jar (39 kB at 37 kB/s)
Downloading from central: https://repo.maven.apache.org/maven2/org/apache/maven/shared/maven-shared-utils/0.3/maven-shared-utils-0.3.jar
Progress (1): 32/88 kB
Progress (1): 49/88 kB
Progress (1): 65/88 kB
Progress (1): 81/88 kB
Progress (1): 88 kB   
                   
Downloaded from central: https://repo.maven.apache.org/maven2/org/apache/maven/maven-model/2.2.1/maven-model-2.2.1.jar (88 kB at 76 kB/s)
Downloading from central: https://repo.maven.apache.org/maven2/org/sonatype/plexus/plexus-build-api/0.0.4/plexus-build-api-0.0.4.jar
Progress (1): 7.7/80 kB
Progress (1): 16/80 kB 
Progress (1): 24/80 kB
Progress (1): 40/80 kB
Progress (1): 49/80 kB
Progress (1): 66/80 kB
Progress (1): 80 kB   
                   
Downloaded from central: https://repo.maven.apache.org/maven2/org/apache/maven/maven-artifact/2.2.1/maven-artifact-2.2.1.jar (80 kB at 66 kB/s)
Downloading from central: https://repo.maven.apache.org/maven2/org/codehaus/plexus/plexus-interpolation/1.19/plexus-interpolation-1.19.jar
Progress (1): 7.7/10 kB
Progress (1): 10 kB    
                   
Downloaded from central: https://repo.maven.apache.org/maven2/org/apache/maven/maven-monitor/2.2.1/maven-monitor-2.2.1.jar (10 kB at 8.4 kB/s)
Progress (1): 6.8 kB
                    
Downloaded from central: https://repo.maven.apache.org/maven2/org/sonatype/plexus/plexus-build-api/0.0.4/plexus-build-api-0.0.4.jar (6.8 kB at 5.0 kB/s)
Progress (1): 7.7/44 kB
Progress (1): 16/44 kB 
Progress (1): 24/44 kB
Progress (1): 40/44 kB
Progress (2): 40/44 kB | 7.7/62 kB
Progress (2): 40/44 kB | 16/62 kB 
Progress (3): 40/44 kB | 16/62 kB | 5.7/155 kB
Progress (3): 40/44 kB | 16/62 kB | 22/155 kB 
Progress (3): 40/44 kB | 16/62 kB | 30/155 kB
Progress (3): 40/44 kB | 16/62 kB | 47/155 kB
Progress (3): 40/44 kB | 16/62 kB | 63/155 kB
Progress (3): 40/44 kB | 16/62 kB | 79/155 kB
Progress (3): 40/44 kB | 16/62 kB | 96/155 kB
Progress (3): 40/44 kB | 16/62 kB | 100/155 kB
Progress (3): 40/44 kB | 16/62 kB | 116/155 kB
Progress (3): 40/44 kB | 16/62 kB | 129/155 kB
Progress (3): 40/44 kB | 16/62 kB | 145/155 kB
Progress (3): 40/44 kB | 16/62 kB | 155 kB    
                                          
Downloaded from central: https://repo.maven.apache.org/maven2/org/apache/maven/shared/maven-shared-utils/0.3/maven-shared-utils-0.3.jar (155 kB at 104 kB/s)
Progress (2): 40/44 kB | 32/62 kB
Progress (2): 40/44 kB | 49/62 kB
Progress (2): 40/44 kB | 62 kB   
                              
Downloaded from central: https://repo.maven.apache.org/maven2/org/codehaus/plexus/plexus-interpolation/1.19/plexus-interpolation-1.19.jar (62 kB at 40 kB/s)
Progress (1): 44 kB
                   
Downloaded from central: https://repo.maven.apache.org/maven2/org/apache/maven/shared/maven-filtering/1.2/maven-filtering-1.2.jar (44 kB at 28 kB/s)
[INFO] Using 'UTF-8' encoding to copy filtered resources.
[INFO] Copying 3 resources
[INFO] 
[INFO] --- compiler:3.8.0:compile (default-compile) @ jackson-core ---
Downloading from central: https://repo.maven.apache.org/maven2/org/ow2/asm/asm/7.0/asm-7.0.pom
Progress (1): 1.2 kB
Progress (1): 2.9 kB
                    
Downloaded from central: https://repo.maven.apache.org/maven2/org/ow2/asm/asm/7.0/asm-7.0.pom (2.9 kB at 12 kB/s)
Downloading from central: https://repo.maven.apache.org/maven2/org/ow2/asm/asm/7.0/asm-7.0.jar
Progress (1): 8.2/114 kB
Progress (1): 25/114 kB 
Progress (1): 41/114 kB
Progress (1): 57/114 kB
Progress (1): 74/114 kB
Progress (1): 90/114 kB
Progress (1): 94/114 kB
Progress (1): 110/114 kB
Progress (1): 114 kB    
                    
Downloaded from central: https://repo.maven.apache.org/maven2/org/ow2/asm/asm/7.0/asm-7.0.jar (114 kB at 446 kB/s)
[WARNING]  Parameter 'optimize' (user property 'maven.compiler.optimize') is deprecated: This property is a no-op in {@code javac}.
[INFO] Changes detected - recompiling the module!
[INFO] Compiling 112 source files to /home/zhihao/hdd/marshal/benchmarks/cross-repo-pr-impact/results/single-case-pipeline-jackson-core-logback-v2-2026-08-27/replay-work/formal-github-jackson-core-mock-interception--target-logback-elasticsearch/source-a1/target/classes
[WARNING] bootstrap class path not set in conjunction with -source 1.6
[INFO] 
[INFO] --- resources:2.7:testResources (default-testResources) @ jackson-core ---
[INFO] Not copying test resources
[INFO] 
[INFO] --- compiler:3.8.0:testCompile (default-testCompile) @ jackson-core ---
[WARNING]  Parameter 'optimize' (user property 'maven.compiler.optimize') is deprecated: This property is a no-op in {@code javac}.
[INFO] Not compiling test sources
[INFO] 
[INFO] --- surefire:2.22.2:test (default-test) @ jackson-core ---
Downloading from central: https://repo.maven.apache.org/maven2/org/apache/maven/surefire/maven-surefire-common/2.22.2/maven-surefire-common-2.22.2.pom
Progress (1): 1.2 kB
Progress (1): 5.6 kB
Progress (1): 7.7 kB
Progress (1): 11 kB 
                   
Downloaded from central: https://repo.maven.apache.org/maven2/org/apache/maven/surefire/maven-surefire-common/2.22.2/maven-surefire-common-2.22.2.pom (11 kB at 58 kB/s)
Downloading from central: https://repo.maven.apache.org/maven2/org/apache/maven/plugin-tools/maven-plugin-annotations/3.5.2/maven-plugin-annotations-3.5.2.pom
Progress (1): 872 B
Progress (1): 1.6 kB
                    
Downloaded from central: https://repo.maven.apache.org/maven2/org/apache/maven/plugin-tools/maven-plugin-annotations/3.5.2/maven-plugin-annotations-3.5.2.pom (1.6 kB at 7.7 kB/s)
Downloading from central: https://repo.maven.apache.org/maven2/org/apache/maven/plugin-tools/maven-plugin-tools/3.5.2/maven-plugin-tools-3.5.2.pom
Progress (1): 818 B
Progress (1): 2.4 kB
Progress (1): 4.7 kB
Progress (1): 7.7 kB
Progress (1): 11 kB 
Progress (1): 15 kB
Progress (1): 15 kB
                   
Downloaded from central: https://repo.maven.apache.org/maven2/org/apache/maven/plugin-tools/maven-plugin-tools/3.5.2/maven-plugin-tools-3.5.2.pom (15 kB at 75 kB/s)
Downloading from central: https://repo.maven.apache.org/maven2/org/apache/maven/maven-parent/31/maven-parent-31.pom
Progress (1): 774 B
Progress (1): 2.0 kB
Progress (1): 5.9 kB
Progress (1): 7.7 kB
Progress (1): 11 kB 
Progress (1): 16 kB
Progress (1): 20 kB
Progress (1): 24 kB
Progress (1): 26 kB
Progress (1): 28 kB
Progress (1): 32 kB
Progress (1): 35 kB
Progress (1): 38 kB
Progress (1): 42 kB
Progress (1): 43 kB
                   
Downloaded from central: https://repo.maven.apache.org/maven2/org/apache/maven/maven-parent/31/maven-parent-31.pom (43 kB at 174 kB/s)
Downloading from central: https://repo.maven.apache.org/maven2/org/apache/apache/19/apache-19.pom
Progress (1): 756 B
Progress (1): 2.1 kB
Progress (1): 3.9 kB
Progress (1): 8.0 kB
Progress (1): 12 kB 
Progress (1): 15 kB
                   
Downloaded from central: https://repo.maven.apache.org/maven2/org/apache/apache/19/apache-19.pom (15 kB at 74 kB/s)
Downloading from central: https://repo.maven.apache.org/maven2/org/apache/maven/surefire/surefire-api/2.22.2/surefire-api-2.22.2.pom
Progress (1): 1.3 kB
Progress (1): 3.5 kB
                    
Downloaded from central: https://repo.maven.apache.org/maven2/org/apache/maven/surefire/surefire-api/2.22.2/surefire-api-2.22.2.pom (3.5 kB at 17 kB/s)
Downloading from central: https://repo.maven.apache.org/maven2/org/apache/maven/surefire/surefire-logger-api/2.22.2/surefire-logger-api-2.22.2.pom
Progress (1): 862 B
Progress (1): 2.0 kB
                    
Downloaded from central: https://repo.maven.apache.org/maven2/org/apache/maven/surefire/surefire-logger-api/2.22.2/surefire-logger-api-2.22.2.pom (2.0 kB at 9.0 kB/s)
Downloading from central: https://repo.maven.apache.org/maven2/org/apache/maven/surefire/surefire-booter/2.22.2/surefire-booter-2.22.2.pom
Progress (1): 1.1 kB
Progress (1): 5.0 kB
Progress (1): 7.5 kB
                    
Downloaded from central: https://repo.maven.apache.org/maven2/org/apache/maven/surefire/surefire-booter/2.22.2/surefire-booter-2.22.2.pom (7.5 kB at 35 kB/s)
Downloading from central: https://repo.maven.apache.org/maven2/com/thoughtworks/qdox/qdox/2.0-M8/qdox-2.0-M8.pom
Progress (1): 918 B
Progress (1): 3.4 kB
Progress (1): 6.7 kB
Progress (1): 7.7 kB
Progress (1): 12 kB 
Progress (1): 15 kB
Progress (1): 16 kB
                   
Downloaded from central: https://repo.maven.apache.org/maven2/com/thoughtworks/qdox/qdox/2.0-M8/qdox-2.0-M8.pom (16 kB at 72 kB/s)
Downloading from central: https://repo.maven.apache.org/maven2/org/apache/maven/surefire/maven-surefire-common/2.22.2/maven-surefire-common-2.22.2.jar
Progress (1): 7.7/528 kB
Progress (1): 16/528 kB 
Progress (1): 32/528 kB
Progress (1): 49/528 kB
Progress (1): 57/528 kB
Progress (1): 73/528 kB
Progress (1): 90/528 kB
Progress (1): 106/528 kB
Progress (1): 122/528 kB
Progress (1): 139/528 kB
Progress (1): 155/528 kB
Progress (1): 172/528 kB
Progress (1): 188/528 kB
Progress (1): 204/528 kB
Progress (1): 221/528 kB
Progress (1): 237/528 kB
Progress (1): 253/528 kB
Progress (1): 270/528 kB
Progress (1): 286/528 kB
Progress (1): 303/528 kB
Progress (1): 319/528 kB
Progress (1): 335/528 kB
Progress (1): 352/528 kB
Progress (1): 368/528 kB
Progress (1): 385/528 kB
Progress (1): 401/528 kB
Progress (1): 417/528 kB
Progress (1): 434/528 kB
Progress (1): 450/528 kB
Progress (1): 466/528 kB
Progress (1): 483/528 kB
Progress (1): 499/528 kB
Progress (1): 516/528 kB
Progress (1): 528 kB    
                    
Downloaded from central: https://repo.maven.apache.org/maven2/org/apache/maven/surefire/maven-surefire-common/2.22.2/maven-surefire-common-2.22.2.jar (528 kB at 1.3 MB/s)
Downloading from central: https://repo.maven.apache.org/maven2/org/apache/maven/plugin-tools/maven-plugin-annotations/3.5.2/maven-plugin-annotations-3.5.2.jar
Downloading from central: https://repo.maven.apache.org/maven2/org/apache/maven/surefire/surefire-api/2.22.2/surefire-api-2.22.2.jar
Downloading from central: https://repo.maven.apache.org/maven2/org/apache/maven/surefire/surefire-logger-api/2.22.2/surefire-logger-api-2.22.2.jar
Downloading from central: https://repo.maven.apache.org/maven2/org/apache/maven/surefire/surefire-booter/2.22.2/surefire-booter-2.22.2.jar
Downloading from central: https://repo.maven.apache.org/maven2/org/codehaus/plexus/plexus-utils/1.5.15/plexus-utils-1.5.15.jar
Progress (1): 7.7/14 kB
Progress (1): 14 kB    
                   
Downloaded from central: https://repo.maven.apache.org/maven2/org/apache/maven/plugin-tools/maven-plugin-annotations/3.5.2/maven-plugin-annotations-3.5.2.jar (14 kB at 69 kB/s)
Downloading from central: https://repo.maven.apache.org/maven2/org/codehaus/plexus/plexus-interpolation/1.11/plexus-interpolation-1.11.jar
Progress (1): 8.2/13 kB
Progress (1): 13 kB    
                   
Downloaded from central: https://repo.maven.apache.org/maven2/org/apache/maven/surefire/surefire-logger-api/2.22.2/surefire-logger-api-2.22.2.jar (13 kB at 59 kB/s)
Downloading from central: https://repo.maven.apache.org/maven2/com/thoughtworks/qdox/qdox/2.0-M8/qdox-2.0-M8.jar
Progress (1): 7.7/274 kB
Progress (1): 7.7/274 kB
Progress (2): 7.7/274 kB | 7.7/186 kB
Progress (2): 7.7/274 kB | 16/186 kB 
Progress (2): 24/274 kB | 16/186 kB 
Progress (3): 24/274 kB | 16/186 kB | 7.7/228 kB
Progress (3): 24/274 kB | 16/186 kB | 16/228 kB 
Progress (3): 24/274 kB | 16/186 kB | 32/228 kB
Progress (3): 24/274 kB | 16/186 kB | 49/228 kB
Progress (3): 24/274 kB | 16/186 kB | 65/228 kB
Progress (3): 24/274 kB | 16/186 kB | 81/228 kB
Progress (3): 24/274 kB | 16/186 kB | 98/228 kB
Progress (3): 24/274 kB | 16/186 kB | 114/228 kB
Progress (3): 24/274 kB | 16/186 kB | 131/228 kB
Progress (3): 24/274 kB | 16/186 kB | 147/228 kB
Progress (3): 24/274 kB | 16/186 kB | 147/228 kB
Progress (3): 24/274 kB | 16/186 kB | 164/228 kB
Progress (3): 24/274 kB | 16/186 kB | 180/228 kB
Progress (3): 24/274 kB | 16/186 kB | 197/228 kB
Progress (3): 24/274 kB | 16/186 kB | 213/228 kB
Progress (3): 24/274 kB | 32/186 kB | 213/228 kB
Progress (3): 24/274 kB | 32/186 kB | 228 kB    
                                            
Downloaded from central: https://repo.maven.apache.org/maven2/org/codehaus/plexus/plexus-utils/1.5.15/plexus-utils-1.5.15.jar (228 kB at 826 kB/s)
Progress (2): 40/274 kB | 32/186 kB
Progress (2): 57/274 kB | 32/186 kB
Progress (2): 57/274 kB | 49/186 kB
Progress (2): 73/274 kB | 49/186 kB
Progress (2): 73/274 kB | 57/186 kB
Progress (2): 90/274 kB | 57/186 kB
Progress (2): 93/274 kB | 57/186 kB
Progress (2): 93/274 kB | 73/186 kB
Progress (2): 110/274 kB | 73/186 kB
Progress (2): 122/274 kB | 73/186 kB
Progress (2): 122/274 kB | 90/186 kB
Progress (2): 139/274 kB | 90/186 kB
Progress (2): 139/274 kB | 106/186 kB
Progress (2): 155/274 kB | 106/186 kB
Progress (3): 155/274 kB | 106/186 kB | 7.7/51 kB
Progress (3): 155/274 kB | 106/186 kB | 16/51 kB 
Progress (3): 155/274 kB | 106/186 kB | 24/51 kB
Progress (3): 155/274 kB | 106/186 kB | 40/51 kB
Progress (3): 155/274 kB | 106/186 kB | 51 kB   
                                             
Downloaded from central: https://repo.maven.apache.org/maven2/org/codehaus/plexus/plexus-interpolation/1.11/plexus-interpolation-1.11.jar (51 kB at 119 kB/s)
Progress (2): 172/274 kB | 106/186 kB
Progress (2): 172/274 kB | 122/186 kB
Progress (2): 188/274 kB | 122/186 kB
Progress (3): 188/274 kB | 122/186 kB | 7.7/316 kB
Progress (3): 188/274 kB | 122/186 kB | 16/316 kB 
Progress (3): 188/274 kB | 122/186 kB | 24/316 kB
Progress (3): 204/274 kB | 122/186 kB | 24/316 kB
Progress (3): 204/274 kB | 139/186 kB | 24/316 kB
Progress (3): 221/274 kB | 139/186 kB | 24/316 kB
Progress (3): 221/274 kB | 139/186 kB | 40/316 kB
Progress (3): 237/274 kB | 139/186 kB | 40/316 kB
Progress (3): 237/274 kB | 155/186 kB | 40/316 kB
Progress (3): 237/274 kB | 155/186 kB | 57/316 kB
Progress (3): 253/274 kB | 155/186 kB | 57/316 kB
Progress (3): 270/274 kB | 155/186 kB | 57/316 kB
Progress (3): 274 kB | 155/186 kB | 57/316 kB    
Progress (3): 274 kB | 155/186 kB | 73/316 kB
                                             
Downloaded from central: https://repo.maven.apache.org/maven2/org/apache/maven/surefire/surefire-booter/2.22.2/surefire-booter-2.22.2.jar (274 kB at 520 kB/s)
Progress (2): 172/186 kB | 73/316 kB
Progress (2): 186 kB | 73/316 kB    
                                
Downloaded from central: https://repo.maven.apache.org/maven2/org/apache/maven/surefire/surefire-api/2.22.2/surefire-api-2.22.2.jar (186 kB at 330 kB/s)
Progress (1): 90/316 kB
Progress (1): 106/316 kB
Progress (1): 122/316 kB
Progress (1): 139/316 kB
Progress (1): 155/316 kB
Progress (1): 172/316 kB
Progress (1): 188/316 kB
Progress (1): 204/316 kB
Progress (1): 221/316 kB
Progress (1): 237/316 kB
Progress (1): 253/316 kB
Progress (1): 270/316 kB
Progress (1): 286/316 kB
Progress (1): 303/316 kB
Progress (1): 316 kB    
                    
Downloaded from central: https://repo.maven.apache.org/maven2/com/thoughtworks/qdox/qdox/2.0-M8/qdox-2.0-M8.jar (316 kB at 389 kB/s)
[INFO] Tests are skipped.
[INFO] 
[INFO] --- jacoco:0.8.4:report (report) @ jackson-core ---
[INFO] Skipping JaCoCo execution because property jacoco.skip is set.
[INFO] 
[INFO] --- bundle:4.2.0:bundle (default-bundle) @ jackson-core ---
[INFO] 
[INFO] --- site:3.1:attach-descriptor (attach-descriptor) @ jackson-core ---
Downloading from central: https://repo.maven.apache.org/maven2/org/apache/maven/reporting/maven-reporting-exec/1.0.2/maven-reporting-exec-1.0.2.pom
Progress (1): 784 B
Progress (1): 2.3 kB
Progress (1): 7.5 kB
Progress (1): 9.0 kB
                    
Downloaded from central: https://repo.maven.apache.org/maven2/org/apache/maven/reporting/maven-reporting-exec/1.0.2/maven-reporting-exec-1.0.2.pom (9.0 kB at 43 kB/s)
Downloading from central: https://repo.maven.apache.org/maven2/org/apache/maven/shared/maven-shared-components/17/maven-shared-components-17.pom
Progress (1): 768 B
Progress (1): 3.0 kB
Progress (1): 6.3 kB
Progress (1): 8.5 kB
Progress (1): 8.7 kB
                    
Downloaded from central: https://repo.maven.apache.org/maven2/org/apache/maven/shared/maven-shared-components/17/maven-shared-components-17.pom (8.7 kB at 43 kB/s)
Downloading from central: https://repo.maven.apache.org/maven2/velocity/velocity/1.5/velocity-1.5.pom
Progress (1): 1.1 kB
Progress (1): 3.1 kB
Progress (1): 6.0 kB
Progress (1): 7.8 kB
                    
Downloaded from central: https://repo.maven.apache.org/maven2/velocity/velocity/1.5/velocity-1.5.pom (7.8 kB at 38 kB/s)
Downloading from central: https://repo.maven.apache.org/maven2/org/apache/maven/maven-archiver/2.4.2/maven-archiver-2.4.2.pom
Progress (1): 799 B
Progress (1): 2.3 kB
Progress (1): 4.0 kB
                    
Downloaded from central: https://repo.maven.apache.org/maven2/org/apache/maven/maven-archiver/2.4.2/maven-archiver-2.4.2.pom (4.0 kB at 20 kB/s)
Downloading from central: https://repo.maven.apache.org/maven2/org/apache/maven/shared/maven-shared-components/16/maven-shared-components-16.pom
Progress (1): 771 B
Progress (1): 2.9 kB
Progress (1): 6.5 kB
Progress (1): 9.2 kB
                    
Downloaded from central: https://repo.maven.apache.org/maven2/org/apache/maven/shared/maven-shared-components/16/maven-shared-components-16.pom (9.2 kB at 44 kB/s)
Downloading from central: https://repo.maven.apache.org/maven2/org/apache/maven/maven-parent/19/maven-parent-19.pom
Progress (1): 743 B
Progress (1): 2.0 kB
Progress (1): 6.5 kB
Progress (1): 11 kB 
Progress (1): 15 kB
Progress (1): 18 kB
Progress (1): 20 kB
Progress (1): 24 kB
Progress (1): 25 kB
                   
Downloaded from central: https://repo.maven.apache.org/maven2/org/apache/maven/maven-parent/19/maven-parent-19.pom (25 kB at 123 kB/s)
Downloading from central: https://repo.maven.apache.org/maven2/org/codehaus/plexus/plexus-archiver/2.0.1/plexus-archiver-2.0.1.pom
Progress (1): 1.2 kB
Progress (1): 2.8 kB
                    
Downloaded from central: https://repo.maven.apache.org/maven2/org/codehaus/plexus/plexus-archiver/2.0.1/plexus-archiver-2.0.1.pom (2.8 kB at 14 kB/s)
Downloading from central: https://repo.maven.apache.org/maven2/org/codehaus/plexus/plexus-utils/3.0/plexus-utils-3.0.pom
Progress (1): 811 B
Progress (1): 2.3 kB
Progress (1): 4.1 kB
                    
Downloaded from central: https://repo.maven.apache.org/maven2/org/codehaus/plexus/plexus-utils/3.0/plexus-utils-3.0.pom (4.1 kB at 20 kB/s)
Downloading from central: https://repo.maven.apache.org/maven2/org/sonatype/spice/spice-parent/16/spice-parent-16.pom
Progress (1): 1.2 kB
Progress (1): 3.7 kB
Progress (1): 7.3 kB
Progress (1): 8.4 kB
                    
Downloaded from central: https://repo.maven.apache.org/maven2/org/sonatype/spice/spice-parent/16/spice-parent-16.pom (8.4 kB at 42 kB/s)
Downloading from central: https://repo.maven.apache.org/maven2/org/codehaus/plexus/plexus-io/2.0.1/plexus-io-2.0.1.pom
Progress (1): 1.4 kB
Progress (1): 1.7 kB
                    
Downloaded from central: https://repo.maven.apache.org/maven2/org/codehaus/plexus/plexus-io/2.0.1/plexus-io-2.0.1.pom (1.7 kB at 8.2 kB/s)
Downloading from central: https://repo.maven.apache.org/maven2/org/codehaus/plexus/plexus-components/1.1.19/plexus-components-1.1.19.pom
Progress (1): 1.3 kB
Progress (1): 2.7 kB
                    
Downloaded from central: https://repo.maven.apache.org/maven2/org/codehaus/plexus/plexus-components/1.1.19/plexus-components-1.1.19.pom (2.7 kB at 13 kB/s)
Downloading from central: https://repo.maven.apache.org/maven2/org/codehaus/plexus/plexus/3.0.1/plexus-3.0.1.pom
Progress (1): 706 B
Progress (1): 2.6 kB
Progress (1): 6.1 kB
Progress (1): 8.8 kB
Progress (1): 13 kB 
Progress (1): 17 kB
Progress (1): 19 kB
                   
Downloaded from central: https://repo.maven.apache.org/maven2/org/codehaus/plexus/plexus/3.0.1/plexus-3.0.1.pom (19 kB at 90 kB/s)
Downloading from central: https://repo.maven.apache.org/maven2/org/codehaus/plexus/plexus-interpolation/1.13/plexus-interpolation-1.13.pom
Progress (1): 890 B
                   
Downloaded from central: https://repo.maven.apache.org/maven2/org/codehaus/plexus/plexus-interpolation/1.13/plexus-interpolation-1.13.pom (890 B at 4.5 kB/s)
Downloading from central: https://repo.maven.apache.org/maven2/org/codehaus/plexus/plexus-components/1.1.15/plexus-components-1.1.15.pom
Progress (1): 1.5 kB
Progress (1): 2.8 kB
                    
Downloaded from central: https://repo.maven.apache.org/maven2/org/codehaus/plexus/plexus-components/1.1.15/plexus-components-1.1.15.pom (2.8 kB at 14 kB/s)
Downloading from central: https://repo.maven.apache.org/maven2/org/apache/maven/doxia/doxia-sink-api/1.3/doxia-sink-api-1.3.pom
Progress (1): 835 B
Progress (1): 1.6 kB
                    
Downloaded from central: https://repo.maven.apache.org/maven2/org/apache/maven/doxia/doxia-sink-api/1.3/doxia-sink-api-1.3.pom (1.6 kB at 8.0 kB/s)
Downloading from central: https://repo.maven.apache.org/maven2/org/apache/maven/doxia/doxia/1.3/doxia-1.3.pom
Progress (1): 750 B
Progress (1): 2.1 kB
Progress (1): 7.8 kB
Progress (1): 12 kB 
Progress (1): 15 kB
Progress (1): 18 kB
                   
Downloaded from central: https://repo.maven.apache.org/maven2/org/apache/maven/doxia/doxia/1.3/doxia-1.3.pom (18 kB at 88 kB/s)
Downloading from central: https://repo.maven.apache.org/maven2/org/apache/maven/doxia/doxia-logging-api/1.3/doxia-logging-api-1.3.pom
Progress (1): 832 B
Progress (1): 1.6 kB
                    
Downloaded from central: https://repo.maven.apache.org/maven2/org/apache/maven/doxia/doxia-logging-api/1.3/doxia-logging-api-1.3.pom (1.6 kB at 8.0 kB/s)
Downloading from central: https://repo.maven.apache.org/maven2/org/apache/maven/doxia/doxia-core/1.3/doxia-core-1.3.pom
Progress (1): 789 B
Progress (1): 2.9 kB
Progress (1): 4.1 kB
                    
Downloaded from central: https://repo.maven.apache.org/maven2/org/apache/maven/doxia/doxia-core/1.3/doxia-core-1.3.pom (4.1 kB at 20 kB/s)
Downloading from central: https://repo.maven.apache.org/maven2/xerces/xercesImpl/2.9.1/xercesImpl-2.9.1.pom
Progress (1): 1.1 kB
Progress (1): 1.4 kB
                    
Downloaded from central: https://repo.maven.apache.org/maven2/xerces/xercesImpl/2.9.1/xercesImpl-2.9.1.pom (1.4 kB at 6.5 kB/s)
Downloading from central: https://repo.maven.apache.org/maven2/xml-apis/xml-apis/1.3.04/xml-apis-1.3.04.pom
Progress (1): 989 B
Progress (1): 1.8 kB
                    
Downloaded from central: https://repo.maven.apache.org/maven2/xml-apis/xml-apis/1.3.04/xml-apis-1.3.04.pom (1.8 kB at 8.9 kB/s)
Downloading from central: https://repo.maven.apache.org/maven2/org/apache/httpcomponents/httpclient/4.0.2/httpclient-4.0.2.pom
Progress (1): 863 B
Progress (1): 2.7 kB
Progress (1): 6.0 kB
Progress (1): 7.5 kB
                    
Downloaded from central: https://repo.maven.apache.org/maven2/org/apache/httpcomponents/httpclient/4.0.2/httpclient-4.0.2.pom (7.5 kB at 36 kB/s)
Downloading from central: https://repo.maven.apache.org/maven2/org/apache/httpcomponents/httpcomponents-client/4.0.2/httpcomponents-client-4.0.2.pom
Progress (1): 859 B
Progress (1): 2.4 kB
Progress (1): 4.7 kB
Progress (1): 7.5 kB
Progress (1): 9.0 kB
                    
Downloaded from central: https://repo.maven.apache.org/maven2/org/apache/httpcomponents/httpcomponents-client/4.0.2/httpcomponents-client-4.0.2.pom (9.0 kB at 44 kB/s)
Downloading from central: https://repo.maven.apache.org/maven2/org/apache/httpcomponents/project/4.1/project-4.1.pom
Progress (1): 822 B
Progress (1): 2.1 kB
Progress (1): 5.4 kB
Progress (1): 8.2 kB
Progress (1): 12 kB 
Progress (1): 15 kB
Progress (1): 16 kB
                   
Downloaded from central: https://repo.maven.apache.org/maven2/org/apache/httpcomponents/project/4.1/project-4.1.pom (16 kB at 81 kB/s)
Downloading from central: https://repo.maven.apache.org/maven2/org/apache/httpcomponents/httpcore/4.0.1/httpcore-4.0.1.pom
Progress (1): 889 B
Progress (1): 2.3 kB
Progress (1): 4.6 kB
Progress (1): 4.9 kB
                    
Downloaded from central: https://repo.maven.apache.org/maven2/org/apache/httpcomponents/httpcore/4.0.1/httpcore-4.0.1.pom (4.9 kB at 24 kB/s)
Downloading from central: https://repo.maven.apache.org/maven2/org/apache/httpcomponents/httpcomponents-core/4.0.1/httpcomponents-core-4.0.1.pom
Progress (1): 835 B
Progress (1): 2.2 kB
Progress (1): 4.4 kB
Progress (1): 7.5 kB
Progress (1): 9.4 kB
                    
Downloaded from central: https://repo.maven.apache.org/maven2/org/apache/httpcomponents/httpcomponents-core/4.0.1/httpcomponents-core-4.0.1.pom (9.4 kB at 47 kB/s)
Downloading from central: https://repo.maven.apache.org/maven2/org/apache/httpcomponents/project/4.0/project-4.0.pom
Progress (1): 870 B
Progress (1): 2.2 kB
Progress (1): 5.5 kB
Progress (1): 8.0 kB
Progress (1): 11 kB 
Progress (1): 13 kB
                   
Downloaded from central: https://repo.maven.apache.org/maven2/org/apache/httpcomponents/project/4.0/project-4.0.pom (13 kB at 64 kB/s)
Downloading from central: https://repo.maven.apache.org/maven2/commons-logging/commons-logging/1.1.1/commons-logging-1.1.1.pom
Progress (1): 783 B
Progress (1): 2.0 kB
Progress (1): 5.0 kB
Progress (1): 6.8 kB
Progress (1): 10 kB 
Progress (1): 13 kB
Progress (1): 16 kB
Progress (1): 18 kB
                   
Downloaded from central: https://repo.maven.apache.org/maven2/commons-logging/commons-logging/1.1.1/commons-logging-1.1.1.pom (18 kB at 89 kB/s)
Downloading from central: https://repo.maven.apache.org/maven2/org/apache/commons/commons-parent/5/commons-parent-5.pom
Progress (1): 782 B
Progress (1): 2.1 kB
Progress (1): 4.7 kB
Progress (1): 8.4 kB
Progress (1): 12 kB 
Progress (1): 16 kB
                   
Downloaded from central: https://repo.maven.apache.org/maven2/org/apache/commons/commons-parent/5/commons-parent-5.pom (16 kB at 79 kB/s)
Downloading from central: https://repo.maven.apache.org/maven2/commons-codec/commons-codec/1.3/commons-codec-1.3.pom
Progress (1): 957 B
Progress (1): 3.1 kB
Progress (1): 5.1 kB
Progress (1): 6.1 kB
                    
Downloaded from central: https://repo.maven.apache.org/maven2/commons-codec/commons-codec/1.3/commons-codec-1.3.pom (6.1 kB at 30 kB/s)
Downloading from central: https://repo.maven.apache.org/maven2/org/apache/maven/doxia/doxia-module-xhtml/1.3/doxia-module-xhtml-1.3.pom
Progress (1): 828 B
Progress (1): 1.8 kB
                    
Downloaded from central: https://repo.maven.apache.org/maven2/org/apache/maven/doxia/doxia-module-xhtml/1.3/doxia-module-xhtml-1.3.pom (1.8 kB at 8.2 kB/s)
Downloading from central: https://repo.maven.apache.org/maven2/org/apache/maven/doxia/doxia-modules/1.3/doxia-modules-1.3.pom
Progress (1): 821 B
Progress (1): 2.6 kB
                    
Downloaded from central: https://repo.maven.apache.org/maven2/org/apache/maven/doxia/doxia-modules/1.3/doxia-modules-1.3.pom (2.6 kB at 13 kB/s)
Downloading from central: https://repo.maven.apache.org/maven2/org/apache/maven/doxia/doxia-module-apt/1.3/doxia-module-apt-1.3.pom
Progress (1): 820 B
Progress (1): 2.4 kB
Progress (1): 2.5 kB
                    
Downloaded from central: https://repo.maven.apache.org/maven2/org/apache/maven/doxia/doxia-module-apt/1.3/doxia-module-apt-1.3.pom (2.5 kB at 12 kB/s)
Downloading from central: https://repo.maven.apache.org/maven2/org/apache/maven/doxia/doxia-module-xdoc/1.3/doxia-module-xdoc-1.3.pom
Progress (1): 776 B
Progress (1): 2.4 kB
Progress (1): 4.6 kB
Progress (1): 5.4 kB
                    
Downloaded from central: https://repo.maven.apache.org/maven2/org/apache/maven/doxia/doxia-module-xdoc/1.3/doxia-module-xdoc-1.3.pom (5.4 kB at 27 kB/s)
Downloading from central: https://repo.maven.apache.org/maven2/org/apache/maven/doxia/doxia-module-fml/1.3/doxia-module-fml-1.3.pom
Progress (1): 775 B
Progress (1): 2.4 kB
Progress (1): 4.9 kB
Progress (1): 5.6 kB
                    
Downloaded from central: https://repo.maven.apache.org/maven2/org/apache/maven/doxia/doxia-module-fml/1.3/doxia-module-fml-1.3.pom (5.6 kB at 28 kB/s)
Downloading from central: https://repo.maven.apache.org/maven2/javax/servlet/servlet-api/2.5/servlet-api-2.5.pom
Progress (1): 157 B
                   
Downloaded from central: https://repo.maven.apache.org/maven2/javax/servlet/servlet-api/2.5/servlet-api-2.5.pom (157 B at 773 B/s)
Downloading from central: https://repo.maven.apache.org/maven2/org/apache/maven/doxia/doxia-decoration-model/1.3/doxia-decoration-model-1.3.pom
Progress (1): 817 B
Progress (1): 2.5 kB
Progress (1): 3.1 kB
                    
Downloaded from central: https://repo.maven.apache.org/maven2/org/apache/maven/doxia/doxia-decoration-model/1.3/doxia-decoration-model-1.3.pom (3.1 kB at 15 kB/s)
Downloading from central: https://repo.maven.apache.org/maven2/org/apache/maven/doxia/doxia-sitetools/1.3/doxia-sitetools-1.3.pom
Progress (1): 750 B
Progress (1): 2.2 kB
Progress (1): 7.8 kB
Progress (1): 12 kB 
Progress (1): 14 kB
Progress (1): 16 kB
                   
Downloaded from central: https://repo.maven.apache.org/maven2/org/apache/maven/doxia/doxia-sitetools/1.3/doxia-sitetools-1.3.pom (16 kB at 78 kB/s)
Downloading from central: https://repo.maven.apache.org/maven2/org/apache/maven/doxia/doxia-site-renderer/1.3/doxia-site-renderer-1.3.pom
Progress (1): 780 B
Progress (1): 2.5 kB
Progress (1): 6.5 kB
Progress (1): 6.6 kB
                    
Downloaded from central: https://repo.maven.apache.org/maven2/org/apache/maven/doxia/doxia-site-renderer/1.3/doxia-site-renderer-1.3.pom (6.6 kB at 32 kB/s)
Downloading from central: https://repo.maven.apache.org/maven2/org/apache/velocity/velocity-tools/2.0/velocity-tools-2.0.pom
Progress (1): 764 B
Progress (1): 2.2 kB
Progress (1): 4.7 kB
Progress (1): 8.5 kB
Progress (1): 11 kB 
Progress (1): 16 kB
Progress (1): 18 kB
                   
Downloaded from central: https://repo.maven.apache.org/maven2/org/apache/velocity/velocity-tools/2.0/velocity-tools-2.0.pom (18 kB at 88 kB/s)
Downloading from central: https://repo.maven.apache.org/maven2/commons-digester/commons-digester/1.8/commons-digester-1.8.pom
Progress (1): 1.1 kB
Progress (1): 4.0 kB
Progress (1): 6.2 kB
Progress (1): 7.0 kB
                    
Downloaded from central: https://repo.maven.apache.org/maven2/commons-digester/commons-digester/1.8/commons-digester-1.8.pom (7.0 kB at 35 kB/s)
Downloading from central: https://repo.maven.apache.org/maven2/commons-logging/commons-logging/1.1/commons-logging-1.1.pom
Progress (1): 1.4 kB
Progress (1): 4.3 kB
Progress (1): 6.2 kB
                    
Downloaded from central: https://repo.maven.apache.org/maven2/commons-logging/commons-logging/1.1/commons-logging-1.1.pom (6.2 kB at 31 kB/s)
Downloading from central: https://repo.maven.apache.org/maven2/logkit/logkit/1.0.1/logkit-1.0.1.pom
Progress (1): 147 B
                   
Downloaded from central: https://repo.maven.apache.org/maven2/logkit/logkit/1.0.1/logkit-1.0.1.pom (147 B at 713 B/s)
Downloading from central: https://repo.maven.apache.org/maven2/avalon-framework/avalon-framework/4.1.3/avalon-framework-4.1.3.pom
Progress (1): 167 B
                   
Downloaded from central: https://repo.maven.apache.org/maven2/avalon-framework/avalon-framework/4.1.3/avalon-framework-4.1.3.pom (167 B at 814 B/s)
Downloading from central: https://repo.maven.apache.org/maven2/javax/servlet/servlet-api/2.3/servlet-api-2.3.pom
Progress (1): 156 B
                   
Downloaded from central: https://repo.maven.apache.org/maven2/javax/servlet/servlet-api/2.3/servlet-api-2.3.pom (156 B at 732 B/s)
Downloading from central: https://repo.maven.apache.org/maven2/commons-chain/commons-chain/1.1/commons-chain-1.1.pom
Progress (1): 1.5 kB
Progress (1): 3.6 kB
Progress (1): 6.0 kB
                    
Downloaded from central: https://repo.maven.apache.org/maven2/commons-chain/commons-chain/1.1/commons-chain-1.1.pom (6.0 kB at 29 kB/s)
Downloading from central: https://repo.maven.apache.org/maven2/commons-collections/commons-collections/2.0/commons-collections-2.0.pom
Progress (1): 171 B
                   
Downloaded from central: https://repo.maven.apache.org/maven2/commons-collections/commons-collections/2.0/commons-collections-2.0.pom (171 B at 830 B/s)
Downloading from central: https://repo.maven.apache.org/maven2/commons-collections/commons-collections/2.1/commons-collections-2.1.pom
Progress (1): 2.7 kB
Progress (1): 3.3 kB
                    
Downloaded from central: https://repo.maven.apache.org/maven2/commons-collections/commons-collections/2.1/commons-collections-2.1.pom (3.3 kB at 17 kB/s)
Downloading from central: https://repo.maven.apache.org/maven2/commons-validator/commons-validator/1.3.1/commons-validator-1.3.1.pom
Progress (1): 1.1 kB
Progress (1): 3.8 kB
Progress (1): 5.9 kB
Progress (1): 8.9 kB
Progress (1): 9.0 kB
                    
Downloaded from central: https://repo.maven.apache.org/maven2/commons-validator/commons-validator/1.3.1/commons-validator-1.3.1.pom (9.0 kB at 44 kB/s)
Downloading from central: https://repo.maven.apache.org/maven2/dom4j/dom4j/1.1/dom4j-1.1.pom
Progress (1): 142 B
                   
Downloaded from central: https://repo.maven.apache.org/maven2/dom4j/dom4j/1.1/dom4j-1.1.pom (142 B at 699 B/s)
Downloading from central: https://repo.maven.apache.org/maven2/sslext/sslext/1.2-0/sslext-1.2-0.pom
Progress (1): 653 B
                   
Downloaded from central: https://repo.maven.apache.org/maven2/sslext/sslext/1.2-0/sslext-1.2-0.pom (653 B at 3.2 kB/s)
Downloading from central: https://repo.maven.apache.org/maven2/org/apache/struts/struts-core/1.3.8/struts-core-1.3.8.pom
Progress (1): 2.0 kB
Progress (1): 4.3 kB
                    
Downloaded from central: https://repo.maven.apache.org/maven2/org/apache/struts/struts-core/1.3.8/struts-core-1.3.8.pom (4.3 kB at 20 kB/s)
Downloading from central: https://repo.maven.apache.org/maven2/org/apache/struts/struts-parent/1.3.8/struts-parent-1.3.8.pom
Progress (1): 810 B
Progress (1): 2.6 kB
Progress (1): 6.3 kB
Progress (1): 9.6 kB
Progress (1): 9.8 kB
                    
Downloaded from central: https://repo.maven.apache.org/maven2/org/apache/struts/struts-parent/1.3.8/struts-parent-1.3.8.pom (9.8 kB at 49 kB/s)
Downloading from central: https://repo.maven.apache.org/maven2/org/apache/struts/struts-master/4/struts-master-4.pom
Progress (1): 804 B
Progress (1): 2.2 kB
Progress (1): 6.5 kB
Progress (1): 11 kB 
Progress (1): 12 kB
                   
Downloaded from central: https://repo.maven.apache.org/maven2/org/apache/struts/struts-master/4/struts-master-4.pom (12 kB at 55 kB/s)
Downloading from central: https://repo.maven.apache.org/maven2/org/apache/apache/2/apache-2.pom
Progress (1): 805 B
Progress (1): 2.3 kB
Progress (1): 3.4 kB
                    
Downloaded from central: https://repo.maven.apache.org/maven2/org/apache/apache/2/apache-2.pom (3.4 kB at 16 kB/s)
Downloading from central: https://repo.maven.apache.org/maven2/antlr/antlr/2.7.2/antlr-2.7.2.pom
Progress (1): 145 B
                   
Downloaded from central: https://repo.maven.apache.org/maven2/antlr/antlr/2.7.2/antlr-2.7.2.pom (145 B at 703 B/s)
Downloading from central: https://repo.maven.apache.org/maven2/org/apache/struts/struts-taglib/1.3.8/struts-taglib-1.3.8.pom
Progress (1): 2.0 kB
Progress (1): 3.1 kB
                    
Downloaded from central: https://repo.maven.apache.org/maven2/org/apache/struts/struts-taglib/1.3.8/struts-taglib-1.3.8.pom (3.1 kB at 15 kB/s)
Downloading from central: https://repo.maven.apache.org/maven2/org/apache/struts/struts-tiles/1.3.8/struts-tiles-1.3.8.pom
Progress (1): 1.9 kB
Progress (1): 2.9 kB
                    
Downloaded from central: https://repo.maven.apache.org/maven2/org/apache/struts/struts-tiles/1.3.8/struts-tiles-1.3.8.pom (2.9 kB at 14 kB/s)
Downloading from central: https://repo.maven.apache.org/maven2/org/apache/velocity/velocity/1.6.2/velocity-1.6.2.pom
Progress (1): 767 B
Progress (1): 2.2 kB
Progress (1): 4.2 kB
Progress (1): 7.8 kB
Progress (1): 10 kB 
Progress (1): 11 kB
                   
Downloaded from central: https://repo.maven.apache.org/maven2/org/apache/velocity/velocity/1.6.2/velocity-1.6.2.pom (11 kB at 51 kB/s)
Downloading from central: https://repo.maven.apache.org/maven2/commons-collections/commons-collections/3.2.1/commons-collections-3.2.1.pom
Progress (1): 795 B
Progress (1): 2.4 kB
Progress (1): 6.1 kB
Progress (1): 9.8 kB
Progress (1): 12 kB 
Progress (1): 13 kB
                   
Downloaded from central: https://repo.maven.apache.org/maven2/commons-collections/commons-collections/3.2.1/commons-collections-3.2.1.pom (13 kB at 60 kB/s)
Downloading from central: https://repo.maven.apache.org/maven2/org/apache/maven/shared/maven-doxia-tools/1.4/maven-doxia-tools-1.4.pom
Progress (1): 799 B
Progress (1): 2.3 kB
Progress (1): 6.1 kB
Progress (1): 7.7 kB
                    
Downloaded from central: https://repo.maven.apache.org/maven2/org/apache/maven/shared/maven-doxia-tools/1.4/maven-doxia-tools-1.4.pom (7.7 kB at 38 kB/s)
Downloading from central: https://repo.maven.apache.org/maven2/commons-io/commons-io/1.4/commons-io-1.4.pom
Progress (1): 786 B
Progress (1): 2.2 kB
Progress (1): 5.9 kB
Progress (1): 7.9 kB
Progress (1): 11 kB 
Progress (1): 13 kB
                   
Downloaded from central: https://repo.maven.apache.org/maven2/commons-io/commons-io/1.4/commons-io-1.4.pom (13 kB at 64 kB/s)
Downloading from central: https://repo.maven.apache.org/maven2/org/apache/commons/commons-parent/7/commons-parent-7.pom
Progress (1): 754 B
Progress (1): 2.1 kB
Progress (1): 4.2 kB
Progress (1): 8.3 kB
Progress (1): 11 kB 
Progress (1): 17 kB
Progress (1): 17 kB
                   
Downloaded from central: https://repo.maven.apache.org/maven2/org/apache/commons/commons-parent/7/commons-parent-7.pom (17 kB at 86 kB/s)
Downloading from central: https://repo.maven.apache.org/maven2/org/apache/maven/doxia/doxia-logging-api/1.2/doxia-logging-api-1.2.pom
Progress (1): 832 B
Progress (1): 1.6 kB
                    
Downloaded from central: https://repo.maven.apache.org/maven2/org/apache/maven/doxia/doxia-logging-api/1.2/doxia-logging-api-1.2.pom (1.6 kB at 8.2 kB/s)
Downloading from central: https://repo.maven.apache.org/maven2/org/apache/maven/doxia/doxia/1.2/doxia-1.2.pom
Progress (1): 750 B
Progress (1): 2.1 kB
Progress (1): 5.4 kB
Progress (1): 10 kB 
Progress (1): 14 kB
Progress (1): 18 kB
Progress (1): 19 kB
                   
Downloaded from central: https://repo.maven.apache.org/maven2/org/apache/maven/doxia/doxia/1.2/doxia-1.2.pom (19 kB at 89 kB/s)
Downloading from central: https://repo.maven.apache.org/maven2/org/apache/maven/doxia/doxia-decoration-model/1.2/doxia-decoration-model-1.2.pom
Progress (1): 818 B
Progress (1): 2.4 kB
Progress (1): 3.1 kB
                    
Downloaded from central: https://repo.maven.apache.org/maven2/org/apache/maven/doxia/doxia-decoration-model/1.2/doxia-decoration-model-1.2.pom (3.1 kB at 15 kB/s)
Downloading from central: https://repo.maven.apache.org/maven2/org/apache/maven/doxia/doxia-sitetools/1.2/doxia-sitetools-1.2.pom
Progress (1): 753 B
Progress (1): 2.2 kB
Progress (1): 5.4 kB
Progress (1): 9.5 kB
Progress (1): 13 kB 
Progress (1): 16 kB
                   
Downloaded from central: https://repo.maven.apache.org/maven2/org/apache/maven/doxia/doxia-sitetools/1.2/doxia-sitetools-1.2.pom (16 kB at 77 kB/s)
Downloading from central: https://repo.maven.apache.org/maven2/org/apache/maven/wagon/wagon-provider-api/1.0/wagon-provider-api-1.0.pom
Progress (1): 831 B
Progress (1): 1.8 kB
                    
Downloaded from central: https://repo.maven.apache.org/maven2/org/apache/maven/wagon/wagon-provider-api/1.0/wagon-provider-api-1.0.pom (1.8 kB at 8.2 kB/s)
Downloading from central: https://repo.maven.apache.org/maven2/org/apache/maven/wagon/wagon/1.0/wagon-1.0.pom
Progress (1): 763 B
Progress (1): 2.4 kB
Progress (1): 4.9 kB
Progress (1): 8.0 kB
Progress (1): 9.8 kB
                    
Downloaded from central: https://repo.maven.apache.org/maven2/org/apache/maven/wagon/wagon/1.0/wagon-1.0.pom (9.8 kB at 49 kB/s)
Downloading from central: https://repo.maven.apache.org/maven2/org/apache/maven/maven-parent/20/maven-parent-20.pom
Progress (1): 743 B
Progress (1): 1.9 kB
Progress (1): 6.3 kB
Progress (1): 11 kB 
Progress (1): 15 kB
Progress (1): 17 kB
Progress (1): 19 kB
Progress (1): 23 kB
Progress (1): 25 kB
                   
Downloaded from central: https://repo.maven.apache.org/maven2/org/apache/maven/maven-parent/20/maven-parent-20.pom (25 kB at 114 kB/s)
Downloading from central: https://repo.maven.apache.org/maven2/org/codehaus/plexus/plexus-utils/1.4.2/plexus-utils-1.4.2.pom
Progress (1): 1.2 kB
Progress (1): 2.0 kB
                    
Downloaded from central: https://repo.maven.apache.org/maven2/org/codehaus/plexus/plexus-utils/1.4.2/plexus-utils-1.4.2.pom (2.0 kB at 9.7 kB/s)
Downloading from central: https://repo.maven.apache.org/maven2/org/codehaus/plexus/plexus-archiver/1.0/plexus-archiver-1.0.pom
Progress (1): 1.6 kB
                    
Downloaded from central: https://repo.maven.apache.org/maven2/org/codehaus/plexus/plexus-archiver/1.0/plexus-archiver-1.0.pom (1.6 kB at 7.7 kB/s)
Downloading from central: https://repo.maven.apache.org/maven2/org/codehaus/plexus/plexus-components/1.1.17/plexus-components-1.1.17.pom
Progress (1): 1.4 kB
Progress (1): 3.7 kB
Progress (1): 5.2 kB
                    
Downloaded from central: https://repo.maven.apache.org/maven2/org/codehaus/plexus/plexus-components/1.1.17/plexus-components-1.1.17.pom (5.2 kB at 26 kB/s)
Downloading from central: https://repo.maven.apache.org/maven2/org/codehaus/plexus/plexus-io/1.0/plexus-io-1.0.pom
Progress (1): 1.2 kB
                    
Downloaded from central: https://repo.maven.apache.org/maven2/org/codehaus/plexus/plexus-io/1.0/plexus-io-1.0.pom (1.2 kB at 6.1 kB/s)
Downloading from central: https://repo.maven.apache.org/maven2/org/codehaus/plexus/plexus-velocity/1.1.8/plexus-velocity-1.1.8.pom
Progress (1): 864 B
Progress (1): 1.9 kB
                    
Downloaded from central: https://repo.maven.apache.org/maven2/org/codehaus/plexus/plexus-velocity/1.1.8/plexus-velocity-1.1.8.pom (1.9 kB at 9.4 kB/s)
Downloading from central: https://repo.maven.apache.org/maven2/org/codehaus/plexus/plexus-utils/1.5.10/plexus-utils-1.5.10.pom
Progress (1): 1.0 kB
Progress (1): 3.7 kB
Progress (1): 5.6 kB
                    
Downloaded from central: https://repo.maven.apache.org/maven2/org/codehaus/plexus/plexus-utils/1.5.10/plexus-utils-1.5.10.pom (5.6 kB at 28 kB/s)
Downloading from central: https://repo.maven.apache.org/maven2/org/mortbay/jetty/jetty/6.1.25/jetty-6.1.25.pom
Progress (1): 1.5 kB
Progress (1): 4.7 kB
Progress (1): 6.3 kB
                    
Downloaded from central: https://repo.maven.apache.org/maven2/org/mortbay/jetty/jetty/6.1.25/jetty-6.1.25.pom (6.3 kB at 30 kB/s)
Downloading from central: https://repo.maven.apache.org/maven2/org/mortbay/jetty/project/6.1.25/project-6.1.25.pom
Progress (1): 1.2 kB
Progress (1): 4.0 kB
Progress (1): 6.9 kB
Progress (1): 9.2 kB
                    
Downloaded from central: https://repo.maven.apache.org/maven2/org/mortbay/jetty/project/6.1.25/project-6.1.25.pom (9.2 kB at 45 kB/s)
Downloading from central: https://repo.maven.apache.org/maven2/org/mortbay/jetty/jetty-parent/10/jetty-parent-10.pom
Progress (1): 1.4 kB
Progress (1): 3.3 kB
                    
Downloaded from central: https://repo.maven.apache.org/maven2/org/mortbay/jetty/jetty-parent/10/jetty-parent-10.pom (3.3 kB at 16 kB/s)
Downloading from central: https://repo.maven.apache.org/maven2/org/eclipse/jetty/jetty-parent/14/jetty-parent-14.pom
Progress (1): 1.1 kB
Progress (1): 5.4 kB
Progress (1): 8.2 kB
Progress (1): 11 kB 
Progress (1): 15 kB
Progress (1): 16 kB
                   
Downloaded from central: https://repo.maven.apache.org/maven2/org/eclipse/jetty/jetty-parent/14/jetty-parent-14.pom (16 kB at 80 kB/s)
Downloading from central: https://repo.maven.apache.org/maven2/org/mortbay/jetty/jetty-util/6.1.25/jetty-util-6.1.25.pom
Progress (1): 1.3 kB
Progress (1): 3.7 kB
Progress (1): 3.9 kB
                    
Downloaded from central: https://repo.maven.apache.org/maven2/org/mortbay/jetty/jetty-util/6.1.25/jetty-util-6.1.25.pom (3.9 kB at 19 kB/s)
Downloading from central: https://repo.maven.apache.org/maven2/org/mortbay/jetty/servlet-api/2.5-20081211/servlet-api-2.5-20081211.pom
Progress (1): 1.4 kB
Progress (1): 2.7 kB
                    
Downloaded from central: https://repo.maven.apache.org/maven2/org/mortbay/jetty/servlet-api/2.5-20081211/servlet-api-2.5-20081211.pom (2.7 kB at 13 kB/s)
Downloading from central: https://repo.maven.apache.org/maven2/org/mortbay/jetty/jetty-parent/7/jetty-parent-7.pom
Progress (1): 1.8 kB
Progress (1): 4.8 kB
Progress (1): 7.7 kB
Progress (1): 12 kB 
Progress (1): 13 kB
                   
Downloaded from central: https://repo.maven.apache.org/maven2/org/mortbay/jetty/jetty-parent/7/jetty-parent-7.pom (13 kB at 65 kB/s)
Downloading from central: https://repo.maven.apache.org/maven2/commons-lang/commons-lang/2.5/commons-lang-2.5.pom
Progress (1): 783 B
Progress (1): 2.2 kB
Progress (1): 6.0 kB
Progress (1): 10 kB 
Progress (1): 13 kB
Progress (1): 16 kB
Progress (1): 17 kB
                   
Downloaded from central: https://repo.maven.apache.org/maven2/commons-lang/commons-lang/2.5/commons-lang-2.5.pom (17 kB at 82 kB/s)
Downloading from central: https://repo.maven.apache.org/maven2/org/apache/commons/commons-parent/12/commons-parent-12.pom
Progress (1): 742 B
Progress (1): 2.0 kB
Progress (1): 4.8 kB
Progress (1): 9.1 kB
Progress (1): 12 kB 
Progress (1): 14 kB
Progress (1): 18 kB
Progress (1): 24 kB
Progress (1): 26 kB
Progress (1): 27 kB
                   
Downloaded from central: https://repo.maven.apache.org/maven2/org/apache/commons/commons-parent/12/commons-parent-12.pom (27 kB at 133 kB/s)
Downloading from central: https://repo.maven.apache.org/maven2/org/apache/maven/reporting/maven-reporting-exec/1.0.2/maven-reporting-exec-1.0.2.jar
Progress (1): 7.7/22 kB
Progress (1): 7.7/22 kB
Progress (1): 22 kB    
                   
Downloaded from central: https://repo.maven.apache.org/maven2/org/apache/maven/reporting/maven-reporting-exec/1.0.2/maven-reporting-exec-1.0.2.jar (22 kB at 95 kB/s)
Downloading from central: https://repo.maven.apache.org/maven2/velocity/velocity/1.5/velocity-1.5.jar
Downloading from central: https://repo.maven.apache.org/maven2/org/apache/maven/maven-archiver/2.4.2/maven-archiver-2.4.2.jar
Downloading from central: https://repo.maven.apache.org/maven2/org/apache/maven/doxia/doxia-sink-api/1.3/doxia-sink-api-1.3.jar
Downloading from central: https://repo.maven.apache.org/maven2/org/apache/maven/doxia/doxia-logging-api/1.3/doxia-logging-api-1.3.jar
Downloading from central: https://repo.maven.apache.org/maven2/org/apache/maven/doxia/doxia-core/1.3/doxia-core-1.3.jar
Progress (1): 7.7/392 kB
Progress (1): 8.2/392 kB
Progress (1): 25/392 kB 
Progress (2): 25/392 kB | 7.7/20 kB
Progress (2): 25/392 kB | 7.7/20 kB
Progress (3): 25/392 kB | 7.7/20 kB | 7.7/159 kB
Progress (3): 25/392 kB | 7.7/20 kB | 16/159 kB 
Progress (3): 25/392 kB | 7.7/20 kB | 32/159 kB
Progress (3): 25/392 kB | 7.7/20 kB | 49/159 kB
Progress (3): 41/392 kB | 7.7/20 kB | 49/159 kB
Progress (4): 41/392 kB | 7.7/20 kB | 49/159 kB | 7.7/11 kB
Progress (4): 41/392 kB | 7.7/20 kB | 49/159 kB | 7.7/11 kB
Progress (4): 41/392 kB | 7.7/20 kB | 65/159 kB | 7.7/11 kB
Progress (4): 41/392 kB | 7.7/20 kB | 65/159 kB | 11 kB    
                                                       
Downloaded from central: https://repo.maven.apache.org/maven2/org/apache/maven/doxia/doxia-sink-api/1.3/doxia-sink-api-1.3.jar (11 kB at 44 kB/s)
Downloading from central: https://repo.maven.apache.org/maven2/xerces/xercesImpl/2.9.1/xercesImpl-2.9.1.jar
Progress (3): 41/392 kB | 7.7/20 kB | 81/159 kB
Progress (3): 41/392 kB | 20 kB | 81/159 kB    
                                           
Downloaded from central: https://repo.maven.apache.org/maven2/org/apache/maven/maven-archiver/2.4.2/maven-archiver-2.4.2.jar (20 kB at 78 kB/s)
Downloading from central: https://repo.maven.apache.org/maven2/xml-apis/xml-apis/1.3.04/xml-apis-1.3.04.jar
Progress (2): 41/392 kB | 98/159 kB
Progress (2): 57/392 kB | 98/159 kB
Progress (2): 57/392 kB | 114/159 kB
Progress (2): 57/392 kB | 131/159 kB
Progress (2): 66/392 kB | 131/159 kB
Progress (2): 66/392 kB | 147/159 kB
Progress (2): 66/392 kB | 159 kB    
                                
Downloaded from central: https://repo.maven.apache.org/maven2/org/apache/maven/doxia/doxia-core/1.3/doxia-core-1.3.jar (159 kB at 555 kB/s)
Downloading from central: https://repo.maven.apache.org/maven2/org/apache/httpcomponents/httpclient/4.0.2/httpclient-4.0.2.jar
Progress (1): 82/392 kB
Progress (2): 82/392 kB | 5.7/11 kB
Progress (2): 82/392 kB | 11 kB    
                               
Downloaded from central: https://repo.maven.apache.org/maven2/org/apache/maven/doxia/doxia-logging-api/1.3/doxia-logging-api-1.3.jar (11 kB at 23 kB/s)
Downloading from central: https://repo.maven.apache.org/maven2/commons-logging/commons-logging/1.1.1/commons-logging-1.1.1.jar
Progress (2): 82/392 kB | 7.7/194 kB
Progress (2): 82/392 kB | 16/194 kB 
Progress (3): 82/392 kB | 16/194 kB | 8.2/293 kB
Progress (3): 98/392 kB | 16/194 kB | 8.2/293 kB
Progress (3): 115/392 kB | 16/194 kB | 8.2/293 kB
Progress (3): 131/392 kB | 16/194 kB | 8.2/293 kB
Progress (3): 147/392 kB | 16/194 kB | 8.2/293 kB
Progress (3): 164/392 kB | 16/194 kB | 8.2/293 kB
Progress (3): 180/392 kB | 16/194 kB | 8.2/293 kB
Progress (3): 197/392 kB | 16/194 kB | 8.2/293 kB
Progress (3): 213/392 kB | 16/194 kB | 8.2/293 kB
Progress (3): 229/392 kB | 16/194 kB | 8.2/293 kB
Progress (3): 246/392 kB | 16/194 kB | 8.2/293 kB
Progress (3): 262/392 kB | 16/194 kB | 8.2/293 kB
Progress (3): 262/392 kB | 24/194 kB | 8.2/293 kB
Progress (3): 279/392 kB | 24/194 kB | 8.2/293 kB
Progress (3): 295/392 kB | 24/194 kB | 8.2/293 kB
Progress (3): 311/392 kB | 24/194 kB | 8.2/293 kB
Progress (3): 311/392 kB | 40/194 kB | 8.2/293 kB
Progress (3): 328/392 kB | 40/194 kB | 8.2/293 kB
Progress (4): 328/392 kB | 40/194 kB | 8.2/293 kB | 0/1.2 MB
Progress (4): 328/392 kB | 40/194 kB | 8.2/293 kB | 0/1.2 MB
Progress (4): 328/392 kB | 57/194 kB | 8.2/293 kB | 0/1.2 MB
Progress (4): 344/392 kB | 57/194 kB | 8.2/293 kB | 0/1.2 MB
Progress (4): 344/392 kB | 57/194 kB | 8.2/293 kB | 0/1.2 MB
Progress (4): 344/392 kB | 66/194 kB | 8.2/293 kB | 0/1.2 MB
Progress (4): 360/392 kB | 66/194 kB | 8.2/293 kB | 0/1.2 MB
Progress (4): 360/392 kB | 66/194 kB | 8.2/293 kB | 0/1.2 MB
Progress (4): 377/392 kB | 66/194 kB | 8.2/293 kB | 0/1.2 MB
Progress (4): 377/392 kB | 66/194 kB | 8.2/293 kB | 0.1/1.2 MB
Progress (4): 377/392 kB | 82/194 kB | 8.2/293 kB | 0.1/1.2 MB
Progress (4): 392 kB | 82/194 kB | 8.2/293 kB | 0.1/1.2 MB    
                                                          
Downloaded from central: https://repo.maven.apache.org/maven2/velocity/velocity/1.5/velocity-1.5.jar (392 kB at 610 kB/s)
Downloading from central: https://repo.maven.apache.org/maven2/commons-codec/commons-codec/1.3/commons-codec-1.3.jar
Progress (3): 82/194 kB | 8.2/293 kB | 0.1/1.2 MB
Progress (3): 98/194 kB | 8.2/293 kB | 0.1/1.2 MB
Progress (3): 98/194 kB | 8.2/293 kB | 0.1/1.2 MB
Progress (3): 98/194 kB | 8.2/293 kB | 0.1/1.2 MB
Progress (3): 98/194 kB | 25/293 kB | 0.1/1.2 MB 
Progress (3): 98/194 kB | 41/293 kB | 0.1/1.2 MB
Progress (3): 98/194 kB | 57/293 kB | 0.1/1.2 MB
Progress (3): 98/194 kB | 57/293 kB | 0.1/1.2 MB
Progress (3): 98/194 kB | 74/293 kB | 0.1/1.2 MB
Progress (3): 98/194 kB | 90/293 kB | 0.1/1.2 MB
Progress (3): 115/194 kB | 90/293 kB | 0.1/1.2 MB
Progress (3): 115/194 kB | 90/293 kB | 0.1/1.2 MB
Progress (3): 131/194 kB | 90/293 kB | 0.1/1.2 MB
Progress (3): 131/194 kB | 90/293 kB | 0.1/1.2 MB
Progress (3): 131/194 kB | 106/293 kB | 0.1/1.2 MB
Progress (3): 131/194 kB | 123/293 kB | 0.1/1.2 MB
Progress (3): 131/194 kB | 131/293 kB | 0.1/1.2 MB
Progress (3): 131/194 kB | 147/293 kB | 0.1/1.2 MB
Progress (3): 131/194 kB | 147/293 kB | 0.2/1.2 MB
Progress (3): 147/194 kB | 147/293 kB | 0.2/1.2 MB
Progress (3): 147/194 kB | 164/293 kB | 0.2/1.2 MB
Progress (3): 147/194 kB | 180/293 kB | 0.2/1.2 MB
Progress (3): 147/194 kB | 180/293 kB | 0.2/1.2 MB
Progress (3): 147/194 kB | 197/293 kB | 0.2/1.2 MB
Progress (3): 147/194 kB | 213/293 kB | 0.2/1.2 MB
Progress (3): 147/194 kB | 229/293 kB | 0.2/1.2 MB
Progress (3): 147/194 kB | 246/293 kB | 0.2/1.2 MB
Progress (3): 147/194 kB | 262/293 kB | 0.2/1.2 MB
Progress (3): 147/194 kB | 279/293 kB | 0.2/1.2 MB
Progress (3): 147/194 kB | 293 kB | 0.2/1.2 MB    
                                              
Downloaded from central: https://repo.maven.apache.org/maven2/org/apache/httpcomponents/httpclient/4.0.2/httpclient-4.0.2.jar (293 kB at 387 kB/s)
Downloading from central: https://repo.maven.apache.org/maven2/org/apache/httpcomponents/httpcore/4.0.1/httpcore-4.0.1.jar
Progress (2): 164/194 kB | 0.2/1.2 MB
Progress (2): 164/194 kB | 0.2/1.2 MB
Progress (2): 164/194 kB | 0.2/1.2 MB
Progress (2): 180/194 kB | 0.2/1.2 MB
Progress (2): 180/194 kB | 0.2/1.2 MB
Progress (2): 180/194 kB | 0.2/1.2 MB
Progress (2): 194 kB | 0.2/1.2 MB    
                                 
Downloaded from central: https://repo.maven.apache.org/maven2/xml-apis/xml-apis/1.3.04/xml-apis-1.3.04.jar (194 kB at 241 kB/s)
Downloading from central: https://repo.maven.apache.org/maven2/org/apache/maven/doxia/doxia-module-xhtml/1.3/doxia-module-xhtml-1.3.jar
Progress (1): 0.3/1.2 MB
Progress (1): 0.3/1.2 MB
Progress (1): 0.3/1.2 MB
Progress (2): 0.3/1.2 MB | 3.2/47 kB
Progress (2): 0.3/1.2 MB | 3.2/47 kB
Progress (2): 0.3/1.2 MB | 20/47 kB 
Progress (2): 0.3/1.2 MB | 20/47 kB
Progress (3): 0.3/1.2 MB | 20/47 kB | 7.7/61 kB
Progress (3): 0.3/1.2 MB | 20/47 kB | 16/61 kB 
Progress (3): 0.3/1.2 MB | 36/47 kB | 16/61 kB
Progress (3): 0.3/1.2 MB | 36/47 kB | 16/61 kB
Progress (3): 0.3/1.2 MB | 47 kB | 16/61 kB   
                                           
Downloaded from central: https://repo.maven.apache.org/maven2/commons-codec/commons-codec/1.3/commons-codec-1.3.jar (47 kB at 52 kB/s)
Downloading from central: https://repo.maven.apache.org/maven2/org/apache/maven/doxia/doxia-module-apt/1.3/doxia-module-apt-1.3.jar
Progress (2): 0.4/1.2 MB | 16/61 kB
Progress (2): 0.4/1.2 MB | 16/61 kB
Progress (2): 0.4/1.2 MB | 16/61 kB
Progress (2): 0.4/1.2 MB | 16/61 kB
Progress (2): 0.4/1.2 MB | 16/61 kB
Progress (2): 0.4/1.2 MB | 16/61 kB
Progress (2): 0.5/1.2 MB | 16/61 kB
Progress (3): 0.5/1.2 MB | 16/61 kB | 7.7/173 kB
Progress (3): 0.5/1.2 MB | 16/61 kB | 16/173 kB 
Progress (3): 0.5/1.2 MB | 16/61 kB | 32/173 kB
Progress (3): 0.5/1.2 MB | 16/61 kB | 32/173 kB
Progress (3): 0.5/1.2 MB | 16/61 kB | 49/173 kB
Progress (3): 0.5/1.2 MB | 16/61 kB | 65/173 kB
Progress (3): 0.5/1.2 MB | 16/61 kB | 65/173 kB
Progress (3): 0.5/1.2 MB | 16/61 kB | 81/173 kB
Progress (3): 0.5/1.2 MB | 16/61 kB | 81/173 kB
Progress (3): 0.5/1.2 MB | 16/61 kB | 98/173 kB
Progress (3): 0.5/1.2 MB | 16/61 kB | 114/173 kB
Progress (4): 0.5/1.2 MB | 16/61 kB | 114/173 kB | 7.7/15 kB
Progress (4): 0.5/1.2 MB | 16/61 kB | 114/173 kB | 7.7/15 kB
Progress (4): 0.5/1.2 MB | 16/61 kB | 131/173 kB | 7.7/15 kB
Progress (4): 0.5/1.2 MB | 16/61 kB | 147/173 kB | 7.7/15 kB
Progress (4): 0.5/1.2 MB | 16/61 kB | 147/173 kB | 15 kB    
Progress (4): 0.5/1.2 MB | 16/61 kB | 163/173 kB | 15 kB
                                                        
Downloaded from central: https://repo.maven.apache.org/maven2/org/apache/maven/doxia/doxia-module-xhtml/1.3/doxia-module-xhtml-1.3.jar (15 kB at 14 kB/s)
Downloading from central: https://repo.maven.apache.org/maven2/org/apache/maven/doxia/doxia-module-xdoc/1.3/doxia-module-xdoc-1.3.jar
Progress (3): 0.5/1.2 MB | 16/61 kB | 173 kB
                                            
Downloaded from central: https://repo.maven.apache.org/maven2/org/apache/httpcomponents/httpcore/4.0.1/httpcore-4.0.1.jar (173 kB at 165 kB/s)
Downloading from central: https://repo.maven.apache.org/maven2/org/apache/maven/doxia/doxia-module-fml/1.3/doxia-module-fml-1.3.jar
Progress (3): 0.5/1.2 MB | 16/61 kB | 3.2/52 kB
Progress (3): 0.5/1.2 MB | 16/61 kB | 20/52 kB 
Progress (3): 0.5/1.2 MB | 32/61 kB | 20/52 kB
Progress (3): 0.5/1.2 MB | 49/61 kB | 20/52 kB
Progress (3): 0.5/1.2 MB | 61 kB | 20/52 kB   
                                           
Downloaded from central: https://repo.maven.apache.org/maven2/commons-logging/commons-logging/1.1.1/commons-logging-1.1.1.jar (61 kB at 54 kB/s)
Downloading from central: https://repo.maven.apache.org/maven2/javax/servlet/servlet-api/2.5/servlet-api-2.5.jar
Progress (2): 0.5/1.2 MB | 36/52 kB
Progress (2): 0.5/1.2 MB | 52 kB   
                                
Downloaded from central: https://repo.maven.apache.org/maven2/org/apache/maven/doxia/doxia-module-apt/1.3/doxia-module-apt-1.3.jar (52 kB at 45 kB/s)
Downloading from central: https://repo.maven.apache.org/maven2/org/apache/maven/doxia/doxia-decoration-model/1.3/doxia-decoration-model-1.3.jar
Progress (1): 0.5/1.2 MB
Progress (1): 0.5/1.2 MB
Progress (1): 0.5/1.2 MB
Progress (2): 0.5/1.2 MB | 7.7/38 kB
Progress (2): 0.5/1.2 MB | 16/38 kB 
Progress (2): 0.5/1.2 MB | 24/38 kB
Progress (2): 0.6/1.2 MB | 24/38 kB
Progress (2): 0.6/1.2 MB | 24/38 kB
Progress (2): 0.6/1.2 MB | 24/38 kB
Progress (2): 0.6/1.2 MB | 38 kB   
Progress (2): 0.6/1.2 MB | 38 kB
Progress (2): 0.6/1.2 MB | 38 kB
                                
Downloaded from central: https://repo.maven.apache.org/maven2/org/apache/maven/doxia/doxia-module-fml/1.3/doxia-module-fml-1.3.jar (38 kB at 29 kB/s)
Downloading from central: https://repo.maven.apache.org/maven2/org/apache/maven/doxia/doxia-site-renderer/1.3/doxia-site-renderer-1.3.jar
Progress (1): 0.6/1.2 MB
Progress (1): 0.7/1.2 MB
Progress (1): 0.7/1.2 MB
Progress (1): 0.7/1.2 MB
Progress (2): 0.7/1.2 MB | 7.7/37 kB
Progress (2): 0.7/1.2 MB | 7.7/37 kB
Progress (2): 0.7/1.2 MB | 16/37 kB 
Progress (2): 0.7/1.2 MB | 16/37 kB
Progress (2): 0.7/1.2 MB | 16/37 kB
Progress (2): 0.8/1.2 MB | 16/37 kB
Progress (2): 0.8/1.2 MB | 16/37 kB
Progress (2): 0.8/1.2 MB | 16/37 kB
Progress (2): 0.8/1.2 MB | 16/37 kB
Progress (2): 0.8/1.2 MB | 16/37 kB
Progress (2): 0.8/1.2 MB | 16/37 kB
Progress (2): 0.9/1.2 MB | 16/37 kB
Progress (2): 0.9/1.2 MB | 16/37 kB
Progress (2): 0.9/1.2 MB | 16/37 kB
Progress (2): 0.9/1.2 MB | 16/37 kB
Progress (2): 0.9/1.2 MB | 32/37 kB
Progress (2): 0.9/1.2 MB | 37 kB   
                                
Downloaded from central: https://repo.maven.apache.org/maven2/org/apache/maven/doxia/doxia-module-xdoc/1.3/doxia-module-xdoc-1.3.jar (37 kB at 28 kB/s)
Downloading from central: https://repo.maven.apache.org/maven2/org/apache/velocity/velocity-tools/2.0/velocity-tools-2.0.jar
Progress (1): 0.9/1.2 MB
Progress (1): 0.9/1.2 MB
Progress (1): 1.0/1.2 MB
Progress (1): 1.0/1.2 MB
Progress (2): 1.0/1.2 MB | 7.7/61 kB
Progress (2): 1.0/1.2 MB | 16/61 kB 
Progress (2): 1.0/1.2 MB | 16/61 kB
Progress (2): 1.0/1.2 MB | 24/61 kB
Progress (2): 1.0/1.2 MB | 24/61 kB
Progress (2): 1.0/1.2 MB | 40/61 kB
Progress (2): 1.0/1.2 MB | 40/61 kB
Progress (2): 1.0/1.2 MB | 57/61 kB
Progress (2): 1.0/1.2 MB | 57/61 kB
Progress (2): 1.0/1.2 MB | 61 kB   
                                
Downloaded from central: https://repo.maven.apache.org/maven2/org/apache/maven/doxia/doxia-decoration-model/1.3/doxia-decoration-model-1.3.jar (61 kB at 43 kB/s)
Downloading from central: https://repo.maven.apache.org/maven2/commons-digester/commons-digester/1.8/commons-digester-1.8.jar
Progress (1): 1.1/1.2 MB
Progress (1): 1.1/1.2 MB
Progress (1): 1.1/1.2 MB
Progress (1): 1.1/1.2 MB
Progress (1): 1.1/1.2 MB
Progress (1): 1.1/1.2 MB
Progress (1): 1.2/1.2 MB
Progress (1): 1.2/1.2 MB
Progress (2): 1.2/1.2 MB | 7.7/105 kB
Progress (2): 1.2/1.2 MB | 7.7/105 kB
Progress (2): 1.2/1.2 MB | 7.7/105 kB
Progress (2): 1.2/1.2 MB | 24/105 kB 
Progress (2): 1.2/1.2 MB | 40/105 kB
Progress (2): 1.2/1.2 MB | 57/105 kB
Progress (2): 1.2/1.2 MB | 73/105 kB
Progress (3): 1.2/1.2 MB | 73/105 kB | 7.7/53 kB
Progress (3): 1.2/1.2 MB | 73/105 kB | 16/53 kB 
Progress (3): 1.2/1.2 MB | 90/105 kB | 16/53 kB
Progress (3): 1.2/1.2 MB | 105 kB | 16/53 kB   
                                            
Downloaded from central: https://repo.maven.apache.org/maven2/javax/servlet/servlet-api/2.5/servlet-api-2.5.jar (105 kB at 69 kB/s)
Downloading from central: https://repo.maven.apache.org/maven2/commons-chain/commons-chain/1.1/commons-chain-1.1.jar
Progress (2): 1.2/1.2 MB | 16/53 kB
Progress (2): 1.2/1.2 MB | 32/53 kB
Progress (2): 1.2/1.2 MB | 49/53 kB
Progress (2): 1.2/1.2 MB | 53 kB   
                                
Downloaded from central: https://repo.maven.apache.org/maven2/org/apache/maven/doxia/doxia-site-renderer/1.3/doxia-site-renderer-1.3.jar (53 kB at 35 kB/s)
Downloading from central: https://repo.maven.apache.org/maven2/commons-validator/commons-validator/1.3.1/commons-validator-1.3.1.jar
Progress (1): 1.2/1.2 MB
Progress (1): 1.2 MB    
                    
Downloaded from central: https://repo.maven.apache.org/maven2/xerces/xercesImpl/2.9.1/xercesImpl-2.9.1.jar (1.2 MB at 801 kB/s)
Downloading from central: https://repo.maven.apache.org/maven2/dom4j/dom4j/1.1/dom4j-1.1.jar
Progress (1): 7.7/347 kB
Progress (1): 16/347 kB 
Progress (1): 24/347 kB
Progress (1): 40/347 kB
Progress (2): 40/347 kB | 7.7/144 kB
Progress (2): 40/347 kB | 11/144 kB 
Progress (2): 57/347 kB | 11/144 kB
Progress (2): 57/347 kB | 28/144 kB
Progress (2): 66/347 kB | 28/144 kB
Progress (2): 66/347 kB | 44/144 kB
Progress (2): 66/347 kB | 61/144 kB
Progress (2): 82/347 kB | 61/144 kB
Progress (2): 82/347 kB | 77/144 kB
Progress (2): 98/347 kB | 77/144 kB
Progress (2): 98/347 kB | 93/144 kB
Progress (2): 115/347 kB | 93/144 kB
Progress (2): 131/347 kB | 93/144 kB
Progress (2): 147/347 kB | 93/144 kB
Progress (2): 164/347 kB | 93/144 kB
Progress (3): 164/347 kB | 93/144 kB | 7.7/139 kB
Progress (3): 164/347 kB | 93/144 kB | 16/139 kB 
Progress (3): 164/347 kB | 93/144 kB | 32/139 kB
Progress (3): 180/347 kB | 93/144 kB | 32/139 kB
Progress (3): 180/347 kB | 93/144 kB | 49/139 kB
Progress (3): 180/347 kB | 93/144 kB | 65/139 kB
Progress (3): 180/347 kB | 93/144 kB | 81/139 kB
Progress (3): 197/347 kB | 93/144 kB | 81/139 kB
Progress (3): 213/347 kB | 93/144 kB | 81/139 kB
Progress (3): 229/347 kB | 93/144 kB | 81/139 kB
Progress (3): 229/347 kB | 110/144 kB | 81/139 kB
Progress (3): 229/347 kB | 126/144 kB | 81/139 kB
Progress (3): 229/347 kB | 142/144 kB | 81/139 kB
Progress (3): 229/347 kB | 144 kB | 81/139 kB    
                                             
Downloaded from central: https://repo.maven.apache.org/maven2/commons-digester/commons-digester/1.8/commons-digester-1.8.jar (144 kB at 75 kB/s)
Downloading from central: https://repo.maven.apache.org/maven2/sslext/sslext/1.2-0/sslext-1.2-0.jar
Progress (2): 246/347 kB | 81/139 kB
Progress (3): 246/347 kB | 81/139 kB | 7.7/90 kB
Progress (3): 246/347 kB | 81/139 kB | 16/90 kB 
Progress (3): 246/347 kB | 81/139 kB | 32/90 kB
Progress (3): 246/347 kB | 81/139 kB | 49/90 kB
Progress (4): 246/347 kB | 81/139 kB | 49/90 kB | 7.7/457 kB
Progress (4): 246/347 kB | 81/139 kB | 49/90 kB | 16/457 kB 
Progress (4): 246/347 kB | 81/139 kB | 65/90 kB | 16/457 kB
Progress (4): 246/347 kB | 81/139 kB | 81/90 kB | 16/457 kB
Progress (4): 246/347 kB | 81/139 kB | 90 kB | 16/457 kB   
                                                        
Downloaded from central: https://repo.maven.apache.org/maven2/commons-chain/commons-chain/1.1/commons-chain-1.1.jar (90 kB at 46 kB/s)
Downloading from central: https://repo.maven.apache.org/maven2/org/apache/struts/struts-core/1.3.8/struts-core-1.3.8.jar
Progress (3): 246/347 kB | 81/139 kB | 32/457 kB
Progress (3): 246/347 kB | 81/139 kB | 49/457 kB
Progress (3): 246/347 kB | 81/139 kB | 65/457 kB
Progress (3): 246/347 kB | 81/139 kB | 81/457 kB
Progress (3): 246/347 kB | 81/139 kB | 98/457 kB
Progress (3): 246/347 kB | 98/139 kB | 98/457 kB
Progress (3): 246/347 kB | 98/139 kB | 114/457 kB
Progress (3): 246/347 kB | 114/139 kB | 114/457 kB
Progress (3): 246/347 kB | 131/139 kB | 114/457 kB
Progress (3): 246/347 kB | 139 kB | 114/457 kB    
                                              
Downloaded from central: https://repo.maven.apache.org/maven2/commons-validator/commons-validator/1.3.1/commons-validator-1.3.1.jar (139 kB at 69 kB/s)
Downloading from central: https://repo.maven.apache.org/maven2/antlr/antlr/2.7.2/antlr-2.7.2.jar
Progress (2): 246/347 kB | 131/457 kB
Progress (2): 246/347 kB | 147/457 kB
Progress (2): 246/347 kB | 163/457 kB
Progress (2): 246/347 kB | 180/457 kB
Progress (2): 246/347 kB | 196/457 kB
Progress (2): 246/347 kB | 212/457 kB
Progress (2): 246/347 kB | 229/457 kB
Progress (2): 246/347 kB | 245/457 kB
Progress (2): 246/347 kB | 262/457 kB
Progress (3): 246/347 kB | 262/457 kB | 7.7/26 kB
Progress (3): 246/347 kB | 262/457 kB | 15/26 kB 
Progress (3): 262/347 kB | 262/457 kB | 15/26 kB
Progress (3): 279/347 kB | 262/457 kB | 15/26 kB
Progress (3): 295/347 kB | 262/457 kB | 15/26 kB
Progress (3): 311/347 kB | 262/457 kB | 15/26 kB
Progress (3): 328/347 kB | 262/457 kB | 15/26 kB
Progress (3): 328/347 kB | 278/457 kB | 15/26 kB
Progress (3): 328/347 kB | 278/457 kB | 26 kB   
Progress (3): 344/347 kB | 278/457 kB | 26 kB
Progress (3): 347 kB | 278/457 kB | 26 kB    
                                         
Downloaded from central: https://repo.maven.apache.org/maven2/sslext/sslext/1.2-0/sslext-1.2-0.jar (26 kB at 12 kB/s)
Downloading from central: https://repo.maven.apache.org/maven2/org/apache/struts/struts-taglib/1.3.8/struts-taglib-1.3.8.jar
Downloaded from central: https://repo.maven.apache.org/maven2/org/apache/velocity/velocity-tools/2.0/velocity-tools-2.0.jar (347 kB at 162 kB/s)
Downloading from central: https://repo.maven.apache.org/maven2/org/apache/struts/struts-tiles/1.3.8/struts-tiles-1.3.8.jar
Progress (1): 294/457 kB
Progress (1): 311/457 kB
Progress (1): 327/457 kB
Progress (1): 344/457 kB
Progress (1): 360/457 kB
Progress (1): 376/457 kB
Progress (1): 393/457 kB
Progress (1): 409/457 kB
Progress (2): 409/457 kB | 7.7/358 kB
Progress (2): 409/457 kB | 16/358 kB 
Progress (2): 409/457 kB | 32/358 kB
Progress (2): 409/457 kB | 49/358 kB
Progress (2): 409/457 kB | 65/358 kB
Progress (2): 409/457 kB | 81/358 kB
Progress (2): 409/457 kB | 98/358 kB
Progress (2): 409/457 kB | 114/358 kB
Progress (2): 409/457 kB | 131/358 kB
Progress (2): 409/457 kB | 147/358 kB
Progress (3): 409/457 kB | 147/358 kB | 7.7/252 kB
Progress (3): 409/457 kB | 147/358 kB | 7.7/252 kB
Progress (3): 409/457 kB | 163/358 kB | 7.7/252 kB
Progress (3): 409/457 kB | 180/358 kB | 7.7/252 kB
Progress (3): 409/457 kB | 196/358 kB | 7.7/252 kB
Progress (3): 409/457 kB | 196/358 kB | 24/252 kB 
Progress (3): 409/457 kB | 212/358 kB | 24/252 kB
Progress (3): 409/457 kB | 229/358 kB | 24/252 kB
Progress (3): 409/457 kB | 245/358 kB | 24/252 kB
Progress (4): 409/457 kB | 245/358 kB | 24/252 kB | 7.7/329 kB
Progress (4): 409/457 kB | 245/358 kB | 24/252 kB | 7.7/329 kB
Progress (4): 409/457 kB | 262/358 kB | 24/252 kB | 7.7/329 kB
Progress (4): 409/457 kB | 262/358 kB | 24/252 kB | 24/329 kB 
Progress (4): 409/457 kB | 262/358 kB | 40/252 kB | 24/329 kB
Progress (4): 409/457 kB | 262/358 kB | 40/252 kB | 40/329 kB
Progress (4): 409/457 kB | 262/358 kB | 40/252 kB | 57/329 kB
Progress (4): 409/457 kB | 262/358 kB | 40/252 kB | 73/329 kB
Progress (4): 409/457 kB | 278/358 kB | 40/252 kB | 73/329 kB
Progress (4): 409/457 kB | 278/358 kB | 40/252 kB | 90/329 kB
Progress (4): 409/457 kB | 278/358 kB | 40/252 kB | 106/329 kB
Progress (4): 409/457 kB | 278/358 kB | 40/252 kB | 122/329 kB
Progress (4): 409/457 kB | 278/358 kB | 40/252 kB | 139/329 kB
Progress (4): 409/457 kB | 294/358 kB | 40/252 kB | 139/329 kB
Progress (4): 409/457 kB | 294/358 kB | 40/252 kB | 155/329 kB
Progress (4): 409/457 kB | 294/358 kB | 40/252 kB | 172/329 kB
Progress (4): 409/457 kB | 294/358 kB | 40/252 kB | 188/329 kB
Progress (4): 409/457 kB | 294/358 kB | 40/252 kB | 204/329 kB
Progress (4): 409/457 kB | 294/358 kB | 40/252 kB | 221/329 kB
Progress (4): 409/457 kB | 311/358 kB | 40/252 kB | 221/329 kB
Progress (4): 409/457 kB | 311/358 kB | 40/252 kB | 230/329 kB
Progress (4): 409/457 kB | 311/358 kB | 40/252 kB | 246/329 kB
Progress (4): 409/457 kB | 311/358 kB | 40/252 kB | 263/329 kB
Progress (4): 409/457 kB | 311/358 kB | 57/252 kB | 263/329 kB
Progress (4): 409/457 kB | 311/358 kB | 57/252 kB | 279/329 kB
Progress (4): 409/457 kB | 311/358 kB | 57/252 kB | 296/329 kB
Progress (4): 409/457 kB | 327/358 kB | 57/252 kB | 296/329 kB
Progress (4): 409/457 kB | 327/358 kB | 57/252 kB | 312/329 kB
Progress (4): 409/457 kB | 327/358 kB | 57/252 kB | 328/329 kB
Progress (4): 409/457 kB | 327/358 kB | 57/252 kB | 329 kB    
                                                          
Downloaded from central: https://repo.maven.apache.org/maven2/org/apache/struts/struts-core/1.3.8/struts-core-1.3.8.jar (329 kB at 136 kB/s)
Downloading from central: https://repo.maven.apache.org/maven2/commons-collections/commons-collections/3.2.1/commons-collections-3.2.1.jar
Progress (3): 409/457 kB | 344/358 kB | 57/252 kB
Progress (3): 409/457 kB | 358 kB | 57/252 kB    
                                             
Downloaded from central: https://repo.maven.apache.org/maven2/antlr/antlr/2.7.2/antlr-2.7.2.jar (358 kB at 147 kB/s)
Downloading from central: https://repo.maven.apache.org/maven2/org/apache/maven/shared/maven-doxia-tools/1.4/maven-doxia-tools-1.4.jar
Progress (2): 425/457 kB | 57/252 kB
Progress (2): 442/457 kB | 57/252 kB
Progress (2): 457 kB | 57/252 kB    
                                
Downloaded from central: https://repo.maven.apache.org/maven2/dom4j/dom4j/1.1/dom4j-1.1.jar (457 kB at 185 kB/s)
Downloading from central: https://repo.maven.apache.org/maven2/org/apache/maven/wagon/wagon-provider-api/1.0/wagon-provider-api-1.0.jar
Progress (2): 57/252 kB | 7.7/120 kB
Progress (2): 57/252 kB | 7.7/120 kB
Progress (2): 57/252 kB | 24/120 kB 
Progress (2): 57/252 kB | 40/120 kB
Progress (2): 57/252 kB | 57/120 kB
Progress (2): 57/252 kB | 73/120 kB
Progress (2): 57/252 kB | 90/120 kB
Progress (2): 57/252 kB | 106/120 kB
Progress (2): 57/252 kB | 120 kB    
                                
Downloaded from central: https://repo.maven.apache.org/maven2/org/apache/struts/struts-tiles/1.3.8/struts-tiles-1.3.8.jar (120 kB at 47 kB/s)
Downloading from central: https://repo.maven.apache.org/maven2/org/codehaus/plexus/plexus-archiver/1.0/plexus-archiver-1.0.jar
Progress (1): 73/252 kB
Progress (1): 90/252 kB
Progress (1): 106/252 kB
Progress (2): 106/252 kB | 7.7/45 kB
Progress (2): 106/252 kB | 16/45 kB 
Progress (2): 106/252 kB | 32/45 kB
Progress (2): 106/252 kB | 45 kB   
                                
Downloaded from central: https://repo.maven.apache.org/maven2/org/apache/maven/shared/maven-doxia-tools/1.4/maven-doxia-tools-1.4.jar (45 kB at 17 kB/s)
Downloading from central: https://repo.maven.apache.org/maven2/org/codehaus/plexus/plexus-io/1.0/plexus-io-1.0.jar
Progress (1): 122/252 kB
Progress (1): 139/252 kB
Progress (1): 155/252 kB
Progress (1): 172/252 kB
Progress (2): 172/252 kB | 7.7/53 kB
Progress (2): 172/252 kB | 16/53 kB 
Progress (2): 172/252 kB | 22/53 kB
Progress (2): 172/252 kB | 38/53 kB
Progress (2): 172/252 kB | 53 kB   
                                
Downloaded from central: https://repo.maven.apache.org/maven2/org/apache/maven/wagon/wagon-provider-api/1.0/wagon-provider-api-1.0.jar (53 kB at 19 kB/s)
Downloading from central: https://repo.maven.apache.org/maven2/org/codehaus/plexus/plexus-velocity/1.1.8/plexus-velocity-1.1.8.jar
Progress (2): 172/252 kB | 7.7/177 kB
Progress (2): 172/252 kB | 7.7/177 kB
Progress (3): 172/252 kB | 7.7/177 kB | 7.7/575 kB
Progress (3): 172/252 kB | 7.7/177 kB | 16/575 kB 
Progress (3): 172/252 kB | 7.7/177 kB | 32/575 kB
Progress (3): 172/252 kB | 7.7/177 kB | 49/575 kB
Progress (3): 172/252 kB | 7.7/177 kB | 65/575 kB
Progress (3): 172/252 kB | 24/177 kB | 65/575 kB 
Progress (3): 172/252 kB | 24/177 kB | 81/575 kB
Progress (3): 188/252 kB | 24/177 kB | 81/575 kB
Progress (3): 188/252 kB | 24/177 kB | 98/575 kB
Progress (3): 188/252 kB | 24/177 kB | 114/575 kB
Progress (3): 188/252 kB | 24/177 kB | 131/575 kB
Progress (3): 188/252 kB | 24/177 kB | 147/575 kB
Progress (3): 188/252 kB | 24/177 kB | 163/575 kB
Progress (3): 188/252 kB | 24/177 kB | 180/575 kB
Progress (3): 188/252 kB | 24/177 kB | 196/575 kB
Progress (3): 188/252 kB | 24/177 kB | 212/575 kB
Progress (3): 188/252 kB | 24/177 kB | 217/575 kB
Progress (3): 188/252 kB | 24/177 kB | 233/575 kB
Progress (3): 188/252 kB | 24/177 kB | 250/575 kB
Progress (3): 188/252 kB | 40/177 kB | 250/575 kB
Progress (3): 188/252 kB | 40/177 kB | 266/575 kB
Progress (3): 188/252 kB | 40/177 kB | 282/575 kB
Progress (3): 188/252 kB | 40/177 kB | 299/575 kB
Progress (3): 188/252 kB | 40/177 kB | 315/575 kB
Progress (3): 188/252 kB | 40/177 kB | 331/575 kB
Progress (3): 188/252 kB | 40/177 kB | 348/575 kB
Progress (3): 188/252 kB | 40/177 kB | 364/575 kB
Progress (3): 188/252 kB | 40/177 kB | 381/575 kB
Progress (3): 188/252 kB | 40/177 kB | 397/575 kB
Progress (3): 188/252 kB | 40/177 kB | 413/575 kB
Progress (3): 204/252 kB | 40/177 kB | 413/575 kB
Progress (3): 221/252 kB | 40/177 kB | 413/575 kB
Progress (3): 221/252 kB | 40/177 kB | 430/575 kB
Progress (3): 237/252 kB | 40/177 kB | 430/575 kB
Progress (3): 252 kB | 40/177 kB | 430/575 kB    
Progress (3): 252 kB | 57/177 kB | 430/575 kB
                                             
Downloaded from central: https://repo.maven.apache.org/maven2/org/apache/struts/struts-taglib/1.3.8/struts-taglib-1.3.8.jar (252 kB at 89 kB/s)
Downloading from central: https://repo.maven.apache.org/maven2/org/codehaus/plexus/plexus-utils/1.5.10/plexus-utils-1.5.10.jar
Progress (2): 57/177 kB | 446/575 kB
Progress (2): 57/177 kB | 463/575 kB
Progress (2): 57/177 kB | 479/575 kB
Progress (2): 57/177 kB | 495/575 kB
Progress (2): 57/177 kB | 512/575 kB
Progress (2): 57/177 kB | 528/575 kB
Progress (2): 66/177 kB | 528/575 kB
Progress (2): 66/177 kB | 544/575 kB
Progress (2): 66/177 kB | 561/575 kB
Progress (2): 66/177 kB | 575 kB    
                                
Downloaded from central: https://repo.maven.apache.org/maven2/commons-collections/commons-collections/3.2.1/commons-collections-3.2.1.jar (575 kB at 203 kB/s)
Downloading from central: https://repo.maven.apache.org/maven2/org/mortbay/jetty/jetty/6.1.25/jetty-6.1.25.jar
Progress (1): 82/177 kB
Progress (1): 98/177 kB
Progress (1): 115/177 kB
Progress (1): 131/177 kB
Progress (2): 131/177 kB | 7.7/51 kB
Progress (2): 131/177 kB | 16/51 kB 
Progress (2): 131/177 kB | 32/51 kB
Progress (2): 131/177 kB | 49/51 kB
Progress (2): 131/177 kB | 51 kB   
                                
Downloaded from central: https://repo.maven.apache.org/maven2/org/codehaus/plexus/plexus-io/1.0/plexus-io-1.0.jar (51 kB at 17 kB/s)
Downloading from central: https://repo.maven.apache.org/maven2/org/mortbay/jetty/servlet-api/2.5-20081211/servlet-api-2.5-20081211.jar
Progress (2): 131/177 kB | 7.7/281 kB
Progress (2): 131/177 kB | 7.7/281 kB
Progress (2): 131/177 kB | 24/281 kB 
Progress (3): 131/177 kB | 24/281 kB | 7.7/7.9 kB
Progress (3): 131/177 kB | 24/281 kB | 7.9 kB    
                                             
Downloaded from central: https://repo.maven.apache.org/maven2/org/codehaus/plexus/plexus-velocity/1.1.8/plexus-velocity-1.1.8.jar (7.9 kB at 2.6 kB/s)
Downloading from central: https://repo.maven.apache.org/maven2/org/mortbay/jetty/jetty-util/6.1.25/jetty-util-6.1.25.jar
Progress (2): 131/177 kB | 40/281 kB
Progress (2): 147/177 kB | 40/281 kB
Progress (2): 147/177 kB | 57/281 kB
Progress (2): 164/177 kB | 57/281 kB
Progress (2): 177 kB | 57/281 kB    
                                
Downloaded from central: https://repo.maven.apache.org/maven2/org/codehaus/plexus/plexus-archiver/1.0/plexus-archiver-1.0.jar (177 kB at 57 kB/s)
Downloading from central: https://repo.maven.apache.org/maven2/commons-lang/commons-lang/2.5/commons-lang-2.5.jar
Progress (1): 73/281 kB
Progress (1): 90/281 kB
Progress (2): 90/281 kB | 7.7/134 kB
Progress (2): 90/281 kB | 16/134 kB 
Progress (2): 90/281 kB | 32/134 kB
Progress (3): 90/281 kB | 32/134 kB | 7.7/539 kB
Progress (3): 90/281 kB | 32/134 kB | 16/539 kB 
Progress (3): 90/281 kB | 32/134 kB | 32/539 kB
Progress (3): 90/281 kB | 32/134 kB | 49/539 kB
Progress (3): 90/281 kB | 32/134 kB | 65/539 kB
Progress (3): 90/281 kB | 32/134 kB | 81/539 kB
Progress (3): 90/281 kB | 32/134 kB | 98/539 kB
Progress (3): 90/281 kB | 32/134 kB | 114/539 kB
Progress (3): 90/281 kB | 32/134 kB | 131/539 kB
Progress (3): 90/281 kB | 32/134 kB | 147/539 kB
Progress (3): 90/281 kB | 32/134 kB | 163/539 kB
Progress (3): 90/281 kB | 32/134 kB | 180/539 kB
Progress (3): 90/281 kB | 32/134 kB | 196/539 kB
Progress (3): 90/281 kB | 32/134 kB | 212/539 kB
Progress (3): 90/281 kB | 32/134 kB | 229/539 kB
Progress (3): 90/281 kB | 32/134 kB | 233/539 kB
Progress (3): 90/281 kB | 32/134 kB | 250/539 kB
Progress (3): 90/281 kB | 32/134 kB | 266/539 kB
Progress (3): 90/281 kB | 32/134 kB | 282/539 kB
Progress (3): 90/281 kB | 32/134 kB | 299/539 kB
Progress (3): 90/281 kB | 32/134 kB | 315/539 kB
Progress (3): 90/281 kB | 32/134 kB | 331/539 kB
Progress (3): 90/281 kB | 32/134 kB | 348/539 kB
Progress (3): 90/281 kB | 32/134 kB | 364/539 kB
Progress (3): 90/281 kB | 32/134 kB | 381/539 kB
Progress (3): 90/281 kB | 32/134 kB | 397/539 kB
Progress (3): 90/281 kB | 32/134 kB | 413/539 kB
Progress (3): 90/281 kB | 32/134 kB | 430/539 kB
Progress (3): 90/281 kB | 32/134 kB | 446/539 kB
Progress (3): 90/281 kB | 32/134 kB | 463/539 kB
Progress (3): 90/281 kB | 32/134 kB | 479/539 kB
Progress (3): 90/281 kB | 32/134 kB | 495/539 kB
Progress (3): 90/281 kB | 32/134 kB | 512/539 kB
Progress (4): 90/281 kB | 32/134 kB | 512/539 kB | 7.7/177 kB
Progress (4): 90/281 kB | 32/134 kB | 512/539 kB | 16/177 kB 
Progress (4): 90/281 kB | 32/134 kB | 528/539 kB | 16/177 kB
Progress (4): 90/281 kB | 32/134 kB | 539 kB | 16/177 kB    
                                                        
Downloaded from central: https://repo.maven.apache.org/maven2/org/mortbay/jetty/jetty/6.1.25/jetty-6.1.25.jar (539 kB at 164 kB/s)
Downloading from central: https://repo.maven.apache.org/maven2/commons-io/commons-io/1.4/commons-io-1.4.jar
Progress (3): 90/281 kB | 32/134 kB | 32/177 kB
Progress (3): 90/281 kB | 32/134 kB | 49/177 kB
Progress (3): 90/281 kB | 32/134 kB | 65/177 kB
Progress (4): 90/281 kB | 32/134 kB | 65/177 kB | 7.7/279 kB
Progress (4): 90/281 kB | 32/134 kB | 81/177 kB | 7.7/279 kB
Progress (4): 90/281 kB | 32/134 kB | 81/177 kB | 16/279 kB 
Progress (4): 90/281 kB | 32/134 kB | 81/177 kB | 24/279 kB
Progress (4): 90/281 kB | 32/134 kB | 98/177 kB | 24/279 kB
Progress (4): 90/281 kB | 32/134 kB | 114/177 kB | 24/279 kB
Progress (4): 90/281 kB | 32/134 kB | 114/177 kB | 40/279 kB
Progress (4): 90/281 kB | 32/134 kB | 122/177 kB | 40/279 kB
Progress (4): 90/281 kB | 32/134 kB | 139/177 kB | 40/279 kB
Progress (4): 90/281 kB | 32/134 kB | 139/177 kB | 57/279 kB
Progress (4): 106/281 kB | 32/134 kB | 139/177 kB | 57/279 kB
Progress (4): 106/281 kB | 32/134 kB | 155/177 kB | 57/279 kB
Progress (4): 106/281 kB | 49/134 kB | 155/177 kB | 57/279 kB
Progress (4): 106/281 kB | 65/134 kB | 155/177 kB | 57/279 kB
Progress (4): 106/281 kB | 81/134 kB | 155/177 kB | 57/279 kB
Progress (4): 106/281 kB | 81/134 kB | 155/177 kB | 73/279 kB
Progress (4): 122/281 kB | 81/134 kB | 155/177 kB | 73/279 kB
Progress (4): 122/281 kB | 81/134 kB | 172/177 kB | 73/279 kB
Progress (4): 122/281 kB | 81/134 kB | 177 kB | 73/279 kB    
                                                         
Downloaded from central: https://repo.maven.apache.org/maven2/org/mortbay/jetty/jetty-util/6.1.25/jetty-util-6.1.25.jar (177 kB at 52 kB/s)
Progress (3): 139/281 kB | 81/134 kB | 73/279 kB
Progress (3): 139/281 kB | 98/134 kB | 73/279 kB
Progress (3): 139/281 kB | 98/134 kB | 90/279 kB
Progress (3): 139/281 kB | 114/134 kB | 90/279 kB
Progress (3): 139/281 kB | 131/134 kB | 90/279 kB
Progress (3): 139/281 kB | 134 kB | 90/279 kB    
                                             
Downloaded from central: https://repo.maven.apache.org/maven2/org/mortbay/jetty/servlet-api/2.5-20081211/servlet-api-2.5-20081211.jar (134 kB at 39 kB/s)
Progress (2): 139/281 kB | 106/279 kB
Progress (2): 155/281 kB | 106/279 kB
Progress (2): 172/281 kB | 106/279 kB
Progress (2): 172/281 kB | 122/279 kB
Progress (2): 172/281 kB | 139/279 kB
Progress (2): 172/281 kB | 155/279 kB
Progress (2): 188/281 kB | 155/279 kB
Progress (2): 204/281 kB | 155/279 kB
Progress (2): 221/281 kB | 155/279 kB
Progress (2): 237/281 kB | 155/279 kB
Progress (2): 253/281 kB | 155/279 kB
Progress (2): 270/281 kB | 155/279 kB
Progress (2): 281 kB | 155/279 kB    
                                 
Downloaded from central: https://repo.maven.apache.org/maven2/org/codehaus/plexus/plexus-utils/1.5.10/plexus-utils-1.5.10.jar (281 kB at 81 kB/s)
Progress (1): 172/279 kB
Progress (1): 188/279 kB
Progress (1): 204/279 kB
Progress (1): 221/279 kB
Progress (1): 237/279 kB
Progress (1): 253/279 kB
Progress (1): 270/279 kB
Progress (2): 270/279 kB | 7.7/109 kB
Progress (2): 270/279 kB | 16/109 kB 
Progress (2): 270/279 kB | 32/109 kB
Progress (2): 270/279 kB | 49/109 kB
Progress (2): 270/279 kB | 65/109 kB
Progress (2): 279 kB | 65/109 kB    
                                
Downloaded from central: https://repo.maven.apache.org/maven2/commons-lang/commons-lang/2.5/commons-lang-2.5.jar (279 kB at 78 kB/s)
Progress (1): 81/109 kB
Progress (1): 98/109 kB
Progress (1): 109 kB   
                    
Downloaded from central: https://repo.maven.apache.org/maven2/commons-io/commons-io/1.4/commons-io-1.4.jar (109 kB at 30 kB/s)
[INFO] 
[INFO] --- moditect:1.0.0.Beta2:add-module-info (add-module-infos) @ jackson-core ---
Downloading from central: https://repo.maven.apache.org/maven2/org/moditect/moditect/1.0.0.Beta2/moditect-1.0.0.Beta2.pom
Progress (1): 1.4 kB
Progress (1): 4.4 kB
                    
Downloaded from central: https://repo.maven.apache.org/maven2/org/moditect/moditect/1.0.0.Beta2/moditect-1.0.0.Beta2.pom (4.4 kB at 15 kB/s)
Downloading from central: https://repo.maven.apache.org/maven2/com/github/javaparser/javaparser-core/3.5.0/javaparser-core-3.5.0.pom
Progress (1): 1.2 kB
Progress (1): 4.3 kB
Progress (1): 7.6 kB
                    
Downloaded from central: https://repo.maven.apache.org/maven2/com/github/javaparser/javaparser-core/3.5.0/javaparser-core-3.5.0.pom (7.6 kB at 29 kB/s)
Downloading from central: https://repo.maven.apache.org/maven2/com/github/javaparser/javaparser-parent/3.5.0/javaparser-parent-3.5.0.pom
Progress (1): 1.2 kB
Progress (1): 3.9 kB
Progress (1): 6.4 kB
Progress (1): 9.7 kB
                    
Downloaded from central: https://repo.maven.apache.org/maven2/com/github/javaparser/javaparser-parent/3.5.0/javaparser-parent-3.5.0.pom (9.7 kB at 39 kB/s)
Downloading from central: https://repo.maven.apache.org/maven2/com/beust/jcommander/1.60/jcommander-1.60.pom
Progress (1): 1.2 kB
                    
Downloaded from central: https://repo.maven.apache.org/maven2/com/beust/jcommander/1.60/jcommander-1.60.pom (1.2 kB at 4.6 kB/s)
Downloading from central: https://repo.maven.apache.org/maven2/org/moditect/moditect/1.0.0.Beta2/moditect-1.0.0.Beta2.jar
Progress (1): 7.7/157 kB
Progress (1): 16/157 kB 
Progress (1): 32/157 kB
Progress (1): 49/157 kB
Progress (1): 65/157 kB
Progress (1): 81/157 kB
Progress (1): 98/157 kB
Progress (1): 114/157 kB
Progress (1): 123/157 kB
Progress (1): 139/157 kB
Progress (1): 156/157 kB
Progress (1): 157 kB    
                    
Downloaded from central: https://repo.maven.apache.org/maven2/org/moditect/moditect/1.0.0.Beta2/moditect-1.0.0.Beta2.jar (157 kB at 560 kB/s)
Downloading from central: https://repo.maven.apache.org/maven2/com/github/javaparser/javaparser-core/3.5.0/javaparser-core-3.5.0.jar
Downloading from central: https://repo.maven.apache.org/maven2/com/beust/jcommander/1.60/jcommander-1.60.jar
Progress (1): 0/1.1 MB
Progress (1): 0/1.1 MB
Progress (1): 0/1.1 MB
Progress (2): 0/1.1 MB | 5.7/62 kB
Progress (2): 0/1.1 MB | 22/62 kB 
Progress (2): 0/1.1 MB | 38/62 kB
Progress (2): 0/1.1 MB | 55/62 kB
Progress (2): 0/1.1 MB | 62 kB   
                              
Downloaded from central: https://repo.maven.apache.org/maven2/com/beust/jcommander/1.60/jcommander-1.60.jar (62 kB at 238 kB/s)
Progress (1): 0.1/1.1 MB
Progress (1): 0.1/1.1 MB
Progress (1): 0.1/1.1 MB
Progress (1): 0.1/1.1 MB
Progress (1): 0.1/1.1 MB
Progress (1): 0.1/1.1 MB
Progress (1): 0.1/1.1 MB
Progress (1): 0.2/1.1 MB
Progress (1): 0.2/1.1 MB
Progress (1): 0.2/1.1 MB
Progress (1): 0.2/1.1 MB
Progress (1): 0.2/1.1 MB
Progress (1): 0.2/1.1 MB
Progress (1): 0.3/1.1 MB
Progress (1): 0.3/1.1 MB
Progress (1): 0.3/1.1 MB
Progress (1): 0.3/1.1 MB
Progress (1): 0.3/1.1 MB
Progress (1): 0.3/1.1 MB
Progress (1): 0.4/1.1 MB
Progress (1): 0.4/1.1 MB
Progress (1): 0.4/1.1 MB
Progress (1): 0.4/1.1 MB
Progress (1): 0.4/1.1 MB
Progress (1): 0.4/1.1 MB
Progress (1): 0.5/1.1 MB
Progress (1): 0.5/1.1 MB
Progress (1): 0.5/1.1 MB
Progress (1): 0.5/1.1 MB
Progress (1): 0.5/1.1 MB
Progress (1): 0.5/1.1 MB
Progress (1): 0.6/1.1 MB
Progress (1): 0.6/1.1 MB
Progress (1): 0.6/1.1 MB
Progress (1): 0.6/1.1 MB
Progress (1): 0.6/1.1 MB
Progress (1): 0.6/1.1 MB
Progress (1): 0.7/1.1 MB
Progress (1): 0.7/1.1 MB
Progress (1): 0.7/1.1 MB
Progress (1): 0.7/1.1 MB
Progress (1): 0.7/1.1 MB
Progress (1): 0.7/1.1 MB
Progress (1): 0.7/1.1 MB
Progress (1): 0.8/1.1 MB
Progress (1): 0.8/1.1 MB
Progress (1): 0.8/1.1 MB
Progress (1): 0.8/1.1 MB
Progress (1): 0.8/1.1 MB
Progress (1): 0.8/1.1 MB
Progress (1): 0.8/1.1 MB
Progress (1): 0.9/1.1 MB
Progress (1): 0.9/1.1 MB
Progress (1): 0.9/1.1 MB
Progress (1): 0.9/1.1 MB
Progress (1): 0.9/1.1 MB
Progress (1): 0.9/1.1 MB
Progress (1): 1.0/1.1 MB
Progress (1): 1.0/1.1 MB
Progress (1): 1.0/1.1 MB
Progress (1): 1.0/1.1 MB
Progress (1): 1.0/1.1 MB
Progress (1): 1.0/1.1 MB
Progress (1): 1.1 MB    
                    
Downloaded from central: https://repo.maven.apache.org/maven2/com/github/javaparser/javaparser-core/3.5.0/javaparser-core-3.5.0.jar (1.1 MB at 870 kB/s)
[INFO] ------------------------------------------------------------------------
[INFO] BUILD SUCCESS
[INFO] ------------------------------------------------------------------------
[INFO] Total time:  01:24 min
[INFO] Finished at: 2026-08-27T09:21:58+08:00
[INFO] ------------------------------------------------------------------------
