[INFO] Scanning for projects...
Downloading from central: https://repo.maven.apache.org/maven2/org/apache/maven/scm/maven-scm-provider-gitexe/1.9.1/maven-scm-provider-gitexe-1.9.1.pom
Progress (1): 864 B
Progress (1): 2.2 kB
Progress (1): 2.5 kB
                    
Downloaded from central: https://repo.maven.apache.org/maven2/org/apache/maven/scm/maven-scm-provider-gitexe/1.9.1/maven-scm-provider-gitexe-1.9.1.pom (2.5 kB at 3.0 kB/s)
Downloading from central: https://repo.maven.apache.org/maven2/org/apache/maven/scm/maven-scm-providers-git/1.9.1/maven-scm-providers-git-1.9.1.pom
Progress (1): 864 B
Progress (1): 2.0 kB
Progress (1): 2.2 kB
                    
Downloaded from central: https://repo.maven.apache.org/maven2/org/apache/maven/scm/maven-scm-providers-git/1.9.1/maven-scm-providers-git-1.9.1.pom (2.2 kB at 10 kB/s)
Downloading from central: https://repo.maven.apache.org/maven2/org/apache/maven/scm/maven-scm-providers/1.9.1/maven-scm-providers-1.9.1.pom
Progress (1): 841 B
Progress (1): 2.3 kB
Progress (1): 3.5 kB
                    
Downloaded from central: https://repo.maven.apache.org/maven2/org/apache/maven/scm/maven-scm-providers/1.9.1/maven-scm-providers-1.9.1.pom (3.5 kB at 16 kB/s)
Downloading from central: https://repo.maven.apache.org/maven2/org/apache/maven/scm/maven-scm/1.9.1/maven-scm-1.9.1.pom
Progress (1): 788 B
Progress (1): 2.6 kB
Progress (1): 5.1 kB
Progress (1): 11 kB 
Progress (1): 14 kB
Progress (1): 18 kB
Progress (1): 22 kB
Progress (1): 22 kB
                   
Downloaded from central: https://repo.maven.apache.org/maven2/org/apache/maven/scm/maven-scm/1.9.1/maven-scm-1.9.1.pom (22 kB at 97 kB/s)
Downloading from central: https://repo.maven.apache.org/maven2/org/apache/maven/maven-parent/24/maven-parent-24.pom
Progress (1): 730 B
Progress (1): 1.6 kB
Progress (1): 4.3 kB
Progress (1): 8.8 kB
Progress (1): 12 kB 
Progress (1): 16 kB
Progress (1): 20 kB
Progress (1): 23 kB
Progress (1): 25 kB
Progress (1): 27 kB
Progress (1): 29 kB
Progress (1): 32 kB
Progress (1): 37 kB
                   
Downloaded from central: https://repo.maven.apache.org/maven2/org/apache/maven/maven-parent/24/maven-parent-24.pom (37 kB at 164 kB/s)
Downloading from central: https://repo.maven.apache.org/maven2/org/apache/apache/14/apache-14.pom
Progress (1): 745 B
Progress (1): 1.6 kB
Progress (1): 3.3 kB
Progress (1): 6.9 kB
Progress (1): 9.9 kB
Progress (1): 13 kB 
Progress (1): 15 kB
                   
Downloaded from central: https://repo.maven.apache.org/maven2/org/apache/apache/14/apache-14.pom (15 kB at 69 kB/s)
Downloading from central: https://repo.maven.apache.org/maven2/commons-io/commons-io/2.2/commons-io-2.2.pom
Progress (1): 843 B
Progress (1): 1.8 kB
Progress (1): 4.5 kB
Progress (1): 7.1 kB
Progress (1): 8.3 kB
Progress (1): 10 kB 
Progress (1): 11 kB
                   
Downloaded from central: https://repo.maven.apache.org/maven2/commons-io/commons-io/2.2/commons-io-2.2.pom (11 kB at 50 kB/s)
Downloading from central: https://repo.maven.apache.org/maven2/org/apache/commons/commons-parent/24/commons-parent-24.pom
Progress (1): 719 B
Progress (1): 1.6 kB
Progress (1): 2.8 kB
Progress (1): 4.3 kB
Progress (1): 5.4 kB
Progress (1): 9.1 kB
Progress (1): 13 kB 
Progress (1): 16 kB
Progress (1): 19 kB
Progress (1): 21 kB
Progress (1): 23 kB
Progress (1): 27 kB
Progress (1): 35 kB
Progress (1): 36 kB
Progress (1): 39 kB
Progress (1): 41 kB
Progress (1): 43 kB
Progress (1): 45 kB
Progress (1): 47 kB
Progress (1): 47 kB
                   
Downloaded from central: https://repo.maven.apache.org/maven2/org/apache/commons/commons-parent/24/commons-parent-24.pom (47 kB at 218 kB/s)
Downloading from central: https://repo.maven.apache.org/maven2/commons-lang/commons-lang/2.6/commons-lang-2.6.pom
Progress (1): 783 B
Progress (1): 1.7 kB
Progress (1): 4.8 kB
Progress (1): 9.1 kB
Progress (1): 12 kB 
Progress (1): 14 kB
Progress (1): 17 kB
Progress (1): 17 kB
                   
Downloaded from central: https://repo.maven.apache.org/maven2/commons-lang/commons-lang/2.6/commons-lang-2.6.pom (17 kB at 79 kB/s)
Downloading from central: https://repo.maven.apache.org/maven2/org/apache/commons/commons-parent/17/commons-parent-17.pom
Progress (1): 732 B
Progress (1): 2.1 kB
Progress (1): 5.7 kB
Progress (1): 8.9 kB
Progress (1): 13 kB 
Progress (1): 15 kB
Progress (1): 18 kB
Progress (1): 24 kB
Progress (1): 24 kB
Progress (1): 28 kB
Progress (1): 30 kB
Progress (1): 31 kB
                   
Downloaded from central: https://repo.maven.apache.org/maven2/org/apache/commons/commons-parent/17/commons-parent-17.pom (31 kB at 142 kB/s)
Downloading from central: https://repo.maven.apache.org/maven2/org/apache/apache/7/apache-7.pom
Progress (1): 754 B
Progress (1): 2.0 kB
Progress (1): 3.7 kB
Progress (1): 7.1 kB
Progress (1): 11 kB 
Progress (1): 14 kB
Progress (1): 14 kB
                   
Downloaded from central: https://repo.maven.apache.org/maven2/org/apache/apache/7/apache-7.pom (14 kB at 66 kB/s)
Downloading from central: https://repo.maven.apache.org/maven2/org/apache/maven/scm/maven-scm-provider-git-commons/1.9.1/maven-scm-provider-git-commons-1.9.1.pom
Progress (1): 868 B
Progress (1): 2.1 kB
                    
Downloaded from central: https://repo.maven.apache.org/maven2/org/apache/maven/scm/maven-scm-provider-git-commons/1.9.1/maven-scm-provider-git-commons-1.9.1.pom (2.1 kB at 9.6 kB/s)
Downloading from central: https://repo.maven.apache.org/maven2/org/apache/maven/scm/maven-scm-api/1.9.1/maven-scm-api-1.9.1.pom
Progress (1): 876 B
Progress (1): 1.6 kB
                    
Downloaded from central: https://repo.maven.apache.org/maven2/org/apache/maven/scm/maven-scm-api/1.9.1/maven-scm-api-1.9.1.pom (1.6 kB at 7.3 kB/s)
Downloading from central: https://repo.maven.apache.org/maven2/org/codehaus/plexus/plexus-utils/3.0.15/plexus-utils-3.0.15.pom
Progress (1): 817 B
Progress (1): 2.3 kB
Progress (1): 3.1 kB
                    
Downloaded from central: https://repo.maven.apache.org/maven2/org/codehaus/plexus/plexus-utils/3.0.15/plexus-utils-3.0.15.pom (3.1 kB at 15 kB/s)
Downloading from central: https://repo.maven.apache.org/maven2/org/apache/maven/scm/maven-scm-provider-gitexe/1.9.1/maven-scm-provider-gitexe-1.9.1.jar
Progress (1): 3.8/64 kB
Progress (1): 8.0/64 kB
Progress (1): 12/64 kB 
Progress (1): 16/64 kB
Progress (1): 21/64 kB
Progress (1): 24/64 kB
Progress (1): 28/64 kB
Progress (1): 33/64 kB
Progress (1): 37/64 kB
Progress (1): 41/64 kB
Progress (1): 45/64 kB
Progress (1): 49/64 kB
Progress (1): 54/64 kB
Progress (1): 58/64 kB
Progress (1): 62/64 kB
Progress (1): 64 kB   
                   
Downloaded from central: https://repo.maven.apache.org/maven2/org/apache/maven/scm/maven-scm-provider-gitexe/1.9.1/maven-scm-provider-gitexe-1.9.1.jar (64 kB at 238 kB/s)
Downloading from central: https://repo.maven.apache.org/maven2/commons-io/commons-io/2.2/commons-io-2.2.jar
Downloading from central: https://repo.maven.apache.org/maven2/commons-lang/commons-lang/2.6/commons-lang-2.6.jar
Downloading from central: https://repo.maven.apache.org/maven2/org/apache/maven/scm/maven-scm-provider-git-commons/1.9.1/maven-scm-provider-git-commons-1.9.1.jar
Downloading from central: https://repo.maven.apache.org/maven2/org/apache/maven/scm/maven-scm-api/1.9.1/maven-scm-api-1.9.1.jar
Downloading from central: https://repo.maven.apache.org/maven2/org/codehaus/plexus/plexus-utils/3.0.15/plexus-utils-3.0.15.jar
Progress (1): 3.8/174 kB
Progress (1): 8.0/174 kB
Progress (1): 12/174 kB 
Progress (1): 16/174 kB
Progress (1): 21/174 kB
Progress (1): 25/174 kB
Progress (1): 29/174 kB
Progress (1): 32/174 kB
Progress (1): 36/174 kB
Progress (1): 40/174 kB
Progress (1): 45/174 kB
Progress (1): 49/174 kB
Progress (1): 53/174 kB
Progress (1): 69/174 kB
Progress (1): 86/174 kB
Progress (1): 102/174 kB
Progress (1): 119/174 kB
Progress (1): 135/174 kB
Progress (1): 151/174 kB
Progress (1): 163/174 kB
Progress (1): 174 kB    
                    
Downloaded from central: https://repo.maven.apache.org/maven2/commons-io/commons-io/2.2/commons-io-2.2.jar (174 kB at 351 kB/s)
Progress (1): 0.9/284 kB
Progress (1): 2.3/284 kB
Progress (1): 3.6/284 kB
Progress (1): 5.0/284 kB
Progress (1): 6.4/284 kB
Progress (1): 7.7/284 kB
Progress (1): 9.1/284 kB
Progress (1): 10/284 kB 
Progress (1): 12/284 kB
Progress (1): 13/284 kB
Progress (1): 15/284 kB
Progress (1): 15/284 kB
Progress (1): 17/284 kB
Progress (1): 18/284 kB
Progress (1): 20/284 kB
Progress (1): 21/284 kB
Progress (1): 22/284 kB
Progress (1): 24/284 kB
Progress (1): 25/284 kB
Progress (1): 26/284 kB
Progress (1): 28/284 kB
Progress (1): 29/284 kB
Progress (1): 31/284 kB
Progress (1): 32/284 kB
Progress (1): 33/284 kB
Progress (1): 35/284 kB
Progress (1): 36/284 kB
Progress (1): 37/284 kB
Progress (1): 39/284 kB
Progress (1): 40/284 kB
Progress (1): 41/284 kB
Progress (1): 43/284 kB
Progress (1): 44/284 kB
Progress (1): 46/284 kB
Progress (1): 47/284 kB
Progress (1): 48/284 kB
Progress (1): 50/284 kB
Progress (1): 51/284 kB
Progress (1): 52/284 kB
Progress (1): 54/284 kB
Progress (1): 55/284 kB
Progress (1): 59/284 kB
Progress (2): 59/284 kB | 0.9/239 kB
Progress (2): 59/284 kB | 2.3/239 kB
Progress (2): 59/284 kB | 3.6/239 kB
Progress (2): 59/284 kB | 5.0/239 kB
Progress (2): 59/284 kB | 6.4/239 kB
Progress (2): 59/284 kB | 7.7/239 kB
Progress (2): 59/284 kB | 9.1/239 kB
Progress (2): 59/284 kB | 10/239 kB 
Progress (2): 59/284 kB | 12/239 kB
Progress (2): 59/284 kB | 13/239 kB
Progress (2): 59/284 kB | 15/239 kB
Progress (2): 59/284 kB | 16/239 kB
Progress (2): 59/284 kB | 17/239 kB
Progress (2): 59/284 kB | 19/239 kB
Progress (2): 59/284 kB | 20/239 kB
Progress (2): 59/284 kB | 21/239 kB
Progress (2): 59/284 kB | 23/239 kB
Progress (2): 59/284 kB | 24/239 kB
Progress (2): 59/284 kB | 25/239 kB
Progress (2): 59/284 kB | 27/239 kB
Progress (3): 59/284 kB | 27/239 kB | 0.9/38 kB
Progress (3): 59/284 kB | 27/239 kB | 2.3/38 kB
Progress (3): 59/284 kB | 27/239 kB | 3.6/38 kB
Progress (3): 59/284 kB | 27/239 kB | 5.0/38 kB
Progress (3): 59/284 kB | 27/239 kB | 6.4/38 kB
Progress (3): 59/284 kB | 27/239 kB | 7.7/38 kB
Progress (3): 59/284 kB | 28/239 kB | 7.7/38 kB
Progress (3): 59/284 kB | 28/239 kB | 9.1/38 kB
Progress (3): 59/284 kB | 30/239 kB | 9.1/38 kB
Progress (3): 59/284 kB | 30/239 kB | 10/38 kB 
Progress (3): 59/284 kB | 30/239 kB | 12/38 kB
Progress (3): 59/284 kB | 30/239 kB | 13/38 kB
Progress (3): 59/284 kB | 31/239 kB | 13/38 kB
Progress (3): 59/284 kB | 31/239 kB | 15/38 kB
Progress (3): 59/284 kB | 32/239 kB | 15/38 kB
Progress (4): 59/284 kB | 32/239 kB | 15/38 kB | 0.9/106 kB
Progress (4): 59/284 kB | 32/239 kB | 15/38 kB | 2.3/106 kB
Progress (4): 59/284 kB | 32/239 kB | 15/38 kB | 3.6/106 kB
Progress (4): 59/284 kB | 32/239 kB | 16/38 kB | 3.6/106 kB
Progress (4): 59/284 kB | 34/239 kB | 16/38 kB | 3.6/106 kB
Progress (4): 59/284 kB | 34/239 kB | 16/38 kB | 5.0/106 kB
Progress (4): 59/284 kB | 34/239 kB | 17/38 kB | 5.0/106 kB
Progress (4): 59/284 kB | 35/239 kB | 17/38 kB | 5.0/106 kB
Progress (4): 59/284 kB | 35/239 kB | 17/38 kB | 6.4/106 kB
Progress (4): 59/284 kB | 35/239 kB | 17/38 kB | 7.7/106 kB
Progress (4): 59/284 kB | 35/239 kB | 17/38 kB | 9.1/106 kB
Progress (4): 59/284 kB | 35/239 kB | 17/38 kB | 10/106 kB 
Progress (4): 59/284 kB | 35/239 kB | 17/38 kB | 12/106 kB
Progress (4): 59/284 kB | 35/239 kB | 17/38 kB | 13/106 kB
Progress (4): 59/284 kB | 35/239 kB | 17/38 kB | 15/106 kB
Progress (4): 59/284 kB | 36/239 kB | 17/38 kB | 15/106 kB
Progress (4): 59/284 kB | 36/239 kB | 19/38 kB | 15/106 kB
Progress (4): 59/284 kB | 36/239 kB | 19/38 kB | 16/106 kB
Progress (4): 59/284 kB | 38/239 kB | 19/38 kB | 16/106 kB
Progress (4): 59/284 kB | 38/239 kB | 20/38 kB | 16/106 kB
Progress (4): 59/284 kB | 38/239 kB | 20/38 kB | 17/106 kB
Progress (4): 59/284 kB | 39/239 kB | 20/38 kB | 17/106 kB
Progress (4): 59/284 kB | 39/239 kB | 20/38 kB | 19/106 kB
Progress (4): 59/284 kB | 39/239 kB | 21/38 kB | 19/106 kB
Progress (4): 59/284 kB | 41/239 kB | 21/38 kB | 19/106 kB
Progress (4): 59/284 kB | 41/239 kB | 23/38 kB | 19/106 kB
Progress (4): 59/284 kB | 41/239 kB | 23/38 kB | 20/106 kB
Progress (4): 59/284 kB | 41/239 kB | 23/38 kB | 21/106 kB
Progress (4): 59/284 kB | 42/239 kB | 23/38 kB | 21/106 kB
Progress (4): 59/284 kB | 42/239 kB | 24/38 kB | 21/106 kB
Progress (4): 59/284 kB | 43/239 kB | 24/38 kB | 21/106 kB
Progress (4): 59/284 kB | 43/239 kB | 26/38 kB | 21/106 kB
Progress (4): 59/284 kB | 45/239 kB | 26/38 kB | 21/106 kB
Progress (4): 59/284 kB | 45/239 kB | 26/38 kB | 23/106 kB
Progress (4): 59/284 kB | 45/239 kB | 26/38 kB | 24/106 kB
Progress (4): 59/284 kB | 46/239 kB | 26/38 kB | 24/106 kB
Progress (4): 59/284 kB | 47/239 kB | 26/38 kB | 24/106 kB
Progress (4): 59/284 kB | 47/239 kB | 27/38 kB | 24/106 kB
Progress (4): 59/284 kB | 47/239 kB | 28/38 kB | 24/106 kB
Progress (4): 59/284 kB | 47/239 kB | 28/38 kB | 26/106 kB
Progress (4): 59/284 kB | 47/239 kB | 28/38 kB | 27/106 kB
Progress (4): 59/284 kB | 49/239 kB | 28/38 kB | 27/106 kB
Progress (4): 59/284 kB | 50/239 kB | 28/38 kB | 27/106 kB
Progress (4): 59/284 kB | 50/239 kB | 30/38 kB | 27/106 kB
Progress (4): 59/284 kB | 50/239 kB | 31/38 kB | 27/106 kB
Progress (4): 59/284 kB | 50/239 kB | 31/38 kB | 28/106 kB
Progress (4): 59/284 kB | 50/239 kB | 31/38 kB | 30/106 kB
Progress (4): 59/284 kB | 51/239 kB | 31/38 kB | 30/106 kB
Progress (4): 59/284 kB | 53/239 kB | 31/38 kB | 30/106 kB
Progress (4): 59/284 kB | 53/239 kB | 32/38 kB | 30/106 kB
Progress (4): 59/284 kB | 53/239 kB | 34/38 kB | 30/106 kB
Progress (4): 59/284 kB | 53/239 kB | 34/38 kB | 31/106 kB
Progress (4): 59/284 kB | 53/239 kB | 34/38 kB | 32/106 kB
Progress (4): 59/284 kB | 54/239 kB | 34/38 kB | 32/106 kB
Progress (4): 59/284 kB | 56/239 kB | 34/38 kB | 32/106 kB
Progress (4): 59/284 kB | 56/239 kB | 35/38 kB | 32/106 kB
Progress (4): 59/284 kB | 56/239 kB | 36/38 kB | 32/106 kB
Progress (4): 59/284 kB | 56/239 kB | 36/38 kB | 34/106 kB
Progress (4): 59/284 kB | 56/239 kB | 36/38 kB | 35/106 kB
Progress (4): 59/284 kB | 56/239 kB | 38 kB | 35/106 kB   
Progress (4): 59/284 kB | 56/239 kB | 38 kB | 36/106 kB
Progress (4): 59/284 kB | 56/239 kB | 38 kB | 38/106 kB
Progress (4): 59/284 kB | 60/239 kB | 38 kB | 38/106 kB
                                                       
Downloaded from central: https://repo.maven.apache.org/maven2/org/apache/maven/scm/maven-scm-provider-git-commons/1.9.1/maven-scm-provider-git-commons-1.9.1.jar (38 kB at 56 kB/s)
Progress (3): 59/284 kB | 60/239 kB | 39/106 kB
Progress (3): 59/284 kB | 60/239 kB | 41/106 kB
Progress (3): 59/284 kB | 64/239 kB | 41/106 kB
Progress (3): 59/284 kB | 64/239 kB | 42/106 kB
Progress (3): 59/284 kB | 64/239 kB | 43/106 kB
Progress (3): 59/284 kB | 64/239 kB | 45/106 kB
Progress (3): 59/284 kB | 64/239 kB | 46/106 kB
Progress (3): 59/284 kB | 64/239 kB | 47/106 kB
Progress (3): 59/284 kB | 68/239 kB | 47/106 kB
Progress (3): 59/284 kB | 68/239 kB | 49/106 kB
Progress (3): 59/284 kB | 68/239 kB | 50/106 kB
Progress (3): 59/284 kB | 68/239 kB | 52/106 kB
Progress (3): 59/284 kB | 68/239 kB | 53/106 kB
Progress (3): 59/284 kB | 68/239 kB | 54/106 kB
Progress (3): 59/284 kB | 68/239 kB | 56/106 kB
Progress (3): 59/284 kB | 68/239 kB | 60/106 kB
Progress (3): 59/284 kB | 68/239 kB | 64/106 kB
Progress (3): 59/284 kB | 68/239 kB | 68/106 kB
Progress (3): 64/284 kB | 68/239 kB | 68/106 kB
Progress (3): 68/284 kB | 68/239 kB | 68/106 kB
Progress (3): 72/284 kB | 68/239 kB | 68/106 kB
Progress (3): 76/284 kB | 68/239 kB | 68/106 kB
Progress (3): 81/284 kB | 68/239 kB | 68/106 kB
Progress (3): 85/284 kB | 68/239 kB | 68/106 kB
Progress (3): 89/284 kB | 68/239 kB | 68/106 kB
Progress (3): 93/284 kB | 68/239 kB | 68/106 kB
Progress (3): 97/284 kB | 68/239 kB | 68/106 kB
Progress (3): 102/284 kB | 68/239 kB | 68/106 kB
Progress (3): 106/284 kB | 68/239 kB | 68/106 kB
Progress (3): 110/284 kB | 68/239 kB | 68/106 kB
Progress (3): 110/284 kB | 73/239 kB | 68/106 kB
Progress (3): 110/284 kB | 77/239 kB | 68/106 kB
Progress (3): 110/284 kB | 81/239 kB | 68/106 kB
Progress (3): 110/284 kB | 85/239 kB | 68/106 kB
Progress (3): 110/284 kB | 85/239 kB | 73/106 kB
Progress (3): 110/284 kB | 89/239 kB | 73/106 kB
Progress (3): 110/284 kB | 89/239 kB | 77/106 kB
Progress (3): 110/284 kB | 94/239 kB | 77/106 kB
Progress (3): 110/284 kB | 94/239 kB | 81/106 kB
Progress (3): 110/284 kB | 98/239 kB | 81/106 kB
Progress (3): 110/284 kB | 98/239 kB | 85/106 kB
Progress (3): 110/284 kB | 102/239 kB | 85/106 kB
Progress (3): 110/284 kB | 102/239 kB | 89/106 kB
Progress (3): 110/284 kB | 106/239 kB | 89/106 kB
Progress (3): 110/284 kB | 106/239 kB | 94/106 kB
Progress (3): 110/284 kB | 111/239 kB | 94/106 kB
Progress (3): 110/284 kB | 111/239 kB | 98/106 kB
Progress (3): 110/284 kB | 115/239 kB | 98/106 kB
Progress (3): 110/284 kB | 115/239 kB | 102/106 kB
Progress (3): 110/284 kB | 119/239 kB | 102/106 kB
Progress (3): 110/284 kB | 119/239 kB | 106 kB    
                                              
Downloaded from central: https://repo.maven.apache.org/maven2/org/apache/maven/scm/maven-scm-api/1.9.1/maven-scm-api-1.9.1.jar (106 kB at 124 kB/s)
Progress (2): 110/284 kB | 123/239 kB
Progress (2): 110/284 kB | 127/239 kB
Progress (2): 110/284 kB | 132/239 kB
Progress (2): 110/284 kB | 136/239 kB
Progress (2): 110/284 kB | 140/239 kB
Progress (2): 110/284 kB | 144/239 kB
Progress (2): 114/284 kB | 144/239 kB
Progress (2): 119/284 kB | 144/239 kB
Progress (2): 123/284 kB | 144/239 kB
Progress (2): 127/284 kB | 144/239 kB
Progress (2): 131/284 kB | 144/239 kB
Progress (2): 135/284 kB | 144/239 kB
Progress (2): 140/284 kB | 144/239 kB
Progress (2): 144/284 kB | 144/239 kB
Progress (2): 147/284 kB | 144/239 kB
Progress (2): 151/284 kB | 144/239 kB
Progress (2): 155/284 kB | 144/239 kB
Progress (2): 159/284 kB | 144/239 kB
Progress (2): 163/284 kB | 144/239 kB
Progress (2): 168/284 kB | 144/239 kB
Progress (2): 172/284 kB | 144/239 kB
Progress (2): 176/284 kB | 144/239 kB
Progress (2): 180/284 kB | 144/239 kB
Progress (2): 185/284 kB | 144/239 kB
Progress (2): 189/284 kB | 144/239 kB
Progress (2): 193/284 kB | 144/239 kB
Progress (2): 197/284 kB | 144/239 kB
Progress (2): 201/284 kB | 144/239 kB
Progress (2): 206/284 kB | 144/239 kB
Progress (2): 210/284 kB | 144/239 kB
Progress (2): 214/284 kB | 144/239 kB
Progress (2): 218/284 kB | 144/239 kB
Progress (2): 223/284 kB | 144/239 kB
Progress (2): 239/284 kB | 144/239 kB
Progress (2): 255/284 kB | 144/239 kB
Progress (2): 255/284 kB | 149/239 kB
Progress (2): 255/284 kB | 153/239 kB
Progress (2): 255/284 kB | 155/239 kB
Progress (2): 255/284 kB | 159/239 kB
Progress (2): 255/284 kB | 164/239 kB
Progress (2): 255/284 kB | 168/239 kB
Progress (2): 255/284 kB | 172/239 kB
Progress (2): 255/284 kB | 176/239 kB
Progress (2): 255/284 kB | 181/239 kB
Progress (2): 272/284 kB | 181/239 kB
Progress (2): 278/284 kB | 181/239 kB
Progress (2): 284 kB | 181/239 kB    
                                 
Downloaded from central: https://repo.maven.apache.org/maven2/commons-lang/commons-lang/2.6/commons-lang-2.6.jar (284 kB at 268 kB/s)
Progress (1): 185/239 kB
Progress (1): 189/239 kB
Progress (1): 193/239 kB
Progress (1): 197/239 kB
Progress (1): 202/239 kB
Progress (1): 206/239 kB
Progress (1): 210/239 kB
Progress (1): 214/239 kB
Progress (1): 219/239 kB
Progress (1): 223/239 kB
Progress (1): 239 kB    
                    
Downloaded from central: https://repo.maven.apache.org/maven2/org/codehaus/plexus/plexus-utils/3.0.15/plexus-utils-3.0.15.jar (239 kB at 196 kB/s)
Downloading from central: https://repo.maven.apache.org/maven2/org/apache/maven/scm/maven-scm-manager-plexus/1.9.1/maven-scm-manager-plexus-1.9.1.pom
Progress (1): 869 B
Progress (1): 2.2 kB
                    
Downloaded from central: https://repo.maven.apache.org/maven2/org/apache/maven/scm/maven-scm-manager-plexus/1.9.1/maven-scm-manager-plexus-1.9.1.pom (2.2 kB at 9.8 kB/s)
Downloading from central: https://repo.maven.apache.org/maven2/org/apache/maven/scm/maven-scm-managers/1.9.1/maven-scm-managers-1.9.1.pom
Progress (1): 874 B
Progress (1): 1.5 kB
                    
Downloaded from central: https://repo.maven.apache.org/maven2/org/apache/maven/scm/maven-scm-managers/1.9.1/maven-scm-managers-1.9.1.pom (1.5 kB at 6.7 kB/s)
Downloading from central: https://repo.maven.apache.org/maven2/org/codehaus/plexus/plexus-container-default/1.0-alpha-9/plexus-container-default-1.0-alpha-9.pom
Progress (1): 1.2 kB
                    
Downloaded from central: https://repo.maven.apache.org/maven2/org/codehaus/plexus/plexus-container-default/1.0-alpha-9/plexus-container-default-1.0-alpha-9.pom (1.2 kB at 5.8 kB/s)
Downloading from central: https://repo.maven.apache.org/maven2/junit/junit/4.8.2/junit-4.8.2.pom
Progress (1): 1.1 kB
Progress (1): 1.5 kB
                    
Downloaded from central: https://repo.maven.apache.org/maven2/junit/junit/4.8.2/junit-4.8.2.pom (1.5 kB at 6.5 kB/s)
Downloading from central: https://repo.maven.apache.org/maven2/org/apache/maven/scm/maven-scm-manager-plexus/1.9.1/maven-scm-manager-plexus-1.9.1.jar
Progress (1): 7.7/11 kB
Progress (1): 11 kB    
                   
Downloaded from central: https://repo.maven.apache.org/maven2/org/apache/maven/scm/maven-scm-manager-plexus/1.9.1/maven-scm-manager-plexus-1.9.1.jar (11 kB at 25 kB/s)
Downloading from central: https://repo.maven.apache.org/maven2/org/codehaus/plexus/plexus-container-default/1.0-alpha-9/plexus-container-default-1.0-alpha-9.jar
Downloading from central: https://repo.maven.apache.org/maven2/junit/junit/4.8.2/junit-4.8.2.jar
Downloading from central: https://repo.maven.apache.org/maven2/classworlds/classworlds/1.1-alpha-2/classworlds-1.1-alpha-2.jar
Progress (1): 7.7/237 kB
Progress (1): 15/237 kB 
Progress (1): 32/237 kB
Progress (1): 48/237 kB
Progress (1): 49/237 kB
Progress (1): 66/237 kB
Progress (1): 82/237 kB
Progress (1): 98/237 kB
Progress (1): 115/237 kB
Progress (1): 131/237 kB
Progress (1): 147/237 kB
Progress (1): 164/237 kB
Progress (2): 164/237 kB | 3.8/38 kB
Progress (3): 164/237 kB | 3.8/38 kB | 7.7/195 kB
Progress (3): 164/237 kB | 3.8/38 kB | 16/195 kB 
Progress (3): 164/237 kB | 8.0/38 kB | 16/195 kB
Progress (3): 180/237 kB | 8.0/38 kB | 16/195 kB
Progress (3): 180/237 kB | 12/38 kB | 16/195 kB 
Progress (3): 180/237 kB | 16/38 kB | 16/195 kB
Progress (3): 197/237 kB | 16/38 kB | 16/195 kB
Progress (3): 197/237 kB | 21/38 kB | 16/195 kB
Progress (3): 197/237 kB | 21/38 kB | 32/195 kB
Progress (3): 213/237 kB | 21/38 kB | 32/195 kB
Progress (3): 213/237 kB | 25/38 kB | 32/195 kB
Progress (3): 213/237 kB | 29/38 kB | 32/195 kB
Progress (3): 229/237 kB | 29/38 kB | 32/195 kB
Progress (3): 229/237 kB | 29/38 kB | 49/195 kB
Progress (3): 229/237 kB | 33/38 kB | 49/195 kB
Progress (3): 237 kB | 33/38 kB | 49/195 kB    
Progress (3): 237 kB | 38 kB | 49/195 kB   
                                        
Downloaded from central: https://repo.maven.apache.org/maven2/junit/junit/4.8.2/junit-4.8.2.jar (237 kB at 869 kB/s)
Downloaded from central: https://repo.maven.apache.org/maven2/classworlds/classworlds/1.1-alpha-2/classworlds-1.1-alpha-2.jar (38 kB at 137 kB/s)
Progress (1): 65/195 kB
Progress (1): 81/195 kB
Progress (1): 98/195 kB
Progress (1): 114/195 kB
Progress (1): 131/195 kB
Progress (1): 147/195 kB
Progress (1): 163/195 kB
Progress (1): 180/195 kB
Progress (1): 195 kB    
                    
Downloaded from central: https://repo.maven.apache.org/maven2/org/codehaus/plexus/plexus-container-default/1.0-alpha-9/plexus-container-default-1.0-alpha-9.jar (195 kB at 508 kB/s)
Downloading from central: https://repo.maven.apache.org/maven2/org/kathrynhuxtable/maven/wagon/wagon-gitsite/0.3.1/wagon-gitsite-0.3.1.pom
Progress (1): 752 B
Progress (1): 2.1 kB
Progress (1): 4.3 kB
Progress (1): 6.4 kB
Progress (1): 8.9 kB
Progress (1): 13 kB 
Progress (1): 15 kB
Progress (1): 16 kB
                   
Downloaded from central: https://repo.maven.apache.org/maven2/org/kathrynhuxtable/maven/wagon/wagon-gitsite/0.3.1/wagon-gitsite-0.3.1.pom (16 kB at 65 kB/s)
Downloading from central: https://repo.maven.apache.org/maven2/org/apache/maven/scm/maven-scm-api/1.3/maven-scm-api-1.3.pom
Progress (1): 876 B
Progress (1): 1.6 kB
                    
Downloaded from central: https://repo.maven.apache.org/maven2/org/apache/maven/scm/maven-scm-api/1.3/maven-scm-api-1.3.pom (1.6 kB at 6.3 kB/s)
Downloading from central: https://repo.maven.apache.org/maven2/org/apache/maven/scm/maven-scm/1.3/maven-scm-1.3.pom
Progress (1): 824 B
Progress (1): 2.9 kB
Progress (1): 7.7 kB
Progress (1): 11 kB 
Progress (1): 12 kB
                   
Downloaded from central: https://repo.maven.apache.org/maven2/org/apache/maven/scm/maven-scm/1.3/maven-scm-1.3.pom (12 kB at 51 kB/s)
Downloading from central: https://repo.maven.apache.org/maven2/org/codehaus/plexus/plexus-utils/1.5.8/plexus-utils-1.5.8.pom
Progress (1): 994 B
Progress (1): 5.0 kB
Progress (1): 8.1 kB
                    
Downloaded from central: https://repo.maven.apache.org/maven2/org/codehaus/plexus/plexus-utils/1.5.8/plexus-utils-1.5.8.pom (8.1 kB at 36 kB/s)
Downloading from central: https://repo.maven.apache.org/maven2/org/apache/maven/scm/maven-scm-manager-plexus/1.3/maven-scm-manager-plexus-1.3.pom
Progress (1): 869 B
Progress (1): 2.1 kB
                    
Downloaded from central: https://repo.maven.apache.org/maven2/org/apache/maven/scm/maven-scm-manager-plexus/1.3/maven-scm-manager-plexus-1.3.pom (2.1 kB at 9.0 kB/s)
Downloading from central: https://repo.maven.apache.org/maven2/org/apache/maven/scm/maven-scm-managers/1.3/maven-scm-managers-1.3.pom
Progress (1): 874 B
Progress (1): 1.5 kB
                    
Downloaded from central: https://repo.maven.apache.org/maven2/org/apache/maven/scm/maven-scm-managers/1.3/maven-scm-managers-1.3.pom (1.5 kB at 6.7 kB/s)
Downloading from central: https://repo.maven.apache.org/maven2/org/codehaus/plexus/plexus-container-default/1.5.4/plexus-container-default-1.5.4.pom
Progress (1): 1.7 kB
Progress (1): 2.8 kB
                    
Downloaded from central: https://repo.maven.apache.org/maven2/org/codehaus/plexus/plexus-container-default/1.5.4/plexus-container-default-1.5.4.pom (2.8 kB at 12 kB/s)
Downloading from central: https://repo.maven.apache.org/maven2/org/codehaus/plexus/plexus-containers/1.5.4/plexus-containers-1.5.4.pom
Progress (1): 1.3 kB
Progress (1): 4.2 kB
                    
Downloaded from central: https://repo.maven.apache.org/maven2/org/codehaus/plexus/plexus-containers/1.5.4/plexus-containers-1.5.4.pom (4.2 kB at 20 kB/s)
Downloading from central: https://repo.maven.apache.org/maven2/org/codehaus/plexus/plexus/2.0.5/plexus-2.0.5.pom
Progress (1): 741 B
Progress (1): 2.9 kB
Progress (1): 6.7 kB
Progress (1): 9.0 kB
Progress (1): 13 kB 
Progress (1): 17 kB
Progress (1): 17 kB
                   
Downloaded from central: https://repo.maven.apache.org/maven2/org/codehaus/plexus/plexus/2.0.5/plexus-2.0.5.pom (17 kB at 75 kB/s)
Downloading from central: https://repo.maven.apache.org/maven2/org/codehaus/plexus/plexus-classworlds/2.2.2/plexus-classworlds-2.2.2.pom
Progress (1): 949 B
Progress (1): 3.0 kB
Progress (1): 4.0 kB
                    
Downloaded from central: https://repo.maven.apache.org/maven2/org/codehaus/plexus/plexus-classworlds/2.2.2/plexus-classworlds-2.2.2.pom (4.0 kB at 19 kB/s)
Downloading from central: https://repo.maven.apache.org/maven2/org/codehaus/plexus/plexus/2.0.3/plexus-2.0.3.pom
Progress (1): 792 B
Progress (1): 2.9 kB
Progress (1): 6.6 kB
Progress (1): 8.8 kB
Progress (1): 13 kB 
Progress (1): 15 kB
                   
Downloaded from central: https://repo.maven.apache.org/maven2/org/codehaus/plexus/plexus/2.0.3/plexus-2.0.3.pom (15 kB at 72 kB/s)
Downloading from central: https://repo.maven.apache.org/maven2/org/apache/xbean/xbean-reflect/3.4/xbean-reflect-3.4.pom
Progress (1): 881 B
Progress (1): 2.6 kB
Progress (1): 2.8 kB
                    
Downloaded from central: https://repo.maven.apache.org/maven2/org/apache/xbean/xbean-reflect/3.4/xbean-reflect-3.4.pom (2.8 kB at 12 kB/s)
Downloading from central: https://repo.maven.apache.org/maven2/org/apache/xbean/xbean/3.4/xbean-3.4.pom
Progress (1): 846 B
Progress (1): 2.1 kB
Progress (1): 5.2 kB
Progress (1): 9.4 kB
Progress (1): 12 kB 
Progress (1): 15 kB
Progress (1): 18 kB
Progress (1): 19 kB
                   
Downloaded from central: https://repo.maven.apache.org/maven2/org/apache/xbean/xbean/3.4/xbean-3.4.pom (19 kB at 84 kB/s)
Downloading from central: https://repo.maven.apache.org/maven2/log4j/log4j/1.2.12/log4j-1.2.12.pom
Progress (1): 145 B
                   
Downloaded from central: https://repo.maven.apache.org/maven2/log4j/log4j/1.2.12/log4j-1.2.12.pom (145 B at 677 B/s)
Downloading from central: https://repo.maven.apache.org/maven2/commons-logging/commons-logging-api/1.1/commons-logging-api-1.1.pom
Progress (1): 1.4 kB
Progress (1): 4.3 kB
Progress (1): 5.3 kB
                    
Downloaded from central: https://repo.maven.apache.org/maven2/commons-logging/commons-logging-api/1.1/commons-logging-api-1.1.pom (5.3 kB at 25 kB/s)
Downloading from central: https://repo.maven.apache.org/maven2/com/google/collections/google-collections/1.0/google-collections-1.0.pom
Progress (1): 1.2 kB
Progress (1): 2.5 kB
                    
Downloaded from central: https://repo.maven.apache.org/maven2/com/google/collections/google-collections/1.0/google-collections-1.0.pom (2.5 kB at 11 kB/s)
Downloading from central: https://repo.maven.apache.org/maven2/com/google/google/1/google-1.pom
Progress (1): 1.3 kB
Progress (1): 1.6 kB
                    
Downloaded from central: https://repo.maven.apache.org/maven2/com/google/google/1/google-1.pom (1.6 kB at 6.4 kB/s)
Downloading from central: https://repo.maven.apache.org/maven2/org/apache/maven/scm/maven-scm-provider-gitexe/1.3/maven-scm-provider-gitexe-1.3.pom
Progress (1): 870 B
Progress (1): 2.3 kB
                    
Downloaded from central: https://repo.maven.apache.org/maven2/org/apache/maven/scm/maven-scm-provider-gitexe/1.3/maven-scm-provider-gitexe-1.3.pom (2.3 kB at 9.5 kB/s)
Downloading from central: https://repo.maven.apache.org/maven2/org/apache/maven/scm/maven-scm-providers-git/1.3/maven-scm-providers-git-1.3.pom
Progress (1): 864 B
Progress (1): 2.2 kB
                    
Downloaded from central: https://repo.maven.apache.org/maven2/org/apache/maven/scm/maven-scm-providers-git/1.3/maven-scm-providers-git-1.3.pom (2.2 kB at 9.9 kB/s)
Downloading from central: https://repo.maven.apache.org/maven2/org/apache/maven/scm/maven-scm-providers/1.3/maven-scm-providers-1.3.pom
Progress (1): 841 B
Progress (1): 3.0 kB
Progress (1): 3.6 kB
                    
Downloaded from central: https://repo.maven.apache.org/maven2/org/apache/maven/scm/maven-scm-providers/1.3/maven-scm-providers-1.3.pom (3.6 kB at 15 kB/s)
Downloading from central: https://repo.maven.apache.org/maven2/regexp/regexp/1.3/regexp-1.3.pom
Progress (1): 145 B
                   
Downloaded from central: https://repo.maven.apache.org/maven2/regexp/regexp/1.3/regexp-1.3.pom (145 B at 582 B/s)
Downloading from central: https://repo.maven.apache.org/maven2/org/apache/maven/scm/maven-scm-provider-git-commons/1.3/maven-scm-provider-git-commons-1.3.pom
Progress (1): 864 B
Progress (1): 2.2 kB
                    
Downloaded from central: https://repo.maven.apache.org/maven2/org/apache/maven/scm/maven-scm-provider-git-commons/1.3/maven-scm-provider-git-commons-1.3.pom (2.2 kB at 9.6 kB/s)
Downloading from central: https://repo.maven.apache.org/maven2/org/apache/maven/wagon/wagon-provider-api/1.0-beta-6/wagon-provider-api-1.0-beta-6.pom
Progress (1): 831 B
Progress (1): 1.8 kB
                    
Downloaded from central: https://repo.maven.apache.org/maven2/org/apache/maven/wagon/wagon-provider-api/1.0-beta-6/wagon-provider-api-1.0-beta-6.pom (1.8 kB at 6.9 kB/s)
Downloading from central: https://repo.maven.apache.org/maven2/org/apache/maven/wagon/wagon/1.0-beta-6/wagon-1.0-beta-6.pom
Progress (1): 797 B
Progress (1): 2.4 kB
Progress (1): 5.4 kB
Progress (1): 8.4 kB
Progress (1): 11 kB 
Progress (1): 12 kB
                   
Downloaded from central: https://repo.maven.apache.org/maven2/org/apache/maven/wagon/wagon/1.0-beta-6/wagon-1.0-beta-6.pom (12 kB at 51 kB/s)
Downloading from central: https://repo.maven.apache.org/maven2/org/kathrynhuxtable/maven/wagon/wagon-gitsite/0.3.1/wagon-gitsite-0.3.1.jar
Progress (1): 7.7/20 kB
Progress (1): 16/20 kB 
Progress (1): 20 kB   
                   
Downloaded from central: https://repo.maven.apache.org/maven2/org/kathrynhuxtable/maven/wagon/wagon-gitsite/0.3.1/wagon-gitsite-0.3.1.jar (20 kB at 89 kB/s)
Downloading from central: https://repo.maven.apache.org/maven2/org/apache/maven/scm/maven-scm-api/1.3/maven-scm-api-1.3.jar
Downloading from central: https://repo.maven.apache.org/maven2/org/apache/maven/scm/maven-scm-manager-plexus/1.3/maven-scm-manager-plexus-1.3.jar
Downloading from central: https://repo.maven.apache.org/maven2/org/codehaus/plexus/plexus-utils/1.5.8/plexus-utils-1.5.8.jar
Downloading from central: https://repo.maven.apache.org/maven2/org/apache/maven/scm/maven-scm-provider-gitexe/1.3/maven-scm-provider-gitexe-1.3.jar
Downloading from central: https://repo.maven.apache.org/maven2/regexp/regexp/1.3/regexp-1.3.jar
Progress (1): 7.7/49 kB
Progress (1): 16/49 kB 
Progress (2): 16/49 kB | 3.8/10 kB
Progress (2): 16/49 kB | 8.0/10 kB
Progress (2): 16/49 kB | 10 kB    
Progress (3): 16/49 kB | 10 kB | 7.7/268 kB
Progress (3): 16/49 kB | 10 kB | 16/268 kB 
                                          
Downloaded from central: https://repo.maven.apache.org/maven2/org/apache/maven/scm/maven-scm-manager-plexus/1.3/maven-scm-manager-plexus-1.3.jar (10 kB at 39 kB/s)
Downloading from central: https://repo.maven.apache.org/maven2/org/apache/maven/scm/maven-scm-provider-git-commons/1.3/maven-scm-provider-git-commons-1.3.jar
Progress (2): 16/49 kB | 32/268 kB
Progress (2): 24/49 kB | 32/268 kB
Progress (3): 24/49 kB | 32/268 kB | 0.9/25 kB
Progress (3): 24/49 kB | 32/268 kB | 2.3/25 kB
Progress (3): 24/49 kB | 32/268 kB | 3.6/25 kB
Progress (3): 24/49 kB | 32/268 kB | 5.0/25 kB
Progress (3): 24/49 kB | 32/268 kB | 6.4/25 kB
Progress (3): 24/49 kB | 32/268 kB | 7.7/25 kB
Progress (3): 24/49 kB | 32/268 kB | 9.1/25 kB
Progress (4): 24/49 kB | 32/268 kB | 9.1/25 kB | 5.7/89 kB
Progress (4): 24/49 kB | 32/268 kB | 10/25 kB | 5.7/89 kB 
Progress (4): 24/49 kB | 32/268 kB | 12/25 kB | 5.7/89 kB
Progress (4): 24/49 kB | 32/268 kB | 13/25 kB | 5.7/89 kB
Progress (4): 24/49 kB | 32/268 kB | 15/25 kB | 5.7/89 kB
Progress (4): 24/49 kB | 32/268 kB | 16/25 kB | 5.7/89 kB
Progress (4): 24/49 kB | 49/268 kB | 16/25 kB | 5.7/89 kB
Progress (4): 24/49 kB | 49/268 kB | 17/25 kB | 5.7/89 kB
Progress (4): 24/49 kB | 49/268 kB | 22/25 kB | 5.7/89 kB
Progress (4): 24/49 kB | 49/268 kB | 22/25 kB | 14/89 kB 
Progress (4): 40/49 kB | 49/268 kB | 22/25 kB | 14/89 kB
Progress (4): 40/49 kB | 49/268 kB | 25 kB | 14/89 kB   
Progress (4): 49 kB | 49/268 kB | 25 kB | 14/89 kB   
                                                  
Downloaded from central: https://repo.maven.apache.org/maven2/regexp/regexp/1.3/regexp-1.3.jar (25 kB at 94 kB/s)
Downloading from central: https://repo.maven.apache.org/maven2/org/apache/maven/wagon/wagon-provider-api/1.0-beta-6/wagon-provider-api-1.0-beta-6.jar
Progress (3): 49 kB | 49/268 kB | 30/89 kB
Progress (3): 49 kB | 49/268 kB | 47/89 kB
                                          
Downloaded from central: https://repo.maven.apache.org/maven2/org/apache/maven/scm/maven-scm-provider-gitexe/1.3/maven-scm-provider-gitexe-1.3.jar (49 kB at 181 kB/s)
Progress (2): 65/268 kB | 47/89 kB
Progress (2): 66/268 kB | 47/89 kB
Progress (2): 66/268 kB | 63/89 kB
Progress (2): 66/268 kB | 79/89 kB
Progress (2): 66/268 kB | 89 kB   
                               
Downloaded from central: https://repo.maven.apache.org/maven2/org/apache/maven/scm/maven-scm-api/1.3/maven-scm-api-1.3.jar (89 kB at 319 kB/s)
Progress (1): 82/268 kB
Progress (1): 98/268 kB
Progress (1): 115/268 kB
Progress (1): 131/268 kB
Progress (1): 147/268 kB
Progress (1): 164/268 kB
Progress (1): 180/268 kB
Progress (1): 197/268 kB
Progress (1): 213/268 kB
Progress (1): 229/268 kB
Progress (1): 246/268 kB
Progress (1): 262/268 kB
Progress (1): 268 kB    
                    
Downloaded from central: https://repo.maven.apache.org/maven2/org/codehaus/plexus/plexus-utils/1.5.8/plexus-utils-1.5.8.jar (268 kB at 619 kB/s)
Progress (1): 7.7/53 kB
Progress (1): 7.7/53 kB
Progress (1): 24/53 kB 
Progress (1): 40/53 kB
Progress (1): 53 kB   
                   
Downloaded from central: https://repo.maven.apache.org/maven2/org/apache/maven/wagon/wagon-provider-api/1.0-beta-6/wagon-provider-api-1.0-beta-6.jar (53 kB at 113 kB/s)
Progress (1): 3.8/37 kB
Progress (1): 8.0/37 kB
Progress (1): 12/37 kB 
Progress (1): 16/37 kB
Progress (1): 21/37 kB
Progress (1): 25/37 kB
Progress (1): 29/37 kB
Progress (1): 33/37 kB
Progress (1): 37 kB   
                   
Downloaded from central: https://repo.maven.apache.org/maven2/org/apache/maven/scm/maven-scm-provider-git-commons/1.3/maven-scm-provider-git-commons-1.3.jar (37 kB at 69 kB/s)
Downloading from central: https://repo.maven.apache.org/maven2/org/apache/felix/maven-bundle-plugin/4.2.0/maven-bundle-plugin-4.2.0.pom
Progress (1): 784 B
Progress (1): 2.1 kB
Progress (1): 4.6 kB
Progress (1): 7.9 kB
Progress (1): 10 kB 
Progress (1): 11 kB
                   
Downloaded from central: https://repo.maven.apache.org/maven2/org/apache/felix/maven-bundle-plugin/4.2.0/maven-bundle-plugin-4.2.0.pom (11 kB at 41 kB/s)
Downloading from central: https://repo.maven.apache.org/maven2/org/apache/felix/felix-parent/6/felix-parent-6.pom
Progress (1): 798 B
Progress (1): 2.1 kB
Progress (1): 4.5 kB
Progress (1): 7.9 kB
Progress (1): 11 kB 
Progress (1): 15 kB
Progress (1): 22 kB
                   
Downloaded from central: https://repo.maven.apache.org/maven2/org/apache/felix/felix-parent/6/felix-parent-6.pom (22 kB at 99 kB/s)
Downloading from central: https://repo.maven.apache.org/maven2/org/osgi/org.osgi.core/6.0.0/org.osgi.core-6.0.0.pom
Progress (1): 1.1 kB
                    
Downloaded from central: https://repo.maven.apache.org/maven2/org/osgi/org.osgi.core/6.0.0/org.osgi.core-6.0.0.pom (1.1 kB at 4.8 kB/s)
Downloading from central: https://repo.maven.apache.org/maven2/biz/aQute/bnd/biz.aQute.bndlib/4.2.0/biz.aQute.bndlib-4.2.0.pom
Progress (1): 1.2 kB
Progress (1): 2.1 kB
                    
Downloaded from central: https://repo.maven.apache.org/maven2/biz/aQute/bnd/biz.aQute.bndlib/4.2.0/biz.aQute.bndlib-4.2.0.pom (2.1 kB at 8.5 kB/s)
Downloading from central: https://repo.maven.apache.org/maven2/org/apache/felix/org.apache.felix.bundlerepository/1.6.6/org.apache.felix.bundlerepository-1.6.6.pom
Progress (1): 804 B
Progress (1): 3.1 kB
Progress (1): 5.2 kB
Progress (1): 5.9 kB
                    
Downloaded from central: https://repo.maven.apache.org/maven2/org/apache/felix/org.apache.felix.bundlerepository/1.6.6/org.apache.felix.bundlerepository-1.6.6.pom (5.9 kB at 29 kB/s)
Downloading from central: https://repo.maven.apache.org/maven2/org/apache/felix/felix-parent/2.1/felix-parent-2.1.pom
Progress (1): 797 B
Progress (1): 2.6 kB
Progress (1): 5.6 kB
Progress (1): 9.4 kB
Progress (1): 9.7 kB
                    
Downloaded from central: https://repo.maven.apache.org/maven2/org/apache/felix/felix-parent/2.1/felix-parent-2.1.pom (9.7 kB at 42 kB/s)
Downloading from central: https://repo.maven.apache.org/maven2/org/osgi/org.osgi.core/4.1.0/org.osgi.core-4.1.0.pom
Progress (1): 193 B
                   
Downloaded from central: https://repo.maven.apache.org/maven2/org/osgi/org.osgi.core/4.1.0/org.osgi.core-4.1.0.pom (193 B at 736 B/s)
Downloading from central: https://repo.maven.apache.org/maven2/org/easymock/easymock/2.4/easymock-2.4.pom
Progress (1): 1.2 kB
Progress (1): 3.4 kB
Progress (1): 5.3 kB
                    
Downloaded from central: https://repo.maven.apache.org/maven2/org/easymock/easymock/2.4/easymock-2.4.pom (5.3 kB at 23 kB/s)
Downloading from central: https://repo.maven.apache.org/maven2/org/apache/felix/org.apache.felix.utils/1.6.0/org.apache.felix.utils-1.6.0.pom
Progress (1): 829 B
Progress (1): 2.8 kB
Progress (1): 3.3 kB
                    
Downloaded from central: https://repo.maven.apache.org/maven2/org/apache/felix/org.apache.felix.utils/1.6.0/org.apache.felix.utils-1.6.0.pom (3.3 kB at 14 kB/s)
Downloading from central: https://repo.maven.apache.org/maven2/org/osgi/org.osgi.compendium/4.2.0/org.osgi.compendium-4.2.0.pom
Progress (1): 463 B
                   
Downloaded from central: https://repo.maven.apache.org/maven2/org/osgi/org.osgi.compendium/4.2.0/org.osgi.compendium-4.2.0.pom (463 B at 2.2 kB/s)
Downloading from central: https://repo.maven.apache.org/maven2/org/apache/maven/maven-core/3.3.9/maven-core-3.3.9.pom
Progress (1): 796 B
Progress (1): 3.1 kB
Progress (1): 5.6 kB
Progress (1): 8.3 kB
                    
Downloaded from central: https://repo.maven.apache.org/maven2/org/apache/maven/maven-core/3.3.9/maven-core-3.3.9.pom (8.3 kB at 37 kB/s)
Downloading from central: https://repo.maven.apache.org/maven2/org/apache/maven/maven/3.3.9/maven-3.3.9.pom
Progress (1): 773 B
Progress (1): 2.0 kB
Progress (1): 3.5 kB
Progress (1): 5.5 kB
Progress (1): 7.7 kB
Progress (1): 13 kB 
Progress (1): 17 kB
Progress (1): 20 kB
Progress (1): 23 kB
Progress (1): 24 kB
                   
Downloaded from central: https://repo.maven.apache.org/maven2/org/apache/maven/maven/3.3.9/maven-3.3.9.pom (24 kB at 105 kB/s)
Downloading from central: https://repo.maven.apache.org/maven2/org/apache/maven/maven-model/3.3.9/maven-model-3.3.9.pom
Progress (1): 811 B
Progress (1): 2.6 kB
Progress (1): 4.0 kB
                    
Downloaded from central: https://repo.maven.apache.org/maven2/org/apache/maven/maven-model/3.3.9/maven-model-3.3.9.pom (4.0 kB at 5.1 kB/s)
Downloading from central: https://repo.maven.apache.org/maven2/org/apache/commons/commons-lang3/3.4/commons-lang3-3.4.pom
Progress (1): 759 B
Progress (1): 2.2 kB
Progress (1): 5.5 kB
Progress (1): 8.9 kB
Progress (1): 12 kB 
Progress (1): 14 kB
Progress (1): 16 kB
Progress (1): 19 kB
Progress (1): 22 kB
Progress (1): 22 kB
                   
Downloaded from central: https://repo.maven.apache.org/maven2/org/apache/commons/commons-lang3/3.4/commons-lang3-3.4.pom (22 kB at 99 kB/s)
Downloading from central: https://repo.maven.apache.org/maven2/org/apache/commons/commons-parent/37/commons-parent-37.pom
Progress (1): 708 B
Progress (1): 1.8 kB
Progress (1): 3.0 kB
Progress (1): 4.3 kB
Progress (1): 5.8 kB
Progress (1): 9.3 kB
Progress (1): 13 kB 
Progress (1): 16 kB
Progress (1): 19 kB
Progress (1): 22 kB
Progress (1): 25 kB
Progress (1): 27 kB
Progress (1): 30 kB
Progress (1): 34 kB
Progress (1): 36 kB
Progress (1): 36 kB
Progress (1): 39 kB
Progress (1): 43 kB
Progress (1): 49 kB
Progress (1): 51 kB
Progress (1): 54 kB
Progress (1): 57 kB
Progress (1): 59 kB
Progress (1): 61 kB
Progress (1): 63 kB
Progress (1): 63 kB
                   
Downloaded from central: https://repo.maven.apache.org/maven2/org/apache/commons/commons-parent/37/commons-parent-37.pom (63 kB at 268 kB/s)
Downloading from central: https://repo.maven.apache.org/maven2/org/apache/maven/maven-settings/3.3.9/maven-settings-3.3.9.pom
Progress (1): 832 B
Progress (1): 1.8 kB
                    
Downloaded from central: https://repo.maven.apache.org/maven2/org/apache/maven/maven-settings/3.3.9/maven-settings-3.3.9.pom (1.8 kB at 8.7 kB/s)
Downloading from central: https://repo.maven.apache.org/maven2/org/apache/maven/maven-settings-builder/3.3.9/maven-settings-builder-3.3.9.pom
Progress (1): 823 B
Progress (1): 2.6 kB
                    
Downloaded from central: https://repo.maven.apache.org/maven2/org/apache/maven/maven-settings-builder/3.3.9/maven-settings-builder-3.3.9.pom (2.6 kB at 13 kB/s)
Downloading from central: https://repo.maven.apache.org/maven2/org/apache/maven/maven-builder-support/3.3.9/maven-builder-support-3.3.9.pom
Progress (1): 835 B
Progress (1): 1.7 kB
                    
Downloaded from central: https://repo.maven.apache.org/maven2/org/apache/maven/maven-builder-support/3.3.9/maven-builder-support-3.3.9.pom (1.7 kB at 7.3 kB/s)
Downloading from central: https://repo.maven.apache.org/maven2/org/codehaus/plexus/plexus-component-annotations/1.6/plexus-component-annotations-1.6.pom
Progress (1): 748 B
                   
Downloaded from central: https://repo.maven.apache.org/maven2/org/codehaus/plexus/plexus-component-annotations/1.6/plexus-component-annotations-1.6.pom (748 B at 3.0 kB/s)
Downloading from central: https://repo.maven.apache.org/maven2/org/codehaus/plexus/plexus-containers/1.6/plexus-containers-1.6.pom
Progress (1): 1.2 kB
Progress (1): 3.8 kB
                    
Downloaded from central: https://repo.maven.apache.org/maven2/org/codehaus/plexus/plexus-containers/1.6/plexus-containers-1.6.pom (3.8 kB at 17 kB/s)
Downloading from central: https://repo.maven.apache.org/maven2/org/codehaus/plexus/plexus/3.3.2/plexus-3.3.2.pom
Progress (1): 703 B
Progress (1): 2.5 kB
Progress (1): 6.2 kB
Progress (1): 8.8 kB
Progress (1): 11 kB 
Progress (1): 15 kB
Progress (1): 20 kB
Progress (1): 22 kB
                   
Downloaded from central: https://repo.maven.apache.org/maven2/org/codehaus/plexus/plexus/3.3.2/plexus-3.3.2.pom (22 kB at 97 kB/s)
Downloading from central: https://repo.maven.apache.org/maven2/org/apache/maven/maven-repository-metadata/3.3.9/maven-repository-metadata-3.3.9.pom
Progress (1): 831 B
Progress (1): 1.9 kB
                    
Downloaded from central: https://repo.maven.apache.org/maven2/org/apache/maven/maven-repository-metadata/3.3.9/maven-repository-metadata-3.3.9.pom (1.9 kB at 8.6 kB/s)
Downloading from central: https://repo.maven.apache.org/maven2/org/apache/maven/maven-artifact/3.3.9/maven-artifact-3.3.9.pom
Progress (1): 852 B
Progress (1): 2.1 kB
                    
Downloaded from central: https://repo.maven.apache.org/maven2/org/apache/maven/maven-artifact/3.3.9/maven-artifact-3.3.9.pom (2.1 kB at 11 kB/s)
Downloading from central: https://repo.maven.apache.org/maven2/org/apache/maven/maven-plugin-api/3.3.9/maven-plugin-api-3.3.9.pom
Progress (1): 821 B
Progress (1): 2.7 kB
                    
Downloaded from central: https://repo.maven.apache.org/maven2/org/apache/maven/maven-plugin-api/3.3.9/maven-plugin-api-3.3.9.pom (2.7 kB at 13 kB/s)
Downloading from central: https://repo.maven.apache.org/maven2/org/eclipse/sisu/org.eclipse.sisu.plexus/0.3.2/org.eclipse.sisu.plexus-0.3.2.pom
Progress (1): 904 B
Progress (1): 3.1 kB
Progress (1): 4.2 kB
                    
Downloaded from central: https://repo.maven.apache.org/maven2/org/eclipse/sisu/org.eclipse.sisu.plexus/0.3.2/org.eclipse.sisu.plexus-0.3.2.pom (4.2 kB at 18 kB/s)
Downloading from central: https://repo.maven.apache.org/maven2/org/eclipse/sisu/sisu-plexus/0.3.2/sisu-plexus-0.3.2.pom
Progress (1): 861 B
Progress (1): 2.9 kB
Progress (1): 5.2 kB
Progress (1): 9.8 kB
Progress (1): 11 kB 
Progress (1): 14 kB
                   
Downloaded from central: https://repo.maven.apache.org/maven2/org/eclipse/sisu/sisu-plexus/0.3.2/sisu-plexus-0.3.2.pom (14 kB at 57 kB/s)
Downloading from central: https://repo.maven.apache.org/maven2/javax/enterprise/cdi-api/1.0/cdi-api-1.0.pom
Progress (1): 1.4 kB
                    
Downloaded from central: https://repo.maven.apache.org/maven2/javax/enterprise/cdi-api/1.0/cdi-api-1.0.pom (1.4 kB at 6.1 kB/s)
Downloading from central: https://repo.maven.apache.org/maven2/org/jboss/weld/weld-api-parent/1.0/weld-api-parent-1.0.pom
Progress (1): 1.1 kB
Progress (1): 2.4 kB
                    
Downloaded from central: https://repo.maven.apache.org/maven2/org/jboss/weld/weld-api-parent/1.0/weld-api-parent-1.0.pom (2.4 kB at 11 kB/s)
Downloading from central: https://repo.maven.apache.org/maven2/org/jboss/weld/weld-api-bom/1.0/weld-api-bom-1.0.pom
Progress (1): 987 B
Progress (1): 3.4 kB
Progress (1): 7.9 kB
Progress (1): 7.9 kB
                    
Downloaded from central: https://repo.maven.apache.org/maven2/org/jboss/weld/weld-api-bom/1.0/weld-api-bom-1.0.pom (7.9 kB at 37 kB/s)
Downloading from central: https://repo.maven.apache.org/maven2/org/jboss/weld/weld-parent/6/weld-parent-6.pom
Progress (1): 1.1 kB
Progress (1): 3.6 kB
Progress (1): 7.1 kB
Progress (1): 13 kB 
Progress (1): 17 kB
Progress (1): 20 kB
Progress (1): 21 kB
                   
Downloaded from central: https://repo.maven.apache.org/maven2/org/jboss/weld/weld-parent/6/weld-parent-6.pom (21 kB at 83 kB/s)
Downloading from central: https://repo.maven.apache.org/maven2/javax/annotation/jsr250-api/1.0/jsr250-api-1.0.pom
Progress (1): 1.0 kB
                    
Downloaded from central: https://repo.maven.apache.org/maven2/javax/annotation/jsr250-api/1.0/jsr250-api-1.0.pom (1.0 kB at 4.2 kB/s)
Downloading from central: https://repo.maven.apache.org/maven2/org/eclipse/sisu/org.eclipse.sisu.inject/0.3.2/org.eclipse.sisu.inject-0.3.2.pom
Progress (1): 914 B
Progress (1): 2.6 kB
                    
Downloaded from central: https://repo.maven.apache.org/maven2/org/eclipse/sisu/org.eclipse.sisu.inject/0.3.2/org.eclipse.sisu.inject-0.3.2.pom (2.6 kB at 11 kB/s)
Downloading from central: https://repo.maven.apache.org/maven2/org/eclipse/sisu/sisu-inject/0.3.2/sisu-inject-0.3.2.pom
Progress (1): 892 B
Progress (1): 2.9 kB
Progress (1): 5.2 kB
Progress (1): 9.3 kB
Progress (1): 11 kB 
Progress (1): 14 kB
                   
Downloaded from central: https://repo.maven.apache.org/maven2/org/eclipse/sisu/sisu-inject/0.3.2/sisu-inject-0.3.2.pom (14 kB at 51 kB/s)
Downloading from central: https://repo.maven.apache.org/maven2/org/codehaus/plexus/plexus-utils/3.0.17/plexus-utils-3.0.17.pom
Progress (1): 817 B
Progress (1): 2.3 kB
Progress (1): 3.4 kB
                    
Downloaded from central: https://repo.maven.apache.org/maven2/org/codehaus/plexus/plexus-utils/3.0.17/plexus-utils-3.0.17.pom (3.4 kB at 11 kB/s)
Downloading from central: https://repo.maven.apache.org/maven2/org/apache/maven/maven-model-builder/3.3.9/maven-model-builder-3.3.9.pom
Progress (1): 836 B
Progress (1): 3.1 kB
                    
Downloaded from central: https://repo.maven.apache.org/maven2/org/apache/maven/maven-model-builder/3.3.9/maven-model-builder-3.3.9.pom (3.1 kB at 13 kB/s)
Downloading from central: https://repo.maven.apache.org/maven2/com/google/guava/guava/18.0/guava-18.0.pom
Progress (1): 955 B
Progress (1): 2.8 kB
Progress (1): 5.0 kB
Progress (1): 5.7 kB
                    
Downloaded from central: https://repo.maven.apache.org/maven2/com/google/guava/guava/18.0/guava-18.0.pom (5.7 kB at 27 kB/s)
Downloading from central: https://repo.maven.apache.org/maven2/com/google/guava/guava-parent/18.0/guava-parent-18.0.pom
Progress (1): 1.1 kB
Progress (1): 2.9 kB
Progress (1): 6.3 kB
Progress (1): 7.7 kB
                    
Downloaded from central: https://repo.maven.apache.org/maven2/com/google/guava/guava-parent/18.0/guava-parent-18.0.pom (7.7 kB at 35 kB/s)
Downloading from central: https://repo.maven.apache.org/maven2/org/apache/maven/maven-aether-provider/3.3.9/maven-aether-provider-3.3.9.pom
Progress (1): 815 B
Progress (1): 3.6 kB
Progress (1): 4.0 kB
                    
Downloaded from central: https://repo.maven.apache.org/maven2/org/apache/maven/maven-aether-provider/3.3.9/maven-aether-provider-3.3.9.pom (4.0 kB at 18 kB/s)
Downloading from central: https://repo.maven.apache.org/maven2/org/eclipse/aether/aether-api/1.0.2.v20150114/aether-api-1.0.2.v20150114.pom
Progress (1): 922 B
Progress (1): 1.8 kB
                    
Downloaded from central: https://repo.maven.apache.org/maven2/org/eclipse/aether/aether-api/1.0.2.v20150114/aether-api-1.0.2.v20150114.pom (1.8 kB at 7.7 kB/s)
Downloading from central: https://repo.maven.apache.org/maven2/org/eclipse/aether/aether/1.0.2.v20150114/aether-1.0.2.v20150114.pom
Progress (1): 855 B
Progress (1): 3.3 kB
Progress (1): 5.3 kB
Progress (1): 8.8 kB
Progress (1): 12 kB 
Progress (1): 16 kB
Progress (1): 19 kB
Progress (1): 22 kB
Progress (1): 27 kB
Progress (1): 29 kB
                   
Downloaded from central: https://repo.maven.apache.org/maven2/org/eclipse/aether/aether/1.0.2.v20150114/aether-1.0.2.v20150114.pom (29 kB at 126 kB/s)
Downloading from central: https://repo.maven.apache.org/maven2/org/eclipse/aether/aether-spi/1.0.2.v20150114/aether-spi-1.0.2.v20150114.pom
Progress (1): 916 B
Progress (1): 2.0 kB
                    
Downloaded from central: https://repo.maven.apache.org/maven2/org/eclipse/aether/aether-spi/1.0.2.v20150114/aether-spi-1.0.2.v20150114.pom (2.0 kB at 8.8 kB/s)
Downloading from central: https://repo.maven.apache.org/maven2/org/eclipse/aether/aether-util/1.0.2.v20150114/aether-util-1.0.2.v20150114.pom
Progress (1): 918 B
Progress (1): 2.1 kB
                    
Downloaded from central: https://repo.maven.apache.org/maven2/org/eclipse/aether/aether-util/1.0.2.v20150114/aether-util-1.0.2.v20150114.pom (2.1 kB at 9.2 kB/s)
Downloading from central: https://repo.maven.apache.org/maven2/org/eclipse/aether/aether-impl/1.0.2.v20150114/aether-impl-1.0.2.v20150114.pom
Progress (1): 921 B
Progress (1): 3.4 kB
                    
Downloaded from central: https://repo.maven.apache.org/maven2/org/eclipse/aether/aether-impl/1.0.2.v20150114/aether-impl-1.0.2.v20150114.pom (3.4 kB at 15 kB/s)
Downloading from central: https://repo.maven.apache.org/maven2/com/google/inject/guice/4.0/guice-4.0.pom
Progress (1): 1.6 kB
Progress (1): 3.6 kB
Progress (1): 6.3 kB
Progress (1): 9.9 kB
Progress (1): 11 kB 
                   
Downloaded from central: https://repo.maven.apache.org/maven2/com/google/inject/guice/4.0/guice-4.0.pom (11 kB at 50 kB/s)
Downloading from central: https://repo.maven.apache.org/maven2/com/google/inject/guice-parent/4.0/guice-parent-4.0.pom
Progress (1): 801 B
Progress (1): 2.8 kB
Progress (1): 4.5 kB
Progress (1): 7.2 kB
Progress (1): 7.7 kB
Progress (1): 11 kB 
Progress (1): 13 kB
Progress (1): 15 kB
                   
Downloaded from central: https://repo.maven.apache.org/maven2/com/google/inject/guice-parent/4.0/guice-parent-4.0.pom (15 kB at 60 kB/s)
Downloading from central: https://repo.maven.apache.org/maven2/com/google/google/5/google-5.pom
Progress (1): 1.2 kB
Progress (1): 2.5 kB
                    
Downloaded from central: https://repo.maven.apache.org/maven2/com/google/google/5/google-5.pom (2.5 kB at 11 kB/s)
Downloading from central: https://repo.maven.apache.org/maven2/org/apache/maven/maven-compat/3.3.9/maven-compat-3.3.9.pom
Progress (1): 834 B
Progress (1): 3.5 kB
Progress (1): 3.8 kB
                    
Downloaded from central: https://repo.maven.apache.org/maven2/org/apache/maven/maven-compat/3.3.9/maven-compat-3.3.9.pom (3.8 kB at 18 kB/s)
Downloading from central: https://repo.maven.apache.org/maven2/org/apache/maven/wagon/wagon-provider-api/2.10/wagon-provider-api-2.10.pom
Progress (1): 843 B
Progress (1): 1.7 kB
                    
Downloaded from central: https://repo.maven.apache.org/maven2/org/apache/maven/wagon/wagon-provider-api/2.10/wagon-provider-api-2.10.pom (1.7 kB at 8.0 kB/s)
Downloading from central: https://repo.maven.apache.org/maven2/org/apache/maven/wagon/wagon/2.10/wagon-2.10.pom
Progress (1): 772 B
Progress (1): 2.5 kB
Progress (1): 5.2 kB
Progress (1): 7.7 kB
Progress (1): 12 kB 
Progress (1): 14 kB
Progress (1): 17 kB
Progress (1): 21 kB
                   
Downloaded from central: https://repo.maven.apache.org/maven2/org/apache/maven/wagon/wagon/2.10/wagon-2.10.pom (21 kB at 86 kB/s)
Downloading from central: https://repo.maven.apache.org/maven2/org/apache/maven/maven-parent/26/maven-parent-26.pom
Progress (1): 795 B
Progress (1): 2.1 kB
Progress (1): 6.4 kB
Progress (1): 10 kB 
Progress (1): 14 kB
Progress (1): 18 kB
Progress (1): 22 kB
Progress (1): 24 kB
Progress (1): 27 kB
Progress (1): 30 kB
Progress (1): 32 kB
Progress (1): 36 kB
Progress (1): 40 kB
                   
Downloaded from central: https://repo.maven.apache.org/maven2/org/apache/maven/maven-parent/26/maven-parent-26.pom (40 kB at 177 kB/s)
Downloading from central: https://repo.maven.apache.org/maven2/org/apache/maven/reporting/maven-reporting-api/3.0/maven-reporting-api-3.0.pom
Progress (1): 816 B
Progress (1): 2.4 kB
Progress (1): 2.4 kB
                    
Downloaded from central: https://repo.maven.apache.org/maven2/org/apache/maven/reporting/maven-reporting-api/3.0/maven-reporting-api-3.0.pom (2.4 kB at 11 kB/s)
Downloading from central: https://repo.maven.apache.org/maven2/org/apache/maven/shared/maven-shared-components/15/maven-shared-components-15.pom
Progress (1): 770 B
Progress (1): 2.9 kB
Progress (1): 6.5 kB
Progress (1): 9.1 kB
Progress (1): 9.3 kB
                    
Downloaded from central: https://repo.maven.apache.org/maven2/org/apache/maven/shared/maven-shared-components/15/maven-shared-components-15.pom (9.3 kB at 43 kB/s)
Downloading from central: https://repo.maven.apache.org/maven2/org/apache/maven/maven-parent/16/maven-parent-16.pom
Progress (1): 742 B
Progress (1): 2.0 kB
Progress (1): 6.6 kB
Progress (1): 11 kB 
Progress (1): 15 kB
Progress (1): 17 kB
Progress (1): 21 kB
Progress (1): 23 kB
                   
Downloaded from central: https://repo.maven.apache.org/maven2/org/apache/maven/maven-parent/16/maven-parent-16.pom (23 kB at 111 kB/s)
Downloading from central: https://repo.maven.apache.org/maven2/org/apache/maven/doxia/doxia-sink-api/1.0/doxia-sink-api-1.0.pom
Progress (1): 835 B
Progress (1): 1.4 kB
                    
Downloaded from central: https://repo.maven.apache.org/maven2/org/apache/maven/doxia/doxia-sink-api/1.0/doxia-sink-api-1.0.pom (1.4 kB at 6.2 kB/s)
Downloading from central: https://repo.maven.apache.org/maven2/org/apache/maven/doxia/doxia/1.0/doxia-1.0.pom
Progress (1): 762 B
Progress (1): 2.2 kB
Progress (1): 5.7 kB
Progress (1): 8.9 kB
Progress (1): 9.6 kB
                    
Downloaded from central: https://repo.maven.apache.org/maven2/org/apache/maven/doxia/doxia/1.0/doxia-1.0.pom (9.6 kB at 43 kB/s)
Downloading from central: https://repo.maven.apache.org/maven2/org/apache/maven/maven-parent/10/maven-parent-10.pom
Progress (1): 800 B
Progress (1): 2.0 kB
Progress (1): 6.6 kB
Progress (1): 7.7 kB
Progress (1): 11 kB 
Progress (1): 14 kB
Progress (1): 17 kB
Progress (1): 23 kB
Progress (1): 26 kB
Progress (1): 30 kB
Progress (1): 32 kB
                   
Downloaded from central: https://repo.maven.apache.org/maven2/org/apache/maven/maven-parent/10/maven-parent-10.pom (32 kB at 144 kB/s)
Downloading from central: https://repo.maven.apache.org/maven2/org/apache/maven/maven-archiver/2.6/maven-archiver-2.6.pom
Progress (1): 814 B
Progress (1): 2.3 kB
Progress (1): 4.3 kB
                    
Downloaded from central: https://repo.maven.apache.org/maven2/org/apache/maven/maven-archiver/2.6/maven-archiver-2.6.pom (4.3 kB at 21 kB/s)
Downloading from central: https://repo.maven.apache.org/maven2/org/apache/maven/shared/maven-shared-components/20/maven-shared-components-20.pom
Progress (1): 781 B
Progress (1): 2.4 kB
Progress (1): 4.2 kB
Progress (1): 5.1 kB
                    
Downloaded from central: https://repo.maven.apache.org/maven2/org/apache/maven/shared/maven-shared-components/20/maven-shared-components-20.pom (5.1 kB at 23 kB/s)
Downloading from central: https://repo.maven.apache.org/maven2/org/apache/maven/shared/maven-shared-utils/0.7/maven-shared-utils-0.7.pom
Progress (1): 1.1 kB
Progress (1): 3.6 kB
Progress (1): 5.0 kB
                    
Downloaded from central: https://repo.maven.apache.org/maven2/org/apache/maven/shared/maven-shared-utils/0.7/maven-shared-utils-0.7.pom (5.0 kB at 20 kB/s)
Downloading from central: https://repo.maven.apache.org/maven2/org/codehaus/plexus/plexus-archiver/2.8.1/plexus-archiver-2.8.1.pom
Progress (1): 1.2 kB
Progress (1): 3.8 kB
Progress (1): 4.1 kB
                    
Downloaded from central: https://repo.maven.apache.org/maven2/org/codehaus/plexus/plexus-archiver/2.8.1/plexus-archiver-2.8.1.pom (4.1 kB at 20 kB/s)
Downloading from central: https://repo.maven.apache.org/maven2/org/codehaus/plexus/plexus-components/1.3/plexus-components-1.3.pom
Progress (1): 1.3 kB
Progress (1): 3.1 kB
                    
Downloaded from central: https://repo.maven.apache.org/maven2/org/codehaus/plexus/plexus-components/1.3/plexus-components-1.3.pom (3.1 kB at 14 kB/s)
Downloading from central: https://repo.maven.apache.org/maven2/org/codehaus/plexus/plexus/3.3/plexus-3.3.pom
Progress (1): 812 B
Progress (1): 2.8 kB
Progress (1): 4.1 kB
Progress (1): 7.4 kB
Progress (1): 9.0 kB
Progress (1): 13 kB 
Progress (1): 17 kB
Progress (1): 20 kB
                   
Downloaded from central: https://repo.maven.apache.org/maven2/org/codehaus/plexus/plexus/3.3/plexus-3.3.pom (20 kB at 96 kB/s)
Downloading from central: https://repo.maven.apache.org/maven2/org/codehaus/plexus/plexus-utils/3.0.20/plexus-utils-3.0.20.pom
Progress (1): 817 B
Progress (1): 2.3 kB
Progress (1): 3.8 kB
                    
Downloaded from central: https://repo.maven.apache.org/maven2/org/codehaus/plexus/plexus-utils/3.0.20/plexus-utils-3.0.20.pom (3.8 kB at 8.5 kB/s)
Downloading from central: https://repo.maven.apache.org/maven2/org/codehaus/plexus/plexus-io/2.3.2/plexus-io-2.3.2.pom
Progress (1): 1.5 kB
Progress (1): 2.7 kB
                    
Downloaded from central: https://repo.maven.apache.org/maven2/org/codehaus/plexus/plexus-io/2.3.2/plexus-io-2.3.2.pom (2.7 kB at 11 kB/s)
Downloading from central: https://repo.maven.apache.org/maven2/org/codehaus/plexus/plexus-components/1.2/plexus-components-1.2.pom
Progress (1): 1.3 kB
Progress (1): 3.1 kB
                    
Downloaded from central: https://repo.maven.apache.org/maven2/org/codehaus/plexus/plexus-components/1.2/plexus-components-1.2.pom (3.1 kB at 14 kB/s)
Downloading from central: https://repo.maven.apache.org/maven2/org/codehaus/plexus/plexus/3.2/plexus-3.2.pom
Progress (1): 793 B
Progress (1): 2.6 kB
Progress (1): 6.2 kB
Progress (1): 8.6 kB
Progress (1): 12 kB 
Progress (1): 17 kB
Progress (1): 19 kB
                   
Downloaded from central: https://repo.maven.apache.org/maven2/org/codehaus/plexus/plexus/3.2/plexus-3.2.pom (19 kB at 89 kB/s)
Downloading from central: https://repo.maven.apache.org/maven2/org/apache/commons/commons-compress/1.9/commons-compress-1.9.pom
Progress (1): 773 B
Progress (1): 2.0 kB
Progress (1): 4.2 kB
Progress (1): 6.4 kB
Progress (1): 9.1 kB
Progress (1): 11 kB 
                   
Downloaded from central: https://repo.maven.apache.org/maven2/org/apache/commons/commons-compress/1.9/commons-compress-1.9.pom (11 kB at 54 kB/s)
Downloading from central: https://repo.maven.apache.org/maven2/org/apache/maven/shared/maven-dependency-tree/2.1/maven-dependency-tree-2.1.pom
Progress (1): 791 B
Progress (1): 2.3 kB
Progress (1): 4.9 kB
Progress (1): 6.8 kB
                    
Downloaded from central: https://repo.maven.apache.org/maven2/org/apache/maven/shared/maven-dependency-tree/2.1/maven-dependency-tree-2.1.pom (6.8 kB at 32 kB/s)
Downloading from central: https://repo.maven.apache.org/maven2/org/apache/maven/maven-project/2.2.0/maven-project-2.2.0.pom
Progress (1): 827 B
Progress (1): 2.8 kB
                    
Downloaded from central: https://repo.maven.apache.org/maven2/org/apache/maven/maven-project/2.2.0/maven-project-2.2.0.pom (2.8 kB at 12 kB/s)
Downloading from central: https://repo.maven.apache.org/maven2/org/apache/maven/maven/2.2.0/maven-2.2.0.pom
Progress (1): 738 B
Progress (1): 1.9 kB
Progress (1): 5.8 kB
Progress (1): 9.1 kB
Progress (1): 12 kB 
Progress (1): 18 kB
Progress (1): 22 kB
Progress (1): 22 kB
                   
Downloaded from central: https://repo.maven.apache.org/maven2/org/apache/maven/maven/2.2.0/maven-2.2.0.pom (22 kB at 103 kB/s)
Downloading from central: https://repo.maven.apache.org/maven2/org/apache/maven/maven-settings/2.2.0/maven-settings-2.2.0.pom
Progress (1): 820 B
Progress (1): 2.2 kB
                    
Downloaded from central: https://repo.maven.apache.org/maven2/org/apache/maven/maven-settings/2.2.0/maven-settings-2.2.0.pom (2.2 kB at 9.6 kB/s)
Downloading from central: https://repo.maven.apache.org/maven2/org/apache/maven/maven-model/2.2.0/maven-model-2.2.0.pom
Progress (1): 809 B
Progress (1): 3.0 kB
Progress (1): 3.2 kB
                    
Downloaded from central: https://repo.maven.apache.org/maven2/org/apache/maven/maven-model/2.2.0/maven-model-2.2.0.pom (3.2 kB at 15 kB/s)
Downloading from central: https://repo.maven.apache.org/maven2/org/apache/maven/maven-profile/2.2.0/maven-profile-2.2.0.pom
Progress (1): 829 B
Progress (1): 2.2 kB
                    
Downloaded from central: https://repo.maven.apache.org/maven2/org/apache/maven/maven-profile/2.2.0/maven-profile-2.2.0.pom (2.2 kB at 8.4 kB/s)
Downloading from central: https://repo.maven.apache.org/maven2/org/apache/maven/maven-artifact-manager/2.2.0/maven-artifact-manager-2.2.0.pom
Progress (1): 813 B
Progress (1): 3.1 kB
                    
Downloaded from central: https://repo.maven.apache.org/maven2/org/apache/maven/maven-artifact-manager/2.2.0/maven-artifact-manager-2.2.0.pom (3.1 kB at 13 kB/s)
Downloading from central: https://repo.maven.apache.org/maven2/org/apache/maven/maven-repository-metadata/2.2.0/maven-repository-metadata-2.2.0.pom
Progress (1): 830 B
Progress (1): 1.9 kB
                    
Downloaded from central: https://repo.maven.apache.org/maven2/org/apache/maven/maven-repository-metadata/2.2.0/maven-repository-metadata-2.2.0.pom (1.9 kB at 8.2 kB/s)
Downloading from central: https://repo.maven.apache.org/maven2/org/apache/maven/maven-artifact/2.2.0/maven-artifact-2.2.0.pom
Progress (1): 844 B
Progress (1): 1.6 kB
                    
Downloaded from central: https://repo.maven.apache.org/maven2/org/apache/maven/maven-artifact/2.2.0/maven-artifact-2.2.0.pom (1.6 kB at 6.8 kB/s)
Downloading from central: https://repo.maven.apache.org/maven2/org/apache/maven/maven-plugin-registry/2.2.0/maven-plugin-registry-2.2.0.pom
Progress (1): 829 B
Progress (1): 1.9 kB
                    
Downloaded from central: https://repo.maven.apache.org/maven2/org/apache/maven/maven-plugin-registry/2.2.0/maven-plugin-registry-2.2.0.pom (1.9 kB at 8.7 kB/s)
Downloading from central: https://repo.maven.apache.org/maven2/org/eclipse/aether/aether-util/0.9.0.M2/aether-util-0.9.0.M2.pom
Progress (1): 935 B
Progress (1): 2.0 kB
                    
Downloaded from central: https://repo.maven.apache.org/maven2/org/eclipse/aether/aether-util/0.9.0.M2/aether-util-0.9.0.M2.pom (2.0 kB at 8.7 kB/s)
Downloading from central: https://repo.maven.apache.org/maven2/org/eclipse/aether/aether/0.9.0.M2/aether-0.9.0.M2.pom
Progress (1): 807 B
Progress (1): 3.2 kB
Progress (1): 5.9 kB
Progress (1): 9.8 kB
Progress (1): 13 kB 
Progress (1): 17 kB
Progress (1): 20 kB
Progress (1): 24 kB
Progress (1): 28 kB
                   
Downloaded from central: https://repo.maven.apache.org/maven2/org/eclipse/aether/aether/0.9.0.M2/aether-0.9.0.M2.pom (28 kB at 133 kB/s)
Downloading from central: https://repo.maven.apache.org/maven2/org/codehaus/plexus/plexus-utils/3.0.10/plexus-utils-3.0.10.pom
Progress (1): 817 B
Progress (1): 2.3 kB
Progress (1): 3.1 kB
                    
Downloaded from central: https://repo.maven.apache.org/maven2/org/codehaus/plexus/plexus-utils/3.0.10/plexus-utils-3.0.10.pom (3.1 kB at 15 kB/s)
Downloading from central: https://repo.maven.apache.org/maven2/org/apache/maven/doxia/doxia-site-renderer/1.0/doxia-site-renderer-1.0.pom
Progress (1): 797 B
Progress (1): 2.8 kB
Progress (1): 4.4 kB
                    
Downloaded from central: https://repo.maven.apache.org/maven2/org/apache/maven/doxia/doxia-site-renderer/1.0/doxia-site-renderer-1.0.pom (4.4 kB at 20 kB/s)
Downloading from central: https://repo.maven.apache.org/maven2/org/apache/maven/doxia/doxia-sitetools/1.0/doxia-sitetools-1.0.pom
Progress (1): 772 B
Progress (1): 2.3 kB
Progress (1): 6.5 kB
Progress (1): 7.7 kB
Progress (1): 9.6 kB
                    
Downloaded from central: https://repo.maven.apache.org/maven2/org/apache/maven/doxia/doxia-sitetools/1.0/doxia-sitetools-1.0.pom (9.6 kB at 44 kB/s)
Downloading from central: https://repo.maven.apache.org/maven2/org/apache/maven/doxia/doxia-core/1.0/doxia-core-1.0.pom
Progress (1): 821 B
Progress (1): 2.4 kB
                    
Downloaded from central: https://repo.maven.apache.org/maven2/org/apache/maven/doxia/doxia-core/1.0/doxia-core-1.0.pom (2.4 kB at 10 kB/s)
Downloading from central: https://repo.maven.apache.org/maven2/org/codehaus/plexus/plexus-utils/1.5.7/plexus-utils-1.5.7.pom
Progress (1): 994 B
Progress (1): 5.0 kB
Progress (1): 7.7 kB
Progress (1): 8.1 kB
                    
Downloaded from central: https://repo.maven.apache.org/maven2/org/codehaus/plexus/plexus-utils/1.5.7/plexus-utils-1.5.7.pom (8.1 kB at 32 kB/s)
Downloading from central: https://repo.maven.apache.org/maven2/org/codehaus/plexus/plexus-i18n/1.0-beta-7/plexus-i18n-1.0-beta-7.pom
Progress (1): 1.1 kB
                    
Downloaded from central: https://repo.maven.apache.org/maven2/org/codehaus/plexus/plexus-i18n/1.0-beta-7/plexus-i18n-1.0-beta-7.pom (1.1 kB at 4.9 kB/s)
Downloading from central: https://repo.maven.apache.org/maven2/org/codehaus/plexus/plexus-components/1.1.12/plexus-components-1.1.12.pom
Progress (1): 1.7 kB
Progress (1): 3.0 kB
                    
Downloaded from central: https://repo.maven.apache.org/maven2/org/codehaus/plexus/plexus-components/1.1.12/plexus-components-1.1.12.pom (3.0 kB at 13 kB/s)
Downloading from central: https://repo.maven.apache.org/maven2/org/codehaus/plexus/plexus-utils/1.4.1/plexus-utils-1.4.1.pom
Progress (1): 1.2 kB
Progress (1): 1.9 kB
                    
Downloaded from central: https://repo.maven.apache.org/maven2/org/codehaus/plexus/plexus-utils/1.4.1/plexus-utils-1.4.1.pom (1.9 kB at 7.9 kB/s)
Downloading from central: https://repo.maven.apache.org/maven2/org/codehaus/plexus/plexus-velocity/1.1.7/plexus-velocity-1.1.7.pom
Progress (1): 850 B
Progress (1): 2.0 kB
                    
Downloaded from central: https://repo.maven.apache.org/maven2/org/codehaus/plexus/plexus-velocity/1.1.7/plexus-velocity-1.1.7.pom (2.0 kB at 9.1 kB/s)
Downloading from central: https://repo.maven.apache.org/maven2/org/codehaus/plexus/plexus-container-default/1.0-alpha-20/plexus-container-default-1.0-alpha-20.pom
Progress (1): 1.7 kB
Progress (1): 3.0 kB
                    
Downloaded from central: https://repo.maven.apache.org/maven2/org/codehaus/plexus/plexus-container-default/1.0-alpha-20/plexus-container-default-1.0-alpha-20.pom (3.0 kB at 14 kB/s)
Downloading from central: https://repo.maven.apache.org/maven2/org/codehaus/plexus/plexus-containers/1.0-alpha-20/plexus-containers-1.0-alpha-20.pom
Progress (1): 1.8 kB
Progress (1): 1.9 kB
                    
Downloaded from central: https://repo.maven.apache.org/maven2/org/codehaus/plexus/plexus-containers/1.0-alpha-20/plexus-containers-1.0-alpha-20.pom (1.9 kB at 8.4 kB/s)
Downloading from central: https://repo.maven.apache.org/maven2/org/codehaus/plexus/plexus-utils/1.3/plexus-utils-1.3.pom
Progress (1): 1.0 kB
                    
Downloaded from central: https://repo.maven.apache.org/maven2/org/codehaus/plexus/plexus-utils/1.3/plexus-utils-1.3.pom (1.0 kB at 4.4 kB/s)
Downloading from central: https://repo.maven.apache.org/maven2/org/codehaus/plexus/plexus/1.0.8/plexus-1.0.8.pom
Progress (1): 1.2 kB
Progress (1): 4.2 kB
Progress (1): 6.8 kB
Progress (1): 7.2 kB
                    
Downloaded from central: https://repo.maven.apache.org/maven2/org/codehaus/plexus/plexus/1.0.8/plexus-1.0.8.pom (7.2 kB at 31 kB/s)
Downloading from central: https://repo.maven.apache.org/maven2/org/codehaus/plexus/plexus-classworlds/1.2-alpha-7/plexus-classworlds-1.2-alpha-7.pom
Progress (1): 1.7 kB
Progress (1): 2.4 kB
                    
Downloaded from central: https://repo.maven.apache.org/maven2/org/codehaus/plexus/plexus-classworlds/1.2-alpha-7/plexus-classworlds-1.2-alpha-7.pom (2.4 kB at 11 kB/s)
Downloading from central: https://repo.maven.apache.org/maven2/org/codehaus/plexus/plexus/1.0.9/plexus-1.0.9.pom
Progress (1): 1.6 kB
Progress (1): 4.9 kB
Progress (1): 7.7 kB
                    
Downloaded from central: https://repo.maven.apache.org/maven2/org/codehaus/plexus/plexus/1.0.9/plexus-1.0.9.pom (7.7 kB at 36 kB/s)
Downloading from central: https://repo.maven.apache.org/maven2/org/apache/velocity/velocity/1.5/velocity-1.5.pom
Progress (1): 1.1 kB
Progress (1): 3.1 kB
Progress (1): 6.0 kB
Progress (1): 7.8 kB
                    
Downloaded from central: https://repo.maven.apache.org/maven2/org/apache/velocity/velocity/1.5/velocity-1.5.pom (7.8 kB at 33 kB/s)
Downloading from central: https://repo.maven.apache.org/maven2/commons-collections/commons-collections/3.1/commons-collections-3.1.pom
Progress (1): 2.2 kB
Progress (1): 5.5 kB
Progress (1): 6.1 kB
                    
Downloaded from central: https://repo.maven.apache.org/maven2/commons-collections/commons-collections/3.1/commons-collections-3.1.pom (6.1 kB at 27 kB/s)
Downloading from central: https://repo.maven.apache.org/maven2/commons-lang/commons-lang/2.1/commons-lang-2.1.pom
Progress (1): 1.4 kB
Progress (1): 4.5 kB
Progress (1): 5.7 kB
Progress (1): 8.4 kB
Progress (1): 9.9 kB
                    
Downloaded from central: https://repo.maven.apache.org/maven2/commons-lang/commons-lang/2.1/commons-lang-2.1.pom (9.9 kB at 46 kB/s)
Downloading from central: https://repo.maven.apache.org/maven2/oro/oro/2.0.8/oro-2.0.8.pom
Progress (1): 140 B
                   
Downloaded from central: https://repo.maven.apache.org/maven2/oro/oro/2.0.8/oro-2.0.8.pom (140 B at 663 B/s)
Downloading from central: https://repo.maven.apache.org/maven2/org/apache/maven/doxia/doxia-decoration-model/1.0/doxia-decoration-model-1.0.pom
Progress (1): 799 B
Progress (1): 2.8 kB
Progress (1): 3.2 kB
                    
Downloaded from central: https://repo.maven.apache.org/maven2/org/apache/maven/doxia/doxia-decoration-model/1.0/doxia-decoration-model-1.0.pom (3.2 kB at 14 kB/s)
Downloading from central: https://repo.maven.apache.org/maven2/commons-collections/commons-collections/3.2/commons-collections-3.2.pom
Progress (1): 1.5 kB
Progress (1): 4.9 kB
Progress (1): 8.5 kB
Progress (1): 10 kB 
Progress (1): 11 kB
                   
Downloaded from central: https://repo.maven.apache.org/maven2/commons-collections/commons-collections/3.2/commons-collections-3.2.pom (11 kB at 53 kB/s)
Downloading from central: https://repo.maven.apache.org/maven2/org/apache/maven/doxia/doxia-module-apt/1.0/doxia-module-apt-1.0.pom
Progress (1): 821 B
Progress (1): 2.3 kB
                    
Downloaded from central: https://repo.maven.apache.org/maven2/org/apache/maven/doxia/doxia-module-apt/1.0/doxia-module-apt-1.0.pom (2.3 kB at 8.8 kB/s)
Downloading from central: https://repo.maven.apache.org/maven2/org/apache/maven/doxia/doxia-modules/1.0/doxia-modules-1.0.pom
Progress (1): 819 B
Progress (1): 2.4 kB
                    
Downloaded from central: https://repo.maven.apache.org/maven2/org/apache/maven/doxia/doxia-modules/1.0/doxia-modules-1.0.pom (2.4 kB at 12 kB/s)
Downloading from central: https://repo.maven.apache.org/maven2/org/apache/maven/doxia/doxia-module-fml/1.0/doxia-module-fml-1.0.pom
Progress (1): 817 B
Progress (1): 2.7 kB
                    
Downloaded from central: https://repo.maven.apache.org/maven2/org/apache/maven/doxia/doxia-module-fml/1.0/doxia-module-fml-1.0.pom (2.7 kB at 13 kB/s)
Downloading from central: https://repo.maven.apache.org/maven2/org/apache/maven/doxia/doxia-module-xdoc/1.0/doxia-module-xdoc-1.0.pom
Progress (1): 821 B
Progress (1): 2.2 kB
                    
Downloaded from central: https://repo.maven.apache.org/maven2/org/apache/maven/doxia/doxia-module-xdoc/1.0/doxia-module-xdoc-1.0.pom (2.2 kB at 11 kB/s)
Downloading from central: https://repo.maven.apache.org/maven2/org/apache/maven/doxia/doxia-module-xhtml/1.0/doxia-module-xhtml-1.0.pom
Progress (1): 830 B
Progress (1): 1.6 kB
                    
Downloaded from central: https://repo.maven.apache.org/maven2/org/apache/maven/doxia/doxia-module-xhtml/1.0/doxia-module-xhtml-1.0.pom (1.6 kB at 7.8 kB/s)
Downloading from central: https://repo.maven.apache.org/maven2/org/jdom/jdom/1.1/jdom-1.1.pom
Progress (1): 905 B
Progress (1): 2.2 kB
                    
Downloaded from central: https://repo.maven.apache.org/maven2/org/jdom/jdom/1.1/jdom-1.1.pom (2.2 kB at 9.5 kB/s)
Downloading from central: https://repo.maven.apache.org/maven2/org/apache/felix/maven-bundle-plugin/4.2.0/maven-bundle-plugin-4.2.0.jar
Progress (1): 7.7/233 kB
Progress (1): 16/233 kB 
Progress (1): 32/233 kB
Progress (1): 49/233 kB
Progress (1): 65/233 kB
Progress (1): 81/233 kB
Progress (1): 98/233 kB
Progress (1): 114/233 kB
Progress (1): 131/233 kB
Progress (1): 131/233 kB
Progress (1): 147/233 kB
Progress (1): 164/233 kB
Progress (1): 180/233 kB
Progress (1): 197/233 kB
Progress (1): 213/233 kB
Progress (1): 229/233 kB
Progress (1): 233 kB    
                    
Downloaded from central: https://repo.maven.apache.org/maven2/org/apache/felix/maven-bundle-plugin/4.2.0/maven-bundle-plugin-4.2.0.jar (233 kB at 366 kB/s)
Downloading from central: https://repo.maven.apache.org/maven2/org/osgi/org.osgi.core/6.0.0/org.osgi.core-6.0.0.jar
Downloading from central: https://repo.maven.apache.org/maven2/biz/aQute/bnd/biz.aQute.bndlib/4.2.0/biz.aQute.bndlib-4.2.0.jar
Downloading from central: https://repo.maven.apache.org/maven2/org/slf4j/slf4j-api/1.7.25/slf4j-api-1.7.25.jar
Downloading from central: https://repo.maven.apache.org/maven2/org/apache/felix/org.apache.felix.bundlerepository/1.6.6/org.apache.felix.bundlerepository-1.6.6.jar
Downloading from central: https://repo.maven.apache.org/maven2/org/easymock/easymock/2.4/easymock-2.4.jar
Progress (1): 0/3.1 MB
Progress (1): 0/3.1 MB
Progress (1): 0/3.1 MB
Progress (1): 0/3.1 MB
Progress (1): 0.1/3.1 MB
Progress (1): 0.1/3.1 MB
Progress (2): 0.1/3.1 MB | 7.7/168 kB
Progress (2): 0.1/3.1 MB | 16/168 kB 
Progress (3): 0.1/3.1 MB | 16/168 kB | 7.7/41 kB
Progress (3): 0.1/3.1 MB | 16/168 kB | 12/41 kB 
Progress (3): 0.1/3.1 MB | 16/168 kB | 12/41 kB
Progress (3): 0.1/3.1 MB | 16/168 kB | 29/41 kB
Progress (4): 0.1/3.1 MB | 16/168 kB | 29/41 kB | 3.8/81 kB
Progress (4): 0.1/3.1 MB | 16/168 kB | 41 kB | 3.8/81 kB   
Progress (4): 0.1/3.1 MB | 32/168 kB | 41 kB | 3.8/81 kB
Progress (4): 0.1/3.1 MB | 32/168 kB | 41 kB | 3.8/81 kB
                                                        
Downloaded from central: https://repo.maven.apache.org/maven2/org/slf4j/slf4j-api/1.7.25/slf4j-api-1.7.25.jar (41 kB at 180 kB/s)
Downloading from central: https://repo.maven.apache.org/maven2/org/apache/felix/org.apache.felix.utils/1.6.0/org.apache.felix.utils-1.6.0.jar
Progress (3): 0.1/3.1 MB | 32/168 kB | 8.0/81 kB
Progress (3): 0.1/3.1 MB | 32/168 kB | 12/81 kB 
Progress (3): 0.1/3.1 MB | 32/168 kB | 12/81 kB
Progress (3): 0.1/3.1 MB | 49/168 kB | 12/81 kB
Progress (3): 0.1/3.1 MB | 49/168 kB | 16/81 kB
Progress (3): 0.1/3.1 MB | 49/168 kB | 21/81 kB
Progress (3): 0.1/3.1 MB | 49/168 kB | 21/81 kB
Progress (3): 0.1/3.1 MB | 49/168 kB | 25/81 kB
Progress (3): 0.1/3.1 MB | 65/168 kB | 25/81 kB
Progress (3): 0.2/3.1 MB | 65/168 kB | 25/81 kB
Progress (3): 0.2/3.1 MB | 65/168 kB | 28/81 kB
Progress (4): 0.2/3.1 MB | 65/168 kB | 28/81 kB | 16/475 kB
Progress (4): 0.2/3.1 MB | 65/168 kB | 32/81 kB | 16/475 kB
Progress (4): 0.2/3.1 MB | 65/168 kB | 32/81 kB | 33/475 kB
Progress (4): 0.2/3.1 MB | 65/168 kB | 32/81 kB | 33/475 kB
Progress (4): 0.2/3.1 MB | 65/168 kB | 36/81 kB | 33/475 kB
Progress (4): 0.2/3.1 MB | 81/168 kB | 36/81 kB | 33/475 kB
Progress (4): 0.2/3.1 MB | 81/168 kB | 36/81 kB | 49/475 kB
Progress (4): 0.2/3.1 MB | 81/168 kB | 40/81 kB | 49/475 kB
Progress (4): 0.2/3.1 MB | 81/168 kB | 40/81 kB | 49/475 kB
Progress (4): 0.2/3.1 MB | 81/168 kB | 40/81 kB | 66/475 kB
Progress (4): 0.2/3.1 MB | 81/168 kB | 45/81 kB | 66/475 kB
Progress (4): 0.2/3.1 MB | 98/168 kB | 45/81 kB | 66/475 kB
Progress (4): 0.2/3.1 MB | 98/168 kB | 45/81 kB | 66/475 kB
Progress (4): 0.2/3.1 MB | 98/168 kB | 49/81 kB | 66/475 kB
Progress (4): 0.2/3.1 MB | 98/168 kB | 49/81 kB | 82/475 kB
Progress (4): 0.2/3.1 MB | 98/168 kB | 49/81 kB | 98/475 kB
Progress (4): 0.2/3.1 MB | 98/168 kB | 53/81 kB | 98/475 kB
Progress (4): 0.2/3.1 MB | 98/168 kB | 53/81 kB | 98/475 kB
Progress (4): 0.2/3.1 MB | 98/168 kB | 57/81 kB | 98/475 kB
Progress (4): 0.2/3.1 MB | 114/168 kB | 57/81 kB | 98/475 kB
Progress (4): 0.2/3.1 MB | 114/168 kB | 57/81 kB | 115/475 kB
Progress (4): 0.2/3.1 MB | 114/168 kB | 57/81 kB | 115/475 kB
Progress (4): 0.2/3.1 MB | 114/168 kB | 62/81 kB | 115/475 kB
Progress (4): 0.2/3.1 MB | 114/168 kB | 62/81 kB | 131/475 kB
Progress (4): 0.2/3.1 MB | 114/168 kB | 66/81 kB | 131/475 kB
Progress (4): 0.3/3.1 MB | 114/168 kB | 66/81 kB | 131/475 kB
Progress (4): 0.3/3.1 MB | 131/168 kB | 66/81 kB | 131/475 kB
Progress (4): 0.3/3.1 MB | 131/168 kB | 66/81 kB | 147/475 kB
Progress (4): 0.3/3.1 MB | 131/168 kB | 70/81 kB | 147/475 kB
Progress (4): 0.3/3.1 MB | 131/168 kB | 70/81 kB | 164/475 kB
Progress (4): 0.3/3.1 MB | 131/168 kB | 74/81 kB | 164/475 kB
Progress (4): 0.3/3.1 MB | 131/168 kB | 74/81 kB | 164/475 kB
Progress (4): 0.3/3.1 MB | 131/168 kB | 79/81 kB | 164/475 kB
Progress (4): 0.3/3.1 MB | 147/168 kB | 79/81 kB | 164/475 kB
Progress (4): 0.3/3.1 MB | 147/168 kB | 79/81 kB | 180/475 kB
Progress (4): 0.3/3.1 MB | 147/168 kB | 81 kB | 180/475 kB   
Progress (4): 0.3/3.1 MB | 147/168 kB | 81 kB | 180/475 kB
                                                          
Downloaded from central: https://repo.maven.apache.org/maven2/org/easymock/easymock/2.4/easymock-2.4.jar (81 kB at 273 kB/s)
Downloading from central: https://repo.maven.apache.org/maven2/org/osgi/org.osgi.compendium/4.2.0/org.osgi.compendium-4.2.0.jar
Progress (3): 0.3/3.1 MB | 147/168 kB | 197/475 kB
Progress (3): 0.3/3.1 MB | 147/168 kB | 197/475 kB
Progress (3): 0.3/3.1 MB | 163/168 kB | 197/475 kB
Progress (3): 0.3/3.1 MB | 163/168 kB | 213/475 kB
Progress (3): 0.3/3.1 MB | 168 kB | 213/475 kB    
                                              
Downloaded from central: https://repo.maven.apache.org/maven2/org/apache/felix/org.apache.felix.bundlerepository/1.6.6/org.apache.felix.bundlerepository-1.6.6.jar (168 kB at 546 kB/s)
Downloading from central: https://repo.maven.apache.org/maven2/org/apache/maven/maven-core/3.3.9/maven-core-3.3.9.jar
Progress (2): 0.3/3.1 MB | 229/475 kB
Progress (2): 0.3/3.1 MB | 229/475 kB
Progress (2): 0.3/3.1 MB | 246/475 kB
Progress (2): 0.3/3.1 MB | 246/475 kB
Progress (2): 0.3/3.1 MB | 262/475 kB
Progress (2): 0.4/3.1 MB | 262/475 kB
Progress (2): 0.4/3.1 MB | 279/475 kB
Progress (2): 0.4/3.1 MB | 295/475 kB
Progress (2): 0.4/3.1 MB | 295/475 kB
Progress (2): 0.4/3.1 MB | 311/475 kB
Progress (2): 0.4/3.1 MB | 311/475 kB
Progress (2): 0.4/3.1 MB | 328/475 kB
Progress (2): 0.4/3.1 MB | 328/475 kB
Progress (2): 0.4/3.1 MB | 328/475 kB
Progress (2): 0.4/3.1 MB | 328/475 kB
Progress (2): 0.5/3.1 MB | 328/475 kB
Progress (2): 0.5/3.1 MB | 328/475 kB
Progress (2): 0.5/3.1 MB | 328/475 kB
Progress (2): 0.5/3.1 MB | 328/475 kB
Progress (2): 0.5/3.1 MB | 328/475 kB
Progress (2): 0.5/3.1 MB | 328/475 kB
Progress (2): 0.6/3.1 MB | 328/475 kB
Progress (2): 0.6/3.1 MB | 328/475 kB
Progress (2): 0.6/3.1 MB | 328/475 kB
Progress (2): 0.6/3.1 MB | 328/475 kB
Progress (2): 0.6/3.1 MB | 328/475 kB
Progress (3): 0.6/3.1 MB | 328/475 kB | 8.2/68 kB
Progress (4): 0.6/3.1 MB | 328/475 kB | 8.2/68 kB | 3.8/614 kB
Progress (4): 0.6/3.1 MB | 328/475 kB | 8.2/68 kB | 7.7/614 kB
Progress (4): 0.6/3.1 MB | 328/475 kB | 8.2/68 kB | 12/614 kB 
Progress (4): 0.6/3.1 MB | 328/475 kB | 8.2/68 kB | 16/614 kB
Progress (4): 0.6/3.1 MB | 328/475 kB | 8.2/68 kB | 20/614 kB
Progress (4): 0.6/3.1 MB | 328/475 kB | 8.2/68 kB | 24/614 kB
Progress (4): 0.6/3.1 MB | 328/475 kB | 8.2/68 kB | 28/614 kB
Progress (4): 0.6/3.1 MB | 328/475 kB | 8.2/68 kB | 33/614 kB
Progress (4): 0.6/3.1 MB | 328/475 kB | 8.2/68 kB | 37/614 kB
Progress (4): 0.6/3.1 MB | 328/475 kB | 8.2/68 kB | 41/614 kB
Progress (4): 0.6/3.1 MB | 328/475 kB | 8.2/68 kB | 45/614 kB
Progress (4): 0.6/3.1 MB | 328/475 kB | 8.2/68 kB | 49/614 kB
Progress (4): 0.6/3.1 MB | 328/475 kB | 8.2/68 kB | 54/614 kB
Progress (4): 0.6/3.1 MB | 328/475 kB | 8.2/68 kB | 57/614 kB
Progress (4): 0.6/3.1 MB | 328/475 kB | 8.2/68 kB | 61/614 kB
Progress (4): 0.6/3.1 MB | 328/475 kB | 8.2/68 kB | 65/614 kB
Progress (4): 0.6/3.1 MB | 328/475 kB | 8.2/68 kB | 70/614 kB
Progress (4): 0.6/3.1 MB | 328/475 kB | 8.2/68 kB | 74/614 kB
Progress (4): 0.6/3.1 MB | 328/475 kB | 8.2/68 kB | 74/614 kB
Progress (4): 0.7/3.1 MB | 328/475 kB | 8.2/68 kB | 74/614 kB
Progress (4): 0.7/3.1 MB | 344/475 kB | 8.2/68 kB | 74/614 kB
Progress (4): 0.7/3.1 MB | 344/475 kB | 8.2/68 kB | 74/614 kB
Progress (4): 0.7/3.1 MB | 360/475 kB | 8.2/68 kB | 74/614 kB
Progress (4): 0.7/3.1 MB | 377/475 kB | 8.2/68 kB | 74/614 kB
Progress (4): 0.7/3.1 MB | 377/475 kB | 8.2/68 kB | 90/614 kB
Progress (4): 0.7/3.1 MB | 393/475 kB | 8.2/68 kB | 90/614 kB
Progress (4): 0.7/3.1 MB | 393/475 kB | 8.2/68 kB | 90/614 kB
Progress (4): 0.7/3.1 MB | 410/475 kB | 8.2/68 kB | 90/614 kB
Progress (4): 0.7/3.1 MB | 410/475 kB | 8.2/68 kB | 90/614 kB
Progress (4): 0.7/3.1 MB | 410/475 kB | 8.2/68 kB | 90/614 kB
Progress (4): 0.7/3.1 MB | 410/475 kB | 8.2/68 kB | 90/614 kB
Progress (4): 0.8/3.1 MB | 410/475 kB | 8.2/68 kB | 90/614 kB
Progress (4): 0.8/3.1 MB | 426/475 kB | 8.2/68 kB | 90/614 kB
Progress (4): 0.8/3.1 MB | 426/475 kB | 8.2/68 kB | 90/614 kB
Progress (4): 0.8/3.1 MB | 426/475 kB | 8.2/68 kB | 107/614 kB
Progress (4): 0.8/3.1 MB | 442/475 kB | 8.2/68 kB | 107/614 kB
Progress (4): 0.8/3.1 MB | 442/475 kB | 8.2/68 kB | 107/614 kB
Progress (4): 0.8/3.1 MB | 442/475 kB | 8.2/68 kB | 107/614 kB
Progress (4): 0.8/3.1 MB | 442/475 kB | 8.2/68 kB | 107/614 kB
Progress (4): 0.8/3.1 MB | 442/475 kB | 8.2/68 kB | 107/614 kB
Progress (4): 0.9/3.1 MB | 442/475 kB | 8.2/68 kB | 107/614 kB
Progress (4): 0.9/3.1 MB | 459/475 kB | 8.2/68 kB | 107/614 kB
Progress (4): 0.9/3.1 MB | 459/475 kB | 8.2/68 kB | 107/614 kB
Progress (4): 0.9/3.1 MB | 475/475 kB | 8.2/68 kB | 107/614 kB
Progress (4): 0.9/3.1 MB | 475 kB | 8.2/68 kB | 107/614 kB    
                                                          
Downloaded from central: https://repo.maven.apache.org/maven2/org/osgi/org.osgi.core/6.0.0/org.osgi.core-6.0.0.jar (475 kB at 740 kB/s)
Downloading from central: https://repo.maven.apache.org/maven2/org/apache/maven/maven-model/3.3.9/maven-model-3.3.9.jar
Progress (3): 0.9/3.1 MB | 8.2/68 kB | 107/614 kB
Progress (3): 0.9/3.1 MB | 8.2/68 kB | 107/614 kB
Progress (3): 0.9/3.1 MB | 8.2/68 kB | 122/614 kB
Progress (3): 0.9/3.1 MB | 8.2/68 kB | 122/614 kB
Progress (3): 0.9/3.1 MB | 8.2/68 kB | 122/614 kB
Progress (3): 0.9/3.1 MB | 8.2/68 kB | 122/614 kB
Progress (3): 1.0/3.1 MB | 8.2/68 kB | 122/614 kB
Progress (3): 1.0/3.1 MB | 8.2/68 kB | 122/614 kB
Progress (3): 1.0/3.1 MB | 25/68 kB | 122/614 kB 
Progress (3): 1.0/3.1 MB | 25/68 kB | 122/614 kB
Progress (3): 1.0/3.1 MB | 41/68 kB | 122/614 kB
Progress (3): 1.0/3.1 MB | 41/68 kB | 122/614 kB
Progress (3): 1.0/3.1 MB | 57/68 kB | 122/614 kB
Progress (3): 1.0/3.1 MB | 57/68 kB | 122/614 kB
Progress (3): 1.0/3.1 MB | 68 kB | 122/614 kB   
Progress (3): 1.0/3.1 MB | 68 kB | 139/614 kB
                                             
Downloaded from central: https://repo.maven.apache.org/maven2/org/apache/felix/org.apache.felix.utils/1.6.0/org.apache.felix.utils-1.6.0.jar (68 kB at 103 kB/s)
Downloading from central: https://repo.maven.apache.org/maven2/org/apache/maven/maven-settings/3.3.9/maven-settings-3.3.9.jar
Progress (2): 1.0/3.1 MB | 139/614 kB
Progress (2): 1.1/3.1 MB | 139/614 kB
Progress (2): 1.1/3.1 MB | 139/614 kB
Progress (2): 1.1/3.1 MB | 139/614 kB
Progress (2): 1.1/3.1 MB | 139/614 kB
Progress (2): 1.1/3.1 MB | 139/614 kB
Progress (2): 1.1/3.1 MB | 139/614 kB
Progress (2): 1.2/3.1 MB | 139/614 kB
Progress (2): 1.2/3.1 MB | 139/614 kB
Progress (2): 1.2/3.1 MB | 139/614 kB
Progress (2): 1.2/3.1 MB | 139/614 kB
Progress (2): 1.2/3.1 MB | 139/614 kB
Progress (2): 1.2/3.1 MB | 139/614 kB
Progress (2): 1.3/3.1 MB | 139/614 kB
Progress (2): 1.3/3.1 MB | 139/614 kB
Progress (2): 1.3/3.1 MB | 139/614 kB
Progress (2): 1.3/3.1 MB | 139/614 kB
Progress (2): 1.3/3.1 MB | 139/614 kB
Progress (2): 1.3/3.1 MB | 139/614 kB
Progress (2): 1.4/3.1 MB | 139/614 kB
Progress (2): 1.4/3.1 MB | 139/614 kB
Progress (2): 1.4/3.1 MB | 139/614 kB
Progress (2): 1.4/3.1 MB | 139/614 kB
Progress (2): 1.4/3.1 MB | 139/614 kB
Progress (2): 1.4/3.1 MB | 139/614 kB
Progress (2): 1.5/3.1 MB | 139/614 kB
Progress (2): 1.5/3.1 MB | 139/614 kB
Progress (2): 1.5/3.1 MB | 139/614 kB
Progress (2): 1.5/3.1 MB | 139/614 kB
Progress (2): 1.5/3.1 MB | 139/614 kB
Progress (2): 1.5/3.1 MB | 139/614 kB
Progress (2): 1.6/3.1 MB | 139/614 kB
Progress (2): 1.6/3.1 MB | 139/614 kB
Progress (2): 1.6/3.1 MB | 139/614 kB
Progress (2): 1.6/3.1 MB | 139/614 kB
Progress (2): 1.6/3.1 MB | 139/614 kB
Progress (2): 1.6/3.1 MB | 139/614 kB
Progress (2): 1.6/3.1 MB | 139/614 kB
Progress (2): 1.7/3.1 MB | 139/614 kB
Progress (2): 1.7/3.1 MB | 139/614 kB
Progress (2): 1.7/3.1 MB | 139/614 kB
Progress (2): 1.7/3.1 MB | 139/614 kB
Progress (2): 1.7/3.1 MB | 139/614 kB
Progress (2): 1.7/3.1 MB | 139/614 kB
Progress (2): 1.8/3.1 MB | 139/614 kB
Progress (2): 1.8/3.1 MB | 139/614 kB
Progress (2): 1.8/3.1 MB | 139/614 kB
Progress (2): 1.8/3.1 MB | 139/614 kB
Progress (2): 1.8/3.1 MB | 139/614 kB
Progress (2): 1.8/3.1 MB | 139/614 kB
Progress (2): 1.9/3.1 MB | 139/614 kB
Progress (2): 1.9/3.1 MB | 139/614 kB
Progress (2): 1.9/3.1 MB | 139/614 kB
Progress (3): 1.9/3.1 MB | 139/614 kB | 7.7/638 kB
Progress (3): 1.9/3.1 MB | 139/614 kB | 7.7/638 kB
Progress (3): 1.9/3.1 MB | 139/614 kB | 24/638 kB 
Progress (3): 1.9/3.1 MB | 139/614 kB | 24/638 kB
Progress (3): 1.9/3.1 MB | 139/614 kB | 40/638 kB
Progress (3): 1.9/3.1 MB | 139/614 kB | 40/638 kB
Progress (3): 1.9/3.1 MB | 139/614 kB | 40/638 kB
Progress (3): 2.0/3.1 MB | 139/614 kB | 40/638 kB
Progress (3): 2.0/3.1 MB | 139/614 kB | 40/638 kB
Progress (3): 2.0/3.1 MB | 139/614 kB | 40/638 kB
Progress (3): 2.0/3.1 MB | 155/614 kB | 40/638 kB
Progress (3): 2.0/3.1 MB | 155/614 kB | 40/638 kB
Progress (3): 2.0/3.1 MB | 155/614 kB | 40/638 kB
Progress (3): 2.0/3.1 MB | 155/614 kB | 40/638 kB
Progress (3): 2.1/3.1 MB | 155/614 kB | 40/638 kB
Progress (3): 2.1/3.1 MB | 155/614 kB | 40/638 kB
Progress (3): 2.1/3.1 MB | 155/614 kB | 40/638 kB
Progress (3): 2.1/3.1 MB | 155/614 kB | 40/638 kB
Progress (3): 2.1/3.1 MB | 155/614 kB | 57/638 kB
Progress (3): 2.1/3.1 MB | 155/614 kB | 73/638 kB
Progress (3): 2.1/3.1 MB | 155/614 kB | 73/638 kB
Progress (3): 2.1/3.1 MB | 172/614 kB | 73/638 kB
Progress (3): 2.1/3.1 MB | 172/614 kB | 73/638 kB
Progress (3): 2.2/3.1 MB | 172/614 kB | 73/638 kB
Progress (3): 2.2/3.1 MB | 172/614 kB | 73/638 kB
Progress (3): 2.2/3.1 MB | 172/614 kB | 73/638 kB
Progress (3): 2.2/3.1 MB | 172/614 kB | 73/638 kB
Progress (3): 2.2/3.1 MB | 188/614 kB | 73/638 kB
Progress (3): 2.2/3.1 MB | 188/614 kB | 73/638 kB
Progress (3): 2.2/3.1 MB | 188/614 kB | 90/638 kB
Progress (3): 2.2/3.1 MB | 188/614 kB | 90/638 kB
Progress (3): 2.2/3.1 MB | 188/614 kB | 106/638 kB
Progress (3): 2.2/3.1 MB | 188/614 kB | 122/638 kB
Progress (3): 2.3/3.1 MB | 188/614 kB | 122/638 kB
Progress (3): 2.3/3.1 MB | 188/614 kB | 139/638 kB
Progress (3): 2.3/3.1 MB | 188/614 kB | 155/638 kB
Progress (3): 2.3/3.1 MB | 188/614 kB | 172/638 kB
Progress (3): 2.3/3.1 MB | 188/614 kB | 188/638 kB
Progress (3): 2.3/3.1 MB | 188/614 kB | 188/638 kB
Progress (3): 2.3/3.1 MB | 188/614 kB | 204/638 kB
Progress (3): 2.3/3.1 MB | 188/614 kB | 221/638 kB
Progress (3): 2.3/3.1 MB | 188/614 kB | 237/638 kB
Progress (3): 2.3/3.1 MB | 188/614 kB | 237/638 kB
Progress (3): 2.3/3.1 MB | 188/614 kB | 253/638 kB
Progress (3): 2.3/3.1 MB | 188/614 kB | 270/638 kB
Progress (3): 2.3/3.1 MB | 204/614 kB | 270/638 kB
Progress (3): 2.3/3.1 MB | 204/614 kB | 286/638 kB
Progress (3): 2.3/3.1 MB | 204/614 kB | 303/638 kB
Progress (3): 2.3/3.1 MB | 204/614 kB | 303/638 kB
Progress (3): 2.3/3.1 MB | 204/614 kB | 319/638 kB
Progress (3): 2.3/3.1 MB | 204/614 kB | 335/638 kB
Progress (3): 2.3/3.1 MB | 204/614 kB | 352/638 kB
Progress (3): 2.3/3.1 MB | 204/614 kB | 352/638 kB
Progress (3): 2.3/3.1 MB | 204/614 kB | 368/638 kB
Progress (3): 2.3/3.1 MB | 204/614 kB | 385/638 kB
Progress (3): 2.3/3.1 MB | 204/614 kB | 401/638 kB
Progress (3): 2.3/3.1 MB | 204/614 kB | 417/638 kB
Progress (3): 2.3/3.1 MB | 204/614 kB | 417/638 kB
Progress (3): 2.3/3.1 MB | 204/614 kB | 434/638 kB
Progress (3): 2.4/3.1 MB | 204/614 kB | 434/638 kB
Progress (3): 2.4/3.1 MB | 204/614 kB | 450/638 kB
Progress (3): 2.4/3.1 MB | 204/614 kB | 450/638 kB
Progress (3): 2.4/3.1 MB | 221/614 kB | 450/638 kB
Progress (3): 2.4/3.1 MB | 221/614 kB | 450/638 kB
Progress (3): 2.4/3.1 MB | 221/614 kB | 450/638 kB
Progress (3): 2.4/3.1 MB | 221/614 kB | 466/638 kB
Progress (3): 2.4/3.1 MB | 221/614 kB | 466/638 kB
Progress (3): 2.4/3.1 MB | 221/614 kB | 466/638 kB
Progress (3): 2.5/3.1 MB | 221/614 kB | 466/638 kB
Progress (3): 2.5/3.1 MB | 221/614 kB | 466/638 kB
Progress (3): 2.5/3.1 MB | 237/614 kB | 466/638 kB
Progress (3): 2.5/3.1 MB | 237/614 kB | 483/638 kB
Progress (3): 2.5/3.1 MB | 237/614 kB | 483/638 kB
Progress (3): 2.5/3.1 MB | 237/614 kB | 483/638 kB
Progress (3): 2.5/3.1 MB | 237/614 kB | 483/638 kB
Progress (3): 2.5/3.1 MB | 237/614 kB | 499/638 kB
Progress (3): 2.5/3.1 MB | 237/614 kB | 499/638 kB
Progress (3): 2.5/3.1 MB | 253/614 kB | 499/638 kB
Progress (3): 2.6/3.1 MB | 253/614 kB | 499/638 kB
Progress (3): 2.6/3.1 MB | 253/614 kB | 499/638 kB
Progress (3): 2.6/3.1 MB | 253/614 kB | 499/638 kB
Progress (3): 2.6/3.1 MB | 253/614 kB | 516/638 kB
Progress (3): 2.6/3.1 MB | 253/614 kB | 516/638 kB
Progress (3): 2.6/3.1 MB | 253/614 kB | 516/638 kB
Progress (3): 2.6/3.1 MB | 253/614 kB | 516/638 kB
Progress (3): 2.6/3.1 MB | 253/614 kB | 516/638 kB
Progress (3): 2.6/3.1 MB | 253/614 kB | 532/638 kB
Progress (3): 2.7/3.1 MB | 253/614 kB | 532/638 kB
Progress (3): 2.7/3.1 MB | 270/614 kB | 532/638 kB
Progress (3): 2.7/3.1 MB | 270/614 kB | 532/638 kB
Progress (3): 2.7/3.1 MB | 270/614 kB | 532/638 kB
Progress (3): 2.7/3.1 MB | 270/614 kB | 548/638 kB
Progress (3): 2.7/3.1 MB | 270/614 kB | 548/638 kB
Progress (3): 2.7/3.1 MB | 270/614 kB | 548/638 kB
Progress (3): 2.7/3.1 MB | 270/614 kB | 548/638 kB
Progress (3): 2.8/3.1 MB | 270/614 kB | 548/638 kB
Progress (3): 2.8/3.1 MB | 286/614 kB | 548/638 kB
Progress (3): 2.8/3.1 MB | 286/614 kB | 548/638 kB
Progress (3): 2.8/3.1 MB | 286/614 kB | 565/638 kB
Progress (3): 2.8/3.1 MB | 286/614 kB | 565/638 kB
Progress (3): 2.8/3.1 MB | 286/614 kB | 565/638 kB
Progress (3): 2.8/3.1 MB | 286/614 kB | 565/638 kB
Progress (3): 2.8/3.1 MB | 286/614 kB | 565/638 kB
Progress (4): 2.8/3.1 MB | 286/614 kB | 565/638 kB | 7.7/164 kB
Progress (4): 2.8/3.1 MB | 286/614 kB | 565/638 kB | 16/164 kB 
Progress (4): 2.9/3.1 MB | 286/614 kB | 565/638 kB | 16/164 kB
Progress (4): 2.9/3.1 MB | 286/614 kB | 565/638 kB | 32/164 kB
Progress (4): 2.9/3.1 MB | 286/614 kB | 565/638 kB | 32/164 kB
Progress (4): 2.9/3.1 MB | 286/614 kB | 581/638 kB | 32/164 kB
Progress (4): 2.9/3.1 MB | 303/614 kB | 581/638 kB | 32/164 kB
Progress (4): 2.9/3.1 MB | 303/614 kB | 581/638 kB | 49/164 kB
Progress (4): 2.9/3.1 MB | 303/614 kB | 581/638 kB | 49/164 kB
Progress (4): 2.9/3.1 MB | 303/614 kB | 581/638 kB | 57/164 kB
Progress (4): 2.9/3.1 MB | 303/614 kB | 581/638 kB | 57/164 kB
Progress (4): 2.9/3.1 MB | 303/614 kB | 581/638 kB | 57/164 kB
Progress (4): 2.9/3.1 MB | 303/614 kB | 581/638 kB | 73/164 kB
Progress (4): 2.9/3.1 MB | 303/614 kB | 581/638 kB | 73/164 kB
Progress (4): 2.9/3.1 MB | 303/614 kB | 598/638 kB | 73/164 kB
Progress (4): 3.0/3.1 MB | 303/614 kB | 598/638 kB | 73/164 kB
Progress (4): 3.0/3.1 MB | 303/614 kB | 598/638 kB | 90/164 kB
Progress (4): 3.0/3.1 MB | 303/614 kB | 598/638 kB | 90/164 kB
Progress (4): 3.0/3.1 MB | 303/614 kB | 598/638 kB | 90/164 kB
Progress (4): 3.0/3.1 MB | 303/614 kB | 598/638 kB | 106/164 kB
Progress (4): 3.0/3.1 MB | 303/614 kB | 598/638 kB | 106/164 kB
Progress (4): 3.0/3.1 MB | 303/614 kB | 598/638 kB | 106/164 kB
Progress (4): 3.0/3.1 MB | 303/614 kB | 598/638 kB | 106/164 kB
Progress (4): 3.0/3.1 MB | 319/614 kB | 598/638 kB | 106/164 kB
Progress (4): 3.1/3.1 MB | 319/614 kB | 598/638 kB | 106/164 kB
Progress (4): 3.1/3.1 MB | 319/614 kB | 598/638 kB | 122/164 kB
Progress (5): 3.1/3.1 MB | 319/614 kB | 598/638 kB | 122/164 kB | 7.7/44 kB
Progress (5): 3.1/3.1 MB | 319/614 kB | 598/638 kB | 122/164 kB | 15/44 kB 
Progress (5): 3.1/3.1 MB | 319/614 kB | 598/638 kB | 122/164 kB | 15/44 kB
Progress (5): 3.1/3.1 MB | 319/614 kB | 598/638 kB | 122/164 kB | 15/44 kB
Progress (5): 3.1/3.1 MB | 319/614 kB | 614/638 kB | 122/164 kB | 15/44 kB
Progress (5): 3.1/3.1 MB | 319/614 kB | 614/638 kB | 139/164 kB | 15/44 kB
Progress (5): 3.1/3.1 MB | 319/614 kB | 614/638 kB | 139/164 kB | 15/44 kB
Progress (5): 3.1/3.1 MB | 319/614 kB | 614/638 kB | 139/164 kB | 32/44 kB
Progress (5): 3.1/3.1 MB | 319/614 kB | 614/638 kB | 139/164 kB | 32/44 kB
Progress (5): 3.1/3.1 MB | 319/614 kB | 614/638 kB | 139/164 kB | 32/44 kB
Progress (5): 3.1 MB | 319/614 kB | 614/638 kB | 139/164 kB | 32/44 kB    
Progress (5): 3.1 MB | 319/614 kB | 614/638 kB | 155/164 kB | 32/44 kB
Progress (5): 3.1 MB | 319/614 kB | 614/638 kB | 164 kB | 32/44 kB    
                                                                  
Downloaded from central: https://repo.maven.apache.org/maven2/biz/aQute/bnd/biz.aQute.bndlib/4.2.0/biz.aQute.bndlib-4.2.0.jar (3.1 MB at 3.6 MB/s)
Downloading from central: https://repo.maven.apache.org/maven2/org/apache/maven/maven-settings-builder/3.3.9/maven-settings-builder-3.3.9.jar
Progress (4): 319/614 kB | 614/638 kB | 164 kB | 44 kB
                                                      
Downloaded from central: https://repo.maven.apache.org/maven2/org/apache/maven/maven-model/3.3.9/maven-model-3.3.9.jar (164 kB at 187 kB/s)
Downloading from central: https://repo.maven.apache.org/maven2/org/apache/maven/maven-builder-support/3.3.9/maven-builder-support-3.3.9.jar
Downloaded from central: https://repo.maven.apache.org/maven2/org/apache/maven/maven-settings/3.3.9/maven-settings-3.3.9.jar (44 kB at 50 kB/s)
Downloading from central: https://repo.maven.apache.org/maven2/org/apache/maven/maven-repository-metadata/3.3.9/maven-repository-metadata-3.3.9.jar
Progress (2): 335/614 kB | 614/638 kB
Progress (2): 335/614 kB | 630/638 kB
Progress (2): 335/614 kB | 638 kB    
                                 
Downloaded from central: https://repo.maven.apache.org/maven2/org/apache/maven/maven-core/3.3.9/maven-core-3.3.9.jar (638 kB at 718 kB/s)
Downloading from central: https://repo.maven.apache.org/maven2/org/apache/maven/maven-artifact/3.3.9/maven-artifact-3.3.9.jar
Progress (1): 352/614 kB
Progress (1): 368/614 kB
Progress (1): 385/614 kB
Progress (1): 401/614 kB
Progress (1): 417/614 kB
Progress (1): 434/614 kB
Progress (1): 450/614 kB
Progress (1): 466/614 kB
Progress (1): 483/614 kB
Progress (1): 499/614 kB
Progress (1): 516/614 kB
Progress (1): 532/614 kB
Progress (1): 548/614 kB
Progress (1): 565/614 kB
Progress (1): 581/614 kB
Progress (1): 598/614 kB
Progress (1): 614/614 kB
Progress (1): 614 kB    
                    
Downloaded from central: https://repo.maven.apache.org/maven2/org/osgi/org.osgi.compendium/4.2.0/org.osgi.compendium-4.2.0.jar (614 kB at 603 kB/s)
Downloading from central: https://repo.maven.apache.org/maven2/org/apache/maven/maven-plugin-api/3.3.9/maven-plugin-api-3.3.9.jar
Progress (1): 3.2/27 kB
Progress (1): 20/27 kB 
Progress (1): 27 kB   
                   
Downloaded from central: https://repo.maven.apache.org/maven2/org/apache/maven/maven-repository-metadata/3.3.9/maven-repository-metadata-3.3.9.jar (27 kB at 26 kB/s)
Downloading from central: https://repo.maven.apache.org/maven2/org/apache/maven/maven-model-builder/3.3.9/maven-model-builder-3.3.9.jar
Progress (1): 7.7/15 kB
Progress (1): 15 kB    
                   
Downloaded from central: https://repo.maven.apache.org/maven2/org/apache/maven/maven-builder-support/3.3.9/maven-builder-support-3.3.9.jar (15 kB at 14 kB/s)
Downloading from central: https://repo.maven.apache.org/maven2/com/google/guava/guava/18.0/guava-18.0.jar
Progress (1): 7.7/43 kB
Progress (1): 15/43 kB 
Progress (1): 32/43 kB
Progress (1): 43 kB   
                   
Downloaded from central: https://repo.maven.apache.org/maven2/org/apache/maven/maven-settings-builder/3.3.9/maven-settings-builder-3.3.9.jar (43 kB at 39 kB/s)
Downloading from central: https://repo.maven.apache.org/maven2/org/apache/maven/maven-aether-provider/3.3.9/maven-aether-provider-3.3.9.jar
Progress (1): 7.7/55 kB
Progress (1): 16/55 kB 
Progress (2): 16/55 kB | 8.2/177 kB
Progress (2): 16/55 kB | 16/177 kB 
Progress (3): 16/55 kB | 16/177 kB | 7.7/47 kB
Progress (3): 16/55 kB | 16/177 kB | 12/47 kB 
Progress (3): 16/55 kB | 33/177 kB | 12/47 kB
Progress (3): 16/55 kB | 33/177 kB | 29/47 kB
Progress (3): 16/55 kB | 49/177 kB | 29/47 kB
Progress (3): 16/55 kB | 66/177 kB | 29/47 kB
Progress (3): 16/55 kB | 82/177 kB | 29/47 kB
Progress (3): 16/55 kB | 98/177 kB | 29/47 kB
Progress (3): 16/55 kB | 98/177 kB | 45/47 kB
Progress (3): 16/55 kB | 98/177 kB | 47 kB   
Progress (3): 16/55 kB | 115/177 kB | 47 kB
                                           
Downloaded from central: https://repo.maven.apache.org/maven2/org/apache/maven/maven-plugin-api/3.3.9/maven-plugin-api-3.3.9.jar (47 kB at 38 kB/s)
Downloading from central: https://repo.maven.apache.org/maven2/org/eclipse/aether/aether-spi/1.0.2.v20150114/aether-spi-1.0.2.v20150114.jar
Progress (2): 16/55 kB | 131/177 kB
Progress (2): 16/55 kB | 147/177 kB
Progress (2): 16/55 kB | 164/177 kB
Progress (2): 16/55 kB | 177 kB    
                               
Downloaded from central: https://repo.maven.apache.org/maven2/org/apache/maven/maven-model-builder/3.3.9/maven-model-builder-3.3.9.jar (177 kB at 141 kB/s)
Downloading from central: https://repo.maven.apache.org/maven2/org/eclipse/aether/aether-impl/1.0.2.v20150114/aether-impl-1.0.2.v20150114.jar
Progress (1): 32/55 kB
Progress (1): 49/55 kB
Progress (1): 55 kB   
                   
Downloaded from central: https://repo.maven.apache.org/maven2/org/apache/maven/maven-artifact/3.3.9/maven-artifact-3.3.9.jar (55 kB at 43 kB/s)
Downloading from central: https://repo.maven.apache.org/maven2/org/eclipse/aether/aether-api/1.0.2.v20150114/aether-api-1.0.2.v20150114.jar
Progress (1): 0/2.3 MB
Progress (1): 0/2.3 MB
Progress (1): 0/2.3 MB
Progress (1): 0/2.3 MB
Progress (1): 0.1/2.3 MB
Progress (1): 0.1/2.3 MB
Progress (2): 0.1/2.3 MB | 7.7/67 kB
Progress (2): 0.1/2.3 MB | 15/67 kB 
Progress (2): 0.1/2.3 MB | 15/67 kB
Progress (2): 0.1/2.3 MB | 32/67 kB
Progress (2): 0.1/2.3 MB | 32/67 kB
Progress (2): 0.1/2.3 MB | 32/67 kB
Progress (2): 0.1/2.3 MB | 48/67 kB
Progress (2): 0.1/2.3 MB | 48/67 kB
Progress (2): 0.1/2.3 MB | 65/67 kB
Progress (2): 0.1/2.3 MB | 67 kB   
Progress (2): 0.2/2.3 MB | 67 kB
                                
Downloaded from central: https://repo.maven.apache.org/maven2/org/apache/maven/maven-aether-provider/3.3.9/maven-aether-provider-3.3.9.jar (67 kB at 50 kB/s)
Downloading from central: https://repo.maven.apache.org/maven2/org/eclipse/aether/aether-util/1.0.2.v20150114/aether-util-1.0.2.v20150114.jar
Progress (1): 0.2/2.3 MB
Progress (1): 0.2/2.3 MB
Progress (1): 0.2/2.3 MB
Progress (1): 0.2/2.3 MB
Progress (1): 0.2/2.3 MB
Progress (1): 0.3/2.3 MB
Progress (1): 0.3/2.3 MB
Progress (1): 0.3/2.3 MB
Progress (1): 0.3/2.3 MB
Progress (1): 0.3/2.3 MB
Progress (1): 0.3/2.3 MB
Progress (1): 0.4/2.3 MB
Progress (1): 0.4/2.3 MB
Progress (1): 0.4/2.3 MB
Progress (1): 0.4/2.3 MB
Progress (1): 0.4/2.3 MB
Progress (1): 0.4/2.3 MB
Progress (1): 0.5/2.3 MB
Progress (1): 0.5/2.3 MB
Progress (1): 0.5/2.3 MB
Progress (1): 0.5/2.3 MB
Progress (1): 0.5/2.3 MB
Progress (1): 0.5/2.3 MB
Progress (1): 0.6/2.3 MB
Progress (1): 0.6/2.3 MB
Progress (1): 0.6/2.3 MB
Progress (1): 0.6/2.3 MB
Progress (1): 0.6/2.3 MB
Progress (1): 0.6/2.3 MB
Progress (1): 0.7/2.3 MB
Progress (1): 0.7/2.3 MB
Progress (1): 0.7/2.3 MB
Progress (1): 0.7/2.3 MB
Progress (1): 0.7/2.3 MB
Progress (1): 0.7/2.3 MB
Progress (1): 0.8/2.3 MB
Progress (1): 0.8/2.3 MB
Progress (1): 0.8/2.3 MB
Progress (2): 0.8/2.3 MB | 7.7/173 kB
Progress (2): 0.8/2.3 MB | 16/173 kB 
Progress (2): 0.8/2.3 MB | 24/173 kB
Progress (2): 0.8/2.3 MB | 40/173 kB
Progress (2): 0.8/2.3 MB | 40/173 kB
Progress (2): 0.8/2.3 MB | 57/173 kB
Progress (2): 0.8/2.3 MB | 73/173 kB
Progress (2): 0.8/2.3 MB | 90/173 kB
Progress (2): 0.8/2.3 MB | 90/173 kB
Progress (2): 0.8/2.3 MB | 106/173 kB
Progress (2): 0.8/2.3 MB | 122/173 kB
Progress (2): 0.8/2.3 MB | 139/173 kB
Progress (2): 0.8/2.3 MB | 155/173 kB
Progress (2): 0.8/2.3 MB | 172/173 kB
Progress (2): 0.8/2.3 MB | 173 kB    
                                 
Downloaded from central: https://repo.maven.apache.org/maven2/org/eclipse/aether/aether-impl/1.0.2.v20150114/aether-impl-1.0.2.v20150114.jar (173 kB at 119 kB/s)
Downloading from central: https://repo.maven.apache.org/maven2/org/eclipse/sisu/org.eclipse.sisu.plexus/0.3.2/org.eclipse.sisu.plexus-0.3.2.jar
Progress (1): 0.8/2.3 MB
Progress (1): 0.9/2.3 MB
Progress (2): 0.9/2.3 MB | 3.2/31 kB
Progress (2): 0.9/2.3 MB | 3.2/31 kB
Progress (2): 0.9/2.3 MB | 20/31 kB 
Progress (2): 0.9/2.3 MB | 20/31 kB
Progress (2): 0.9/2.3 MB | 31 kB   
                                
Downloaded from central: https://repo.maven.apache.org/maven2/org/eclipse/aether/aether-spi/1.0.2.v20150114/aether-spi-1.0.2.v20150114.jar (31 kB at 21 kB/s)
Downloading from central: https://repo.maven.apache.org/maven2/javax/enterprise/cdi-api/1.0/cdi-api-1.0.jar
Progress (1): 0.9/2.3 MB
Progress (1): 0.9/2.3 MB
Progress (1): 0.9/2.3 MB
Progress (1): 1.0/2.3 MB
Progress (1): 1.0/2.3 MB
Progress (1): 1.0/2.3 MB
Progress (2): 1.0/2.3 MB | 7.7/136 kB
Progress (2): 1.0/2.3 MB | 7.7/136 kB
Progress (2): 1.0/2.3 MB | 7.7/136 kB
Progress (2): 1.0/2.3 MB | 24/136 kB 
Progress (2): 1.0/2.3 MB | 24/136 kB
Progress (2): 1.0/2.3 MB | 24/136 kB
Progress (2): 1.0/2.3 MB | 40/136 kB
Progress (2): 1.0/2.3 MB | 40/136 kB
Progress (2): 1.0/2.3 MB | 57/136 kB
Progress (2): 1.1/2.3 MB | 57/136 kB
Progress (2): 1.1/2.3 MB | 73/136 kB
Progress (2): 1.1/2.3 MB | 73/136 kB
Progress (2): 1.1/2.3 MB | 90/136 kB
Progress (2): 1.1/2.3 MB | 90/136 kB
Progress (2): 1.1/2.3 MB | 106/136 kB
Progress (2): 1.1/2.3 MB | 106/136 kB
Progress (2): 1.1/2.3 MB | 122/136 kB
Progress (2): 1.1/2.3 MB | 122/136 kB
Progress (2): 1.1/2.3 MB | 136 kB    
                                 
Downloaded from central: https://repo.maven.apache.org/maven2/org/eclipse/aether/aether-api/1.0.2.v20150114/aether-api-1.0.2.v20150114.jar (136 kB at 89 kB/s)
Downloading from central: https://repo.maven.apache.org/maven2/javax/annotation/jsr250-api/1.0/jsr250-api-1.0.jar
Progress (1): 1.1/2.3 MB
Progress (1): 1.2/2.3 MB
Progress (1): 1.2/2.3 MB
Progress (1): 1.2/2.3 MB
Progress (2): 1.2/2.3 MB | 7.7/147 kB
Progress (2): 1.2/2.3 MB | 16/147 kB 
Progress (2): 1.2/2.3 MB | 16/147 kB
Progress (2): 1.2/2.3 MB | 32/147 kB
Progress (2): 1.2/2.3 MB | 32/147 kB
Progress (2): 1.2/2.3 MB | 32/147 kB
Progress (2): 1.2/2.3 MB | 49/147 kB
Progress (2): 1.3/2.3 MB | 49/147 kB
Progress (2): 1.3/2.3 MB | 65/147 kB
Progress (2): 1.3/2.3 MB | 65/147 kB
Progress (2): 1.3/2.3 MB | 65/147 kB
Progress (2): 1.3/2.3 MB | 81/147 kB
Progress (2): 1.3/2.3 MB | 81/147 kB
Progress (2): 1.3/2.3 MB | 98/147 kB
Progress (2): 1.3/2.3 MB | 98/147 kB
Progress (2): 1.3/2.3 MB | 114/147 kB
Progress (2): 1.3/2.3 MB | 114/147 kB
Progress (2): 1.4/2.3 MB | 114/147 kB
Progress (2): 1.4/2.3 MB | 131/147 kB
Progress (2): 1.4/2.3 MB | 131/147 kB
Progress (2): 1.4/2.3 MB | 147 kB    
Progress (2): 1.4/2.3 MB | 147 kB
                                 
Downloaded from central: https://repo.maven.apache.org/maven2/org/eclipse/aether/aether-util/1.0.2.v20150114/aether-util-1.0.2.v20150114.jar (147 kB at 93 kB/s)
Downloading from central: https://repo.maven.apache.org/maven2/org/eclipse/sisu/org.eclipse.sisu.inject/0.3.2/org.eclipse.sisu.inject-0.3.2.jar
Progress (1): 1.4/2.3 MB
Progress (1): 1.4/2.3 MB
Progress (1): 1.4/2.3 MB
Progress (1): 1.5/2.3 MB
Progress (1): 1.5/2.3 MB
Progress (1): 1.5/2.3 MB
Progress (1): 1.5/2.3 MB
Progress (1): 1.5/2.3 MB
Progress (1): 1.5/2.3 MB
Progress (1): 1.6/2.3 MB
Progress (1): 1.6/2.3 MB
Progress (1): 1.6/2.3 MB
Progress (1): 1.6/2.3 MB
Progress (1): 1.6/2.3 MB
Progress (1): 1.6/2.3 MB
Progress (1): 1.7/2.3 MB
Progress (1): 1.7/2.3 MB
Progress (1): 1.7/2.3 MB
Progress (1): 1.7/2.3 MB
Progress (1): 1.7/2.3 MB
Progress (1): 1.7/2.3 MB
Progress (2): 1.7/2.3 MB | 7.7/205 kB
Progress (2): 1.7/2.3 MB | 11/205 kB 
Progress (2): 1.8/2.3 MB | 11/205 kB
Progress (2): 1.8/2.3 MB | 28/205 kB
Progress (2): 1.8/2.3 MB | 44/205 kB
Progress (2): 1.8/2.3 MB | 61/205 kB
Progress (2): 1.8/2.3 MB | 77/205 kB
Progress (2): 1.8/2.3 MB | 77/205 kB
Progress (2): 1.8/2.3 MB | 93/205 kB
Progress (2): 1.8/2.3 MB | 110/205 kB
Progress (2): 1.8/2.3 MB | 110/205 kB
Progress (2): 1.8/2.3 MB | 126/205 kB
Progress (2): 1.8/2.3 MB | 142/205 kB
Progress (2): 1.8/2.3 MB | 159/205 kB
Progress (2): 1.8/2.3 MB | 159/205 kB
Progress (2): 1.8/2.3 MB | 175/205 kB
Progress (2): 1.8/2.3 MB | 192/205 kB
Progress (2): 1.8/2.3 MB | 205 kB    
Progress (2): 1.8/2.3 MB | 205 kB
                                 
Downloaded from central: https://repo.maven.apache.org/maven2/org/eclipse/sisu/org.eclipse.sisu.plexus/0.3.2/org.eclipse.sisu.plexus-0.3.2.jar (205 kB at 125 kB/s)
Downloading from central: https://repo.maven.apache.org/maven2/com/google/inject/guice/4.0/guice-4.0-no_aop.jar
Progress (1): 1.8/2.3 MB
Progress (1): 1.9/2.3 MB
Progress (1): 1.9/2.3 MB
Progress (1): 1.9/2.3 MB
Progress (1): 1.9/2.3 MB
Progress (1): 1.9/2.3 MB
Progress (1): 1.9/2.3 MB
Progress (1): 1.9/2.3 MB
Progress (1): 2.0/2.3 MB
Progress (1): 2.0/2.3 MB
Progress (1): 2.0/2.3 MB
Progress (1): 2.0/2.3 MB
Progress (1): 2.0/2.3 MB
Progress (1): 2.0/2.3 MB
Progress (1): 2.1/2.3 MB
Progress (1): 2.1/2.3 MB
Progress (1): 2.1/2.3 MB
Progress (1): 2.1/2.3 MB
Progress (1): 2.1/2.3 MB
Progress (1): 2.1/2.3 MB
Progress (1): 2.2/2.3 MB
Progress (1): 2.2/2.3 MB
Progress (1): 2.2/2.3 MB
Progress (1): 2.2/2.3 MB
Progress (1): 2.2/2.3 MB
Progress (1): 2.2/2.3 MB
Progress (1): 2.3/2.3 MB
Progress (1): 2.3 MB    
                    
Downloaded from central: https://repo.maven.apache.org/maven2/com/google/guava/guava/18.0/guava-18.0.jar (2.3 MB at 1.3 MB/s)
Downloading from central: https://repo.maven.apache.org/maven2/aopalliance/aopalliance/1.0/aopalliance-1.0.jar
Progress (1): 7.7/45 kB
Progress (1): 16/45 kB 
Progress (1): 24/45 kB
Progress (1): 40/45 kB
Progress (1): 45 kB   
                   
Downloaded from central: https://repo.maven.apache.org/maven2/javax/enterprise/cdi-api/1.0/cdi-api-1.0.jar (45 kB at 26 kB/s)
Downloading from central: https://repo.maven.apache.org/maven2/org/codehaus/plexus/plexus-interpolation/1.21/plexus-interpolation-1.21.jar
Progress (1): 5.8 kB
                    
Downloaded from central: https://repo.maven.apache.org/maven2/javax/annotation/jsr250-api/1.0/jsr250-api-1.0.jar (5.8 kB at 3.3 kB/s)
Downloading from central: https://repo.maven.apache.org/maven2/org/codehaus/plexus/plexus-classworlds/2.5.2/plexus-classworlds-2.5.2.jar
Progress (1): 7.7/378 kB
Progress (1): 16/378 kB 
Progress (1): 32/378 kB
Progress (1): 49/378 kB
Progress (1): 61/378 kB
Progress (1): 77/378 kB
Progress (1): 93/378 kB
Progress (1): 110/378 kB
Progress (1): 126/378 kB
Progress (1): 142/378 kB
Progress (2): 142/378 kB | 4.1/424 kB
Progress (2): 142/378 kB | 20/424 kB 
Progress (2): 142/378 kB | 37/424 kB
Progress (2): 159/378 kB | 37/424 kB
Progress (2): 159/378 kB | 53/424 kB
Progress (2): 159/378 kB | 70/424 kB
Progress (2): 159/378 kB | 86/424 kB
Progress (2): 159/378 kB | 102/424 kB
Progress (2): 159/378 kB | 119/424 kB
Progress (2): 159/378 kB | 127/424 kB
Progress (2): 175/378 kB | 127/424 kB
Progress (2): 175/378 kB | 143/424 kB
Progress (2): 175/378 kB | 160/424 kB
Progress (2): 175/378 kB | 176/424 kB
Progress (2): 175/378 kB | 180/424 kB
Progress (2): 175/378 kB | 197/424 kB
Progress (2): 175/378 kB | 213/424 kB
Progress (2): 175/378 kB | 229/424 kB
Progress (2): 192/378 kB | 229/424 kB
Progress (2): 192/378 kB | 246/424 kB
Progress (2): 192/378 kB | 262/424 kB
Progress (2): 192/378 kB | 279/424 kB
Progress (2): 192/378 kB | 295/424 kB
Progress (2): 192/378 kB | 311/424 kB
Progress (2): 192/378 kB | 328/424 kB
Progress (2): 208/378 kB | 328/424 kB
Progress (2): 208/378 kB | 344/424 kB
Progress (2): 208/378 kB | 360/424 kB
Progress (2): 208/378 kB | 377/424 kB
Progress (2): 208/378 kB | 393/424 kB
Progress (2): 208/378 kB | 410/424 kB
Progress (2): 224/378 kB | 410/424 kB
Progress (2): 224/378 kB | 424 kB    
                                 
Downloaded from central: https://repo.maven.apache.org/maven2/com/google/inject/guice/4.0/guice-4.0-no_aop.jar (424 kB at 228 kB/s)
Downloading from central: https://repo.maven.apache.org/maven2/org/codehaus/plexus/plexus-component-annotations/1.6/plexus-component-annotations-1.6.jar
Progress (1): 241/378 kB
Progress (1): 257/378 kB
Progress (1): 274/378 kB
Progress (1): 290/378 kB
Progress (1): 306/378 kB
Progress (1): 323/378 kB
Progress (1): 339/378 kB
Progress (1): 355/378 kB
Progress (1): 372/378 kB
Progress (2): 372/378 kB | 4.5 kB
Progress (2): 378 kB | 4.5 kB    
                             
Downloaded from central: https://repo.maven.apache.org/maven2/aopalliance/aopalliance/1.0/aopalliance-1.0.jar (4.5 kB at 2.4 kB/s)
Downloading from central: https://repo.maven.apache.org/maven2/org/apache/commons/commons-lang3/3.4/commons-lang3-3.4.jar
Downloaded from central: https://repo.maven.apache.org/maven2/org/eclipse/sisu/org.eclipse.sisu.inject/0.3.2/org.eclipse.sisu.inject-0.3.2.jar (378 kB at 199 kB/s)
Downloading from central: https://repo.maven.apache.org/maven2/org/apache/maven/maven-compat/3.3.9/maven-compat-3.3.9.jar
Progress (1): 7.7/62 kB
Progress (1): 16/62 kB 
Progress (1): 32/62 kB
Progress (1): 49/62 kB
Progress (1): 62 kB   
                   
Downloaded from central: https://repo.maven.apache.org/maven2/org/codehaus/plexus/plexus-interpolation/1.21/plexus-interpolation-1.21.jar (62 kB at 32 kB/s)
Downloading from central: https://repo.maven.apache.org/maven2/org/apache/maven/wagon/wagon-provider-api/2.10/wagon-provider-api-2.10.jar
Progress (1): 7.7/53 kB
Progress (1): 14/53 kB 
Progress (1): 30/53 kB
Progress (1): 47/53 kB
Progress (1): 53 kB   
                   
Downloaded from central: https://repo.maven.apache.org/maven2/org/codehaus/plexus/plexus-classworlds/2.5.2/plexus-classworlds-2.5.2.jar (53 kB at 26 kB/s)
Downloading from central: https://repo.maven.apache.org/maven2/org/apache/maven/reporting/maven-reporting-api/3.0/maven-reporting-api-3.0.jar
Progress (1): 4.3 kB
                    
Downloaded from central: https://repo.maven.apache.org/maven2/org/codehaus/plexus/plexus-component-annotations/1.6/plexus-component-annotations-1.6.jar (4.3 kB at 2.1 kB/s)
Downloading from central: https://repo.maven.apache.org/maven2/org/apache/maven/maven-archiver/2.6/maven-archiver-2.6.jar
Progress (1): 7.7/290 kB
Progress (1): 16/290 kB 
Progress (1): 24/290 kB
Progress (1): 40/290 kB
Progress (1): 57/290 kB
Progress (1): 73/290 kB
Progress (1): 90/290 kB
Progress (1): 106/290 kB
Progress (1): 122/290 kB
Progress (1): 139/290 kB
Progress (1): 155/290 kB
Progress (1): 164/290 kB
Progress (1): 180/290 kB
Progress (1): 197/290 kB
Progress (1): 213/290 kB
Progress (1): 229/290 kB
Progress (1): 246/290 kB
Progress (1): 262/290 kB
Progress (1): 279/290 kB
Progress (1): 290 kB    
                    
Downloaded from central: https://repo.maven.apache.org/maven2/org/apache/maven/maven-compat/3.3.9/maven-compat-3.3.9.jar (290 kB at 137 kB/s)
Downloading from central: https://repo.maven.apache.org/maven2/org/apache/maven/shared/maven-shared-utils/0.7/maven-shared-utils-0.7.jar
Progress (1): 8.2/435 kB
Progress (1): 25/435 kB 
Progress (1): 33/435 kB
Progress (1): 49/435 kB
Progress (1): 66/435 kB
Progress (1): 82/435 kB
Progress (1): 98/435 kB
Progress (1): 115/435 kB
Progress (1): 131/435 kB
Progress (1): 147/435 kB
Progress (1): 164/435 kB
Progress (1): 180/435 kB
Progress (1): 197/435 kB
Progress (1): 213/435 kB
Progress (2): 213/435 kB | 7.7/54 kB
Progress (2): 213/435 kB | 16/54 kB 
Progress (2): 229/435 kB | 16/54 kB
Progress (2): 229/435 kB | 32/54 kB
Progress (2): 229/435 kB | 49/54 kB
Progress (2): 229/435 kB | 54 kB   
Progress (2): 246/435 kB | 54 kB
                                
Downloaded from central: https://repo.maven.apache.org/maven2/org/apache/maven/wagon/wagon-provider-api/2.10/wagon-provider-api-2.10.jar (54 kB at 25 kB/s)
Downloading from central: https://repo.maven.apache.org/maven2/org/codehaus/plexus/plexus-archiver/2.8.1/plexus-archiver-2.8.1.jar
Progress (1): 262/435 kB
Progress (1): 279/435 kB
Progress (1): 295/435 kB
Progress (1): 311/435 kB
Progress (1): 328/435 kB
Progress (1): 344/435 kB
Progress (1): 360/435 kB
Progress (1): 377/435 kB
Progress (1): 393/435 kB
Progress (1): 410/435 kB
Progress (1): 426/435 kB
Progress (1): 435 kB    
                    
Downloaded from central: https://repo.maven.apache.org/maven2/org/apache/commons/commons-lang3/3.4/commons-lang3-3.4.jar (435 kB at 195 kB/s)
Downloading from central: https://repo.maven.apache.org/maven2/org/codehaus/plexus/plexus-io/2.3.2/plexus-io-2.3.2.jar
Progress (1): 7.7/11 kB
Progress (1): 7.7/11 kB
Progress (1): 11 kB    
                   
Downloaded from central: https://repo.maven.apache.org/maven2/org/apache/maven/reporting/maven-reporting-api/3.0/maven-reporting-api-3.0.jar (11 kB at 4.9 kB/s)
Downloading from central: https://repo.maven.apache.org/maven2/org/apache/commons/commons-compress/1.9/commons-compress-1.9.jar
Progress (1): 7.7/23 kB
Progress (1): 7.7/23 kB
Progress (1): 23 kB    
                   
Downloaded from central: https://repo.maven.apache.org/maven2/org/apache/maven/maven-archiver/2.6/maven-archiver-2.6.jar (23 kB at 10 kB/s)
Downloading from central: https://repo.maven.apache.org/maven2/org/apache/maven/shared/maven-dependency-tree/2.1/maven-dependency-tree-2.1.jar
Progress (1): 7.7/170 kB
Progress (1): 16/170 kB 
Progress (1): 32/170 kB
Progress (1): 49/170 kB
Progress (1): 65/170 kB
Progress (1): 81/170 kB
Progress (1): 98/170 kB
Progress (1): 114/170 kB
Progress (1): 131/170 kB
Progress (1): 147/170 kB
Progress (1): 163/170 kB
Progress (1): 170 kB    
                    
Downloaded from central: https://repo.maven.apache.org/maven2/org/apache/maven/shared/maven-shared-utils/0.7/maven-shared-utils-0.7.jar (170 kB at 73 kB/s)
Downloading from central: https://repo.maven.apache.org/maven2/org/apache/maven/maven-project/2.2.0/maven-project-2.2.0.jar
Progress (1): 7.7/143 kB
Progress (1): 16/143 kB 
Progress (1): 32/143 kB
Progress (1): 49/143 kB
Progress (1): 65/143 kB
Progress (1): 81/143 kB
Progress (1): 98/143 kB
Progress (1): 114/143 kB
Progress (1): 131/143 kB
Progress (1): 143 kB    
                    
Downloaded from central: https://repo.maven.apache.org/maven2/org/codehaus/plexus/plexus-archiver/2.8.1/plexus-archiver-2.8.1.jar (143 kB at 59 kB/s)
Downloading from central: https://repo.maven.apache.org/maven2/org/apache/maven/maven-profile/2.2.0/maven-profile-2.2.0.jar
Progress (1): 8.2/60 kB
Progress (1): 25/60 kB 
Progress (1): 41/60 kB
Progress (1): 57/60 kB
Progress (1): 60 kB   
                   
Downloaded from central: https://repo.maven.apache.org/maven2/org/apache/maven/shared/maven-dependency-tree/2.1/maven-dependency-tree-2.1.jar (60 kB at 25 kB/s)
Downloading from central: https://repo.maven.apache.org/maven2/org/apache/maven/maven-artifact-manager/2.2.0/maven-artifact-manager-2.2.0.jar
Progress (1): 7.7/74 kB
Progress (1): 11/74 kB 
Progress (1): 28/74 kB
Progress (1): 44/74 kB
Progress (1): 61/74 kB
Progress (1): 74 kB   
                   
Downloaded from central: https://repo.maven.apache.org/maven2/org/codehaus/plexus/plexus-io/2.3.2/plexus-io-2.3.2.jar (74 kB at 30 kB/s)
Downloading from central: https://repo.maven.apache.org/maven2/backport-util-concurrent/backport-util-concurrent/3.1/backport-util-concurrent-3.1.jar
Progress (1): 7.7/378 kB
Progress (1): 16/378 kB 
Progress (1): 32/378 kB
Progress (1): 48/378 kB
Progress (1): 65/378 kB
Progress (1): 81/378 kB
Progress (1): 97/378 kB
Progress (2): 97/378 kB | 3.2/156 kB
Progress (2): 97/378 kB | 20/156 kB 
Progress (3): 97/378 kB | 20/156 kB | 7.7/65 kB
Progress (3): 97/378 kB | 20/156 kB | 11/65 kB 
Progress (3): 97/378 kB | 20/156 kB | 28/65 kB
Progress (3): 97/378 kB | 20/156 kB | 44/65 kB
Progress (3): 97/378 kB | 20/156 kB | 61/65 kB
Progress (3): 97/378 kB | 20/156 kB | 65 kB   
                                           
Downloaded from central: https://repo.maven.apache.org/maven2/org/apache/maven/maven-artifact-manager/2.2.0/maven-artifact-manager-2.2.0.jar (65 kB at 25 kB/s)
Downloading from central: https://repo.maven.apache.org/maven2/org/apache/maven/maven-plugin-registry/2.2.0/maven-plugin-registry-2.2.0.jar
Progress (3): 97/378 kB | 20/156 kB | 7.7/35 kB
Progress (3): 97/378 kB | 20/156 kB | 16/35 kB 
Progress (3): 97/378 kB | 20/156 kB | 24/35 kB
Progress (3): 97/378 kB | 20/156 kB | 35 kB   
                                           
Downloaded from central: https://repo.maven.apache.org/maven2/org/apache/maven/maven-profile/2.2.0/maven-profile-2.2.0.jar (35 kB at 13 kB/s)
Downloading from central: https://repo.maven.apache.org/maven2/org/codehaus/plexus/plexus-utils/3.0.10/plexus-utils-3.0.10.jar
Progress (3): 97/378 kB | 20/156 kB | 3.1/332 kB
Progress (3): 114/378 kB | 20/156 kB | 3.1/332 kB
Progress (3): 114/378 kB | 20/156 kB | 20/332 kB 
Progress (3): 130/378 kB | 20/156 kB | 20/332 kB
Progress (3): 130/378 kB | 20/156 kB | 36/332 kB
Progress (3): 147/378 kB | 20/156 kB | 36/332 kB
Progress (3): 147/378 kB | 20/156 kB | 52/332 kB
Progress (3): 163/378 kB | 20/156 kB | 52/332 kB
Progress (3): 179/378 kB | 20/156 kB | 52/332 kB
Progress (3): 179/378 kB | 20/156 kB | 69/332 kB
Progress (3): 196/378 kB | 20/156 kB | 69/332 kB
Progress (3): 196/378 kB | 20/156 kB | 85/332 kB
Progress (3): 212/378 kB | 20/156 kB | 85/332 kB
Progress (3): 228/378 kB | 20/156 kB | 85/332 kB
Progress (3): 228/378 kB | 20/156 kB | 101/332 kB
Progress (3): 228/378 kB | 20/156 kB | 118/332 kB
Progress (3): 245/378 kB | 20/156 kB | 118/332 kB
Progress (3): 245/378 kB | 28/156 kB | 118/332 kB
Progress (3): 245/378 kB | 44/156 kB | 118/332 kB
Progress (3): 261/378 kB | 44/156 kB | 118/332 kB
Progress (3): 278/378 kB | 44/156 kB | 118/332 kB
Progress (3): 278/378 kB | 61/156 kB | 118/332 kB
Progress (3): 278/378 kB | 61/156 kB | 134/332 kB
Progress (3): 294/378 kB | 61/156 kB | 134/332 kB
Progress (3): 294/378 kB | 77/156 kB | 134/332 kB
Progress (3): 310/378 kB | 77/156 kB | 134/332 kB
Progress (3): 310/378 kB | 93/156 kB | 134/332 kB
Progress (3): 310/378 kB | 110/156 kB | 134/332 kB
Progress (3): 310/378 kB | 110/156 kB | 151/332 kB
Progress (3): 310/378 kB | 126/156 kB | 151/332 kB
Progress (3): 310/378 kB | 142/156 kB | 151/332 kB
Progress (3): 310/378 kB | 156 kB | 151/332 kB    
                                              
Downloaded from central: https://repo.maven.apache.org/maven2/org/apache/maven/maven-project/2.2.0/maven-project-2.2.0.jar (156 kB at 58 kB/s)
Downloading from central: https://repo.maven.apache.org/maven2/org/apache/maven/doxia/doxia-sink-api/1.0/doxia-sink-api-1.0.jar
Progress (2): 310/378 kB | 167/332 kB
Progress (2): 327/378 kB | 167/332 kB
Progress (2): 327/378 kB | 183/332 kB
Progress (2): 327/378 kB | 200/332 kB
Progress (2): 343/378 kB | 200/332 kB
Progress (2): 360/378 kB | 200/332 kB
Progress (2): 376/378 kB | 200/332 kB
Progress (2): 378 kB | 200/332 kB    
Progress (2): 378 kB | 216/332 kB
                                 
Downloaded from central: https://repo.maven.apache.org/maven2/org/apache/commons/commons-compress/1.9/commons-compress-1.9.jar (378 kB at 139 kB/s)
Downloading from central: https://repo.maven.apache.org/maven2/org/apache/maven/doxia/doxia-site-renderer/1.0/doxia-site-renderer-1.0.jar
Progress (1): 233/332 kB
Progress (1): 249/332 kB
Progress (1): 265/332 kB
Progress (1): 282/332 kB
Progress (1): 298/332 kB
Progress (1): 314/332 kB
Progress (1): 331/332 kB
Progress (1): 332 kB    
                    
Downloaded from central: https://repo.maven.apache.org/maven2/backport-util-concurrent/backport-util-concurrent/3.1/backport-util-concurrent-3.1.jar (332 kB at 121 kB/s)
Downloading from central: https://repo.maven.apache.org/maven2/org/apache/maven/doxia/doxia-core/1.0/doxia-core-1.0.jar
Progress (1): 7.7/30 kB
Progress (1): 16/30 kB 
Progress (1): 29/30 kB
Progress (1): 30 kB   
                   
Downloaded from central: https://repo.maven.apache.org/maven2/org/apache/maven/maven-plugin-registry/2.2.0/maven-plugin-registry-2.2.0.jar (30 kB at 11 kB/s)
Downloading from central: https://repo.maven.apache.org/maven2/org/codehaus/plexus/plexus-i18n/1.0-beta-7/plexus-i18n-1.0-beta-7.jar
Progress (1): 7.7/231 kB
Progress (1): 16/231 kB 
Progress (1): 32/231 kB
Progress (1): 49/231 kB
Progress (1): 65/231 kB
Progress (1): 81/231 kB
Progress (1): 98/231 kB
Progress (1): 114/231 kB
Progress (1): 131/231 kB
Progress (1): 147/231 kB
Progress (1): 163/231 kB
Progress (1): 180/231 kB
Progress (1): 196/231 kB
Progress (1): 212/231 kB
Progress (1): 229/231 kB
Progress (1): 231 kB    
                    
Downloaded from central: https://repo.maven.apache.org/maven2/org/codehaus/plexus/plexus-utils/3.0.10/plexus-utils-3.0.10.jar (231 kB at 79 kB/s)
Downloading from central: https://repo.maven.apache.org/maven2/org/codehaus/plexus/plexus-container-default/1.0-alpha-30/plexus-container-default-1.0-alpha-30.jar
Progress (1): 7.7/10 kB
Progress (1): 10 kB    
                   
Downloaded from central: https://repo.maven.apache.org/maven2/org/apache/maven/doxia/doxia-sink-api/1.0/doxia-sink-api-1.0.jar (10 kB at 3.4 kB/s)
Downloading from central: https://repo.maven.apache.org/maven2/junit/junit/3.8.1/junit-3.8.1.jar
Progress (1): 7.7/47 kB
Progress (1): 7.7/47 kB
Progress (1): 24/47 kB 
Progress (1): 33/47 kB
Progress (1): 47 kB   
                   
Downloaded from central: https://repo.maven.apache.org/maven2/org/apache/maven/doxia/doxia-site-renderer/1.0/doxia-site-renderer-1.0.jar (47 kB at 16 kB/s)
Downloading from central: https://repo.maven.apache.org/maven2/org/codehaus/plexus/plexus-velocity/1.1.7/plexus-velocity-1.1.7.jar
Progress (1): 7.7/55 kB
Progress (1): 16/55 kB 
Progress (1): 24/55 kB
Progress (1): 40/55 kB
Progress (1): 55 kB   
                   
Downloaded from central: https://repo.maven.apache.org/maven2/org/apache/maven/doxia/doxia-core/1.0/doxia-core-1.0.jar (55 kB at 18 kB/s)
Downloading from central: https://repo.maven.apache.org/maven2/org/apache/velocity/velocity/1.5/velocity-1.5.jar
Progress (1): 7.3/11 kB
Progress (1): 11 kB    
                   
Downloaded from central: https://repo.maven.apache.org/maven2/org/codehaus/plexus/plexus-i18n/1.0-beta-7/plexus-i18n-1.0-beta-7.jar (11 kB at 3.5 kB/s)
Downloading from central: https://repo.maven.apache.org/maven2/commons-lang/commons-lang/2.1/commons-lang-2.1.jar
Progress (1): 7.7/237 kB
Progress (1): 16/237 kB 
Progress (1): 24/237 kB
Progress (1): 40/237 kB
Progress (1): 57/237 kB
Progress (1): 73/237 kB
Progress (1): 90/237 kB
Progress (1): 106/237 kB
Progress (1): 122/237 kB
Progress (2): 122/237 kB | 7.7/121 kB
Progress (2): 122/237 kB | 7.7/121 kB
Progress (3): 122/237 kB | 7.7/121 kB | 7.7 kB
Progress (3): 122/237 kB | 24/121 kB | 7.7 kB 
Progress (3): 139/237 kB | 24/121 kB | 7.7 kB
                                             
Downloaded from central: https://repo.maven.apache.org/maven2/org/codehaus/plexus/plexus-velocity/1.1.7/plexus-velocity-1.1.7.jar (7.7 kB at 2.4 kB/s)
Downloading from central: https://repo.maven.apache.org/maven2/oro/oro/2.0.8/oro-2.0.8.jar
Progress (2): 139/237 kB | 40/121 kB
Progress (2): 139/237 kB | 57/121 kB
Progress (2): 139/237 kB | 73/121 kB
Progress (2): 155/237 kB | 73/121 kB
Progress (2): 155/237 kB | 90/121 kB
Progress (2): 155/237 kB | 106/121 kB
Progress (2): 155/237 kB | 121 kB    
                                 
Downloaded from central: https://repo.maven.apache.org/maven2/junit/junit/3.8.1/junit-3.8.1.jar (121 kB at 38 kB/s)
Downloading from central: https://repo.maven.apache.org/maven2/org/apache/maven/doxia/doxia-decoration-model/1.0/doxia-decoration-model-1.0.jar
Progress (1): 172/237 kB
Progress (1): 188/237 kB
Progress (1): 204/237 kB
Progress (1): 221/237 kB
Progress (1): 237/237 kB
Progress (1): 237 kB    
                    
Downloaded from central: https://repo.maven.apache.org/maven2/org/codehaus/plexus/plexus-container-default/1.0-alpha-30/plexus-container-default-1.0-alpha-30.jar (237 kB at 75 kB/s)
Downloading from central: https://repo.maven.apache.org/maven2/commons-collections/commons-collections/3.2/commons-collections-3.2.jar
Progress (1): 7.7/208 kB
Progress (1): 11/208 kB 
Progress (1): 28/208 kB
Progress (1): 44/208 kB
Progress (1): 61/208 kB
Progress (1): 77/208 kB
Progress (1): 93/208 kB
Progress (1): 110/208 kB
Progress (1): 126/208 kB
Progress (2): 126/208 kB | 7.7/392 kB
Progress (2): 126/208 kB | 16/392 kB 
Progress (2): 126/208 kB | 32/392 kB
Progress (2): 126/208 kB | 49/392 kB
Progress (2): 126/208 kB | 65/392 kB
Progress (2): 126/208 kB | 81/392 kB
Progress (2): 126/208 kB | 98/392 kB
Progress (2): 126/208 kB | 114/392 kB
Progress (2): 126/208 kB | 131/392 kB
Progress (2): 126/208 kB | 147/392 kB
Progress (2): 126/208 kB | 163/392 kB
Progress (2): 126/208 kB | 180/392 kB
Progress (2): 126/208 kB | 196/392 kB
Progress (2): 126/208 kB | 212/392 kB
Progress (2): 126/208 kB | 229/392 kB
Progress (2): 126/208 kB | 245/392 kB
Progress (2): 126/208 kB | 262/392 kB
Progress (2): 126/208 kB | 278/392 kB
Progress (2): 126/208 kB | 294/392 kB
Progress (2): 126/208 kB | 311/392 kB
Progress (2): 126/208 kB | 327/392 kB
Progress (2): 126/208 kB | 344/392 kB
Progress (2): 126/208 kB | 360/392 kB
Progress (2): 126/208 kB | 376/392 kB
Progress (2): 126/208 kB | 392 kB    
                                 
Downloaded from central: https://repo.maven.apache.org/maven2/org/apache/velocity/velocity/1.5/velocity-1.5.jar (392 kB at 119 kB/s)
Downloading from central: https://repo.maven.apache.org/maven2/org/apache/maven/doxia/doxia-module-apt/1.0/doxia-module-apt-1.0.jar
Progress (1): 142/208 kB
Progress (1): 159/208 kB
Progress (1): 175/208 kB
Progress (1): 192/208 kB
Progress (1): 208 kB    
                    
Downloaded from central: https://repo.maven.apache.org/maven2/commons-lang/commons-lang/2.1/commons-lang-2.1.jar (208 kB at 62 kB/s)
Downloading from central: https://repo.maven.apache.org/maven2/org/apache/maven/doxia/doxia-module-fml/1.0/doxia-module-fml-1.0.jar
Progress (1): 7.7/65 kB
Progress (1): 16/65 kB 
Progress (1): 24/65 kB
Progress (1): 40/65 kB
Progress (2): 40/65 kB | 7.7/49 kB
Progress (2): 40/65 kB | 16/49 kB 
Progress (2): 40/65 kB | 32/49 kB
Progress (2): 57/65 kB | 32/49 kB
Progress (2): 57/65 kB | 49/49 kB
Progress (2): 57/65 kB | 49 kB   
                              
Downloaded from central: https://repo.maven.apache.org/maven2/org/apache/maven/doxia/doxia-decoration-model/1.0/doxia-decoration-model-1.0.jar (49 kB at 14 kB/s)
Downloading from central: https://repo.maven.apache.org/maven2/org/apache/maven/doxia/doxia-module-xdoc/1.0/doxia-module-xdoc-1.0.jar
Progress (1): 65 kB
                   
Downloaded from central: https://repo.maven.apache.org/maven2/oro/oro/2.0.8/oro-2.0.8.jar (65 kB at 19 kB/s)
Downloading from central: https://repo.maven.apache.org/maven2/org/apache/maven/doxia/doxia-module-xhtml/1.0/doxia-module-xhtml-1.0.jar
Progress (1): 16/571 kB
Progress (1): 25/571 kB
Progress (1): 41/571 kB
Progress (1): 57/571 kB
Progress (1): 66/571 kB
Progress (1): 82/571 kB
Progress (1): 98/571 kB
Progress (1): 115/571 kB
Progress (1): 131/571 kB
Progress (1): 147/571 kB
Progress (1): 164/571 kB
Progress (1): 180/571 kB
Progress (1): 197/571 kB
Progress (1): 213/571 kB
Progress (1): 229/571 kB
Progress (1): 246/571 kB
Progress (1): 262/571 kB
Progress (1): 279/571 kB
Progress (1): 295/571 kB
Progress (1): 311/571 kB
Progress (1): 328/571 kB
Progress (1): 344/571 kB
Progress (1): 360/571 kB
Progress (1): 377/571 kB
Progress (1): 393/571 kB
Progress (1): 410/571 kB
Progress (1): 426/571 kB
Progress (1): 442/571 kB
Progress (1): 459/571 kB
Progress (2): 459/571 kB | 7.7/47 kB
Progress (2): 475/571 kB | 7.7/47 kB
Progress (2): 475/571 kB | 16/47 kB 
Progress (2): 492/571 kB | 16/47 kB
Progress (2): 492/571 kB | 32/47 kB
Progress (2): 508/571 kB | 32/47 kB
Progress (2): 508/571 kB | 47 kB   
                                
Downloaded from central: https://repo.maven.apache.org/maven2/org/apache/maven/doxia/doxia-module-apt/1.0/doxia-module-apt-1.0.jar (47 kB at 13 kB/s)
Downloading from central: https://repo.maven.apache.org/maven2/org/jdom/jdom/1.1/jdom-1.1.jar
Progress (1): 524/571 kB
Progress (1): 541/571 kB
Progress (1): 557/571 kB
Progress (1): 571 kB    
                    
Downloaded from central: https://repo.maven.apache.org/maven2/commons-collections/commons-collections/3.2/commons-collections-3.2.jar (571 kB at 162 kB/s)
Progress (1): 7.7/19 kB
Progress (1): 16/19 kB 
Progress (1): 19 kB   
                   
Downloaded from central: https://repo.maven.apache.org/maven2/org/apache/maven/doxia/doxia-module-fml/1.0/doxia-module-fml-1.0.jar (19 kB at 5.2 kB/s)
Progress (1): 7.7/22 kB
Progress (1): 16/22 kB 
Progress (1): 22 kB   
                   
Downloaded from central: https://repo.maven.apache.org/maven2/org/apache/maven/doxia/doxia-module-xhtml/1.0/doxia-module-xhtml-1.0.jar (22 kB at 6.1 kB/s)
Progress (1): 7.7/28 kB
Progress (1): 16/28 kB 
Progress (1): 24/28 kB
Progress (1): 28 kB   
                   
Downloaded from central: https://repo.maven.apache.org/maven2/org/apache/maven/doxia/doxia-module-xdoc/1.0/doxia-module-xdoc-1.0.jar (28 kB at 7.7 kB/s)
Progress (1): 7.7/153 kB
Progress (1): 16/153 kB 
Progress (1): 32/153 kB
Progress (1): 49/153 kB
Progress (1): 57/153 kB
Progress (1): 74/153 kB
Progress (1): 82/153 kB
Progress (1): 98/153 kB
Progress (1): 115/153 kB
Progress (1): 131/153 kB
Progress (1): 147/153 kB
Progress (1): 153 kB    
                    
Downloaded from central: https://repo.maven.apache.org/maven2/org/jdom/jdom/1.1/jdom-1.1.jar (153 kB at 41 kB/s)
Downloading from central: https://repo.maven.apache.org/maven2/org/apache/maven/plugins/maven-install-plugin/3.1.3/maven-install-plugin-3.1.3.pom
Progress (1): 792 B
Progress (1): 2.2 kB
Progress (1): 5.0 kB
Progress (1): 8.1 kB
Progress (1): 8.1 kB
                    
Downloaded from central: https://repo.maven.apache.org/maven2/org/apache/maven/plugins/maven-install-plugin/3.1.3/maven-install-plugin-3.1.3.pom (8.1 kB at 39 kB/s)
Downloading from central: https://repo.maven.apache.org/maven2/org/apache/maven/plugins/maven-plugins/43/maven-plugins-43.pom
Progress (1): 773 B
Progress (1): 2.3 kB
Progress (1): 5.1 kB
Progress (1): 7.5 kB
                    
Downloaded from central: https://repo.maven.apache.org/maven2/org/apache/maven/plugins/maven-plugins/43/maven-plugins-43.pom (7.5 kB at 36 kB/s)
Downloading from central: https://repo.maven.apache.org/maven2/org/apache/maven/maven-parent/43/maven-parent-43.pom
Progress (1): 720 B
Progress (1): 1.9 kB
Progress (1): 5.5 kB
Progress (1): 9.9 kB
Progress (1): 14 kB 
Progress (1): 19 kB
Progress (1): 23 kB
Progress (1): 26 kB
Progress (1): 28 kB
Progress (1): 31 kB
Progress (1): 34 kB
Progress (1): 38 kB
Progress (1): 41 kB
Progress (1): 43 kB
Progress (1): 48 kB
Progress (1): 48 kB
Progress (1): 50 kB
                   
Downloaded from central: https://repo.maven.apache.org/maven2/org/apache/maven/maven-parent/43/maven-parent-43.pom (50 kB at 235 kB/s)
Downloading from central: https://repo.maven.apache.org/maven2/org/apache/apache/33/apache-33.pom
Progress (1): 741 B
Progress (1): 2.1 kB
Progress (1): 4.0 kB
Progress (1): 6.0 kB
Progress (1): 10 kB 
Progress (1): 16 kB
Progress (1): 19 kB
Progress (1): 22 kB
Progress (1): 24 kB
                   
Downloaded from central: https://repo.maven.apache.org/maven2/org/apache/apache/33/apache-33.pom (24 kB at 113 kB/s)
Downloading from central: https://repo.maven.apache.org/maven2/org/junit/junit-bom/5.10.3/junit-bom-5.10.3.pom
Progress (1): 908 B
Progress (1): 4.1 kB
Progress (1): 5.6 kB
                    
Downloaded from central: https://repo.maven.apache.org/maven2/org/junit/junit-bom/5.10.3/junit-bom-5.10.3.pom (5.6 kB at 26 kB/s)
Downloading from central: https://repo.maven.apache.org/maven2/org/apache/maven/plugins/maven-install-plugin/3.1.3/maven-install-plugin-3.1.3.jar
Progress (1): 7.7/33 kB
Progress (1): 16/33 kB 
Progress (1): 32/33 kB
Progress (1): 33 kB   
                   
Downloaded from central: https://repo.maven.apache.org/maven2/org/apache/maven/plugins/maven-install-plugin/3.1.3/maven-install-plugin-3.1.3.jar (33 kB at 153 kB/s)
[INFO] 
[INFO] ----------------< com.fasterxml.jackson:jackson-parent >----------------
[INFO] Building Jackson parent poms 2.11-SNAPSHOT
[INFO]   from pom.xml
[INFO] --------------------------------[ pom ]---------------------------------
[INFO] 
[INFO] --- install:3.1.3:install-file (default-cli) @ jackson-parent ---
Downloading from central: https://repo.maven.apache.org/maven2/org/apache/maven/resolver/maven-resolver-util/1.9.18/maven-resolver-util-1.9.18.pom
Progress (1): 830 B
Progress (1): 2.7 kB
Progress (1): 2.9 kB
                    
Downloaded from central: https://repo.maven.apache.org/maven2/org/apache/maven/resolver/maven-resolver-util/1.9.18/maven-resolver-util-1.9.18.pom (2.9 kB at 13 kB/s)
Downloading from central: https://repo.maven.apache.org/maven2/org/apache/maven/resolver/maven-resolver/1.9.18/maven-resolver-1.9.18.pom
Progress (1): 827 B
Progress (1): 2.6 kB
Progress (1): 3.9 kB
Progress (1): 9.1 kB
Progress (1): 12 kB 
Progress (1): 17 kB
Progress (1): 20 kB
Progress (1): 22 kB
                   
Downloaded from central: https://repo.maven.apache.org/maven2/org/apache/maven/resolver/maven-resolver/1.9.18/maven-resolver-1.9.18.pom (22 kB at 102 kB/s)
Downloading from central: https://repo.maven.apache.org/maven2/org/apache/maven/resolver/maven-resolver-api/1.9.18/maven-resolver-api-1.9.18.pom
Progress (1): 831 B
Progress (1): 2.6 kB
Progress (1): 2.7 kB
                    
Downloaded from central: https://repo.maven.apache.org/maven2/org/apache/maven/resolver/maven-resolver-api/1.9.18/maven-resolver-api-1.9.18.pom (2.7 kB at 13 kB/s)
Downloading from central: https://repo.maven.apache.org/maven2/org/codehaus/plexus/plexus-utils/4.0.1/plexus-utils-4.0.1.pom
Progress (1): 729 B
Progress (1): 2.2 kB
Progress (1): 4.3 kB
Progress (1): 7.8 kB
                    
Downloaded from central: https://repo.maven.apache.org/maven2/org/codehaus/plexus/plexus-utils/4.0.1/plexus-utils-4.0.1.pom (7.8 kB at 36 kB/s)
Downloading from central: https://repo.maven.apache.org/maven2/org/codehaus/plexus/plexus/17/plexus-17.pom
Progress (1): 691 B
Progress (1): 2.5 kB
Progress (1): 6.4 kB
Progress (1): 8.9 kB
Progress (1): 11 kB 
Progress (1): 14 kB
Progress (1): 19 kB
Progress (1): 21 kB
Progress (1): 25 kB
Progress (1): 28 kB
                   
Downloaded from central: https://repo.maven.apache.org/maven2/org/codehaus/plexus/plexus/17/plexus-17.pom (28 kB at 129 kB/s)
Downloading from central: https://repo.maven.apache.org/maven2/org/junit/junit-bom/5.10.2/junit-bom-5.10.2.pom
Progress (1): 908 B
Progress (1): 4.1 kB
Progress (1): 5.6 kB
                    
Downloaded from central: https://repo.maven.apache.org/maven2/org/junit/junit-bom/5.10.2/junit-bom-5.10.2.pom (5.6 kB at 27 kB/s)
Downloading from central: https://repo.maven.apache.org/maven2/org/codehaus/plexus/plexus-xml/3.0.1/plexus-xml-3.0.1.pom
Progress (1): 814 B
Progress (1): 2.6 kB
Progress (1): 3.7 kB
                    
Downloaded from central: https://repo.maven.apache.org/maven2/org/codehaus/plexus/plexus-xml/3.0.1/plexus-xml-3.0.1.pom (3.7 kB at 7.8 kB/s)
Downloading from central: https://repo.maven.apache.org/maven2/org/codehaus/plexus/plexus/18/plexus-18.pom
Progress (1): 692 B
Progress (1): 2.5 kB
Progress (1): 6.4 kB
Progress (1): 8.9 kB
Progress (1): 10 kB 
Progress (1): 14 kB
Progress (1): 18 kB
Progress (1): 21 kB
Progress (1): 25 kB
Progress (1): 29 kB
Progress (1): 29 kB
                   
Downloaded from central: https://repo.maven.apache.org/maven2/org/codehaus/plexus/plexus/18/plexus-18.pom (29 kB at 138 kB/s)
Downloading from central: https://repo.maven.apache.org/maven2/org/apache/maven/resolver/maven-resolver-util/1.9.18/maven-resolver-util-1.9.18.jar
Progress (1): 7.7/196 kB
Progress (1): 16/196 kB 
Progress (1): 29/196 kB
Progress (1): 45/196 kB
Progress (1): 61/196 kB
Progress (1): 78/196 kB
Progress (1): 94/196 kB
Progress (1): 111/196 kB
Progress (1): 127/196 kB
Progress (1): 143/196 kB
Progress (1): 160/196 kB
Progress (1): 176/196 kB
Progress (1): 193/196 kB
Progress (1): 196 kB    
                    
Downloaded from central: https://repo.maven.apache.org/maven2/org/apache/maven/resolver/maven-resolver-util/1.9.18/maven-resolver-util-1.9.18.jar (196 kB at 740 kB/s)
Downloading from central: https://repo.maven.apache.org/maven2/org/apache/maven/resolver/maven-resolver-api/1.9.18/maven-resolver-api-1.9.18.jar
Downloading from central: https://repo.maven.apache.org/maven2/org/codehaus/plexus/plexus-utils/4.0.1/plexus-utils-4.0.1.jar
Downloading from central: https://repo.maven.apache.org/maven2/org/codehaus/plexus/plexus-xml/3.0.1/plexus-xml-3.0.1.jar
Progress (1): 7.7/193 kB
Progress (1): 16/193 kB 
Progress (1): 32/193 kB
Progress (1): 49/193 kB
Progress (1): 65/193 kB
Progress (1): 81/193 kB
Progress (1): 98/193 kB
Progress (1): 114/193 kB
Progress (1): 131/193 kB
Progress (1): 147/193 kB
Progress (1): 163/193 kB
Progress (1): 180/193 kB
Progress (1): 193 kB    
                    
Downloaded from central: https://repo.maven.apache.org/maven2/org/codehaus/plexus/plexus-utils/4.0.1/plexus-utils-4.0.1.jar (193 kB at 887 kB/s)
Progress (1): 16/157 kB
Progress (1): 33/157 kB
Progress (2): 33/157 kB | 7.7/94 kB
Progress (2): 33/157 kB | 16/94 kB 
Progress (2): 49/157 kB | 16/94 kB
Progress (2): 49/157 kB | 32/94 kB
Progress (2): 66/157 kB | 32/94 kB
Progress (2): 66/157 kB | 49/94 kB
Progress (2): 66/157 kB | 65/94 kB
Progress (2): 82/157 kB | 65/94 kB
Progress (2): 82/157 kB | 81/94 kB
Progress (2): 98/157 kB | 81/94 kB
Progress (2): 98/157 kB | 94 kB   
                               
Downloaded from central: https://repo.maven.apache.org/maven2/org/codehaus/plexus/plexus-xml/3.0.1/plexus-xml-3.0.1.jar (94 kB at 387 kB/s)
Progress (1): 115/157 kB
Progress (1): 131/157 kB
Progress (1): 147/157 kB
Progress (1): 157 kB    
                    
Downloaded from central: https://repo.maven.apache.org/maven2/org/apache/maven/resolver/maven-resolver-api/1.9.18/maven-resolver-api-1.9.18.jar (157 kB at 604 kB/s)
[INFO] Installing /home/zhihao/hdd/marshal/benchmarks/cross-repo-pr-impact/results/single-case-pipeline-jackson-core-logback-v2-2026-08-27/replay-work/formal-github-jackson-core-mock-interception--target-logback-elasticsearch/source-parent-1/pom.xml to /home/zhihao/hdd/marshal/benchmarks/cross-repo-pr-impact/results/single-case-pipeline-jackson-core-logback-v2-2026-08-27/replay-work/formal-github-jackson-core-mock-interception--target-logback-elasticsearch/m2-a1/com/fasterxml/jackson/jackson-parent/2.11-SNAPSHOT/jackson-parent-2.11-SNAPSHOT.pom
[INFO] ------------------------------------------------------------------------
[INFO] BUILD SUCCESS
[INFO] ------------------------------------------------------------------------
[INFO] Total time:  48.810 s
[INFO] Finished at: 2026-08-27T09:17:26+08:00
[INFO] ------------------------------------------------------------------------
