[INFO] Scanning for projects...
Downloading from central: https://repo.maven.apache.org/maven2/org/codehaus/plexus/plexus/10/plexus-10.pom
Progress (1): 696 B
Progress (1): 1.8 kB
Progress (1): 5.3 kB
Progress (1): 8.7 kB
Progress (1): 9.9 kB
Progress (1): 13 kB 
Progress (1): 17 kB
Progress (1): 21 kB
Progress (1): 25 kB
Progress (1): 25 kB
                   
Downloaded from central: https://repo.maven.apache.org/maven2/org/codehaus/plexus/plexus/10/plexus-10.pom (25 kB at 4.5 kB/s)
[INFO] 
[INFO] ------------------< org.codehaus.plexus:plexus-utils >------------------
[INFO] Building Plexus Common Utilities 3.5.1
[INFO]   from pom.xml
[INFO] --------------------------------[ jar ]---------------------------------
Downloading from central: https://repo.maven.apache.org/maven2/org/apache/maven/plugins/maven-enforcer-plugin/3.0.0/maven-enforcer-plugin-3.0.0.pom
Progress (1): 823 B
Progress (1): 2.5 kB
Progress (1): 4.6 kB
Progress (1): 6.8 kB
Progress (1): 7.7 kB
                    
Downloaded from central: https://repo.maven.apache.org/maven2/org/apache/maven/plugins/maven-enforcer-plugin/3.0.0/maven-enforcer-plugin-3.0.0.pom (7.7 kB at 38 kB/s)
Downloading from central: https://repo.maven.apache.org/maven2/org/apache/maven/enforcer/enforcer/3.0.0/enforcer-3.0.0.pom
Progress (1): 810 B
Progress (1): 1.8 kB
Progress (1): 4.7 kB
Progress (1): 8.3 kB
Progress (1): 8.7 kB
                    
Downloaded from central: https://repo.maven.apache.org/maven2/org/apache/maven/enforcer/enforcer/3.0.0/enforcer-3.0.0.pom (8.7 kB at 44 kB/s)
Downloading from central: https://repo.maven.apache.org/maven2/org/apache/maven/maven-parent/34/maven-parent-34.pom
Progress (1): 727 B
Progress (1): 1.6 kB
Progress (1): 4.4 kB
Progress (1): 8.5 kB
Progress (1): 11 kB 
Progress (1): 16 kB
Progress (1): 20 kB
Progress (1): 24 kB
Progress (1): 26 kB
Progress (1): 28 kB
Progress (1): 29 kB
Progress (1): 33 kB
Progress (1): 36 kB
Progress (1): 38 kB
Progress (1): 43 kB
                   
Downloaded from central: https://repo.maven.apache.org/maven2/org/apache/maven/maven-parent/34/maven-parent-34.pom (43 kB at 184 kB/s)
Downloading from central: https://repo.maven.apache.org/maven2/org/apache/apache/23/apache-23.pom
Progress (1): 749 B
Progress (1): 1.6 kB
Progress (1): 3.5 kB
Progress (1): 6.7 kB
Progress (1): 9.9 kB
Progress (1): 14 kB 
Progress (1): 18 kB
Progress (1): 18 kB
                   
Downloaded from central: https://repo.maven.apache.org/maven2/org/apache/apache/23/apache-23.pom (18 kB at 94 kB/s)
Downloading from central: https://repo.maven.apache.org/maven2/org/apache/maven/plugins/maven-enforcer-plugin/3.0.0/maven-enforcer-plugin-3.0.0.jar
Progress (1): 0.9/27 kB
Progress (1): 2.3/27 kB
Progress (1): 3.6/27 kB
Progress (1): 5.0/27 kB
Progress (1): 6.4/27 kB
Progress (1): 7.7/27 kB
Progress (1): 9.1/27 kB
Progress (1): 10/27 kB 
Progress (1): 12/27 kB
Progress (1): 13/27 kB
Progress (1): 15/27 kB
Progress (1): 16/27 kB
Progress (1): 17/27 kB
Progress (1): 19/27 kB
Progress (1): 20/27 kB
Progress (1): 21/27 kB
Progress (1): 23/27 kB
Progress (1): 24/27 kB
Progress (1): 25/27 kB
Progress (1): 27 kB   
                   
Downloaded from central: https://repo.maven.apache.org/maven2/org/apache/maven/plugins/maven-enforcer-plugin/3.0.0/maven-enforcer-plugin-3.0.0.jar (27 kB at 71 kB/s)
Downloading from central: https://repo.maven.apache.org/maven2/org/apache/maven/plugins/maven-site-plugin/3.12.0/maven-site-plugin-3.12.0.pom
Progress (1): 743 B
Progress (1): 2.4 kB
Progress (1): 5.4 kB
Progress (1): 7.1 kB
Progress (1): 14 kB 
Progress (1): 18 kB
Progress (1): 20 kB
                   
Downloaded from central: https://repo.maven.apache.org/maven2/org/apache/maven/plugins/maven-site-plugin/3.12.0/maven-site-plugin-3.12.0.pom (20 kB at 25 kB/s)
Downloading from central: https://repo.maven.apache.org/maven2/org/apache/maven/plugins/maven-plugins/34/maven-plugins-34.pom
Progress (1): 757 B
Progress (1): 2.3 kB
Progress (1): 4.7 kB
Progress (1): 7.6 kB
Progress (1): 9.9 kB
Progress (1): 11 kB 
                   
Downloaded from central: https://repo.maven.apache.org/maven2/org/apache/maven/plugins/maven-plugins/34/maven-plugins-34.pom (11 kB at 12 kB/s)
Downloading from central: https://repo.maven.apache.org/maven2/org/apache/maven/plugins/maven-site-plugin/3.12.0/maven-site-plugin-3.12.0.jar
Progress (1): 3.8/119 kB
Progress (1): 8.0/119 kB
Progress (1): 12/119 kB 
Progress (1): 16/119 kB
Progress (1): 21/119 kB
Progress (1): 25/119 kB
Progress (1): 29/119 kB
Progress (1): 33/119 kB
Progress (1): 38/119 kB
Progress (1): 42/119 kB
Progress (1): 46/119 kB
Progress (1): 50/119 kB
Progress (1): 54/119 kB
Progress (1): 59/119 kB
Progress (1): 63/119 kB
Progress (1): 66/119 kB
Progress (1): 70/119 kB
Progress (1): 74/119 kB
Progress (1): 78/119 kB
Progress (1): 82/119 kB
Progress (1): 87/119 kB
Progress (1): 91/119 kB
Progress (1): 95/119 kB
Progress (1): 99/119 kB
Progress (1): 104/119 kB
Progress (1): 108/119 kB
Progress (1): 112/119 kB
Progress (1): 116/119 kB
Progress (1): 119 kB    
                    
Downloaded from central: https://repo.maven.apache.org/maven2/org/apache/maven/plugins/maven-site-plugin/3.12.0/maven-site-plugin-3.12.0.jar (119 kB at 67 kB/s)
Downloading from central: https://repo.maven.apache.org/maven2/org/apache/maven/plugins/maven-compiler-plugin/3.10.1/maven-compiler-plugin-3.10.1.pom
Progress (1): 756 B
Progress (1): 2.2 kB
Progress (1): 3.8 kB
Progress (1): 8.2 kB
Progress (1): 11 kB 
Progress (1): 13 kB
                   
Downloaded from central: https://repo.maven.apache.org/maven2/org/apache/maven/plugins/maven-compiler-plugin/3.10.1/maven-compiler-plugin-3.10.1.pom (13 kB at 60 kB/s)
Downloading from central: https://repo.maven.apache.org/maven2/org/apache/maven/plugins/maven-compiler-plugin/3.10.1/maven-compiler-plugin-3.10.1.jar
Progress (1): 3.8/62 kB
Progress (1): 7.7/62 kB
Progress (1): 12/62 kB 
Progress (1): 16/62 kB
Progress (1): 33/62 kB
Progress (1): 49/62 kB
Progress (1): 62 kB   
                   
Downloaded from central: https://repo.maven.apache.org/maven2/org/apache/maven/plugins/maven-compiler-plugin/3.10.1/maven-compiler-plugin-3.10.1.jar (62 kB at 82 kB/s)
Downloading from central: https://repo.maven.apache.org/maven2/org/apache/maven/plugins/maven-resources-plugin/3.3.1/maven-resources-plugin-3.3.1.pom
Progress (1): 767 B
Progress (1): 2.2 kB
Progress (1): 4.9 kB
Progress (1): 7.5 kB
Progress (1): 8.2 kB
                    
Downloaded from central: https://repo.maven.apache.org/maven2/org/apache/maven/plugins/maven-resources-plugin/3.3.1/maven-resources-plugin-3.3.1.pom (8.2 kB at 40 kB/s)
Downloading from central: https://repo.maven.apache.org/maven2/org/apache/maven/plugins/maven-plugins/39/maven-plugins-39.pom
Progress (1): 773 B
Progress (1): 2.3 kB
Progress (1): 4.9 kB
Progress (1): 7.4 kB
Progress (1): 8.1 kB
                    
Downloaded from central: https://repo.maven.apache.org/maven2/org/apache/maven/plugins/maven-plugins/39/maven-plugins-39.pom (8.1 kB at 39 kB/s)
Downloading from central: https://repo.maven.apache.org/maven2/org/apache/maven/maven-parent/39/maven-parent-39.pom
Progress (1): 724 B
Progress (1): 1.9 kB
Progress (1): 5.5 kB
Progress (1): 9.8 kB
Progress (1): 14 kB 
Progress (1): 19 kB
Progress (1): 23 kB
Progress (1): 26 kB
Progress (1): 28 kB
Progress (1): 31 kB
Progress (1): 34 kB
Progress (1): 37 kB
Progress (1): 40 kB
Progress (1): 43 kB
Progress (1): 48 kB
                   
Downloaded from central: https://repo.maven.apache.org/maven2/org/apache/maven/maven-parent/39/maven-parent-39.pom (48 kB at 121 kB/s)
Downloading from central: https://repo.maven.apache.org/maven2/org/apache/apache/29/apache-29.pom
Progress (1): 741 B
Progress (1): 2.1 kB
Progress (1): 3.9 kB
Progress (1): 6.9 kB
Progress (1): 12 kB 
Progress (1): 16 kB
Progress (1): 19 kB
Progress (1): 21 kB
                   
Downloaded from central: https://repo.maven.apache.org/maven2/org/apache/apache/29/apache-29.pom (21 kB at 99 kB/s)
Downloading from central: https://repo.maven.apache.org/maven2/org/apache/maven/plugins/maven-resources-plugin/3.3.1/maven-resources-plugin-3.3.1.jar
Progress (1): 7.7/31 kB
Progress (1): 16/31 kB 
Progress (1): 24/31 kB
Progress (1): 31 kB   
                   
Downloaded from central: https://repo.maven.apache.org/maven2/org/apache/maven/plugins/maven-resources-plugin/3.3.1/maven-resources-plugin-3.3.1.jar (31 kB at 53 kB/s)
Downloading from central: https://repo.maven.apache.org/maven2/org/apache/maven/plugins/maven-surefire-plugin/2.22.2/maven-surefire-plugin-2.22.2.pom
Progress (1): 822 B
Progress (1): 2.8 kB
Progress (1): 5.0 kB
                    
Downloaded from central: https://repo.maven.apache.org/maven2/org/apache/maven/plugins/maven-surefire-plugin/2.22.2/maven-surefire-plugin-2.22.2.pom (5.0 kB at 25 kB/s)
Downloading from central: https://repo.maven.apache.org/maven2/org/apache/maven/surefire/surefire/2.22.2/surefire-2.22.2.pom
Progress (1): 840 B
Progress (1): 2.5 kB
Progress (1): 4.0 kB
Progress (1): 7.7 kB
Progress (1): 12 kB 
Progress (1): 15 kB
Progress (1): 18 kB
Progress (1): 21 kB
Progress (1): 24 kB
Progress (1): 26 kB
                   
Downloaded from central: https://repo.maven.apache.org/maven2/org/apache/maven/surefire/surefire/2.22.2/surefire-2.22.2.pom (26 kB at 34 kB/s)
Downloading from central: https://repo.maven.apache.org/maven2/org/apache/maven/maven-parent/33/maven-parent-33.pom
Progress (1): 774 B
Progress (1): 2.0 kB
Progress (1): 5.9 kB
Progress (1): 9.6 kB
Progress (1): 14 kB 
Progress (1): 19 kB
Progress (1): 23 kB
Progress (1): 25 kB
Progress (1): 27 kB
Progress (1): 30 kB
Progress (1): 33 kB
Progress (1): 36 kB
Progress (1): 39 kB
Progress (1): 44 kB
                   
Downloaded from central: https://repo.maven.apache.org/maven2/org/apache/maven/maven-parent/33/maven-parent-33.pom (44 kB at 96 kB/s)
Downloading from central: https://repo.maven.apache.org/maven2/org/apache/apache/21/apache-21.pom
Progress (1): 753 B
Progress (1): 2.1 kB
Progress (1): 3.9 kB
Progress (1): 8.3 kB
Progress (1): 13 kB 
Progress (1): 16 kB
Progress (1): 17 kB
                   
Downloaded from central: https://repo.maven.apache.org/maven2/org/apache/apache/21/apache-21.pom (17 kB at 56 kB/s)
Downloading from central: https://repo.maven.apache.org/maven2/org/apache/maven/plugins/maven-surefire-plugin/2.22.2/maven-surefire-plugin-2.22.2.jar
Progress (1): 7.7/41 kB
Progress (1): 16/41 kB 
Progress (1): 32/41 kB
Progress (1): 41 kB   
                   
Downloaded from central: https://repo.maven.apache.org/maven2/org/apache/maven/plugins/maven-surefire-plugin/2.22.2/maven-surefire-plugin-2.22.2.jar (41 kB at 24 kB/s)
Downloading from central: https://repo.maven.apache.org/maven2/org/apache/maven/plugins/maven-jar-plugin/3.2.2/maven-jar-plugin-3.2.2.pom
Progress (1): 785 B
Progress (1): 2.1 kB
Progress (1): 4.5 kB
Progress (1): 6.8 kB
Progress (1): 7.5 kB
                    
Downloaded from central: https://repo.maven.apache.org/maven2/org/apache/maven/plugins/maven-jar-plugin/3.2.2/maven-jar-plugin-3.2.2.pom (7.5 kB at 28 kB/s)
Downloading from central: https://repo.maven.apache.org/maven2/org/apache/maven/plugins/maven-jar-plugin/3.2.2/maven-jar-plugin-3.2.2.jar
Progress (1): 7.7/29 kB
Progress (1): 16/29 kB 
Progress (1): 24/29 kB
Progress (1): 29 kB   
                   
Downloaded from central: https://repo.maven.apache.org/maven2/org/apache/maven/plugins/maven-jar-plugin/3.2.2/maven-jar-plugin-3.2.2.jar (29 kB at 28 kB/s)
Downloading from central: https://repo.maven.apache.org/maven2/org/openjdk/jmh/jmh-core/1.36/jmh-core-1.36.pom
Progress (1): 734 B
Progress (1): 1.9 kB
Progress (1): 4.1 kB
Progress (1): 7.7 kB
Progress (1): 9.3 kB
                    
Downloaded from central: https://repo.maven.apache.org/maven2/org/openjdk/jmh/jmh-core/1.36/jmh-core-1.36.pom (9.3 kB at 39 kB/s)
Downloading from central: https://repo.maven.apache.org/maven2/org/openjdk/jmh/jmh-parent/1.36/jmh-parent-1.36.pom
Progress (1): 733 B
Progress (1): 1.8 kB
Progress (1): 4.4 kB
Progress (1): 10 kB 
Progress (1): 12 kB
                   
Downloaded from central: https://repo.maven.apache.org/maven2/org/openjdk/jmh/jmh-parent/1.36/jmh-parent-1.36.pom (12 kB at 49 kB/s)
Downloading from central: https://repo.maven.apache.org/maven2/net/sf/jopt-simple/jopt-simple/5.0.4/jopt-simple-5.0.4.pom
Progress (1): 1.2 kB
Progress (1): 4.2 kB
Progress (1): 8.2 kB
Progress (1): 12 kB 
Progress (1): 14 kB
                   
Downloaded from central: https://repo.maven.apache.org/maven2/net/sf/jopt-simple/jopt-simple/5.0.4/jopt-simple-5.0.4.pom (14 kB at 58 kB/s)
Downloading from central: https://repo.maven.apache.org/maven2/org/sonatype/oss/oss-parent/7/oss-parent-7.pom
Progress (1): 848 B
Progress (1): 2.5 kB
Progress (1): 4.8 kB
                    
Downloaded from central: https://repo.maven.apache.org/maven2/org/sonatype/oss/oss-parent/7/oss-parent-7.pom (4.8 kB at 21 kB/s)
Downloading from central: https://repo.maven.apache.org/maven2/org/apache/commons/commons-math3/3.2/commons-math3-3.2.pom
Progress (1): 773 B
Progress (1): 2.1 kB
Progress (1): 4.8 kB
Progress (1): 8.1 kB
Progress (1): 9.9 kB
Progress (1): 12 kB 
Progress (1): 14 kB
Progress (1): 17 kB
Progress (1): 17 kB
                   
Downloaded from central: https://repo.maven.apache.org/maven2/org/apache/commons/commons-math3/3.2/commons-math3-3.2.pom (17 kB at 62 kB/s)
Downloading from central: https://repo.maven.apache.org/maven2/org/apache/commons/commons-parent/28/commons-parent-28.pom
Progress (1): 789 B
Progress (1): 2.2 kB
Progress (1): 3.6 kB
Progress (1): 6.2 kB
Progress (1): 7.7 kB
Progress (1): 10 kB 
Progress (1): 14 kB
Progress (1): 18 kB
Progress (1): 20 kB
Progress (1): 22 kB
Progress (1): 25 kB
Progress (1): 29 kB
Progress (1): 35 kB
Progress (1): 39 kB
Progress (1): 42 kB
Progress (1): 44 kB
Progress (1): 47 kB
Progress (1): 49 kB
Progress (1): 50 kB
                   
Downloaded from central: https://repo.maven.apache.org/maven2/org/apache/commons/commons-parent/28/commons-parent-28.pom (50 kB at 135 kB/s)
Downloading from central: https://repo.maven.apache.org/maven2/org/apache/apache/13/apache-13.pom
Progress (1): 749 B
Progress (1): 2.1 kB
Progress (1): 4.1 kB
Progress (1): 9.0 kB
Progress (1): 11 kB 
Progress (1): 14 kB
                   
Downloaded from central: https://repo.maven.apache.org/maven2/org/apache/apache/13/apache-13.pom (14 kB at 56 kB/s)
Downloading from central: https://repo.maven.apache.org/maven2/org/openjdk/jmh/jmh-generator-annprocess/1.36/jmh-generator-annprocess-1.36.pom
Progress (1): 792 B
Progress (1): 2.1 kB
Progress (1): 3.7 kB
                    
Downloaded from central: https://repo.maven.apache.org/maven2/org/openjdk/jmh/jmh-generator-annprocess/1.36/jmh-generator-annprocess-1.36.pom (3.7 kB at 17 kB/s)
Downloading from central: https://repo.maven.apache.org/maven2/junit/junit/4.13.2/junit-4.13.2.pom
Progress (1): 1.0 kB
Progress (1): 3.3 kB
Progress (1): 5.1 kB
Progress (1): 7.2 kB
Progress (1): 9.8 kB
Progress (1): 13 kB 
Progress (1): 16 kB
Progress (1): 21 kB
Progress (1): 26 kB
Progress (1): 27 kB
                   
Downloaded from central: https://repo.maven.apache.org/maven2/junit/junit/4.13.2/junit-4.13.2.pom (27 kB at 94 kB/s)
Downloading from central: https://repo.maven.apache.org/maven2/org/hamcrest/hamcrest-core/1.3/hamcrest-core-1.3.pom
Progress (1): 766 B
                   
Downloaded from central: https://repo.maven.apache.org/maven2/org/hamcrest/hamcrest-core/1.3/hamcrest-core-1.3.pom (766 B at 3.7 kB/s)
Downloading from central: https://repo.maven.apache.org/maven2/org/hamcrest/hamcrest-parent/1.3/hamcrest-parent-1.3.pom
Progress (1): 1.1 kB
Progress (1): 2.0 kB
                    
Downloaded from central: https://repo.maven.apache.org/maven2/org/hamcrest/hamcrest-parent/1.3/hamcrest-parent-1.3.pom (2.0 kB at 9.2 kB/s)
Downloading from central: https://repo.maven.apache.org/maven2/org/openjdk/jmh/jmh-core/1.36/jmh-core-1.36.jar
Progress (1): 7.7/537 kB
Progress (1): 16/537 kB 
Progress (1): 24/537 kB
Progress (1): 40/537 kB
Progress (1): 57/537 kB
Progress (1): 73/537 kB
Progress (1): 90/537 kB
Progress (1): 106/537 kB
Progress (1): 122/537 kB
Progress (1): 139/537 kB
Progress (1): 155/537 kB
Progress (1): 172/537 kB
Progress (1): 188/537 kB
Progress (1): 204/537 kB
Progress (1): 221/537 kB
Progress (1): 237/537 kB
Progress (1): 253/537 kB
Progress (1): 270/537 kB
Progress (1): 286/537 kB
Progress (1): 303/537 kB
Progress (1): 319/537 kB
Progress (1): 335/537 kB
Progress (1): 352/537 kB
Progress (1): 368/537 kB
Progress (1): 385/537 kB
Progress (1): 401/537 kB
Progress (1): 417/537 kB
Progress (1): 434/537 kB
Progress (1): 450/537 kB
Progress (1): 466/537 kB
Progress (1): 483/537 kB
Progress (1): 499/537 kB
Progress (1): 516/537 kB
Progress (1): 532/537 kB
Progress (1): 537 kB    
                    
Downloaded from central: https://repo.maven.apache.org/maven2/org/openjdk/jmh/jmh-core/1.36/jmh-core-1.36.jar (537 kB at 74 kB/s)
Downloading from central: https://repo.maven.apache.org/maven2/net/sf/jopt-simple/jopt-simple/5.0.4/jopt-simple-5.0.4.jar
Downloading from central: https://repo.maven.apache.org/maven2/org/apache/commons/commons-math3/3.2/commons-math3-3.2.jar
Downloading from central: https://repo.maven.apache.org/maven2/org/openjdk/jmh/jmh-generator-annprocess/1.36/jmh-generator-annprocess-1.36.jar
Downloading from central: https://repo.maven.apache.org/maven2/junit/junit/4.13.2/junit-4.13.2.jar
Downloading from central: https://repo.maven.apache.org/maven2/org/hamcrest/hamcrest-core/1.3/hamcrest-core-1.3.jar
Progress (1): 7.7/78 kB
Progress (1): 16/78 kB 
Progress (1): 24/78 kB
Progress (2): 24/78 kB | 0/1.7 MB
Progress (2): 24/78 kB | 0/1.7 MB
Progress (2): 24/78 kB | 0/1.7 MB
Progress (2): 24/78 kB | 0/1.7 MB
Progress (2): 24/78 kB | 0/1.7 MB
Progress (2): 24/78 kB | 0/1.7 MB
Progress (2): 24/78 kB | 0/1.7 MB
Progress (2): 24/78 kB | 0/1.7 MB
Progress (2): 24/78 kB | 0/1.7 MB
Progress (2): 24/78 kB | 0/1.7 MB
Progress (2): 24/78 kB | 0/1.7 MB
Progress (2): 24/78 kB | 0/1.7 MB
Progress (2): 24/78 kB | 0/1.7 MB
Progress (2): 24/78 kB | 0/1.7 MB
Progress (2): 24/78 kB | 0/1.7 MB
Progress (2): 24/78 kB | 0/1.7 MB
Progress (3): 24/78 kB | 0/1.7 MB | 0.9/45 kB
Progress (3): 24/78 kB | 0/1.7 MB | 2.3/45 kB
Progress (3): 24/78 kB | 0/1.7 MB | 3.6/45 kB
Progress (3): 24/78 kB | 0/1.7 MB | 5.0/45 kB
Progress (3): 24/78 kB | 0/1.7 MB | 6.4/45 kB
Progress (3): 24/78 kB | 0/1.7 MB | 7.7/45 kB
Progress (3): 24/78 kB | 0/1.7 MB | 9.1/45 kB
Progress (3): 24/78 kB | 0/1.7 MB | 10/45 kB 
Progress (3): 24/78 kB | 0/1.7 MB | 11/45 kB
Progress (4): 24/78 kB | 0/1.7 MB | 11/45 kB | 0.9/31 kB
Progress (4): 24/78 kB | 0/1.7 MB | 11/45 kB | 2.3/31 kB
Progress (4): 24/78 kB | 0/1.7 MB | 11/45 kB | 3.6/31 kB
Progress (4): 24/78 kB | 0/1.7 MB | 11/45 kB | 5.0/31 kB
Progress (4): 24/78 kB | 0/1.7 MB | 11/45 kB | 6.4/31 kB
Progress (4): 24/78 kB | 0/1.7 MB | 11/45 kB | 7.7/31 kB
Progress (4): 24/78 kB | 0/1.7 MB | 11/45 kB | 9.1/31 kB
Progress (4): 24/78 kB | 0/1.7 MB | 11/45 kB | 10/31 kB 
Progress (4): 24/78 kB | 0/1.7 MB | 11/45 kB | 12/31 kB
Progress (4): 24/78 kB | 0/1.7 MB | 11/45 kB | 13/31 kB
Progress (4): 24/78 kB | 0/1.7 MB | 11/45 kB | 15/31 kB
Progress (4): 24/78 kB | 0/1.7 MB | 11/45 kB | 16/31 kB
Progress (4): 24/78 kB | 0/1.7 MB | 11/45 kB | 17/31 kB
Progress (4): 24/78 kB | 0/1.7 MB | 11/45 kB | 19/31 kB
Progress (4): 24/78 kB | 0/1.7 MB | 11/45 kB | 20/31 kB
Progress (4): 24/78 kB | 0/1.7 MB | 11/45 kB | 21/31 kB
Progress (4): 24/78 kB | 0/1.7 MB | 11/45 kB | 23/31 kB
Progress (4): 24/78 kB | 0/1.7 MB | 11/45 kB | 24/31 kB
Progress (4): 24/78 kB | 0/1.7 MB | 11/45 kB | 26/31 kB
Progress (4): 24/78 kB | 0/1.7 MB | 11/45 kB | 27/31 kB
Progress (4): 24/78 kB | 0/1.7 MB | 11/45 kB | 28/31 kB
Progress (5): 24/78 kB | 0/1.7 MB | 11/45 kB | 28/31 kB | 0.9/385 kB
Progress (5): 24/78 kB | 0/1.7 MB | 11/45 kB | 28/31 kB | 2.3/385 kB
Progress (5): 24/78 kB | 0/1.7 MB | 11/45 kB | 28/31 kB | 3.6/385 kB
Progress (5): 24/78 kB | 0/1.7 MB | 11/45 kB | 28/31 kB | 5.0/385 kB
Progress (5): 24/78 kB | 0/1.7 MB | 11/45 kB | 28/31 kB | 6.4/385 kB
Progress (5): 24/78 kB | 0/1.7 MB | 11/45 kB | 28/31 kB | 7.7/385 kB
Progress (5): 24/78 kB | 0/1.7 MB | 11/45 kB | 28/31 kB | 9.1/385 kB
Progress (5): 24/78 kB | 0/1.7 MB | 11/45 kB | 28/31 kB | 10/385 kB 
Progress (5): 24/78 kB | 0/1.7 MB | 11/45 kB | 29/31 kB | 10/385 kB
Progress (5): 24/78 kB | 0/1.7 MB | 11/45 kB | 30/31 kB | 10/385 kB
Progress (5): 24/78 kB | 0/1.7 MB | 11/45 kB | 31 kB | 10/385 kB   
                                                                
Downloaded from central: https://repo.maven.apache.org/maven2/org/openjdk/jmh/jmh-generator-annprocess/1.36/jmh-generator-annprocess-1.36.jar (31 kB at 48 kB/s)
Progress (4): 40/78 kB | 0/1.7 MB | 11/45 kB | 10/385 kB
Progress (4): 57/78 kB | 0/1.7 MB | 11/45 kB | 10/385 kB
Progress (4): 73/78 kB | 0/1.7 MB | 11/45 kB | 10/385 kB
Progress (4): 78 kB | 0/1.7 MB | 11/45 kB | 10/385 kB   
                                                     
Downloaded from central: https://repo.maven.apache.org/maven2/net/sf/jopt-simple/jopt-simple/5.0.4/jopt-simple-5.0.4.jar (78 kB at 97 kB/s)
Progress (3): 0/1.7 MB | 11/45 kB | 10/385 kB
Progress (3): 0/1.7 MB | 11/45 kB | 10/385 kB
Progress (3): 0/1.7 MB | 11/45 kB | 10/385 kB
Progress (3): 0/1.7 MB | 11/45 kB | 10/385 kB
Progress (3): 0/1.7 MB | 11/45 kB | 10/385 kB
Progress (3): 0/1.7 MB | 11/45 kB | 10/385 kB
Progress (3): 0/1.7 MB | 11/45 kB | 10/385 kB
Progress (3): 0/1.7 MB | 11/45 kB | 10/385 kB
Progress (3): 0/1.7 MB | 11/45 kB | 10/385 kB
Progress (3): 0/1.7 MB | 11/45 kB | 10/385 kB
Progress (3): 0/1.7 MB | 11/45 kB | 10/385 kB
Progress (3): 0/1.7 MB | 11/45 kB | 10/385 kB
Progress (3): 0/1.7 MB | 11/45 kB | 10/385 kB
Progress (3): 0/1.7 MB | 11/45 kB | 10/385 kB
Progress (3): 0/1.7 MB | 11/45 kB | 10/385 kB
Progress (3): 0/1.7 MB | 11/45 kB | 10/385 kB
Progress (3): 0/1.7 MB | 11/45 kB | 10/385 kB
Progress (3): 0/1.7 MB | 11/45 kB | 10/385 kB
Progress (3): 0/1.7 MB | 11/45 kB | 10/385 kB
Progress (3): 0/1.7 MB | 11/45 kB | 10/385 kB
Progress (3): 0.1/1.7 MB | 11/45 kB | 10/385 kB
Progress (3): 0.1/1.7 MB | 11/45 kB | 10/385 kB
Progress (3): 0.1/1.7 MB | 11/45 kB | 10/385 kB
Progress (3): 0.1/1.7 MB | 11/45 kB | 10/385 kB
Progress (3): 0.1/1.7 MB | 13/45 kB | 10/385 kB
Progress (3): 0.1/1.7 MB | 14/45 kB | 10/385 kB
Progress (3): 0.1/1.7 MB | 15/45 kB | 10/385 kB
Progress (3): 0.1/1.7 MB | 17/45 kB | 10/385 kB
Progress (3): 0.1/1.7 MB | 18/45 kB | 10/385 kB
Progress (3): 0.1/1.7 MB | 20/45 kB | 10/385 kB
Progress (3): 0.1/1.7 MB | 21/45 kB | 10/385 kB
Progress (3): 0.1/1.7 MB | 22/45 kB | 10/385 kB
Progress (3): 0.1/1.7 MB | 24/45 kB | 10/385 kB
Progress (3): 0.1/1.7 MB | 25/45 kB | 10/385 kB
Progress (3): 0.1/1.7 MB | 26/45 kB | 10/385 kB
Progress (3): 0.1/1.7 MB | 28/45 kB | 10/385 kB
Progress (3): 0.1/1.7 MB | 29/45 kB | 10/385 kB
Progress (3): 0.1/1.7 MB | 31/45 kB | 10/385 kB
Progress (3): 0.1/1.7 MB | 32/45 kB | 10/385 kB
Progress (3): 0.1/1.7 MB | 33/45 kB | 10/385 kB
Progress (3): 0.1/1.7 MB | 35/45 kB | 10/385 kB
Progress (3): 0.1/1.7 MB | 36/45 kB | 10/385 kB
Progress (3): 0.1/1.7 MB | 37/45 kB | 10/385 kB
Progress (3): 0.1/1.7 MB | 37/45 kB | 10/385 kB
Progress (3): 0.1/1.7 MB | 37/45 kB | 10/385 kB
Progress (3): 0.1/1.7 MB | 39/45 kB | 10/385 kB
Progress (3): 0.1/1.7 MB | 39/45 kB | 10/385 kB
Progress (3): 0.1/1.7 MB | 40/45 kB | 10/385 kB
Progress (3): 0.1/1.7 MB | 41/45 kB | 10/385 kB
Progress (3): 0.1/1.7 MB | 41/45 kB | 10/385 kB
Progress (3): 0.1/1.7 MB | 43/45 kB | 10/385 kB
Progress (3): 0.1/1.7 MB | 44/45 kB | 10/385 kB
Progress (3): 0.1/1.7 MB | 44/45 kB | 10/385 kB
Progress (3): 0.1/1.7 MB | 45 kB | 10/385 kB   
                                            
Downloaded from central: https://repo.maven.apache.org/maven2/org/hamcrest/hamcrest-core/1.3/hamcrest-core-1.3.jar (45 kB at 56 kB/s)
Progress (2): 0.1/1.7 MB | 12/385 kB
Progress (2): 0.1/1.7 MB | 13/385 kB
Progress (2): 0.1/1.7 MB | 15/385 kB
Progress (2): 0.1/1.7 MB | 16/385 kB
Progress (2): 0.1/1.7 MB | 17/385 kB
Progress (2): 0.1/1.7 MB | 19/385 kB
Progress (2): 0.1/1.7 MB | 20/385 kB
Progress (2): 0.1/1.7 MB | 21/385 kB
Progress (2): 0.1/1.7 MB | 23/385 kB
Progress (2): 0.1/1.7 MB | 24/385 kB
Progress (2): 0.1/1.7 MB | 26/385 kB
Progress (2): 0.1/1.7 MB | 27/385 kB
Progress (2): 0.1/1.7 MB | 28/385 kB
Progress (2): 0.1/1.7 MB | 30/385 kB
Progress (2): 0.1/1.7 MB | 31/385 kB
Progress (2): 0.1/1.7 MB | 32/385 kB
Progress (2): 0.1/1.7 MB | 34/385 kB
Progress (2): 0.1/1.7 MB | 35/385 kB
Progress (2): 0.1/1.7 MB | 36/385 kB
Progress (2): 0.1/1.7 MB | 38/385 kB
Progress (2): 0.1/1.7 MB | 39/385 kB
Progress (2): 0.1/1.7 MB | 41/385 kB
Progress (2): 0.1/1.7 MB | 42/385 kB
Progress (2): 0.1/1.7 MB | 43/385 kB
Progress (2): 0.1/1.7 MB | 45/385 kB
Progress (2): 0.1/1.7 MB | 46/385 kB
Progress (2): 0.1/1.7 MB | 47/385 kB
Progress (2): 0.1/1.7 MB | 49/385 kB
Progress (2): 0.1/1.7 MB | 49/385 kB
Progress (2): 0.1/1.7 MB | 51/385 kB
Progress (2): 0.1/1.7 MB | 52/385 kB
Progress (2): 0.1/1.7 MB | 53/385 kB
Progress (2): 0.1/1.7 MB | 55/385 kB
Progress (2): 0.1/1.7 MB | 59/385 kB
Progress (2): 0.1/1.7 MB | 63/385 kB
Progress (2): 0.1/1.7 MB | 67/385 kB
Progress (2): 0.1/1.7 MB | 72/385 kB
Progress (2): 0.1/1.7 MB | 76/385 kB
Progress (2): 0.1/1.7 MB | 80/385 kB
Progress (2): 0.1/1.7 MB | 82/385 kB
Progress (2): 0.1/1.7 MB | 86/385 kB
Progress (2): 0.1/1.7 MB | 86/385 kB
Progress (2): 0.1/1.7 MB | 86/385 kB
Progress (2): 0.1/1.7 MB | 86/385 kB
Progress (2): 0.1/1.7 MB | 86/385 kB
Progress (2): 0.1/1.7 MB | 86/385 kB
Progress (2): 0.1/1.7 MB | 90/385 kB
Progress (2): 0.1/1.7 MB | 95/385 kB
Progress (2): 0.1/1.7 MB | 99/385 kB
Progress (2): 0.1/1.7 MB | 103/385 kB
Progress (2): 0.1/1.7 MB | 103/385 kB
Progress (2): 0.1/1.7 MB | 103/385 kB
Progress (2): 0.1/1.7 MB | 103/385 kB
Progress (2): 0.1/1.7 MB | 107/385 kB
Progress (2): 0.1/1.7 MB | 112/385 kB
Progress (2): 0.1/1.7 MB | 115/385 kB
Progress (2): 0.1/1.7 MB | 119/385 kB
Progress (2): 0.1/1.7 MB | 123/385 kB
Progress (2): 0.1/1.7 MB | 127/385 kB
Progress (2): 0.1/1.7 MB | 132/385 kB
Progress (2): 0.1/1.7 MB | 136/385 kB
Progress (2): 0.1/1.7 MB | 140/385 kB
Progress (2): 0.1/1.7 MB | 144/385 kB
Progress (2): 0.1/1.7 MB | 144/385 kB
Progress (2): 0.1/1.7 MB | 144/385 kB
Progress (2): 0.1/1.7 MB | 144/385 kB
Progress (2): 0.1/1.7 MB | 144/385 kB
Progress (2): 0.1/1.7 MB | 144/385 kB
Progress (2): 0.1/1.7 MB | 144/385 kB
Progress (2): 0.1/1.7 MB | 144/385 kB
Progress (2): 0.1/1.7 MB | 144/385 kB
Progress (2): 0.1/1.7 MB | 144/385 kB
Progress (2): 0.1/1.7 MB | 144/385 kB
Progress (2): 0.2/1.7 MB | 144/385 kB
Progress (2): 0.2/1.7 MB | 144/385 kB
Progress (2): 0.2/1.7 MB | 144/385 kB
Progress (2): 0.2/1.7 MB | 144/385 kB
Progress (2): 0.2/1.7 MB | 144/385 kB
Progress (2): 0.2/1.7 MB | 144/385 kB
Progress (2): 0.2/1.7 MB | 144/385 kB
Progress (2): 0.2/1.7 MB | 144/385 kB
Progress (2): 0.2/1.7 MB | 144/385 kB
Progress (2): 0.2/1.7 MB | 144/385 kB
Progress (2): 0.2/1.7 MB | 144/385 kB
Progress (2): 0.2/1.7 MB | 149/385 kB
Progress (2): 0.2/1.7 MB | 153/385 kB
Progress (2): 0.2/1.7 MB | 157/385 kB
Progress (2): 0.2/1.7 MB | 161/385 kB
Progress (2): 0.2/1.7 MB | 165/385 kB
Progress (2): 0.2/1.7 MB | 170/385 kB
Progress (2): 0.2/1.7 MB | 174/385 kB
Progress (2): 0.2/1.7 MB | 178/385 kB
Progress (2): 0.2/1.7 MB | 182/385 kB
Progress (2): 0.2/1.7 MB | 187/385 kB
Progress (2): 0.2/1.7 MB | 191/385 kB
Progress (2): 0.2/1.7 MB | 195/385 kB
Progress (2): 0.2/1.7 MB | 199/385 kB
Progress (2): 0.2/1.7 MB | 203/385 kB
Progress (2): 0.2/1.7 MB | 203/385 kB
Progress (2): 0.2/1.7 MB | 203/385 kB
Progress (2): 0.2/1.7 MB | 203/385 kB
Progress (2): 0.2/1.7 MB | 203/385 kB
Progress (2): 0.2/1.7 MB | 203/385 kB
Progress (2): 0.2/1.7 MB | 203/385 kB
Progress (2): 0.2/1.7 MB | 203/385 kB
Progress (2): 0.2/1.7 MB | 208/385 kB
Progress (2): 0.2/1.7 MB | 212/385 kB
Progress (2): 0.2/1.7 MB | 216/385 kB
Progress (2): 0.2/1.7 MB | 220/385 kB
Progress (2): 0.2/1.7 MB | 237/385 kB
Progress (2): 0.2/1.7 MB | 246/385 kB
Progress (2): 0.2/1.7 MB | 253/385 kB
Progress (2): 0.2/1.7 MB | 270/385 kB
Progress (2): 0.2/1.7 MB | 286/385 kB
Progress (2): 0.2/1.7 MB | 286/385 kB
Progress (2): 0.3/1.7 MB | 286/385 kB
Progress (2): 0.3/1.7 MB | 286/385 kB
Progress (2): 0.3/1.7 MB | 302/385 kB
Progress (2): 0.3/1.7 MB | 319/385 kB
Progress (2): 0.3/1.7 MB | 319/385 kB
Progress (2): 0.3/1.7 MB | 319/385 kB
Progress (2): 0.3/1.7 MB | 319/385 kB
Progress (2): 0.3/1.7 MB | 319/385 kB
Progress (2): 0.3/1.7 MB | 335/385 kB
Progress (2): 0.3/1.7 MB | 351/385 kB
Progress (2): 0.3/1.7 MB | 368/385 kB
Progress (2): 0.3/1.7 MB | 368/385 kB
Progress (2): 0.4/1.7 MB | 368/385 kB
Progress (2): 0.4/1.7 MB | 368/385 kB
Progress (2): 0.4/1.7 MB | 368/385 kB
Progress (2): 0.4/1.7 MB | 368/385 kB
Progress (2): 0.4/1.7 MB | 368/385 kB
Progress (2): 0.4/1.7 MB | 368/385 kB
Progress (2): 0.5/1.7 MB | 368/385 kB
Progress (2): 0.5/1.7 MB | 368/385 kB
Progress (2): 0.5/1.7 MB | 368/385 kB
Progress (2): 0.5/1.7 MB | 368/385 kB
Progress (2): 0.5/1.7 MB | 368/385 kB
Progress (2): 0.5/1.7 MB | 368/385 kB
Progress (2): 0.5/1.7 MB | 368/385 kB
Progress (2): 0.6/1.7 MB | 368/385 kB
Progress (2): 0.6/1.7 MB | 368/385 kB
Progress (2): 0.6/1.7 MB | 368/385 kB
Progress (2): 0.6/1.7 MB | 368/385 kB
Progress (2): 0.6/1.7 MB | 368/385 kB
Progress (2): 0.6/1.7 MB | 368/385 kB
Progress (2): 0.7/1.7 MB | 368/385 kB
Progress (2): 0.7/1.7 MB | 368/385 kB
Progress (2): 0.7/1.7 MB | 368/385 kB
Progress (2): 0.7/1.7 MB | 368/385 kB
Progress (2): 0.7/1.7 MB | 368/385 kB
Progress (2): 0.7/1.7 MB | 377/385 kB
Progress (2): 0.7/1.7 MB | 385 kB    
                                 
Downloaded from central: https://repo.maven.apache.org/maven2/junit/junit/4.13.2/junit-4.13.2.jar (385 kB at 142 kB/s)
Progress (1): 0.7/1.7 MB
Progress (1): 0.8/1.7 MB
Progress (1): 0.8/1.7 MB
Progress (1): 0.8/1.7 MB
Progress (1): 0.8/1.7 MB
Progress (1): 0.8/1.7 MB
Progress (1): 0.8/1.7 MB
Progress (1): 0.9/1.7 MB
Progress (1): 0.9/1.7 MB
Progress (1): 0.9/1.7 MB
Progress (1): 0.9/1.7 MB
Progress (1): 0.9/1.7 MB
Progress (1): 0.9/1.7 MB
Progress (1): 1.0/1.7 MB
Progress (1): 1.0/1.7 MB
Progress (1): 1.0/1.7 MB
Progress (1): 1.0/1.7 MB
Progress (1): 1.0/1.7 MB
Progress (1): 1.0/1.7 MB
Progress (1): 1.1/1.7 MB
Progress (1): 1.1/1.7 MB
Progress (1): 1.1/1.7 MB
Progress (1): 1.1/1.7 MB
Progress (1): 1.1/1.7 MB
Progress (1): 1.1/1.7 MB
Progress (1): 1.2/1.7 MB
Progress (1): 1.2/1.7 MB
Progress (1): 1.2/1.7 MB
Progress (1): 1.2/1.7 MB
Progress (1): 1.2/1.7 MB
Progress (1): 1.2/1.7 MB
Progress (1): 1.3/1.7 MB
Progress (1): 1.3/1.7 MB
Progress (1): 1.3/1.7 MB
Progress (1): 1.3/1.7 MB
Progress (1): 1.3/1.7 MB
Progress (1): 1.3/1.7 MB
Progress (1): 1.4/1.7 MB
Progress (1): 1.4/1.7 MB
Progress (1): 1.4/1.7 MB
Progress (1): 1.4/1.7 MB
Progress (1): 1.4/1.7 MB
Progress (1): 1.4/1.7 MB
Progress (1): 1.4/1.7 MB
Progress (1): 1.5/1.7 MB
Progress (1): 1.5/1.7 MB
Progress (1): 1.5/1.7 MB
Progress (1): 1.5/1.7 MB
Progress (1): 1.5/1.7 MB
Progress (1): 1.5/1.7 MB
Progress (1): 1.6/1.7 MB
Progress (1): 1.6/1.7 MB
Progress (1): 1.6/1.7 MB
Progress (1): 1.6/1.7 MB
Progress (1): 1.6/1.7 MB
Progress (1): 1.6/1.7 MB
Progress (1): 1.7/1.7 MB
Progress (1): 1.7/1.7 MB
Progress (1): 1.7 MB    
                    
Downloaded from central: https://repo.maven.apache.org/maven2/org/apache/commons/commons-math3/3.2/commons-math3-3.2.jar (1.7 MB at 376 kB/s)
[INFO] 
[INFO] --- enforcer:3.0.0:enforce (enforce-maven) @ plexus-utils ---
Downloading from central: https://repo.maven.apache.org/maven2/org/apache/maven/maven-artifact/3.1.1/maven-artifact-3.1.1.pom
Progress (1): 845 B
Progress (1): 2.0 kB
                    
Downloaded from central: https://repo.maven.apache.org/maven2/org/apache/maven/maven-artifact/3.1.1/maven-artifact-3.1.1.pom (2.0 kB at 6.9 kB/s)
Downloading from central: https://repo.maven.apache.org/maven2/org/apache/maven/maven/3.1.1/maven-3.1.1.pom
Progress (1): 770 B
Progress (1): 1.9 kB
Progress (1): 3.7 kB
Progress (1): 7.6 kB
Progress (1): 13 kB 
Progress (1): 16 kB
Progress (1): 19 kB
Progress (1): 22 kB
                   
Downloaded from central: https://repo.maven.apache.org/maven2/org/apache/maven/maven/3.1.1/maven-3.1.1.pom (22 kB at 94 kB/s)
Downloading from central: https://repo.maven.apache.org/maven2/org/apache/maven/maven-parent/23/maven-parent-23.pom
Progress (1): 726 B
Progress (1): 2.0 kB
Progress (1): 5.9 kB
Progress (1): 10 kB 
Progress (1): 15 kB
Progress (1): 19 kB
Progress (1): 22 kB
Progress (1): 25 kB
Progress (1): 27 kB
Progress (1): 31 kB
Progress (1): 33 kB
                   
Downloaded from central: https://repo.maven.apache.org/maven2/org/apache/maven/maven-parent/23/maven-parent-23.pom (33 kB at 151 kB/s)
Downloading from central: https://repo.maven.apache.org/maven2/org/codehaus/plexus/plexus-utils/3.3.0/plexus-utils-3.3.0.pom
Progress (1): 801 B
Progress (1): 2.6 kB
Progress (1): 4.9 kB
Progress (1): 5.2 kB
                    
Downloaded from central: https://repo.maven.apache.org/maven2/org/codehaus/plexus/plexus-utils/3.3.0/plexus-utils-3.3.0.pom (5.2 kB at 26 kB/s)
Downloading from central: https://repo.maven.apache.org/maven2/org/codehaus/plexus/plexus/5.1/plexus-5.1.pom
Progress (1): 700 B
Progress (1): 2.7 kB
Progress (1): 6.5 kB
Progress (1): 9.1 kB
Progress (1): 12 kB 
Progress (1): 16 kB
Progress (1): 21 kB
Progress (1): 23 kB
                   
Downloaded from central: https://repo.maven.apache.org/maven2/org/codehaus/plexus/plexus/5.1/plexus-5.1.pom (23 kB at 110 kB/s)
Downloading from central: https://repo.maven.apache.org/maven2/org/apache/maven/maven-plugin-api/3.1.1/maven-plugin-api-3.1.1.pom
Progress (1): 816 B
Progress (1): 2.5 kB
Progress (1): 3.4 kB
                    
Downloaded from central: https://repo.maven.apache.org/maven2/org/apache/maven/maven-plugin-api/3.1.1/maven-plugin-api-3.1.1.pom (3.4 kB at 17 kB/s)
Downloading from central: https://repo.maven.apache.org/maven2/org/apache/maven/maven-model/3.1.1/maven-model-3.1.1.pom
Progress (1): 809 B
Progress (1): 2.3 kB
Progress (1): 4.1 kB
                    
Downloaded from central: https://repo.maven.apache.org/maven2/org/apache/maven/maven-model/3.1.1/maven-model-3.1.1.pom (4.1 kB at 4.3 kB/s)
Downloading from central: https://repo.maven.apache.org/maven2/org/eclipse/sisu/org.eclipse.sisu.plexus/0.0.0.M5/org.eclipse.sisu.plexus-0.0.0.M5.pom
Progress (1): 894 B
Progress (1): 3.6 kB
Progress (1): 4.8 kB
                    
Downloaded from central: https://repo.maven.apache.org/maven2/org/eclipse/sisu/org.eclipse.sisu.plexus/0.0.0.M5/org.eclipse.sisu.plexus-0.0.0.M5.pom (4.8 kB at 22 kB/s)
Downloading from central: https://repo.maven.apache.org/maven2/org/eclipse/sisu/sisu-plexus/0.0.0.M5/sisu-plexus-0.0.0.M5.pom
Progress (1): 861 B
Progress (1): 2.8 kB
Progress (1): 5.1 kB
Progress (1): 9.4 kB
Progress (1): 11 kB 
Progress (1): 13 kB
                   
Downloaded from central: https://repo.maven.apache.org/maven2/org/eclipse/sisu/sisu-plexus/0.0.0.M5/sisu-plexus-0.0.0.M5.pom (13 kB at 31 kB/s)
Downloading from central: https://repo.maven.apache.org/maven2/javax/enterprise/cdi-api/1.0/cdi-api-1.0.pom
Progress (1): 1.4 kB
                    
Downloaded from central: https://repo.maven.apache.org/maven2/javax/enterprise/cdi-api/1.0/cdi-api-1.0.pom (1.4 kB at 5.1 kB/s)
Downloading from central: https://repo.maven.apache.org/maven2/org/jboss/weld/weld-api-parent/1.0/weld-api-parent-1.0.pom
Progress (1): 1.1 kB
Progress (1): 2.4 kB
                    
Downloaded from central: https://repo.maven.apache.org/maven2/org/jboss/weld/weld-api-parent/1.0/weld-api-parent-1.0.pom (2.4 kB at 7.1 kB/s)
Downloading from central: https://repo.maven.apache.org/maven2/org/jboss/weld/weld-api-bom/1.0/weld-api-bom-1.0.pom
Progress (1): 987 B
Progress (1): 3.4 kB
Progress (1): 7.9 kB
Progress (1): 7.9 kB
                    
Downloaded from central: https://repo.maven.apache.org/maven2/org/jboss/weld/weld-api-bom/1.0/weld-api-bom-1.0.pom (7.9 kB at 9.2 kB/s)
Downloading from central: https://repo.maven.apache.org/maven2/org/jboss/weld/weld-parent/6/weld-parent-6.pom
Progress (1): 1.1 kB
Progress (1): 3.6 kB
Progress (1): 7.1 kB
Progress (1): 13 kB 
Progress (1): 17 kB
Progress (1): 20 kB
Progress (1): 21 kB
                   
Downloaded from central: https://repo.maven.apache.org/maven2/org/jboss/weld/weld-parent/6/weld-parent-6.pom (21 kB at 42 kB/s)
Downloading from central: https://repo.maven.apache.org/maven2/javax/annotation/jsr250-api/1.0/jsr250-api-1.0.pom
Progress (1): 1.0 kB
                    
Downloaded from central: https://repo.maven.apache.org/maven2/javax/annotation/jsr250-api/1.0/jsr250-api-1.0.pom (1.0 kB at 4.0 kB/s)
Downloading from central: https://repo.maven.apache.org/maven2/javax/inject/javax.inject/1/javax.inject-1.pom
Progress (1): 612 B
                   
Downloaded from central: https://repo.maven.apache.org/maven2/javax/inject/javax.inject/1/javax.inject-1.pom (612 B at 2.6 kB/s)
Downloading from central: https://repo.maven.apache.org/maven2/com/google/guava/guava/10.0.1/guava-10.0.1.pom
Progress (1): 916 B
Progress (1): 3.2 kB
Progress (1): 5.4 kB
                    
Downloaded from central: https://repo.maven.apache.org/maven2/com/google/guava/guava/10.0.1/guava-10.0.1.pom (5.4 kB at 18 kB/s)
Downloading from central: https://repo.maven.apache.org/maven2/com/google/guava/guava-parent/10.0.1/guava-parent-10.0.1.pom
Progress (1): 1.1 kB
Progress (1): 2.0 kB
                    
Downloaded from central: https://repo.maven.apache.org/maven2/com/google/guava/guava-parent/10.0.1/guava-parent-10.0.1.pom (2.0 kB at 8.0 kB/s)
Downloading from central: https://repo.maven.apache.org/maven2/com/google/code/findbugs/jsr305/1.3.9/jsr305-1.3.9.pom
Progress (1): 965 B
                   
Downloaded from central: https://repo.maven.apache.org/maven2/com/google/code/findbugs/jsr305/1.3.9/jsr305-1.3.9.pom (965 B at 3.3 kB/s)
Downloading from central: https://repo.maven.apache.org/maven2/org/sonatype/sisu/sisu-guice/3.1.0/sisu-guice-3.1.0.pom
Progress (1): 1.6 kB
Progress (1): 3.6 kB
Progress (1): 6.3 kB
Progress (1): 10 kB 
Progress (1): 10 kB
                   
Downloaded from central: https://repo.maven.apache.org/maven2/org/sonatype/sisu/sisu-guice/3.1.0/sisu-guice-3.1.0.pom (10 kB at 9.9 kB/s)
Downloading from central: https://repo.maven.apache.org/maven2/org/sonatype/sisu/inject/guice-parent/3.1.0/guice-parent-3.1.0.pom
Progress (1): 800 B
Progress (1): 2.6 kB
Progress (1): 4.5 kB
Progress (1): 6.9 kB
Progress (1): 9.2 kB
Progress (1): 11 kB 
                   
Downloaded from central: https://repo.maven.apache.org/maven2/org/sonatype/sisu/inject/guice-parent/3.1.0/guice-parent-3.1.0.pom (11 kB at 26 kB/s)
Downloading from central: https://repo.maven.apache.org/maven2/org/sonatype/forge/forge-parent/10/forge-parent-10.pom
Progress (1): 735 B
Progress (1): 2.6 kB
Progress (1): 8.6 kB
Progress (1): 12 kB 
Progress (1): 14 kB
                   
Downloaded from central: https://repo.maven.apache.org/maven2/org/sonatype/forge/forge-parent/10/forge-parent-10.pom (14 kB at 40 kB/s)
Downloading from central: https://repo.maven.apache.org/maven2/aopalliance/aopalliance/1.0/aopalliance-1.0.pom
Progress (1): 363 B
                   
Downloaded from central: https://repo.maven.apache.org/maven2/aopalliance/aopalliance/1.0/aopalliance-1.0.pom (363 B at 1.4 kB/s)
Downloading from central: https://repo.maven.apache.org/maven2/org/eclipse/sisu/org.eclipse.sisu.inject/0.0.0.M5/org.eclipse.sisu.inject-0.0.0.M5.pom
Progress (1): 922 B
Progress (1): 2.5 kB
                    
Downloaded from central: https://repo.maven.apache.org/maven2/org/eclipse/sisu/org.eclipse.sisu.inject/0.0.0.M5/org.eclipse.sisu.inject-0.0.0.M5.pom (2.5 kB at 9.3 kB/s)
Downloading from central: https://repo.maven.apache.org/maven2/org/eclipse/sisu/sisu-inject/0.0.0.M5/sisu-inject-0.0.0.M5.pom
Progress (1): 893 B
Progress (1): 2.9 kB
Progress (1): 5.1 kB
Progress (1): 7.7 kB
Progress (1): 10 kB 
Progress (1): 13 kB
Progress (1): 14 kB
                   
Downloaded from central: https://repo.maven.apache.org/maven2/org/eclipse/sisu/sisu-inject/0.0.0.M5/sisu-inject-0.0.0.M5.pom (14 kB at 35 kB/s)
Downloading from central: https://repo.maven.apache.org/maven2/org/codehaus/plexus/plexus-component-annotations/2.0.0/plexus-component-annotations-2.0.0.pom
Progress (1): 750 B
                   
Downloaded from central: https://repo.maven.apache.org/maven2/org/codehaus/plexus/plexus-component-annotations/2.0.0/plexus-component-annotations-2.0.0.pom (750 B at 3.0 kB/s)
Downloading from central: https://repo.maven.apache.org/maven2/org/codehaus/plexus/plexus-containers/2.0.0/plexus-containers-2.0.0.pom
Progress (1): 1.3 kB
Progress (1): 4.7 kB
Progress (1): 4.8 kB
                    
Downloaded from central: https://repo.maven.apache.org/maven2/org/codehaus/plexus/plexus-containers/2.0.0/plexus-containers-2.0.0.pom (4.8 kB at 17 kB/s)
Downloading from central: https://repo.maven.apache.org/maven2/org/codehaus/plexus/plexus-classworlds/2.4/plexus-classworlds-2.4.pom
Progress (1): 949 B
Progress (1): 2.9 kB
Progress (1): 3.9 kB
                    
Downloaded from central: https://repo.maven.apache.org/maven2/org/codehaus/plexus/plexus-classworlds/2.4/plexus-classworlds-2.4.pom (3.9 kB at 14 kB/s)
Downloading from central: https://repo.maven.apache.org/maven2/org/codehaus/plexus/plexus/2.0.7/plexus-2.0.7.pom
Progress (1): 711 B
Progress (1): 2.8 kB
Progress (1): 6.4 kB
Progress (1): 9.1 kB
Progress (1): 13 kB 
Progress (1): 17 kB
                   
Downloaded from central: https://repo.maven.apache.org/maven2/org/codehaus/plexus/plexus/2.0.7/plexus-2.0.7.pom (17 kB at 43 kB/s)
Downloading from central: https://repo.maven.apache.org/maven2/org/apache/maven/maven-core/3.1.1/maven-core-3.1.1.pom
Progress (1): 795 B
Progress (1): 3.6 kB
Progress (1): 5.8 kB
Progress (1): 7.3 kB
                    
Downloaded from central: https://repo.maven.apache.org/maven2/org/apache/maven/maven-core/3.1.1/maven-core-3.1.1.pom (7.3 kB at 15 kB/s)
Downloading from central: https://repo.maven.apache.org/maven2/org/apache/maven/maven-settings/3.1.1/maven-settings-3.1.1.pom
Progress (1): 830 B
Progress (1): 2.2 kB
                    
Downloaded from central: https://repo.maven.apache.org/maven2/org/apache/maven/maven-settings/3.1.1/maven-settings-3.1.1.pom (2.2 kB at 6.0 kB/s)
Downloading from central: https://repo.maven.apache.org/maven2/org/apache/maven/maven-settings-builder/3.1.1/maven-settings-builder-3.1.1.pom
Progress (1): 823 B
Progress (1): 2.6 kB
                    
Downloaded from central: https://repo.maven.apache.org/maven2/org/apache/maven/maven-settings-builder/3.1.1/maven-settings-builder-3.1.1.pom (2.6 kB at 7.5 kB/s)
Downloading from central: https://repo.maven.apache.org/maven2/org/codehaus/plexus/plexus-interpolation/1.19/plexus-interpolation-1.19.pom
Progress (1): 1.0 kB
                    
Downloaded from central: https://repo.maven.apache.org/maven2/org/codehaus/plexus/plexus-interpolation/1.19/plexus-interpolation-1.19.pom (1.0 kB at 3.6 kB/s)
Downloading from central: https://repo.maven.apache.org/maven2/org/codehaus/plexus/plexus-components/1.3.1/plexus-components-1.3.1.pom
Progress (1): 1.3 kB
Progress (1): 3.1 kB
                    
Downloaded from central: https://repo.maven.apache.org/maven2/org/codehaus/plexus/plexus-components/1.3.1/plexus-components-1.3.1.pom (3.1 kB at 9.4 kB/s)
Downloading from central: https://repo.maven.apache.org/maven2/org/codehaus/plexus/plexus/3.3.1/plexus-3.3.1.pom
Progress (1): 792 B
Progress (1): 2.6 kB
Progress (1): 6.2 kB
Progress (1): 8.6 kB
Progress (1): 11 kB 
Progress (1): 16 kB
Progress (1): 20 kB
Progress (1): 20 kB
                   
Downloaded from central: https://repo.maven.apache.org/maven2/org/codehaus/plexus/plexus/3.3.1/plexus-3.3.1.pom (20 kB at 48 kB/s)
Downloading from central: https://repo.maven.apache.org/maven2/org/sonatype/spice/spice-parent/17/spice-parent-17.pom
Progress (1): 1.2 kB
Progress (1): 3.4 kB
Progress (1): 6.7 kB
Progress (1): 6.8 kB
                    
Downloaded from central: https://repo.maven.apache.org/maven2/org/sonatype/spice/spice-parent/17/spice-parent-17.pom (6.8 kB at 8.1 kB/s)
Downloading from central: https://repo.maven.apache.org/maven2/org/sonatype/plexus/plexus-sec-dispatcher/1.3/plexus-sec-dispatcher-1.3.pom
Progress (1): 1.3 kB
Progress (1): 3.0 kB
                    
Downloaded from central: https://repo.maven.apache.org/maven2/org/sonatype/plexus/plexus-sec-dispatcher/1.3/plexus-sec-dispatcher-1.3.pom (3.0 kB at 12 kB/s)
Downloading from central: https://repo.maven.apache.org/maven2/org/sonatype/spice/spice-parent/12/spice-parent-12.pom
Progress (1): 1.2 kB
Progress (1): 4.2 kB
Progress (1): 6.8 kB
                    
Downloaded from central: https://repo.maven.apache.org/maven2/org/sonatype/spice/spice-parent/12/spice-parent-12.pom (6.8 kB at 13 kB/s)
Downloading from central: https://repo.maven.apache.org/maven2/org/sonatype/forge/forge-parent/4/forge-parent-4.pom
Progress (1): 1.4 kB
Progress (1): 5.8 kB
Progress (1): 8.4 kB
                    
Downloaded from central: https://repo.maven.apache.org/maven2/org/sonatype/forge/forge-parent/4/forge-parent-4.pom (8.4 kB at 16 kB/s)
Downloading from central: https://repo.maven.apache.org/maven2/org/sonatype/plexus/plexus-cipher/1.4/plexus-cipher-1.4.pom
Progress (1): 1.4 kB
Progress (1): 2.1 kB
                    
Downloaded from central: https://repo.maven.apache.org/maven2/org/sonatype/plexus/plexus-cipher/1.4/plexus-cipher-1.4.pom (2.1 kB at 8.9 kB/s)
Downloading from central: https://repo.maven.apache.org/maven2/org/apache/maven/maven-repository-metadata/3.1.1/maven-repository-metadata-3.1.1.pom
Progress (1): 823 B
Progress (1): 2.2 kB
                    
Downloaded from central: https://repo.maven.apache.org/maven2/org/apache/maven/maven-repository-metadata/3.1.1/maven-repository-metadata-3.1.1.pom (2.2 kB at 9.2 kB/s)
Downloading from central: https://repo.maven.apache.org/maven2/org/apache/maven/maven-model-builder/3.1.1/maven-model-builder-3.1.1.pom
Progress (1): 838 B
Progress (1): 2.7 kB
Progress (1): 2.8 kB
                    
Downloaded from central: https://repo.maven.apache.org/maven2/org/apache/maven/maven-model-builder/3.1.1/maven-model-builder-3.1.1.pom (2.8 kB at 11 kB/s)
Downloading from central: https://repo.maven.apache.org/maven2/org/apache/maven/maven-aether-provider/3.1.1/maven-aether-provider-3.1.1.pom
Progress (1): 813 B
Progress (1): 3.0 kB
Progress (1): 4.1 kB
                    
Downloaded from central: https://repo.maven.apache.org/maven2/org/apache/maven/maven-aether-provider/3.1.1/maven-aether-provider-3.1.1.pom (4.1 kB at 16 kB/s)
Downloading from central: https://repo.maven.apache.org/maven2/org/eclipse/aether/aether-api/0.9.0.M2/aether-api-0.9.0.M2.pom
Progress (1): 941 B
Progress (1): 1.7 kB
                    
Downloaded from central: https://repo.maven.apache.org/maven2/org/eclipse/aether/aether-api/0.9.0.M2/aether-api-0.9.0.M2.pom (1.7 kB at 1.4 kB/s)
Downloading from central: https://repo.maven.apache.org/maven2/org/eclipse/aether/aether/0.9.0.M2/aether-0.9.0.M2.pom
Progress (1): 807 B
Progress (1): 3.2 kB
Progress (1): 5.9 kB
Progress (1): 9.8 kB
Progress (1): 13 kB 
Progress (1): 17 kB
Progress (1): 20 kB
Progress (1): 24 kB
Progress (1): 28 kB
                   
Downloaded from central: https://repo.maven.apache.org/maven2/org/eclipse/aether/aether/0.9.0.M2/aether-0.9.0.M2.pom (28 kB at 68 kB/s)
Downloading from central: https://repo.maven.apache.org/maven2/org/eclipse/aether/aether-spi/0.9.0.M2/aether-spi-0.9.0.M2.pom
Progress (1): 938 B
Progress (1): 1.8 kB
                    
Downloaded from central: https://repo.maven.apache.org/maven2/org/eclipse/aether/aether-spi/0.9.0.M2/aether-spi-0.9.0.M2.pom (1.8 kB at 7.5 kB/s)
Downloading from central: https://repo.maven.apache.org/maven2/org/eclipse/aether/aether-util/0.9.0.M2/aether-util-0.9.0.M2.pom
Progress (1): 935 B
Progress (1): 2.0 kB
                    
Downloaded from central: https://repo.maven.apache.org/maven2/org/eclipse/aether/aether-util/0.9.0.M2/aether-util-0.9.0.M2.pom (2.0 kB at 8.2 kB/s)
Downloading from central: https://repo.maven.apache.org/maven2/org/eclipse/aether/aether-impl/0.9.0.M2/aether-impl-0.9.0.M2.pom
Progress (1): 944 B
Progress (1): 3.3 kB
                    
Downloaded from central: https://repo.maven.apache.org/maven2/org/eclipse/aether/aether-impl/0.9.0.M2/aether-impl-0.9.0.M2.pom (3.3 kB at 14 kB/s)
Downloading from central: https://repo.maven.apache.org/maven2/org/codehaus/plexus/plexus-classworlds/2.5.1/plexus-classworlds-2.5.1.pom
Progress (1): 931 B
Progress (1): 3.0 kB
Progress (1): 5.0 kB
                    
Downloaded from central: https://repo.maven.apache.org/maven2/org/codehaus/plexus/plexus-classworlds/2.5.1/plexus-classworlds-2.5.1.pom (5.0 kB at 20 kB/s)
Downloading from central: https://repo.maven.apache.org/maven2/org/apache/maven/enforcer/enforcer-api/3.0.0/enforcer-api-3.0.0.pom
Progress (1): 850 B
Progress (1): 2.5 kB
Progress (1): 3.0 kB
                    
Downloaded from central: https://repo.maven.apache.org/maven2/org/apache/maven/enforcer/enforcer-api/3.0.0/enforcer-api-3.0.0.pom (3.0 kB at 12 kB/s)
Downloading from central: https://repo.maven.apache.org/maven2/org/apache/maven/enforcer/enforcer-rules/3.0.0/enforcer-rules-3.0.0.pom
Progress (1): 841 B
Progress (1): 3.7 kB
Progress (1): 4.7 kB
                    
Downloaded from central: https://repo.maven.apache.org/maven2/org/apache/maven/enforcer/enforcer-rules/3.0.0/enforcer-rules-3.0.0.pom (4.7 kB at 18 kB/s)
Downloading from central: https://repo.maven.apache.org/maven2/org/apache/maven/shared/maven-common-artifact-filters/3.2.0/maven-common-artifact-filters-3.2.0.pom
Progress (1): 795 B
Progress (1): 2.3 kB
Progress (1): 5.3 kB
Progress (1): 6.9 kB
                    
Downloaded from central: https://repo.maven.apache.org/maven2/org/apache/maven/shared/maven-common-artifact-filters/3.2.0/maven-common-artifact-filters-3.2.0.pom (6.9 kB at 12 kB/s)
Downloading from central: https://repo.maven.apache.org/maven2/org/apache/maven/shared/maven-shared-components/34/maven-shared-components-34.pom
Progress (1): 781 B
Progress (1): 2.3 kB
Progress (1): 4.6 kB
Progress (1): 5.1 kB
                    
Downloaded from central: https://repo.maven.apache.org/maven2/org/apache/maven/shared/maven-shared-components/34/maven-shared-components-34.pom (5.1 kB at 13 kB/s)
Downloading from central: https://repo.maven.apache.org/maven2/commons-io/commons-io/2.11.0/commons-io-2.11.0.pom
Progress (1): 764 B
Progress (1): 2.1 kB
Progress (1): 5.2 kB
Progress (1): 7.8 kB
Progress (1): 10 kB 
Progress (1): 12 kB
Progress (1): 15 kB
Progress (1): 18 kB
Progress (1): 20 kB
                   
Downloaded from central: https://repo.maven.apache.org/maven2/commons-io/commons-io/2.11.0/commons-io-2.11.0.pom (20 kB at 38 kB/s)
Downloading from central: https://repo.maven.apache.org/maven2/org/apache/commons/commons-parent/52/commons-parent-52.pom
Progress (1): 703 B
Progress (1): 1.8 kB
Progress (1): 3.1 kB
Progress (1): 4.6 kB
Progress (1): 6.7 kB
Progress (1): 8.1 kB
Progress (1): 10 kB 
Progress (1): 12 kB
Progress (1): 15 kB
Progress (1): 17 kB
Progress (1): 20 kB
Progress (1): 22 kB
Progress (1): 25 kB
Progress (1): 29 kB
Progress (1): 32 kB
Progress (1): 32 kB
Progress (1): 36 kB
Progress (1): 39 kB
Progress (1): 42 kB
Progress (1): 44 kB
Progress (1): 47 kB
Progress (1): 51 kB
Progress (1): 54 kB
Progress (1): 56 kB
Progress (1): 61 kB
Progress (1): 65 kB
Progress (1): 73 kB
Progress (1): 76 kB
Progress (1): 79 kB
                   
Downloaded from central: https://repo.maven.apache.org/maven2/org/apache/commons/commons-parent/52/commons-parent-52.pom (79 kB at 56 kB/s)
Downloading from central: https://repo.maven.apache.org/maven2/org/junit/junit-bom/5.7.2/junit-bom-5.7.2.pom
Progress (1): 912 B
Progress (1): 4.1 kB
Progress (1): 5.1 kB
                    
Downloaded from central: https://repo.maven.apache.org/maven2/org/junit/junit-bom/5.7.2/junit-bom-5.7.2.pom (5.1 kB at 15 kB/s)
Downloading from central: https://repo.maven.apache.org/maven2/org/apache/maven/shared/maven-shared-utils/3.3.3/maven-shared-utils-3.3.3.pom
Progress (1): 815 B
Progress (1): 2.3 kB
Progress (1): 3.2 kB
Progress (1): 5.8 kB
                    
Downloaded from central: https://repo.maven.apache.org/maven2/org/apache/maven/shared/maven-shared-utils/3.3.3/maven-shared-utils-3.3.3.pom (5.8 kB at 19 kB/s)
Downloading from central: https://repo.maven.apache.org/maven2/org/apache/commons/commons-lang3/3.12.0/commons-lang3-3.12.0.pom
Progress (1): 786 B
Progress (1): 2.2 kB
Progress (1): 5.8 kB
Progress (1): 7.7 kB
Progress (1): 11 kB 
Progress (1): 14 kB
Progress (1): 16 kB
Progress (1): 18 kB
Progress (1): 20 kB
Progress (1): 22 kB
Progress (1): 26 kB
Progress (1): 29 kB
Progress (1): 31 kB
                   
Downloaded from central: https://repo.maven.apache.org/maven2/org/apache/commons/commons-lang3/3.12.0/commons-lang3-3.12.0.pom (31 kB at 62 kB/s)
Downloading from central: https://repo.maven.apache.org/maven2/org/junit/junit-bom/5.7.1/junit-bom-5.7.1.pom
Progress (1): 912 B
Progress (1): 4.1 kB
Progress (1): 5.1 kB
                    
Downloaded from central: https://repo.maven.apache.org/maven2/org/junit/junit-bom/5.7.1/junit-bom-5.7.1.pom (5.1 kB at 21 kB/s)
Downloading from central: https://repo.maven.apache.org/maven2/commons-codec/commons-codec/1.15/commons-codec-1.15.pom
Progress (1): 754 B
Progress (1): 2.0 kB
Progress (1): 4.0 kB
Progress (1): 6.4 kB
Progress (1): 8.3 kB
Progress (1): 10 kB 
Progress (1): 13 kB
Progress (1): 15 kB
                   
Downloaded from central: https://repo.maven.apache.org/maven2/commons-codec/commons-codec/1.15/commons-codec-1.15.pom (15 kB at 46 kB/s)
Downloading from central: https://repo.maven.apache.org/maven2/org/apache-extras/beanshell/bsh/2.0b6/bsh-2.0b6.pom
Progress (1): 878 B
Progress (1): 2.2 kB
Progress (1): 4.9 kB
Progress (1): 5.0 kB
                    
Downloaded from central: https://repo.maven.apache.org/maven2/org/apache-extras/beanshell/bsh/2.0b6/bsh-2.0b6.pom (5.0 kB at 20 kB/s)
Downloading from central: https://repo.maven.apache.org/maven2/org/apache/maven/shared/maven-dependency-tree/3.1.0/maven-dependency-tree-3.1.0.pom
Progress (1): 797 B
Progress (1): 2.3 kB
Progress (1): 4.7 kB
Progress (1): 6.9 kB
                    
Downloaded from central: https://repo.maven.apache.org/maven2/org/apache/maven/shared/maven-dependency-tree/3.1.0/maven-dependency-tree-3.1.0.pom (6.9 kB at 8.7 kB/s)
Downloading from central: https://repo.maven.apache.org/maven2/org/apache/maven/resolver/maven-resolver-util/1.6.1/maven-resolver-util-1.6.1.pom
Progress (1): 825 B
Progress (1): 2.7 kB
Progress (1): 2.8 kB
                    
Downloaded from central: https://repo.maven.apache.org/maven2/org/apache/maven/resolver/maven-resolver-util/1.6.1/maven-resolver-util-1.6.1.pom (2.8 kB at 10 kB/s)
Downloading from central: https://repo.maven.apache.org/maven2/org/apache/maven/resolver/maven-resolver/1.6.1/maven-resolver-1.6.1.pom
Progress (1): 766 B
Progress (1): 2.2 kB
Progress (1): 5.5 kB
Progress (1): 9.0 kB
Progress (1): 13 kB 
Progress (1): 16 kB
Progress (1): 19 kB
                   
Downloaded from central: https://repo.maven.apache.org/maven2/org/apache/maven/resolver/maven-resolver/1.6.1/maven-resolver-1.6.1.pom (19 kB at 21 kB/s)
Downloading from central: https://repo.maven.apache.org/maven2/org/apache/maven/resolver/maven-resolver-api/1.6.1/maven-resolver-api-1.6.1.pom
Progress (1): 843 B
Progress (1): 2.5 kB
Progress (1): 2.6 kB
                    
Downloaded from central: https://repo.maven.apache.org/maven2/org/apache/maven/resolver/maven-resolver-api/1.6.1/maven-resolver-api-1.6.1.pom (2.6 kB at 11 kB/s)
Downloading from central: https://repo.maven.apache.org/maven2/org/apache/maven/maven-compat/3.1.1/maven-compat-3.1.1.pom
Progress (1): 838 B
Progress (1): 3.2 kB
Progress (1): 4.0 kB
                    
Downloaded from central: https://repo.maven.apache.org/maven2/org/apache/maven/maven-compat/3.1.1/maven-compat-3.1.1.pom (4.0 kB at 16 kB/s)
Downloading from central: https://repo.maven.apache.org/maven2/org/apache/maven/wagon/wagon-provider-api/2.4/wagon-provider-api-2.4.pom
Progress (1): 831 B
Progress (1): 1.7 kB
                    
Downloaded from central: https://repo.maven.apache.org/maven2/org/apache/maven/wagon/wagon-provider-api/2.4/wagon-provider-api-2.4.pom (1.7 kB at 7.6 kB/s)
Downloading from central: https://repo.maven.apache.org/maven2/org/apache/maven/wagon/wagon/2.4/wagon-2.4.pom
Progress (1): 748 B
Progress (1): 2.3 kB
Progress (1): 5.0 kB
Progress (1): 8.7 kB
Progress (1): 12 kB 
Progress (1): 15 kB
Progress (1): 20 kB
Progress (1): 20 kB
                   
Downloaded from central: https://repo.maven.apache.org/maven2/org/apache/maven/wagon/wagon/2.4/wagon-2.4.pom (20 kB at 56 kB/s)
Downloading from central: https://repo.maven.apache.org/maven2/org/apache/maven/maven-artifact/3.1.1/maven-artifact-3.1.1.jar
Progress (1): 7.7/52 kB
Progress (1): 11/52 kB 
Progress (1): 28/52 kB
Progress (1): 44/52 kB
Progress (1): 52 kB   
                   
Downloaded from central: https://repo.maven.apache.org/maven2/org/apache/maven/maven-artifact/3.1.1/maven-artifact-3.1.1.jar (52 kB at 25 kB/s)
Downloading from central: https://repo.maven.apache.org/maven2/org/apache/maven/maven-plugin-api/3.1.1/maven-plugin-api-3.1.1.jar
Downloading from central: https://repo.maven.apache.org/maven2/org/apache/maven/maven-model/3.1.1/maven-model-3.1.1.jar
Downloading from central: https://repo.maven.apache.org/maven2/org/eclipse/sisu/org.eclipse.sisu.plexus/0.0.0.M5/org.eclipse.sisu.plexus-0.0.0.M5.jar
Downloading from central: https://repo.maven.apache.org/maven2/javax/enterprise/cdi-api/1.0/cdi-api-1.0.jar
Downloading from central: https://repo.maven.apache.org/maven2/javax/annotation/jsr250-api/1.0/jsr250-api-1.0.jar
Progress (1): 0.9/5.8 kB
Progress (1): 2.3/5.8 kB
Progress (1): 3.6/5.8 kB
Progress (1): 5.0/5.8 kB
Progress (1): 5.8 kB    
                    
Downloaded from central: https://repo.maven.apache.org/maven2/javax/annotation/jsr250-api/1.0/jsr250-api-1.0.jar (5.8 kB at 25 kB/s)
Downloading from central: https://repo.maven.apache.org/maven2/javax/inject/javax.inject/1/javax.inject-1.jar
Progress (1): 16/154 kB
Progress (1): 33/154 kB
Progress (2): 33/154 kB | 0.9/197 kB
Progress (2): 33/154 kB | 2.3/197 kB
Progress (2): 33/154 kB | 3.6/197 kB
Progress (2): 33/154 kB | 5.0/197 kB
Progress (2): 33/154 kB | 6.4/197 kB
Progress (2): 33/154 kB | 7.7/197 kB
Progress (2): 33/154 kB | 9.1/197 kB
Progress (2): 33/154 kB | 13/197 kB 
Progress (2): 33/154 kB | 18/197 kB
Progress (2): 33/154 kB | 22/197 kB
Progress (2): 33/154 kB | 26/197 kB
Progress (2): 33/154 kB | 28/197 kB
Progress (2): 33/154 kB | 32/197 kB
Progress (2): 33/154 kB | 36/197 kB
Progress (2): 33/154 kB | 40/197 kB
Progress (2): 33/154 kB | 45/197 kB
Progress (2): 33/154 kB | 49/197 kB
Progress (2): 33/154 kB | 53/197 kB
Progress (2): 33/154 kB | 57/197 kB
Progress (2): 33/154 kB | 62/197 kB
Progress (2): 33/154 kB | 66/197 kB
Progress (2): 33/154 kB | 70/197 kB
Progress (2): 33/154 kB | 74/197 kB
Progress (2): 33/154 kB | 79/197 kB
Progress (3): 33/154 kB | 79/197 kB | 7.7/45 kB
Progress (3): 33/154 kB | 79/197 kB | 8.2/45 kB
Progress (4): 33/154 kB | 79/197 kB | 8.2/45 kB | 0.9/2.5 kB
Progress (4): 33/154 kB | 79/197 kB | 8.2/45 kB | 2.3/2.5 kB
Progress (4): 33/154 kB | 79/197 kB | 8.2/45 kB | 2.5 kB    
                                                        
Downloaded from central: https://repo.maven.apache.org/maven2/javax/inject/javax.inject/1/javax.inject-1.jar (2.5 kB at 5.7 kB/s)
Downloading from central: https://repo.maven.apache.org/maven2/com/google/guava/guava/10.0.1/guava-10.0.1.jar
Progress (3): 33/154 kB | 79/197 kB | 25/45 kB
Progress (3): 33/154 kB | 79/197 kB | 41/45 kB
Progress (3): 49/154 kB | 79/197 kB | 41/45 kB
Progress (3): 49/154 kB | 79/197 kB | 45 kB   
                                           
Downloaded from central: https://repo.maven.apache.org/maven2/javax/enterprise/cdi-api/1.0/cdi-api-1.0.jar (45 kB at 86 kB/s)
Downloading from central: https://repo.maven.apache.org/maven2/com/google/code/findbugs/jsr305/1.3.9/jsr305-1.3.9.jar
Progress (2): 66/154 kB | 79/197 kB
Progress (2): 66/154 kB | 83/197 kB
Progress (2): 66/154 kB | 87/197 kB
Progress (2): 66/154 kB | 91/197 kB
Progress (2): 66/154 kB | 95/197 kB
Progress (2): 66/154 kB | 100/197 kB
Progress (2): 66/154 kB | 104/197 kB
Progress (2): 66/154 kB | 108/197 kB
Progress (2): 66/154 kB | 112/197 kB
Progress (2): 66/154 kB | 117/197 kB
Progress (2): 82/154 kB | 117/197 kB
Progress (2): 98/154 kB | 117/197 kB
Progress (2): 115/154 kB | 117/197 kB
Progress (3): 115/154 kB | 117/197 kB | 0/1.5 MB
Progress (3): 115/154 kB | 117/197 kB | 0/1.5 MB
Progress (3): 115/154 kB | 117/197 kB | 0/1.5 MB
Progress (3): 115/154 kB | 117/197 kB | 0/1.5 MB
Progress (3): 131/154 kB | 117/197 kB | 0/1.5 MB
Progress (3): 147/154 kB | 117/197 kB | 0/1.5 MB
Progress (3): 154 kB | 117/197 kB | 0/1.5 MB    
                                            
Downloaded from central: https://repo.maven.apache.org/maven2/org/apache/maven/maven-model/3.1.1/maven-model-3.1.1.jar (154 kB at 207 kB/s)
Downloading from central: https://repo.maven.apache.org/maven2/org/sonatype/sisu/sisu-guice/3.1.0/sisu-guice-3.1.0-no_aop.jar
Progress (3): 117/197 kB | 0/1.5 MB | 7.7/33 kB
Progress (3): 117/197 kB | 0/1.5 MB | 16/33 kB 
Progress (3): 117/197 kB | 0/1.5 MB | 16/33 kB
Progress (3): 117/197 kB | 0/1.5 MB | 16/33 kB
Progress (3): 117/197 kB | 0/1.5 MB | 16/33 kB
Progress (3): 117/197 kB | 0/1.5 MB | 16/33 kB
Progress (3): 117/197 kB | 0/1.5 MB | 16/33 kB
Progress (3): 117/197 kB | 0/1.5 MB | 16/33 kB
Progress (3): 117/197 kB | 0/1.5 MB | 16/33 kB
Progress (3): 117/197 kB | 0/1.5 MB | 16/33 kB
Progress (3): 117/197 kB | 0/1.5 MB | 16/33 kB
Progress (3): 117/197 kB | 0/1.5 MB | 16/33 kB
Progress (3): 117/197 kB | 0/1.5 MB | 16/33 kB
Progress (3): 117/197 kB | 0/1.5 MB | 16/33 kB
Progress (3): 117/197 kB | 0/1.5 MB | 16/33 kB
Progress (3): 117/197 kB | 0/1.5 MB | 16/33 kB
Progress (3): 117/197 kB | 0.1/1.5 MB | 16/33 kB
Progress (3): 117/197 kB | 0.1/1.5 MB | 16/33 kB
Progress (3): 117/197 kB | 0.1/1.5 MB | 16/33 kB
Progress (3): 117/197 kB | 0.1/1.5 MB | 16/33 kB
Progress (3): 117/197 kB | 0.1/1.5 MB | 16/33 kB
Progress (3): 117/197 kB | 0.1/1.5 MB | 16/33 kB
Progress (3): 117/197 kB | 0.1/1.5 MB | 16/33 kB
Progress (3): 117/197 kB | 0.1/1.5 MB | 16/33 kB
Progress (3): 117/197 kB | 0.1/1.5 MB | 16/33 kB
Progress (3): 117/197 kB | 0.1/1.5 MB | 16/33 kB
Progress (3): 117/197 kB | 0.1/1.5 MB | 16/33 kB
Progress (3): 117/197 kB | 0.1/1.5 MB | 16/33 kB
Progress (3): 117/197 kB | 0.1/1.5 MB | 16/33 kB
Progress (3): 117/197 kB | 0.1/1.5 MB | 16/33 kB
Progress (3): 117/197 kB | 0.1/1.5 MB | 16/33 kB
Progress (3): 117/197 kB | 0.1/1.5 MB | 16/33 kB
Progress (3): 117/197 kB | 0.1/1.5 MB | 16/33 kB
Progress (3): 117/197 kB | 0.1/1.5 MB | 16/33 kB
Progress (3): 117/197 kB | 0.1/1.5 MB | 16/33 kB
Progress (3): 117/197 kB | 0.1/1.5 MB | 16/33 kB
Progress (3): 117/197 kB | 0.1/1.5 MB | 16/33 kB
Progress (3): 117/197 kB | 0.1/1.5 MB | 16/33 kB
Progress (3): 117/197 kB | 0.1/1.5 MB | 16/33 kB
Progress (3): 117/197 kB | 0.1/1.5 MB | 16/33 kB
Progress (3): 117/197 kB | 0.2/1.5 MB | 16/33 kB
Progress (3): 117/197 kB | 0.2/1.5 MB | 16/33 kB
Progress (3): 117/197 kB | 0.2/1.5 MB | 16/33 kB
Progress (3): 117/197 kB | 0.2/1.5 MB | 16/33 kB
Progress (3): 117/197 kB | 0.2/1.5 MB | 16/33 kB
Progress (3): 117/197 kB | 0.2/1.5 MB | 16/33 kB
Progress (3): 117/197 kB | 0.2/1.5 MB | 16/33 kB
Progress (3): 117/197 kB | 0.2/1.5 MB | 32/33 kB
Progress (3): 117/197 kB | 0.2/1.5 MB | 33 kB   
                                             
Downloaded from central: https://repo.maven.apache.org/maven2/com/google/code/findbugs/jsr305/1.3.9/jsr305-1.3.9.jar (33 kB at 35 kB/s)
Downloading from central: https://repo.maven.apache.org/maven2/aopalliance/aopalliance/1.0/aopalliance-1.0.jar
Progress (2): 121/197 kB | 0.2/1.5 MB
Progress (2): 125/197 kB | 0.2/1.5 MB
Progress (2): 129/197 kB | 0.2/1.5 MB
Progress (2): 133/197 kB | 0.2/1.5 MB
Progress (2): 138/197 kB | 0.2/1.5 MB
Progress (2): 142/197 kB | 0.2/1.5 MB
Progress (2): 146/197 kB | 0.2/1.5 MB
Progress (2): 150/197 kB | 0.2/1.5 MB
Progress (2): 155/197 kB | 0.2/1.5 MB
Progress (2): 159/197 kB | 0.2/1.5 MB
Progress (2): 163/197 kB | 0.2/1.5 MB
Progress (2): 167/197 kB | 0.2/1.5 MB
Progress (2): 172/197 kB | 0.2/1.5 MB
Progress (2): 176/197 kB | 0.2/1.5 MB
Progress (2): 192/197 kB | 0.2/1.5 MB
Progress (2): 197 kB | 0.2/1.5 MB    
                                 
Downloaded from central: https://repo.maven.apache.org/maven2/org/eclipse/sisu/org.eclipse.sisu.plexus/0.0.0.M5/org.eclipse.sisu.plexus-0.0.0.M5.jar (197 kB at 205 kB/s)
Downloading from central: https://repo.maven.apache.org/maven2/org/eclipse/sisu/org.eclipse.sisu.inject/0.0.0.M5/org.eclipse.sisu.inject-0.0.0.M5.jar
Progress (2): 0.2/1.5 MB | 7.7/45 kB
Progress (2): 0.2/1.5 MB | 16/45 kB 
Progress (2): 0.2/1.5 MB | 16/45 kB
Progress (2): 0.2/1.5 MB | 16/45 kB
Progress (2): 0.2/1.5 MB | 16/45 kB
Progress (2): 0.2/1.5 MB | 16/45 kB
Progress (2): 0.3/1.5 MB | 16/45 kB
Progress (2): 0.3/1.5 MB | 16/45 kB
Progress (2): 0.3/1.5 MB | 16/45 kB
Progress (2): 0.3/1.5 MB | 16/45 kB
Progress (2): 0.3/1.5 MB | 16/45 kB
Progress (2): 0.3/1.5 MB | 32/45 kB
Progress (2): 0.3/1.5 MB | 32/45 kB
Progress (3): 0.3/1.5 MB | 32/45 kB | 7.7/357 kB
Progress (3): 0.3/1.5 MB | 32/45 kB | 7.7/357 kB
Progress (3): 0.3/1.5 MB | 32/45 kB | 24/357 kB 
Progress (3): 0.3/1.5 MB | 32/45 kB | 40/357 kB
Progress (3): 0.3/1.5 MB | 32/45 kB | 57/357 kB
Progress (3): 0.3/1.5 MB | 32/45 kB | 73/357 kB
Progress (3): 0.3/1.5 MB | 32/45 kB | 90/357 kB
Progress (3): 0.3/1.5 MB | 32/45 kB | 90/357 kB
Progress (3): 0.4/1.5 MB | 32/45 kB | 90/357 kB
Progress (3): 0.4/1.5 MB | 32/45 kB | 90/357 kB
Progress (3): 0.4/1.5 MB | 32/45 kB | 90/357 kB
Progress (3): 0.4/1.5 MB | 32/45 kB | 90/357 kB
Progress (3): 0.4/1.5 MB | 32/45 kB | 90/357 kB
Progress (3): 0.4/1.5 MB | 32/45 kB | 90/357 kB
Progress (3): 0.5/1.5 MB | 32/45 kB | 90/357 kB
Progress (3): 0.5/1.5 MB | 32/45 kB | 90/357 kB
Progress (3): 0.5/1.5 MB | 32/45 kB | 90/357 kB
Progress (3): 0.5/1.5 MB | 32/45 kB | 90/357 kB
Progress (3): 0.5/1.5 MB | 32/45 kB | 90/357 kB
Progress (3): 0.5/1.5 MB | 32/45 kB | 90/357 kB
Progress (3): 0.6/1.5 MB | 32/45 kB | 90/357 kB
Progress (3): 0.6/1.5 MB | 32/45 kB | 90/357 kB
Progress (3): 0.6/1.5 MB | 32/45 kB | 90/357 kB
Progress (4): 0.6/1.5 MB | 32/45 kB | 90/357 kB | 7.7/291 kB
Progress (4): 0.6/1.5 MB | 32/45 kB | 90/357 kB | 15/291 kB 
Progress (4): 0.6/1.5 MB | 32/45 kB | 90/357 kB | 32/291 kB
Progress (4): 0.6/1.5 MB | 32/45 kB | 90/357 kB | 48/291 kB
Progress (4): 0.6/1.5 MB | 32/45 kB | 90/357 kB | 65/291 kB
Progress (5): 0.6/1.5 MB | 32/45 kB | 90/357 kB | 65/291 kB | 4.5 kB
                                                                    
Downloaded from central: https://repo.maven.apache.org/maven2/aopalliance/aopalliance/1.0/aopalliance-1.0.jar (4.5 kB at 3.3 kB/s)
Downloading from central: https://repo.maven.apache.org/maven2/org/apache/maven/maven-core/3.1.1/maven-core-3.1.1.jar
Progress (4): 0.6/1.5 MB | 32/45 kB | 90/357 kB | 65/291 kB
Progress (4): 0.6/1.5 MB | 32/45 kB | 106/357 kB | 65/291 kB
Progress (4): 0.6/1.5 MB | 32/45 kB | 122/357 kB | 65/291 kB
Progress (4): 0.6/1.5 MB | 32/45 kB | 122/357 kB | 65/291 kB
Progress (4): 0.6/1.5 MB | 32/45 kB | 122/357 kB | 65/291 kB
Progress (4): 0.7/1.5 MB | 32/45 kB | 122/357 kB | 65/291 kB
Progress (4): 0.7/1.5 MB | 32/45 kB | 122/357 kB | 65/291 kB
Progress (4): 0.7/1.5 MB | 32/45 kB | 122/357 kB | 65/291 kB
Progress (4): 0.7/1.5 MB | 32/45 kB | 122/357 kB | 65/291 kB
Progress (4): 0.7/1.5 MB | 32/45 kB | 122/357 kB | 65/291 kB
Progress (4): 0.7/1.5 MB | 32/45 kB | 122/357 kB | 65/291 kB
Progress (4): 0.8/1.5 MB | 32/45 kB | 122/357 kB | 65/291 kB
Progress (4): 0.8/1.5 MB | 32/45 kB | 139/357 kB | 65/291 kB
Progress (4): 0.8/1.5 MB | 32/45 kB | 139/357 kB | 65/291 kB
Progress (4): 0.8/1.5 MB | 32/45 kB | 139/357 kB | 65/291 kB
Progress (4): 0.8/1.5 MB | 32/45 kB | 139/357 kB | 65/291 kB
Progress (4): 0.8/1.5 MB | 32/45 kB | 139/357 kB | 65/291 kB
Progress (4): 0.8/1.5 MB | 32/45 kB | 139/357 kB | 65/291 kB
Progress (4): 0.9/1.5 MB | 32/45 kB | 139/357 kB | 65/291 kB
Progress (4): 0.9/1.5 MB | 32/45 kB | 139/357 kB | 81/291 kB
Progress (4): 0.9/1.5 MB | 32/45 kB | 139/357 kB | 81/291 kB
Progress (4): 0.9/1.5 MB | 32/45 kB | 139/357 kB | 81/291 kB
Progress (4): 0.9/1.5 MB | 32/45 kB | 139/357 kB | 81/291 kB
Progress (4): 0.9/1.5 MB | 32/45 kB | 139/357 kB | 81/291 kB
Progress (4): 0.9/1.5 MB | 32/45 kB | 139/357 kB | 81/291 kB
Progress (4): 0.9/1.5 MB | 32/45 kB | 155/357 kB | 81/291 kB
Progress (4): 0.9/1.5 MB | 32/45 kB | 155/357 kB | 81/291 kB
Progress (4): 1.0/1.5 MB | 32/45 kB | 155/357 kB | 81/291 kB
Progress (4): 1.0/1.5 MB | 32/45 kB | 155/357 kB | 81/291 kB
Progress (4): 1.0/1.5 MB | 32/45 kB | 172/357 kB | 81/291 kB
Progress (4): 1.0/1.5 MB | 32/45 kB | 172/357 kB | 81/291 kB
Progress (4): 1.0/1.5 MB | 32/45 kB | 172/357 kB | 97/291 kB
Progress (4): 1.0/1.5 MB | 32/45 kB | 172/357 kB | 97/291 kB
Progress (4): 1.0/1.5 MB | 32/45 kB | 172/357 kB | 97/291 kB
Progress (4): 1.0/1.5 MB | 32/45 kB | 172/357 kB | 97/291 kB
Progress (4): 1.0/1.5 MB | 45 kB | 172/357 kB | 97/291 kB   
                                                         
Downloaded from central: https://repo.maven.apache.org/maven2/org/apache/maven/maven-plugin-api/3.1.1/maven-plugin-api-3.1.1.jar (45 kB at 28 kB/s)
Downloading from central: https://repo.maven.apache.org/maven2/org/apache/maven/maven-settings/3.1.1/maven-settings-3.1.1.jar
Progress (3): 1.1/1.5 MB | 172/357 kB | 97/291 kB
Progress (3): 1.1/1.5 MB | 172/357 kB | 97/291 kB
Progress (3): 1.1/1.5 MB | 172/357 kB | 97/291 kB
Progress (3): 1.1/1.5 MB | 172/357 kB | 97/291 kB
Progress (3): 1.1/1.5 MB | 188/357 kB | 97/291 kB
Progress (3): 1.1/1.5 MB | 188/357 kB | 97/291 kB
Progress (3): 1.1/1.5 MB | 188/357 kB | 97/291 kB
Progress (3): 1.2/1.5 MB | 188/357 kB | 97/291 kB
Progress (3): 1.2/1.5 MB | 188/357 kB | 97/291 kB
Progress (3): 1.2/1.5 MB | 188/357 kB | 97/291 kB
Progress (3): 1.2/1.5 MB | 204/357 kB | 97/291 kB
Progress (3): 1.2/1.5 MB | 204/357 kB | 97/291 kB
Progress (3): 1.2/1.5 MB | 204/357 kB | 97/291 kB
Progress (3): 1.2/1.5 MB | 204/357 kB | 114/291 kB
Progress (3): 1.2/1.5 MB | 204/357 kB | 130/291 kB
Progress (3): 1.2/1.5 MB | 204/357 kB | 147/291 kB
Progress (3): 1.2/1.5 MB | 204/357 kB | 147/291 kB
Progress (3): 1.2/1.5 MB | 204/357 kB | 163/291 kB
Progress (3): 1.2/1.5 MB | 204/357 kB | 179/291 kB
Progress (3): 1.3/1.5 MB | 204/357 kB | 179/291 kB
Progress (3): 1.3/1.5 MB | 204/357 kB | 179/291 kB
Progress (3): 1.3/1.5 MB | 204/357 kB | 179/291 kB
Progress (3): 1.3/1.5 MB | 204/357 kB | 179/291 kB
Progress (3): 1.3/1.5 MB | 204/357 kB | 179/291 kB
Progress (3): 1.3/1.5 MB | 221/357 kB | 179/291 kB
Progress (4): 1.3/1.5 MB | 221/357 kB | 179/291 kB | 7.7/557 kB
Progress (4): 1.3/1.5 MB | 221/357 kB | 179/291 kB | 16/557 kB 
Progress (4): 1.3/1.5 MB | 237/357 kB | 179/291 kB | 16/557 kB
Progress (4): 1.3/1.5 MB | 237/357 kB | 179/291 kB | 16/557 kB
Progress (4): 1.3/1.5 MB | 237/357 kB | 179/291 kB | 16/557 kB
Progress (4): 1.4/1.5 MB | 237/357 kB | 179/291 kB | 16/557 kB
Progress (4): 1.4/1.5 MB | 237/357 kB | 179/291 kB | 16/557 kB
Progress (4): 1.4/1.5 MB | 237/357 kB | 179/291 kB | 16/557 kB
Progress (4): 1.4/1.5 MB | 237/357 kB | 179/291 kB | 16/557 kB
Progress (4): 1.4/1.5 MB | 237/357 kB | 179/291 kB | 16/557 kB
Progress (4): 1.4/1.5 MB | 237/357 kB | 179/291 kB | 16/557 kB
Progress (4): 1.5/1.5 MB | 237/357 kB | 179/291 kB | 16/557 kB
Progress (4): 1.5/1.5 MB | 237/357 kB | 179/291 kB | 16/557 kB
Progress (4): 1.5/1.5 MB | 237/357 kB | 179/291 kB | 16/557 kB
Progress (4): 1.5 MB | 237/357 kB | 179/291 kB | 16/557 kB    
                                                          
Downloaded from central: https://repo.maven.apache.org/maven2/com/google/guava/guava/10.0.1/guava-10.0.1.jar (1.5 MB at 889 kB/s)
Downloading from central: https://repo.maven.apache.org/maven2/org/apache/maven/maven-settings-builder/3.1.1/maven-settings-builder-3.1.1.jar
Progress (3): 253/357 kB | 179/291 kB | 16/557 kB
Progress (3): 270/357 kB | 179/291 kB | 16/557 kB
Progress (3): 270/357 kB | 196/291 kB | 16/557 kB
Progress (3): 270/357 kB | 212/291 kB | 16/557 kB
Progress (3): 270/357 kB | 228/291 kB | 16/557 kB
Progress (3): 286/357 kB | 228/291 kB | 16/557 kB
Progress (3): 303/357 kB | 228/291 kB | 16/557 kB
Progress (4): 303/357 kB | 228/291 kB | 16/557 kB | 7.7/42 kB
Progress (4): 303/357 kB | 228/291 kB | 16/557 kB | 16/42 kB 
Progress (4): 303/357 kB | 228/291 kB | 16/557 kB | 28/42 kB
Progress (4): 303/357 kB | 228/291 kB | 16/557 kB | 42 kB   
                                                         
Downloaded from central: https://repo.maven.apache.org/maven2/org/apache/maven/maven-settings-builder/3.1.1/maven-settings-builder-3.1.1.jar (42 kB at 22 kB/s)
Downloading from central: https://repo.maven.apache.org/maven2/org/apache/maven/maven-repository-metadata/3.1.1/maven-repository-metadata-3.1.1.jar
Progress (3): 303/357 kB | 245/291 kB | 16/557 kB
Progress (3): 303/357 kB | 261/291 kB | 16/557 kB
Progress (3): 303/357 kB | 278/291 kB | 16/557 kB
Progress (3): 303/357 kB | 291 kB | 16/557 kB    
                                             
Downloaded from central: https://repo.maven.apache.org/maven2/org/eclipse/sisu/org.eclipse.sisu.inject/0.0.0.M5/org.eclipse.sisu.inject-0.0.0.M5.jar (291 kB at 151 kB/s)
Downloading from central: https://repo.maven.apache.org/maven2/org/apache/maven/maven-model-builder/3.1.1/maven-model-builder-3.1.1.jar
Progress (3): 303/357 kB | 16/557 kB | 7.3/42 kB
Progress (3): 303/357 kB | 33/557 kB | 7.3/42 kB
Progress (3): 303/357 kB | 49/557 kB | 7.3/42 kB
Progress (3): 319/357 kB | 49/557 kB | 7.3/42 kB
Progress (4): 319/357 kB | 49/557 kB | 7.3/42 kB | 3.2/25 kB
Progress (4): 319/357 kB | 49/557 kB | 7.3/42 kB | 20/25 kB 
Progress (4): 319/357 kB | 49/557 kB | 7.3/42 kB | 25 kB   
                                                        
Downloaded from central: https://repo.maven.apache.org/maven2/org/apache/maven/maven-repository-metadata/3.1.1/maven-repository-metadata-3.1.1.jar (25 kB at 12 kB/s)
Downloading from central: https://repo.maven.apache.org/maven2/org/apache/maven/maven-aether-provider/3.1.1/maven-aether-provider-3.1.1.jar
Progress (3): 319/357 kB | 66/557 kB | 7.3/42 kB
Progress (3): 319/357 kB | 82/557 kB | 7.3/42 kB
Progress (3): 335/357 kB | 82/557 kB | 7.3/42 kB
Progress (3): 352/357 kB | 82/557 kB | 7.3/42 kB
Progress (3): 357 kB | 82/557 kB | 7.3/42 kB    
                                            
Downloaded from central: https://repo.maven.apache.org/maven2/org/sonatype/sisu/sisu-guice/3.1.0/sisu-guice-3.1.0-no_aop.jar (357 kB at 166 kB/s)
Downloading from central: https://repo.maven.apache.org/maven2/org/eclipse/aether/aether-spi/0.9.0.M2/aether-spi-0.9.0.M2.jar
Progress (2): 82/557 kB | 15/42 kB
Progress (3): 82/557 kB | 15/42 kB | 7.7/160 kB
Progress (3): 82/557 kB | 15/42 kB | 16/160 kB 
Progress (3): 82/557 kB | 15/42 kB | 32/160 kB
Progress (3): 82/557 kB | 15/42 kB | 49/160 kB
Progress (3): 98/557 kB | 15/42 kB | 49/160 kB
Progress (3): 98/557 kB | 15/42 kB | 65/160 kB
Progress (3): 98/557 kB | 15/42 kB | 81/160 kB
Progress (3): 115/557 kB | 15/42 kB | 81/160 kB
Progress (4): 115/557 kB | 15/42 kB | 81/160 kB | 7.7/60 kB
Progress (4): 115/557 kB | 15/42 kB | 81/160 kB | 11/60 kB 
Progress (5): 115/557 kB | 15/42 kB | 81/160 kB | 11/60 kB | 7.7/18 kB
Progress (5): 115/557 kB | 15/42 kB | 81/160 kB | 11/60 kB | 7.7/18 kB
Progress (5): 115/557 kB | 15/42 kB | 81/160 kB | 11/60 kB | 18 kB    
                                                                  
Downloaded from central: https://repo.maven.apache.org/maven2/org/eclipse/aether/aether-spi/0.9.0.M2/aether-spi-0.9.0.M2.jar (18 kB at 7.4 kB/s)
Downloading from central: https://repo.maven.apache.org/maven2/org/eclipse/aether/aether-impl/0.9.0.M2/aether-impl-0.9.0.M2.jar
Progress (4): 131/557 kB | 15/42 kB | 81/160 kB | 11/60 kB
Progress (4): 131/557 kB | 32/42 kB | 81/160 kB | 11/60 kB
Progress (4): 131/557 kB | 32/42 kB | 98/160 kB | 11/60 kB
Progress (4): 131/557 kB | 32/42 kB | 114/160 kB | 11/60 kB
Progress (4): 131/557 kB | 32/42 kB | 114/160 kB | 28/60 kB
Progress (4): 131/557 kB | 32/42 kB | 114/160 kB | 44/60 kB
Progress (4): 131/557 kB | 32/42 kB | 114/160 kB | 60 kB   
                                                        
Downloaded from central: https://repo.maven.apache.org/maven2/org/apache/maven/maven-aether-provider/3.1.1/maven-aether-provider-3.1.1.jar (60 kB at 24 kB/s)
Downloading from central: https://repo.maven.apache.org/maven2/org/eclipse/aether/aether-api/0.9.0.M2/aether-api-0.9.0.M2.jar
Progress (3): 147/557 kB | 32/42 kB | 114/160 kB
Progress (3): 147/557 kB | 32/42 kB | 131/160 kB
Progress (3): 147/557 kB | 32/42 kB | 147/160 kB
Progress (3): 164/557 kB | 32/42 kB | 147/160 kB
Progress (4): 164/557 kB | 32/42 kB | 147/160 kB | 7.7/134 kB
Progress (4): 164/557 kB | 32/42 kB | 147/160 kB | 16/134 kB 
Progress (4): 164/557 kB | 32/42 kB | 147/160 kB | 28/134 kB
Progress (4): 164/557 kB | 32/42 kB | 147/160 kB | 44/134 kB
Progress (4): 164/557 kB | 32/42 kB | 147/160 kB | 61/134 kB
Progress (4): 164/557 kB | 32/42 kB | 147/160 kB | 77/134 kB
Progress (4): 164/557 kB | 32/42 kB | 147/160 kB | 93/134 kB
Progress (4): 164/557 kB | 32/42 kB | 147/160 kB | 110/134 kB
Progress (4): 164/557 kB | 32/42 kB | 147/160 kB | 126/134 kB
Progress (4): 164/557 kB | 32/42 kB | 147/160 kB | 134 kB    
                                                         
Downloaded from central: https://repo.maven.apache.org/maven2/org/eclipse/aether/aether-api/0.9.0.M2/aether-api-0.9.0.M2.jar (134 kB at 49 kB/s)
Downloading from central: https://repo.maven.apache.org/maven2/org/eclipse/aether/aether-util/0.9.0.M2/aether-util-0.9.0.M2.jar
Progress (4): 164/557 kB | 32/42 kB | 147/160 kB | 7.7/145 kB
Progress (4): 164/557 kB | 32/42 kB | 147/160 kB | 7.7/145 kB
Progress (4): 180/557 kB | 32/42 kB | 147/160 kB | 7.7/145 kB
Progress (5): 180/557 kB | 32/42 kB | 147/160 kB | 7.7/145 kB | 7.7/134 kB
Progress (5): 180/557 kB | 32/42 kB | 147/160 kB | 7.7/145 kB | 7.7/134 kB
Progress (5): 180/557 kB | 32/42 kB | 147/160 kB | 24/145 kB | 7.7/134 kB 
Progress (5): 180/557 kB | 32/42 kB | 147/160 kB | 24/145 kB | 24/134 kB 
Progress (5): 180/557 kB | 32/42 kB | 147/160 kB | 40/145 kB | 24/134 kB
Progress (5): 180/557 kB | 32/42 kB | 147/160 kB | 40/145 kB | 40/134 kB
Progress (5): 180/557 kB | 32/42 kB | 147/160 kB | 40/145 kB | 57/134 kB
Progress (5): 180/557 kB | 32/42 kB | 147/160 kB | 40/145 kB | 73/134 kB
Progress (5): 180/557 kB | 32/42 kB | 147/160 kB | 40/145 kB | 90/134 kB
Progress (5): 180/557 kB | 32/42 kB | 147/160 kB | 40/145 kB | 106/134 kB
Progress (5): 180/557 kB | 32/42 kB | 147/160 kB | 40/145 kB | 122/134 kB
Progress (5): 180/557 kB | 32/42 kB | 147/160 kB | 40/145 kB | 134 kB    
                                                                     
Downloaded from central: https://repo.maven.apache.org/maven2/org/eclipse/aether/aether-util/0.9.0.M2/aether-util-0.9.0.M2.jar (134 kB at 45 kB/s)
Downloading from central: https://repo.maven.apache.org/maven2/org/codehaus/plexus/plexus-interpolation/1.19/plexus-interpolation-1.19.jar
Progress (4): 197/557 kB | 32/42 kB | 147/160 kB | 40/145 kB
Progress (4): 197/557 kB | 32/42 kB | 147/160 kB | 57/145 kB
Progress (4): 197/557 kB | 32/42 kB | 147/160 kB | 73/145 kB
Progress (4): 197/557 kB | 32/42 kB | 147/160 kB | 90/145 kB
Progress (4): 197/557 kB | 32/42 kB | 147/160 kB | 97/145 kB
Progress (4): 197/557 kB | 32/42 kB | 147/160 kB | 114/145 kB
Progress (4): 197/557 kB | 32/42 kB | 147/160 kB | 130/145 kB
Progress (4): 197/557 kB | 32/42 kB | 147/160 kB | 145 kB    
                                                         
Downloaded from central: https://repo.maven.apache.org/maven2/org/eclipse/aether/aether-impl/0.9.0.M2/aether-impl-0.9.0.M2.jar (145 kB at 46 kB/s)
Downloading from central: https://repo.maven.apache.org/maven2/org/codehaus/plexus/plexus-classworlds/2.5.1/plexus-classworlds-2.5.1.jar
Progress (3): 197/557 kB | 32/42 kB | 160 kB
                                            
Downloaded from central: https://repo.maven.apache.org/maven2/org/apache/maven/maven-model-builder/3.1.1/maven-model-builder-3.1.1.jar (160 kB at 51 kB/s)
Downloading from central: https://repo.maven.apache.org/maven2/org/codehaus/plexus/plexus-component-annotations/2.0.0/plexus-component-annotations-2.0.0.jar
Progress (2): 213/557 kB | 32/42 kB
Progress (2): 229/557 kB | 32/42 kB
Progress (2): 246/557 kB | 32/42 kB
Progress (3): 246/557 kB | 32/42 kB | 7.7/62 kB
Progress (3): 246/557 kB | 32/42 kB | 16/62 kB 
Progress (3): 246/557 kB | 32/42 kB | 28/62 kB
Progress (3): 246/557 kB | 32/42 kB | 44/62 kB
Progress (3): 246/557 kB | 32/42 kB | 61/62 kB
Progress (3): 246/557 kB | 32/42 kB | 62 kB   
                                           
Downloaded from central: https://repo.maven.apache.org/maven2/org/codehaus/plexus/plexus-interpolation/1.19/plexus-interpolation-1.19.jar (62 kB at 19 kB/s)
Downloading from central: https://repo.maven.apache.org/maven2/org/sonatype/plexus/plexus-sec-dispatcher/1.3/plexus-sec-dispatcher-1.3.jar
Progress (2): 262/557 kB | 32/42 kB
Progress (2): 262/557 kB | 42 kB   
                                
Downloaded from central: https://repo.maven.apache.org/maven2/org/apache/maven/maven-settings/3.1.1/maven-settings-3.1.1.jar (42 kB at 13 kB/s)
Downloading from central: https://repo.maven.apache.org/maven2/org/sonatype/plexus/plexus-cipher/1.4/plexus-cipher-1.4.jar
Progress (2): 262/557 kB | 7.7/50 kB
Progress (2): 262/557 kB | 16/50 kB 
Progress (2): 262/557 kB | 28/50 kB
Progress (2): 262/557 kB | 44/50 kB
Progress (3): 262/557 kB | 44/50 kB | 7.7/29 kB
Progress (3): 262/557 kB | 44/50 kB | 16/29 kB 
Progress (3): 262/557 kB | 44/50 kB | 24/29 kB
Progress (3): 262/557 kB | 44/50 kB | 29 kB   
                                           
Downloaded from central: https://repo.maven.apache.org/maven2/org/sonatype/plexus/plexus-sec-dispatcher/1.3/plexus-sec-dispatcher-1.3.jar (29 kB at 8.3 kB/s)
Downloading from central: https://repo.maven.apache.org/maven2/org/codehaus/plexus/plexus-utils/3.3.0/plexus-utils-3.3.0.jar
Progress (2): 262/557 kB | 50 kB
                                
Downloaded from central: https://repo.maven.apache.org/maven2/org/codehaus/plexus/plexus-classworlds/2.5.1/plexus-classworlds-2.5.1.jar (50 kB at 14 kB/s)
Downloading from central: https://repo.maven.apache.org/maven2/org/apache/maven/enforcer/enforcer-api/3.0.0/enforcer-api-3.0.0.jar
Progress (1): 279/557 kB
Progress (1): 295/557 kB
Progress (2): 295/557 kB | 7.7/263 kB
Progress (2): 295/557 kB | 16/263 kB 
Progress (2): 295/557 kB | 32/263 kB
Progress (2): 295/557 kB | 49/263 kB
Progress (2): 295/557 kB | 65/263 kB
Progress (2): 295/557 kB | 81/263 kB
Progress (2): 295/557 kB | 98/263 kB
Progress (2): 295/557 kB | 114/263 kB
Progress (2): 295/557 kB | 131/263 kB
Progress (2): 295/557 kB | 147/263 kB
Progress (2): 295/557 kB | 163/263 kB
Progress (2): 295/557 kB | 180/263 kB
Progress (2): 295/557 kB | 196/263 kB
Progress (2): 295/557 kB | 212/263 kB
Progress (2): 295/557 kB | 229/263 kB
Progress (2): 295/557 kB | 245/263 kB
Progress (2): 295/557 kB | 262/263 kB
Progress (2): 295/557 kB | 263 kB    
Progress (3): 295/557 kB | 263 kB | 7.7/12 kB
Progress (3): 295/557 kB | 263 kB | 7.7/12 kB
                                             
Downloaded from central: https://repo.maven.apache.org/maven2/org/codehaus/plexus/plexus-utils/3.3.0/plexus-utils-3.3.0.jar (263 kB at 72 kB/s)
Downloading from central: https://repo.maven.apache.org/maven2/org/apache/maven/enforcer/enforcer-rules/3.0.0/enforcer-rules-3.0.0.jar
Progress (2): 295/557 kB | 12 kB
                                
Downloaded from central: https://repo.maven.apache.org/maven2/org/apache/maven/enforcer/enforcer-api/3.0.0/enforcer-api-3.0.0.jar (12 kB at 3.2 kB/s)
Downloading from central: https://repo.maven.apache.org/maven2/org/apache/maven/shared/maven-common-artifact-filters/3.2.0/maven-common-artifact-filters-3.2.0.jar
Progress (1): 311/557 kB
Progress (1): 328/557 kB
Progress (1): 344/557 kB
Progress (1): 360/557 kB
Progress (2): 360/557 kB | 7.7/13 kB
Progress (2): 360/557 kB | 12/13 kB 
Progress (2): 360/557 kB | 13 kB   
                                
Downloaded from central: https://repo.maven.apache.org/maven2/org/sonatype/plexus/plexus-cipher/1.4/plexus-cipher-1.4.jar (13 kB at 3.6 kB/s)
Downloading from central: https://repo.maven.apache.org/maven2/org/apache/maven/shared/maven-shared-utils/3.3.3/maven-shared-utils-3.3.3.jar
Progress (1): 377/557 kB
Progress (2): 377/557 kB | 7.7/116 kB
Progress (2): 377/557 kB | 11/116 kB 
Progress (2): 377/557 kB | 28/116 kB
Progress (2): 377/557 kB | 44/116 kB
Progress (2): 377/557 kB | 60/116 kB
Progress (2): 377/557 kB | 77/116 kB
Progress (2): 377/557 kB | 93/116 kB
Progress (2): 377/557 kB | 110/116 kB
Progress (2): 377/557 kB | 116 kB    
                                 
Downloaded from central: https://repo.maven.apache.org/maven2/org/apache/maven/enforcer/enforcer-rules/3.0.0/enforcer-rules-3.0.0.jar (116 kB at 30 kB/s)
Downloading from central: https://repo.maven.apache.org/maven2/org/apache/commons/commons-lang3/3.12.0/commons-lang3-3.12.0.jar
Progress (1): 393/557 kB
Progress (2): 393/557 kB | 4.2 kB
                                 
Downloaded from central: https://repo.maven.apache.org/maven2/org/codehaus/plexus/plexus-component-annotations/2.0.0/plexus-component-annotations-2.0.0.jar (4.2 kB at 1.1 kB/s)
Downloading from central: https://repo.maven.apache.org/maven2/commons-codec/commons-codec/1.15/commons-codec-1.15.jar
Progress (1): 410/557 kB
Progress (2): 410/557 kB | 3.2/154 kB
Progress (3): 410/557 kB | 3.2/154 kB | 7.7/61 kB
Progress (3): 410/557 kB | 3.2/154 kB | 16/61 kB 
Progress (4): 410/557 kB | 3.2/154 kB | 16/61 kB | 7.7/587 kB
Progress (4): 410/557 kB | 3.2/154 kB | 16/61 kB | 11/587 kB 
Progress (4): 410/557 kB | 3.2/154 kB | 16/61 kB | 28/587 kB
Progress (4): 410/557 kB | 3.2/154 kB | 16/61 kB | 44/587 kB
Progress (4): 410/557 kB | 3.2/154 kB | 16/61 kB | 61/587 kB
Progress (4): 410/557 kB | 3.2/154 kB | 16/61 kB | 77/587 kB
Progress (4): 410/557 kB | 3.2/154 kB | 16/61 kB | 93/587 kB
Progress (4): 410/557 kB | 3.2/154 kB | 16/61 kB | 110/587 kB
Progress (4): 410/557 kB | 3.2/154 kB | 16/61 kB | 126/587 kB
Progress (4): 410/557 kB | 3.2/154 kB | 16/61 kB | 142/587 kB
Progress (4): 410/557 kB | 3.2/154 kB | 16/61 kB | 159/587 kB
Progress (4): 410/557 kB | 3.2/154 kB | 16/61 kB | 175/587 kB
Progress (4): 410/557 kB | 3.2/154 kB | 16/61 kB | 192/587 kB
Progress (4): 410/557 kB | 3.2/154 kB | 16/61 kB | 208/587 kB
Progress (4): 410/557 kB | 3.2/154 kB | 16/61 kB | 217/587 kB
Progress (4): 410/557 kB | 3.2/154 kB | 16/61 kB | 233/587 kB
Progress (4): 410/557 kB | 3.2/154 kB | 16/61 kB | 250/587 kB
Progress (4): 410/557 kB | 3.2/154 kB | 24/61 kB | 250/587 kB
Progress (4): 410/557 kB | 3.2/154 kB | 24/61 kB | 266/587 kB
Progress (4): 410/557 kB | 3.2/154 kB | 24/61 kB | 282/587 kB
Progress (4): 410/557 kB | 3.2/154 kB | 24/61 kB | 299/587 kB
Progress (4): 410/557 kB | 3.2/154 kB | 24/61 kB | 315/587 kB
Progress (4): 410/557 kB | 3.2/154 kB | 24/61 kB | 331/587 kB
Progress (4): 410/557 kB | 3.2/154 kB | 24/61 kB | 348/587 kB
Progress (4): 410/557 kB | 3.2/154 kB | 24/61 kB | 364/587 kB
Progress (4): 410/557 kB | 3.2/154 kB | 24/61 kB | 381/587 kB
Progress (4): 410/557 kB | 3.2/154 kB | 24/61 kB | 397/587 kB
Progress (4): 410/557 kB | 3.2/154 kB | 24/61 kB | 413/587 kB
Progress (4): 410/557 kB | 3.2/154 kB | 24/61 kB | 430/587 kB
Progress (4): 410/557 kB | 3.2/154 kB | 24/61 kB | 446/587 kB
Progress (4): 410/557 kB | 3.2/154 kB | 24/61 kB | 463/587 kB
Progress (4): 410/557 kB | 3.2/154 kB | 24/61 kB | 479/587 kB
Progress (4): 410/557 kB | 3.2/154 kB | 24/61 kB | 495/587 kB
Progress (4): 410/557 kB | 3.2/154 kB | 24/61 kB | 512/587 kB
Progress (4): 410/557 kB | 3.2/154 kB | 24/61 kB | 528/587 kB
Progress (4): 410/557 kB | 3.2/154 kB | 24/61 kB | 544/587 kB
Progress (4): 410/557 kB | 3.2/154 kB | 24/61 kB | 561/587 kB
Progress (4): 410/557 kB | 3.2/154 kB | 24/61 kB | 577/587 kB
Progress (4): 410/557 kB | 3.2/154 kB | 24/61 kB | 587 kB    
                                                         
Downloaded from central: https://repo.maven.apache.org/maven2/org/apache/commons/commons-lang3/3.12.0/commons-lang3-3.12.0.jar (587 kB at 141 kB/s)
Downloading from central: https://repo.maven.apache.org/maven2/commons-io/commons-io/2.11.0/commons-io-2.11.0.jar
Progress (3): 410/557 kB | 3.2/154 kB | 40/61 kB
Progress (3): 410/557 kB | 3.2/154 kB | 57/61 kB
Progress (3): 410/557 kB | 3.2/154 kB | 61 kB   
                                             
Downloaded from central: https://repo.maven.apache.org/maven2/org/apache/maven/shared/maven-common-artifact-filters/3.2.0/maven-common-artifact-filters-3.2.0.jar (61 kB at 15 kB/s)
Downloading from central: https://repo.maven.apache.org/maven2/org/apache-extras/beanshell/bsh/2.0b6/bsh-2.0b6.jar
Progress (2): 426/557 kB | 3.2/154 kB
Progress (2): 442/557 kB | 3.2/154 kB
Progress (2): 442/557 kB | 20/154 kB 
Progress (3): 442/557 kB | 20/154 kB | 7.7/354 kB
Progress (3): 442/557 kB | 20/154 kB | 16/354 kB 
Progress (3): 442/557 kB | 20/154 kB | 32/354 kB
Progress (3): 459/557 kB | 20/154 kB | 32/354 kB
Progress (3): 475/557 kB | 20/154 kB | 32/354 kB
Progress (4): 475/557 kB | 20/154 kB | 32/354 kB | 7.7/327 kB
Progress (4): 475/557 kB | 20/154 kB | 32/354 kB | 7.7/327 kB
Progress (4): 475/557 kB | 20/154 kB | 32/354 kB | 24/327 kB 
Progress (4): 475/557 kB | 20/154 kB | 32/354 kB | 40/327 kB
Progress (4): 475/557 kB | 20/154 kB | 32/354 kB | 57/327 kB
Progress (4): 475/557 kB | 20/154 kB | 32/354 kB | 73/327 kB
Progress (4): 475/557 kB | 20/154 kB | 32/354 kB | 90/327 kB
Progress (4): 475/557 kB | 20/154 kB | 32/354 kB | 106/327 kB
Progress (4): 475/557 kB | 20/154 kB | 32/354 kB | 122/327 kB
Progress (4): 475/557 kB | 20/154 kB | 32/354 kB | 139/327 kB
Progress (4): 475/557 kB | 20/154 kB | 32/354 kB | 155/327 kB
Progress (4): 492/557 kB | 20/154 kB | 32/354 kB | 155/327 kB
Progress (4): 492/557 kB | 20/154 kB | 48/354 kB | 155/327 kB
Progress (5): 492/557 kB | 20/154 kB | 48/354 kB | 155/327 kB | 7.7/389 kB
Progress (5): 492/557 kB | 20/154 kB | 48/354 kB | 155/327 kB | 16/389 kB 
Progress (5): 492/557 kB | 20/154 kB | 65/354 kB | 155/327 kB | 16/389 kB
Progress (5): 492/557 kB | 20/154 kB | 81/354 kB | 155/327 kB | 16/389 kB
Progress (5): 492/557 kB | 20/154 kB | 81/354 kB | 155/327 kB | 32/389 kB
Progress (5): 508/557 kB | 20/154 kB | 81/354 kB | 155/327 kB | 32/389 kB
Progress (5): 524/557 kB | 20/154 kB | 81/354 kB | 155/327 kB | 32/389 kB
Progress (5): 524/557 kB | 20/154 kB | 81/354 kB | 172/327 kB | 32/389 kB
Progress (5): 524/557 kB | 20/154 kB | 81/354 kB | 188/327 kB | 32/389 kB
Progress (5): 524/557 kB | 20/154 kB | 81/354 kB | 204/327 kB | 32/389 kB
Progress (5): 524/557 kB | 20/154 kB | 81/354 kB | 221/327 kB | 32/389 kB
Progress (5): 524/557 kB | 20/154 kB | 81/354 kB | 237/327 kB | 32/389 kB
Progress (5): 524/557 kB | 20/154 kB | 81/354 kB | 253/327 kB | 32/389 kB
Progress (5): 524/557 kB | 20/154 kB | 81/354 kB | 270/327 kB | 32/389 kB
Progress (5): 524/557 kB | 20/154 kB | 81/354 kB | 286/327 kB | 32/389 kB
Progress (5): 524/557 kB | 20/154 kB | 81/354 kB | 303/327 kB | 32/389 kB
Progress (5): 524/557 kB | 20/154 kB | 81/354 kB | 319/327 kB | 32/389 kB
Progress (5): 541/557 kB | 20/154 kB | 81/354 kB | 319/327 kB | 32/389 kB
Progress (5): 541/557 kB | 36/154 kB | 81/354 kB | 319/327 kB | 32/389 kB
Progress (5): 557/557 kB | 36/154 kB | 81/354 kB | 319/327 kB | 32/389 kB
Progress (5): 557 kB | 36/154 kB | 81/354 kB | 319/327 kB | 32/389 kB    
                                                                     
Downloaded from central: https://repo.maven.apache.org/maven2/org/apache/maven/maven-core/3.1.1/maven-core-3.1.1.jar (557 kB at 119 kB/s)
Downloading from central: https://repo.maven.apache.org/maven2/org/apache/maven/shared/maven-dependency-tree/3.1.0/maven-dependency-tree-3.1.0.jar
Progress (4): 36/154 kB | 97/354 kB | 319/327 kB | 32/389 kB
Progress (4): 36/154 kB | 114/354 kB | 319/327 kB | 32/389 kB
Progress (4): 36/154 kB | 130/354 kB | 319/327 kB | 32/389 kB
Progress (4): 36/154 kB | 147/354 kB | 319/327 kB | 32/389 kB
Progress (4): 36/154 kB | 163/354 kB | 319/327 kB | 32/389 kB
Progress (4): 36/154 kB | 163/354 kB | 319/327 kB | 49/389 kB
Progress (4): 36/154 kB | 163/354 kB | 319/327 kB | 65/389 kB
Progress (4): 36/154 kB | 163/354 kB | 319/327 kB | 66/389 kB
Progress (4): 36/154 kB | 179/354 kB | 319/327 kB | 66/389 kB
Progress (4): 36/154 kB | 196/354 kB | 319/327 kB | 66/389 kB
Progress (4): 36/154 kB | 212/354 kB | 319/327 kB | 66/389 kB
Progress (4): 36/154 kB | 212/354 kB | 327 kB | 66/389 kB    
                                                         
Downloaded from central: https://repo.maven.apache.org/maven2/commons-io/commons-io/2.11.0/commons-io-2.11.0.jar (327 kB at 69 kB/s)
Downloading from central: https://repo.maven.apache.org/maven2/org/apache/maven/resolver/maven-resolver-util/1.6.1/maven-resolver-util-1.6.1.jar
Progress (3): 36/154 kB | 212/354 kB | 82/389 kB
Progress (3): 36/154 kB | 212/354 kB | 98/389 kB
Progress (3): 36/154 kB | 228/354 kB | 98/389 kB
Progress (3): 36/154 kB | 228/354 kB | 115/389 kB
Progress (3): 36/154 kB | 228/354 kB | 131/389 kB
Progress (3): 36/154 kB | 228/354 kB | 147/389 kB
Progress (3): 36/154 kB | 245/354 kB | 147/389 kB
Progress (4): 36/154 kB | 245/354 kB | 147/389 kB | 7.7/103 kB
Progress (4): 36/154 kB | 245/354 kB | 147/389 kB | 15/103 kB 
Progress (4): 36/154 kB | 245/354 kB | 164/389 kB | 15/103 kB
Progress (5): 36/154 kB | 245/354 kB | 164/389 kB | 15/103 kB | 7.7/168 kB
Progress (5): 36/154 kB | 245/354 kB | 164/389 kB | 15/103 kB | 16/168 kB 
Progress (5): 36/154 kB | 245/354 kB | 180/389 kB | 15/103 kB | 16/168 kB
Progress (5): 36/154 kB | 245/354 kB | 180/389 kB | 15/103 kB | 25/168 kB
Progress (5): 52/154 kB | 245/354 kB | 180/389 kB | 15/103 kB | 25/168 kB
Progress (5): 52/154 kB | 245/354 kB | 180/389 kB | 15/103 kB | 41/168 kB
Progress (5): 52/154 kB | 245/354 kB | 180/389 kB | 15/103 kB | 57/168 kB
Progress (5): 52/154 kB | 261/354 kB | 180/389 kB | 15/103 kB | 57/168 kB
Progress (5): 52/154 kB | 278/354 kB | 180/389 kB | 15/103 kB | 57/168 kB
Progress (5): 52/154 kB | 294/354 kB | 180/389 kB | 15/103 kB | 57/168 kB
Progress (5): 52/154 kB | 310/354 kB | 180/389 kB | 15/103 kB | 57/168 kB
Progress (5): 52/154 kB | 327/354 kB | 180/389 kB | 15/103 kB | 57/168 kB
Progress (5): 52/154 kB | 327/354 kB | 180/389 kB | 15/103 kB | 74/168 kB
Progress (5): 52/154 kB | 327/354 kB | 197/389 kB | 15/103 kB | 74/168 kB
Progress (5): 52/154 kB | 327/354 kB | 213/389 kB | 15/103 kB | 74/168 kB
Progress (5): 52/154 kB | 327/354 kB | 229/389 kB | 15/103 kB | 74/168 kB
Progress (5): 52/154 kB | 327/354 kB | 246/389 kB | 15/103 kB | 74/168 kB
Progress (5): 52/154 kB | 327/354 kB | 262/389 kB | 15/103 kB | 74/168 kB
Progress (5): 52/154 kB | 327/354 kB | 279/389 kB | 15/103 kB | 74/168 kB
Progress (5): 52/154 kB | 327/354 kB | 279/389 kB | 15/103 kB | 90/168 kB
Progress (5): 52/154 kB | 343/354 kB | 279/389 kB | 15/103 kB | 90/168 kB
Progress (5): 52/154 kB | 348/354 kB | 279/389 kB | 15/103 kB | 90/168 kB
Progress (5): 52/154 kB | 354 kB | 279/389 kB | 15/103 kB | 90/168 kB    
                                                                     
Downloaded from central: https://repo.maven.apache.org/maven2/commons-codec/commons-codec/1.15/commons-codec-1.15.jar (354 kB at 69 kB/s)
Downloading from central: https://repo.maven.apache.org/maven2/org/apache/maven/resolver/maven-resolver-api/1.6.1/maven-resolver-api-1.6.1.jar
Progress (4): 52/154 kB | 279/389 kB | 15/103 kB | 98/168 kB
Progress (4): 52/154 kB | 295/389 kB | 15/103 kB | 98/168 kB
Progress (4): 52/154 kB | 295/389 kB | 15/103 kB | 115/168 kB
Progress (4): 52/154 kB | 295/389 kB | 32/103 kB | 115/168 kB
Progress (4): 52/154 kB | 295/389 kB | 48/103 kB | 115/168 kB
Progress (4): 52/154 kB | 295/389 kB | 48/103 kB | 131/168 kB
Progress (4): 52/154 kB | 295/389 kB | 48/103 kB | 147/168 kB
Progress (4): 52/154 kB | 295/389 kB | 48/103 kB | 164/168 kB
Progress (4): 52/154 kB | 295/389 kB | 48/103 kB | 168 kB    
                                                         
Downloaded from central: https://repo.maven.apache.org/maven2/org/apache/maven/resolver/maven-resolver-util/1.6.1/maven-resolver-util-1.6.1.jar (168 kB at 32 kB/s)
Progress (3): 52/154 kB | 295/389 kB | 65/103 kB
Progress (3): 52/154 kB | 311/389 kB | 65/103 kB
Progress (3): 52/154 kB | 328/389 kB | 65/103 kB
Progress (4): 52/154 kB | 328/389 kB | 65/103 kB | 7.7/149 kB
Progress (4): 52/154 kB | 328/389 kB | 65/103 kB | 16/149 kB 
Progress (4): 52/154 kB | 328/389 kB | 81/103 kB | 16/149 kB
Progress (4): 52/154 kB | 328/389 kB | 97/103 kB | 16/149 kB
Progress (4): 52/154 kB | 328/389 kB | 103 kB | 16/149 kB   
                                                         
Downloaded from central: https://repo.maven.apache.org/maven2/org/apache/maven/shared/maven-dependency-tree/3.1.0/maven-dependency-tree-3.1.0.jar (103 kB at 19 kB/s)
Progress (3): 52/154 kB | 344/389 kB | 16/149 kB
Progress (3): 69/154 kB | 344/389 kB | 16/149 kB
Progress (3): 69/154 kB | 360/389 kB | 16/149 kB
Progress (3): 69/154 kB | 377/389 kB | 16/149 kB
Progress (3): 69/154 kB | 389 kB | 16/149 kB    
                                            
Downloaded from central: https://repo.maven.apache.org/maven2/org/apache-extras/beanshell/bsh/2.0b6/bsh-2.0b6.jar (389 kB at 71 kB/s)
Progress (2): 69/154 kB | 32/149 kB
Progress (2): 69/154 kB | 49/149 kB
Progress (2): 85/154 kB | 49/149 kB
Progress (2): 85/154 kB | 61/149 kB
Progress (2): 85/154 kB | 77/149 kB
Progress (2): 85/154 kB | 93/149 kB
Progress (2): 85/154 kB | 110/149 kB
Progress (2): 85/154 kB | 126/149 kB
Progress (2): 101/154 kB | 126/149 kB
Progress (2): 101/154 kB | 142/149 kB
Progress (2): 101/154 kB | 149 kB    
                                 
Downloaded from central: https://repo.maven.apache.org/maven2/org/apache/maven/resolver/maven-resolver-api/1.6.1/maven-resolver-api-1.6.1.jar (149 kB at 25 kB/s)
Progress (1): 118/154 kB
Progress (1): 134/154 kB
Progress (1): 151/154 kB
Progress (1): 154 kB    
                    
Downloaded from central: https://repo.maven.apache.org/maven2/org/apache/maven/shared/maven-shared-utils/3.3.3/maven-shared-utils-3.3.3.jar (154 kB at 23 kB/s)
[INFO] 
[INFO] --- resources:3.3.1:resources (default-resources) @ plexus-utils ---
Downloading from central: https://repo.maven.apache.org/maven2/org/codehaus/plexus/plexus-interpolation/1.26/plexus-interpolation-1.26.pom
Progress (1): 1.4 kB
Progress (1): 2.7 kB
                    
Downloaded from central: https://repo.maven.apache.org/maven2/org/codehaus/plexus/plexus-interpolation/1.26/plexus-interpolation-1.26.pom (2.7 kB at 11 kB/s)
Downloading from central: https://repo.maven.apache.org/maven2/org/apache/maven/shared/maven-filtering/3.3.1/maven-filtering-3.3.1.pom
Progress (1): 793 B
Progress (1): 2.3 kB
Progress (1): 5.6 kB
Progress (1): 6.0 kB
                    
Downloaded from central: https://repo.maven.apache.org/maven2/org/apache/maven/shared/maven-filtering/3.3.1/maven-filtering-3.3.1.pom (6.0 kB at 28 kB/s)
Downloading from central: https://repo.maven.apache.org/maven2/org/apache/maven/shared/maven-shared-components/39/maven-shared-components-39.pom
Progress (1): 812 B
Progress (1): 2.2 kB
Progress (1): 3.2 kB
                    
Downloaded from central: https://repo.maven.apache.org/maven2/org/apache/maven/shared/maven-shared-components/39/maven-shared-components-39.pom (3.2 kB at 15 kB/s)
Downloading from central: https://repo.maven.apache.org/maven2/org/slf4j/slf4j-api/1.7.36/slf4j-api-1.7.36.pom
Progress (1): 1.0 kB
Progress (1): 2.7 kB
                    
Downloaded from central: https://repo.maven.apache.org/maven2/org/slf4j/slf4j-api/1.7.36/slf4j-api-1.7.36.pom (2.7 kB at 13 kB/s)
Downloading from central: https://repo.maven.apache.org/maven2/org/slf4j/slf4j-parent/1.7.36/slf4j-parent-1.7.36.pom
Progress (1): 1.0 kB
Progress (1): 3.0 kB
Progress (1): 5.9 kB
Progress (1): 8.7 kB
Progress (1): 12 kB 
Progress (1): 14 kB
                   
Downloaded from central: https://repo.maven.apache.org/maven2/org/slf4j/slf4j-parent/1.7.36/slf4j-parent-1.7.36.pom (14 kB at 60 kB/s)
Downloading from central: https://repo.maven.apache.org/maven2/org/sonatype/plexus/plexus-build-api/0.0.7/plexus-build-api-0.0.7.pom
Progress (1): 910 B
Progress (1): 3.2 kB
                    
Downloaded from central: https://repo.maven.apache.org/maven2/org/sonatype/plexus/plexus-build-api/0.0.7/plexus-build-api-0.0.7.pom (3.2 kB at 15 kB/s)
Downloading from central: https://repo.maven.apache.org/maven2/org/sonatype/spice/spice-parent/15/spice-parent-15.pom
Progress (1): 1.2 kB
Progress (1): 3.7 kB
Progress (1): 7.3 kB
Progress (1): 8.4 kB
                    
Downloaded from central: https://repo.maven.apache.org/maven2/org/sonatype/spice/spice-parent/15/spice-parent-15.pom (8.4 kB at 39 kB/s)
Downloading from central: https://repo.maven.apache.org/maven2/org/sonatype/forge/forge-parent/5/forge-parent-5.pom
Progress (1): 1.3 kB
Progress (1): 5.5 kB
Progress (1): 8.4 kB
                    
Downloaded from central: https://repo.maven.apache.org/maven2/org/sonatype/forge/forge-parent/5/forge-parent-5.pom (8.4 kB at 40 kB/s)
Downloading from central: https://repo.maven.apache.org/maven2/org/codehaus/plexus/plexus-utils/3.5.0/plexus-utils-3.5.0.pom
Progress (1): 725 B
Progress (1): 2.4 kB
Progress (1): 4.5 kB
Progress (1): 8.0 kB
                    
Downloaded from central: https://repo.maven.apache.org/maven2/org/codehaus/plexus/plexus-utils/3.5.0/plexus-utils-3.5.0.pom (8.0 kB at 18 kB/s)
Downloading from central: https://repo.maven.apache.org/maven2/org/codehaus/plexus/plexus-interpolation/1.26/plexus-interpolation-1.26.jar
Progress (1): 7.7/85 kB
Progress (1): 16/85 kB 
Progress (1): 28/85 kB
Progress (1): 44/85 kB
Progress (1): 61/85 kB
Progress (1): 77/85 kB
Progress (1): 85 kB   
                   
Downloaded from central: https://repo.maven.apache.org/maven2/org/codehaus/plexus/plexus-interpolation/1.26/plexus-interpolation-1.26.jar (85 kB at 55 kB/s)
Downloading from central: https://repo.maven.apache.org/maven2/org/codehaus/plexus/plexus-utils/3.5.1/plexus-utils-3.5.1.jar
Downloading from central: https://repo.maven.apache.org/maven2/org/apache/maven/shared/maven-filtering/3.3.1/maven-filtering-3.3.1.jar
Downloading from central: https://repo.maven.apache.org/maven2/org/slf4j/slf4j-api/1.7.36/slf4j-api-1.7.36.jar
Downloading from central: https://repo.maven.apache.org/maven2/org/sonatype/plexus/plexus-build-api/0.0.7/plexus-build-api-0.0.7.jar
Progress (1): 7.3/8.5 kB
Progress (1): 8.5 kB    
                    
Downloaded from central: https://repo.maven.apache.org/maven2/org/sonatype/plexus/plexus-build-api/0.0.7/plexus-build-api-0.0.7.jar (8.5 kB at 39 kB/s)
Progress (1): 7.7/41 kB
Progress (1): 16/41 kB 
Progress (1): 24/41 kB
Progress (1): 40/41 kB
Progress (1): 41 kB   
                   
Downloaded from central: https://repo.maven.apache.org/maven2/org/slf4j/slf4j-api/1.7.36/slf4j-api-1.7.36.jar (41 kB at 134 kB/s)
Progress (1): 7.7/269 kB
Progress (1): 11/269 kB 
Progress (2): 11/269 kB | 7.7/55 kB
Progress (2): 11/269 kB | 16/55 kB 
Progress (2): 11/269 kB | 32/55 kB
Progress (2): 11/269 kB | 49/55 kB
Progress (2): 11/269 kB | 55 kB   
                               
Downloaded from central: https://repo.maven.apache.org/maven2/org/apache/maven/shared/maven-filtering/3.3.1/maven-filtering-3.3.1.jar (55 kB at 118 kB/s)
Progress (1): 28/269 kB
Progress (1): 44/269 kB
Progress (1): 61/269 kB
Progress (1): 77/269 kB
Progress (1): 93/269 kB
Progress (1): 110/269 kB
Progress (1): 126/269 kB
Progress (1): 142/269 kB
Progress (1): 159/269 kB
Progress (1): 175/269 kB
Progress (1): 192/269 kB
Progress (1): 208/269 kB
Progress (1): 224/269 kB
Progress (1): 241/269 kB
Progress (1): 257/269 kB
Progress (1): 269 kB    
                    
Downloaded from central: https://repo.maven.apache.org/maven2/org/codehaus/plexus/plexus-utils/3.5.1/plexus-utils-3.5.1.jar (269 kB at 88 kB/s)
[INFO] Copying 5 resources from src/main/resources to target/classes
[INFO] 
[INFO] --- compiler:3.10.1:compile (default-compile) @ plexus-utils ---
Downloading from central: https://repo.maven.apache.org/maven2/org/apache/maven/shared/maven-shared-utils/3.3.4/maven-shared-utils-3.3.4.pom
Progress (1): 790 B
Progress (1): 2.3 kB
Progress (1): 4.3 kB
Progress (1): 5.8 kB
                    
Downloaded from central: https://repo.maven.apache.org/maven2/org/apache/maven/shared/maven-shared-utils/3.3.4/maven-shared-utils-3.3.4.pom (5.8 kB at 27 kB/s)
Downloading from central: https://repo.maven.apache.org/maven2/commons-io/commons-io/2.6/commons-io-2.6.pom
Progress (1): 782 B
Progress (1): 2.1 kB
Progress (1): 5.3 kB
Progress (1): 7.5 kB
Progress (1): 9.5 kB
Progress (1): 12 kB 
Progress (1): 14 kB
                   
Downloaded from central: https://repo.maven.apache.org/maven2/commons-io/commons-io/2.6/commons-io-2.6.pom (14 kB at 62 kB/s)
Downloading from central: https://repo.maven.apache.org/maven2/org/apache/commons/commons-parent/42/commons-parent-42.pom
Progress (1): 778 B
Progress (1): 2.1 kB
Progress (1): 3.3 kB
Progress (1): 4.8 kB
Progress (1): 6.3 kB
Progress (1): 7.7 kB
Progress (1): 11 kB 
Progress (1): 14 kB
Progress (1): 17 kB
Progress (1): 21 kB
Progress (1): 24 kB
Progress (1): 26 kB
Progress (1): 29 kB
Progress (1): 31 kB
Progress (1): 34 kB
Progress (1): 37 kB
Progress (1): 40 kB
Progress (1): 44 kB
Progress (1): 48 kB
Progress (1): 53 kB
Progress (1): 55 kB
Progress (1): 59 kB
Progress (1): 60 kB
Progress (1): 62 kB
Progress (1): 65 kB
Progress (1): 66 kB
Progress (1): 68 kB
                   
Downloaded from central: https://repo.maven.apache.org/maven2/org/apache/commons/commons-parent/42/commons-parent-42.pom (68 kB at 135 kB/s)
Downloading from central: https://repo.maven.apache.org/maven2/org/apache/apache/18/apache-18.pom
Progress (1): 768 B
Progress (1): 2.2 kB
Progress (1): 4.0 kB
Progress (1): 7.7 kB
Progress (1): 11 kB 
Progress (1): 14 kB
Progress (1): 16 kB
                   
Downloaded from central: https://repo.maven.apache.org/maven2/org/apache/apache/18/apache-18.pom (16 kB at 67 kB/s)
Downloading from central: https://repo.maven.apache.org/maven2/org/apache/maven/shared/maven-shared-incremental/1.1/maven-shared-incremental-1.1.pom
Progress (1): 827 B
Progress (1): 2.4 kB
Progress (1): 4.7 kB
                    
Downloaded from central: https://repo.maven.apache.org/maven2/org/apache/maven/shared/maven-shared-incremental/1.1/maven-shared-incremental-1.1.pom (4.7 kB at 21 kB/s)
Downloading from central: https://repo.maven.apache.org/maven2/org/apache/maven/shared/maven-shared-components/19/maven-shared-components-19.pom
Progress (1): 773 B
Progress (1): 2.4 kB
Progress (1): 4.2 kB
Progress (1): 6.4 kB
                    
Downloaded from central: https://repo.maven.apache.org/maven2/org/apache/maven/shared/maven-shared-components/19/maven-shared-components-19.pom (6.4 kB at 25 kB/s)
Downloading from central: https://repo.maven.apache.org/maven2/org/codehaus/plexus/plexus-java/1.1.1/plexus-java-1.1.1.pom
Progress (1): 1.3 kB
Progress (1): 4.1 kB
Progress (1): 5.0 kB
                    
Downloaded from central: https://repo.maven.apache.org/maven2/org/codehaus/plexus/plexus-java/1.1.1/plexus-java-1.1.1.pom (5.0 kB at 18 kB/s)
Downloading from central: https://repo.maven.apache.org/maven2/org/codehaus/plexus/plexus-languages/1.1.1/plexus-languages-1.1.1.pom
Progress (1): 1.3 kB
Progress (1): 3.8 kB
Progress (1): 4.6 kB
                    
Downloaded from central: https://repo.maven.apache.org/maven2/org/codehaus/plexus/plexus-languages/1.1.1/plexus-languages-1.1.1.pom (4.6 kB at 18 kB/s)
Downloading from central: https://repo.maven.apache.org/maven2/org/codehaus/plexus/plexus/8/plexus-8.pom
Progress (1): 767 B
Progress (1): 2.9 kB
Progress (1): 6.7 kB
Progress (1): 7.7 kB
Progress (1): 9.7 kB
Progress (1): 13 kB 
Progress (1): 17 kB
Progress (1): 22 kB
Progress (1): 25 kB
Progress (1): 25 kB
                   
Downloaded from central: https://repo.maven.apache.org/maven2/org/codehaus/plexus/plexus/8/plexus-8.pom (25 kB at 58 kB/s)
Downloading from central: https://repo.maven.apache.org/maven2/org/ow2/asm/asm/9.2/asm-9.2.pom
Progress (1): 1.3 kB
Progress (1): 2.4 kB
                    
Downloaded from central: https://repo.maven.apache.org/maven2/org/ow2/asm/asm/9.2/asm-9.2.pom (2.4 kB at 3.0 kB/s)
Downloading from central: https://repo.maven.apache.org/maven2/org/ow2/ow2/1.5/ow2-1.5.pom
Progress (1): 708 B
Progress (1): 2.1 kB
Progress (1): 3.6 kB
Progress (1): 6.0 kB
Progress (1): 8.2 kB
Progress (1): 11 kB 
                   
Downloaded from central: https://repo.maven.apache.org/maven2/org/ow2/ow2/1.5/ow2-1.5.pom (11 kB at 35 kB/s)
Downloading from central: https://repo.maven.apache.org/maven2/com/thoughtworks/qdox/qdox/2.0.1/qdox-2.0.1.pom
Progress (1): 872 B
Progress (1): 3.4 kB
Progress (1): 6.7 kB
Progress (1): 11 kB 
Progress (1): 14 kB
Progress (1): 16 kB
                   
Downloaded from central: https://repo.maven.apache.org/maven2/com/thoughtworks/qdox/qdox/2.0.1/qdox-2.0.1.pom (16 kB at 51 kB/s)
Downloading from central: https://repo.maven.apache.org/maven2/org/sonatype/oss/oss-parent/9/oss-parent-9.pom
Progress (1): 838 B
Progress (1): 2.7 kB
Progress (1): 6.5 kB
Progress (1): 6.6 kB
                    
Downloaded from central: https://repo.maven.apache.org/maven2/org/sonatype/oss/oss-parent/9/oss-parent-9.pom (6.6 kB at 22 kB/s)
Downloading from central: https://repo.maven.apache.org/maven2/org/codehaus/plexus/plexus-compiler-api/2.11.1/plexus-compiler-api-2.11.1.pom
Progress (1): 1.1 kB
                    
Downloaded from central: https://repo.maven.apache.org/maven2/org/codehaus/plexus/plexus-compiler-api/2.11.1/plexus-compiler-api-2.11.1.pom (1.1 kB at 4.5 kB/s)
Downloading from central: https://repo.maven.apache.org/maven2/org/codehaus/plexus/plexus-compiler/2.11.1/plexus-compiler-2.11.1.pom
Progress (1): 1.2 kB
Progress (1): 4.1 kB
Progress (1): 7.2 kB
Progress (1): 8.1 kB
                    
Downloaded from central: https://repo.maven.apache.org/maven2/org/codehaus/plexus/plexus-compiler/2.11.1/plexus-compiler-2.11.1.pom (8.1 kB at 31 kB/s)
Downloading from central: https://repo.maven.apache.org/maven2/org/codehaus/plexus/plexus-components/6.6/plexus-components-6.6.pom
Progress (1): 1.3 kB
Progress (1): 2.7 kB
                    
Downloaded from central: https://repo.maven.apache.org/maven2/org/codehaus/plexus/plexus-components/6.6/plexus-components-6.6.pom (2.7 kB at 10.0 kB/s)
Downloading from central: https://repo.maven.apache.org/maven2/org/junit/junit-bom/5.8.2/junit-bom-5.8.2.pom
Progress (1): 907 B
Progress (1): 4.1 kB
Progress (1): 5.6 kB
                    
Downloaded from central: https://repo.maven.apache.org/maven2/org/junit/junit-bom/5.8.2/junit-bom-5.8.2.pom (5.6 kB at 24 kB/s)
Downloading from central: https://repo.maven.apache.org/maven2/org/codehaus/plexus/plexus-utils/3.4.1/plexus-utils-3.4.1.pom
Progress (1): 731 B
Progress (1): 2.3 kB
Progress (1): 4.6 kB
Progress (1): 8.0 kB
                    
Downloaded from central: https://repo.maven.apache.org/maven2/org/codehaus/plexus/plexus-utils/3.4.1/plexus-utils-3.4.1.pom (8.0 kB at 25 kB/s)
Downloading from central: https://repo.maven.apache.org/maven2/org/codehaus/plexus/plexus-compiler-manager/2.11.1/plexus-compiler-manager-2.11.1.pom
Progress (1): 1.1 kB
                    
Downloaded from central: https://repo.maven.apache.org/maven2/org/codehaus/plexus/plexus-compiler-manager/2.11.1/plexus-compiler-manager-2.11.1.pom (1.1 kB at 5.2 kB/s)
Downloading from central: https://repo.maven.apache.org/maven2/org/codehaus/plexus/plexus-compiler-javac/2.11.1/plexus-compiler-javac-2.11.1.pom
Progress (1): 1.2 kB
                    
Downloaded from central: https://repo.maven.apache.org/maven2/org/codehaus/plexus/plexus-compiler-javac/2.11.1/plexus-compiler-javac-2.11.1.pom (1.2 kB at 5.3 kB/s)
Downloading from central: https://repo.maven.apache.org/maven2/org/codehaus/plexus/plexus-compilers/2.11.1/plexus-compilers-2.11.1.pom
Progress (1): 1.3 kB
                    
Downloaded from central: https://repo.maven.apache.org/maven2/org/codehaus/plexus/plexus-compilers/2.11.1/plexus-compilers-2.11.1.pom (1.3 kB at 5.8 kB/s)
Downloading from central: https://repo.maven.apache.org/maven2/org/apache/maven/shared/maven-shared-utils/3.3.4/maven-shared-utils-3.3.4.jar
Progress (1): 7.7/153 kB
Progress (1): 7.7/153 kB
Progress (1): 24/153 kB 
Progress (1): 40/153 kB
Progress (1): 57/153 kB
Progress (1): 73/153 kB
Progress (1): 90/153 kB
Progress (1): 106/153 kB
Progress (1): 122/153 kB
Progress (1): 139/153 kB
Progress (1): 153 kB    
                    
Downloaded from central: https://repo.maven.apache.org/maven2/org/apache/maven/shared/maven-shared-utils/3.3.4/maven-shared-utils-3.3.4.jar (153 kB at 22 kB/s)
Downloading from central: https://repo.maven.apache.org/maven2/commons-io/commons-io/2.6/commons-io-2.6.jar
Downloading from central: https://repo.maven.apache.org/maven2/org/apache/maven/shared/maven-shared-incremental/1.1/maven-shared-incremental-1.1.jar
Downloading from central: https://repo.maven.apache.org/maven2/org/codehaus/plexus/plexus-java/1.1.1/plexus-java-1.1.1.jar
Downloading from central: https://repo.maven.apache.org/maven2/org/ow2/asm/asm/9.2/asm-9.2.jar
Downloading from central: https://repo.maven.apache.org/maven2/com/thoughtworks/qdox/qdox/2.0.1/qdox-2.0.1.jar
Progress (1): 3.2/215 kB
Progress (2): 3.2/215 kB | 3.2/14 kB
Progress (3): 3.2/215 kB | 3.2/14 kB | 7.7/122 kB
Progress (3): 3.2/215 kB | 3.2/14 kB | 15/122 kB 
Progress (4): 3.2/215 kB | 3.2/14 kB | 15/122 kB | 3.2/334 kB
Progress (4): 20/215 kB | 3.2/14 kB | 15/122 kB | 3.2/334 kB 
Progress (4): 36/215 kB | 3.2/14 kB | 15/122 kB | 3.2/334 kB
Progress (4): 36/215 kB | 3.2/14 kB | 32/122 kB | 3.2/334 kB
Progress (4): 52/215 kB | 3.2/14 kB | 32/122 kB | 3.2/334 kB
Progress (4): 61/215 kB | 3.2/14 kB | 32/122 kB | 3.2/334 kB
Progress (4): 77/215 kB | 3.2/14 kB | 32/122 kB | 3.2/334 kB
Progress (4): 77/215 kB | 3.2/14 kB | 48/122 kB | 3.2/334 kB
Progress (4): 93/215 kB | 3.2/14 kB | 48/122 kB | 3.2/334 kB
Progress (4): 110/215 kB | 3.2/14 kB | 48/122 kB | 3.2/334 kB
Progress (5): 110/215 kB | 3.2/14 kB | 48/122 kB | 3.2/334 kB | 7.7/54 kB
Progress (5): 110/215 kB | 3.2/14 kB | 48/122 kB | 3.2/334 kB | 16/54 kB 
Progress (5): 110/215 kB | 3.2/14 kB | 48/122 kB | 3.2/334 kB | 24/54 kB
Progress (5): 110/215 kB | 3.2/14 kB | 48/122 kB | 3.2/334 kB | 40/54 kB
Progress (5): 126/215 kB | 3.2/14 kB | 48/122 kB | 3.2/334 kB | 40/54 kB
Progress (5): 126/215 kB | 3.2/14 kB | 48/122 kB | 20/334 kB | 40/54 kB 
Progress (5): 126/215 kB | 3.2/14 kB | 48/122 kB | 36/334 kB | 40/54 kB
Progress (5): 126/215 kB | 3.2/14 kB | 48/122 kB | 52/334 kB | 40/54 kB
Progress (5): 126/215 kB | 3.2/14 kB | 48/122 kB | 69/334 kB | 40/54 kB
Progress (5): 126/215 kB | 14 kB | 48/122 kB | 69/334 kB | 40/54 kB    
                                                                   
Downloaded from central: https://repo.maven.apache.org/maven2/org/apache/maven/shared/maven-shared-incremental/1.1/maven-shared-incremental-1.1.jar (14 kB at 28 kB/s)
Downloading from central: https://repo.maven.apache.org/maven2/org/codehaus/plexus/plexus-compiler-api/2.11.1/plexus-compiler-api-2.11.1.jar
Progress (4): 126/215 kB | 48/122 kB | 85/334 kB | 40/54 kB
Progress (4): 126/215 kB | 48/122 kB | 101/334 kB | 40/54 kB
Progress (4): 126/215 kB | 48/122 kB | 118/334 kB | 40/54 kB
Progress (4): 126/215 kB | 48/122 kB | 134/334 kB | 40/54 kB
Progress (4): 126/215 kB | 48/122 kB | 151/334 kB | 40/54 kB
Progress (4): 126/215 kB | 48/122 kB | 167/334 kB | 40/54 kB
Progress (4): 126/215 kB | 48/122 kB | 183/334 kB | 40/54 kB
Progress (4): 126/215 kB | 48/122 kB | 200/334 kB | 40/54 kB
Progress (4): 126/215 kB | 48/122 kB | 216/334 kB | 40/54 kB
Progress (4): 126/215 kB | 48/122 kB | 233/334 kB | 40/54 kB
Progress (4): 126/215 kB | 48/122 kB | 249/334 kB | 40/54 kB
Progress (4): 126/215 kB | 48/122 kB | 265/334 kB | 40/54 kB
Progress (4): 126/215 kB | 65/122 kB | 265/334 kB | 40/54 kB
Progress (4): 126/215 kB | 81/122 kB | 265/334 kB | 40/54 kB
Progress (4): 126/215 kB | 97/122 kB | 265/334 kB | 40/54 kB
Progress (4): 142/215 kB | 97/122 kB | 265/334 kB | 40/54 kB
Progress (4): 142/215 kB | 97/122 kB | 282/334 kB | 40/54 kB
Progress (4): 159/215 kB | 97/122 kB | 282/334 kB | 40/54 kB
Progress (4): 175/215 kB | 97/122 kB | 282/334 kB | 40/54 kB
Progress (4): 192/215 kB | 97/122 kB | 282/334 kB | 40/54 kB
Progress (4): 192/215 kB | 97/122 kB | 298/334 kB | 40/54 kB
Progress (4): 192/215 kB | 97/122 kB | 314/334 kB | 40/54 kB
Progress (4): 192/215 kB | 97/122 kB | 331/334 kB | 40/54 kB
Progress (4): 192/215 kB | 97/122 kB | 334 kB | 40/54 kB    
                                                        
Downloaded from central: https://repo.maven.apache.org/maven2/com/thoughtworks/qdox/qdox/2.0.1/qdox-2.0.1.jar (334 kB at 440 kB/s)
Downloading from central: https://repo.maven.apache.org/maven2/org/codehaus/plexus/plexus-utils/3.4.1/plexus-utils-3.4.1.jar
Progress (3): 208/215 kB | 97/122 kB | 40/54 kB
Progress (3): 215 kB | 97/122 kB | 40/54 kB    
                                           
Downloaded from central: https://repo.maven.apache.org/maven2/commons-io/commons-io/2.6/commons-io-2.6.jar (215 kB at 256 kB/s)
Downloading from central: https://repo.maven.apache.org/maven2/org/codehaus/plexus/plexus-compiler-manager/2.11.1/plexus-compiler-manager-2.11.1.jar
Progress (3): 97/122 kB | 40/54 kB | 7.7/27 kB
Progress (3): 97/122 kB | 40/54 kB | 16/27 kB 
Progress (4): 97/122 kB | 40/54 kB | 16/27 kB | 7.7/264 kB
Progress (4): 97/122 kB | 40/54 kB | 16/27 kB | 16/264 kB 
Progress (4): 97/122 kB | 40/54 kB | 16/27 kB | 32/264 kB
Progress (4): 97/122 kB | 54 kB | 16/27 kB | 32/264 kB   
                                                      
Downloaded from central: https://repo.maven.apache.org/maven2/org/codehaus/plexus/plexus-java/1.1.1/plexus-java-1.1.1.jar (54 kB at 52 kB/s)
Downloading from central: https://repo.maven.apache.org/maven2/org/codehaus/plexus/plexus-compiler-javac/2.11.1/plexus-compiler-javac-2.11.1.jar
Progress (4): 97/122 kB | 16/27 kB | 32/264 kB | 4.7 kB
                                                       
Downloaded from central: https://repo.maven.apache.org/maven2/org/codehaus/plexus/plexus-compiler-manager/2.11.1/plexus-compiler-manager-2.11.1.jar (4.7 kB at 4.4 kB/s)
Progress (3): 97/122 kB | 16/27 kB | 49/264 kB
Progress (3): 97/122 kB | 16/27 kB | 57/264 kB
Progress (3): 97/122 kB | 16/27 kB | 73/264 kB
Progress (3): 97/122 kB | 16/27 kB | 90/264 kB
Progress (3): 97/122 kB | 16/27 kB | 106/264 kB
Progress (3): 97/122 kB | 16/27 kB | 122/264 kB
Progress (3): 97/122 kB | 16/27 kB | 139/264 kB
Progress (3): 97/122 kB | 16/27 kB | 155/264 kB
Progress (3): 97/122 kB | 16/27 kB | 172/264 kB
Progress (3): 97/122 kB | 27 kB | 172/264 kB   
                                            
Downloaded from central: https://repo.maven.apache.org/maven2/org/codehaus/plexus/plexus-compiler-api/2.11.1/plexus-compiler-api-2.11.1.jar (27 kB at 22 kB/s)
Progress (2): 97/122 kB | 188/264 kB
Progress (2): 97/122 kB | 204/264 kB
Progress (3): 97/122 kB | 204/264 kB | 7.7/23 kB
Progress (3): 97/122 kB | 204/264 kB | 11/23 kB 
Progress (3): 97/122 kB | 221/264 kB | 11/23 kB
Progress (3): 97/122 kB | 237/264 kB | 11/23 kB
Progress (3): 97/122 kB | 253/264 kB | 11/23 kB
Progress (3): 97/122 kB | 264 kB | 11/23 kB    
                                           
Downloaded from central: https://repo.maven.apache.org/maven2/org/codehaus/plexus/plexus-utils/3.4.1/plexus-utils-3.4.1.jar (264 kB at 197 kB/s)
Progress (2): 114/122 kB | 11/23 kB
Progress (2): 122 kB | 11/23 kB    
                               
Downloaded from central: https://repo.maven.apache.org/maven2/org/ow2/asm/asm/9.2/asm-9.2.jar (122 kB at 87 kB/s)
Progress (1): 23 kB
                   
Downloaded from central: https://repo.maven.apache.org/maven2/org/codehaus/plexus/plexus-compiler-javac/2.11.1/plexus-compiler-javac-2.11.1.jar (23 kB at 15 kB/s)
[INFO] Changes detected - recompiling the module!
[INFO] Compiling 86 source files to /home/zhihao/hdd/marshal/.work/rebuild_plexus_xml_license/output-v1/replay-work/formal-github-plexus-utils-xml-removal--target-license-maven-plugin/source-a0/target/classes
[INFO] /home/zhihao/hdd/marshal/.work/rebuild_plexus_xml_license/output-v1/replay-work/formal-github-plexus-utils-xml-removal--target-license-maven-plugin/source-a0/src/main/java/org/codehaus/plexus/util/xml/pull/MXParser.java: Some input files use or override a deprecated API.
[INFO] /home/zhihao/hdd/marshal/.work/rebuild_plexus_xml_license/output-v1/replay-work/formal-github-plexus-utils-xml-removal--target-license-maven-plugin/source-a0/src/main/java/org/codehaus/plexus/util/xml/pull/MXParser.java: Recompile with -Xlint:deprecation for details.
[INFO] /home/zhihao/hdd/marshal/.work/rebuild_plexus_xml_license/output-v1/replay-work/formal-github-plexus-utils-xml-removal--target-license-maven-plugin/source-a0/src/main/java/org/codehaus/plexus/util/FastMap.java: Some input files use unchecked or unsafe operations.
[INFO] /home/zhihao/hdd/marshal/.work/rebuild_plexus_xml_license/output-v1/replay-work/formal-github-plexus-utils-xml-removal--target-license-maven-plugin/source-a0/src/main/java/org/codehaus/plexus/util/FastMap.java: Recompile with -Xlint:unchecked for details.
[INFO] 
[INFO] --- compiler:3.10.1:compile (compile-java-9) @ plexus-utils ---
[WARNING]  Parameter 'compileSourceRoots' is read-only, must not be used in configuration
[INFO] Changes detected - recompiling the module!
[INFO] Compiling 1 source file to /home/zhihao/hdd/marshal/.work/rebuild_plexus_xml_license/output-v1/replay-work/formal-github-plexus-utils-xml-removal--target-license-maven-plugin/source-a0/target/classes/META-INF/versions/9
[INFO] 
[INFO] --- compiler:3.10.1:compile (compile-java-10) @ plexus-utils ---
[WARNING]  Parameter 'compileSourceRoots' is read-only, must not be used in configuration
[INFO] Changes detected - recompiling the module!
[INFO] Compiling 1 source file to /home/zhihao/hdd/marshal/.work/rebuild_plexus_xml_license/output-v1/replay-work/formal-github-plexus-utils-xml-removal--target-license-maven-plugin/source-a0/target/classes/META-INF/versions/10
[INFO] 
[INFO] --- compiler:3.10.1:compile (compile-java-11) @ plexus-utils ---
[WARNING]  Parameter 'compileSourceRoots' is read-only, must not be used in configuration
[INFO] Changes detected - recompiling the module!
[INFO] Compiling 1 source file to /home/zhihao/hdd/marshal/.work/rebuild_plexus_xml_license/output-v1/replay-work/formal-github-plexus-utils-xml-removal--target-license-maven-plugin/source-a0/target/classes/META-INF/versions/11
[INFO] 
[INFO] --- resources:3.3.1:testResources (default-testResources) @ plexus-utils ---
[INFO] Not copying test resources
[INFO] 
[INFO] --- compiler:3.10.1:testCompile (default-testCompile) @ plexus-utils ---
[INFO] Not compiling test sources
[INFO] 
[INFO] --- surefire:2.22.2:test (default-test) @ plexus-utils ---
Downloading from central: https://repo.maven.apache.org/maven2/org/apache/maven/surefire/maven-surefire-common/2.22.2/maven-surefire-common-2.22.2.pom
Progress (1): 1.2 kB
Progress (1): 5.4 kB
Progress (1): 11 kB 
                   
Downloaded from central: https://repo.maven.apache.org/maven2/org/apache/maven/surefire/maven-surefire-common/2.22.2/maven-surefire-common-2.22.2.pom (11 kB at 52 kB/s)
Downloading from central: https://repo.maven.apache.org/maven2/org/apache/maven/maven-plugin-api/2.2.1/maven-plugin-api-2.2.1.pom
Progress (1): 845 B
Progress (1): 1.5 kB
                    
Downloaded from central: https://repo.maven.apache.org/maven2/org/apache/maven/maven-plugin-api/2.2.1/maven-plugin-api-2.2.1.pom (1.5 kB at 6.7 kB/s)
Downloading from central: https://repo.maven.apache.org/maven2/org/apache/maven/maven/2.2.1/maven-2.2.1.pom
Progress (1): 738 B
Progress (1): 1.9 kB
Progress (1): 5.8 kB
Progress (1): 9.1 kB
Progress (1): 12 kB 
Progress (1): 18 kB
Progress (1): 22 kB
Progress (1): 22 kB
                   
Downloaded from central: https://repo.maven.apache.org/maven2/org/apache/maven/maven/2.2.1/maven-2.2.1.pom (22 kB at 99 kB/s)
Downloading from central: https://repo.maven.apache.org/maven2/org/apache/maven/maven-parent/11/maven-parent-11.pom
Progress (1): 733 B
Progress (1): 1.9 kB
Progress (1): 6.1 kB
Progress (1): 11 kB 
Progress (1): 14 kB
Progress (1): 17 kB
Progress (1): 23 kB
Progress (1): 26 kB
Progress (1): 31 kB
Progress (1): 32 kB
                   
Downloaded from central: https://repo.maven.apache.org/maven2/org/apache/maven/maven-parent/11/maven-parent-11.pom (32 kB at 68 kB/s)
Downloading from central: https://repo.maven.apache.org/maven2/org/apache/apache/5/apache-5.pom
Progress (1): 785 B
Progress (1): 2.1 kB
Progress (1): 4.1 kB
                    
Downloaded from central: https://repo.maven.apache.org/maven2/org/apache/apache/5/apache-5.pom (4.1 kB at 19 kB/s)
Downloading from central: https://repo.maven.apache.org/maven2/org/apache/maven/plugin-tools/maven-plugin-annotations/3.5.2/maven-plugin-annotations-3.5.2.pom
Progress (1): 872 B
Progress (1): 1.6 kB
                    
Downloaded from central: https://repo.maven.apache.org/maven2/org/apache/maven/plugin-tools/maven-plugin-annotations/3.5.2/maven-plugin-annotations-3.5.2.pom (1.6 kB at 7.4 kB/s)
Downloading from central: https://repo.maven.apache.org/maven2/org/apache/maven/plugin-tools/maven-plugin-tools/3.5.2/maven-plugin-tools-3.5.2.pom
Progress (1): 792 B
Progress (1): 2.3 kB
Progress (1): 4.1 kB
Progress (1): 9.4 kB
Progress (1): 13 kB 
Progress (1): 15 kB
                   
Downloaded from central: https://repo.maven.apache.org/maven2/org/apache/maven/plugin-tools/maven-plugin-tools/3.5.2/maven-plugin-tools-3.5.2.pom (15 kB at 69 kB/s)
Downloading from central: https://repo.maven.apache.org/maven2/org/apache/maven/maven-parent/31/maven-parent-31.pom
Progress (1): 721 B
Progress (1): 1.9 kB
Progress (1): 5.4 kB
Progress (1): 9.9 kB
Progress (1): 14 kB 
Progress (1): 19 kB
Progress (1): 24 kB
Progress (1): 25 kB
Progress (1): 27 kB
Progress (1): 30 kB
Progress (1): 34 kB
Progress (1): 37 kB
Progress (1): 40 kB
Progress (1): 43 kB
                   
Downloaded from central: https://repo.maven.apache.org/maven2/org/apache/maven/maven-parent/31/maven-parent-31.pom (43 kB at 90 kB/s)
Downloading from central: https://repo.maven.apache.org/maven2/org/apache/apache/19/apache-19.pom
Progress (1): 810 B
Progress (1): 2.2 kB
Progress (1): 3.2 kB
Progress (1): 5.4 kB
Progress (1): 11 kB 
Progress (1): 14 kB
Progress (1): 15 kB
                   
Downloaded from central: https://repo.maven.apache.org/maven2/org/apache/apache/19/apache-19.pom (15 kB at 24 kB/s)
Downloading from central: https://repo.maven.apache.org/maven2/org/apache/maven/maven-artifact/2.2.1/maven-artifact-2.2.1.pom
Progress (1): 844 B
Progress (1): 1.6 kB
                    
Downloaded from central: https://repo.maven.apache.org/maven2/org/apache/maven/maven-artifact/2.2.1/maven-artifact-2.2.1.pom (1.6 kB at 5.6 kB/s)
Downloading from central: https://repo.maven.apache.org/maven2/org/codehaus/plexus/plexus-utils/1.5.15/plexus-utils-1.5.15.pom
Progress (1): 794 B
Progress (1): 2.2 kB
Progress (1): 4.8 kB
Progress (1): 6.8 kB
                    
Downloaded from central: https://repo.maven.apache.org/maven2/org/codehaus/plexus/plexus-utils/1.5.15/plexus-utils-1.5.15.pom (6.8 kB at 19 kB/s)
Downloading from central: https://repo.maven.apache.org/maven2/org/codehaus/plexus/plexus/2.0.2/plexus-2.0.2.pom
Progress (1): 1.0 kB
Progress (1): 3.9 kB
Progress (1): 7.5 kB
Progress (1): 11 kB 
Progress (1): 12 kB
                   
Downloaded from central: https://repo.maven.apache.org/maven2/org/codehaus/plexus/plexus/2.0.2/plexus-2.0.2.pom (12 kB at 25 kB/s)
Downloading from central: https://repo.maven.apache.org/maven2/org/apache/maven/surefire/surefire-api/2.22.2/surefire-api-2.22.2.pom
Progress (1): 1.3 kB
Progress (1): 3.5 kB
                    
Downloaded from central: https://repo.maven.apache.org/maven2/org/apache/maven/surefire/surefire-api/2.22.2/surefire-api-2.22.2.pom (3.5 kB at 13 kB/s)
Downloading from central: https://repo.maven.apache.org/maven2/org/apache/maven/surefire/surefire-logger-api/2.22.2/surefire-logger-api-2.22.2.pom
Progress (1): 862 B
Progress (1): 2.0 kB
                    
Downloaded from central: https://repo.maven.apache.org/maven2/org/apache/maven/surefire/surefire-logger-api/2.22.2/surefire-logger-api-2.22.2.pom (2.0 kB at 7.3 kB/s)
Downloading from central: https://repo.maven.apache.org/maven2/org/apache/maven/surefire/surefire-booter/2.22.2/surefire-booter-2.22.2.pom
Progress (1): 1.1 kB
Progress (1): 5.0 kB
Progress (1): 7.5 kB
                    
Downloaded from central: https://repo.maven.apache.org/maven2/org/apache/maven/surefire/surefire-booter/2.22.2/surefire-booter-2.22.2.pom (7.5 kB at 27 kB/s)
Downloading from central: https://repo.maven.apache.org/maven2/org/apache/maven/maven-plugin-descriptor/2.2.1/maven-plugin-descriptor-2.2.1.pom
Progress (1): 829 B
Progress (1): 2.1 kB
                    
Downloaded from central: https://repo.maven.apache.org/maven2/org/apache/maven/maven-plugin-descriptor/2.2.1/maven-plugin-descriptor-2.2.1.pom (2.1 kB at 8.0 kB/s)
Downloading from central: https://repo.maven.apache.org/maven2/org/codehaus/plexus/plexus-container-default/1.0-alpha-9-stable-1/plexus-container-default-1.0-alpha-9-stable-1.pom
Progress (1): 2.1 kB
Progress (1): 3.9 kB
                    
Downloaded from central: https://repo.maven.apache.org/maven2/org/codehaus/plexus/plexus-container-default/1.0-alpha-9-stable-1/plexus-container-default-1.0-alpha-9-stable-1.pom (3.9 kB at 15 kB/s)
Downloading from central: https://repo.maven.apache.org/maven2/org/codehaus/plexus/plexus-containers/1.0.3/plexus-containers-1.0.3.pom
Progress (1): 492 B
                   
Downloaded from central: https://repo.maven.apache.org/maven2/org/codehaus/plexus/plexus-containers/1.0.3/plexus-containers-1.0.3.pom (492 B at 2.1 kB/s)
Downloading from central: https://repo.maven.apache.org/maven2/org/codehaus/plexus/plexus/1.0.4/plexus-1.0.4.pom
Progress (1): 1.5 kB
Progress (1): 4.6 kB
Progress (1): 5.7 kB
                    
Downloaded from central: https://repo.maven.apache.org/maven2/org/codehaus/plexus/plexus/1.0.4/plexus-1.0.4.pom (5.7 kB at 20 kB/s)
Downloading from central: https://repo.maven.apache.org/maven2/junit/junit/4.12/junit-4.12.pom
Progress (1): 1.0 kB
Progress (1): 3.1 kB
Progress (1): 4.8 kB
Progress (1): 6.9 kB
Progress (1): 9.5 kB
Progress (1): 13 kB 
Progress (1): 15 kB
Progress (1): 20 kB
Progress (1): 24 kB
                   
Downloaded from central: https://repo.maven.apache.org/maven2/junit/junit/4.12/junit-4.12.pom (24 kB at 53 kB/s)
Downloading from central: https://repo.maven.apache.org/maven2/org/codehaus/plexus/plexus-utils/1.0.4/plexus-utils-1.0.4.pom
Progress (1): 1.5 kB
Progress (1): 3.2 kB
Progress (1): 5.1 kB
Progress (1): 6.9 kB
                    
Downloaded from central: https://repo.maven.apache.org/maven2/org/codehaus/plexus/plexus-utils/1.0.4/plexus-utils-1.0.4.pom (6.9 kB at 22 kB/s)
Downloading from central: https://repo.maven.apache.org/maven2/classworlds/classworlds/1.1-alpha-2/classworlds-1.1-alpha-2.pom
Progress (1): 2.0 kB
Progress (1): 3.1 kB
                    
Downloaded from central: https://repo.maven.apache.org/maven2/classworlds/classworlds/1.1-alpha-2/classworlds-1.1-alpha-2.pom (3.1 kB at 12 kB/s)
Downloading from central: https://repo.maven.apache.org/maven2/org/apache/maven/maven-project/2.2.1/maven-project-2.2.1.pom
Progress (1): 827 B
Progress (1): 2.8 kB
                    
Downloaded from central: https://repo.maven.apache.org/maven2/org/apache/maven/maven-project/2.2.1/maven-project-2.2.1.pom (2.8 kB at 11 kB/s)
Downloading from central: https://repo.maven.apache.org/maven2/org/apache/maven/maven-settings/2.2.1/maven-settings-2.2.1.pom
Progress (1): 820 B
Progress (1): 2.2 kB
                    
Downloaded from central: https://repo.maven.apache.org/maven2/org/apache/maven/maven-settings/2.2.1/maven-settings-2.2.1.pom (2.2 kB at 8.5 kB/s)
Downloading from central: https://repo.maven.apache.org/maven2/org/apache/maven/maven-model/2.2.1/maven-model-2.2.1.pom
Progress (1): 809 B
Progress (1): 3.0 kB
Progress (1): 3.2 kB
                    
Downloaded from central: https://repo.maven.apache.org/maven2/org/apache/maven/maven-model/2.2.1/maven-model-2.2.1.pom (3.2 kB at 12 kB/s)
Downloading from central: https://repo.maven.apache.org/maven2/org/codehaus/plexus/plexus-interpolation/1.11/plexus-interpolation-1.11.pom
Progress (1): 889 B
                   
Downloaded from central: https://repo.maven.apache.org/maven2/org/codehaus/plexus/plexus-interpolation/1.11/plexus-interpolation-1.11.pom (889 B at 3.7 kB/s)
Downloading from central: https://repo.maven.apache.org/maven2/org/codehaus/plexus/plexus-components/1.1.14/plexus-components-1.1.14.pom
Progress (1): 1.2 kB
Progress (1): 3.7 kB
Progress (1): 5.8 kB
                    
Downloaded from central: https://repo.maven.apache.org/maven2/org/codehaus/plexus/plexus-components/1.1.14/plexus-components-1.1.14.pom (5.8 kB at 21 kB/s)
Downloading from central: https://repo.maven.apache.org/maven2/org/apache/maven/maven-profile/2.2.1/maven-profile-2.2.1.pom
Progress (1): 829 B
Progress (1): 2.2 kB
                    
Downloaded from central: https://repo.maven.apache.org/maven2/org/apache/maven/maven-profile/2.2.1/maven-profile-2.2.1.pom (2.2 kB at 2.4 kB/s)
Downloading from central: https://repo.maven.apache.org/maven2/org/apache/maven/maven-artifact-manager/2.2.1/maven-artifact-manager-2.2.1.pom
Progress (1): 813 B
Progress (1): 3.1 kB
                    
Downloaded from central: https://repo.maven.apache.org/maven2/org/apache/maven/maven-artifact-manager/2.2.1/maven-artifact-manager-2.2.1.pom (3.1 kB at 3.5 kB/s)
Downloading from central: https://repo.maven.apache.org/maven2/org/apache/maven/maven-repository-metadata/2.2.1/maven-repository-metadata-2.2.1.pom
Progress (1): 830 B
Progress (1): 1.9 kB
                    
Downloaded from central: https://repo.maven.apache.org/maven2/org/apache/maven/maven-repository-metadata/2.2.1/maven-repository-metadata-2.2.1.pom (1.9 kB at 7.3 kB/s)
Downloading from central: https://repo.maven.apache.org/maven2/backport-util-concurrent/backport-util-concurrent/3.1/backport-util-concurrent-3.1.pom
Progress (1): 880 B
                   
Downloaded from central: https://repo.maven.apache.org/maven2/backport-util-concurrent/backport-util-concurrent/3.1/backport-util-concurrent-3.1.pom (880 B at 3.6 kB/s)
Downloading from central: https://repo.maven.apache.org/maven2/org/apache/maven/maven-plugin-registry/2.2.1/maven-plugin-registry-2.2.1.pom
Progress (1): 829 B
Progress (1): 1.9 kB
                    
Downloaded from central: https://repo.maven.apache.org/maven2/org/apache/maven/maven-plugin-registry/2.2.1/maven-plugin-registry-2.2.1.pom (1.9 kB at 7.6 kB/s)
Downloading from central: https://repo.maven.apache.org/maven2/org/apache/maven/maven-core/2.2.1/maven-core-2.2.1.pom
Progress (1): 797 B
Progress (1): 2.8 kB
Progress (1): 7.0 kB
Progress (1): 9.8 kB
Progress (1): 12 kB 
                   
Downloaded from central: https://repo.maven.apache.org/maven2/org/apache/maven/maven-core/2.2.1/maven-core-2.2.1.pom (12 kB at 25 kB/s)
Downloading from central: https://repo.maven.apache.org/maven2/org/apache/maven/maven-plugin-parameter-documenter/2.2.1/maven-plugin-parameter-documenter-2.2.1.pom
Progress (1): 828 B
Progress (1): 2.0 kB
                    
Downloaded from central: https://repo.maven.apache.org/maven2/org/apache/maven/maven-plugin-parameter-documenter/2.2.1/maven-plugin-parameter-documenter-2.2.1.pom (2.0 kB at 7.3 kB/s)
Downloading from central: https://repo.maven.apache.org/maven2/org/slf4j/slf4j-jdk14/1.5.6/slf4j-jdk14-1.5.6.pom
Progress (1): 1.4 kB
Progress (1): 1.9 kB
                    
Downloaded from central: https://repo.maven.apache.org/maven2/org/slf4j/slf4j-jdk14/1.5.6/slf4j-jdk14-1.5.6.pom (1.9 kB at 7.4 kB/s)
Downloading from central: https://repo.maven.apache.org/maven2/org/slf4j/slf4j-parent/1.5.6/slf4j-parent-1.5.6.pom
Progress (1): 1.2 kB
Progress (1): 3.3 kB
Progress (1): 6.3 kB
Progress (1): 7.7 kB
Progress (1): 7.9 kB
                    
Downloaded from central: https://repo.maven.apache.org/maven2/org/slf4j/slf4j-parent/1.5.6/slf4j-parent-1.5.6.pom (7.9 kB at 25 kB/s)
Downloading from central: https://repo.maven.apache.org/maven2/org/slf4j/slf4j-api/1.5.6/slf4j-api-1.5.6.pom
Progress (1): 1.4 kB
Progress (1): 3.0 kB
                    
Downloaded from central: https://repo.maven.apache.org/maven2/org/slf4j/slf4j-api/1.5.6/slf4j-api-1.5.6.pom (3.0 kB at 12 kB/s)
Downloading from central: https://repo.maven.apache.org/maven2/org/slf4j/jcl-over-slf4j/1.5.6/jcl-over-slf4j-1.5.6.pom
Progress (1): 1.4 kB
Progress (1): 2.2 kB
                    
Downloaded from central: https://repo.maven.apache.org/maven2/org/slf4j/jcl-over-slf4j/1.5.6/jcl-over-slf4j-1.5.6.pom (2.2 kB at 8.7 kB/s)
Downloading from central: https://repo.maven.apache.org/maven2/org/apache/maven/reporting/maven-reporting-api/3.0/maven-reporting-api-3.0.pom
Progress (1): 816 B
Progress (1): 2.4 kB
Progress (1): 2.4 kB
                    
Downloaded from central: https://repo.maven.apache.org/maven2/org/apache/maven/reporting/maven-reporting-api/3.0/maven-reporting-api-3.0.pom (2.4 kB at 8.9 kB/s)
Downloading from central: https://repo.maven.apache.org/maven2/org/apache/maven/shared/maven-shared-components/15/maven-shared-components-15.pom
Progress (1): 770 B
Progress (1): 2.9 kB
Progress (1): 6.5 kB
Progress (1): 9.1 kB
Progress (1): 9.3 kB
                    
Downloaded from central: https://repo.maven.apache.org/maven2/org/apache/maven/shared/maven-shared-components/15/maven-shared-components-15.pom (9.3 kB at 29 kB/s)
Downloading from central: https://repo.maven.apache.org/maven2/org/apache/maven/maven-parent/16/maven-parent-16.pom
Progress (1): 742 B
Progress (1): 2.0 kB
Progress (1): 6.6 kB
Progress (1): 11 kB 
Progress (1): 15 kB
Progress (1): 17 kB
Progress (1): 21 kB
Progress (1): 23 kB
                   
Downloaded from central: https://repo.maven.apache.org/maven2/org/apache/maven/maven-parent/16/maven-parent-16.pom (23 kB at 55 kB/s)
Downloading from central: https://repo.maven.apache.org/maven2/org/apache/apache/7/apache-7.pom
Progress (1): 754 B
Progress (1): 2.0 kB
Progress (1): 3.7 kB
Progress (1): 7.1 kB
Progress (1): 11 kB 
Progress (1): 14 kB
Progress (1): 14 kB
                   
Downloaded from central: https://repo.maven.apache.org/maven2/org/apache/apache/7/apache-7.pom (14 kB at 42 kB/s)
Downloading from central: https://repo.maven.apache.org/maven2/org/apache/maven/maven-error-diagnostics/2.2.1/maven-error-diagnostics-2.2.1.pom
Progress (1): 831 B
Progress (1): 1.7 kB
                    
Downloaded from central: https://repo.maven.apache.org/maven2/org/apache/maven/maven-error-diagnostics/2.2.1/maven-error-diagnostics-2.2.1.pom (1.7 kB at 1.7 kB/s)
Downloading from central: https://repo.maven.apache.org/maven2/org/apache/maven/maven-monitor/2.2.1/maven-monitor-2.2.1.pom
Progress (1): 846 B
Progress (1): 1.3 kB
                    
Downloaded from central: https://repo.maven.apache.org/maven2/org/apache/maven/maven-monitor/2.2.1/maven-monitor-2.2.1.pom (1.3 kB at 1.4 kB/s)
Downloading from central: https://repo.maven.apache.org/maven2/classworlds/classworlds/1.1/classworlds-1.1.pom
Progress (1): 2.1 kB
Progress (1): 3.3 kB
                    
Downloaded from central: https://repo.maven.apache.org/maven2/classworlds/classworlds/1.1/classworlds-1.1.pom (3.3 kB at 13 kB/s)
Downloading from central: https://repo.maven.apache.org/maven2/org/codehaus/plexus/plexus-utils/1.5.5/plexus-utils-1.5.5.pom
Progress (1): 1.4 kB
Progress (1): 4.4 kB
Progress (1): 5.1 kB
                    
Downloaded from central: https://repo.maven.apache.org/maven2/org/codehaus/plexus/plexus-utils/1.5.5/plexus-utils-1.5.5.pom (5.1 kB at 19 kB/s)
Downloading from central: https://repo.maven.apache.org/maven2/org/codehaus/plexus/plexus/1.0.11/plexus-1.0.11.pom
Progress (1): 1.2 kB
Progress (1): 4.4 kB
Progress (1): 7.6 kB
Progress (1): 9.0 kB
                    
Downloaded from central: https://repo.maven.apache.org/maven2/org/codehaus/plexus/plexus/1.0.11/plexus-1.0.11.pom (9.0 kB at 29 kB/s)
Downloading from central: https://repo.maven.apache.org/maven2/org/apache/maven/maven-toolchain/2.2.1/maven-toolchain-2.2.1.pom
Progress (1): 805 B
Progress (1): 2.8 kB
Progress (1): 3.3 kB
                    
Downloaded from central: https://repo.maven.apache.org/maven2/org/apache/maven/maven-toolchain/2.2.1/maven-toolchain-2.2.1.pom (3.3 kB at 7.2 kB/s)
Downloading from central: https://repo.maven.apache.org/maven2/org/codehaus/plexus/plexus-java/0.9.10/plexus-java-0.9.10.pom
Progress (1): 1.2 kB
Progress (1): 4.0 kB
Progress (1): 5.1 kB
                    
Downloaded from central: https://repo.maven.apache.org/maven2/org/codehaus/plexus/plexus-java/0.9.10/plexus-java-0.9.10.pom (5.1 kB at 18 kB/s)
Downloading from central: https://repo.maven.apache.org/maven2/org/codehaus/plexus/plexus-languages/0.9.10/plexus-languages-0.9.10.pom
Progress (1): 1.3 kB
Progress (1): 4.1 kB
                    
Downloaded from central: https://repo.maven.apache.org/maven2/org/codehaus/plexus/plexus-languages/0.9.10/plexus-languages-0.9.10.pom (4.1 kB at 15 kB/s)
Downloading from central: https://repo.maven.apache.org/maven2/org/codehaus/plexus/plexus/4.0/plexus-4.0.pom
Progress (1): 707 B
Progress (1): 2.5 kB
Progress (1): 6.4 kB
Progress (1): 9.2 kB
Progress (1): 12 kB 
Progress (1): 16 kB
Progress (1): 21 kB
Progress (1): 22 kB
                   
Downloaded from central: https://repo.maven.apache.org/maven2/org/codehaus/plexus/plexus/4.0/plexus-4.0.pom (22 kB at 46 kB/s)
Downloading from central: https://repo.maven.apache.org/maven2/org/ow2/asm/asm/6.2/asm-6.2.pom
Progress (1): 1.2 kB
Progress (1): 2.9 kB
                    
Downloaded from central: https://repo.maven.apache.org/maven2/org/ow2/asm/asm/6.2/asm-6.2.pom (2.9 kB at 3.3 kB/s)
Downloading from central: https://repo.maven.apache.org/maven2/com/thoughtworks/qdox/qdox/2.0-M8/qdox-2.0-M8.pom
Progress (1): 873 B
Progress (1): 3.4 kB
Progress (1): 6.7 kB
Progress (1): 11 kB 
Progress (1): 14 kB
Progress (1): 16 kB
                   
Downloaded from central: https://repo.maven.apache.org/maven2/com/thoughtworks/qdox/qdox/2.0-M8/qdox-2.0-M8.pom (16 kB at 46 kB/s)
Downloading from central: https://repo.maven.apache.org/maven2/org/apache/maven/surefire/maven-surefire-common/2.22.2/maven-surefire-common-2.22.2.jar
Progress (1): 7.7/528 kB
Progress (1): 15/528 kB 
Progress (1): 32/528 kB
Progress (1): 48/528 kB
Progress (1): 65/528 kB
Progress (1): 81/528 kB
Progress (1): 97/528 kB
Progress (1): 114/528 kB
Progress (1): 130/528 kB
Progress (1): 147/528 kB
Progress (1): 163/528 kB
Progress (1): 179/528 kB
Progress (1): 196/528 kB
Progress (1): 212/528 kB
Progress (1): 228/528 kB
Progress (1): 245/528 kB
Progress (1): 261/528 kB
Progress (1): 278/528 kB
Progress (1): 294/528 kB
Progress (1): 310/528 kB
Progress (1): 327/528 kB
Progress (1): 343/528 kB
Progress (1): 360/528 kB
Progress (1): 376/528 kB
Progress (1): 392/528 kB
Progress (1): 409/528 kB
Progress (1): 425/528 kB
Progress (1): 441/528 kB
Progress (1): 458/528 kB
Progress (1): 474/528 kB
Progress (1): 491/528 kB
Progress (1): 507/528 kB
Progress (1): 523/528 kB
Progress (1): 528 kB    
                    
Downloaded from central: https://repo.maven.apache.org/maven2/org/apache/maven/surefire/maven-surefire-common/2.22.2/maven-surefire-common-2.22.2.jar (528 kB at 51 kB/s)
Downloading from central: https://repo.maven.apache.org/maven2/org/apache/maven/maven-plugin-api/2.2.1/maven-plugin-api-2.2.1.jar
Downloading from central: https://repo.maven.apache.org/maven2/org/apache/maven/plugin-tools/maven-plugin-annotations/3.5.2/maven-plugin-annotations-3.5.2.jar
Downloading from central: https://repo.maven.apache.org/maven2/org/apache/maven/surefire/surefire-api/2.22.2/surefire-api-2.22.2.jar
Downloading from central: https://repo.maven.apache.org/maven2/org/apache/maven/surefire/surefire-logger-api/2.22.2/surefire-logger-api-2.22.2.jar
Downloading from central: https://repo.maven.apache.org/maven2/org/apache/maven/surefire/surefire-booter/2.22.2/surefire-booter-2.22.2.jar
Progress (1): 7.7/14 kB
Progress (1): 7.7/14 kB
Progress (2): 7.7/14 kB | 7.7/274 kB
Progress (2): 7.7/14 kB | 11/274 kB 
Progress (3): 7.7/14 kB | 11/274 kB | 7.7/186 kB
Progress (3): 7.7/14 kB | 11/274 kB | 16/186 kB 
Progress (3): 7.7/14 kB | 11/274 kB | 24/186 kB
Progress (3): 7.7/14 kB | 11/274 kB | 40/186 kB
Progress (4): 7.7/14 kB | 11/274 kB | 40/186 kB | 7.7/12 kB
Progress (4): 7.7/14 kB | 11/274 kB | 40/186 kB | 12 kB    
                                                       
Downloaded from central: https://repo.maven.apache.org/maven2/org/apache/maven/maven-plugin-api/2.2.1/maven-plugin-api-2.2.1.jar (12 kB at 42 kB/s)
Downloading from central: https://repo.maven.apache.org/maven2/org/apache/maven/maven-artifact/2.2.1/maven-artifact-2.2.1.jar
Progress (3): 7.7/14 kB | 11/274 kB | 57/186 kB
Progress (3): 7.7/14 kB | 11/274 kB | 73/186 kB
Progress (3): 7.7/14 kB | 11/274 kB | 90/186 kB
Progress (3): 7.7/14 kB | 11/274 kB | 106/186 kB
Progress (3): 7.7/14 kB | 11/274 kB | 122/186 kB
Progress (3): 7.7/14 kB | 11/274 kB | 139/186 kB
Progress (3): 7.7/14 kB | 11/274 kB | 155/186 kB
Progress (3): 7.7/14 kB | 11/274 kB | 172/186 kB
Progress (3): 7.7/14 kB | 28/274 kB | 172/186 kB
Progress (3): 7.7/14 kB | 28/274 kB | 186 kB    
                                            
Downloaded from central: https://repo.maven.apache.org/maven2/org/apache/maven/surefire/surefire-api/2.22.2/surefire-api-2.22.2.jar (186 kB at 415 kB/s)
Downloading from central: https://repo.maven.apache.org/maven2/org/codehaus/plexus/plexus-utils/1.5.15/plexus-utils-1.5.15.jar
Progress (3): 7.7/14 kB | 28/274 kB | 7.7/13 kB
Progress (3): 7.7/14 kB | 28/274 kB | 7.7/13 kB
Progress (3): 7.7/14 kB | 28/274 kB | 13 kB    
                                           
Downloaded from central: https://repo.maven.apache.org/maven2/org/apache/maven/surefire/surefire-logger-api/2.22.2/surefire-logger-api-2.22.2.jar (13 kB at 29 kB/s)
Downloading from central: https://repo.maven.apache.org/maven2/org/apache/maven/maven-plugin-descriptor/2.2.1/maven-plugin-descriptor-2.2.1.jar
Progress (2): 7.7/14 kB | 44/274 kB
Progress (2): 7.7/14 kB | 61/274 kB
Progress (2): 7.7/14 kB | 77/274 kB
Progress (2): 7.7/14 kB | 93/274 kB
Progress (2): 14 kB | 93/274 kB    
                               
Downloaded from central: https://repo.maven.apache.org/maven2/org/apache/maven/plugin-tools/maven-plugin-annotations/3.5.2/maven-plugin-annotations-3.5.2.jar (14 kB at 24 kB/s)
Downloading from central: https://repo.maven.apache.org/maven2/org/codehaus/plexus/plexus-container-default/1.0-alpha-9-stable-1/plexus-container-default-1.0-alpha-9-stable-1.jar
Progress (1): 110/274 kB
Progress (1): 126/274 kB
Progress (2): 126/274 kB | 7.7/228 kB
Progress (2): 126/274 kB | 16/228 kB 
Progress (2): 126/274 kB | 32/228 kB
Progress (2): 142/274 kB | 32/228 kB
Progress (2): 142/274 kB | 49/228 kB
Progress (2): 159/274 kB | 49/228 kB
Progress (2): 159/274 kB | 61/228 kB
Progress (2): 175/274 kB | 61/228 kB
Progress (2): 175/274 kB | 77/228 kB
Progress (2): 175/274 kB | 93/228 kB
Progress (2): 175/274 kB | 110/228 kB
Progress (2): 192/274 kB | 110/228 kB
Progress (2): 208/274 kB | 110/228 kB
Progress (2): 224/274 kB | 110/228 kB
Progress (2): 241/274 kB | 110/228 kB
Progress (2): 257/274 kB | 110/228 kB
Progress (2): 273/274 kB | 110/228 kB
Progress (2): 274 kB | 110/228 kB    
                                 
Downloaded from central: https://repo.maven.apache.org/maven2/org/apache/maven/surefire/surefire-booter/2.22.2/surefire-booter-2.22.2.jar (274 kB at 340 kB/s)
Downloading from central: https://repo.maven.apache.org/maven2/junit/junit/4.12/junit-4.12.jar
Progress (1): 126/228 kB
Progress (2): 126/228 kB | 7.7/80 kB
Progress (2): 126/228 kB | 16/80 kB 
Progress (2): 126/228 kB | 32/80 kB
Progress (2): 126/228 kB | 49/80 kB
Progress (2): 142/228 kB | 49/80 kB
Progress (3): 142/228 kB | 49/80 kB | 7.7/39 kB
Progress (3): 142/228 kB | 49/80 kB | 16/39 kB 
Progress (4): 142/228 kB | 49/80 kB | 16/39 kB | 7.7/194 kB
Progress (4): 159/228 kB | 49/80 kB | 16/39 kB | 7.7/194 kB
Progress (4): 159/228 kB | 49/80 kB | 16/39 kB | 16/194 kB 
Progress (4): 159/228 kB | 49/80 kB | 16/39 kB | 24/194 kB
Progress (4): 159/228 kB | 49/80 kB | 16/39 kB | 40/194 kB
Progress (4): 159/228 kB | 49/80 kB | 16/39 kB | 57/194 kB
Progress (4): 175/228 kB | 49/80 kB | 16/39 kB | 57/194 kB
Progress (5): 175/228 kB | 49/80 kB | 16/39 kB | 57/194 kB | 7.7/315 kB
Progress (5): 192/228 kB | 49/80 kB | 16/39 kB | 57/194 kB | 7.7/315 kB
Progress (5): 192/228 kB | 49/80 kB | 16/39 kB | 57/194 kB | 16/315 kB 
Progress (5): 208/228 kB | 49/80 kB | 16/39 kB | 57/194 kB | 16/315 kB
Progress (5): 224/228 kB | 49/80 kB | 16/39 kB | 57/194 kB | 16/315 kB
Progress (5): 228 kB | 49/80 kB | 16/39 kB | 57/194 kB | 16/315 kB    
                                                                  
Downloaded from central: https://repo.maven.apache.org/maven2/org/codehaus/plexus/plexus-utils/1.5.15/plexus-utils-1.5.15.jar (228 kB at 220 kB/s)
Downloading from central: https://repo.maven.apache.org/maven2/org/apache/maven/maven-project/2.2.1/maven-project-2.2.1.jar
Progress (4): 49/80 kB | 16/39 kB | 57/194 kB | 25/315 kB
Progress (4): 65/80 kB | 16/39 kB | 57/194 kB | 25/315 kB
Progress (5): 65/80 kB | 16/39 kB | 57/194 kB | 25/315 kB | 7.7/156 kB
Progress (5): 65/80 kB | 16/39 kB | 57/194 kB | 25/315 kB | 16/156 kB 
Progress (5): 65/80 kB | 16/39 kB | 57/194 kB | 41/315 kB | 16/156 kB
Progress (5): 80 kB | 16/39 kB | 57/194 kB | 41/315 kB | 16/156 kB   
                                                                  
Downloaded from central: https://repo.maven.apache.org/maven2/org/apache/maven/maven-artifact/2.2.1/maven-artifact-2.2.1.jar (80 kB at 64 kB/s)
Downloading from central: https://repo.maven.apache.org/maven2/org/apache/maven/maven-settings/2.2.1/maven-settings-2.2.1.jar
Progress (4): 16/39 kB | 57/194 kB | 41/315 kB | 32/156 kB
Progress (4): 16/39 kB | 57/194 kB | 57/315 kB | 32/156 kB
Progress (4): 16/39 kB | 73/194 kB | 57/315 kB | 32/156 kB
Progress (4): 16/39 kB | 90/194 kB | 57/315 kB | 32/156 kB
Progress (4): 16/39 kB | 106/194 kB | 57/315 kB | 32/156 kB
Progress (4): 16/39 kB | 122/194 kB | 57/315 kB | 32/156 kB
Progress (4): 16/39 kB | 122/194 kB | 57/315 kB | 49/156 kB
Progress (4): 16/39 kB | 131/194 kB | 57/315 kB | 49/156 kB
Progress (4): 16/39 kB | 131/194 kB | 57/315 kB | 61/156 kB
Progress (4): 16/39 kB | 131/194 kB | 74/315 kB | 61/156 kB
Progress (4): 16/39 kB | 131/194 kB | 90/315 kB | 61/156 kB
Progress (4): 16/39 kB | 131/194 kB | 90/315 kB | 77/156 kB
Progress (4): 16/39 kB | 131/194 kB | 90/315 kB | 93/156 kB
Progress (4): 16/39 kB | 147/194 kB | 90/315 kB | 93/156 kB
Progress (4): 32/39 kB | 147/194 kB | 90/315 kB | 93/156 kB
Progress (4): 39 kB | 147/194 kB | 90/315 kB | 93/156 kB   
                                                        
Downloaded from central: https://repo.maven.apache.org/maven2/org/apache/maven/maven-plugin-descriptor/2.2.1/maven-plugin-descriptor-2.2.1.jar (39 kB at 26 kB/s)
Downloading from central: https://repo.maven.apache.org/maven2/org/apache/maven/maven-profile/2.2.1/maven-profile-2.2.1.jar
Progress (3): 147/194 kB | 90/315 kB | 110/156 kB
Progress (3): 147/194 kB | 90/315 kB | 126/156 kB
Progress (3): 147/194 kB | 90/315 kB | 142/156 kB
Progress (3): 147/194 kB | 90/315 kB | 156 kB    
                                             
Downloaded from central: https://repo.maven.apache.org/maven2/org/apache/maven/maven-project/2.2.1/maven-project-2.2.1.jar (156 kB at 101 kB/s)
Downloading from central: https://repo.maven.apache.org/maven2/org/apache/maven/maven-artifact-manager/2.2.1/maven-artifact-manager-2.2.1.jar
Progress (2): 147/194 kB | 106/315 kB
Progress (2): 147/194 kB | 123/315 kB
Progress (2): 147/194 kB | 131/315 kB
Progress (2): 147/194 kB | 147/315 kB
Progress (2): 147/194 kB | 164/315 kB
Progress (2): 147/194 kB | 180/315 kB
Progress (2): 147/194 kB | 197/315 kB
Progress (2): 147/194 kB | 213/315 kB
Progress (2): 164/194 kB | 213/315 kB
Progress (2): 180/194 kB | 213/315 kB
Progress (2): 194 kB | 213/315 kB    
                                 
Downloaded from central: https://repo.maven.apache.org/maven2/org/codehaus/plexus/plexus-container-default/1.0-alpha-9-stable-1/plexus-container-default-1.0-alpha-9-stable-1.jar (194 kB at 119 kB/s)
Downloading from central: https://repo.maven.apache.org/maven2/backport-util-concurrent/backport-util-concurrent/3.1/backport-util-concurrent-3.1.jar
Progress (1): 229/315 kB
Progress (1): 246/315 kB
Progress (1): 262/315 kB
Progress (1): 279/315 kB
Progress (1): 295/315 kB
Progress (2): 295/315 kB | 7.7/49 kB
Progress (2): 295/315 kB | 7.7/49 kB
Progress (3): 295/315 kB | 7.7/49 kB | 7.7/68 kB
Progress (3): 295/315 kB | 7.7/49 kB | 16/68 kB 
Progress (3): 295/315 kB | 7.7/49 kB | 32/68 kB
Progress (3): 295/315 kB | 24/49 kB | 32/68 kB 
Progress (3): 295/315 kB | 24/49 kB | 48/68 kB
Progress (3): 311/315 kB | 24/49 kB | 48/68 kB
Progress (3): 315 kB | 24/49 kB | 48/68 kB    
Progress (3): 315 kB | 24/49 kB | 65/68 kB
                                          
Downloaded from central: https://repo.maven.apache.org/maven2/junit/junit/4.12/junit-4.12.jar (315 kB at 172 kB/s)
Downloading from central: https://repo.maven.apache.org/maven2/org/apache/maven/maven-plugin-registry/2.2.1/maven-plugin-registry-2.2.1.jar
Progress (2): 24/49 kB | 68 kB
                              
Downloaded from central: https://repo.maven.apache.org/maven2/org/apache/maven/maven-artifact-manager/2.2.1/maven-artifact-manager-2.2.1.jar (68 kB at 37 kB/s)
Downloading from central: https://repo.maven.apache.org/maven2/org/codehaus/plexus/plexus-interpolation/1.11/plexus-interpolation-1.11.jar
Progress (1): 40/49 kB
Progress (2): 40/49 kB | 7.7/332 kB
Progress (2): 40/49 kB | 15/332 kB 
Progress (2): 40/49 kB | 32/332 kB
Progress (2): 49 kB | 32/332 kB   
                               
Downloaded from central: https://repo.maven.apache.org/maven2/org/apache/maven/maven-settings/2.2.1/maven-settings-2.2.1.jar (49 kB at 25 kB/s)
Downloading from central: https://repo.maven.apache.org/maven2/org/apache/maven/maven-model/2.2.1/maven-model-2.2.1.jar
Progress (1): 48/332 kB
Progress (2): 48/332 kB | 7.7/51 kB
Progress (2): 48/332 kB | 11/51 kB 
Progress (2): 48/332 kB | 28/51 kB
Progress (3): 48/332 kB | 28/51 kB | 7.7/30 kB
Progress (3): 48/332 kB | 28/51 kB | 16/30 kB 
Progress (3): 48/332 kB | 28/51 kB | 30 kB   
                                          
Downloaded from central: https://repo.maven.apache.org/maven2/org/apache/maven/maven-plugin-registry/2.2.1/maven-plugin-registry-2.2.1.jar (30 kB at 14 kB/s)
Downloading from central: https://repo.maven.apache.org/maven2/org/apache/maven/maven-core/2.2.1/maven-core-2.2.1.jar
Progress (3): 48/332 kB | 28/51 kB | 7.7/35 kB
Progress (3): 48/332 kB | 28/51 kB | 16/35 kB 
Progress (3): 65/332 kB | 28/51 kB | 16/35 kB
Progress (3): 81/332 kB | 28/51 kB | 16/35 kB
Progress (3): 97/332 kB | 28/51 kB | 16/35 kB
Progress (3): 97/332 kB | 44/51 kB | 16/35 kB
Progress (3): 97/332 kB | 51 kB | 16/35 kB   
                                          
Downloaded from central: https://repo.maven.apache.org/maven2/org/codehaus/plexus/plexus-interpolation/1.11/plexus-interpolation-1.11.jar (51 kB at 22 kB/s)
Downloading from central: https://repo.maven.apache.org/maven2/org/apache/maven/maven-plugin-parameter-documenter/2.2.1/maven-plugin-parameter-documenter-2.2.1.jar
Progress (2): 97/332 kB | 32/35 kB
Progress (2): 97/332 kB | 35 kB   
                               
Downloaded from central: https://repo.maven.apache.org/maven2/org/apache/maven/maven-profile/2.2.1/maven-profile-2.2.1.jar (35 kB at 15 kB/s)
Downloading from central: https://repo.maven.apache.org/maven2/org/slf4j/slf4j-jdk14/1.5.6/slf4j-jdk14-1.5.6.jar
Progress (1): 114/332 kB
Progress (1): 130/332 kB
Progress (1): 147/332 kB
Progress (1): 163/332 kB
Progress (2): 163/332 kB | 7.7/178 kB
Progress (2): 163/332 kB | 16/178 kB 
Progress (2): 179/332 kB | 16/178 kB
Progress (3): 179/332 kB | 16/178 kB | 7.7/22 kB
Progress (3): 179/332 kB | 16/178 kB | 11/22 kB 
Progress (3): 179/332 kB | 16/178 kB | 22 kB   
                                            
Downloaded from central: https://repo.maven.apache.org/maven2/org/apache/maven/maven-plugin-parameter-documenter/2.2.1/maven-plugin-parameter-documenter-2.2.1.jar (22 kB at 8.8 kB/s)
Downloading from central: https://repo.maven.apache.org/maven2/org/slf4j/slf4j-api/1.5.6/slf4j-api-1.5.6.jar
Progress (2): 179/332 kB | 24/178 kB
Progress (2): 179/332 kB | 40/178 kB
Progress (3): 179/332 kB | 40/178 kB | 7.7/88 kB
Progress (3): 179/332 kB | 40/178 kB | 16/88 kB 
Progress (3): 179/332 kB | 57/178 kB | 16/88 kB
Progress (3): 196/332 kB | 57/178 kB | 16/88 kB
Progress (3): 212/332 kB | 57/178 kB | 16/88 kB
Progress (4): 212/332 kB | 57/178 kB | 16/88 kB | 7.7/22 kB
Progress (4): 212/332 kB | 57/178 kB | 16/88 kB | 7.7/22 kB
Progress (4): 212/332 kB | 73/178 kB | 16/88 kB | 7.7/22 kB
Progress (4): 212/332 kB | 90/178 kB | 16/88 kB | 7.7/22 kB
Progress (4): 212/332 kB | 106/178 kB | 16/88 kB | 7.7/22 kB
Progress (4): 212/332 kB | 122/178 kB | 16/88 kB | 7.7/22 kB
Progress (4): 212/332 kB | 122/178 kB | 24/88 kB | 7.7/22 kB
Progress (4): 212/332 kB | 122/178 kB | 40/88 kB | 7.7/22 kB
Progress (4): 212/332 kB | 122/178 kB | 40/88 kB | 22 kB    
                                                        
Downloaded from central: https://repo.maven.apache.org/maven2/org/slf4j/slf4j-api/1.5.6/slf4j-api-1.5.6.jar (22 kB at 8.2 kB/s)
Downloading from central: https://repo.maven.apache.org/maven2/org/slf4j/jcl-over-slf4j/1.5.6/jcl-over-slf4j-1.5.6.jar
Progress (4): 212/332 kB | 122/178 kB | 40/88 kB | 7.7/8.8 kB
Progress (4): 212/332 kB | 122/178 kB | 40/88 kB | 8.8 kB    
                                                         
Downloaded from central: https://repo.maven.apache.org/maven2/org/slf4j/slf4j-jdk14/1.5.6/slf4j-jdk14-1.5.6.jar (8.8 kB at 3.2 kB/s)
Downloading from central: https://repo.maven.apache.org/maven2/org/apache/maven/reporting/maven-reporting-api/3.0/maven-reporting-api-3.0.jar
Progress (3): 228/332 kB | 122/178 kB | 40/88 kB
Progress (3): 245/332 kB | 122/178 kB | 40/88 kB
Progress (3): 261/332 kB | 122/178 kB | 40/88 kB
Progress (3): 278/332 kB | 122/178 kB | 40/88 kB
Progress (3): 278/332 kB | 139/178 kB | 40/88 kB
Progress (3): 278/332 kB | 155/178 kB | 40/88 kB
Progress (3): 294/332 kB | 155/178 kB | 40/88 kB
Progress (3): 310/332 kB | 155/178 kB | 40/88 kB
Progress (3): 310/332 kB | 155/178 kB | 57/88 kB
Progress (3): 310/332 kB | 155/178 kB | 73/88 kB
Progress (4): 310/332 kB | 155/178 kB | 73/88 kB | 7.7/17 kB
Progress (4): 310/332 kB | 155/178 kB | 73/88 kB | 11/17 kB 
Progress (4): 310/332 kB | 155/178 kB | 73/88 kB | 17 kB   
                                                        
Downloaded from central: https://repo.maven.apache.org/maven2/org/slf4j/jcl-over-slf4j/1.5.6/jcl-over-slf4j-1.5.6.jar (17 kB at 5.6 kB/s)
Downloading from central: https://repo.maven.apache.org/maven2/org/apache/maven/maven-repository-metadata/2.2.1/maven-repository-metadata-2.2.1.jar
Progress (3): 327/332 kB | 155/178 kB | 73/88 kB
Progress (3): 332 kB | 155/178 kB | 73/88 kB    
                                            
Downloaded from central: https://repo.maven.apache.org/maven2/backport-util-concurrent/backport-util-concurrent/3.1/backport-util-concurrent-3.1.jar (332 kB at 111 kB/s)
Downloading from central: https://repo.maven.apache.org/maven2/org/apache/maven/maven-error-diagnostics/2.2.1/maven-error-diagnostics-2.2.1.jar
Progress (2): 172/178 kB | 73/88 kB
Progress (2): 178 kB | 73/88 kB    
                               
Downloaded from central: https://repo.maven.apache.org/maven2/org/apache/maven/maven-core/2.2.1/maven-core-2.2.1.jar (178 kB at 57 kB/s)
Downloading from central: https://repo.maven.apache.org/maven2/org/apache/maven/maven-monitor/2.2.1/maven-monitor-2.2.1.jar
Progress (2): 73/88 kB | 7.7/11 kB
Progress (2): 73/88 kB | 11 kB    
                              
Downloaded from central: https://repo.maven.apache.org/maven2/org/apache/maven/reporting/maven-reporting-api/3.0/maven-reporting-api-3.0.jar (11 kB at 3.5 kB/s)
Downloading from central: https://repo.maven.apache.org/maven2/classworlds/classworlds/1.1/classworlds-1.1.jar
Progress (1): 88 kB
                   
Downloaded from central: https://repo.maven.apache.org/maven2/org/apache/maven/maven-model/2.2.1/maven-model-2.2.1.jar (88 kB at 28 kB/s)
Downloading from central: https://repo.maven.apache.org/maven2/org/apache/maven/maven-toolchain/2.2.1/maven-toolchain-2.2.1.jar
Progress (1): 7.7/26 kB
Progress (1): 7.7/26 kB
Progress (2): 7.7/26 kB | 7.7/13 kB
Progress (2): 7.7/26 kB | 7.7/13 kB
Progress (2): 24/26 kB | 7.7/13 kB 
Progress (2): 26 kB | 7.7/13 kB   
                               
Downloaded from central: https://repo.maven.apache.org/maven2/org/apache/maven/maven-repository-metadata/2.2.1/maven-repository-metadata-2.2.1.jar (26 kB at 8.0 kB/s)
Downloading from central: https://repo.maven.apache.org/maven2/org/codehaus/plexus/plexus-java/0.9.10/plexus-java-0.9.10.jar
Progress (1): 13 kB
                   
Downloaded from central: https://repo.maven.apache.org/maven2/org/apache/maven/maven-error-diagnostics/2.2.1/maven-error-diagnostics-2.2.1.jar (13 kB at 4.1 kB/s)
Downloading from central: https://repo.maven.apache.org/maven2/org/ow2/asm/asm/6.2/asm-6.2.jar
Progress (1): 7.7/39 kB
Progress (1): 16/39 kB 
Progress (2): 16/39 kB | 7.7/111 kB
Progress (2): 16/39 kB | 16/111 kB 
Progress (2): 29/39 kB | 16/111 kB
Progress (2): 39 kB | 16/111 kB   
                               
Downloaded from central: https://repo.maven.apache.org/maven2/org/codehaus/plexus/plexus-java/0.9.10/plexus-java-0.9.10.jar (39 kB at 11 kB/s)
Downloading from central: https://repo.maven.apache.org/maven2/com/thoughtworks/qdox/qdox/2.0-M8/qdox-2.0-M8.jar
Progress (2): 16/111 kB | 7.7/38 kB
Progress (2): 16/111 kB | 16/38 kB 
Progress (3): 16/111 kB | 16/38 kB | 7.7/38 kB
Progress (3): 16/111 kB | 16/38 kB | 11/38 kB 
Progress (4): 16/111 kB | 16/38 kB | 11/38 kB | 7.7/10 kB
Progress (4): 16/111 kB | 16/38 kB | 11/38 kB | 10 kB    
                                                     
Downloaded from central: https://repo.maven.apache.org/maven2/org/apache/maven/maven-monitor/2.2.1/maven-monitor-2.2.1.jar (10 kB at 2.8 kB/s)
Progress (4): 16/111 kB | 16/38 kB | 11/38 kB | 3.2/316 kB
Progress (4): 32/111 kB | 16/38 kB | 11/38 kB | 3.2/316 kB
Progress (4): 49/111 kB | 16/38 kB | 11/38 kB | 3.2/316 kB
Progress (4): 61/111 kB | 16/38 kB | 11/38 kB | 3.2/316 kB
Progress (4): 77/111 kB | 16/38 kB | 11/38 kB | 3.2/316 kB
Progress (4): 93/111 kB | 16/38 kB | 11/38 kB | 3.2/316 kB
Progress (4): 93/111 kB | 16/38 kB | 11/38 kB | 20/316 kB 
Progress (4): 93/111 kB | 16/38 kB | 11/38 kB | 36/316 kB
Progress (4): 110/111 kB | 16/38 kB | 11/38 kB | 36/316 kB
Progress (4): 111 kB | 16/38 kB | 11/38 kB | 36/316 kB    
                                                      
Downloaded from central: https://repo.maven.apache.org/maven2/org/ow2/asm/asm/6.2/asm-6.2.jar (111 kB at 30 kB/s)
Progress (3): 16/38 kB | 11/38 kB | 52/316 kB
Progress (3): 16/38 kB | 11/38 kB | 69/316 kB
Progress (3): 16/38 kB | 11/38 kB | 85/316 kB
Progress (3): 32/38 kB | 11/38 kB | 85/316 kB
Progress (3): 38 kB | 11/38 kB | 85/316 kB   
                                          
Downloaded from central: https://repo.maven.apache.org/maven2/org/apache/maven/maven-toolchain/2.2.1/maven-toolchain-2.2.1.jar (38 kB at 10.0 kB/s)
Progress (2): 11/38 kB | 101/316 kB
Progress (2): 11/38 kB | 118/316 kB
Progress (2): 11/38 kB | 126/316 kB
Progress (2): 11/38 kB | 142/316 kB
Progress (2): 11/38 kB | 159/316 kB
Progress (2): 11/38 kB | 175/316 kB
Progress (2): 11/38 kB | 192/316 kB
Progress (2): 28/38 kB | 192/316 kB
Progress (2): 28/38 kB | 208/316 kB
Progress (2): 28/38 kB | 224/316 kB
Progress (2): 28/38 kB | 241/316 kB
Progress (2): 28/38 kB | 257/316 kB
Progress (2): 28/38 kB | 274/316 kB
Progress (2): 28/38 kB | 290/316 kB
Progress (2): 38 kB | 290/316 kB   
                                
Downloaded from central: https://repo.maven.apache.org/maven2/classworlds/classworlds/1.1/classworlds-1.1.jar (38 kB at 9.3 kB/s)
Progress (1): 306/316 kB
Progress (1): 316 kB    
                    
Downloaded from central: https://repo.maven.apache.org/maven2/com/thoughtworks/qdox/qdox/2.0-M8/qdox-2.0-M8.jar (316 kB at 76 kB/s)
[WARNING]  Parameter 'systemProperties' is deprecated: Use systemPropertyVariables instead.
[INFO] Tests are skipped.
[INFO] 
[INFO] --- jar:3.2.2:jar (default-jar) @ plexus-utils ---
Downloading from central: https://repo.maven.apache.org/maven2/org/apache/maven/maven-plugin-api/3.1.0/maven-plugin-api-3.1.0.pom
Progress (1): 819 B
Progress (1): 2.7 kB
Progress (1): 3.0 kB
                    
Downloaded from central: https://repo.maven.apache.org/maven2/org/apache/maven/maven-plugin-api/3.1.0/maven-plugin-api-3.1.0.pom (3.0 kB at 15 kB/s)
Downloading from central: https://repo.maven.apache.org/maven2/org/apache/maven/maven/3.1.0/maven-3.1.0.pom
Progress (1): 770 B
Progress (1): 1.9 kB
Progress (1): 3.7 kB
Progress (1): 7.8 kB
Progress (1): 13 kB 
Progress (1): 17 kB
Progress (1): 19 kB
Progress (1): 22 kB
                   
Downloaded from central: https://repo.maven.apache.org/maven2/org/apache/maven/maven/3.1.0/maven-3.1.0.pom (22 kB at 98 kB/s)
Downloading from central: https://repo.maven.apache.org/maven2/org/apache/maven/maven-model/3.1.0/maven-model-3.1.0.pom
Progress (1): 811 B
Progress (1): 2.6 kB
Progress (1): 3.8 kB
                    
Downloaded from central: https://repo.maven.apache.org/maven2/org/apache/maven/maven-model/3.1.0/maven-model-3.1.0.pom (3.8 kB at 18 kB/s)
Downloading from central: https://repo.maven.apache.org/maven2/org/codehaus/plexus/plexus-utils/3.0.10/plexus-utils-3.0.10.pom
Progress (1): 817 B
Progress (1): 2.3 kB
Progress (1): 3.1 kB
                    
Downloaded from central: https://repo.maven.apache.org/maven2/org/codehaus/plexus/plexus-utils/3.0.10/plexus-utils-3.0.10.pom (3.1 kB at 15 kB/s)
Downloading from central: https://repo.maven.apache.org/maven2/org/codehaus/plexus/plexus/3.3/plexus-3.3.pom
Progress (1): 707 B
Progress (1): 2.6 kB
Progress (1): 6.1 kB
Progress (1): 8.6 kB
Progress (1): 11 kB 
Progress (1): 16 kB
Progress (1): 20 kB
Progress (1): 20 kB
                   
Downloaded from central: https://repo.maven.apache.org/maven2/org/codehaus/plexus/plexus/3.3/plexus-3.3.pom (20 kB at 96 kB/s)
Downloading from central: https://repo.maven.apache.org/maven2/org/apache/maven/maven-artifact/3.1.0/maven-artifact-3.1.0.pom
Progress (1): 857 B
Progress (1): 1.6 kB
                    
Downloaded from central: https://repo.maven.apache.org/maven2/org/apache/maven/maven-artifact/3.1.0/maven-artifact-3.1.0.pom (1.6 kB at 7.7 kB/s)
Downloading from central: https://repo.maven.apache.org/maven2/org/eclipse/sisu/org.eclipse.sisu.plexus/0.0.0.M2a/org.eclipse.sisu.plexus-0.0.0.M2a.pom
Progress (1): 881 B
Progress (1): 2.9 kB
Progress (1): 5.3 kB
Progress (1): 5.9 kB
                    
Downloaded from central: https://repo.maven.apache.org/maven2/org/eclipse/sisu/org.eclipse.sisu.plexus/0.0.0.M2a/org.eclipse.sisu.plexus-0.0.0.M2a.pom (5.9 kB at 27 kB/s)
Downloading from central: https://repo.maven.apache.org/maven2/org/eclipse/sisu/sisu-plexus/0.0.0.M2a/sisu-plexus-0.0.0.M2a.pom
Progress (1): 862 B
Progress (1): 2.7 kB
Progress (1): 6.2 kB
Progress (1): 7.9 kB
                    
Downloaded from central: https://repo.maven.apache.org/maven2/org/eclipse/sisu/sisu-plexus/0.0.0.M2a/sisu-plexus-0.0.0.M2a.pom (7.9 kB at 38 kB/s)
Downloading from central: https://repo.maven.apache.org/maven2/org/eclipse/sisu/org.eclipse.sisu.inject/0.0.0.M2a/org.eclipse.sisu.inject-0.0.0.M2a.pom
Progress (1): 869 B
Progress (1): 3.5 kB
Progress (1): 5.0 kB
                    
Downloaded from central: https://repo.maven.apache.org/maven2/org/eclipse/sisu/org.eclipse.sisu.inject/0.0.0.M2a/org.eclipse.sisu.inject-0.0.0.M2a.pom (5.0 kB at 23 kB/s)
Downloading from central: https://repo.maven.apache.org/maven2/org/eclipse/sisu/sisu-inject/0.0.0.M2a/sisu-inject-0.0.0.M2a.pom
Progress (1): 850 B
Progress (1): 2.7 kB
Progress (1): 6.1 kB
Progress (1): 7.8 kB
                    
Downloaded from central: https://repo.maven.apache.org/maven2/org/eclipse/sisu/sisu-inject/0.0.0.M2a/sisu-inject-0.0.0.M2a.pom (7.8 kB at 37 kB/s)
Downloading from central: https://repo.maven.apache.org/maven2/asm/asm/3.3.1/asm-3.3.1.pom
Progress (1): 266 B
                   
Downloaded from central: https://repo.maven.apache.org/maven2/asm/asm/3.3.1/asm-3.3.1.pom (266 B at 1.3 kB/s)
Downloading from central: https://repo.maven.apache.org/maven2/asm/asm-parent/3.3.1/asm-parent-3.3.1.pom
Progress (1): 1.3 kB
Progress (1): 4.0 kB
Progress (1): 4.3 kB
                    
Downloaded from central: https://repo.maven.apache.org/maven2/asm/asm-parent/3.3.1/asm-parent-3.3.1.pom (4.3 kB at 21 kB/s)
Downloading from central: https://repo.maven.apache.org/maven2/org/codehaus/plexus/plexus-utils/2.1/plexus-utils-2.1.pom
Progress (1): 817 B
Progress (1): 2.3 kB
Progress (1): 4.0 kB
                    
Downloaded from central: https://repo.maven.apache.org/maven2/org/codehaus/plexus/plexus-utils/2.1/plexus-utils-2.1.pom (4.0 kB at 20 kB/s)
Downloading from central: https://repo.maven.apache.org/maven2/org/sonatype/spice/spice-parent/16/spice-parent-16.pom
Progress (1): 1.2 kB
Progress (1): 3.7 kB
Progress (1): 7.3 kB
Progress (1): 8.4 kB
                    
Downloaded from central: https://repo.maven.apache.org/maven2/org/sonatype/spice/spice-parent/16/spice-parent-16.pom (8.4 kB at 40 kB/s)
Downloading from central: https://repo.maven.apache.org/maven2/org/apache/maven/maven-core/3.1.0/maven-core-3.1.0.pom
Progress (1): 801 B
Progress (1): 3.9 kB
Progress (1): 6.3 kB
Progress (1): 6.9 kB
                    
Downloaded from central: https://repo.maven.apache.org/maven2/org/apache/maven/maven-core/3.1.0/maven-core-3.1.0.pom (6.9 kB at 34 kB/s)
Downloading from central: https://repo.maven.apache.org/maven2/org/apache/maven/maven-settings/3.1.0/maven-settings-3.1.0.pom
Progress (1): 832 B
Progress (1): 1.8 kB
                    
Downloaded from central: https://repo.maven.apache.org/maven2/org/apache/maven/maven-settings/3.1.0/maven-settings-3.1.0.pom (1.8 kB at 8.4 kB/s)
Downloading from central: https://repo.maven.apache.org/maven2/org/apache/maven/maven-settings-builder/3.1.0/maven-settings-builder-3.1.0.pom
Progress (1): 823 B
Progress (1): 2.3 kB
                    
Downloaded from central: https://repo.maven.apache.org/maven2/org/apache/maven/maven-settings-builder/3.1.0/maven-settings-builder-3.1.0.pom (2.3 kB at 10 kB/s)
Downloading from central: https://repo.maven.apache.org/maven2/org/codehaus/plexus/plexus-interpolation/1.16/plexus-interpolation-1.16.pom
Progress (1): 1.0 kB
                    
Downloaded from central: https://repo.maven.apache.org/maven2/org/codehaus/plexus/plexus-interpolation/1.16/plexus-interpolation-1.16.pom (1.0 kB at 5.0 kB/s)
Downloading from central: https://repo.maven.apache.org/maven2/org/codehaus/plexus/plexus-components/1.3/plexus-components-1.3.pom
Progress (1): 1.3 kB
Progress (1): 3.1 kB
                    
Downloaded from central: https://repo.maven.apache.org/maven2/org/codehaus/plexus/plexus-components/1.3/plexus-components-1.3.pom (3.1 kB at 15 kB/s)
Downloading from central: https://repo.maven.apache.org/maven2/org/apache/maven/maven-repository-metadata/3.1.0/maven-repository-metadata-3.1.0.pom
Progress (1): 832 B
Progress (1): 1.9 kB
                    
Downloaded from central: https://repo.maven.apache.org/maven2/org/apache/maven/maven-repository-metadata/3.1.0/maven-repository-metadata-3.1.0.pom (1.9 kB at 9.2 kB/s)
Downloading from central: https://repo.maven.apache.org/maven2/org/apache/maven/maven-model-builder/3.1.0/maven-model-builder-3.1.0.pom
Progress (1): 841 B
Progress (1): 2.5 kB
                    
Downloaded from central: https://repo.maven.apache.org/maven2/org/apache/maven/maven-model-builder/3.1.0/maven-model-builder-3.1.0.pom (2.5 kB at 12 kB/s)
Downloading from central: https://repo.maven.apache.org/maven2/org/apache/maven/maven-aether-provider/3.1.0/maven-aether-provider-3.1.0.pom
Progress (1): 816 B
Progress (1): 3.5 kB
Progress (1): 3.5 kB
                    
Downloaded from central: https://repo.maven.apache.org/maven2/org/apache/maven/maven-aether-provider/3.1.0/maven-aether-provider-3.1.0.pom (3.5 kB at 17 kB/s)
Downloading from central: https://repo.maven.apache.org/maven2/org/codehaus/plexus/plexus-classworlds/2.4.2/plexus-classworlds-2.4.2.pom
Progress (1): 950 B
Progress (1): 3.1 kB
Progress (1): 3.5 kB
                    
Downloaded from central: https://repo.maven.apache.org/maven2/org/codehaus/plexus/plexus-classworlds/2.4.2/plexus-classworlds-2.4.2.pom (3.5 kB at 17 kB/s)
Downloading from central: https://repo.maven.apache.org/maven2/org/codehaus/plexus/plexus/3.0.1/plexus-3.0.1.pom
Progress (1): 706 B
Progress (1): 2.6 kB
Progress (1): 6.1 kB
Progress (1): 8.8 kB
Progress (1): 13 kB 
Progress (1): 17 kB
Progress (1): 19 kB
                   
Downloaded from central: https://repo.maven.apache.org/maven2/org/codehaus/plexus/plexus/3.0.1/plexus-3.0.1.pom (19 kB at 87 kB/s)
Downloading from central: https://repo.maven.apache.org/maven2/org/apache/maven/shared/file-management/3.0.0/file-management-3.0.0.pom
Progress (1): 800 B
Progress (1): 2.2 kB
Progress (1): 4.6 kB
Progress (1): 4.7 kB
                    
Downloaded from central: https://repo.maven.apache.org/maven2/org/apache/maven/shared/file-management/3.0.0/file-management-3.0.0.pom (4.7 kB at 22 kB/s)
Downloading from central: https://repo.maven.apache.org/maven2/org/apache/maven/shared/maven-shared-components/22/maven-shared-components-22.pom
Progress (1): 799 B
Progress (1): 2.4 kB
Progress (1): 4.3 kB
Progress (1): 5.1 kB
                    
Downloaded from central: https://repo.maven.apache.org/maven2/org/apache/maven/shared/maven-shared-components/22/maven-shared-components-22.pom (5.1 kB at 24 kB/s)
Downloading from central: https://repo.maven.apache.org/maven2/org/apache/maven/maven-parent/27/maven-parent-27.pom
Progress (1): 817 B
Progress (1): 2.1 kB
Progress (1): 5.7 kB
Progress (1): 10 kB 
Progress (1): 15 kB
Progress (1): 19 kB
Progress (1): 23 kB
Progress (1): 24 kB
Progress (1): 27 kB
Progress (1): 31 kB
Progress (1): 33 kB
Progress (1): 37 kB
Progress (1): 41 kB
                   
Downloaded from central: https://repo.maven.apache.org/maven2/org/apache/maven/maven-parent/27/maven-parent-27.pom (41 kB at 186 kB/s)
Downloading from central: https://repo.maven.apache.org/maven2/org/apache/apache/17/apache-17.pom
Progress (1): 749 B
Progress (1): 2.1 kB
Progress (1): 3.9 kB
Progress (1): 8.1 kB
Progress (1): 12 kB 
Progress (1): 15 kB
Progress (1): 16 kB
                   
Downloaded from central: https://repo.maven.apache.org/maven2/org/apache/apache/17/apache-17.pom (16 kB at 74 kB/s)
Downloading from central: https://repo.maven.apache.org/maven2/org/apache/maven/maven-plugin-api/3.0/maven-plugin-api-3.0.pom
Progress (1): 823 B
Progress (1): 2.3 kB
                    
Downloaded from central: https://repo.maven.apache.org/maven2/org/apache/maven/maven-plugin-api/3.0/maven-plugin-api-3.0.pom (2.3 kB at 11 kB/s)
Downloading from central: https://repo.maven.apache.org/maven2/org/apache/maven/maven/3.0/maven-3.0.pom
Progress (1): 841 B
Progress (1): 2.1 kB
Progress (1): 3.2 kB
Progress (1): 7.1 kB
Progress (1): 12 kB 
Progress (1): 16 kB
Progress (1): 20 kB
Progress (1): 22 kB
                   
Downloaded from central: https://repo.maven.apache.org/maven2/org/apache/maven/maven/3.0/maven-3.0.pom (22 kB at 102 kB/s)
Downloading from central: https://repo.maven.apache.org/maven2/org/apache/maven/maven-parent/15/maven-parent-15.pom
Progress (1): 743 B
Progress (1): 2.0 kB
Progress (1): 6.5 kB
Progress (1): 11 kB 
Progress (1): 15 kB
Progress (1): 17 kB
Progress (1): 20 kB
Progress (1): 24 kB
                   
Downloaded from central: https://repo.maven.apache.org/maven2/org/apache/maven/maven-parent/15/maven-parent-15.pom (24 kB at 114 kB/s)
Downloading from central: https://repo.maven.apache.org/maven2/org/apache/apache/6/apache-6.pom
Progress (1): 749 B
Progress (1): 2.0 kB
Progress (1): 3.7 kB
Progress (1): 6.9 kB
Progress (1): 11 kB 
Progress (1): 13 kB
                   
Downloaded from central: https://repo.maven.apache.org/maven2/org/apache/apache/6/apache-6.pom (13 kB at 63 kB/s)
Downloading from central: https://repo.maven.apache.org/maven2/org/apache/maven/maven-model/3.0/maven-model-3.0.pom
Progress (1): 800 B
Progress (1): 2.6 kB
Progress (1): 3.2 kB
Progress (1): 3.9 kB
                    
Downloaded from central: https://repo.maven.apache.org/maven2/org/apache/maven/maven-model/3.0/maven-model-3.0.pom (3.9 kB at 19 kB/s)
Downloading from central: https://repo.maven.apache.org/maven2/org/codehaus/plexus/plexus-utils/2.0.4/plexus-utils-2.0.4.pom
Progress (1): 819 B
Progress (1): 2.5 kB
Progress (1): 3.3 kB
                    
Downloaded from central: https://repo.maven.apache.org/maven2/org/codehaus/plexus/plexus-utils/2.0.4/plexus-utils-2.0.4.pom (3.3 kB at 16 kB/s)
Downloading from central: https://repo.maven.apache.org/maven2/org/codehaus/plexus/plexus/2.0.6/plexus-2.0.6.pom
Progress (1): 711 B
Progress (1): 2.7 kB
Progress (1): 6.4 kB
Progress (1): 8.9 kB
Progress (1): 13 kB 
Progress (1): 17 kB
                   
Downloaded from central: https://repo.maven.apache.org/maven2/org/codehaus/plexus/plexus/2.0.6/plexus-2.0.6.pom (17 kB at 81 kB/s)
Downloading from central: https://repo.maven.apache.org/maven2/org/apache/maven/maven-artifact/3.0/maven-artifact-3.0.pom
Progress (1): 850 B
Progress (1): 1.9 kB
                    
Downloaded from central: https://repo.maven.apache.org/maven2/org/apache/maven/maven-artifact/3.0/maven-artifact-3.0.pom (1.9 kB at 9.2 kB/s)
Downloading from central: https://repo.maven.apache.org/maven2/org/sonatype/sisu/sisu-inject-plexus/1.4.2/sisu-inject-plexus-1.4.2.pom
Progress (1): 1.6 kB
Progress (1): 4.0 kB
Progress (1): 5.4 kB
                    
Downloaded from central: https://repo.maven.apache.org/maven2/org/sonatype/sisu/sisu-inject-plexus/1.4.2/sisu-inject-plexus-1.4.2.pom (5.4 kB at 25 kB/s)
Downloading from central: https://repo.maven.apache.org/maven2/org/sonatype/sisu/inject/guice-plexus/1.4.2/guice-plexus-1.4.2.pom
Progress (1): 1.8 kB
Progress (1): 3.1 kB
                    
Downloaded from central: https://repo.maven.apache.org/maven2/org/sonatype/sisu/inject/guice-plexus/1.4.2/guice-plexus-1.4.2.pom (3.1 kB at 15 kB/s)
Downloading from central: https://repo.maven.apache.org/maven2/org/sonatype/sisu/inject/guice-bean/1.4.2/guice-bean-1.4.2.pom
Progress (1): 2.6 kB
                    
Downloaded from central: https://repo.maven.apache.org/maven2/org/sonatype/sisu/inject/guice-bean/1.4.2/guice-bean-1.4.2.pom (2.6 kB at 12 kB/s)
Downloading from central: https://repo.maven.apache.org/maven2/org/sonatype/sisu/sisu-inject/1.4.2/sisu-inject-1.4.2.pom
Progress (1): 1.2 kB
                    
Downloaded from central: https://repo.maven.apache.org/maven2/org/sonatype/sisu/sisu-inject/1.4.2/sisu-inject-1.4.2.pom (1.2 kB at 5.9 kB/s)
Downloading from central: https://repo.maven.apache.org/maven2/org/sonatype/sisu/sisu-parent/1.4.2/sisu-parent-1.4.2.pom
Progress (1): 810 B
Progress (1): 2.8 kB
Progress (1): 5.7 kB
Progress (1): 7.8 kB
                    
Downloaded from central: https://repo.maven.apache.org/maven2/org/sonatype/sisu/sisu-parent/1.4.2/sisu-parent-1.4.2.pom (7.8 kB at 37 kB/s)
Downloading from central: https://repo.maven.apache.org/maven2/org/sonatype/forge/forge-parent/6/forge-parent-6.pom
Progress (1): 1.2 kB
Progress (1): 6.4 kB
Progress (1): 11 kB 
                   
Downloaded from central: https://repo.maven.apache.org/maven2/org/sonatype/forge/forge-parent/6/forge-parent-6.pom (11 kB at 51 kB/s)
Downloading from central: https://repo.maven.apache.org/maven2/org/codehaus/plexus/plexus-classworlds/2.2.3/plexus-classworlds-2.2.3.pom
Progress (1): 952 B
Progress (1): 3.0 kB
Progress (1): 4.0 kB
                    
Downloaded from central: https://repo.maven.apache.org/maven2/org/codehaus/plexus/plexus-classworlds/2.2.3/plexus-classworlds-2.2.3.pom (4.0 kB at 19 kB/s)
Downloading from central: https://repo.maven.apache.org/maven2/org/codehaus/plexus/plexus-utils/2.0.5/plexus-utils-2.0.5.pom
Progress (1): 819 B
Progress (1): 2.5 kB
Progress (1): 3.3 kB
                    
Downloaded from central: https://repo.maven.apache.org/maven2/org/codehaus/plexus/plexus-utils/2.0.5/plexus-utils-2.0.5.pom (3.3 kB at 16 kB/s)
Downloading from central: https://repo.maven.apache.org/maven2/org/sonatype/sisu/sisu-inject-bean/1.4.2/sisu-inject-bean-1.4.2.pom
Progress (1): 1.4 kB
Progress (1): 3.8 kB
Progress (1): 5.5 kB
                    
Downloaded from central: https://repo.maven.apache.org/maven2/org/sonatype/sisu/sisu-inject-bean/1.4.2/sisu-inject-bean-1.4.2.pom (5.5 kB at 22 kB/s)
Downloading from central: https://repo.maven.apache.org/maven2/org/sonatype/sisu/sisu-guice/2.1.7/sisu-guice-2.1.7.pom
Progress (1): 1.1 kB
Progress (1): 3.9 kB
Progress (1): 7.2 kB
Progress (1): 11 kB 
                   
Downloaded from central: https://repo.maven.apache.org/maven2/org/sonatype/sisu/sisu-guice/2.1.7/sisu-guice-2.1.7.pom (11 kB at 52 kB/s)
Downloading from central: https://repo.maven.apache.org/maven2/org/apache/maven/shared/maven-shared-io/3.0.0/maven-shared-io-3.0.0.pom
Progress (1): 806 B
Progress (1): 2.3 kB
Progress (1): 4.2 kB
                    
Downloaded from central: https://repo.maven.apache.org/maven2/org/apache/maven/shared/maven-shared-io/3.0.0/maven-shared-io-3.0.0.pom (4.2 kB at 20 kB/s)
Downloading from central: https://repo.maven.apache.org/maven2/org/apache/maven/maven-compat/3.0/maven-compat-3.0.pom
Progress (1): 835 B
Progress (1): 3.7 kB
Progress (1): 4.0 kB
                    
Downloaded from central: https://repo.maven.apache.org/maven2/org/apache/maven/maven-compat/3.0/maven-compat-3.0.pom (4.0 kB at 19 kB/s)
Downloading from central: https://repo.maven.apache.org/maven2/org/apache/maven/maven-model-builder/3.0/maven-model-builder-3.0.pom
Progress (1): 849 B
Progress (1): 2.2 kB
                    
Downloaded from central: https://repo.maven.apache.org/maven2/org/apache/maven/maven-model-builder/3.0/maven-model-builder-3.0.pom (2.2 kB at 11 kB/s)
Downloading from central: https://repo.maven.apache.org/maven2/org/codehaus/plexus/plexus-interpolation/1.14/plexus-interpolation-1.14.pom
Progress (1): 910 B
                   
Downloaded from central: https://repo.maven.apache.org/maven2/org/codehaus/plexus/plexus-interpolation/1.14/plexus-interpolation-1.14.pom (910 B at 4.3 kB/s)
Downloading from central: https://repo.maven.apache.org/maven2/org/codehaus/plexus/plexus-components/1.1.18/plexus-components-1.1.18.pom
Progress (1): 1.5 kB
Progress (1): 3.8 kB
Progress (1): 5.4 kB
                    
Downloaded from central: https://repo.maven.apache.org/maven2/org/codehaus/plexus/plexus-components/1.1.18/plexus-components-1.1.18.pom (5.4 kB at 25 kB/s)
Downloading from central: https://repo.maven.apache.org/maven2/org/apache/maven/maven-settings/3.0/maven-settings-3.0.pom
Progress (1): 832 B
Progress (1): 1.9 kB
                    
Downloaded from central: https://repo.maven.apache.org/maven2/org/apache/maven/maven-settings/3.0/maven-settings-3.0.pom (1.9 kB at 8.7 kB/s)
Downloading from central: https://repo.maven.apache.org/maven2/org/apache/maven/maven-core/3.0/maven-core-3.0.pom
Progress (1): 799 B
Progress (1): 4.0 kB
Progress (1): 6.6 kB
                    
Downloaded from central: https://repo.maven.apache.org/maven2/org/apache/maven/maven-core/3.0/maven-core-3.0.pom (6.6 kB at 32 kB/s)
Downloading from central: https://repo.maven.apache.org/maven2/org/apache/maven/maven-settings-builder/3.0/maven-settings-builder-3.0.pom
Progress (1): 823 B
Progress (1): 2.2 kB
                    
Downloaded from central: https://repo.maven.apache.org/maven2/org/apache/maven/maven-settings-builder/3.0/maven-settings-builder-3.0.pom (2.2 kB at 11 kB/s)
Downloading from central: https://repo.maven.apache.org/maven2/org/apache/maven/maven-repository-metadata/3.0/maven-repository-metadata-3.0.pom
Progress (1): 829 B
Progress (1): 1.9 kB
                    
Downloaded from central: https://repo.maven.apache.org/maven2/org/apache/maven/maven-repository-metadata/3.0/maven-repository-metadata-3.0.pom (1.9 kB at 9.2 kB/s)
Downloading from central: https://repo.maven.apache.org/maven2/org/apache/maven/maven-aether-provider/3.0/maven-aether-provider-3.0.pom
Progress (1): 823 B
Progress (1): 2.5 kB
                    
Downloaded from central: https://repo.maven.apache.org/maven2/org/apache/maven/maven-aether-provider/3.0/maven-aether-provider-3.0.pom (2.5 kB at 12 kB/s)
Downloading from central: https://repo.maven.apache.org/maven2/org/sonatype/aether/aether-api/1.7/aether-api-1.7.pom
Progress (1): 925 B
Progress (1): 1.7 kB
                    
Downloaded from central: https://repo.maven.apache.org/maven2/org/sonatype/aether/aether-api/1.7/aether-api-1.7.pom (1.7 kB at 8.1 kB/s)
Downloading from central: https://repo.maven.apache.org/maven2/org/sonatype/aether/aether-parent/1.7/aether-parent-1.7.pom
Progress (1): 820 B
Progress (1): 2.9 kB
Progress (1): 5.4 kB
Progress (1): 7.7 kB
                    
Downloaded from central: https://repo.maven.apache.org/maven2/org/sonatype/aether/aether-parent/1.7/aether-parent-1.7.pom (7.7 kB at 19 kB/s)
Downloading from central: https://repo.maven.apache.org/maven2/org/sonatype/aether/aether-util/1.7/aether-util-1.7.pom
Progress (1): 885 B
Progress (1): 2.1 kB
                    
Downloaded from central: https://repo.maven.apache.org/maven2/org/sonatype/aether/aether-util/1.7/aether-util-1.7.pom (2.1 kB at 10 kB/s)
Downloading from central: https://repo.maven.apache.org/maven2/org/sonatype/aether/aether-impl/1.7/aether-impl-1.7.pom
Progress (1): 801 B
Progress (1): 3.2 kB
Progress (1): 3.7 kB
                    
Downloaded from central: https://repo.maven.apache.org/maven2/org/sonatype/aether/aether-impl/1.7/aether-impl-1.7.pom (3.7 kB at 18 kB/s)
Downloading from central: https://repo.maven.apache.org/maven2/org/sonatype/aether/aether-spi/1.7/aether-spi-1.7.pom
Progress (1): 912 B
Progress (1): 1.7 kB
                    
Downloaded from central: https://repo.maven.apache.org/maven2/org/sonatype/aether/aether-spi/1.7/aether-spi-1.7.pom (1.7 kB at 8.6 kB/s)
Downloading from central: https://repo.maven.apache.org/maven2/org/apache/maven/wagon/wagon-provider-api/1.0-beta-6/wagon-provider-api-1.0-beta-6.pom
Progress (1): 831 B
Progress (1): 1.8 kB
                    
Downloaded from central: https://repo.maven.apache.org/maven2/org/apache/maven/wagon/wagon-provider-api/1.0-beta-6/wagon-provider-api-1.0-beta-6.pom (1.8 kB at 8.5 kB/s)
Downloading from central: https://repo.maven.apache.org/maven2/org/apache/maven/wagon/wagon/1.0-beta-6/wagon-1.0-beta-6.pom
Progress (1): 763 B
Progress (1): 2.4 kB
Progress (1): 5.3 kB
Progress (1): 8.6 kB
Progress (1): 11 kB 
Progress (1): 12 kB
                   
Downloaded from central: https://repo.maven.apache.org/maven2/org/apache/maven/wagon/wagon/1.0-beta-6/wagon-1.0-beta-6.pom (12 kB at 60 kB/s)
Downloading from central: https://repo.maven.apache.org/maven2/org/codehaus/plexus/plexus-utils/1.4.2/plexus-utils-1.4.2.pom
Progress (1): 1.2 kB
Progress (1): 2.0 kB
                    
Downloaded from central: https://repo.maven.apache.org/maven2/org/codehaus/plexus/plexus-utils/1.4.2/plexus-utils-1.4.2.pom (2.0 kB at 9.7 kB/s)
Downloading from central: https://repo.maven.apache.org/maven2/org/apache/maven/wagon/wagon-provider-api/2.10/wagon-provider-api-2.10.pom
Progress (1): 843 B
Progress (1): 1.7 kB
                    
Downloaded from central: https://repo.maven.apache.org/maven2/org/apache/maven/wagon/wagon-provider-api/2.10/wagon-provider-api-2.10.pom (1.7 kB at 8.5 kB/s)
Downloading from central: https://repo.maven.apache.org/maven2/org/apache/maven/wagon/wagon/2.10/wagon-2.10.pom
Progress (1): 739 B
Progress (1): 2.3 kB
Progress (1): 5.0 kB
Progress (1): 8.1 kB
Progress (1): 12 kB 
Progress (1): 15 kB
Progress (1): 18 kB
Progress (1): 21 kB
                   
Downloaded from central: https://repo.maven.apache.org/maven2/org/apache/maven/wagon/wagon/2.10/wagon-2.10.pom (21 kB at 99 kB/s)
Downloading from central: https://repo.maven.apache.org/maven2/org/apache/maven/maven-parent/26/maven-parent-26.pom
Progress (1): 729 B
Progress (1): 2.0 kB
Progress (1): 6.0 kB
Progress (1): 10 kB 
Progress (1): 15 kB
Progress (1): 18 kB
Progress (1): 23 kB
Progress (1): 24 kB
Progress (1): 27 kB
Progress (1): 30 kB
Progress (1): 32 kB
Progress (1): 36 kB
Progress (1): 40 kB
                   
Downloaded from central: https://repo.maven.apache.org/maven2/org/apache/maven/maven-parent/26/maven-parent-26.pom (40 kB at 182 kB/s)
Downloading from central: https://repo.maven.apache.org/maven2/org/apache/apache/16/apache-16.pom
Progress (1): 745 B
Progress (1): 2.1 kB
Progress (1): 3.9 kB
Progress (1): 7.8 kB
Progress (1): 11 kB 
Progress (1): 14 kB
Progress (1): 15 kB
                   
Downloaded from central: https://repo.maven.apache.org/maven2/org/apache/apache/16/apache-16.pom (15 kB at 73 kB/s)
Downloading from central: https://repo.maven.apache.org/maven2/org/codehaus/plexus/plexus-utils/3.0.15/plexus-utils-3.0.15.pom
Progress (1): 817 B
Progress (1): 2.3 kB
Progress (1): 3.1 kB
                    
Downloaded from central: https://repo.maven.apache.org/maven2/org/codehaus/plexus/plexus-utils/3.0.15/plexus-utils-3.0.15.pom (3.1 kB at 15 kB/s)
Downloading from central: https://repo.maven.apache.org/maven2/org/apache/maven/shared/maven-shared-utils/3.0.0/maven-shared-utils-3.0.0.pom
Progress (1): 802 B
Progress (1): 2.3 kB
Progress (1): 4.6 kB
Progress (1): 5.6 kB
                    
Downloaded from central: https://repo.maven.apache.org/maven2/org/apache/maven/shared/maven-shared-utils/3.0.0/maven-shared-utils-3.0.0.pom (5.6 kB at 27 kB/s)
Downloading from central: https://repo.maven.apache.org/maven2/org/apache/maven/shared/maven-shared-components/21/maven-shared-components-21.pom
Progress (1): 798 B
Progress (1): 2.4 kB
Progress (1): 4.2 kB
Progress (1): 5.1 kB
                    
Downloaded from central: https://repo.maven.apache.org/maven2/org/apache/maven/shared/maven-shared-components/21/maven-shared-components-21.pom (5.1 kB at 23 kB/s)
Downloading from central: https://repo.maven.apache.org/maven2/org/apache/maven/maven-parent/25/maven-parent-25.pom
Progress (1): 730 B
Progress (1): 2.0 kB
Progress (1): 6.0 kB
Progress (1): 11 kB 
Progress (1): 15 kB
Progress (1): 19 kB
Progress (1): 23 kB
Progress (1): 24 kB
Progress (1): 27 kB
Progress (1): 30 kB
Progress (1): 32 kB
Progress (1): 37 kB
Progress (1): 37 kB
                   
Downloaded from central: https://repo.maven.apache.org/maven2/org/apache/maven/maven-parent/25/maven-parent-25.pom (37 kB at 169 kB/s)
Downloading from central: https://repo.maven.apache.org/maven2/org/apache/apache/15/apache-15.pom
Progress (1): 754 B
Progress (1): 2.1 kB
Progress (1): 3.9 kB
Progress (1): 7.9 kB
Progress (1): 11 kB 
Progress (1): 14 kB
Progress (1): 15 kB
                   
Downloaded from central: https://repo.maven.apache.org/maven2/org/apache/apache/15/apache-15.pom (15 kB at 72 kB/s)
Downloading from central: https://repo.maven.apache.org/maven2/commons-io/commons-io/2.4/commons-io-2.4.pom
Progress (1): 807 B
Progress (1): 2.1 kB
Progress (1): 5.6 kB
Progress (1): 8.0 kB
Progress (1): 10 kB 
                   
Downloaded from central: https://repo.maven.apache.org/maven2/commons-io/commons-io/2.4/commons-io-2.4.pom (10 kB at 46 kB/s)
Downloading from central: https://repo.maven.apache.org/maven2/org/apache/commons/commons-parent/25/commons-parent-25.pom
Progress (1): 718 B
Progress (1): 1.9 kB
Progress (1): 3.3 kB
Progress (1): 5.1 kB
Progress (1): 8.9 kB
Progress (1): 12 kB 
Progress (1): 16 kB
Progress (1): 19 kB
Progress (1): 21 kB
Progress (1): 24 kB
Progress (1): 29 kB
Progress (1): 36 kB
Progress (1): 38 kB
Progress (1): 41 kB
Progress (1): 43 kB
Progress (1): 43 kB
Progress (1): 46 kB
Progress (1): 48 kB
Progress (1): 48 kB
                   
Downloaded from central: https://repo.maven.apache.org/maven2/org/apache/commons/commons-parent/25/commons-parent-25.pom (48 kB at 110 kB/s)
Downloading from central: https://repo.maven.apache.org/maven2/org/apache/apache/9/apache-9.pom
Progress (1): 753 B
Progress (1): 2.0 kB
Progress (1): 3.7 kB
Progress (1): 7.1 kB
Progress (1): 11 kB 
Progress (1): 14 kB
Progress (1): 15 kB
                   
Downloaded from central: https://repo.maven.apache.org/maven2/org/apache/apache/9/apache-9.pom (15 kB at 34 kB/s)
Downloading from central: https://repo.maven.apache.org/maven2/com/google/code/findbugs/jsr305/2.0.1/jsr305-2.0.1.pom
Progress (1): 965 B
                   
Downloaded from central: https://repo.maven.apache.org/maven2/com/google/code/findbugs/jsr305/2.0.1/jsr305-2.0.1.pom (965 B at 3.3 kB/s)
Downloading from central: https://repo.maven.apache.org/maven2/org/codehaus/plexus/plexus-utils/3.0.22/plexus-utils-3.0.22.pom
Progress (1): 812 B
Progress (1): 2.3 kB
Progress (1): 3.8 kB
                    
Downloaded from central: https://repo.maven.apache.org/maven2/org/codehaus/plexus/plexus-utils/3.0.22/plexus-utils-3.0.22.pom (3.8 kB at 12 kB/s)
Downloading from central: https://repo.maven.apache.org/maven2/org/apache/maven/maven-archiver/3.5.2/maven-archiver-3.5.2.pom
Progress (1): 796 B
Progress (1): 2.2 kB
Progress (1): 4.9 kB
Progress (1): 5.5 kB
                    
Downloaded from central: https://repo.maven.apache.org/maven2/org/apache/maven/maven-archiver/3.5.2/maven-archiver-3.5.2.pom (5.5 kB at 15 kB/s)
Downloading from central: https://repo.maven.apache.org/maven2/org/apache/commons/commons-compress/1.20/commons-compress-1.20.pom
Progress (1): 765 B
Progress (1): 1.9 kB
Progress (1): 3.5 kB
Progress (1): 6.7 kB
Progress (1): 9.2 kB
Progress (1): 12 kB 
Progress (1): 15 kB
Progress (1): 18 kB
                   
Downloaded from central: https://repo.maven.apache.org/maven2/org/apache/commons/commons-compress/1.20/commons-compress-1.20.pom (18 kB at 38 kB/s)
Downloading from central: https://repo.maven.apache.org/maven2/org/apache/commons/commons-parent/48/commons-parent-48.pom
Progress (1): 779 B
Progress (1): 2.1 kB
Progress (1): 3.5 kB
Progress (1): 5.8 kB
Progress (1): 8.5 kB
Progress (1): 11 kB 
Progress (1): 14 kB
Progress (1): 17 kB
Progress (1): 21 kB
Progress (1): 24 kB
Progress (1): 27 kB
Progress (1): 29 kB
Progress (1): 32 kB
Progress (1): 36 kB
Progress (1): 39 kB
Progress (1): 39 kB
Progress (1): 41 kB
Progress (1): 46 kB
Progress (1): 50 kB
Progress (1): 55 kB
Progress (1): 59 kB
Progress (1): 62 kB
Progress (1): 64 kB
Progress (1): 66 kB
Progress (1): 68 kB
Progress (1): 70 kB
Progress (1): 72 kB
Progress (1): 72 kB
                   
Downloaded from central: https://repo.maven.apache.org/maven2/org/apache/commons/commons-parent/48/commons-parent-48.pom (72 kB at 73 kB/s)
Downloading from central: https://repo.maven.apache.org/maven2/org/codehaus/plexus/plexus-archiver/4.2.7/plexus-archiver-4.2.7.pom
Progress (1): 1.3 kB
Progress (1): 3.7 kB
Progress (1): 4.9 kB
                    
Downloaded from central: https://repo.maven.apache.org/maven2/org/codehaus/plexus/plexus-archiver/4.2.7/plexus-archiver-4.2.7.pom (4.9 kB at 18 kB/s)
Downloading from central: https://repo.maven.apache.org/maven2/org/codehaus/plexus/plexus-io/3.2.0/plexus-io-3.2.0.pom
Progress (1): 1.4 kB
Progress (1): 4.4 kB
Progress (1): 4.5 kB
                    
Downloaded from central: https://repo.maven.apache.org/maven2/org/codehaus/plexus/plexus-io/3.2.0/plexus-io-3.2.0.pom (4.5 kB at 17 kB/s)
Downloading from central: https://repo.maven.apache.org/maven2/org/apache/commons/commons-compress/1.21/commons-compress-1.21.pom
Progress (1): 753 B
Progress (1): 1.9 kB
Progress (1): 3.5 kB
Progress (1): 6.8 kB
Progress (1): 9.1 kB
Progress (1): 11 kB 
Progress (1): 14 kB
Progress (1): 18 kB
Progress (1): 20 kB
                   
Downloaded from central: https://repo.maven.apache.org/maven2/org/apache/commons/commons-compress/1.21/commons-compress-1.21.pom (20 kB at 47 kB/s)
Downloading from central: https://repo.maven.apache.org/maven2/org/iq80/snappy/snappy/0.4/snappy-0.4.pom
Progress (1): 1.2 kB
Progress (1): 3.7 kB
Progress (1): 8.5 kB
Progress (1): 12 kB 
Progress (1): 15 kB
                   
Downloaded from central: https://repo.maven.apache.org/maven2/org/iq80/snappy/snappy/0.4/snappy-0.4.pom (15 kB at 43 kB/s)
Downloading from central: https://repo.maven.apache.org/maven2/org/tukaani/xz/1.9/xz-1.9.pom
Progress (1): 1.1 kB
Progress (1): 2.0 kB
                    
Downloaded from central: https://repo.maven.apache.org/maven2/org/tukaani/xz/1.9/xz-1.9.pom (2.0 kB at 2.3 kB/s)
Downloading from central: https://repo.maven.apache.org/maven2/org/codehaus/plexus/plexus-utils/3.3.1/plexus-utils-3.3.1.pom
Progress (1): 749 B
Progress (1): 2.6 kB
Progress (1): 5.0 kB
Progress (1): 5.3 kB
                    
Downloaded from central: https://repo.maven.apache.org/maven2/org/codehaus/plexus/plexus-utils/3.3.1/plexus-utils-3.3.1.pom (5.3 kB at 18 kB/s)
Downloading from central: https://repo.maven.apache.org/maven2/org/apache/maven/maven-plugin-api/3.1.0/maven-plugin-api-3.1.0.jar
Progress (1): 7.7/50 kB
Progress (1): 16/50 kB 
Progress (1): 32/50 kB
Progress (1): 49/50 kB
Progress (1): 50 kB   
                   
Downloaded from central: https://repo.maven.apache.org/maven2/org/apache/maven/maven-plugin-api/3.1.0/maven-plugin-api-3.1.0.jar (50 kB at 24 kB/s)
Downloading from central: https://repo.maven.apache.org/maven2/org/apache/maven/maven-model/3.1.0/maven-model-3.1.0.jar
Downloading from central: https://repo.maven.apache.org/maven2/org/eclipse/sisu/org.eclipse.sisu.plexus/0.0.0.M2a/org.eclipse.sisu.plexus-0.0.0.M2a.jar
Downloading from central: https://repo.maven.apache.org/maven2/org/eclipse/sisu/org.eclipse.sisu.inject/0.0.0.M2a/org.eclipse.sisu.inject-0.0.0.M2a.jar
Downloading from central: https://repo.maven.apache.org/maven2/asm/asm/3.3.1/asm-3.3.1.jar
Downloading from central: https://repo.maven.apache.org/maven2/org/apache/maven/maven-core/3.1.0/maven-core-3.1.0.jar
Progress (1): 3.2/563 kB
Progress (2): 3.2/563 kB | 7.7/44 kB
Progress (2): 3.2/563 kB | 16/44 kB 
Progress (2): 3.2/563 kB | 24/44 kB
Progress (2): 20/563 kB | 24/44 kB 
Progress (2): 36/563 kB | 24/44 kB
Progress (2): 52/563 kB | 24/44 kB
Progress (2): 52/563 kB | 40/44 kB
Progress (2): 52/563 kB | 44 kB   
                               
Downloaded from central: https://repo.maven.apache.org/maven2/asm/asm/3.3.1/asm-3.3.1.jar (44 kB at 92 kB/s)
Downloading from central: https://repo.maven.apache.org/maven2/org/apache/maven/maven-settings/3.1.0/maven-settings-3.1.0.jar
Progress (2): 52/563 kB | 7.7/164 kB
Progress (2): 52/563 kB | 16/164 kB 
Progress (2): 69/563 kB | 16/164 kB
Progress (2): 85/563 kB | 16/164 kB
Progress (2): 101/563 kB | 16/164 kB
Progress (2): 118/563 kB | 16/164 kB
Progress (2): 134/563 kB | 16/164 kB
Progress (3): 134/563 kB | 16/164 kB | 7.7/47 kB
Progress (3): 134/563 kB | 16/164 kB | 15/47 kB 
Progress (4): 134/563 kB | 16/164 kB | 15/47 kB | 7.7/202 kB
Progress (4): 134/563 kB | 16/164 kB | 15/47 kB | 16/202 kB 
Progress (4): 134/563 kB | 16/164 kB | 15/47 kB | 28/202 kB
Progress (4): 134/563 kB | 16/164 kB | 15/47 kB | 44/202 kB
Progress (4): 151/563 kB | 16/164 kB | 15/47 kB | 44/202 kB
Progress (4): 167/563 kB | 16/164 kB | 15/47 kB | 44/202 kB
Progress (4): 167/563 kB | 16/164 kB | 32/47 kB | 44/202 kB
Progress (4): 183/563 kB | 16/164 kB | 32/47 kB | 44/202 kB
Progress (4): 200/563 kB | 16/164 kB | 32/47 kB | 44/202 kB
Progress (4): 200/563 kB | 16/164 kB | 47 kB | 44/202 kB   
                                                        
Downloaded from central: https://repo.maven.apache.org/maven2/org/apache/maven/maven-settings/3.1.0/maven-settings-3.1.0.jar (47 kB at 59 kB/s)
Downloading from central: https://repo.maven.apache.org/maven2/org/apache/maven/maven-settings-builder/3.1.0/maven-settings-builder-3.1.0.jar
Progress (3): 216/563 kB | 16/164 kB | 44/202 kB
Progress (4): 216/563 kB | 16/164 kB | 44/202 kB | 7.7/202 kB
Progress (4): 216/563 kB | 16/164 kB | 44/202 kB | 16/202 kB 
Progress (4): 233/563 kB | 16/164 kB | 44/202 kB | 16/202 kB
Progress (4): 233/563 kB | 16/164 kB | 61/202 kB | 16/202 kB
Progress (4): 249/563 kB | 16/164 kB | 61/202 kB | 16/202 kB
Progress (4): 265/563 kB | 16/164 kB | 61/202 kB | 16/202 kB
Progress (4): 265/563 kB | 16/164 kB | 61/202 kB | 32/202 kB
Progress (4): 265/563 kB | 32/164 kB | 61/202 kB | 32/202 kB
Progress (4): 282/563 kB | 32/164 kB | 61/202 kB | 32/202 kB
Progress (4): 282/563 kB | 32/164 kB | 77/202 kB | 32/202 kB
Progress (5): 282/563 kB | 32/164 kB | 77/202 kB | 32/202 kB | 16/41 kB
Progress (5): 298/563 kB | 32/164 kB | 77/202 kB | 32/202 kB | 16/41 kB
Progress (5): 314/563 kB | 32/164 kB | 77/202 kB | 32/202 kB | 16/41 kB
Progress (5): 314/563 kB | 32/164 kB | 93/202 kB | 32/202 kB | 16/41 kB
Progress (5): 314/563 kB | 32/164 kB | 93/202 kB | 32/202 kB | 33/41 kB
Progress (5): 331/563 kB | 32/164 kB | 93/202 kB | 32/202 kB | 33/41 kB
Progress (5): 347/563 kB | 32/164 kB | 93/202 kB | 32/202 kB | 33/41 kB
Progress (5): 347/563 kB | 32/164 kB | 93/202 kB | 49/202 kB | 33/41 kB
Progress (5): 347/563 kB | 32/164 kB | 93/202 kB | 49/202 kB | 41 kB   
                                                                    
Downloaded from central: https://repo.maven.apache.org/maven2/org/apache/maven/maven-settings-builder/3.1.0/maven-settings-builder-3.1.0.jar (41 kB at 37 kB/s)
Downloading from central: https://repo.maven.apache.org/maven2/org/apache/maven/maven-repository-metadata/3.1.0/maven-repository-metadata-3.1.0.jar
Progress (4): 364/563 kB | 32/164 kB | 93/202 kB | 49/202 kB
Progress (4): 364/563 kB | 32/164 kB | 110/202 kB | 49/202 kB
Progress (4): 380/563 kB | 32/164 kB | 110/202 kB | 49/202 kB
Progress (4): 380/563 kB | 32/164 kB | 126/202 kB | 49/202 kB
Progress (4): 396/563 kB | 32/164 kB | 126/202 kB | 49/202 kB
Progress (4): 396/563 kB | 49/164 kB | 126/202 kB | 49/202 kB
Progress (4): 413/563 kB | 49/164 kB | 126/202 kB | 49/202 kB
Progress (4): 429/563 kB | 49/164 kB | 126/202 kB | 49/202 kB
Progress (5): 429/563 kB | 49/164 kB | 126/202 kB | 49/202 kB | 7.7/30 kB
Progress (5): 429/563 kB | 49/164 kB | 126/202 kB | 49/202 kB | 11/30 kB 
Progress (5): 429/563 kB | 49/164 kB | 126/202 kB | 49/202 kB | 28/30 kB
Progress (5): 446/563 kB | 49/164 kB | 126/202 kB | 49/202 kB | 28/30 kB
Progress (5): 462/563 kB | 49/164 kB | 126/202 kB | 49/202 kB | 28/30 kB
Progress (5): 462/563 kB | 49/164 kB | 126/202 kB | 49/202 kB | 30 kB   
Progress (5): 478/563 kB | 49/164 kB | 126/202 kB | 49/202 kB | 30 kB
Progress (5): 495/563 kB | 49/164 kB | 126/202 kB | 49/202 kB | 30 kB
Progress (5): 511/563 kB | 49/164 kB | 126/202 kB | 49/202 kB | 30 kB
                                                                     
Downloaded from central: https://repo.maven.apache.org/maven2/org/apache/maven/maven-repository-metadata/3.1.0/maven-repository-metadata-3.1.0.jar (30 kB at 22 kB/s)
Downloading from central: https://repo.maven.apache.org/maven2/org/apache/maven/maven-model-builder/3.1.0/maven-model-builder-3.1.0.jar
Progress (4): 511/563 kB | 49/164 kB | 142/202 kB | 49/202 kB
Progress (4): 511/563 kB | 49/164 kB | 159/202 kB | 49/202 kB
Progress (4): 511/563 kB | 49/164 kB | 175/202 kB | 49/202 kB
Progress (4): 511/563 kB | 49/164 kB | 175/202 kB | 65/202 kB
Progress (4): 511/563 kB | 65/164 kB | 175/202 kB | 65/202 kB
Progress (4): 527/563 kB | 65/164 kB | 175/202 kB | 65/202 kB
Progress (4): 544/563 kB | 65/164 kB | 175/202 kB | 65/202 kB
Progress (5): 544/563 kB | 65/164 kB | 175/202 kB | 65/202 kB | 7.7/159 kB
Progress (5): 544/563 kB | 65/164 kB | 175/202 kB | 65/202 kB | 16/159 kB 
Progress (5): 560/563 kB | 65/164 kB | 175/202 kB | 65/202 kB | 16/159 kB
Progress (5): 563 kB | 65/164 kB | 175/202 kB | 65/202 kB | 16/159 kB    
                                                                     
Downloaded from central: https://repo.maven.apache.org/maven2/org/apache/maven/maven-core/3.1.0/maven-core-3.1.0.jar (563 kB at 346 kB/s)
Downloading from central: https://repo.maven.apache.org/maven2/org/apache/maven/maven-aether-provider/3.1.0/maven-aether-provider-3.1.0.jar
Progress (4): 65/164 kB | 175/202 kB | 65/202 kB | 24/159 kB
Progress (4): 65/164 kB | 175/202 kB | 65/202 kB | 40/159 kB
Progress (4): 65/164 kB | 175/202 kB | 81/202 kB | 40/159 kB
Progress (4): 65/164 kB | 175/202 kB | 81/202 kB | 57/159 kB
Progress (4): 65/164 kB | 175/202 kB | 81/202 kB | 66/159 kB
Progress (4): 81/164 kB | 175/202 kB | 81/202 kB | 66/159 kB
Progress (5): 81/164 kB | 175/202 kB | 81/202 kB | 66/159 kB | 7.7/60 kB
Progress (5): 81/164 kB | 175/202 kB | 81/202 kB | 66/159 kB | 16/60 kB 
Progress (5): 81/164 kB | 175/202 kB | 98/202 kB | 66/159 kB | 16/60 kB
Progress (5): 98/164 kB | 175/202 kB | 98/202 kB | 66/159 kB | 16/60 kB
Progress (5): 98/164 kB | 175/202 kB | 98/202 kB | 82/159 kB | 16/60 kB
Progress (5): 98/164 kB | 175/202 kB | 98/202 kB | 98/159 kB | 16/60 kB
Progress (5): 98/164 kB | 175/202 kB | 98/202 kB | 115/159 kB | 16/60 kB
Progress (5): 98/164 kB | 175/202 kB | 98/202 kB | 115/159 kB | 24/60 kB
Progress (5): 98/164 kB | 175/202 kB | 98/202 kB | 115/159 kB | 40/60 kB
Progress (5): 98/164 kB | 175/202 kB | 98/202 kB | 131/159 kB | 40/60 kB
Progress (5): 98/164 kB | 175/202 kB | 98/202 kB | 147/159 kB | 40/60 kB
Progress (5): 98/164 kB | 175/202 kB | 98/202 kB | 159 kB | 40/60 kB    
                                                                    
Downloaded from central: https://repo.maven.apache.org/maven2/org/apache/maven/maven-model-builder/3.1.0/maven-model-builder-3.1.0.jar (159 kB at 77 kB/s)
Downloading from central: https://repo.maven.apache.org/maven2/org/codehaus/plexus/plexus-interpolation/1.16/plexus-interpolation-1.16.jar
Progress (4): 98/164 kB | 175/202 kB | 98/202 kB | 57/60 kB
Progress (4): 98/164 kB | 175/202 kB | 98/202 kB | 60 kB   
                                                        
Downloaded from central: https://repo.maven.apache.org/maven2/org/apache/maven/maven-aether-provider/3.1.0/maven-aether-provider-3.1.0.jar (60 kB at 29 kB/s)
Downloading from central: https://repo.maven.apache.org/maven2/org/codehaus/plexus/plexus-classworlds/2.4.2/plexus-classworlds-2.4.2.jar
Progress (3): 98/164 kB | 175/202 kB | 114/202 kB
Progress (3): 114/164 kB | 175/202 kB | 114/202 kB
Progress (3): 114/164 kB | 192/202 kB | 114/202 kB
Progress (3): 114/164 kB | 202 kB | 114/202 kB    
                                              
Downloaded from central: https://repo.maven.apache.org/maven2/org/eclipse/sisu/org.eclipse.sisu.inject/0.0.0.M2a/org.eclipse.sisu.inject-0.0.0.M2a.jar (202 kB at 89 kB/s)
Downloading from central: https://repo.maven.apache.org/maven2/org/apache/maven/maven-artifact/3.1.0/maven-artifact-3.1.0.jar
Progress (2): 114/164 kB | 130/202 kB
Progress (2): 130/164 kB | 130/202 kB
Progress (3): 130/164 kB | 130/202 kB | 7.7/47 kB
Progress (3): 130/164 kB | 130/202 kB | 16/47 kB 
Progress (4): 130/164 kB | 130/202 kB | 16/47 kB | 7.7/61 kB
Progress (4): 130/164 kB | 130/202 kB | 16/47 kB | 16/61 kB 
Progress (4): 130/164 kB | 130/202 kB | 16/47 kB | 24/61 kB
Progress (4): 130/164 kB | 130/202 kB | 16/47 kB | 40/61 kB
Progress (4): 130/164 kB | 130/202 kB | 16/47 kB | 57/61 kB
Progress (4): 130/164 kB | 130/202 kB | 16/47 kB | 61 kB   
                                                        
Downloaded from central: https://repo.maven.apache.org/maven2/org/codehaus/plexus/plexus-interpolation/1.16/plexus-interpolation-1.16.jar (61 kB at 25 kB/s)
Downloading from central: https://repo.maven.apache.org/maven2/org/apache/maven/shared/file-management/3.0.0/file-management-3.0.0.jar
Progress (3): 147/164 kB | 130/202 kB | 16/47 kB
Progress (4): 147/164 kB | 130/202 kB | 16/47 kB | 3.2/52 kB
Progress (4): 147/164 kB | 130/202 kB | 32/47 kB | 3.2/52 kB
Progress (4): 147/164 kB | 130/202 kB | 47 kB | 3.2/52 kB   
                                                         
Downloaded from central: https://repo.maven.apache.org/maven2/org/codehaus/plexus/plexus-classworlds/2.4.2/plexus-classworlds-2.4.2.jar (47 kB at 18 kB/s)
Downloading from central: https://repo.maven.apache.org/maven2/org/apache/maven/shared/maven-shared-io/3.0.0/maven-shared-io-3.0.0.jar
Progress (3): 163/164 kB | 130/202 kB | 3.2/52 kB
Progress (3): 164 kB | 130/202 kB | 3.2/52 kB    
                                             
Downloaded from central: https://repo.maven.apache.org/maven2/org/apache/maven/maven-model/3.1.0/maven-model-3.1.0.jar (164 kB at 63 kB/s)
Downloading from central: https://repo.maven.apache.org/maven2/org/apache/maven/maven-compat/3.0/maven-compat-3.0.jar
Progress (3): 130/202 kB | 3.2/52 kB | 7.7/35 kB
Progress (3): 130/202 kB | 3.2/52 kB | 7.7/35 kB
Progress (3): 147/202 kB | 3.2/52 kB | 7.7/35 kB
Progress (3): 147/202 kB | 3.2/52 kB | 24/35 kB 
Progress (3): 147/202 kB | 3.2/52 kB | 35 kB   
                                            
Downloaded from central: https://repo.maven.apache.org/maven2/org/apache/maven/shared/file-management/3.0.0/file-management-3.0.0.jar (35 kB at 13 kB/s)
Downloading from central: https://repo.maven.apache.org/maven2/org/sonatype/sisu/sisu-inject-plexus/1.4.2/sisu-inject-plexus-1.4.2.jar
Progress (2): 163/202 kB | 3.2/52 kB
Progress (2): 163/202 kB | 20/52 kB 
Progress (2): 163/202 kB | 28/52 kB
Progress (2): 179/202 kB | 28/52 kB
Progress (3): 179/202 kB | 28/52 kB | 7.7/41 kB
Progress (3): 179/202 kB | 28/52 kB | 15/41 kB 
Progress (3): 179/202 kB | 28/52 kB | 32/41 kB
Progress (4): 179/202 kB | 28/52 kB | 32/41 kB | 7.7/285 kB
Progress (4): 179/202 kB | 28/52 kB | 32/41 kB | 16/285 kB 
Progress (4): 179/202 kB | 44/52 kB | 32/41 kB | 16/285 kB
Progress (4): 179/202 kB | 52 kB | 32/41 kB | 16/285 kB   
                                                       
Downloaded from central: https://repo.maven.apache.org/maven2/org/apache/maven/maven-artifact/3.1.0/maven-artifact-3.1.0.jar (52 kB at 17 kB/s)
Downloading from central: https://repo.maven.apache.org/maven2/org/sonatype/sisu/sisu-inject-bean/1.4.2/sisu-inject-bean-1.4.2.jar
Progress (3): 179/202 kB | 32/41 kB | 24/285 kB
Progress (3): 179/202 kB | 41 kB | 24/285 kB   
                                            
Downloaded from central: https://repo.maven.apache.org/maven2/org/apache/maven/shared/maven-shared-io/3.0.0/maven-shared-io-3.0.0.jar (41 kB at 13 kB/s)
Downloading from central: https://repo.maven.apache.org/maven2/org/sonatype/sisu/sisu-guice/2.1.7/sisu-guice-2.1.7-noaop.jar
Progress (2): 196/202 kB | 24/285 kB
Progress (3): 196/202 kB | 24/285 kB | 7.7/202 kB
Progress (3): 196/202 kB | 24/285 kB | 16/202 kB 
Progress (3): 196/202 kB | 24/285 kB | 32/202 kB
Progress (3): 196/202 kB | 24/285 kB | 48/202 kB
Progress (3): 202 kB | 24/285 kB | 48/202 kB    
                                            
Downloaded from central: https://repo.maven.apache.org/maven2/org/eclipse/sisu/org.eclipse.sisu.plexus/0.0.0.M2a/org.eclipse.sisu.plexus-0.0.0.M2a.jar (202 kB at 60 kB/s)
Downloading from central: https://repo.maven.apache.org/maven2/org/apache/maven/wagon/wagon-provider-api/2.10/wagon-provider-api-2.10.jar
Progress (3): 24/285 kB | 48/202 kB | 7.7/472 kB
Progress (3): 24/285 kB | 48/202 kB | 15/472 kB 
Progress (3): 24/285 kB | 65/202 kB | 15/472 kB
Progress (3): 24/285 kB | 81/202 kB | 15/472 kB
Progress (3): 24/285 kB | 97/202 kB | 15/472 kB
Progress (3): 24/285 kB | 114/202 kB | 15/472 kB
Progress (3): 40/285 kB | 114/202 kB | 15/472 kB
Progress (3): 57/285 kB | 114/202 kB | 15/472 kB
Progress (3): 57/285 kB | 130/202 kB | 15/472 kB
Progress (3): 57/285 kB | 147/202 kB | 15/472 kB
Progress (3): 57/285 kB | 163/202 kB | 15/472 kB
Progress (3): 57/285 kB | 179/202 kB | 15/472 kB
Progress (3): 57/285 kB | 196/202 kB | 15/472 kB
Progress (3): 57/285 kB | 202 kB | 15/472 kB    
                                            
Downloaded from central: https://repo.maven.apache.org/maven2/org/sonatype/sisu/sisu-inject-plexus/1.4.2/sisu-inject-plexus-1.4.2.jar (202 kB at 58 kB/s)
Downloading from central: https://repo.maven.apache.org/maven2/org/apache/maven/maven-archiver/3.5.2/maven-archiver-3.5.2.jar
Progress (2): 73/285 kB | 15/472 kB
Progress (3): 73/285 kB | 15/472 kB | 7.7/153 kB
Progress (3): 73/285 kB | 15/472 kB | 16/153 kB 
Progress (3): 73/285 kB | 15/472 kB | 28/153 kB
Progress (3): 73/285 kB | 32/472 kB | 28/153 kB
Progress (3): 73/285 kB | 48/472 kB | 28/153 kB
Progress (3): 73/285 kB | 65/472 kB | 28/153 kB
Progress (4): 73/285 kB | 65/472 kB | 28/153 kB | 7.7/26 kB
Progress (4): 73/285 kB | 65/472 kB | 28/153 kB | 16/26 kB 
Progress (4): 73/285 kB | 81/472 kB | 28/153 kB | 16/26 kB
Progress (4): 73/285 kB | 81/472 kB | 28/153 kB | 24/26 kB
Progress (4): 73/285 kB | 97/472 kB | 28/153 kB | 24/26 kB
Progress (4): 73/285 kB | 114/472 kB | 28/153 kB | 24/26 kB
Progress (4): 73/285 kB | 130/472 kB | 28/153 kB | 24/26 kB
Progress (4): 73/285 kB | 147/472 kB | 28/153 kB | 24/26 kB
Progress (4): 73/285 kB | 147/472 kB | 28/153 kB | 26 kB   
                                                        
Downloaded from central: https://repo.maven.apache.org/maven2/org/apache/maven/maven-archiver/3.5.2/maven-archiver-3.5.2.jar (26 kB at 7.0 kB/s)
Downloading from central: https://repo.maven.apache.org/maven2/org/apache/commons/commons-compress/1.20/commons-compress-1.20.jar
Progress (4): 73/285 kB | 147/472 kB | 28/153 kB | 7.7/54 kB
Progress (4): 73/285 kB | 147/472 kB | 28/153 kB | 11/54 kB 
Progress (4): 73/285 kB | 147/472 kB | 28/153 kB | 28/54 kB
Progress (4): 90/285 kB | 147/472 kB | 28/153 kB | 28/54 kB
Progress (4): 106/285 kB | 147/472 kB | 28/153 kB | 28/54 kB
Progress (4): 122/285 kB | 147/472 kB | 28/153 kB | 28/54 kB
Progress (4): 122/285 kB | 147/472 kB | 44/153 kB | 28/54 kB
Progress (4): 122/285 kB | 147/472 kB | 60/153 kB | 28/54 kB
Progress (4): 122/285 kB | 147/472 kB | 77/153 kB | 28/54 kB
Progress (4): 122/285 kB | 147/472 kB | 93/153 kB | 28/54 kB
Progress (4): 122/285 kB | 147/472 kB | 110/153 kB | 28/54 kB
Progress (4): 139/285 kB | 147/472 kB | 110/153 kB | 28/54 kB
Progress (4): 139/285 kB | 163/472 kB | 110/153 kB | 28/54 kB
Progress (4): 139/285 kB | 179/472 kB | 110/153 kB | 28/54 kB
Progress (4): 139/285 kB | 196/472 kB | 110/153 kB | 28/54 kB
Progress (4): 139/285 kB | 212/472 kB | 110/153 kB | 28/54 kB
Progress (4): 155/285 kB | 212/472 kB | 110/153 kB | 28/54 kB
Progress (5): 155/285 kB | 212/472 kB | 110/153 kB | 28/54 kB | 7.7/632 kB
Progress (5): 155/285 kB | 212/472 kB | 110/153 kB | 28/54 kB | 16/632 kB 
Progress (5): 155/285 kB | 212/472 kB | 110/153 kB | 28/54 kB | 24/632 kB
Progress (5): 155/285 kB | 212/472 kB | 110/153 kB | 28/54 kB | 40/632 kB
Progress (5): 155/285 kB | 212/472 kB | 110/153 kB | 28/54 kB | 57/632 kB
Progress (5): 155/285 kB | 212/472 kB | 110/153 kB | 28/54 kB | 73/632 kB
Progress (5): 155/285 kB | 212/472 kB | 110/153 kB | 28/54 kB | 90/632 kB
Progress (5): 155/285 kB | 212/472 kB | 110/153 kB | 28/54 kB | 106/632 kB
Progress (5): 155/285 kB | 212/472 kB | 126/153 kB | 28/54 kB | 106/632 kB
Progress (5): 155/285 kB | 212/472 kB | 126/153 kB | 28/54 kB | 122/632 kB
Progress (5): 172/285 kB | 212/472 kB | 126/153 kB | 28/54 kB | 122/632 kB
Progress (5): 172/285 kB | 212/472 kB | 126/153 kB | 44/54 kB | 122/632 kB
Progress (5): 172/285 kB | 212/472 kB | 126/153 kB | 54 kB | 122/632 kB   
                                                                       
Downloaded from central: https://repo.maven.apache.org/maven2/org/apache/maven/wagon/wagon-provider-api/2.10/wagon-provider-api-2.10.jar (54 kB at 13 kB/s)
Downloading from central: https://repo.maven.apache.org/maven2/org/codehaus/plexus/plexus-archiver/4.2.7/plexus-archiver-4.2.7.jar
Progress (4): 172/285 kB | 212/472 kB | 126/153 kB | 139/632 kB
Progress (4): 172/285 kB | 228/472 kB | 126/153 kB | 139/632 kB
Progress (4): 172/285 kB | 245/472 kB | 126/153 kB | 139/632 kB
Progress (4): 172/285 kB | 261/472 kB | 126/153 kB | 139/632 kB
Progress (4): 172/285 kB | 261/472 kB | 126/153 kB | 155/632 kB
Progress (4): 172/285 kB | 261/472 kB | 142/153 kB | 155/632 kB
Progress (4): 172/285 kB | 261/472 kB | 142/153 kB | 172/632 kB
Progress (4): 188/285 kB | 261/472 kB | 142/153 kB | 172/632 kB
Progress (4): 188/285 kB | 261/472 kB | 142/153 kB | 188/632 kB
Progress (4): 188/285 kB | 278/472 kB | 142/153 kB | 188/632 kB
Progress (4): 188/285 kB | 294/472 kB | 142/153 kB | 188/632 kB
Progress (4): 188/285 kB | 310/472 kB | 142/153 kB | 188/632 kB
Progress (4): 188/285 kB | 327/472 kB | 142/153 kB | 188/632 kB
Progress (4): 188/285 kB | 343/472 kB | 142/153 kB | 188/632 kB
Progress (4): 188/285 kB | 343/472 kB | 153 kB | 188/632 kB    
                                                           
Downloaded from central: https://repo.maven.apache.org/maven2/org/sonatype/sisu/sisu-inject-bean/1.4.2/sisu-inject-bean-1.4.2.jar (153 kB at 35 kB/s)
Downloading from central: https://repo.maven.apache.org/maven2/org/codehaus/plexus/plexus-io/3.2.0/plexus-io-3.2.0.jar
Progress (3): 188/285 kB | 360/472 kB | 188/632 kB
Progress (3): 188/285 kB | 376/472 kB | 188/632 kB
Progress (3): 188/285 kB | 392/472 kB | 188/632 kB
Progress (3): 188/285 kB | 409/472 kB | 188/632 kB
Progress (3): 188/285 kB | 425/472 kB | 188/632 kB
Progress (4): 188/285 kB | 425/472 kB | 188/632 kB | 7.7/195 kB
Progress (4): 188/285 kB | 425/472 kB | 188/632 kB | 11/195 kB 
Progress (4): 188/285 kB | 425/472 kB | 204/632 kB | 11/195 kB
Progress (4): 188/285 kB | 425/472 kB | 221/632 kB | 11/195 kB
Progress (4): 188/285 kB | 425/472 kB | 237/632 kB | 11/195 kB
Progress (4): 188/285 kB | 425/472 kB | 253/632 kB | 11/195 kB
Progress (4): 188/285 kB | 425/472 kB | 270/632 kB | 11/195 kB
Progress (4): 204/285 kB | 425/472 kB | 270/632 kB | 11/195 kB
Progress (4): 204/285 kB | 441/472 kB | 270/632 kB | 11/195 kB
Progress (4): 204/285 kB | 458/472 kB | 270/632 kB | 11/195 kB
Progress (4): 204/285 kB | 471/472 kB | 270/632 kB | 11/195 kB
Progress (4): 204/285 kB | 472 kB | 270/632 kB | 11/195 kB    
                                                          
Downloaded from central: https://repo.maven.apache.org/maven2/org/sonatype/sisu/sisu-guice/2.1.7/sisu-guice-2.1.7-noaop.jar (472 kB at 102 kB/s)
Downloading from central: https://repo.maven.apache.org/maven2/org/iq80/snappy/snappy/0.4/snappy-0.4.jar
Progress (3): 221/285 kB | 270/632 kB | 11/195 kB
Progress (3): 237/285 kB | 270/632 kB | 11/195 kB
Progress (3): 237/285 kB | 270/632 kB | 28/195 kB
Progress (3): 237/285 kB | 286/632 kB | 28/195 kB
Progress (3): 237/285 kB | 303/632 kB | 28/195 kB
Progress (3): 237/285 kB | 319/632 kB | 28/195 kB
Progress (3): 253/285 kB | 319/632 kB | 28/195 kB
Progress (3): 253/285 kB | 319/632 kB | 44/195 kB
Progress (3): 270/285 kB | 319/632 kB | 44/195 kB
Progress (4): 270/285 kB | 319/632 kB | 44/195 kB | 7.7/76 kB
Progress (4): 270/285 kB | 319/632 kB | 44/195 kB | 16/76 kB 
Progress (4): 270/285 kB | 319/632 kB | 44/195 kB | 24/76 kB
Progress (4): 270/285 kB | 319/632 kB | 44/195 kB | 40/76 kB
Progress (4): 270/285 kB | 319/632 kB | 44/195 kB | 57/76 kB
Progress (4): 285 kB | 319/632 kB | 44/195 kB | 57/76 kB    
                                                        
Downloaded from central: https://repo.maven.apache.org/maven2/org/apache/maven/maven-compat/3.0/maven-compat-3.0.jar (285 kB at 58 kB/s)
Downloading from central: https://repo.maven.apache.org/maven2/org/tukaani/xz/1.9/xz-1.9.jar
Progress (3): 335/632 kB | 44/195 kB | 57/76 kB
Progress (3): 352/632 kB | 44/195 kB | 57/76 kB
Progress (3): 368/632 kB | 44/195 kB | 57/76 kB
Progress (3): 385/632 kB | 44/195 kB | 57/76 kB
Progress (3): 401/632 kB | 44/195 kB | 57/76 kB
Progress (3): 417/632 kB | 44/195 kB | 57/76 kB
Progress (3): 434/632 kB | 44/195 kB | 57/76 kB
Progress (3): 450/632 kB | 44/195 kB | 57/76 kB
Progress (3): 450/632 kB | 61/195 kB | 57/76 kB
Progress (3): 450/632 kB | 77/195 kB | 57/76 kB
Progress (4): 450/632 kB | 77/195 kB | 57/76 kB | 3.2/116 kB
Progress (4): 450/632 kB | 77/195 kB | 73/76 kB | 3.2/116 kB
Progress (4): 450/632 kB | 77/195 kB | 76 kB | 3.2/116 kB   
                                                         
Downloaded from central: https://repo.maven.apache.org/maven2/org/codehaus/plexus/plexus-io/3.2.0/plexus-io-3.2.0.jar (76 kB at 15 kB/s)
Downloading from central: https://repo.maven.apache.org/maven2/org/codehaus/plexus/plexus-utils/3.3.1/plexus-utils-3.3.1.jar
Progress (4): 450/632 kB | 77/195 kB | 3.2/116 kB | 7.7/58 kB
Progress (4): 450/632 kB | 77/195 kB | 3.2/116 kB | 16/58 kB 
Progress (4): 450/632 kB | 77/195 kB | 3.2/116 kB | 28/58 kB
Progress (4): 450/632 kB | 77/195 kB | 3.2/116 kB | 44/58 kB
Progress (4): 450/632 kB | 77/195 kB | 3.2/116 kB | 58 kB   
                                                         
Downloaded from central: https://repo.maven.apache.org/maven2/org/iq80/snappy/snappy/0.4/snappy-0.4.jar (58 kB at 11 kB/s)
Progress (3): 450/632 kB | 93/195 kB | 3.2/116 kB
Progress (3): 450/632 kB | 93/195 kB | 20/116 kB 
Progress (3): 466/632 kB | 93/195 kB | 20/116 kB
Progress (3): 483/632 kB | 93/195 kB | 20/116 kB
Progress (3): 499/632 kB | 93/195 kB | 20/116 kB
Progress (3): 516/632 kB | 93/195 kB | 20/116 kB
Progress (3): 532/632 kB | 93/195 kB | 20/116 kB
Progress (3): 548/632 kB | 93/195 kB | 20/116 kB
Progress (3): 565/632 kB | 93/195 kB | 20/116 kB
Progress (3): 581/632 kB | 93/195 kB | 20/116 kB
Progress (3): 581/632 kB | 93/195 kB | 36/116 kB
Progress (3): 598/632 kB | 93/195 kB | 36/116 kB
Progress (3): 614/632 kB | 93/195 kB | 36/116 kB
Progress (3): 614/632 kB | 93/195 kB | 52/116 kB
Progress (3): 614/632 kB | 93/195 kB | 69/116 kB
Progress (3): 614/632 kB | 110/195 kB | 69/116 kB
Progress (3): 614/632 kB | 110/195 kB | 85/116 kB
Progress (3): 614/632 kB | 126/195 kB | 85/116 kB
Progress (3): 614/632 kB | 126/195 kB | 101/116 kB
Progress (3): 614/632 kB | 142/195 kB | 101/116 kB
Progress (3): 614/632 kB | 142/195 kB | 116 kB    
                                              
Downloaded from central: https://repo.maven.apache.org/maven2/org/tukaani/xz/1.9/xz-1.9.jar (116 kB at 20 kB/s)
Progress (3): 614/632 kB | 142/195 kB | 7.7/262 kB
Progress (3): 614/632 kB | 142/195 kB | 16/262 kB 
Progress (3): 614/632 kB | 142/195 kB | 24/262 kB
Progress (3): 614/632 kB | 142/195 kB | 40/262 kB
Progress (3): 614/632 kB | 142/195 kB | 57/262 kB
Progress (3): 614/632 kB | 142/195 kB | 73/262 kB
Progress (3): 614/632 kB | 142/195 kB | 90/262 kB
Progress (3): 614/632 kB | 159/195 kB | 90/262 kB
Progress (3): 614/632 kB | 175/195 kB | 90/262 kB
Progress (3): 614/632 kB | 192/195 kB | 90/262 kB
Progress (3): 614/632 kB | 195 kB | 90/262 kB    
                                             
Downloaded from central: https://repo.maven.apache.org/maven2/org/codehaus/plexus/plexus-archiver/4.2.7/plexus-archiver-4.2.7.jar (195 kB at 32 kB/s)
Progress (2): 630/632 kB | 90/262 kB
Progress (2): 632 kB | 90/262 kB    
                                
Downloaded from central: https://repo.maven.apache.org/maven2/org/apache/commons/commons-compress/1.20/commons-compress-1.20.jar (632 kB at 104 kB/s)
Progress (1): 106/262 kB
Progress (1): 122/262 kB
Progress (1): 139/262 kB
Progress (1): 155/262 kB
Progress (1): 172/262 kB
Progress (1): 188/262 kB
Progress (1): 204/262 kB
Progress (1): 221/262 kB
Progress (1): 237/262 kB
Progress (1): 253/262 kB
Progress (1): 262 kB    
                    
Downloaded from central: https://repo.maven.apache.org/maven2/org/codehaus/plexus/plexus-utils/3.3.1/plexus-utils-3.3.1.jar (262 kB at 31 kB/s)
[INFO] Building jar: /home/zhihao/hdd/marshal/.work/rebuild_plexus_xml_license/output-v1/replay-work/formal-github-plexus-utils-xml-removal--target-license-maven-plugin/source-a0/target/plexus-utils-3.5.1.jar
[INFO] 
[INFO] --- site:3.12.0:attach-descriptor (attach-descriptor) @ plexus-utils ---
Downloading from central: https://repo.maven.apache.org/maven2/org/apache/maven/reporting/maven-reporting-api/3.1.0/maven-reporting-api-3.1.0.pom
Progress (1): 778 B
Progress (1): 2.2 kB
Progress (1): 3.8 kB
                    
Downloaded from central: https://repo.maven.apache.org/maven2/org/apache/maven/reporting/maven-reporting-api/3.1.0/maven-reporting-api-3.1.0.pom (3.8 kB at 17 kB/s)
Downloading from central: https://repo.maven.apache.org/maven2/org/apache/maven/doxia/doxia-sink-api/1.11.1/doxia-sink-api-1.11.1.pom
Progress (1): 835 B
Progress (1): 1.6 kB
                    
Downloaded from central: https://repo.maven.apache.org/maven2/org/apache/maven/doxia/doxia-sink-api/1.11.1/doxia-sink-api-1.11.1.pom (1.6 kB at 7.2 kB/s)
Downloading from central: https://repo.maven.apache.org/maven2/org/apache/maven/doxia/doxia/1.11.1/doxia-1.11.1.pom
Progress (1): 755 B
Progress (1): 2.2 kB
Progress (1): 3.7 kB
Progress (1): 8.9 kB
Progress (1): 12 kB 
Progress (1): 16 kB
Progress (1): 18 kB
                   
Downloaded from central: https://repo.maven.apache.org/maven2/org/apache/maven/doxia/doxia/1.11.1/doxia-1.11.1.pom (18 kB at 78 kB/s)
Downloading from central: https://repo.maven.apache.org/maven2/org/apache/maven/doxia/doxia-logging-api/1.11.1/doxia-logging-api-1.11.1.pom
Progress (1): 832 B
Progress (1): 1.6 kB
                    
Downloaded from central: https://repo.maven.apache.org/maven2/org/apache/maven/doxia/doxia-logging-api/1.11.1/doxia-logging-api-1.11.1.pom (1.6 kB at 7.3 kB/s)
Downloading from central: https://repo.maven.apache.org/maven2/org/apache/maven/reporting/maven-reporting-exec/1.6.0/maven-reporting-exec-1.6.0.pom
Progress (1): 1.1 kB
Progress (1): 3.4 kB
Progress (1): 6.0 kB
Progress (1): 13 kB 
Progress (1): 14 kB
                   
Downloaded from central: https://repo.maven.apache.org/maven2/org/apache/maven/reporting/maven-reporting-exec/1.6.0/maven-reporting-exec-1.6.0.pom (14 kB at 62 kB/s)
Downloading from central: https://repo.maven.apache.org/maven2/org/apache/maven/maven-artifact/3.2.5/maven-artifact-3.2.5.pom
Progress (1): 843 B
Progress (1): 2.3 kB
                    
Downloaded from central: https://repo.maven.apache.org/maven2/org/apache/maven/maven-artifact/3.2.5/maven-artifact-3.2.5.pom (2.3 kB at 11 kB/s)
Downloading from central: https://repo.maven.apache.org/maven2/org/apache/maven/maven/3.2.5/maven-3.2.5.pom
Progress (1): 797 B
Progress (1): 2.0 kB
Progress (1): 3.5 kB
Progress (1): 5.5 kB
Progress (1): 7.7 kB
Progress (1): 13 kB 
Progress (1): 17 kB
Progress (1): 19 kB
Progress (1): 22 kB
Progress (1): 22 kB
                   
Downloaded from central: https://repo.maven.apache.org/maven2/org/apache/maven/maven/3.2.5/maven-3.2.5.pom (22 kB at 96 kB/s)
Downloading from central: https://repo.maven.apache.org/maven2/org/codehaus/plexus/plexus-utils/3.0.20/plexus-utils-3.0.20.pom
Progress (1): 817 B
Progress (1): 2.3 kB
Progress (1): 3.8 kB
                    
Downloaded from central: https://repo.maven.apache.org/maven2/org/codehaus/plexus/plexus-utils/3.0.20/plexus-utils-3.0.20.pom (3.8 kB at 17 kB/s)
Downloading from central: https://repo.maven.apache.org/maven2/org/apache/maven/maven-core/3.2.5/maven-core-3.2.5.pom
Progress (1): 794 B
Progress (1): 2.2 kB
Progress (1): 5.3 kB
Progress (1): 8.1 kB
                    
Downloaded from central: https://repo.maven.apache.org/maven2/org/apache/maven/maven-core/3.2.5/maven-core-3.2.5.pom (8.1 kB at 36 kB/s)
Downloading from central: https://repo.maven.apache.org/maven2/org/apache/maven/maven-model/3.2.5/maven-model-3.2.5.pom
Progress (1): 809 B
Progress (1): 2.3 kB
Progress (1): 4.2 kB
                    
Downloaded from central: https://repo.maven.apache.org/maven2/org/apache/maven/maven-model/3.2.5/maven-model-3.2.5.pom (4.2 kB at 9.1 kB/s)
Downloading from central: https://repo.maven.apache.org/maven2/org/apache/maven/maven-settings/3.2.5/maven-settings-3.2.5.pom
Progress (1): 823 B
Progress (1): 2.2 kB
                    
Downloaded from central: https://repo.maven.apache.org/maven2/org/apache/maven/maven-settings/3.2.5/maven-settings-3.2.5.pom (2.2 kB at 10 kB/s)
Downloading from central: https://repo.maven.apache.org/maven2/org/apache/maven/maven-settings-builder/3.2.5/maven-settings-builder-3.2.5.pom
Progress (1): 823 B
Progress (1): 2.6 kB
                    
Downloaded from central: https://repo.maven.apache.org/maven2/org/apache/maven/maven-settings-builder/3.2.5/maven-settings-builder-3.2.5.pom (2.6 kB at 12 kB/s)
Downloading from central: https://repo.maven.apache.org/maven2/org/codehaus/plexus/plexus-interpolation/1.21/plexus-interpolation-1.21.pom
Progress (1): 1.3 kB
Progress (1): 1.5 kB
                    
Downloaded from central: https://repo.maven.apache.org/maven2/org/codehaus/plexus/plexus-interpolation/1.21/plexus-interpolation-1.21.pom (1.5 kB at 7.1 kB/s)
Downloading from central: https://repo.maven.apache.org/maven2/org/apache/maven/maven-repository-metadata/3.2.5/maven-repository-metadata-3.2.5.pom
Progress (1): 823 B
Progress (1): 2.2 kB
                    
Downloaded from central: https://repo.maven.apache.org/maven2/org/apache/maven/maven-repository-metadata/3.2.5/maven-repository-metadata-3.2.5.pom (2.2 kB at 10 kB/s)
Downloading from central: https://repo.maven.apache.org/maven2/org/apache/maven/maven-plugin-api/3.2.5/maven-plugin-api-3.2.5.pom
Progress (1): 816 B
Progress (1): 2.5 kB
Progress (1): 3.0 kB
                    
Downloaded from central: https://repo.maven.apache.org/maven2/org/apache/maven/maven-plugin-api/3.2.5/maven-plugin-api-3.2.5.pom (3.0 kB at 14 kB/s)
Downloading from central: https://repo.maven.apache.org/maven2/org/eclipse/sisu/org.eclipse.sisu.plexus/0.3.0.M1/org.eclipse.sisu.plexus-0.3.0.M1.pom
Progress (1): 894 B
Progress (1): 3.4 kB
Progress (1): 4.7 kB
                    
Downloaded from central: https://repo.maven.apache.org/maven2/org/eclipse/sisu/org.eclipse.sisu.plexus/0.3.0.M1/org.eclipse.sisu.plexus-0.3.0.M1.pom (4.7 kB at 22 kB/s)
Downloading from central: https://repo.maven.apache.org/maven2/org/eclipse/sisu/sisu-plexus/0.3.0.M1/sisu-plexus-0.3.0.M1.pom
Progress (1): 861 B
Progress (1): 2.9 kB
Progress (1): 5.2 kB
Progress (1): 9.4 kB
Progress (1): 11 kB 
Progress (1): 13 kB
                   
Downloaded from central: https://repo.maven.apache.org/maven2/org/eclipse/sisu/sisu-plexus/0.3.0.M1/sisu-plexus-0.3.0.M1.pom (13 kB at 59 kB/s)
Downloading from central: https://repo.maven.apache.org/maven2/org/eclipse/sisu/org.eclipse.sisu.inject/0.3.0.M1/org.eclipse.sisu.inject-0.3.0.M1.pom
Progress (1): 920 B
Progress (1): 2.5 kB
                    
Downloaded from central: https://repo.maven.apache.org/maven2/org/eclipse/sisu/org.eclipse.sisu.inject/0.3.0.M1/org.eclipse.sisu.inject-0.3.0.M1.pom (2.5 kB at 12 kB/s)
Downloading from central: https://repo.maven.apache.org/maven2/org/eclipse/sisu/sisu-inject/0.3.0.M1/sisu-inject-0.3.0.M1.pom
Progress (1): 856 B
Progress (1): 2.8 kB
Progress (1): 5.0 kB
Progress (1): 9.3 kB
Progress (1): 11 kB 
Progress (1): 14 kB
                   
Downloaded from central: https://repo.maven.apache.org/maven2/org/eclipse/sisu/sisu-inject/0.3.0.M1/sisu-inject-0.3.0.M1.pom (14 kB at 63 kB/s)
Downloading from central: https://repo.maven.apache.org/maven2/org/apache/maven/maven-model-builder/3.2.5/maven-model-builder-3.2.5.pom
Progress (1): 836 B
Progress (1): 2.7 kB
Progress (1): 3.0 kB
                    
Downloaded from central: https://repo.maven.apache.org/maven2/org/apache/maven/maven-model-builder/3.2.5/maven-model-builder-3.2.5.pom (3.0 kB at 14 kB/s)
Downloading from central: https://repo.maven.apache.org/maven2/org/apache/maven/maven-aether-provider/3.2.5/maven-aether-provider-3.2.5.pom
Progress (1): 811 B
Progress (1): 3.0 kB
Progress (1): 4.2 kB
                    
Downloaded from central: https://repo.maven.apache.org/maven2/org/apache/maven/maven-aether-provider/3.2.5/maven-aether-provider-3.2.5.pom (4.2 kB at 19 kB/s)
Downloading from central: https://repo.maven.apache.org/maven2/org/eclipse/aether/aether-api/1.0.0.v20140518/aether-api-1.0.0.v20140518.pom
Progress (1): 938 B
Progress (1): 1.9 kB
                    
Downloaded from central: https://repo.maven.apache.org/maven2/org/eclipse/aether/aether-api/1.0.0.v20140518/aether-api-1.0.0.v20140518.pom (1.9 kB at 8.7 kB/s)
Downloading from central: https://repo.maven.apache.org/maven2/org/eclipse/aether/aether/1.0.0.v20140518/aether-1.0.0.v20140518.pom
Progress (1): 798 B
Progress (1): 3.2 kB
Progress (1): 5.1 kB
Progress (1): 9.1 kB
Progress (1): 12 kB 
Progress (1): 17 kB
Progress (1): 20 kB
Progress (1): 23 kB
Progress (1): 28 kB
Progress (1): 30 kB
                   
Downloaded from central: https://repo.maven.apache.org/maven2/org/eclipse/aether/aether/1.0.0.v20140518/aether-1.0.0.v20140518.pom (30 kB at 72 kB/s)
Downloading from central: https://repo.maven.apache.org/maven2/org/eclipse/aether/aether-spi/1.0.0.v20140518/aether-spi-1.0.0.v20140518.pom
Progress (1): 934 B
Progress (1): 2.1 kB
                    
Downloaded from central: https://repo.maven.apache.org/maven2/org/eclipse/aether/aether-spi/1.0.0.v20140518/aether-spi-1.0.0.v20140518.pom (2.1 kB at 8.1 kB/s)
Downloading from central: https://repo.maven.apache.org/maven2/org/eclipse/aether/aether-util/1.0.0.v20140518/aether-util-1.0.0.v20140518.pom
Progress (1): 937 B
Progress (1): 2.2 kB
                    
Downloaded from central: https://repo.maven.apache.org/maven2/org/eclipse/aether/aether-util/1.0.0.v20140518/aether-util-1.0.0.v20140518.pom (2.2 kB at 8.5 kB/s)
Downloading from central: https://repo.maven.apache.org/maven2/org/eclipse/aether/aether-impl/1.0.0.v20140518/aether-impl-1.0.0.v20140518.pom
Progress (1): 922 B
Progress (1): 3.5 kB
                    
Downloaded from central: https://repo.maven.apache.org/maven2/org/eclipse/aether/aether-impl/1.0.0.v20140518/aether-impl-1.0.0.v20140518.pom (3.5 kB at 13 kB/s)
Downloading from central: https://repo.maven.apache.org/maven2/org/sonatype/sisu/sisu-guice/3.2.3/sisu-guice-3.2.3.pom
Progress (1): 1.3 kB
Progress (1): 3.8 kB
Progress (1): 6.0 kB
Progress (1): 9.7 kB
Progress (1): 11 kB 
                   
Downloaded from central: https://repo.maven.apache.org/maven2/org/sonatype/sisu/sisu-guice/3.2.3/sisu-guice-3.2.3.pom (11 kB at 33 kB/s)
Downloading from central: https://repo.maven.apache.org/maven2/org/sonatype/sisu/inject/guice-parent/3.2.3/guice-parent-3.2.3.pom
Progress (1): 799 B
Progress (1): 2.7 kB
Progress (1): 5.1 kB
Progress (1): 7.6 kB
Progress (1): 10 kB 
Progress (1): 13 kB
                   
Downloaded from central: https://repo.maven.apache.org/maven2/org/sonatype/sisu/inject/guice-parent/3.2.3/guice-parent-3.2.3.pom (13 kB at 35 kB/s)
Downloading from central: https://repo.maven.apache.org/maven2/org/sonatype/forge/forge-parent/38/forge-parent-38.pom
Progress (1): 812 B
Progress (1): 2.5 kB
Progress (1): 5.0 kB
Progress (1): 8.7 kB
Progress (1): 12 kB 
Progress (1): 16 kB
Progress (1): 19 kB
                   
Downloaded from central: https://repo.maven.apache.org/maven2/org/sonatype/forge/forge-parent/38/forge-parent-38.pom (19 kB at 46 kB/s)
Downloading from central: https://repo.maven.apache.org/maven2/com/google/guava/guava/16.0.1/guava-16.0.1.pom
Progress (1): 984 B
Progress (1): 2.9 kB
Progress (1): 5.1 kB
Progress (1): 6.1 kB
                    
Downloaded from central: https://repo.maven.apache.org/maven2/com/google/guava/guava/16.0.1/guava-16.0.1.pom (6.1 kB at 20 kB/s)
Downloading from central: https://repo.maven.apache.org/maven2/com/google/guava/guava-parent/16.0.1/guava-parent-16.0.1.pom
Progress (1): 1.1 kB
Progress (1): 2.9 kB
Progress (1): 6.3 kB
Progress (1): 7.3 kB
                    
Downloaded from central: https://repo.maven.apache.org/maven2/com/google/guava/guava-parent/16.0.1/guava-parent-16.0.1.pom (7.3 kB at 16 kB/s)
Downloading from central: https://repo.maven.apache.org/maven2/org/codehaus/plexus/plexus-classworlds/2.5.2/plexus-classworlds-2.5.2.pom
Progress (1): 930 B
Progress (1): 3.0 kB
Progress (1): 6.0 kB
Progress (1): 7.3 kB
                    
Downloaded from central: https://repo.maven.apache.org/maven2/org/codehaus/plexus/plexus-classworlds/2.5.2/plexus-classworlds-2.5.2.pom (7.3 kB at 24 kB/s)
Downloading from central: https://repo.maven.apache.org/maven2/org/codehaus/plexus/plexus-archiver/4.2.5/plexus-archiver-4.2.5.pom
Progress (1): 1.2 kB
Progress (1): 3.6 kB
Progress (1): 4.8 kB
                    
Downloaded from central: https://repo.maven.apache.org/maven2/org/codehaus/plexus/plexus-archiver/4.2.5/plexus-archiver-4.2.5.pom (4.8 kB at 10 kB/s)
Downloading from central: https://repo.maven.apache.org/maven2/org/codehaus/plexus/plexus/7/plexus-7.pom
Progress (1): 767 B
Progress (1): 2.9 kB
Progress (1): 6.7 kB
Progress (1): 9.1 kB
Progress (1): 11 kB 
Progress (1): 15 kB
Progress (1): 20 kB
Progress (1): 24 kB
Progress (1): 26 kB
                   
Downloaded from central: https://repo.maven.apache.org/maven2/org/codehaus/plexus/plexus/7/plexus-7.pom (26 kB at 59 kB/s)
Downloading from central: https://repo.maven.apache.org/maven2/org/codehaus/plexus/plexus-i18n/1.0-beta-10/plexus-i18n-1.0-beta-10.pom
Progress (1): 1.4 kB
Progress (1): 2.1 kB
                    
Downloaded from central: https://repo.maven.apache.org/maven2/org/codehaus/plexus/plexus-i18n/1.0-beta-10/plexus-i18n-1.0-beta-10.pom (2.1 kB at 8.4 kB/s)
Downloading from central: https://repo.maven.apache.org/maven2/org/codehaus/plexus/plexus-components/1.1.12/plexus-components-1.1.12.pom
Progress (1): 1.7 kB
Progress (1): 3.0 kB
                    
Downloaded from central: https://repo.maven.apache.org/maven2/org/codehaus/plexus/plexus-components/1.1.12/plexus-components-1.1.12.pom (3.0 kB at 12 kB/s)
Downloading from central: https://repo.maven.apache.org/maven2/org/codehaus/plexus/plexus/1.0.10/plexus-1.0.10.pom
Progress (1): 1.9 kB
Progress (1): 3.2 kB
Progress (1): 6.1 kB
Progress (1): 8.2 kB
                    
Downloaded from central: https://repo.maven.apache.org/maven2/org/codehaus/plexus/plexus/1.0.10/plexus-1.0.10.pom (8.2 kB at 27 kB/s)
Downloading from central: https://repo.maven.apache.org/maven2/org/codehaus/plexus/plexus-utils/1.4.5/plexus-utils-1.4.5.pom
Progress (1): 1.2 kB
Progress (1): 2.3 kB
                    
Downloaded from central: https://repo.maven.apache.org/maven2/org/codehaus/plexus/plexus-utils/1.4.5/plexus-utils-1.4.5.pom (2.3 kB at 9.1 kB/s)
Downloading from central: https://repo.maven.apache.org/maven2/org/codehaus/plexus/plexus-container-default/2.1.0/plexus-container-default-2.1.0.pom
Progress (1): 1.6 kB
Progress (1): 3.0 kB
                    
Downloaded from central: https://repo.maven.apache.org/maven2/org/codehaus/plexus/plexus-container-default/2.1.0/plexus-container-default-2.1.0.pom (3.0 kB at 5.4 kB/s)
Downloading from central: https://repo.maven.apache.org/maven2/org/codehaus/plexus/plexus-containers/2.1.0/plexus-containers-2.1.0.pom
Progress (1): 1.3 kB
Progress (1): 4.7 kB
Progress (1): 4.8 kB
                    
Downloaded from central: https://repo.maven.apache.org/maven2/org/codehaus/plexus/plexus-containers/2.1.0/plexus-containers-2.1.0.pom (4.8 kB at 18 kB/s)
Downloading from central: https://repo.maven.apache.org/maven2/org/codehaus/plexus/plexus-utils/3.1.1/plexus-utils-3.1.1.pom
Progress (1): 744 B
Progress (1): 2.5 kB
Progress (1): 4.8 kB
Progress (1): 5.1 kB
                    
Downloaded from central: https://repo.maven.apache.org/maven2/org/codehaus/plexus/plexus-utils/3.1.1/plexus-utils-3.1.1.pom (5.1 kB at 11 kB/s)
Downloading from central: https://repo.maven.apache.org/maven2/org/codehaus/plexus/plexus-classworlds/2.6.0/plexus-classworlds-2.6.0.pom
Progress (1): 932 B
Progress (1): 2.6 kB
Progress (1): 5.5 kB
Progress (1): 7.9 kB
                    
Downloaded from central: https://repo.maven.apache.org/maven2/org/codehaus/plexus/plexus-classworlds/2.6.0/plexus-classworlds-2.6.0.pom (7.9 kB at 23 kB/s)
Downloading from central: https://repo.maven.apache.org/maven2/org/apache/xbean/xbean-reflect/3.7/xbean-reflect-3.7.pom
Progress (1): 811 B
Progress (1): 2.9 kB
Progress (1): 5.1 kB
                    
Downloaded from central: https://repo.maven.apache.org/maven2/org/apache/xbean/xbean-reflect/3.7/xbean-reflect-3.7.pom (5.1 kB at 5.7 kB/s)
Downloading from central: https://repo.maven.apache.org/maven2/org/apache/xbean/xbean/3.7/xbean-3.7.pom
Progress (1): 900 B
Progress (1): 2.2 kB
Progress (1): 5.3 kB
Progress (1): 11 kB 
Progress (1): 14 kB
Progress (1): 15 kB
                   
Downloaded from central: https://repo.maven.apache.org/maven2/org/apache/xbean/xbean/3.7/xbean-3.7.pom (15 kB at 41 kB/s)
Downloading from central: https://repo.maven.apache.org/maven2/org/apache/geronimo/genesis/genesis-java5-flava/2.0/genesis-java5-flava-2.0.pom
Progress (1): 832 B
Progress (1): 3.2 kB
Progress (1): 5.5 kB
                    
Downloaded from central: https://repo.maven.apache.org/maven2/org/apache/geronimo/genesis/genesis-java5-flava/2.0/genesis-java5-flava-2.0.pom (5.5 kB at 17 kB/s)
Downloading from central: https://repo.maven.apache.org/maven2/org/apache/geronimo/genesis/genesis-default-flava/2.0/genesis-default-flava-2.0.pom
Progress (1): 796 B
Progress (1): 2.1 kB
Progress (1): 6.3 kB
Progress (1): 9.8 kB
Progress (1): 15 kB 
Progress (1): 18 kB
                   
Downloaded from central: https://repo.maven.apache.org/maven2/org/apache/geronimo/genesis/genesis-default-flava/2.0/genesis-default-flava-2.0.pom (18 kB at 42 kB/s)
Downloading from central: https://repo.maven.apache.org/maven2/org/apache/geronimo/genesis/genesis/2.0/genesis-2.0.pom
Progress (1): 799 B
Progress (1): 2.2 kB
Progress (1): 4.6 kB
Progress (1): 9.2 kB
Progress (1): 15 kB 
Progress (1): 18 kB
                   
Downloaded from central: https://repo.maven.apache.org/maven2/org/apache/geronimo/genesis/genesis/2.0/genesis-2.0.pom (18 kB at 46 kB/s)
Downloading from central: https://repo.maven.apache.org/maven2/com/google/collections/google-collections/1.0/google-collections-1.0.pom
Progress (1): 1.2 kB
Progress (1): 2.5 kB
                    
Downloaded from central: https://repo.maven.apache.org/maven2/com/google/collections/google-collections/1.0/google-collections-1.0.pom (2.5 kB at 9.5 kB/s)
Downloading from central: https://repo.maven.apache.org/maven2/com/google/google/1/google-1.pom
Progress (1): 1.3 kB
Progress (1): 1.6 kB
                    
Downloaded from central: https://repo.maven.apache.org/maven2/com/google/google/1/google-1.pom (1.6 kB at 6.2 kB/s)
Downloading from central: https://repo.maven.apache.org/maven2/org/apache/maven/doxia/doxia-core/1.11.1/doxia-core-1.11.1.pom
Progress (1): 785 B
Progress (1): 3.2 kB
Progress (1): 4.5 kB
                    
Downloaded from central: https://repo.maven.apache.org/maven2/org/apache/maven/doxia/doxia-core/1.11.1/doxia-core-1.11.1.pom (4.5 kB at 16 kB/s)
Downloading from central: https://repo.maven.apache.org/maven2/org/apache/commons/commons-lang3/3.8.1/commons-lang3-3.8.1.pom
Progress (1): 743 B
Progress (1): 2.1 kB
Progress (1): 5.4 kB
Progress (1): 8.8 kB
Progress (1): 12 kB 
Progress (1): 15 kB
Progress (1): 16 kB
Progress (1): 18 kB
Progress (1): 21 kB
Progress (1): 24 kB
Progress (1): 27 kB
Progress (1): 28 kB
                   
Downloaded from central: https://repo.maven.apache.org/maven2/org/apache/commons/commons-lang3/3.8.1/commons-lang3-3.8.1.pom (28 kB at 51 kB/s)
Downloading from central: https://repo.maven.apache.org/maven2/org/apache/commons/commons-parent/47/commons-parent-47.pom
Progress (1): 704 B
Progress (1): 1.9 kB
Progress (1): 3.3 kB
Progress (1): 5.0 kB
Progress (1): 6.7 kB
Progress (1): 8.3 kB
Progress (1): 9.8 kB
Progress (1): 12 kB 
Progress (1): 15 kB
Progress (1): 18 kB
Progress (1): 22 kB
Progress (1): 26 kB
Progress (1): 29 kB
Progress (1): 32 kB
Progress (1): 34 kB
Progress (1): 34 kB
Progress (1): 37 kB
Progress (1): 41 kB
Progress (1): 44 kB
Progress (1): 46 kB
Progress (1): 50 kB
Progress (1): 55 kB
Progress (1): 60 kB
Progress (1): 64 kB
Progress (1): 67 kB
Progress (1): 69 kB
Progress (1): 71 kB
Progress (1): 73 kB
Progress (1): 75 kB
Progress (1): 77 kB
Progress (1): 78 kB
                   
Downloaded from central: https://repo.maven.apache.org/maven2/org/apache/commons/commons-parent/47/commons-parent-47.pom (78 kB at 75 kB/s)
Downloading from central: https://repo.maven.apache.org/maven2/org/apache/commons/commons-text/1.3/commons-text-1.3.pom
Progress (1): 759 B
Progress (1): 2.2 kB
Progress (1): 4.3 kB
Progress (1): 7.4 kB
Progress (1): 11 kB 
Progress (1): 13 kB
Progress (1): 14 kB
                   
Downloaded from central: https://repo.maven.apache.org/maven2/org/apache/commons/commons-text/1.3/commons-text-1.3.pom (14 kB at 31 kB/s)
Downloading from central: https://repo.maven.apache.org/maven2/org/apache/commons/commons-parent/45/commons-parent-45.pom
Progress (1): 704 B
Progress (1): 1.9 kB
Progress (1): 3.2 kB
Progress (1): 4.7 kB
Progress (1): 6.5 kB
Progress (1): 7.9 kB
Progress (1): 9.4 kB
Progress (1): 13 kB 
Progress (1): 16 kB
Progress (1): 20 kB
Progress (1): 23 kB
Progress (1): 26 kB
Progress (1): 29 kB
Progress (1): 31 kB
Progress (1): 33 kB
Progress (1): 34 kB
Progress (1): 37 kB
Progress (1): 41 kB
Progress (1): 43 kB
Progress (1): 46 kB
Progress (1): 51 kB
Progress (1): 57 kB
Progress (1): 60 kB
Progress (1): 63 kB
Progress (1): 65 kB
Progress (1): 67 kB
Progress (1): 70 kB
Progress (1): 71 kB
Progress (1): 73 kB
                   
Downloaded from central: https://repo.maven.apache.org/maven2/org/apache/commons/commons-parent/45/commons-parent-45.pom (73 kB at 50 kB/s)
Downloading from central: https://repo.maven.apache.org/maven2/org/apache/commons/commons-lang3/3.7/commons-lang3-3.7.pom
Progress (1): 742 B
Progress (1): 2.1 kB
Progress (1): 5.4 kB
Progress (1): 9.1 kB
Progress (1): 13 kB 
Progress (1): 15 kB
Progress (1): 17 kB
Progress (1): 19 kB
Progress (1): 22 kB
Progress (1): 25 kB
Progress (1): 28 kB
                   
Downloaded from central: https://repo.maven.apache.org/maven2/org/apache/commons/commons-lang3/3.7/commons-lang3-3.7.pom (28 kB at 59 kB/s)
Downloading from central: https://repo.maven.apache.org/maven2/org/apache/httpcomponents/httpclient/4.5.13/httpclient-4.5.13.pom
Progress (1): 863 B
Progress (1): 2.8 kB
Progress (1): 5.1 kB
Progress (1): 6.6 kB
                    
Downloaded from central: https://repo.maven.apache.org/maven2/org/apache/httpcomponents/httpclient/4.5.13/httpclient-4.5.13.pom (6.6 kB at 22 kB/s)
Downloading from central: https://repo.maven.apache.org/maven2/org/apache/httpcomponents/httpcomponents-client/4.5.13/httpcomponents-client-4.5.13.pom
Progress (1): 838 B
Progress (1): 2.3 kB
Progress (1): 5.1 kB
Progress (1): 8.5 kB
Progress (1): 11 kB 
Progress (1): 15 kB
Progress (1): 16 kB
                   
Downloaded from central: https://repo.maven.apache.org/maven2/org/apache/httpcomponents/httpcomponents-client/4.5.13/httpcomponents-client-4.5.13.pom (16 kB at 15 kB/s)
Downloading from central: https://repo.maven.apache.org/maven2/org/apache/httpcomponents/httpcomponents-parent/11/httpcomponents-parent-11.pom
Progress (1): 803 B
Progress (1): 2.2 kB
Progress (1): 3.7 kB
Progress (1): 5.3 kB
Progress (1): 6.5 kB
Progress (1): 8.9 kB
Progress (1): 12 kB 
Progress (1): 15 kB
Progress (1): 18 kB
Progress (1): 23 kB
Progress (1): 26 kB
Progress (1): 28 kB
Progress (1): 32 kB
Progress (1): 34 kB
Progress (1): 35 kB
                   
Downloaded from central: https://repo.maven.apache.org/maven2/org/apache/httpcomponents/httpcomponents-parent/11/httpcomponents-parent-11.pom (35 kB at 65 kB/s)
Downloading from central: https://repo.maven.apache.org/maven2/org/apache/httpcomponents/httpcore/4.4.13/httpcore-4.4.13.pom
Progress (1): 869 B
Progress (1): 2.5 kB
Progress (1): 4.7 kB
Progress (1): 5.0 kB
                    
Downloaded from central: https://repo.maven.apache.org/maven2/org/apache/httpcomponents/httpcore/4.4.13/httpcore-4.4.13.pom (5.0 kB at 17 kB/s)
Downloading from central: https://repo.maven.apache.org/maven2/org/apache/httpcomponents/httpcomponents-core/4.4.13/httpcomponents-core-4.4.13.pom
Progress (1): 846 B
Progress (1): 2.3 kB
Progress (1): 4.5 kB
Progress (1): 7.1 kB
Progress (1): 11 kB 
Progress (1): 13 kB
                   
Downloaded from central: https://repo.maven.apache.org/maven2/org/apache/httpcomponents/httpcomponents-core/4.4.13/httpcomponents-core-4.4.13.pom (13 kB at 38 kB/s)
Downloading from central: https://repo.maven.apache.org/maven2/commons-logging/commons-logging/1.2/commons-logging-1.2.pom
Progress (1): 768 B
Progress (1): 2.0 kB
Progress (1): 5.3 kB
Progress (1): 7.4 kB
Progress (1): 11 kB 
Progress (1): 14 kB
Progress (1): 17 kB
Progress (1): 19 kB
Progress (1): 19 kB
                   
Downloaded from central: https://repo.maven.apache.org/maven2/commons-logging/commons-logging/1.2/commons-logging-1.2.pom (19 kB at 49 kB/s)
Downloading from central: https://repo.maven.apache.org/maven2/org/apache/commons/commons-parent/34/commons-parent-34.pom
Progress (1): 715 B
Progress (1): 1.9 kB
Progress (1): 3.2 kB
Progress (1): 4.7 kB
Progress (1): 8.3 kB
Progress (1): 12 kB 
Progress (1): 16 kB
Progress (1): 19 kB
Progress (1): 21 kB
Progress (1): 24 kB
Progress (1): 27 kB
Progress (1): 30 kB
Progress (1): 33 kB
Progress (1): 37 kB
Progress (1): 43 kB
Progress (1): 43 kB
Progress (1): 45 kB
Progress (1): 48 kB
Progress (1): 51 kB
Progress (1): 53 kB
Progress (1): 55 kB
Progress (1): 56 kB
                   
Downloaded from central: https://repo.maven.apache.org/maven2/org/apache/commons/commons-parent/34/commons-parent-34.pom (56 kB at 40 kB/s)
Downloading from central: https://repo.maven.apache.org/maven2/commons-codec/commons-codec/1.11/commons-codec-1.11.pom
Progress (1): 752 B
Progress (1): 2.0 kB
Progress (1): 4.1 kB
Progress (1): 6.5 kB
Progress (1): 8.4 kB
Progress (1): 11 kB 
Progress (1): 14 kB
                   
Downloaded from central: https://repo.maven.apache.org/maven2/commons-codec/commons-codec/1.11/commons-codec-1.11.pom (14 kB at 32 kB/s)
Downloading from central: https://repo.maven.apache.org/maven2/org/apache/httpcomponents/httpcore/4.4.14/httpcore-4.4.14.pom
Progress (1): 869 B
Progress (1): 2.5 kB
Progress (1): 4.7 kB
Progress (1): 5.0 kB
                    
Downloaded from central: https://repo.maven.apache.org/maven2/org/apache/httpcomponents/httpcore/4.4.14/httpcore-4.4.14.pom (5.0 kB at 5.6 kB/s)
Downloading from central: https://repo.maven.apache.org/maven2/org/apache/httpcomponents/httpcomponents-core/4.4.14/httpcomponents-core-4.4.14.pom
Progress (1): 850 B
Progress (1): 2.3 kB
Progress (1): 4.5 kB
Progress (1): 7.1 kB
Progress (1): 11 kB 
Progress (1): 13 kB
                   
Downloaded from central: https://repo.maven.apache.org/maven2/org/apache/httpcomponents/httpcomponents-core/4.4.14/httpcomponents-core-4.4.14.pom (13 kB at 36 kB/s)
Downloading from central: https://repo.maven.apache.org/maven2/org/apache/maven/doxia/doxia-module-xhtml/1.11.1/doxia-module-xhtml-1.11.1.pom
Progress (1): 821 B
Progress (1): 2.0 kB
                    
Downloaded from central: https://repo.maven.apache.org/maven2/org/apache/maven/doxia/doxia-module-xhtml/1.11.1/doxia-module-xhtml-1.11.1.pom (2.0 kB at 7.5 kB/s)
Downloading from central: https://repo.maven.apache.org/maven2/org/apache/maven/doxia/doxia-modules/1.11.1/doxia-modules-1.11.1.pom
Progress (1): 818 B
Progress (1): 2.7 kB
                    
Downloaded from central: https://repo.maven.apache.org/maven2/org/apache/maven/doxia/doxia-modules/1.11.1/doxia-modules-1.11.1.pom (2.7 kB at 10 kB/s)
Downloading from central: https://repo.maven.apache.org/maven2/org/apache/maven/doxia/doxia-module-xhtml5/1.11.1/doxia-module-xhtml5-1.11.1.pom
Progress (1): 821 B
Progress (1): 2.0 kB
                    
Downloaded from central: https://repo.maven.apache.org/maven2/org/apache/maven/doxia/doxia-module-xhtml5/1.11.1/doxia-module-xhtml5-1.11.1.pom (2.0 kB at 7.9 kB/s)
Downloading from central: https://repo.maven.apache.org/maven2/org/apache/maven/doxia/doxia-module-apt/1.11.1/doxia-module-apt-1.11.1.pom
Progress (1): 821 B
Progress (1): 2.1 kB
                    
Downloaded from central: https://repo.maven.apache.org/maven2/org/apache/maven/doxia/doxia-module-apt/1.11.1/doxia-module-apt-1.11.1.pom (2.1 kB at 8.1 kB/s)
Downloading from central: https://repo.maven.apache.org/maven2/org/apache/maven/doxia/doxia-module-xdoc/1.11.1/doxia-module-xdoc-1.11.1.pom
Progress (1): 788 B
Progress (1): 2.5 kB
Progress (1): 4.5 kB
                    
Downloaded from central: https://repo.maven.apache.org/maven2/org/apache/maven/doxia/doxia-module-xdoc/1.11.1/doxia-module-xdoc-1.11.1.pom (4.5 kB at 8.2 kB/s)
Downloading from central: https://repo.maven.apache.org/maven2/org/apache/maven/doxia/doxia-module-fml/1.11.1/doxia-module-fml-1.11.1.pom
Progress (1): 785 B
Progress (1): 2.4 kB
Progress (1): 4.4 kB
                    
Downloaded from central: https://repo.maven.apache.org/maven2/org/apache/maven/doxia/doxia-module-fml/1.11.1/doxia-module-fml-1.11.1.pom (4.4 kB at 15 kB/s)
Downloading from central: https://repo.maven.apache.org/maven2/org/apache/maven/doxia/doxia-module-markdown/1.11.1/doxia-module-markdown-1.11.1.pom
Progress (1): 781 B
Progress (1): 2.3 kB
Progress (1): 4.7 kB
Progress (1): 5.4 kB
                    
Downloaded from central: https://repo.maven.apache.org/maven2/org/apache/maven/doxia/doxia-module-markdown/1.11.1/doxia-module-markdown-1.11.1.pom (5.4 kB at 18 kB/s)
Downloading from central: https://repo.maven.apache.org/maven2/com/vladsch/flexmark/flexmark-all/0.42.14/flexmark-all-0.42.14.pom
Progress (1): 2.8 kB
Progress (1): 9.0 kB
                    
Downloaded from central: https://repo.maven.apache.org/maven2/com/vladsch/flexmark/flexmark-all/0.42.14/flexmark-all-0.42.14.pom (9.0 kB at 32 kB/s)
Downloading from central: https://repo.maven.apache.org/maven2/com/vladsch/flexmark/flexmark-java/0.42.14/flexmark-java-0.42.14.pom
Progress (1): 1.4 kB
Progress (1): 3.5 kB
Progress (1): 6.9 kB
Progress (1): 19 kB 
Progress (1): 20 kB
                   
Downloaded from central: https://repo.maven.apache.org/maven2/com/vladsch/flexmark/flexmark-java/0.42.14/flexmark-java-0.42.14.pom (20 kB at 23 kB/s)
Downloading from central: https://repo.maven.apache.org/maven2/com/vladsch/flexmark/flexmark/0.42.14/flexmark-0.42.14.pom
Progress (1): 1.7 kB
Progress (1): 2.5 kB
                    
Downloaded from central: https://repo.maven.apache.org/maven2/com/vladsch/flexmark/flexmark/0.42.14/flexmark-0.42.14.pom (2.5 kB at 5.5 kB/s)
Downloading from central: https://repo.maven.apache.org/maven2/com/vladsch/flexmark/flexmark-util/0.42.14/flexmark-util-0.42.14.pom
Progress (1): 792 B
                   
Downloaded from central: https://repo.maven.apache.org/maven2/com/vladsch/flexmark/flexmark-util/0.42.14/flexmark-util-0.42.14.pom (792 B at 3.2 kB/s)
Downloading from central: https://repo.maven.apache.org/maven2/com/vladsch/flexmark/flexmark-ext-abbreviation/0.42.14/flexmark-ext-abbreviation-0.42.14.pom
Progress (1): 2.5 kB
                    
Downloaded from central: https://repo.maven.apache.org/maven2/com/vladsch/flexmark/flexmark-ext-abbreviation/0.42.14/flexmark-ext-abbreviation-0.42.14.pom (2.5 kB at 10 kB/s)
Downloading from central: https://repo.maven.apache.org/maven2/com/vladsch/flexmark/flexmark-ext-autolink/0.42.14/flexmark-ext-autolink-0.42.14.pom
Progress (1): 1.8 kB
                    
Downloaded from central: https://repo.maven.apache.org/maven2/com/vladsch/flexmark/flexmark-ext-autolink/0.42.14/flexmark-ext-autolink-0.42.14.pom (1.8 kB at 7.0 kB/s)
Downloading from central: https://repo.maven.apache.org/maven2/org/nibor/autolink/autolink/0.6.0/autolink-0.6.0.pom
Progress (1): 1.1 kB
Progress (1): 3.9 kB
Progress (1): 8.4 kB
Progress (1): 9.2 kB
                    
Downloaded from central: https://repo.maven.apache.org/maven2/org/nibor/autolink/autolink/0.6.0/autolink-0.6.0.pom (9.2 kB at 30 kB/s)
Downloading from central: https://repo.maven.apache.org/maven2/com/vladsch/flexmark/flexmark-formatter/0.42.14/flexmark-formatter-0.42.14.pom
Progress (1): 1.1 kB
                    
Downloaded from central: https://repo.maven.apache.org/maven2/com/vladsch/flexmark/flexmark-formatter/0.42.14/flexmark-formatter-0.42.14.pom (1.1 kB at 4.6 kB/s)
Downloading from central: https://repo.maven.apache.org/maven2/com/vladsch/flexmark/flexmark-ext-admonition/0.42.14/flexmark-ext-admonition-0.42.14.pom
Progress (1): 1.5 kB
                    
Downloaded from central: https://repo.maven.apache.org/maven2/com/vladsch/flexmark/flexmark-ext-admonition/0.42.14/flexmark-ext-admonition-0.42.14.pom (1.5 kB at 6.0 kB/s)
Downloading from central: https://repo.maven.apache.org/maven2/com/vladsch/flexmark/flexmark-ext-anchorlink/0.42.14/flexmark-ext-anchorlink-0.42.14.pom
Progress (1): 1.6 kB
                    
Downloaded from central: https://repo.maven.apache.org/maven2/com/vladsch/flexmark/flexmark-ext-anchorlink/0.42.14/flexmark-ext-anchorlink-0.42.14.pom (1.6 kB at 6.6 kB/s)
Downloading from central: https://repo.maven.apache.org/maven2/com/vladsch/flexmark/flexmark-ext-aside/0.42.14/flexmark-ext-aside-0.42.14.pom
Progress (1): 1.5 kB
                    
Downloaded from central: https://repo.maven.apache.org/maven2/com/vladsch/flexmark/flexmark-ext-aside/0.42.14/flexmark-ext-aside-0.42.14.pom (1.5 kB at 6.1 kB/s)
Downloading from central: https://repo.maven.apache.org/maven2/com/vladsch/flexmark/flexmark-jira-converter/0.42.14/flexmark-jira-converter-0.42.14.pom
Progress (1): 2.1 kB
                    
Downloaded from central: https://repo.maven.apache.org/maven2/com/vladsch/flexmark/flexmark-jira-converter/0.42.14/flexmark-jira-converter-0.42.14.pom (2.1 kB at 8.9 kB/s)
Downloading from central: https://repo.maven.apache.org/maven2/com/vladsch/flexmark/flexmark-ext-gfm-strikethrough/0.42.14/flexmark-ext-gfm-strikethrough-0.42.14.pom
Progress (1): 1.3 kB
                    
Downloaded from central: https://repo.maven.apache.org/maven2/com/vladsch/flexmark/flexmark-ext-gfm-strikethrough/0.42.14/flexmark-ext-gfm-strikethrough-0.42.14.pom (1.3 kB at 5.6 kB/s)
Downloading from central: https://repo.maven.apache.org/maven2/com/vladsch/flexmark/flexmark-ext-tables/0.42.14/flexmark-ext-tables-0.42.14.pom
Progress (1): 1.5 kB
                    
Downloaded from central: https://repo.maven.apache.org/maven2/com/vladsch/flexmark/flexmark-ext-tables/0.42.14/flexmark-ext-tables-0.42.14.pom (1.5 kB at 6.3 kB/s)
Downloading from central: https://repo.maven.apache.org/maven2/com/vladsch/flexmark/flexmark-ext-wikilink/0.42.14/flexmark-ext-wikilink-0.42.14.pom
Progress (1): 1.5 kB
                    
Downloaded from central: https://repo.maven.apache.org/maven2/com/vladsch/flexmark/flexmark-ext-wikilink/0.42.14/flexmark-ext-wikilink-0.42.14.pom (1.5 kB at 6.2 kB/s)
Downloading from central: https://repo.maven.apache.org/maven2/com/vladsch/flexmark/flexmark-ext-ins/0.42.14/flexmark-ext-ins-0.42.14.pom
Progress (1): 1.3 kB
                    
Downloaded from central: https://repo.maven.apache.org/maven2/com/vladsch/flexmark/flexmark-ext-ins/0.42.14/flexmark-ext-ins-0.42.14.pom (1.3 kB at 5.2 kB/s)
Downloading from central: https://repo.maven.apache.org/maven2/com/vladsch/flexmark/flexmark-ext-superscript/0.42.14/flexmark-ext-superscript-0.42.14.pom
Progress (1): 1.3 kB
                    
Downloaded from central: https://repo.maven.apache.org/maven2/com/vladsch/flexmark/flexmark-ext-superscript/0.42.14/flexmark-ext-superscript-0.42.14.pom (1.3 kB at 2.8 kB/s)
Downloading from central: https://repo.maven.apache.org/maven2/com/vladsch/flexmark/flexmark-ext-attributes/0.42.14/flexmark-ext-attributes-0.42.14.pom
Progress (1): 2.6 kB
                    
Downloaded from central: https://repo.maven.apache.org/maven2/com/vladsch/flexmark/flexmark-ext-attributes/0.42.14/flexmark-ext-attributes-0.42.14.pom (2.6 kB at 10 kB/s)
Downloading from central: https://repo.maven.apache.org/maven2/com/vladsch/flexmark/flexmark-ext-definition/0.42.14/flexmark-ext-definition-0.42.14.pom
Progress (1): 1.3 kB
                    
Downloaded from central: https://repo.maven.apache.org/maven2/com/vladsch/flexmark/flexmark-ext-definition/0.42.14/flexmark-ext-definition-0.42.14.pom (1.3 kB at 5.4 kB/s)
Downloading from central: https://repo.maven.apache.org/maven2/com/vladsch/flexmark/flexmark-ext-emoji/0.42.14/flexmark-ext-emoji-0.42.14.pom
Progress (1): 1.5 kB
                    
Downloaded from central: https://repo.maven.apache.org/maven2/com/vladsch/flexmark/flexmark-ext-emoji/0.42.14/flexmark-ext-emoji-0.42.14.pom (1.5 kB at 6.4 kB/s)
Downloading from central: https://repo.maven.apache.org/maven2/com/vladsch/flexmark/flexmark-ext-enumerated-reference/0.42.14/flexmark-ext-enumerated-reference-0.42.14.pom
Progress (1): 1.7 kB
                    
Downloaded from central: https://repo.maven.apache.org/maven2/com/vladsch/flexmark/flexmark-ext-enumerated-reference/0.42.14/flexmark-ext-enumerated-reference-0.42.14.pom (1.7 kB at 6.8 kB/s)
Downloading from central: https://repo.maven.apache.org/maven2/com/vladsch/flexmark/flexmark-ext-escaped-character/0.42.14/flexmark-ext-escaped-character-0.42.14.pom
Progress (1): 1.3 kB
                    
Downloaded from central: https://repo.maven.apache.org/maven2/com/vladsch/flexmark/flexmark-ext-escaped-character/0.42.14/flexmark-ext-escaped-character-0.42.14.pom (1.3 kB at 5.5 kB/s)
Downloading from central: https://repo.maven.apache.org/maven2/com/vladsch/flexmark/flexmark-ext-footnotes/0.42.14/flexmark-ext-footnotes-0.42.14.pom
Progress (1): 1.3 kB
                    
Downloaded from central: https://repo.maven.apache.org/maven2/com/vladsch/flexmark/flexmark-ext-footnotes/0.42.14/flexmark-ext-footnotes-0.42.14.pom (1.3 kB at 5.5 kB/s)
Downloading from central: https://repo.maven.apache.org/maven2/com/vladsch/flexmark/flexmark-ext-gfm-issues/0.42.14/flexmark-ext-gfm-issues-0.42.14.pom
Progress (1): 1.3 kB
                    
Downloaded from central: https://repo.maven.apache.org/maven2/com/vladsch/flexmark/flexmark-ext-gfm-issues/0.42.14/flexmark-ext-gfm-issues-0.42.14.pom (1.3 kB at 5.4 kB/s)
Downloading from central: https://repo.maven.apache.org/maven2/com/vladsch/flexmark/flexmark-ext-gfm-tables/0.42.14/flexmark-ext-gfm-tables-0.42.14.pom
Progress (1): 1.3 kB
                    
Downloaded from central: https://repo.maven.apache.org/maven2/com/vladsch/flexmark/flexmark-ext-gfm-tables/0.42.14/flexmark-ext-gfm-tables-0.42.14.pom (1.3 kB at 5.5 kB/s)
Downloading from central: https://repo.maven.apache.org/maven2/com/vladsch/flexmark/flexmark-ext-gfm-tasklist/0.42.14/flexmark-ext-gfm-tasklist-0.42.14.pom
Progress (1): 1.4 kB
                    
Downloaded from central: https://repo.maven.apache.org/maven2/com/vladsch/flexmark/flexmark-ext-gfm-tasklist/0.42.14/flexmark-ext-gfm-tasklist-0.42.14.pom (1.4 kB at 5.7 kB/s)
Downloading from central: https://repo.maven.apache.org/maven2/com/vladsch/flexmark/flexmark-ext-gfm-users/0.42.14/flexmark-ext-gfm-users-0.42.14.pom
Progress (1): 1.3 kB
                    
Downloaded from central: https://repo.maven.apache.org/maven2/com/vladsch/flexmark/flexmark-ext-gfm-users/0.42.14/flexmark-ext-gfm-users-0.42.14.pom (1.3 kB at 5.3 kB/s)
Downloading from central: https://repo.maven.apache.org/maven2/com/vladsch/flexmark/flexmark-ext-gitlab/0.42.14/flexmark-ext-gitlab-0.42.14.pom
Progress (1): 1.3 kB
                    
Downloaded from central: https://repo.maven.apache.org/maven2/com/vladsch/flexmark/flexmark-ext-gitlab/0.42.14/flexmark-ext-gitlab-0.42.14.pom (1.3 kB at 5.5 kB/s)
Downloading from central: https://repo.maven.apache.org/maven2/com/vladsch/flexmark/flexmark-ext-jekyll-front-matter/0.42.14/flexmark-ext-jekyll-front-matter-0.42.14.pom
Progress (1): 1.5 kB
                    
Downloaded from central: https://repo.maven.apache.org/maven2/com/vladsch/flexmark/flexmark-ext-jekyll-front-matter/0.42.14/flexmark-ext-jekyll-front-matter-0.42.14.pom (1.5 kB at 1.6 kB/s)
Downloading from central: https://repo.maven.apache.org/maven2/com/vladsch/flexmark/flexmark-ext-yaml-front-matter/0.42.14/flexmark-ext-yaml-front-matter-0.42.14.pom
Progress (1): 1.3 kB
                    
Downloaded from central: https://repo.maven.apache.org/maven2/com/vladsch/flexmark/flexmark-ext-yaml-front-matter/0.42.14/flexmark-ext-yaml-front-matter-0.42.14.pom (1.3 kB at 5.5 kB/s)
Downloading from central: https://repo.maven.apache.org/maven2/com/vladsch/flexmark/flexmark-ext-jekyll-tag/0.42.14/flexmark-ext-jekyll-tag-0.42.14.pom
Progress (1): 1.3 kB
                    
Downloaded from central: https://repo.maven.apache.org/maven2/com/vladsch/flexmark/flexmark-ext-jekyll-tag/0.42.14/flexmark-ext-jekyll-tag-0.42.14.pom (1.3 kB at 2.8 kB/s)
Downloading from central: https://repo.maven.apache.org/maven2/com/vladsch/flexmark/flexmark-ext-media-tags/0.42.14/flexmark-ext-media-tags-0.42.14.pom
Progress (1): 1.0 kB
                    
Downloaded from central: https://repo.maven.apache.org/maven2/com/vladsch/flexmark/flexmark-ext-media-tags/0.42.14/flexmark-ext-media-tags-0.42.14.pom (1.0 kB at 2.2 kB/s)
Downloading from central: https://repo.maven.apache.org/maven2/com/vladsch/flexmark/flexmark-ext-macros/0.42.14/flexmark-ext-macros-0.42.14.pom
Progress (1): 1.6 kB
                    
Downloaded from central: https://repo.maven.apache.org/maven2/com/vladsch/flexmark/flexmark-ext-macros/0.42.14/flexmark-ext-macros-0.42.14.pom (1.6 kB at 6.6 kB/s)
Downloading from central: https://repo.maven.apache.org/maven2/com/vladsch/flexmark/flexmark-ext-xwiki-macros/0.42.14/flexmark-ext-xwiki-macros-0.42.14.pom
Progress (1): 1.3 kB
                    
Downloaded from central: https://repo.maven.apache.org/maven2/com/vladsch/flexmark/flexmark-ext-xwiki-macros/0.42.14/flexmark-ext-xwiki-macros-0.42.14.pom (1.3 kB at 5.5 kB/s)
Downloading from central: https://repo.maven.apache.org/maven2/com/vladsch/flexmark/flexmark-ext-toc/0.42.14/flexmark-ext-toc-0.42.14.pom
Progress (1): 1.5 kB
                    
Downloaded from central: https://repo.maven.apache.org/maven2/com/vladsch/flexmark/flexmark-ext-toc/0.42.14/flexmark-ext-toc-0.42.14.pom (1.5 kB at 6.1 kB/s)
Downloading from central: https://repo.maven.apache.org/maven2/com/vladsch/flexmark/flexmark-ext-typographic/0.42.14/flexmark-ext-typographic-0.42.14.pom
Progress (1): 1.3 kB
                    
Downloaded from central: https://repo.maven.apache.org/maven2/com/vladsch/flexmark/flexmark-ext-typographic/0.42.14/flexmark-ext-typographic-0.42.14.pom (1.3 kB at 5.4 kB/s)
Downloading from central: https://repo.maven.apache.org/maven2/com/vladsch/flexmark/flexmark-ext-youtube-embedded/0.42.14/flexmark-ext-youtube-embedded-0.42.14.pom
Progress (1): 883 B
                   
Downloaded from central: https://repo.maven.apache.org/maven2/com/vladsch/flexmark/flexmark-ext-youtube-embedded/0.42.14/flexmark-ext-youtube-embedded-0.42.14.pom (883 B at 993 B/s)
Downloading from central: https://repo.maven.apache.org/maven2/com/vladsch/flexmark/flexmark-html-parser/0.42.14/flexmark-html-parser-0.42.14.pom
Progress (1): 1.5 kB
                    
Downloaded from central: https://repo.maven.apache.org/maven2/com/vladsch/flexmark/flexmark-html-parser/0.42.14/flexmark-html-parser-0.42.14.pom (1.5 kB at 3.4 kB/s)
Downloading from central: https://repo.maven.apache.org/maven2/org/jsoup/jsoup/1.10.2/jsoup-1.10.2.pom
Progress (1): 832 B
Progress (1): 2.7 kB
Progress (1): 5.7 kB
Progress (1): 7.3 kB
                    
Downloaded from central: https://repo.maven.apache.org/maven2/org/jsoup/jsoup/1.10.2/jsoup-1.10.2.pom (7.3 kB at 16 kB/s)
Downloading from central: https://repo.maven.apache.org/maven2/com/vladsch/flexmark/flexmark-profile-pegdown/0.42.14/flexmark-profile-pegdown-0.42.14.pom
Progress (1): 3.8 kB
Progress (1): 4.0 kB
                    
Downloaded from central: https://repo.maven.apache.org/maven2/com/vladsch/flexmark/flexmark-profile-pegdown/0.42.14/flexmark-profile-pegdown-0.42.14.pom (4.0 kB at 15 kB/s)
Downloading from central: https://repo.maven.apache.org/maven2/com/vladsch/flexmark/flexmark-youtrack-converter/0.42.14/flexmark-youtrack-converter-0.42.14.pom
Progress (1): 1.7 kB
                    
Downloaded from central: https://repo.maven.apache.org/maven2/com/vladsch/flexmark/flexmark-youtrack-converter/0.42.14/flexmark-youtrack-converter-0.42.14.pom (1.7 kB at 6.4 kB/s)
Downloading from central: https://repo.maven.apache.org/maven2/org/apache/maven/doxia/doxia-module-confluence/1.11.1/doxia-module-confluence-1.11.1.pom
Progress (1): 831 B
Progress (1): 2.2 kB
                    
Downloaded from central: https://repo.maven.apache.org/maven2/org/apache/maven/doxia/doxia-module-confluence/1.11.1/doxia-module-confluence-1.11.1.pom (2.2 kB at 7.7 kB/s)
Downloading from central: https://repo.maven.apache.org/maven2/org/apache/maven/doxia/doxia-module-docbook-simple/1.11.1/doxia-module-docbook-simple-1.11.1.pom
Progress (1): 821 B
Progress (1): 2.0 kB
                    
Downloaded from central: https://repo.maven.apache.org/maven2/org/apache/maven/doxia/doxia-module-docbook-simple/1.11.1/doxia-module-docbook-simple-1.11.1.pom (2.0 kB at 7.6 kB/s)
Downloading from central: https://repo.maven.apache.org/maven2/org/apache/maven/doxia/doxia-module-twiki/1.11.1/doxia-module-twiki-1.11.1.pom
Progress (1): 819 B
Progress (1): 2.1 kB
                    
Downloaded from central: https://repo.maven.apache.org/maven2/org/apache/maven/doxia/doxia-module-twiki/1.11.1/doxia-module-twiki-1.11.1.pom (2.1 kB at 6.2 kB/s)
Downloading from central: https://repo.maven.apache.org/maven2/org/apache/maven/doxia/doxia-decoration-model/1.11.1/doxia-decoration-model-1.11.1.pom
Progress (1): 797 B
Progress (1): 2.4 kB
Progress (1): 3.4 kB
                    
Downloaded from central: https://repo.maven.apache.org/maven2/org/apache/maven/doxia/doxia-decoration-model/1.11.1/doxia-decoration-model-1.11.1.pom (3.4 kB at 6.8 kB/s)
Downloading from central: https://repo.maven.apache.org/maven2/org/apache/maven/doxia/doxia-sitetools/1.11.1/doxia-sitetools-1.11.1.pom
Progress (1): 755 B
Progress (1): 2.2 kB
Progress (1): 6.2 kB
Progress (1): 9.5 kB
Progress (1): 14 kB 
Progress (1): 14 kB
                   
Downloaded from central: https://repo.maven.apache.org/maven2/org/apache/maven/doxia/doxia-sitetools/1.11.1/doxia-sitetools-1.11.1.pom (14 kB at 41 kB/s)
Downloading from central: https://repo.maven.apache.org/maven2/org/apache/maven/doxia/doxia-site-renderer/1.11.1/doxia-site-renderer-1.11.1.pom
Progress (1): 776 B
Progress (1): 3.1 kB
Progress (1): 7.3 kB
Progress (1): 7.7 kB
                    
Downloaded from central: https://repo.maven.apache.org/maven2/org/apache/maven/doxia/doxia-site-renderer/1.11.1/doxia-site-renderer-1.11.1.pom (7.7 kB at 26 kB/s)
Downloading from central: https://repo.maven.apache.org/maven2/org/apache/maven/doxia/doxia-skin-model/1.11.1/doxia-skin-model-1.11.1.pom
Progress (1): 799 B
Progress (1): 2.3 kB
Progress (1): 3.0 kB
                    
Downloaded from central: https://repo.maven.apache.org/maven2/org/apache/maven/doxia/doxia-skin-model/1.11.1/doxia-skin-model-1.11.1.pom (3.0 kB at 11 kB/s)
Downloading from central: https://repo.maven.apache.org/maven2/org/codehaus/plexus/plexus-container-default/1.0-alpha-30/plexus-container-default-1.0-alpha-30.pom
Progress (1): 1.5 kB
Progress (1): 3.5 kB
                    
Downloaded from central: https://repo.maven.apache.org/maven2/org/codehaus/plexus/plexus-container-default/1.0-alpha-30/plexus-container-default-1.0-alpha-30.pom (3.5 kB at 3.8 kB/s)
Downloading from central: https://repo.maven.apache.org/maven2/org/codehaus/plexus/plexus-containers/1.0-alpha-30/plexus-containers-1.0-alpha-30.pom
Progress (1): 1.8 kB
Progress (1): 1.9 kB
                    
Downloaded from central: https://repo.maven.apache.org/maven2/org/codehaus/plexus/plexus-containers/1.0-alpha-30/plexus-containers-1.0-alpha-30.pom (1.9 kB at 7.5 kB/s)
Downloading from central: https://repo.maven.apache.org/maven2/org/codehaus/plexus/plexus-classworlds/1.2-alpha-9/plexus-classworlds-1.2-alpha-9.pom
Progress (1): 937 B
Progress (1): 2.9 kB
Progress (1): 3.2 kB
                    
Downloaded from central: https://repo.maven.apache.org/maven2/org/codehaus/plexus/plexus-classworlds/1.2-alpha-9/plexus-classworlds-1.2-alpha-9.pom (3.2 kB at 12 kB/s)
Downloading from central: https://repo.maven.apache.org/maven2/junit/junit/3.8.1/junit-3.8.1.pom
Progress (1): 998 B
                   
Downloaded from central: https://repo.maven.apache.org/maven2/junit/junit/3.8.1/junit-3.8.1.pom (998 B at 4.0 kB/s)
Downloading from central: https://repo.maven.apache.org/maven2/org/codehaus/plexus/plexus-velocity/1.2/plexus-velocity-1.2.pom
Progress (1): 844 B
Progress (1): 2.7 kB
Progress (1): 2.8 kB
                    
Downloaded from central: https://repo.maven.apache.org/maven2/org/codehaus/plexus/plexus-velocity/1.2/plexus-velocity-1.2.pom (2.8 kB at 10.0 kB/s)
Downloading from central: https://repo.maven.apache.org/maven2/org/codehaus/plexus/plexus-components/4.0/plexus-components-4.0.pom
Progress (1): 1.3 kB
Progress (1): 2.7 kB
                    
Downloaded from central: https://repo.maven.apache.org/maven2/org/codehaus/plexus/plexus-components/4.0/plexus-components-4.0.pom (2.7 kB at 10 kB/s)
Downloading from central: https://repo.maven.apache.org/maven2/commons-collections/commons-collections/3.1/commons-collections-3.1.pom
Progress (1): 2.3 kB
Progress (1): 5.5 kB
Progress (1): 6.1 kB
                    
Downloaded from central: https://repo.maven.apache.org/maven2/commons-collections/commons-collections/3.1/commons-collections-3.1.pom (6.1 kB at 22 kB/s)
Downloading from central: https://repo.maven.apache.org/maven2/org/apache/velocity/velocity/1.7/velocity-1.7.pom
Progress (1): 767 B
Progress (1): 2.2 kB
Progress (1): 4.2 kB
Progress (1): 7.8 kB
Progress (1): 10 kB 
Progress (1): 11 kB
                   
Downloaded from central: https://repo.maven.apache.org/maven2/org/apache/velocity/velocity/1.7/velocity-1.7.pom (11 kB at 31 kB/s)
Downloading from central: https://repo.maven.apache.org/maven2/org/apache/apache/4/apache-4.pom
Progress (1): 790 B
Progress (1): 2.1 kB
Progress (1): 4.2 kB
Progress (1): 4.5 kB
                    
Downloaded from central: https://repo.maven.apache.org/maven2/org/apache/apache/4/apache-4.pom (4.5 kB at 15 kB/s)
Downloading from central: https://repo.maven.apache.org/maven2/commons-collections/commons-collections/3.2.1/commons-collections-3.2.1.pom
Progress (1): 795 B
Progress (1): 2.4 kB
Progress (1): 6.1 kB
Progress (1): 9.8 kB
Progress (1): 12 kB 
Progress (1): 13 kB
                   
Downloaded from central: https://repo.maven.apache.org/maven2/commons-collections/commons-collections/3.2.1/commons-collections-3.2.1.pom (13 kB at 34 kB/s)
Downloading from central: https://repo.maven.apache.org/maven2/org/apache/commons/commons-parent/9/commons-parent-9.pom
Progress (1): 1.1 kB
Progress (1): 2.7 kB
Progress (1): 7.5 kB
Progress (1): 10 kB 
Progress (1): 13 kB
Progress (1): 19 kB
Progress (1): 22 kB
                   
Downloaded from central: https://repo.maven.apache.org/maven2/org/apache/commons/commons-parent/9/commons-parent-9.pom (22 kB at 64 kB/s)
Downloading from central: https://repo.maven.apache.org/maven2/commons-lang/commons-lang/2.4/commons-lang-2.4.pom
Progress (1): 791 B
Progress (1): 2.2 kB
Progress (1): 6.1 kB
Progress (1): 10 kB 
Progress (1): 13 kB
Progress (1): 14 kB
                   
Downloaded from central: https://repo.maven.apache.org/maven2/commons-lang/commons-lang/2.4/commons-lang-2.4.pom (14 kB at 39 kB/s)
Downloading from central: https://repo.maven.apache.org/maven2/org/apache/velocity/velocity-tools/2.0/velocity-tools-2.0.pom
Progress (1): 764 B
Progress (1): 2.2 kB
Progress (1): 4.7 kB
Progress (1): 8.5 kB
Progress (1): 11 kB 
Progress (1): 16 kB
Progress (1): 18 kB
                   
Downloaded from central: https://repo.maven.apache.org/maven2/org/apache/velocity/velocity-tools/2.0/velocity-tools-2.0.pom (18 kB at 47 kB/s)
Downloading from central: https://repo.maven.apache.org/maven2/commons-beanutils/commons-beanutils/1.7.0/commons-beanutils-1.7.0.pom
Progress (1): 357 B
                   
Downloaded from central: https://repo.maven.apache.org/maven2/commons-beanutils/commons-beanutils/1.7.0/commons-beanutils-1.7.0.pom (357 B at 1.5 kB/s)
Downloading from central: https://repo.maven.apache.org/maven2/commons-logging/commons-logging/1.0.3/commons-logging-1.0.3.pom
Progress (1): 866 B
                   
Downloaded from central: https://repo.maven.apache.org/maven2/commons-logging/commons-logging/1.0.3/commons-logging-1.0.3.pom (866 B at 3.6 kB/s)
Downloading from central: https://repo.maven.apache.org/maven2/commons-digester/commons-digester/1.8/commons-digester-1.8.pom
Progress (1): 1.1 kB
Progress (1): 4.0 kB
Progress (1): 6.2 kB
Progress (1): 7.0 kB
                    
Downloaded from central: https://repo.maven.apache.org/maven2/commons-digester/commons-digester/1.8/commons-digester-1.8.pom (7.0 kB at 23 kB/s)
Downloading from central: https://repo.maven.apache.org/maven2/commons-logging/commons-logging/1.1/commons-logging-1.1.pom
Progress (1): 1.4 kB
Progress (1): 4.3 kB
Progress (1): 6.2 kB
                    
Downloaded from central: https://repo.maven.apache.org/maven2/commons-logging/commons-logging/1.1/commons-logging-1.1.pom (6.2 kB at 7.0 kB/s)
Downloading from central: https://repo.maven.apache.org/maven2/log4j/log4j/1.2.12/log4j-1.2.12.pom
Progress (1): 145 B
                   
Downloaded from central: https://repo.maven.apache.org/maven2/log4j/log4j/1.2.12/log4j-1.2.12.pom (145 B at 408 B/s)
Downloading from central: https://repo.maven.apache.org/maven2/logkit/logkit/1.0.1/logkit-1.0.1.pom
Progress (1): 147 B
                   
Downloaded from central: https://repo.maven.apache.org/maven2/logkit/logkit/1.0.1/logkit-1.0.1.pom (147 B at 590 B/s)
Downloading from central: https://repo.maven.apache.org/maven2/avalon-framework/avalon-framework/4.1.3/avalon-framework-4.1.3.pom
Progress (1): 167 B
                   
Downloaded from central: https://repo.maven.apache.org/maven2/avalon-framework/avalon-framework/4.1.3/avalon-framework-4.1.3.pom (167 B at 692 B/s)
Downloading from central: https://repo.maven.apache.org/maven2/commons-chain/commons-chain/1.1/commons-chain-1.1.pom
Progress (1): 1.5 kB
Progress (1): 3.6 kB
Progress (1): 6.0 kB
                    
Downloaded from central: https://repo.maven.apache.org/maven2/commons-chain/commons-chain/1.1/commons-chain-1.1.pom (6.0 kB at 19 kB/s)
Downloading from central: https://repo.maven.apache.org/maven2/commons-digester/commons-digester/1.6/commons-digester-1.6.pom
Progress (1): 974 B
                   
Downloaded from central: https://repo.maven.apache.org/maven2/commons-digester/commons-digester/1.6/commons-digester-1.6.pom (974 B at 4.1 kB/s)
Downloading from central: https://repo.maven.apache.org/maven2/commons-beanutils/commons-beanutils/1.6/commons-beanutils-1.6.pom
Progress (1): 1.9 kB
Progress (1): 2.3 kB
                    
Downloaded from central: https://repo.maven.apache.org/maven2/commons-beanutils/commons-beanutils/1.6/commons-beanutils-1.6.pom (2.3 kB at 2.6 kB/s)
Downloading from central: https://repo.maven.apache.org/maven2/commons-logging/commons-logging/1.0/commons-logging-1.0.pom
Progress (1): 163 B
                   
Downloaded from central: https://repo.maven.apache.org/maven2/commons-logging/commons-logging/1.0/commons-logging-1.0.pom (163 B at 186 B/s)
Downloading from central: https://repo.maven.apache.org/maven2/commons-collections/commons-collections/2.0/commons-collections-2.0.pom
Progress (1): 171 B
                   
Downloaded from central: https://repo.maven.apache.org/maven2/commons-collections/commons-collections/2.0/commons-collections-2.0.pom (171 B at 737 B/s)
Downloading from central: https://repo.maven.apache.org/maven2/commons-collections/commons-collections/2.1/commons-collections-2.1.pom
Progress (1): 2.7 kB
Progress (1): 3.3 kB
                    
Downloaded from central: https://repo.maven.apache.org/maven2/commons-collections/commons-collections/2.1/commons-collections-2.1.pom (3.3 kB at 3.8 kB/s)
Downloading from central: https://repo.maven.apache.org/maven2/xml-apis/xml-apis/1.0.b2/xml-apis-1.0.b2.pom
Progress (1): 955 B
Progress (1): 2.2 kB
                    
Downloaded from central: https://repo.maven.apache.org/maven2/xml-apis/xml-apis/1.0.b2/xml-apis-1.0.b2.pom (2.2 kB at 7.5 kB/s)
Downloading from central: https://repo.maven.apache.org/maven2/commons-collections/commons-collections/3.2/commons-collections-3.2.pom
Progress (1): 1.5 kB
Progress (1): 4.9 kB
Progress (1): 8.5 kB
Progress (1): 10 kB 
Progress (1): 11 kB
                   
Downloaded from central: https://repo.maven.apache.org/maven2/commons-collections/commons-collections/3.2/commons-collections-3.2.pom (11 kB at 21 kB/s)
Downloading from central: https://repo.maven.apache.org/maven2/dom4j/dom4j/1.1/dom4j-1.1.pom
Progress (1): 142 B
                   
Downloaded from central: https://repo.maven.apache.org/maven2/dom4j/dom4j/1.1/dom4j-1.1.pom (142 B at 307 B/s)
Downloading from central: https://repo.maven.apache.org/maven2/oro/oro/2.0.8/oro-2.0.8.pom
Progress (1): 140 B
                   
Downloaded from central: https://repo.maven.apache.org/maven2/oro/oro/2.0.8/oro-2.0.8.pom (140 B at 598 B/s)
Downloading from central: https://repo.maven.apache.org/maven2/org/apache/velocity/velocity/1.6.2/velocity-1.6.2.pom
Progress (1): 767 B
Progress (1): 2.2 kB
Progress (1): 4.2 kB
Progress (1): 7.8 kB
Progress (1): 10 kB 
Progress (1): 11 kB
                   
Downloaded from central: https://repo.maven.apache.org/maven2/org/apache/velocity/velocity/1.6.2/velocity-1.6.2.pom (11 kB at 30 kB/s)
Downloading from central: https://repo.maven.apache.org/maven2/commons-collections/commons-collections/3.2.2/commons-collections-3.2.2.pom
Progress (1): 785 B
Progress (1): 2.4 kB
Progress (1): 5.9 kB
Progress (1): 9.5 kB
Progress (1): 11 kB 
Progress (1): 12 kB
                   
Downloaded from central: https://repo.maven.apache.org/maven2/commons-collections/commons-collections/3.2.2/commons-collections-3.2.2.pom (12 kB at 33 kB/s)
Downloading from central: https://repo.maven.apache.org/maven2/org/apache/commons/commons-parent/39/commons-parent-39.pom
Progress (1): 812 B
Progress (1): 2.0 kB
Progress (1): 3.2 kB
Progress (1): 4.5 kB
Progress (1): 7.6 kB
Progress (1): 11 kB 
Progress (1): 14 kB
Progress (1): 18 kB
Progress (1): 21 kB
Progress (1): 23 kB
Progress (1): 26 kB
Progress (1): 28 kB
Progress (1): 32 kB
Progress (1): 35 kB
Progress (1): 37 kB
Progress (1): 41 kB
Progress (1): 45 kB
Progress (1): 50 kB
Progress (1): 53 kB
Progress (1): 55 kB
Progress (1): 58 kB
Progress (1): 60 kB
Progress (1): 62 kB
Progress (1): 62 kB
                   
Downloaded from central: https://repo.maven.apache.org/maven2/org/apache/commons/commons-parent/39/commons-parent-39.pom (62 kB at 70 kB/s)
Downloading from central: https://repo.maven.apache.org/maven2/org/apache/maven/doxia/doxia-integration-tools/1.11.1/doxia-integration-tools-1.11.1.pom
Progress (1): 800 B
Progress (1): 3.3 kB
Progress (1): 6.0 kB
                    
Downloaded from central: https://repo.maven.apache.org/maven2/org/apache/maven/doxia/doxia-integration-tools/1.11.1/doxia-integration-tools-1.11.1.pom (6.0 kB at 23 kB/s)
Downloading from central: https://repo.maven.apache.org/maven2/org/apache/maven/doxia/doxia-sink-api/1.0/doxia-sink-api-1.0.pom
Progress (1): 835 B
Progress (1): 1.4 kB
                    
Downloaded from central: https://repo.maven.apache.org/maven2/org/apache/maven/doxia/doxia-sink-api/1.0/doxia-sink-api-1.0.pom (1.4 kB at 5.8 kB/s)
Downloading from central: https://repo.maven.apache.org/maven2/org/apache/maven/doxia/doxia/1.0/doxia-1.0.pom
Progress (1): 762 B
Progress (1): 2.2 kB
Progress (1): 5.7 kB
Progress (1): 8.9 kB
Progress (1): 9.6 kB
                    
Downloaded from central: https://repo.maven.apache.org/maven2/org/apache/maven/doxia/doxia/1.0/doxia-1.0.pom (9.6 kB at 33 kB/s)
Downloading from central: https://repo.maven.apache.org/maven2/org/apache/maven/maven-parent/10/maven-parent-10.pom
Progress (1): 736 B
Progress (1): 1.9 kB
Progress (1): 6.2 kB
Progress (1): 11 kB 
Progress (1): 14 kB
Progress (1): 16 kB
Progress (1): 22 kB
Progress (1): 25 kB
Progress (1): 29 kB
Progress (1): 32 kB
                   
Downloaded from central: https://repo.maven.apache.org/maven2/org/apache/maven/maven-parent/10/maven-parent-10.pom (32 kB at 87 kB/s)
Downloading from central: https://repo.maven.apache.org/maven2/org/eclipse/jetty/jetty-server/9.4.46.v20220331/jetty-server-9.4.46.v20220331.pom
Progress (1): 1.5 kB
Progress (1): 3.4 kB
                    
Downloaded from central: https://repo.maven.apache.org/maven2/org/eclipse/jetty/jetty-server/9.4.46.v20220331/jetty-server-9.4.46.v20220331.pom (3.4 kB at 14 kB/s)
Downloading from central: https://repo.maven.apache.org/maven2/org/eclipse/jetty/jetty-project/9.4.46.v20220331/jetty-project-9.4.46.v20220331.pom
Progress (1): 930 B
Progress (1): 2.7 kB
Progress (1): 4.9 kB
Progress (1): 7.6 kB
Progress (1): 9.2 kB
Progress (1): 12 kB 
Progress (1): 15 kB
Progress (1): 17 kB
Progress (1): 21 kB
Progress (1): 25 kB
Progress (1): 29 kB
Progress (1): 32 kB
Progress (1): 36 kB
Progress (1): 42 kB
Progress (1): 47 kB
Progress (1): 48 kB
Progress (1): 51 kB
Progress (1): 57 kB
Progress (1): 60 kB
Progress (1): 64 kB
Progress (1): 67 kB
Progress (1): 70 kB
Progress (1): 71 kB
                   
Downloaded from central: https://repo.maven.apache.org/maven2/org/eclipse/jetty/jetty-project/9.4.46.v20220331/jetty-project-9.4.46.v20220331.pom (71 kB at 55 kB/s)
Downloading from central: https://repo.maven.apache.org/maven2/org/testcontainers/testcontainers-bom/1.16.1/testcontainers-bom-1.16.1.pom
Progress (1): 1.2 kB
Progress (1): 7.2 kB
                    
Downloaded from central: https://repo.maven.apache.org/maven2/org/testcontainers/testcontainers-bom/1.16.1/testcontainers-bom-1.16.1.pom (7.2 kB at 15 kB/s)
Downloading from central: https://repo.maven.apache.org/maven2/org/infinispan/infinispan-bom/11.0.15.Final/infinispan-bom-11.0.15.Final.pom
Progress (1): 1.1 kB
Progress (1): 4.3 kB
Progress (1): 17 kB 
Progress (1): 19 kB
                   
Downloaded from central: https://repo.maven.apache.org/maven2/org/infinispan/infinispan-bom/11.0.15.Final/infinispan-bom-11.0.15.Final.pom (19 kB at 63 kB/s)
Downloading from central: https://repo.maven.apache.org/maven2/org/infinispan/infinispan-build-configuration-parent/11.0.15.Final/infinispan-build-configuration-parent-11.0.15.Final.pom
Progress (1): 1.1 kB
Progress (1): 3.4 kB
Progress (1): 5.6 kB
Progress (1): 8.0 kB
Progress (1): 10 kB 
Progress (1): 12 kB
Progress (1): 13 kB
                   
Downloaded from central: https://repo.maven.apache.org/maven2/org/infinispan/infinispan-build-configuration-parent/11.0.15.Final/infinispan-build-configuration-parent-11.0.15.Final.pom (13 kB at 38 kB/s)
Downloading from central: https://repo.maven.apache.org/maven2/org/jboss/jboss-parent/36/jboss-parent-36.pom
Progress (1): 701 B
Progress (1): 2.1 kB
Progress (1): 4.5 kB
Progress (1): 6.8 kB
Progress (1): 8.9 kB
Progress (1): 13 kB 
Progress (1): 21 kB
Progress (1): 28 kB
Progress (1): 31 kB
Progress (1): 34 kB
Progress (1): 38 kB
Progress (1): 43 kB
Progress (1): 60 kB
Progress (1): 66 kB
                   
Downloaded from central: https://repo.maven.apache.org/maven2/org/jboss/jboss-parent/36/jboss-parent-36.pom (66 kB at 136 kB/s)
Downloading from central: https://repo.maven.apache.org/maven2/javax/servlet/javax.servlet-api/3.1.0/javax.servlet-api-3.1.0.pom
Progress (1): 701 B
Progress (1): 2.0 kB
Progress (1): 3.5 kB
Progress (1): 5.8 kB
Progress (1): 9.4 kB
Progress (1): 12 kB 
Progress (1): 14 kB
                   
Downloaded from central: https://repo.maven.apache.org/maven2/javax/servlet/javax.servlet-api/3.1.0/javax.servlet-api-3.1.0.pom (14 kB at 39 kB/s)
Downloading from central: https://repo.maven.apache.org/maven2/net/java/jvnet-parent/3/jvnet-parent-3.pom
Progress (1): 838 B
Progress (1): 2.5 kB
Progress (1): 4.8 kB
                    
Downloaded from central: https://repo.maven.apache.org/maven2/net/java/jvnet-parent/3/jvnet-parent-3.pom (4.8 kB at 17 kB/s)
Downloading from central: https://repo.maven.apache.org/maven2/org/eclipse/jetty/jetty-http/9.4.46.v20220331/jetty-http-9.4.46.v20220331.pom
Progress (1): 1.5 kB
Progress (1): 4.0 kB
Progress (1): 4.0 kB
                    
Downloaded from central: https://repo.maven.apache.org/maven2/org/eclipse/jetty/jetty-http/9.4.46.v20220331/jetty-http-9.4.46.v20220331.pom (4.0 kB at 16 kB/s)
Downloading from central: https://repo.maven.apache.org/maven2/org/eclipse/jetty/jetty-util/9.4.46.v20220331/jetty-util-9.4.46.v20220331.pom
Progress (1): 1.2 kB
Progress (1): 3.1 kB
Progress (1): 4.0 kB
                    
Downloaded from central: https://repo.maven.apache.org/maven2/org/eclipse/jetty/jetty-util/9.4.46.v20220331/jetty-util-9.4.46.v20220331.pom (4.0 kB at 16 kB/s)
Downloading from central: https://repo.maven.apache.org/maven2/org/eclipse/jetty/jetty-io/9.4.46.v20220331/jetty-io-9.4.46.v20220331.pom
Progress (1): 1.2 kB
                    
Downloaded from central: https://repo.maven.apache.org/maven2/org/eclipse/jetty/jetty-io/9.4.46.v20220331/jetty-io-9.4.46.v20220331.pom (1.2 kB at 5.1 kB/s)
Downloading from central: https://repo.maven.apache.org/maven2/org/eclipse/jetty/jetty-servlet/9.4.46.v20220331/jetty-servlet-9.4.46.v20220331.pom
Progress (1): 1.3 kB
Progress (1): 2.3 kB
                    
Downloaded from central: https://repo.maven.apache.org/maven2/org/eclipse/jetty/jetty-servlet/9.4.46.v20220331/jetty-servlet-9.4.46.v20220331.pom (2.3 kB at 9.5 kB/s)
Downloading from central: https://repo.maven.apache.org/maven2/org/eclipse/jetty/jetty-security/9.4.46.v20220331/jetty-security-9.4.46.v20220331.pom
Progress (1): 1.2 kB
Progress (1): 2.1 kB
                    
Downloaded from central: https://repo.maven.apache.org/maven2/org/eclipse/jetty/jetty-security/9.4.46.v20220331/jetty-security-9.4.46.v20220331.pom (2.1 kB at 8.8 kB/s)
Downloading from central: https://repo.maven.apache.org/maven2/org/eclipse/jetty/jetty-util-ajax/9.4.46.v20220331/jetty-util-ajax-9.4.46.v20220331.pom
Progress (1): 1.3 kB
                    
Downloaded from central: https://repo.maven.apache.org/maven2/org/eclipse/jetty/jetty-util-ajax/9.4.46.v20220331/jetty-util-ajax-9.4.46.v20220331.pom (1.3 kB at 2.7 kB/s)
Downloading from central: https://repo.maven.apache.org/maven2/org/eclipse/jetty/jetty-webapp/9.4.46.v20220331/jetty-webapp-9.4.46.v20220331.pom
Progress (1): 1.2 kB
Progress (1): 3.2 kB
                    
Downloaded from central: https://repo.maven.apache.org/maven2/org/eclipse/jetty/jetty-webapp/9.4.46.v20220331/jetty-webapp-9.4.46.v20220331.pom (3.2 kB at 13 kB/s)
Downloading from central: https://repo.maven.apache.org/maven2/org/eclipse/jetty/jetty-xml/9.4.46.v20220331/jetty-xml-9.4.46.v20220331.pom
Progress (1): 1.1 kB
Progress (1): 1.7 kB
                    
Downloaded from central: https://repo.maven.apache.org/maven2/org/eclipse/jetty/jetty-xml/9.4.46.v20220331/jetty-xml-9.4.46.v20220331.pom (1.7 kB at 6.8 kB/s)
Downloading from central: https://repo.maven.apache.org/maven2/org/apache/maven/reporting/maven-reporting-api/3.1.0/maven-reporting-api-3.1.0.jar
Progress (1): 8.2/11 kB
Progress (1): 11 kB    
                   
Downloaded from central: https://repo.maven.apache.org/maven2/org/apache/maven/reporting/maven-reporting-api/3.1.0/maven-reporting-api-3.1.0.jar (11 kB at 16 kB/s)
Downloading from central: https://repo.maven.apache.org/maven2/org/apache/maven/reporting/maven-reporting-exec/1.6.0/maven-reporting-exec-1.6.0.jar
Downloading from central: https://repo.maven.apache.org/maven2/org/apache/maven/maven-artifact/3.2.5/maven-artifact-3.2.5.jar
Downloading from central: https://repo.maven.apache.org/maven2/org/apache/maven/maven-core/3.2.5/maven-core-3.2.5.jar
Downloading from central: https://repo.maven.apache.org/maven2/org/apache/maven/maven-repository-metadata/3.2.5/maven-repository-metadata-3.2.5.jar
Downloading from central: https://repo.maven.apache.org/maven2/org/apache/maven/maven-model-builder/3.2.5/maven-model-builder-3.2.5.jar
Progress (1): 3.2/170 kB
Progress (1): 20/170 kB 
Progress (1): 28/170 kB
Progress (2): 28/170 kB | 7.7/26 kB
Progress (2): 28/170 kB | 16/26 kB 
Progress (3): 28/170 kB | 16/26 kB | 7.7/55 kB
Progress (3): 28/170 kB | 16/26 kB | 16/55 kB 
Progress (3): 28/170 kB | 26 kB | 16/55 kB   
                                          
Downloaded from central: https://repo.maven.apache.org/maven2/org/apache/maven/maven-repository-metadata/3.2.5/maven-repository-metadata-3.2.5.jar (26 kB at 78 kB/s)
Downloading from central: https://repo.maven.apache.org/maven2/org/apache/maven/maven-aether-provider/3.2.5/maven-aether-provider-3.2.5.jar
Progress (3): 28/170 kB | 16/55 kB | 7.7/31 kB
Progress (3): 28/170 kB | 16/55 kB | 11/31 kB 
Progress (3): 28/170 kB | 16/55 kB | 28/31 kB
Progress (3): 28/170 kB | 16/55 kB | 31 kB   
                                          
Downloaded from central: https://repo.maven.apache.org/maven2/org/apache/maven/reporting/maven-reporting-exec/1.6.0/maven-reporting-exec-1.6.0.jar (31 kB at 74 kB/s)
Downloading from central: https://repo.maven.apache.org/maven2/org/eclipse/aether/aether-spi/1.0.0.v20140518/aether-spi-1.0.0.v20140518.jar
Progress (3): 28/170 kB | 16/55 kB | 7.7/608 kB
Progress (3): 28/170 kB | 16/55 kB | 7.7/608 kB
Progress (3): 44/170 kB | 16/55 kB | 7.7/608 kB
Progress (3): 61/170 kB | 16/55 kB | 7.7/608 kB
Progress (3): 77/170 kB | 16/55 kB | 7.7/608 kB
Progress (3): 93/170 kB | 16/55 kB | 7.7/608 kB
Progress (3): 110/170 kB | 16/55 kB | 7.7/608 kB
Progress (3): 110/170 kB | 32/55 kB | 7.7/608 kB
Progress (3): 110/170 kB | 49/55 kB | 7.7/608 kB
Progress (3): 110/170 kB | 55 kB | 7.7/608 kB   
Progress (4): 110/170 kB | 55 kB | 7.7/608 kB | 7.7/66 kB
Progress (4): 110/170 kB | 55 kB | 7.7/608 kB | 11/66 kB 
                                                        
Downloaded from central: https://repo.maven.apache.org/maven2/org/apache/maven/maven-artifact/3.2.5/maven-artifact-3.2.5.jar (55 kB at 95 kB/s)
Downloading from central: https://repo.maven.apache.org/maven2/org/eclipse/aether/aether-impl/1.0.0.v20140518/aether-impl-1.0.0.v20140518.jar
Progress (4): 110/170 kB | 7.7/608 kB | 11/66 kB | 7.7/31 kB
Progress (4): 110/170 kB | 7.7/608 kB | 11/66 kB | 7.7/31 kB
Progress (4): 126/170 kB | 7.7/608 kB | 11/66 kB | 7.7/31 kB
Progress (4): 126/170 kB | 7.7/608 kB | 28/66 kB | 7.7/31 kB
Progress (4): 142/170 kB | 7.7/608 kB | 28/66 kB | 7.7/31 kB
Progress (4): 142/170 kB | 7.7/608 kB | 28/66 kB | 24/31 kB 
Progress (4): 142/170 kB | 7.7/608 kB | 28/66 kB | 31 kB   
                                                        
Downloaded from central: https://repo.maven.apache.org/maven2/org/eclipse/aether/aether-spi/1.0.0.v20140518/aether-spi-1.0.0.v20140518.jar (31 kB at 46 kB/s)
Downloading from central: https://repo.maven.apache.org/maven2/org/eclipse/aether/aether-api/1.0.0.v20140518/aether-api-1.0.0.v20140518.jar
Progress (3): 142/170 kB | 7.7/608 kB | 44/66 kB
Progress (3): 159/170 kB | 7.7/608 kB | 44/66 kB
Progress (3): 170 kB | 7.7/608 kB | 44/66 kB    
                                            
Downloaded from central: https://repo.maven.apache.org/maven2/org/apache/maven/maven-model-builder/3.2.5/maven-model-builder-3.2.5.jar (170 kB at 234 kB/s)
Downloading from central: https://repo.maven.apache.org/maven2/org/eclipse/sisu/org.eclipse.sisu.plexus/0.3.0.M1/org.eclipse.sisu.plexus-0.3.0.M1.jar
Progress (2): 7.7/608 kB | 60/66 kB
Progress (2): 7.7/608 kB | 66 kB   
                                
Downloaded from central: https://repo.maven.apache.org/maven2/org/apache/maven/maven-aether-provider/3.2.5/maven-aether-provider-3.2.5.jar (66 kB at 83 kB/s)
Downloading from central: https://repo.maven.apache.org/maven2/org/eclipse/sisu/org.eclipse.sisu.inject/0.3.0.M1/org.eclipse.sisu.inject-0.3.0.M1.jar
Progress (2): 7.7/608 kB | 3.2/172 kB
Progress (3): 7.7/608 kB | 3.2/172 kB | 7.7/136 kB
Progress (3): 7.7/608 kB | 3.2/172 kB | 16/136 kB 
Progress (3): 7.7/608 kB | 3.2/172 kB | 32/136 kB
Progress (3): 7.7/608 kB | 3.2/172 kB | 49/136 kB
Progress (3): 7.7/608 kB | 3.2/172 kB | 65/136 kB
Progress (3): 7.7/608 kB | 3.2/172 kB | 81/136 kB
Progress (4): 7.7/608 kB | 3.2/172 kB | 81/136 kB | 7.7/340 kB
Progress (4): 7.7/608 kB | 3.2/172 kB | 81/136 kB | 11/340 kB 
Progress (4): 7.7/608 kB | 3.2/172 kB | 98/136 kB | 11/340 kB
Progress (4): 7.7/608 kB | 3.2/172 kB | 98/136 kB | 28/340 kB
Progress (5): 7.7/608 kB | 3.2/172 kB | 98/136 kB | 28/340 kB | 7.7/201 kB
Progress (5): 7.7/608 kB | 3.2/172 kB | 98/136 kB | 28/340 kB | 16/201 kB 
Progress (5): 7.7/608 kB | 3.2/172 kB | 98/136 kB | 28/340 kB | 32/201 kB
Progress (5): 7.7/608 kB | 20/172 kB | 98/136 kB | 28/340 kB | 32/201 kB 
Progress (5): 7.7/608 kB | 36/172 kB | 98/136 kB | 28/340 kB | 32/201 kB
Progress (5): 7.7/608 kB | 36/172 kB | 98/136 kB | 44/340 kB | 32/201 kB
Progress (5): 7.7/608 kB | 36/172 kB | 98/136 kB | 44/340 kB | 49/201 kB
Progress (5): 7.7/608 kB | 36/172 kB | 98/136 kB | 44/340 kB | 65/201 kB
Progress (5): 7.7/608 kB | 36/172 kB | 98/136 kB | 61/340 kB | 65/201 kB
Progress (5): 7.7/608 kB | 36/172 kB | 114/136 kB | 61/340 kB | 65/201 kB
Progress (5): 7.7/608 kB | 36/172 kB | 131/136 kB | 61/340 kB | 65/201 kB
Progress (5): 7.7/608 kB | 36/172 kB | 136 kB | 61/340 kB | 65/201 kB    
                                                                     
Downloaded from central: https://repo.maven.apache.org/maven2/org/eclipse/aether/aether-api/1.0.0.v20140518/aether-api-1.0.0.v20140518.jar (136 kB at 108 kB/s)
Downloading from central: https://repo.maven.apache.org/maven2/org/sonatype/sisu/sisu-guice/3.2.3/sisu-guice-3.2.3-no_aop.jar
Progress (4): 7.7/608 kB | 36/172 kB | 77/340 kB | 65/201 kB
Progress (4): 7.7/608 kB | 36/172 kB | 77/340 kB | 81/201 kB
Progress (4): 7.7/608 kB | 36/172 kB | 77/340 kB | 98/201 kB
Progress (4): 7.7/608 kB | 36/172 kB | 77/340 kB | 114/201 kB
Progress (4): 7.7/608 kB | 36/172 kB | 77/340 kB | 131/201 kB
Progress (4): 7.7/608 kB | 49/172 kB | 77/340 kB | 131/201 kB
Progress (4): 24/608 kB | 49/172 kB | 77/340 kB | 131/201 kB 
Progress (4): 24/608 kB | 49/172 kB | 93/340 kB | 131/201 kB
Progress (4): 24/608 kB | 49/172 kB | 110/340 kB | 131/201 kB
Progress (4): 24/608 kB | 66/172 kB | 110/340 kB | 131/201 kB
Progress (4): 24/608 kB | 66/172 kB | 126/340 kB | 131/201 kB
Progress (4): 24/608 kB | 66/172 kB | 126/340 kB | 147/201 kB
Progress (4): 24/608 kB | 82/172 kB | 126/340 kB | 147/201 kB
Progress (4): 24/608 kB | 98/172 kB | 126/340 kB | 147/201 kB
Progress (4): 24/608 kB | 98/172 kB | 126/340 kB | 163/201 kB
Progress (4): 24/608 kB | 98/172 kB | 126/340 kB | 180/201 kB
Progress (5): 24/608 kB | 98/172 kB | 126/340 kB | 180/201 kB | 7.7/398 kB
Progress (5): 24/608 kB | 98/172 kB | 126/340 kB | 180/201 kB | 16/398 kB 
Progress (5): 24/608 kB | 98/172 kB | 142/340 kB | 180/201 kB | 16/398 kB
Progress (5): 24/608 kB | 98/172 kB | 142/340 kB | 180/201 kB | 32/398 kB
Progress (5): 24/608 kB | 98/172 kB | 159/340 kB | 180/201 kB | 32/398 kB
Progress (5): 24/608 kB | 98/172 kB | 159/340 kB | 196/201 kB | 32/398 kB
Progress (5): 24/608 kB | 98/172 kB | 159/340 kB | 201 kB | 32/398 kB    
                                                                     
Downloaded from central: https://repo.maven.apache.org/maven2/org/eclipse/sisu/org.eclipse.sisu.plexus/0.3.0.M1/org.eclipse.sisu.plexus-0.3.0.M1.jar (201 kB at 130 kB/s)
Downloading from central: https://repo.maven.apache.org/maven2/com/google/guava/guava/16.0.1/guava-16.0.1.jar
Progress (4): 24/608 kB | 98/172 kB | 159/340 kB | 49/398 kB
Progress (4): 24/608 kB | 98/172 kB | 175/340 kB | 49/398 kB
Progress (4): 24/608 kB | 98/172 kB | 175/340 kB | 65/398 kB
Progress (4): 40/608 kB | 98/172 kB | 175/340 kB | 65/398 kB
Progress (4): 40/608 kB | 98/172 kB | 175/340 kB | 81/398 kB
Progress (4): 40/608 kB | 98/172 kB | 192/340 kB | 81/398 kB
Progress (4): 40/608 kB | 98/172 kB | 192/340 kB | 98/398 kB
Progress (4): 40/608 kB | 98/172 kB | 192/340 kB | 114/398 kB
Progress (4): 40/608 kB | 98/172 kB | 192/340 kB | 131/398 kB
Progress (4): 40/608 kB | 98/172 kB | 192/340 kB | 147/398 kB
Progress (4): 40/608 kB | 115/172 kB | 192/340 kB | 147/398 kB
Progress (4): 40/608 kB | 131/172 kB | 192/340 kB | 147/398 kB
Progress (4): 40/608 kB | 131/172 kB | 192/340 kB | 163/398 kB
Progress (4): 40/608 kB | 131/172 kB | 192/340 kB | 180/398 kB
Progress (5): 40/608 kB | 131/172 kB | 192/340 kB | 180/398 kB | 0/2.2 MB
Progress (5): 40/608 kB | 131/172 kB | 192/340 kB | 180/398 kB | 0/2.2 MB
Progress (5): 40/608 kB | 131/172 kB | 192/340 kB | 196/398 kB | 0/2.2 MB
Progress (5): 40/608 kB | 131/172 kB | 192/340 kB | 196/398 kB | 0/2.2 MB
Progress (5): 40/608 kB | 131/172 kB | 192/340 kB | 212/398 kB | 0/2.2 MB
Progress (5): 40/608 kB | 131/172 kB | 192/340 kB | 212/398 kB | 0/2.2 MB
Progress (5): 40/608 kB | 131/172 kB | 192/340 kB | 229/398 kB | 0/2.2 MB
Progress (5): 40/608 kB | 131/172 kB | 192/340 kB | 229/398 kB | 0.1/2.2 MB
Progress (5): 40/608 kB | 131/172 kB | 208/340 kB | 229/398 kB | 0.1/2.2 MB
Progress (5): 40/608 kB | 131/172 kB | 224/340 kB | 229/398 kB | 0.1/2.2 MB
Progress (5): 40/608 kB | 131/172 kB | 241/340 kB | 229/398 kB | 0.1/2.2 MB
Progress (5): 40/608 kB | 131/172 kB | 257/340 kB | 229/398 kB | 0.1/2.2 MB
Progress (5): 40/608 kB | 131/172 kB | 273/340 kB | 229/398 kB | 0.1/2.2 MB
Progress (5): 40/608 kB | 131/172 kB | 290/340 kB | 229/398 kB | 0.1/2.2 MB
Progress (5): 40/608 kB | 147/172 kB | 290/340 kB | 229/398 kB | 0.1/2.2 MB
Progress (5): 40/608 kB | 147/172 kB | 306/340 kB | 229/398 kB | 0.1/2.2 MB
Progress (5): 40/608 kB | 147/172 kB | 323/340 kB | 229/398 kB | 0.1/2.2 MB
Progress (5): 40/608 kB | 164/172 kB | 323/340 kB | 229/398 kB | 0.1/2.2 MB
Progress (5): 40/608 kB | 172 kB | 323/340 kB | 229/398 kB | 0.1/2.2 MB    
                                                                       
Downloaded from central: https://repo.maven.apache.org/maven2/org/eclipse/aether/aether-impl/1.0.0.v20140518/aether-impl-1.0.0.v20140518.jar (172 kB at 87 kB/s)
Downloading from central: https://repo.maven.apache.org/maven2/org/codehaus/plexus/plexus-classworlds/2.5.2/plexus-classworlds-2.5.2.jar
Progress (4): 40/608 kB | 339/340 kB | 229/398 kB | 0.1/2.2 MB
Progress (4): 40/608 kB | 340 kB | 229/398 kB | 0.1/2.2 MB    
                                                          
Downloaded from central: https://repo.maven.apache.org/maven2/org/eclipse/sisu/org.eclipse.sisu.inject/0.3.0.M1/org.eclipse.sisu.inject-0.3.0.M1.jar (340 kB at 169 kB/s)
Downloading from central: https://repo.maven.apache.org/maven2/org/apache/maven/maven-model/3.2.5/maven-model-3.2.5.jar
Progress (3): 40/608 kB | 245/398 kB | 0.1/2.2 MB
Progress (3): 40/608 kB | 262/398 kB | 0.1/2.2 MB
Progress (3): 40/608 kB | 278/398 kB | 0.1/2.2 MB
Progress (3): 40/608 kB | 278/398 kB | 0.1/2.2 MB
Progress (3): 40/608 kB | 294/398 kB | 0.1/2.2 MB
Progress (3): 40/608 kB | 311/398 kB | 0.1/2.2 MB
Progress (3): 40/608 kB | 311/398 kB | 0.1/2.2 MB
Progress (3): 40/608 kB | 327/398 kB | 0.1/2.2 MB
Progress (3): 40/608 kB | 327/398 kB | 0.1/2.2 MB
Progress (3): 40/608 kB | 327/398 kB | 0.1/2.2 MB
Progress (3): 40/608 kB | 344/398 kB | 0.1/2.2 MB
Progress (3): 40/608 kB | 344/398 kB | 0.1/2.2 MB
Progress (3): 40/608 kB | 360/398 kB | 0.1/2.2 MB
Progress (3): 40/608 kB | 376/398 kB | 0.1/2.2 MB
Progress (3): 40/608 kB | 393/398 kB | 0.1/2.2 MB
Progress (3): 40/608 kB | 393/398 kB | 0.2/2.2 MB
Progress (3): 40/608 kB | 393/398 kB | 0.2/2.2 MB
Progress (3): 40/608 kB | 393/398 kB | 0.2/2.2 MB
Progress (3): 40/608 kB | 393/398 kB | 0.2/2.2 MB
Progress (4): 40/608 kB | 393/398 kB | 0.2/2.2 MB | 7.7/161 kB
Progress (4): 40/608 kB | 393/398 kB | 0.2/2.2 MB | 16/161 kB 
Progress (4): 40/608 kB | 398 kB | 0.2/2.2 MB | 16/161 kB    
                                                         
Downloaded from central: https://repo.maven.apache.org/maven2/org/sonatype/sisu/sisu-guice/3.2.3/sisu-guice-3.2.3-no_aop.jar (398 kB at 173 kB/s)
Downloading from central: https://repo.maven.apache.org/maven2/org/apache/maven/maven-plugin-api/3.2.5/maven-plugin-api-3.2.5.jar
Progress (3): 57/608 kB | 0.2/2.2 MB | 16/161 kB
Progress (4): 57/608 kB | 0.2/2.2 MB | 16/161 kB | 7.7/53 kB
Progress (4): 57/608 kB | 0.2/2.2 MB | 16/161 kB | 16/53 kB 
Progress (4): 57/608 kB | 0.2/2.2 MB | 16/161 kB | 16/53 kB
Progress (4): 57/608 kB | 0.2/2.2 MB | 16/161 kB | 16/53 kB
Progress (4): 57/608 kB | 0.2/2.2 MB | 32/161 kB | 16/53 kB
Progress (4): 57/608 kB | 0.2/2.2 MB | 49/161 kB | 16/53 kB
Progress (4): 57/608 kB | 0.2/2.2 MB | 65/161 kB | 16/53 kB
Progress (4): 57/608 kB | 0.2/2.2 MB | 81/161 kB | 16/53 kB
Progress (4): 57/608 kB | 0.2/2.2 MB | 98/161 kB | 16/53 kB
Progress (5): 57/608 kB | 0.2/2.2 MB | 98/161 kB | 16/53 kB | 7.7/46 kB
Progress (5): 57/608 kB | 0.2/2.2 MB | 98/161 kB | 16/53 kB | 11/46 kB 
Progress (5): 57/608 kB | 0.3/2.2 MB | 98/161 kB | 16/53 kB | 11/46 kB
Progress (5): 57/608 kB | 0.3/2.2 MB | 98/161 kB | 16/53 kB | 11/46 kB
Progress (5): 73/608 kB | 0.3/2.2 MB | 98/161 kB | 16/53 kB | 11/46 kB
Progress (5): 73/608 kB | 0.3/2.2 MB | 114/161 kB | 16/53 kB | 11/46 kB
Progress (5): 73/608 kB | 0.3/2.2 MB | 114/161 kB | 28/53 kB | 11/46 kB
Progress (5): 73/608 kB | 0.3/2.2 MB | 114/161 kB | 28/53 kB | 28/46 kB
Progress (5): 73/608 kB | 0.3/2.2 MB | 114/161 kB | 28/53 kB | 44/46 kB
Progress (5): 73/608 kB | 0.3/2.2 MB | 114/161 kB | 28/53 kB | 46 kB   
                                                                    
Downloaded from central: https://repo.maven.apache.org/maven2/org/apache/maven/maven-plugin-api/3.2.5/maven-plugin-api-3.2.5.jar (46 kB at 18 kB/s)
Downloading from central: https://repo.maven.apache.org/maven2/org/apache/maven/maven-settings/3.2.5/maven-settings-3.2.5.jar
Progress (4): 73/608 kB | 0.3/2.2 MB | 131/161 kB | 28/53 kB
Progress (4): 73/608 kB | 0.3/2.2 MB | 131/161 kB | 28/53 kB
Progress (4): 73/608 kB | 0.3/2.2 MB | 147/161 kB | 28/53 kB
Progress (4): 73/608 kB | 0.3/2.2 MB | 147/161 kB | 28/53 kB
Progress (4): 73/608 kB | 0.3/2.2 MB | 161 kB | 28/53 kB    
                                                        
Downloaded from central: https://repo.maven.apache.org/maven2/org/apache/maven/maven-model/3.2.5/maven-model-3.2.5.jar (161 kB at 61 kB/s)
Downloading from central: https://repo.maven.apache.org/maven2/org/apache/maven/maven-settings-builder/3.2.5/maven-settings-builder-3.2.5.jar
Progress (3): 73/608 kB | 0.3/2.2 MB | 44/53 kB
Progress (3): 73/608 kB | 0.3/2.2 MB | 53 kB   
                                            
Downloaded from central: https://repo.maven.apache.org/maven2/org/codehaus/plexus/plexus-classworlds/2.5.2/plexus-classworlds-2.5.2.jar (53 kB at 20 kB/s)
Downloading from central: https://repo.maven.apache.org/maven2/org/eclipse/aether/aether-util/1.0.0.v20140518/aether-util-1.0.0.v20140518.jar
Progress (3): 73/608 kB | 0.3/2.2 MB | 7.7/44 kB
Progress (3): 73/608 kB | 0.3/2.2 MB | 11/44 kB 
Progress (3): 73/608 kB | 0.3/2.2 MB | 28/44 kB
Progress (3): 90/608 kB | 0.3/2.2 MB | 28/44 kB
Progress (3): 90/608 kB | 0.3/2.2 MB | 44 kB   
                                            
Downloaded from central: https://repo.maven.apache.org/maven2/org/apache/maven/maven-settings-builder/3.2.5/maven-settings-builder-3.2.5.jar (44 kB at 15 kB/s)
Downloading from central: https://repo.maven.apache.org/maven2/org/codehaus/plexus/plexus-archiver/4.2.5/plexus-archiver-4.2.5.jar
Progress (2): 90/608 kB | 0.3/2.2 MB
Progress (2): 90/608 kB | 0.3/2.2 MB
Progress (2): 90/608 kB | 0.4/2.2 MB
Progress (2): 90/608 kB | 0.4/2.2 MB
Progress (2): 90/608 kB | 0.4/2.2 MB
Progress (2): 90/608 kB | 0.4/2.2 MB
Progress (2): 90/608 kB | 0.4/2.2 MB
Progress (2): 90/608 kB | 0.4/2.2 MB
Progress (2): 90/608 kB | 0.5/2.2 MB
Progress (2): 90/608 kB | 0.5/2.2 MB
Progress (2): 90/608 kB | 0.5/2.2 MB
Progress (3): 90/608 kB | 0.5/2.2 MB | 7.7/43 kB
Progress (3): 90/608 kB | 0.5/2.2 MB | 16/43 kB 
Progress (3): 90/608 kB | 0.5/2.2 MB | 24/43 kB
Progress (3): 90/608 kB | 0.5/2.2 MB | 40/43 kB
Progress (3): 90/608 kB | 0.5/2.2 MB | 43 kB   
                                            
Downloaded from central: https://repo.maven.apache.org/maven2/org/apache/maven/maven-settings/3.2.5/maven-settings-3.2.5.jar (43 kB at 14 kB/s)
Downloading from central: https://repo.maven.apache.org/maven2/org/codehaus/plexus/plexus-i18n/1.0-beta-10/plexus-i18n-1.0-beta-10.jar
Progress (3): 90/608 kB | 0.5/2.2 MB | 7.7/195 kB
Progress (3): 90/608 kB | 0.5/2.2 MB | 16/195 kB 
Progress (3): 90/608 kB | 0.5/2.2 MB | 32/195 kB
Progress (3): 90/608 kB | 0.5/2.2 MB | 49/195 kB
Progress (4): 90/608 kB | 0.5/2.2 MB | 49/195 kB | 7.7/146 kB
Progress (4): 90/608 kB | 0.5/2.2 MB | 49/195 kB | 16/146 kB 
Progress (4): 90/608 kB | 0.5/2.2 MB | 49/195 kB | 28/146 kB
Progress (4): 90/608 kB | 0.5/2.2 MB | 49/195 kB | 28/146 kB
Progress (4): 90/608 kB | 0.5/2.2 MB | 49/195 kB | 28/146 kB
Progress (4): 90/608 kB | 0.5/2.2 MB | 49/195 kB | 28/146 kB
Progress (4): 90/608 kB | 0.5/2.2 MB | 49/195 kB | 28/146 kB
Progress (4): 90/608 kB | 0.6/2.2 MB | 49/195 kB | 28/146 kB
Progress (4): 90/608 kB | 0.6/2.2 MB | 49/195 kB | 44/146 kB
Progress (4): 90/608 kB | 0.6/2.2 MB | 65/195 kB | 44/146 kB
Progress (4): 90/608 kB | 0.6/2.2 MB | 81/195 kB | 44/146 kB
Progress (4): 90/608 kB | 0.6/2.2 MB | 98/195 kB | 44/146 kB
Progress (4): 90/608 kB | 0.6/2.2 MB | 114/195 kB | 44/146 kB
Progress (4): 90/608 kB | 0.6/2.2 MB | 122/195 kB | 44/146 kB
Progress (4): 90/608 kB | 0.6/2.2 MB | 122/195 kB | 61/146 kB
Progress (4): 90/608 kB | 0.6/2.2 MB | 122/195 kB | 77/146 kB
Progress (4): 106/608 kB | 0.6/2.2 MB | 122/195 kB | 77/146 kB
Progress (4): 106/608 kB | 0.6/2.2 MB | 139/195 kB | 77/146 kB
Progress (5): 106/608 kB | 0.6/2.2 MB | 139/195 kB | 77/146 kB | 7.7/12 kB
Progress (5): 106/608 kB | 0.6/2.2 MB | 139/195 kB | 77/146 kB | 7.7/12 kB
Progress (5): 106/608 kB | 0.6/2.2 MB | 139/195 kB | 77/146 kB | 12 kB    
                                                                      
Downloaded from central: https://repo.maven.apache.org/maven2/org/codehaus/plexus/plexus-i18n/1.0-beta-10/plexus-i18n-1.0-beta-10.jar (12 kB at 3.4 kB/s)
Downloading from central: https://repo.maven.apache.org/maven2/org/apache/maven/doxia/doxia-sink-api/1.11.1/doxia-sink-api-1.11.1.jar
Progress (4): 106/608 kB | 0.6/2.2 MB | 155/195 kB | 77/146 kB
Progress (4): 106/608 kB | 0.6/2.2 MB | 155/195 kB | 77/146 kB
Progress (4): 106/608 kB | 0.6/2.2 MB | 155/195 kB | 77/146 kB
Progress (4): 106/608 kB | 0.6/2.2 MB | 155/195 kB | 77/146 kB
Progress (4): 106/608 kB | 0.6/2.2 MB | 155/195 kB | 77/146 kB
Progress (4): 106/608 kB | 0.6/2.2 MB | 155/195 kB | 77/146 kB
Progress (4): 106/608 kB | 0.7/2.2 MB | 155/195 kB | 77/146 kB
Progress (4): 106/608 kB | 0.7/2.2 MB | 155/195 kB | 77/146 kB
Progress (4): 106/608 kB | 0.7/2.2 MB | 155/195 kB | 77/146 kB
Progress (4): 106/608 kB | 0.7/2.2 MB | 155/195 kB | 77/146 kB
Progress (4): 106/608 kB | 0.7/2.2 MB | 155/195 kB | 77/146 kB
Progress (4): 122/608 kB | 0.7/2.2 MB | 155/195 kB | 77/146 kB
Progress (5): 122/608 kB | 0.7/2.2 MB | 155/195 kB | 77/146 kB | 7.7/12 kB
Progress (5): 122/608 kB | 0.7/2.2 MB | 155/195 kB | 77/146 kB | 7.7/12 kB
Progress (5): 122/608 kB | 0.7/2.2 MB | 172/195 kB | 77/146 kB | 7.7/12 kB
Progress (5): 122/608 kB | 0.7/2.2 MB | 188/195 kB | 77/146 kB | 7.7/12 kB
Progress (5): 122/608 kB | 0.7/2.2 MB | 195 kB | 77/146 kB | 7.7/12 kB    
                                                                      
Downloaded from central: https://repo.maven.apache.org/maven2/org/codehaus/plexus/plexus-archiver/4.2.5/plexus-archiver-4.2.5.jar (195 kB at 53 kB/s)
Downloading from central: https://repo.maven.apache.org/maven2/org/apache/maven/doxia/doxia-logging-api/1.11.1/doxia-logging-api-1.11.1.jar
Progress (4): 122/608 kB | 0.7/2.2 MB | 77/146 kB | 7.7/12 kB
Progress (4): 122/608 kB | 0.8/2.2 MB | 77/146 kB | 7.7/12 kB
Progress (4): 122/608 kB | 0.8/2.2 MB | 77/146 kB | 7.7/12 kB
Progress (4): 122/608 kB | 0.8/2.2 MB | 77/146 kB | 7.7/12 kB
Progress (4): 122/608 kB | 0.8/2.2 MB | 77/146 kB | 7.7/12 kB
Progress (4): 122/608 kB | 0.8/2.2 MB | 93/146 kB | 7.7/12 kB
Progress (4): 122/608 kB | 0.8/2.2 MB | 110/146 kB | 7.7/12 kB
Progress (4): 122/608 kB | 0.8/2.2 MB | 126/146 kB | 7.7/12 kB
Progress (4): 122/608 kB | 0.8/2.2 MB | 142/146 kB | 7.7/12 kB
Progress (4): 122/608 kB | 0.8/2.2 MB | 146 kB | 7.7/12 kB    
                                                          
Downloaded from central: https://repo.maven.apache.org/maven2/org/eclipse/aether/aether-util/1.0.0.v20140518/aether-util-1.0.0.v20140518.jar (146 kB at 37 kB/s)
Downloading from central: https://repo.maven.apache.org/maven2/org/apache/maven/doxia/doxia-core/1.11.1/doxia-core-1.11.1.jar
Progress (4): 122/608 kB | 0.8/2.2 MB | 7.7/12 kB | 7.7/12 kB
Progress (4): 122/608 kB | 0.8/2.2 MB | 7.7/12 kB | 11/12 kB 
Progress (4): 122/608 kB | 0.8/2.2 MB | 7.7/12 kB | 12 kB   
                                                         
Downloaded from central: https://repo.maven.apache.org/maven2/org/apache/maven/doxia/doxia-logging-api/1.11.1/doxia-logging-api-1.11.1.jar (12 kB at 3.0 kB/s)
Downloading from central: https://repo.maven.apache.org/maven2/org/codehaus/plexus/plexus-container-default/2.1.0/plexus-container-default-2.1.0.jar
Progress (3): 139/608 kB | 0.8/2.2 MB | 7.7/12 kB
Progress (4): 139/608 kB | 0.8/2.2 MB | 7.7/12 kB | 7.7/230 kB
Progress (4): 139/608 kB | 0.8/2.2 MB | 7.7/12 kB | 11/230 kB 
Progress (4): 139/608 kB | 0.8/2.2 MB | 7.7/12 kB | 11/230 kB
Progress (4): 139/608 kB | 0.8/2.2 MB | 7.7/12 kB | 11/230 kB
Progress (4): 139/608 kB | 0.9/2.2 MB | 7.7/12 kB | 11/230 kB
Progress (4): 139/608 kB | 0.9/2.2 MB | 7.7/12 kB | 11/230 kB
Progress (4): 139/608 kB | 0.9/2.2 MB | 7.7/12 kB | 11/230 kB
Progress (4): 139/608 kB | 0.9/2.2 MB | 7.7/12 kB | 11/230 kB
Progress (4): 139/608 kB | 0.9/2.2 MB | 7.7/12 kB | 28/230 kB
Progress (4): 139/608 kB | 0.9/2.2 MB | 12 kB | 28/230 kB    
                                                         
Downloaded from central: https://repo.maven.apache.org/maven2/org/apache/maven/doxia/doxia-sink-api/1.11.1/doxia-sink-api-1.11.1.jar (12 kB at 2.7 kB/s)
Downloading from central: https://repo.maven.apache.org/maven2/org/apache/xbean/xbean-reflect/3.7/xbean-reflect-3.7.jar
Progress (3): 139/608 kB | 0.9/2.2 MB | 44/230 kB
Progress (3): 139/608 kB | 0.9/2.2 MB | 61/230 kB
Progress (3): 139/608 kB | 0.9/2.2 MB | 77/230 kB
Progress (3): 139/608 kB | 0.9/2.2 MB | 93/230 kB
Progress (3): 155/608 kB | 0.9/2.2 MB | 93/230 kB
Progress (3): 155/608 kB | 0.9/2.2 MB | 110/230 kB
Progress (3): 155/608 kB | 0.9/2.2 MB | 110/230 kB
Progress (3): 155/608 kB | 0.9/2.2 MB | 110/230 kB
Progress (3): 155/608 kB | 1.0/2.2 MB | 110/230 kB
Progress (3): 155/608 kB | 1.0/2.2 MB | 110/230 kB
Progress (3): 155/608 kB | 1.0/2.2 MB | 110/230 kB
Progress (3): 155/608 kB | 1.0/2.2 MB | 110/230 kB
Progress (3): 155/608 kB | 1.0/2.2 MB | 110/230 kB
Progress (3): 155/608 kB | 1.0/2.2 MB | 110/230 kB
Progress (3): 155/608 kB | 1.1/2.2 MB | 110/230 kB
Progress (3): 155/608 kB | 1.1/2.2 MB | 110/230 kB
Progress (3): 155/608 kB | 1.1/2.2 MB | 110/230 kB
Progress (3): 155/608 kB | 1.1/2.2 MB | 110/230 kB
Progress (3): 155/608 kB | 1.1/2.2 MB | 110/230 kB
Progress (3): 155/608 kB | 1.1/2.2 MB | 126/230 kB
Progress (3): 155/608 kB | 1.1/2.2 MB | 142/230 kB
Progress (3): 155/608 kB | 1.1/2.2 MB | 142/230 kB
Progress (3): 155/608 kB | 1.2/2.2 MB | 142/230 kB
Progress (3): 155/608 kB | 1.2/2.2 MB | 142/230 kB
Progress (4): 155/608 kB | 1.2/2.2 MB | 142/230 kB | 7.7/148 kB
Progress (4): 155/608 kB | 1.2/2.2 MB | 142/230 kB | 16/148 kB 
Progress (5): 155/608 kB | 1.2/2.2 MB | 142/230 kB | 16/148 kB | 7.7/218 kB
Progress (5): 155/608 kB | 1.2/2.2 MB | 142/230 kB | 16/148 kB | 16/218 kB 
Progress (5): 155/608 kB | 1.2/2.2 MB | 142/230 kB | 24/148 kB | 16/218 kB
Progress (5): 155/608 kB | 1.2/2.2 MB | 159/230 kB | 24/148 kB | 16/218 kB
Progress (5): 155/608 kB | 1.2/2.2 MB | 159/230 kB | 40/148 kB | 16/218 kB
Progress (5): 155/608 kB | 1.2/2.2 MB | 159/230 kB | 40/148 kB | 32/218 kB
Progress (5): 155/608 kB | 1.2/2.2 MB | 175/230 kB | 40/148 kB | 32/218 kB
Progress (5): 155/608 kB | 1.2/2.2 MB | 175/230 kB | 57/148 kB | 32/218 kB
Progress (5): 155/608 kB | 1.2/2.2 MB | 175/230 kB | 73/148 kB | 32/218 kB
Progress (5): 155/608 kB | 1.2/2.2 MB | 175/230 kB | 73/148 kB | 32/218 kB
Progress (5): 155/608 kB | 1.2/2.2 MB | 192/230 kB | 73/148 kB | 32/218 kB
Progress (5): 155/608 kB | 1.2/2.2 MB | 192/230 kB | 73/148 kB | 49/218 kB
Progress (5): 155/608 kB | 1.2/2.2 MB | 192/230 kB | 73/148 kB | 65/218 kB
Progress (5): 155/608 kB | 1.2/2.2 MB | 192/230 kB | 90/148 kB | 65/218 kB
Progress (5): 155/608 kB | 1.2/2.2 MB | 192/230 kB | 90/148 kB | 65/218 kB
Progress (5): 155/608 kB | 1.2/2.2 MB | 192/230 kB | 90/148 kB | 65/218 kB
Progress (5): 155/608 kB | 1.2/2.2 MB | 192/230 kB | 90/148 kB | 65/218 kB
Progress (5): 155/608 kB | 1.2/2.2 MB | 208/230 kB | 90/148 kB | 65/218 kB
Progress (5): 155/608 kB | 1.2/2.2 MB | 208/230 kB | 106/148 kB | 65/218 kB
Progress (5): 155/608 kB | 1.2/2.2 MB | 224/230 kB | 106/148 kB | 65/218 kB
Progress (5): 155/608 kB | 1.2/2.2 MB | 230 kB | 106/148 kB | 65/218 kB    
                                                                       
Downloaded from central: https://repo.maven.apache.org/maven2/org/codehaus/plexus/plexus-container-default/2.1.0/plexus-container-default-2.1.0.jar (230 kB at 50 kB/s)
Downloading from central: https://repo.maven.apache.org/maven2/com/google/collections/google-collections/1.0/google-collections-1.0.jar
Progress (4): 155/608 kB | 1.3/2.2 MB | 106/148 kB | 65/218 kB
Progress (4): 155/608 kB | 1.3/2.2 MB | 106/148 kB | 65/218 kB
Progress (4): 155/608 kB | 1.3/2.2 MB | 106/148 kB | 65/218 kB
Progress (4): 155/608 kB | 1.3/2.2 MB | 106/148 kB | 65/218 kB
Progress (4): 155/608 kB | 1.3/2.2 MB | 106/148 kB | 65/218 kB
Progress (4): 155/608 kB | 1.3/2.2 MB | 122/148 kB | 65/218 kB
Progress (4): 155/608 kB | 1.3/2.2 MB | 122/148 kB | 65/218 kB
Progress (4): 155/608 kB | 1.3/2.2 MB | 139/148 kB | 65/218 kB
Progress (4): 155/608 kB | 1.3/2.2 MB | 148 kB | 65/218 kB    
                                                          
Downloaded from central: https://repo.maven.apache.org/maven2/org/apache/xbean/xbean-reflect/3.7/xbean-reflect-3.7.jar (148 kB at 31 kB/s)
Downloading from central: https://repo.maven.apache.org/maven2/org/apache/commons/commons-lang3/3.8.1/commons-lang3-3.8.1.jar
Progress (3): 155/608 kB | 1.4/2.2 MB | 65/218 kB
Progress (3): 155/608 kB | 1.4/2.2 MB | 65/218 kB
Progress (3): 155/608 kB | 1.4/2.2 MB | 65/218 kB
Progress (3): 155/608 kB | 1.4/2.2 MB | 65/218 kB
Progress (3): 172/608 kB | 1.4/2.2 MB | 65/218 kB
Progress (4): 172/608 kB | 1.4/2.2 MB | 65/218 kB | 7.7/640 kB
Progress (4): 172/608 kB | 1.4/2.2 MB | 65/218 kB | 16/640 kB 
Progress (4): 172/608 kB | 1.4/2.2 MB | 81/218 kB | 16/640 kB
Progress (4): 172/608 kB | 1.4/2.2 MB | 81/218 kB | 32/640 kB
Progress (4): 172/608 kB | 1.4/2.2 MB | 81/218 kB | 49/640 kB
Progress (4): 172/608 kB | 1.4/2.2 MB | 98/218 kB | 49/640 kB
Progress (4): 172/608 kB | 1.4/2.2 MB | 98/218 kB | 49/640 kB
Progress (4): 172/608 kB | 1.4/2.2 MB | 98/218 kB | 49/640 kB
Progress (4): 172/608 kB | 1.4/2.2 MB | 98/218 kB | 65/640 kB
Progress (4): 172/608 kB | 1.4/2.2 MB | 98/218 kB | 81/640 kB
Progress (4): 188/608 kB | 1.4/2.2 MB | 98/218 kB | 81/640 kB
Progress (4): 188/608 kB | 1.4/2.2 MB | 98/218 kB | 81/640 kB
Progress (4): 188/608 kB | 1.4/2.2 MB | 98/218 kB | 98/640 kB
Progress (5): 188/608 kB | 1.4/2.2 MB | 98/218 kB | 98/640 kB | 7.7/502 kB
Progress (5): 188/608 kB | 1.4/2.2 MB | 98/218 kB | 98/640 kB | 16/502 kB 
Progress (5): 188/608 kB | 1.5/2.2 MB | 98/218 kB | 98/640 kB | 16/502 kB
Progress (5): 188/608 kB | 1.5/2.2 MB | 98/218 kB | 98/640 kB | 25/502 kB
Progress (5): 188/608 kB | 1.5/2.2 MB | 98/218 kB | 114/640 kB | 25/502 kB
Progress (5): 188/608 kB | 1.5/2.2 MB | 98/218 kB | 114/640 kB | 25/502 kB
Progress (5): 188/608 kB | 1.5/2.2 MB | 98/218 kB | 114/640 kB | 41/502 kB
Progress (5): 188/608 kB | 1.5/2.2 MB | 98/218 kB | 131/640 kB | 41/502 kB
Progress (5): 188/608 kB | 1.5/2.2 MB | 98/218 kB | 131/640 kB | 57/502 kB
Progress (5): 188/608 kB | 1.5/2.2 MB | 98/218 kB | 131/640 kB | 57/502 kB
Progress (5): 188/608 kB | 1.5/2.2 MB | 98/218 kB | 147/640 kB | 57/502 kB
Progress (5): 188/608 kB | 1.5/2.2 MB | 98/218 kB | 147/640 kB | 57/502 kB
Progress (5): 188/608 kB | 1.5/2.2 MB | 98/218 kB | 147/640 kB | 57/502 kB
Progress (5): 188/608 kB | 1.5/2.2 MB | 98/218 kB | 147/640 kB | 57/502 kB
Progress (5): 188/608 kB | 1.5/2.2 MB | 98/218 kB | 147/640 kB | 74/502 kB
Progress (5): 188/608 kB | 1.5/2.2 MB | 98/218 kB | 163/640 kB | 74/502 kB
Progress (5): 188/608 kB | 1.5/2.2 MB | 98/218 kB | 163/640 kB | 90/502 kB
Progress (5): 188/608 kB | 1.5/2.2 MB | 98/218 kB | 180/640 kB | 90/502 kB
Progress (5): 188/608 kB | 1.5/2.2 MB | 98/218 kB | 180/640 kB | 106/502 kB
Progress (5): 188/608 kB | 1.5/2.2 MB | 114/218 kB | 180/640 kB | 106/502 kB
Progress (5): 188/608 kB | 1.5/2.2 MB | 131/218 kB | 180/640 kB | 106/502 kB
Progress (5): 188/608 kB | 1.5/2.2 MB | 131/218 kB | 196/640 kB | 106/502 kB
Progress (5): 188/608 kB | 1.5/2.2 MB | 131/218 kB | 212/640 kB | 106/502 kB
Progress (5): 188/608 kB | 1.6/2.2 MB | 131/218 kB | 212/640 kB | 106/502 kB
Progress (5): 188/608 kB | 1.6/2.2 MB | 131/218 kB | 212/640 kB | 106/502 kB
Progress (5): 188/608 kB | 1.6/2.2 MB | 131/218 kB | 212/640 kB | 106/502 kB
Progress (5): 188/608 kB | 1.6/2.2 MB | 131/218 kB | 229/640 kB | 106/502 kB
Progress (5): 188/608 kB | 1.6/2.2 MB | 131/218 kB | 245/640 kB | 106/502 kB
Progress (5): 188/608 kB | 1.6/2.2 MB | 147/218 kB | 245/640 kB | 106/502 kB
Progress (5): 188/608 kB | 1.6/2.2 MB | 163/218 kB | 245/640 kB | 106/502 kB
Progress (5): 188/608 kB | 1.6/2.2 MB | 163/218 kB | 262/640 kB | 106/502 kB
Progress (5): 204/608 kB | 1.6/2.2 MB | 163/218 kB | 262/640 kB | 106/502 kB
Progress (5): 204/608 kB | 1.6/2.2 MB | 163/218 kB | 278/640 kB | 106/502 kB
Progress (5): 204/608 kB | 1.6/2.2 MB | 163/218 kB | 278/640 kB | 123/502 kB
Progress (5): 204/608 kB | 1.6/2.2 MB | 163/218 kB | 278/640 kB | 139/502 kB
Progress (5): 204/608 kB | 1.6/2.2 MB | 180/218 kB | 278/640 kB | 139/502 kB
Progress (5): 204/608 kB | 1.6/2.2 MB | 180/218 kB | 278/640 kB | 139/502 kB
Progress (5): 204/608 kB | 1.6/2.2 MB | 180/218 kB | 278/640 kB | 139/502 kB
Progress (5): 204/608 kB | 1.6/2.2 MB | 180/218 kB | 278/640 kB | 139/502 kB
Progress (5): 204/608 kB | 1.7/2.2 MB | 180/218 kB | 278/640 kB | 139/502 kB
Progress (5): 204/608 kB | 1.7/2.2 MB | 180/218 kB | 278/640 kB | 139/502 kB
Progress (5): 204/608 kB | 1.7/2.2 MB | 180/218 kB | 278/640 kB | 139/502 kB
Progress (5): 204/608 kB | 1.7/2.2 MB | 180/218 kB | 278/640 kB | 139/502 kB
Progress (5): 204/608 kB | 1.7/2.2 MB | 196/218 kB | 278/640 kB | 139/502 kB
Progress (5): 204/608 kB | 1.7/2.2 MB | 196/218 kB | 278/640 kB | 139/502 kB
Progress (5): 204/608 kB | 1.7/2.2 MB | 196/218 kB | 278/640 kB | 139/502 kB
Progress (5): 204/608 kB | 1.8/2.2 MB | 196/218 kB | 278/640 kB | 139/502 kB
Progress (5): 204/608 kB | 1.8/2.2 MB | 196/218 kB | 294/640 kB | 139/502 kB
Progress (5): 204/608 kB | 1.8/2.2 MB | 196/218 kB | 311/640 kB | 139/502 kB
Progress (5): 204/608 kB | 1.8/2.2 MB | 196/218 kB | 327/640 kB | 139/502 kB
Progress (5): 204/608 kB | 1.8/2.2 MB | 196/218 kB | 344/640 kB | 139/502 kB
Progress (5): 204/608 kB | 1.8/2.2 MB | 196/218 kB | 360/640 kB | 139/502 kB
Progress (5): 204/608 kB | 1.8/2.2 MB | 196/218 kB | 376/640 kB | 139/502 kB
Progress (5): 204/608 kB | 1.8/2.2 MB | 196/218 kB | 393/640 kB | 139/502 kB
Progress (5): 204/608 kB | 1.8/2.2 MB | 196/218 kB | 409/640 kB | 139/502 kB
Progress (5): 204/608 kB | 1.8/2.2 MB | 196/218 kB | 425/640 kB | 139/502 kB
Progress (5): 204/608 kB | 1.8/2.2 MB | 196/218 kB | 442/640 kB | 139/502 kB
Progress (5): 204/608 kB | 1.8/2.2 MB | 196/218 kB | 442/640 kB | 139/502 kB
Progress (5): 204/608 kB | 1.8/2.2 MB | 196/218 kB | 442/640 kB | 139/502 kB
Progress (5): 204/608 kB | 1.8/2.2 MB | 196/218 kB | 458/640 kB | 139/502 kB
Progress (5): 221/608 kB | 1.8/2.2 MB | 196/218 kB | 458/640 kB | 139/502 kB
Progress (5): 221/608 kB | 1.8/2.2 MB | 196/218 kB | 475/640 kB | 139/502 kB
Progress (5): 221/608 kB | 1.8/2.2 MB | 196/218 kB | 491/640 kB | 139/502 kB
Progress (5): 221/608 kB | 1.8/2.2 MB | 196/218 kB | 491/640 kB | 139/502 kB
Progress (5): 221/608 kB | 1.8/2.2 MB | 196/218 kB | 507/640 kB | 139/502 kB
Progress (5): 221/608 kB | 1.8/2.2 MB | 196/218 kB | 524/640 kB | 139/502 kB
Progress (5): 221/608 kB | 1.8/2.2 MB | 196/218 kB | 524/640 kB | 139/502 kB
Progress (5): 221/608 kB | 1.8/2.2 MB | 196/218 kB | 524/640 kB | 139/502 kB
Progress (5): 221/608 kB | 1.8/2.2 MB | 196/218 kB | 540/640 kB | 139/502 kB
Progress (5): 221/608 kB | 1.9/2.2 MB | 196/218 kB | 540/640 kB | 139/502 kB
Progress (5): 221/608 kB | 1.9/2.2 MB | 196/218 kB | 557/640 kB | 139/502 kB
Progress (5): 221/608 kB | 1.9/2.2 MB | 196/218 kB | 557/640 kB | 139/502 kB
Progress (5): 221/608 kB | 1.9/2.2 MB | 196/218 kB | 557/640 kB | 139/502 kB
Progress (5): 221/608 kB | 1.9/2.2 MB | 196/218 kB | 573/640 kB | 139/502 kB
Progress (5): 221/608 kB | 1.9/2.2 MB | 196/218 kB | 589/640 kB | 139/502 kB
Progress (5): 221/608 kB | 1.9/2.2 MB | 196/218 kB | 589/640 kB | 156/502 kB
Progress (5): 221/608 kB | 1.9/2.2 MB | 196/218 kB | 589/640 kB | 172/502 kB
Progress (5): 221/608 kB | 1.9/2.2 MB | 196/218 kB | 589/640 kB | 188/502 kB
Progress (5): 221/608 kB | 1.9/2.2 MB | 196/218 kB | 589/640 kB | 205/502 kB
Progress (5): 221/608 kB | 1.9/2.2 MB | 196/218 kB | 589/640 kB | 221/502 kB
Progress (5): 221/608 kB | 1.9/2.2 MB | 196/218 kB | 589/640 kB | 238/502 kB
Progress (5): 221/608 kB | 1.9/2.2 MB | 196/218 kB | 589/640 kB | 238/502 kB
Progress (5): 221/608 kB | 1.9/2.2 MB | 196/218 kB | 589/640 kB | 254/502 kB
Progress (5): 221/608 kB | 1.9/2.2 MB | 196/218 kB | 589/640 kB | 270/502 kB
Progress (5): 221/608 kB | 1.9/2.2 MB | 196/218 kB | 589/640 kB | 287/502 kB
Progress (5): 221/608 kB | 1.9/2.2 MB | 196/218 kB | 589/640 kB | 303/502 kB
Progress (5): 221/608 kB | 1.9/2.2 MB | 196/218 kB | 589/640 kB | 319/502 kB
Progress (5): 221/608 kB | 1.9/2.2 MB | 196/218 kB | 589/640 kB | 336/502 kB
Progress (5): 221/608 kB | 1.9/2.2 MB | 196/218 kB | 589/640 kB | 352/502 kB
Progress (5): 221/608 kB | 1.9/2.2 MB | 196/218 kB | 589/640 kB | 369/502 kB
Progress (5): 221/608 kB | 1.9/2.2 MB | 196/218 kB | 589/640 kB | 385/502 kB
Progress (5): 221/608 kB | 1.9/2.2 MB | 196/218 kB | 589/640 kB | 401/502 kB
Progress (5): 221/608 kB | 1.9/2.2 MB | 196/218 kB | 589/640 kB | 418/502 kB
Progress (5): 221/608 kB | 1.9/2.2 MB | 196/218 kB | 589/640 kB | 418/502 kB
Progress (5): 221/608 kB | 1.9/2.2 MB | 196/218 kB | 606/640 kB | 418/502 kB
Progress (5): 221/608 kB | 1.9/2.2 MB | 196/218 kB | 622/640 kB | 418/502 kB
Progress (5): 221/608 kB | 1.9/2.2 MB | 196/218 kB | 622/640 kB | 434/502 kB
Progress (5): 221/608 kB | 1.9/2.2 MB | 196/218 kB | 622/640 kB | 451/502 kB
Progress (5): 221/608 kB | 1.9/2.2 MB | 196/218 kB | 622/640 kB | 467/502 kB
Progress (5): 221/608 kB | 1.9/2.2 MB | 196/218 kB | 622/640 kB | 483/502 kB
Progress (5): 221/608 kB | 1.9/2.2 MB | 196/218 kB | 622/640 kB | 500/502 kB
Progress (5): 221/608 kB | 1.9/2.2 MB | 196/218 kB | 622/640 kB | 502 kB    
                                                                        
Downloaded from central: https://repo.maven.apache.org/maven2/org/apache/commons/commons-lang3/3.8.1/commons-lang3-3.8.1.jar (502 kB at 86 kB/s)
Downloading from central: https://repo.maven.apache.org/maven2/org/apache/commons/commons-text/1.3/commons-text-1.3.jar
Progress (4): 221/608 kB | 1.9/2.2 MB | 196/218 kB | 622/640 kB
Progress (4): 221/608 kB | 1.9/2.2 MB | 196/218 kB | 638/640 kB
Progress (4): 221/608 kB | 1.9/2.2 MB | 196/218 kB | 640 kB    
                                                           
Downloaded from central: https://repo.maven.apache.org/maven2/com/google/collections/google-collections/1.0/google-collections-1.0.jar (640 kB at 110 kB/s)
Downloading from central: https://repo.maven.apache.org/maven2/org/apache/httpcomponents/httpclient/4.5.13/httpclient-4.5.13.jar
Progress (3): 221/608 kB | 2.0/2.2 MB | 196/218 kB
Progress (3): 221/608 kB | 2.0/2.2 MB | 196/218 kB
Progress (3): 221/608 kB | 2.0/2.2 MB | 196/218 kB
Progress (3): 221/608 kB | 2.0/2.2 MB | 196/218 kB
Progress (3): 221/608 kB | 2.0/2.2 MB | 196/218 kB
Progress (3): 221/608 kB | 2.0/2.2 MB | 196/218 kB
Progress (4): 221/608 kB | 2.0/2.2 MB | 196/218 kB | 7.7/183 kB
Progress (4): 221/608 kB | 2.0/2.2 MB | 196/218 kB | 16/183 kB 
Progress (4): 221/608 kB | 2.1/2.2 MB | 196/218 kB | 16/183 kB
Progress (4): 221/608 kB | 2.1/2.2 MB | 212/218 kB | 16/183 kB
Progress (4): 221/608 kB | 2.1/2.2 MB | 218 kB | 16/183 kB    
                                                          
Downloaded from central: https://repo.maven.apache.org/maven2/org/apache/maven/doxia/doxia-core/1.11.1/doxia-core-1.11.1.jar (218 kB at 36 kB/s)
Downloading from central: https://repo.maven.apache.org/maven2/commons-logging/commons-logging/1.2/commons-logging-1.2.jar
Progress (3): 221/608 kB | 2.1/2.2 MB | 32/183 kB
Progress (4): 221/608 kB | 2.1/2.2 MB | 32/183 kB | 7.7/780 kB
Progress (4): 221/608 kB | 2.1/2.2 MB | 32/183 kB | 16/780 kB 
Progress (4): 221/608 kB | 2.1/2.2 MB | 32/183 kB | 16/780 kB
Progress (4): 221/608 kB | 2.1/2.2 MB | 32/183 kB | 16/780 kB
Progress (4): 221/608 kB | 2.1/2.2 MB | 32/183 kB | 16/780 kB
Progress (4): 221/608 kB | 2.1/2.2 MB | 32/183 kB | 16/780 kB
Progress (4): 221/608 kB | 2.1/2.2 MB | 32/183 kB | 16/780 kB
Progress (4): 221/608 kB | 2.2/2.2 MB | 32/183 kB | 16/780 kB
Progress (4): 221/608 kB | 2.2/2.2 MB | 32/183 kB | 16/780 kB
Progress (4): 221/608 kB | 2.2/2.2 MB | 32/183 kB | 32/780 kB
Progress (4): 237/608 kB | 2.2/2.2 MB | 32/183 kB | 32/780 kB
Progress (4): 237/608 kB | 2.2/2.2 MB | 32/183 kB | 49/780 kB
Progress (4): 237/608 kB | 2.2/2.2 MB | 32/183 kB | 65/780 kB
Progress (4): 237/608 kB | 2.2/2.2 MB | 32/183 kB | 81/780 kB
Progress (4): 253/608 kB | 2.2/2.2 MB | 32/183 kB | 81/780 kB
Progress (4): 253/608 kB | 2.2/2.2 MB | 32/183 kB | 97/780 kB
Progress (4): 253/608 kB | 2.2/2.2 MB | 32/183 kB | 114/780 kB
Progress (4): 253/608 kB | 2.2/2.2 MB | 32/183 kB | 130/780 kB
Progress (4): 253/608 kB | 2.2/2.2 MB | 32/183 kB | 147/780 kB
Progress (4): 253/608 kB | 2.2/2.2 MB | 32/183 kB | 163/780 kB
Progress (5): 253/608 kB | 2.2/2.2 MB | 32/183 kB | 163/780 kB | 7.7/62 kB
Progress (5): 253/608 kB | 2.2/2.2 MB | 32/183 kB | 163/780 kB | 11/62 kB 
Progress (5): 253/608 kB | 2.2/2.2 MB | 32/183 kB | 179/780 kB | 11/62 kB
Progress (5): 253/608 kB | 2.2/2.2 MB | 32/183 kB | 196/780 kB | 11/62 kB
Progress (5): 253/608 kB | 2.2/2.2 MB | 32/183 kB | 212/780 kB | 11/62 kB
Progress (5): 253/608 kB | 2.2/2.2 MB | 32/183 kB | 228/780 kB | 11/62 kB
Progress (5): 253/608 kB | 2.2/2.2 MB | 32/183 kB | 245/780 kB | 11/62 kB
Progress (5): 253/608 kB | 2.2/2.2 MB | 32/183 kB | 261/780 kB | 11/62 kB
Progress (5): 270/608 kB | 2.2/2.2 MB | 32/183 kB | 261/780 kB | 11/62 kB
Progress (5): 270/608 kB | 2.2/2.2 MB | 32/183 kB | 278/780 kB | 11/62 kB
Progress (5): 270/608 kB | 2.2/2.2 MB | 32/183 kB | 278/780 kB | 11/62 kB
Progress (5): 270/608 kB | 2.2/2.2 MB | 32/183 kB | 278/780 kB | 11/62 kB
Progress (5): 270/608 kB | 2.2/2.2 MB | 32/183 kB | 278/780 kB | 11/62 kB
Progress (5): 270/608 kB | 2.2 MB | 32/183 kB | 278/780 kB | 11/62 kB    
                                                                     
Downloaded from central: https://repo.maven.apache.org/maven2/com/google/guava/guava/16.0.1/guava-16.0.1.jar (2.2 MB at 347 kB/s)
Downloading from central: https://repo.maven.apache.org/maven2/commons-codec/commons-codec/1.11/commons-codec-1.11.jar
Progress (4): 270/608 kB | 49/183 kB | 278/780 kB | 11/62 kB
Progress (4): 270/608 kB | 65/183 kB | 278/780 kB | 11/62 kB
Progress (4): 270/608 kB | 81/183 kB | 278/780 kB | 11/62 kB
Progress (4): 270/608 kB | 98/183 kB | 278/780 kB | 11/62 kB
Progress (4): 270/608 kB | 114/183 kB | 278/780 kB | 11/62 kB
Progress (4): 270/608 kB | 131/183 kB | 278/780 kB | 11/62 kB
Progress (4): 270/608 kB | 147/183 kB | 278/780 kB | 11/62 kB
Progress (4): 270/608 kB | 163/183 kB | 278/780 kB | 11/62 kB
Progress (4): 270/608 kB | 180/183 kB | 278/780 kB | 11/62 kB
Progress (4): 270/608 kB | 180/183 kB | 294/780 kB | 11/62 kB
Progress (4): 270/608 kB | 183 kB | 294/780 kB | 11/62 kB    
                                                         
Downloaded from central: https://repo.maven.apache.org/maven2/org/apache/commons/commons-text/1.3/commons-text-1.3.jar (183 kB at 28 kB/s)
Downloading from central: https://repo.maven.apache.org/maven2/org/apache/httpcomponents/httpcore/4.4.14/httpcore-4.4.14.jar
Progress (3): 270/608 kB | 310/780 kB | 11/62 kB
Progress (3): 270/608 kB | 327/780 kB | 11/62 kB
Progress (3): 270/608 kB | 343/780 kB | 11/62 kB
Progress (3): 270/608 kB | 360/780 kB | 11/62 kB
Progress (3): 270/608 kB | 360/780 kB | 28/62 kB
Progress (3): 270/608 kB | 360/780 kB | 44/62 kB
Progress (3): 270/608 kB | 360/780 kB | 61/62 kB
Progress (3): 270/608 kB | 360/780 kB | 62 kB   
                                             
Downloaded from central: https://repo.maven.apache.org/maven2/commons-logging/commons-logging/1.2/commons-logging-1.2.jar (62 kB at 9.5 kB/s)
Downloading from central: https://repo.maven.apache.org/maven2/org/apache/maven/doxia/doxia-module-xhtml/1.11.1/doxia-module-xhtml-1.11.1.jar
Progress (2): 270/608 kB | 376/780 kB
Progress (2): 270/608 kB | 392/780 kB
Progress (2): 270/608 kB | 409/780 kB
Progress (2): 270/608 kB | 425/780 kB
Progress (2): 270/608 kB | 441/780 kB
Progress (3): 270/608 kB | 441/780 kB | 7.7/335 kB
Progress (3): 270/608 kB | 441/780 kB | 15/335 kB 
Progress (4): 270/608 kB | 441/780 kB | 15/335 kB | 7.7/328 kB
Progress (4): 270/608 kB | 441/780 kB | 15/335 kB | 16/328 kB 
Progress (4): 270/608 kB | 441/780 kB | 15/335 kB | 24/328 kB
Progress (4): 270/608 kB | 458/780 kB | 15/335 kB | 24/328 kB
Progress (4): 270/608 kB | 458/780 kB | 15/335 kB | 40/328 kB
Progress (4): 270/608 kB | 474/780 kB | 15/335 kB | 40/328 kB
Progress (4): 270/608 kB | 474/780 kB | 15/335 kB | 57/328 kB
Progress (4): 270/608 kB | 491/780 kB | 15/335 kB | 57/328 kB
Progress (4): 270/608 kB | 507/780 kB | 15/335 kB | 57/328 kB
Progress (4): 270/608 kB | 523/780 kB | 15/335 kB | 57/328 kB
Progress (4): 270/608 kB | 540/780 kB | 15/335 kB | 57/328 kB
Progress (4): 286/608 kB | 540/780 kB | 15/335 kB | 57/328 kB
Progress (4): 286/608 kB | 556/780 kB | 15/335 kB | 57/328 kB
Progress (4): 286/608 kB | 573/780 kB | 15/335 kB | 57/328 kB
Progress (4): 286/608 kB | 589/780 kB | 15/335 kB | 57/328 kB
Progress (4): 286/608 kB | 605/780 kB | 15/335 kB | 57/328 kB
Progress (4): 286/608 kB | 605/780 kB | 32/335 kB | 57/328 kB
Progress (4): 286/608 kB | 605/780 kB | 48/335 kB | 57/328 kB
Progress (4): 286/608 kB | 622/780 kB | 48/335 kB | 57/328 kB
Progress (4): 286/608 kB | 638/780 kB | 48/335 kB | 57/328 kB
Progress (4): 286/608 kB | 638/780 kB | 65/335 kB | 57/328 kB
Progress (4): 286/608 kB | 654/780 kB | 65/335 kB | 57/328 kB
Progress (4): 286/608 kB | 654/780 kB | 81/335 kB | 57/328 kB
Progress (4): 286/608 kB | 654/780 kB | 97/335 kB | 57/328 kB
Progress (4): 286/608 kB | 654/780 kB | 114/335 kB | 57/328 kB
Progress (4): 286/608 kB | 671/780 kB | 114/335 kB | 57/328 kB
Progress (4): 286/608 kB | 687/780 kB | 114/335 kB | 57/328 kB
Progress (4): 286/608 kB | 704/780 kB | 114/335 kB | 57/328 kB
Progress (5): 286/608 kB | 704/780 kB | 114/335 kB | 57/328 kB | 7.7/17 kB
Progress (5): 286/608 kB | 704/780 kB | 114/335 kB | 57/328 kB | 16/17 kB 
Progress (5): 286/608 kB | 720/780 kB | 114/335 kB | 57/328 kB | 16/17 kB
Progress (5): 286/608 kB | 736/780 kB | 114/335 kB | 57/328 kB | 16/17 kB
Progress (5): 286/608 kB | 736/780 kB | 130/335 kB | 57/328 kB | 16/17 kB
Progress (5): 286/608 kB | 736/780 kB | 147/335 kB | 57/328 kB | 16/17 kB
Progress (5): 286/608 kB | 736/780 kB | 163/335 kB | 57/328 kB | 16/17 kB
Progress (5): 286/608 kB | 753/780 kB | 163/335 kB | 57/328 kB | 16/17 kB
Progress (5): 286/608 kB | 769/780 kB | 163/335 kB | 57/328 kB | 16/17 kB
Progress (5): 286/608 kB | 769/780 kB | 179/335 kB | 57/328 kB | 16/17 kB
Progress (5): 286/608 kB | 769/780 kB | 196/335 kB | 57/328 kB | 16/17 kB
Progress (5): 286/608 kB | 769/780 kB | 196/335 kB | 73/328 kB | 16/17 kB
Progress (5): 286/608 kB | 769/780 kB | 196/335 kB | 90/328 kB | 16/17 kB
Progress (5): 286/608 kB | 769/780 kB | 196/335 kB | 106/328 kB | 16/17 kB
Progress (5): 286/608 kB | 769/780 kB | 196/335 kB | 122/328 kB | 16/17 kB
Progress (5): 286/608 kB | 769/780 kB | 196/335 kB | 139/328 kB | 16/17 kB
Progress (5): 286/608 kB | 769/780 kB | 196/335 kB | 155/328 kB | 16/17 kB
Progress (5): 286/608 kB | 769/780 kB | 196/335 kB | 172/328 kB | 16/17 kB
Progress (5): 286/608 kB | 769/780 kB | 196/335 kB | 188/328 kB | 16/17 kB
Progress (5): 286/608 kB | 769/780 kB | 196/335 kB | 204/328 kB | 16/17 kB
Progress (5): 286/608 kB | 769/780 kB | 196/335 kB | 221/328 kB | 16/17 kB
Progress (5): 286/608 kB | 769/780 kB | 196/335 kB | 237/328 kB | 16/17 kB
Progress (5): 286/608 kB | 769/780 kB | 196/335 kB | 253/328 kB | 16/17 kB
Progress (5): 286/608 kB | 769/780 kB | 196/335 kB | 270/328 kB | 16/17 kB
Progress (5): 286/608 kB | 769/780 kB | 196/335 kB | 286/328 kB | 16/17 kB
Progress (5): 286/608 kB | 769/780 kB | 196/335 kB | 303/328 kB | 16/17 kB
Progress (5): 286/608 kB | 769/780 kB | 196/335 kB | 319/328 kB | 16/17 kB
Progress (5): 286/608 kB | 769/780 kB | 196/335 kB | 328 kB | 16/17 kB    
                                                                      
Downloaded from central: https://repo.maven.apache.org/maven2/org/apache/httpcomponents/httpcore/4.4.14/httpcore-4.4.14.jar (328 kB at 46 kB/s)
Downloading from central: https://repo.maven.apache.org/maven2/org/apache/maven/doxia/doxia-module-xhtml5/1.11.1/doxia-module-xhtml5-1.11.1.jar
Progress (4): 286/608 kB | 769/780 kB | 212/335 kB | 16/17 kB
Progress (4): 286/608 kB | 769/780 kB | 212/335 kB | 17 kB   
                                                          
Downloaded from central: https://repo.maven.apache.org/maven2/org/apache/maven/doxia/doxia-module-xhtml/1.11.1/doxia-module-xhtml-1.11.1.jar (17 kB at 2.4 kB/s)
Downloading from central: https://repo.maven.apache.org/maven2/org/apache/maven/doxia/doxia-module-apt/1.11.1/doxia-module-apt-1.11.1.jar
Progress (3): 286/608 kB | 769/780 kB | 228/335 kB
Progress (3): 286/608 kB | 769/780 kB | 245/335 kB
Progress (3): 286/608 kB | 769/780 kB | 261/335 kB
Progress (3): 303/608 kB | 769/780 kB | 261/335 kB
Progress (4): 303/608 kB | 769/780 kB | 261/335 kB | 7.7/18 kB
Progress (4): 303/608 kB | 769/780 kB | 261/335 kB | 16/18 kB 
Progress (4): 303/608 kB | 769/780 kB | 261/335 kB | 18 kB   
                                                          
Downloaded from central: https://repo.maven.apache.org/maven2/org/apache/maven/doxia/doxia-module-xhtml5/1.11.1/doxia-module-xhtml5-1.11.1.jar (18 kB at 2.4 kB/s)
Downloading from central: https://repo.maven.apache.org/maven2/org/apache/maven/doxia/doxia-module-xdoc/1.11.1/doxia-module-xdoc-1.11.1.jar
Progress (4): 303/608 kB | 769/780 kB | 261/335 kB | 7.7/55 kB
Progress (4): 303/608 kB | 769/780 kB | 261/335 kB | 16/55 kB 
Progress (4): 303/608 kB | 769/780 kB | 278/335 kB | 16/55 kB
Progress (4): 303/608 kB | 769/780 kB | 294/335 kB | 16/55 kB
Progress (4): 303/608 kB | 769/780 kB | 310/335 kB | 16/55 kB
Progress (4): 303/608 kB | 769/780 kB | 327/335 kB | 16/55 kB
Progress (4): 303/608 kB | 769/780 kB | 335 kB | 16/55 kB    
                                                         
Downloaded from central: https://repo.maven.apache.org/maven2/commons-codec/commons-codec/1.11/commons-codec-1.11.jar (335 kB at 45 kB/s)
Downloading from central: https://repo.maven.apache.org/maven2/org/apache/maven/doxia/doxia-module-fml/1.11.1/doxia-module-fml-1.11.1.jar
Progress (3): 319/608 kB | 769/780 kB | 16/55 kB
Progress (4): 319/608 kB | 769/780 kB | 16/55 kB | 7.7/37 kB
Progress (4): 319/608 kB | 769/780 kB | 16/55 kB | 15/37 kB 
Progress (4): 319/608 kB | 769/780 kB | 16/55 kB | 32/37 kB
Progress (4): 319/608 kB | 769/780 kB | 16/55 kB | 37 kB   
                                                        
Downloaded from central: https://repo.maven.apache.org/maven2/org/apache/maven/doxia/doxia-module-xdoc/1.11.1/doxia-module-xdoc-1.11.1.jar (37 kB at 4.9 kB/s)
Downloading from central: https://repo.maven.apache.org/maven2/org/apache/maven/doxia/doxia-module-markdown/1.11.1/doxia-module-markdown-1.11.1.jar
Progress (3): 319/608 kB | 769/780 kB | 32/55 kB
Progress (3): 319/608 kB | 769/780 kB | 49/55 kB
Progress (3): 319/608 kB | 769/780 kB | 55 kB   
                                             
Downloaded from central: https://repo.maven.apache.org/maven2/org/apache/maven/doxia/doxia-module-apt/1.11.1/doxia-module-apt-1.11.1.jar (55 kB at 7.2 kB/s)
Downloading from central: https://repo.maven.apache.org/maven2/com/vladsch/flexmark/flexmark-all/0.42.14/flexmark-all-0.42.14.jar
Progress (3): 319/608 kB | 769/780 kB | 7.7/38 kB
Progress (3): 319/608 kB | 769/780 kB | 11/38 kB 
Progress (3): 319/608 kB | 769/780 kB | 28/38 kB
Progress (3): 319/608 kB | 769/780 kB | 38 kB   
                                             
Downloaded from central: https://repo.maven.apache.org/maven2/org/apache/maven/doxia/doxia-module-fml/1.11.1/doxia-module-fml-1.11.1.jar (38 kB at 5.0 kB/s)
Downloading from central: https://repo.maven.apache.org/maven2/com/vladsch/flexmark/flexmark/0.42.14/flexmark-0.42.14.jar
Progress (2): 335/608 kB | 769/780 kB
Progress (2): 335/608 kB | 780 kB    
                                 
Downloaded from central: https://repo.maven.apache.org/maven2/org/apache/httpcomponents/httpclient/4.5.13/httpclient-4.5.13.jar (780 kB at 101 kB/s)
Downloading from central: https://repo.maven.apache.org/maven2/com/vladsch/flexmark/flexmark-ext-abbreviation/0.42.14/flexmark-ext-abbreviation-0.42.14.jar
Progress (2): 335/608 kB | 2.2 kB
                                 
Downloaded from central: https://repo.maven.apache.org/maven2/com/vladsch/flexmark/flexmark-all/0.42.14/flexmark-all-0.42.14.jar (2.2 kB at 274 B/s)
Downloading from central: https://repo.maven.apache.org/maven2/com/vladsch/flexmark/flexmark-ext-admonition/0.42.14/flexmark-ext-admonition-0.42.14.jar
Progress (2): 335/608 kB | 7.7/18 kB
Progress (2): 335/608 kB | 16/18 kB 
Progress (2): 335/608 kB | 18 kB   
                                
Downloaded from central: https://repo.maven.apache.org/maven2/org/apache/maven/doxia/doxia-module-markdown/1.11.1/doxia-module-markdown-1.11.1.jar (18 kB at 2.3 kB/s)
Downloading from central: https://repo.maven.apache.org/maven2/com/vladsch/flexmark/flexmark-ext-anchorlink/0.42.14/flexmark-ext-anchorlink-0.42.14.jar
Progress (2): 335/608 kB | 7.7/35 kB
Progress (2): 335/608 kB | 16/35 kB 
Progress (2): 335/608 kB | 24/35 kB
Progress (2): 335/608 kB | 35 kB   
                                
Downloaded from central: https://repo.maven.apache.org/maven2/com/vladsch/flexmark/flexmark-ext-abbreviation/0.42.14/flexmark-ext-abbreviation-0.42.14.jar (35 kB at 4.4 kB/s)
Downloading from central: https://repo.maven.apache.org/maven2/com/vladsch/flexmark/flexmark-ext-aside/0.42.14/flexmark-ext-aside-0.42.14.jar
Progress (2): 335/608 kB | 7.7/389 kB
Progress (2): 335/608 kB | 7.7/389 kB
Progress (2): 335/608 kB | 24/389 kB 
Progress (2): 352/608 kB | 24/389 kB
Progress (2): 352/608 kB | 40/389 kB
Progress (2): 352/608 kB | 57/389 kB
Progress (3): 352/608 kB | 57/389 kB | 7.7/17 kB
Progress (3): 352/608 kB | 57/389 kB | 16/17 kB 
Progress (3): 352/608 kB | 57/389 kB | 17 kB   
                                            
Downloaded from central: https://repo.maven.apache.org/maven2/com/vladsch/flexmark/flexmark-ext-anchorlink/0.42.14/flexmark-ext-anchorlink-0.42.14.jar (17 kB at 2.1 kB/s)
Downloading from central: https://repo.maven.apache.org/maven2/com/vladsch/flexmark/flexmark-ext-attributes/0.42.14/flexmark-ext-attributes-0.42.14.jar
Progress (2): 352/608 kB | 73/389 kB
Progress (2): 352/608 kB | 90/389 kB
Progress (2): 352/608 kB | 93/389 kB
Progress (2): 352/608 kB | 110/389 kB
Progress (2): 368/608 kB | 110/389 kB
Progress (2): 368/608 kB | 122/389 kB
Progress (2): 368/608 kB | 139/389 kB
Progress (3): 368/608 kB | 139/389 kB | 7.7/16 kB
Progress (3): 368/608 kB | 139/389 kB | 16/16 kB 
Progress (3): 368/608 kB | 139/389 kB | 16 kB   
                                             
Downloaded from central: https://repo.maven.apache.org/maven2/com/vladsch/flexmark/flexmark-ext-aside/0.42.14/flexmark-ext-aside-0.42.14.jar (16 kB at 2.0 kB/s)
Downloading from central: https://repo.maven.apache.org/maven2/com/vladsch/flexmark/flexmark-ext-autolink/0.42.14/flexmark-ext-autolink-0.42.14.jar
Progress (2): 368/608 kB | 155/389 kB
Progress (3): 368/608 kB | 155/389 kB | 7.7/9.4 kB
Progress (3): 368/608 kB | 155/389 kB | 9.4 kB    
                                              
Downloaded from central: https://repo.maven.apache.org/maven2/com/vladsch/flexmark/flexmark-ext-autolink/0.42.14/flexmark-ext-autolink-0.42.14.jar (9.4 kB at 1.1 kB/s)
Downloading from central: https://repo.maven.apache.org/maven2/org/nibor/autolink/autolink/0.6.0/autolink-0.6.0.jar
Progress (2): 368/608 kB | 172/389 kB
Progress (2): 368/608 kB | 188/389 kB
Progress (2): 385/608 kB | 188/389 kB
Progress (3): 385/608 kB | 188/389 kB | 7.7/36 kB
Progress (3): 385/608 kB | 188/389 kB | 16/36 kB 
Progress (3): 385/608 kB | 188/389 kB | 24/36 kB
Progress (3): 385/608 kB | 188/389 kB | 36 kB   
                                             
Downloaded from central: https://repo.maven.apache.org/maven2/com/vladsch/flexmark/flexmark-ext-attributes/0.42.14/flexmark-ext-attributes-0.42.14.jar (36 kB at 4.2 kB/s)
Downloading from central: https://repo.maven.apache.org/maven2/com/vladsch/flexmark/flexmark-ext-definition/0.42.14/flexmark-ext-definition-0.42.14.jar
Progress (2): 385/608 kB | 204/389 kB
Progress (2): 385/608 kB | 221/389 kB
Progress (2): 385/608 kB | 237/389 kB
Progress (2): 385/608 kB | 253/389 kB
Progress (2): 385/608 kB | 270/389 kB
Progress (2): 385/608 kB | 286/389 kB
Progress (2): 385/608 kB | 303/389 kB
Progress (2): 385/608 kB | 319/389 kB
Progress (2): 385/608 kB | 335/389 kB
Progress (2): 385/608 kB | 352/389 kB
Progress (2): 385/608 kB | 368/389 kB
Progress (2): 401/608 kB | 368/389 kB
Progress (2): 401/608 kB | 385/389 kB
Progress (2): 401/608 kB | 389 kB    
                                 
Downloaded from central: https://repo.maven.apache.org/maven2/com/vladsch/flexmark/flexmark/0.42.14/flexmark-0.42.14.jar (389 kB at 45 kB/s)
Downloading from central: https://repo.maven.apache.org/maven2/com/vladsch/flexmark/flexmark-ext-emoji/0.42.14/flexmark-ext-emoji-0.42.14.jar
Progress (2): 401/608 kB | 7.7/16 kB
Progress (2): 401/608 kB | 7.7/16 kB
Progress (2): 401/608 kB | 16 kB    
                                
Downloaded from central: https://repo.maven.apache.org/maven2/org/nibor/autolink/autolink/0.6.0/autolink-0.6.0.jar (16 kB at 1.9 kB/s)
Downloading from central: https://repo.maven.apache.org/maven2/com/vladsch/flexmark/flexmark-ext-enumerated-reference/0.42.14/flexmark-ext-enumerated-reference-0.42.14.jar
Progress (2): 401/608 kB | 7.7/40 kB
Progress (2): 401/608 kB | 16/40 kB 
Progress (2): 401/608 kB | 24/40 kB
Progress (2): 401/608 kB | 40 kB   
                                
Downloaded from central: https://repo.maven.apache.org/maven2/com/vladsch/flexmark/flexmark-ext-definition/0.42.14/flexmark-ext-definition-0.42.14.jar (40 kB at 4.6 kB/s)
Downloading from central: https://repo.maven.apache.org/maven2/com/vladsch/flexmark/flexmark-ext-escaped-character/0.42.14/flexmark-ext-escaped-character-0.42.14.jar
Progress (2): 401/608 kB | 7.7/34 kB
Progress (2): 401/608 kB | 16/34 kB 
Progress (2): 401/608 kB | 24/34 kB
Progress (2): 401/608 kB | 34 kB   
                                
Downloaded from central: https://repo.maven.apache.org/maven2/com/vladsch/flexmark/flexmark-ext-admonition/0.42.14/flexmark-ext-admonition-0.42.14.jar (34 kB at 3.9 kB/s)
Downloading from central: https://repo.maven.apache.org/maven2/com/vladsch/flexmark/flexmark-ext-footnotes/0.42.14/flexmark-ext-footnotes-0.42.14.jar
Progress (2): 401/608 kB | 7.7/73 kB
Progress (2): 401/608 kB | 16/73 kB 
Progress (2): 401/608 kB | 24/73 kB
Progress (3): 401/608 kB | 24/73 kB | 7.7/66 kB
Progress (3): 401/608 kB | 24/73 kB | 16/66 kB 
Progress (3): 401/608 kB | 40/73 kB | 16/66 kB
Progress (3): 401/608 kB | 40/73 kB | 32/66 kB
Progress (3): 401/608 kB | 40/73 kB | 48/66 kB
Progress (4): 401/608 kB | 40/73 kB | 48/66 kB | 7.7/13 kB
Progress (4): 401/608 kB | 40/73 kB | 48/66 kB | 13 kB    
                                                      
Downloaded from central: https://repo.maven.apache.org/maven2/com/vladsch/flexmark/flexmark-ext-escaped-character/0.42.14/flexmark-ext-escaped-character-0.42.14.jar (13 kB at 1.4 kB/s)
Downloading from central: https://repo.maven.apache.org/maven2/com/vladsch/flexmark/flexmark-ext-gfm-issues/0.42.14/flexmark-ext-gfm-issues-0.42.14.jar
Progress (3): 401/608 kB | 40/73 kB | 65/66 kB
Progress (3): 401/608 kB | 40/73 kB | 66 kB   
                                           
Downloaded from central: https://repo.maven.apache.org/maven2/com/vladsch/flexmark/flexmark-ext-enumerated-reference/0.42.14/flexmark-ext-enumerated-reference-0.42.14.jar (66 kB at 7.4 kB/s)
Downloading from central: https://repo.maven.apache.org/maven2/com/vladsch/flexmark/flexmark-ext-gfm-strikethrough/0.42.14/flexmark-ext-gfm-strikethrough-0.42.14.jar
Progress (2): 417/608 kB | 40/73 kB
Progress (3): 417/608 kB | 40/73 kB | 7.7/41 kB
Progress (3): 417/608 kB | 40/73 kB | 11/41 kB 
Progress (3): 417/608 kB | 57/73 kB | 11/41 kB
Progress (3): 417/608 kB | 57/73 kB | 28/41 kB
Progress (3): 417/608 kB | 57/73 kB | 41 kB   
                                           
Downloaded from central: https://repo.maven.apache.org/maven2/com/vladsch/flexmark/flexmark-ext-footnotes/0.42.14/flexmark-ext-footnotes-0.42.14.jar (41 kB at 4.5 kB/s)
Downloading from central: https://repo.maven.apache.org/maven2/com/vladsch/flexmark/flexmark-ext-gfm-tables/0.42.14/flexmark-ext-gfm-tables-0.42.14.jar
Progress (3): 417/608 kB | 57/73 kB | 7.7/29 kB
Progress (3): 417/608 kB | 57/73 kB | 16/29 kB 
Progress (3): 417/608 kB | 57/73 kB | 29 kB   
                                           
Downloaded from central: https://repo.maven.apache.org/maven2/com/vladsch/flexmark/flexmark-ext-gfm-strikethrough/0.42.14/flexmark-ext-gfm-strikethrough-0.42.14.jar (29 kB at 3.1 kB/s)
Downloading from central: https://repo.maven.apache.org/maven2/com/vladsch/flexmark/flexmark-ext-gfm-tasklist/0.42.14/flexmark-ext-gfm-tasklist-0.42.14.jar
Progress (2): 417/608 kB | 73/73 kB
Progress (2): 417/608 kB | 73 kB   
                                
Downloaded from central: https://repo.maven.apache.org/maven2/com/vladsch/flexmark/flexmark-ext-emoji/0.42.14/flexmark-ext-emoji-0.42.14.jar (73 kB at 7.9 kB/s)
Downloading from central: https://repo.maven.apache.org/maven2/com/vladsch/flexmark/flexmark-ext-gfm-users/0.42.14/flexmark-ext-gfm-users-0.42.14.jar
Progress (2): 417/608 kB | 7.7/28 kB
Progress (2): 417/608 kB | 16/28 kB 
Progress (2): 417/608 kB | 24/28 kB
Progress (2): 417/608 kB | 28 kB   
                                
Downloaded from central: https://repo.maven.apache.org/maven2/com/vladsch/flexmark/flexmark-ext-gfm-tasklist/0.42.14/flexmark-ext-gfm-tasklist-0.42.14.jar (28 kB at 3.0 kB/s)
Downloading from central: https://repo.maven.apache.org/maven2/com/vladsch/flexmark/flexmark-ext-gitlab/0.42.14/flexmark-ext-gitlab-0.42.14.jar
Progress (1): 434/608 kB
Progress (1): 450/608 kB
Progress (2): 450/608 kB | 7.7/16 kB
Progress (2): 450/608 kB | 16 kB    
                                
Downloaded from central: https://repo.maven.apache.org/maven2/com/vladsch/flexmark/flexmark-ext-gfm-issues/0.42.14/flexmark-ext-gfm-issues-0.42.14.jar (16 kB at 1.6 kB/s)
Downloading from central: https://repo.maven.apache.org/maven2/com/vladsch/flexmark/flexmark-ext-jekyll-front-matter/0.42.14/flexmark-ext-jekyll-front-matter-0.42.14.jar
Progress (2): 450/608 kB | 7.7/33 kB
Progress (2): 450/608 kB | 15/33 kB 
Progress (2): 450/608 kB | 32/33 kB
Progress (2): 450/608 kB | 33 kB   
                                
Downloaded from central: https://repo.maven.apache.org/maven2/com/vladsch/flexmark/flexmark-ext-gfm-tables/0.42.14/flexmark-ext-gfm-tables-0.42.14.jar (33 kB at 3.5 kB/s)
Downloading from central: https://repo.maven.apache.org/maven2/com/vladsch/flexmark/flexmark-ext-jekyll-tag/0.42.14/flexmark-ext-jekyll-tag-0.42.14.jar
Progress (2): 450/608 kB | 7.7/42 kB
Progress (2): 450/608 kB | 11/42 kB 
Progress (2): 450/608 kB | 28/42 kB
Progress (2): 450/608 kB | 42 kB   
                                
Downloaded from central: https://repo.maven.apache.org/maven2/com/vladsch/flexmark/flexmark-ext-gitlab/0.42.14/flexmark-ext-gitlab-0.42.14.jar (42 kB at 4.4 kB/s)
Downloading from central: https://repo.maven.apache.org/maven2/com/vladsch/flexmark/flexmark-ext-media-tags/0.42.14/flexmark-ext-media-tags-0.42.14.jar
Progress (2): 450/608 kB | 7.7/16 kB
Progress (2): 450/608 kB | 16 kB    
                                
Downloaded from central: https://repo.maven.apache.org/maven2/com/vladsch/flexmark/flexmark-ext-gfm-users/0.42.14/flexmark-ext-gfm-users-0.42.14.jar (16 kB at 1.6 kB/s)
Downloading from central: https://repo.maven.apache.org/maven2/com/vladsch/flexmark/flexmark-ext-macros/0.42.14/flexmark-ext-macros-0.42.14.jar
Progress (1): 466/608 kB
Progress (2): 466/608 kB | 7.7/21 kB
Progress (2): 466/608 kB | 11/21 kB 
Progress (2): 466/608 kB | 21 kB   
                                
Downloaded from central: https://repo.maven.apache.org/maven2/com/vladsch/flexmark/flexmark-ext-jekyll-tag/0.42.14/flexmark-ext-jekyll-tag-0.42.14.jar (21 kB at 2.1 kB/s)
Downloading from central: https://repo.maven.apache.org/maven2/com/vladsch/flexmark/flexmark-ext-ins/0.42.14/flexmark-ext-ins-0.42.14.jar
Progress (2): 466/608 kB | 7.7/25 kB
Progress (2): 466/608 kB | 7.7/25 kB
Progress (2): 466/608 kB | 24/25 kB 
Progress (2): 466/608 kB | 25 kB   
                                
Downloaded from central: https://repo.maven.apache.org/maven2/com/vladsch/flexmark/flexmark-ext-media-tags/0.42.14/flexmark-ext-media-tags-0.42.14.jar (25 kB at 2.5 kB/s)
Downloading from central: https://repo.maven.apache.org/maven2/com/vladsch/flexmark/flexmark-ext-xwiki-macros/0.42.14/flexmark-ext-xwiki-macros-0.42.14.jar
Progress (1): 483/608 kB
Progress (2): 483/608 kB | 7.7/35 kB
Progress (2): 483/608 kB | 11/35 kB 
Progress (2): 483/608 kB | 16/35 kB
Progress (2): 499/608 kB | 16/35 kB
Progress (2): 499/608 kB | 33/35 kB
Progress (2): 499/608 kB | 35 kB   
                                
Downloaded from central: https://repo.maven.apache.org/maven2/com/vladsch/flexmark/flexmark-ext-macros/0.42.14/flexmark-ext-macros-0.42.14.jar (35 kB at 3.5 kB/s)
Downloading from central: https://repo.maven.apache.org/maven2/com/vladsch/flexmark/flexmark-ext-superscript/0.42.14/flexmark-ext-superscript-0.42.14.jar
Progress (2): 499/608 kB | 7.7/31 kB
Progress (2): 499/608 kB | 16/31 kB 
Progress (2): 499/608 kB | 31 kB   
                                
Downloaded from central: https://repo.maven.apache.org/maven2/com/vladsch/flexmark/flexmark-ext-xwiki-macros/0.42.14/flexmark-ext-xwiki-macros-0.42.14.jar (31 kB at 3.0 kB/s)
Downloading from central: https://repo.maven.apache.org/maven2/com/vladsch/flexmark/flexmark-ext-tables/0.42.14/flexmark-ext-tables-0.42.14.jar
Progress (2): 499/608 kB | 7.7/13 kB
Progress (2): 499/608 kB | 7.7/13 kB
Progress (2): 499/608 kB | 13 kB    
                                
Downloaded from central: https://repo.maven.apache.org/maven2/com/vladsch/flexmark/flexmark-ext-ins/0.42.14/flexmark-ext-ins-0.42.14.jar (13 kB at 1.3 kB/s)
Downloading from central: https://repo.maven.apache.org/maven2/com/vladsch/flexmark/flexmark-ext-toc/0.42.14/flexmark-ext-toc-0.42.14.jar
Progress (2): 499/608 kB | 7.7/76 kB
Progress (2): 499/608 kB | 16/76 kB 
Progress (2): 499/608 kB | 32/76 kB
Progress (2): 499/608 kB | 49/76 kB
Progress (2): 499/608 kB | 65/76 kB
Progress (2): 499/608 kB | 76 kB   
                                
Downloaded from central: https://repo.maven.apache.org/maven2/com/vladsch/flexmark/flexmark-ext-tables/0.42.14/flexmark-ext-tables-0.42.14.jar (76 kB at 7.3 kB/s)
Downloading from central: https://repo.maven.apache.org/maven2/com/vladsch/flexmark/flexmark-ext-typographic/0.42.14/flexmark-ext-typographic-0.42.14.jar
Progress (1): 516/608 kB
Progress (1): 532/608 kB
Progress (2): 532/608 kB | 7.7/18 kB
Progress (2): 532/608 kB | 16/18 kB 
Progress (2): 532/608 kB | 18 kB   
                                
Downloaded from central: https://repo.maven.apache.org/maven2/com/vladsch/flexmark/flexmark-ext-jekyll-front-matter/0.42.14/flexmark-ext-jekyll-front-matter-0.42.14.jar (18 kB at 1.7 kB/s)
Downloading from central: https://repo.maven.apache.org/maven2/com/vladsch/flexmark/flexmark-ext-wikilink/0.42.14/flexmark-ext-wikilink-0.42.14.jar
Progress (2): 532/608 kB | 7.7/13 kB
Progress (2): 532/608 kB | 13 kB    
                                
Downloaded from central: https://repo.maven.apache.org/maven2/com/vladsch/flexmark/flexmark-ext-superscript/0.42.14/flexmark-ext-superscript-0.42.14.jar (13 kB at 1.3 kB/s)
Downloading from central: https://repo.maven.apache.org/maven2/com/vladsch/flexmark/flexmark-ext-yaml-front-matter/0.42.14/flexmark-ext-yaml-front-matter-0.42.14.jar
Progress (2): 532/608 kB | 7.7/22 kB
Progress (2): 532/608 kB | 16/22 kB 
Progress (2): 532/608 kB | 22 kB   
                                
Downloaded from central: https://repo.maven.apache.org/maven2/com/vladsch/flexmark/flexmark-ext-typographic/0.42.14/flexmark-ext-typographic-0.42.14.jar (22 kB at 2.1 kB/s)
Downloading from central: https://repo.maven.apache.org/maven2/com/vladsch/flexmark/flexmark-ext-youtube-embedded/0.42.14/flexmark-ext-youtube-embedded-0.42.14.jar
Progress (2): 532/608 kB | 3.2/18 kB
Progress (3): 532/608 kB | 3.2/18 kB | 7.7/91 kB
Progress (3): 532/608 kB | 3.2/18 kB | 16/91 kB 
Progress (3): 532/608 kB | 3.2/18 kB | 32/91 kB
Progress (3): 532/608 kB | 18 kB | 32/91 kB    
                                           
Downloaded from central: https://repo.maven.apache.org/maven2/com/vladsch/flexmark/flexmark-ext-yaml-front-matter/0.42.14/flexmark-ext-yaml-front-matter-0.42.14.jar (18 kB at 1.7 kB/s)
Downloading from central: https://repo.maven.apache.org/maven2/com/vladsch/flexmark/flexmark-formatter/0.42.14/flexmark-formatter-0.42.14.jar
Progress (3): 532/608 kB | 32/91 kB | 7.7/26 kB
Progress (3): 532/608 kB | 32/91 kB | 16/26 kB 
Progress (3): 548/608 kB | 32/91 kB | 16/26 kB
Progress (3): 565/608 kB | 32/91 kB | 16/26 kB
Progress (3): 565/608 kB | 49/91 kB | 16/26 kB
Progress (4): 565/608 kB | 49/91 kB | 16/26 kB | 7.7/13 kB
Progress (4): 565/608 kB | 49/91 kB | 16/26 kB | 13 kB    
                                                      
Downloaded from central: https://repo.maven.apache.org/maven2/com/vladsch/flexmark/flexmark-ext-youtube-embedded/0.42.14/flexmark-ext-youtube-embedded-0.42.14.jar (13 kB at 1.1 kB/s)
Downloading from central: https://repo.maven.apache.org/maven2/com/vladsch/flexmark/flexmark-html-parser/0.42.14/flexmark-html-parser-0.42.14.jar
Progress (3): 565/608 kB | 65/91 kB | 16/26 kB
Progress (3): 565/608 kB | 65/91 kB | 24/26 kB
Progress (3): 565/608 kB | 65/91 kB | 26 kB   
                                           
Downloaded from central: https://repo.maven.apache.org/maven2/com/vladsch/flexmark/flexmark-ext-wikilink/0.42.14/flexmark-ext-wikilink-0.42.14.jar (26 kB at 2.3 kB/s)
Downloading from central: https://repo.maven.apache.org/maven2/org/jsoup/jsoup/1.10.2/jsoup-1.10.2.jar
Progress (2): 565/608 kB | 81/91 kB
Progress (3): 565/608 kB | 81/91 kB | 7.7/97 kB
Progress (3): 565/608 kB | 81/91 kB | 16/97 kB 
Progress (3): 565/608 kB | 91 kB | 16/97 kB   
                                           
Downloaded from central: https://repo.maven.apache.org/maven2/com/vladsch/flexmark/flexmark-ext-toc/0.42.14/flexmark-ext-toc-0.42.14.jar (91 kB at 8.2 kB/s)
Downloading from central: https://repo.maven.apache.org/maven2/com/vladsch/flexmark/flexmark-jira-converter/0.42.14/flexmark-jira-converter-0.42.14.jar
Progress (3): 565/608 kB | 16/97 kB | 7.7/45 kB
Progress (3): 565/608 kB | 16/97 kB | 16/45 kB 
Progress (3): 565/608 kB | 16/97 kB | 32/45 kB
Progress (3): 565/608 kB | 16/97 kB | 45 kB   
                                           
Downloaded from central: https://repo.maven.apache.org/maven2/com/vladsch/flexmark/flexmark-html-parser/0.42.14/flexmark-html-parser-0.42.14.jar (45 kB at 4.0 kB/s)
Downloading from central: https://repo.maven.apache.org/maven2/com/vladsch/flexmark/flexmark-profile-pegdown/0.42.14/flexmark-profile-pegdown-0.42.14.jar
Progress (2): 581/608 kB | 16/97 kB
Progress (3): 581/608 kB | 16/97 kB | 7.7/351 kB
Progress (3): 581/608 kB | 16/97 kB | 16/351 kB 
Progress (4): 581/608 kB | 16/97 kB | 16/351 kB | 7.7/40 kB
Progress (4): 581/608 kB | 16/97 kB | 16/351 kB | 16/40 kB 
Progress (4): 581/608 kB | 32/97 kB | 16/351 kB | 16/40 kB
Progress (4): 581/608 kB | 32/97 kB | 32/351 kB | 16/40 kB
Progress (5): 581/608 kB | 32/97 kB | 32/351 kB | 16/40 kB | 6.3 kB
                                                                   
Downloaded from central: https://repo.maven.apache.org/maven2/com/vladsch/flexmark/flexmark-profile-pegdown/0.42.14/flexmark-profile-pegdown-0.42.14.jar (6.3 kB at 552 B/s)
Downloading from central: https://repo.maven.apache.org/maven2/com/vladsch/flexmark/flexmark-util/0.42.14/flexmark-util-0.42.14.jar
Progress (4): 598/608 kB | 32/97 kB | 32/351 kB | 16/40 kB
Progress (4): 608 kB | 32/97 kB | 32/351 kB | 16/40 kB    
                                                      
Downloaded from central: https://repo.maven.apache.org/maven2/org/apache/maven/maven-core/3.2.5/maven-core-3.2.5.jar (608 kB at 53 kB/s)
Downloading from central: https://repo.maven.apache.org/maven2/com/vladsch/flexmark/flexmark-youtrack-converter/0.42.14/flexmark-youtrack-converter-0.42.14.jar
Progress (3): 49/97 kB | 32/351 kB | 16/40 kB
Progress (3): 49/97 kB | 49/351 kB | 16/40 kB
Progress (3): 57/97 kB | 49/351 kB | 16/40 kB
Progress (3): 57/97 kB | 49/351 kB | 32/40 kB
Progress (3): 57/97 kB | 49/351 kB | 40 kB   
                                          
Downloaded from central: https://repo.maven.apache.org/maven2/com/vladsch/flexmark/flexmark-jira-converter/0.42.14/flexmark-jira-converter-0.42.14.jar (40 kB at 3.4 kB/s)
Downloading from central: https://repo.maven.apache.org/maven2/org/apache/maven/doxia/doxia-module-confluence/1.11.1/doxia-module-confluence-1.11.1.jar
Progress (3): 57/97 kB | 49/351 kB | 7.7/385 kB
Progress (3): 57/97 kB | 49/351 kB | 16/385 kB 
Progress (3): 73/97 kB | 49/351 kB | 16/385 kB
Progress (3): 73/97 kB | 49/351 kB | 32/385 kB
Progress (3): 73/97 kB | 49/351 kB | 49/385 kB
Progress (3): 73/97 kB | 49/351 kB | 65/385 kB
Progress (3): 73/97 kB | 49/351 kB | 81/385 kB
Progress (3): 73/97 kB | 49/351 kB | 98/385 kB
Progress (3): 73/97 kB | 49/351 kB | 114/385 kB
Progress (3): 73/97 kB | 49/351 kB | 131/385 kB
Progress (3): 73/97 kB | 65/351 kB | 131/385 kB
Progress (3): 73/97 kB | 81/351 kB | 131/385 kB
Progress (3): 90/97 kB | 81/351 kB | 131/385 kB
Progress (3): 90/97 kB | 81/351 kB | 147/385 kB
Progress (3): 90/97 kB | 81/351 kB | 163/385 kB
Progress (3): 90/97 kB | 98/351 kB | 163/385 kB
Progress (3): 97 kB | 98/351 kB | 163/385 kB   
                                            
Downloaded from central: https://repo.maven.apache.org/maven2/com/vladsch/flexmark/flexmark-formatter/0.42.14/flexmark-formatter-0.42.14.jar (97 kB at 8.3 kB/s)
Downloading from central: https://repo.maven.apache.org/maven2/org/apache/maven/doxia/doxia-module-docbook-simple/1.11.1/doxia-module-docbook-simple-1.11.1.jar
Progress (2): 98/351 kB | 180/385 kB
Progress (2): 98/351 kB | 196/385 kB
Progress (2): 98/351 kB | 212/385 kB
Progress (3): 98/351 kB | 212/385 kB | 7.7/58 kB
Progress (3): 98/351 kB | 212/385 kB | 16/58 kB 
Progress (3): 98/351 kB | 229/385 kB | 16/58 kB
Progress (3): 98/351 kB | 245/385 kB | 16/58 kB
Progress (3): 98/351 kB | 262/385 kB | 16/58 kB
Progress (3): 114/351 kB | 262/385 kB | 16/58 kB
Progress (3): 114/351 kB | 278/385 kB | 16/58 kB
Progress (3): 114/351 kB | 294/385 kB | 16/58 kB
Progress (3): 114/351 kB | 311/385 kB | 16/58 kB
Progress (3): 114/351 kB | 311/385 kB | 32/58 kB
Progress (3): 114/351 kB | 327/385 kB | 32/58 kB
Progress (3): 114/351 kB | 344/385 kB | 32/58 kB
Progress (3): 114/351 kB | 360/385 kB | 32/58 kB
Progress (3): 131/351 kB | 360/385 kB | 32/58 kB
Progress (3): 131/351 kB | 376/385 kB | 32/58 kB
Progress (3): 131/351 kB | 385 kB | 32/58 kB    
                                            
Downloaded from central: https://repo.maven.apache.org/maven2/com/vladsch/flexmark/flexmark-util/0.42.14/flexmark-util-0.42.14.jar (385 kB at 32 kB/s)
Downloading from central: https://repo.maven.apache.org/maven2/org/apache/maven/doxia/doxia-module-twiki/1.11.1/doxia-module-twiki-1.11.1.jar
Progress (3): 131/351 kB | 32/58 kB | 7.7/41 kB
Progress (3): 131/351 kB | 32/58 kB | 16/41 kB 
Progress (3): 131/351 kB | 32/58 kB | 24/41 kB
Progress (3): 147/351 kB | 32/58 kB | 24/41 kB
Progress (4): 147/351 kB | 32/58 kB | 24/41 kB | 7.7/128 kB
Progress (4): 147/351 kB | 32/58 kB | 24/41 kB | 11/128 kB 
Progress (4): 147/351 kB | 32/58 kB | 40/41 kB | 11/128 kB
Progress (4): 147/351 kB | 32/58 kB | 41 kB | 11/128 kB   
                                                       
Downloaded from central: https://repo.maven.apache.org/maven2/com/vladsch/flexmark/flexmark-youtrack-converter/0.42.14/flexmark-youtrack-converter-0.42.14.jar (41 kB at 3.4 kB/s)
Downloading from central: https://repo.maven.apache.org/maven2/org/apache/maven/doxia/doxia-decoration-model/1.11.1/doxia-decoration-model-1.11.1.jar
Progress (3): 163/351 kB | 32/58 kB | 11/128 kB
Progress (3): 163/351 kB | 49/58 kB | 11/128 kB
Progress (3): 163/351 kB | 58 kB | 11/128 kB   
                                            
Downloaded from central: https://repo.maven.apache.org/maven2/org/apache/maven/doxia/doxia-module-confluence/1.11.1/doxia-module-confluence-1.11.1.jar (58 kB at 4.8 kB/s)
Downloading from central: https://repo.maven.apache.org/maven2/org/apache/maven/doxia/doxia-site-renderer/1.11.1/doxia-site-renderer-1.11.1.jar
Progress (3): 163/351 kB | 11/128 kB | 7.7/73 kB
Progress (3): 163/351 kB | 11/128 kB | 11/73 kB 
Progress (3): 163/351 kB | 11/128 kB | 28/73 kB
Progress (3): 163/351 kB | 11/128 kB | 44/73 kB
Progress (3): 163/351 kB | 11/128 kB | 61/73 kB
Progress (3): 163/351 kB | 11/128 kB | 73 kB   
                                            
Downloaded from central: https://repo.maven.apache.org/maven2/org/apache/maven/doxia/doxia-module-twiki/1.11.1/doxia-module-twiki-1.11.1.jar (73 kB at 5.9 kB/s)
Downloading from central: https://repo.maven.apache.org/maven2/org/apache/maven/doxia/doxia-skin-model/1.11.1/doxia-skin-model-1.11.1.jar
Progress (3): 163/351 kB | 11/128 kB | 3.2/65 kB
Progress (3): 163/351 kB | 28/128 kB | 3.2/65 kB
Progress (3): 163/351 kB | 44/128 kB | 3.2/65 kB
Progress (3): 180/351 kB | 44/128 kB | 3.2/65 kB
Progress (3): 196/351 kB | 44/128 kB | 3.2/65 kB
Progress (4): 196/351 kB | 44/128 kB | 3.2/65 kB | 7.7/16 kB
Progress (4): 196/351 kB | 44/128 kB | 3.2/65 kB | 8.2/16 kB
Progress (4): 212/351 kB | 44/128 kB | 3.2/65 kB | 8.2/16 kB
Progress (4): 229/351 kB | 44/128 kB | 3.2/65 kB | 8.2/16 kB
Progress (4): 245/351 kB | 44/128 kB | 3.2/65 kB | 8.2/16 kB
Progress (4): 245/351 kB | 44/128 kB | 3.2/65 kB | 16 kB    
                                                        
Downloaded from central: https://repo.maven.apache.org/maven2/org/apache/maven/doxia/doxia-skin-model/1.11.1/doxia-skin-model-1.11.1.jar (16 kB at 1.3 kB/s)
Downloading from central: https://repo.maven.apache.org/maven2/org/codehaus/plexus/plexus-velocity/1.2/plexus-velocity-1.2.jar
Progress (3): 245/351 kB | 61/128 kB | 3.2/65 kB
Progress (3): 245/351 kB | 77/128 kB | 3.2/65 kB
Progress (3): 262/351 kB | 77/128 kB | 3.2/65 kB
Progress (3): 278/351 kB | 77/128 kB | 3.2/65 kB
Progress (4): 278/351 kB | 77/128 kB | 3.2/65 kB | 7.7/60 kB
Progress (4): 278/351 kB | 77/128 kB | 3.2/65 kB | 16/60 kB 
Progress (5): 278/351 kB | 77/128 kB | 3.2/65 kB | 16/60 kB | 7.7/8.1 kB
Progress (5): 278/351 kB | 77/128 kB | 3.2/65 kB | 16/60 kB | 7.7/8.1 kB
Progress (5): 294/351 kB | 77/128 kB | 3.2/65 kB | 16/60 kB | 7.7/8.1 kB
Progress (5): 294/351 kB | 77/128 kB | 3.2/65 kB | 16/60 kB | 8.1 kB    
                                                                    
Downloaded from central: https://repo.maven.apache.org/maven2/org/codehaus/plexus/plexus-velocity/1.2/plexus-velocity-1.2.jar (8.1 kB at 636 B/s)
Downloading from central: https://repo.maven.apache.org/maven2/org/apache/velocity/velocity/1.7/velocity-1.7.jar
Progress (4): 294/351 kB | 77/128 kB | 20/65 kB | 16/60 kB
Progress (4): 294/351 kB | 93/128 kB | 20/65 kB | 16/60 kB
Progress (4): 294/351 kB | 110/128 kB | 20/65 kB | 16/60 kB
Progress (4): 294/351 kB | 110/128 kB | 36/65 kB | 16/60 kB
Progress (4): 294/351 kB | 110/128 kB | 52/65 kB | 16/60 kB
Progress (4): 294/351 kB | 126/128 kB | 52/65 kB | 16/60 kB
Progress (4): 311/351 kB | 126/128 kB | 52/65 kB | 16/60 kB
Progress (4): 311/351 kB | 126/128 kB | 52/65 kB | 32/60 kB
Progress (4): 311/351 kB | 128 kB | 52/65 kB | 32/60 kB    
                                                       
Downloaded from central: https://repo.maven.apache.org/maven2/org/apache/maven/doxia/doxia-module-docbook-simple/1.11.1/doxia-module-docbook-simple-1.11.1.jar (128 kB at 10 kB/s)
Downloading from central: https://repo.maven.apache.org/maven2/commons-lang/commons-lang/2.4/commons-lang-2.4.jar
Progress (3): 311/351 kB | 52/65 kB | 49/60 kB
Progress (4): 311/351 kB | 52/65 kB | 49/60 kB | 7.7/450 kB
Progress (4): 311/351 kB | 52/65 kB | 49/60 kB | 16/450 kB 
Progress (4): 311/351 kB | 52/65 kB | 49/60 kB | 24/450 kB
Progress (4): 311/351 kB | 52/65 kB | 49/60 kB | 40/450 kB
Progress (4): 311/351 kB | 52/65 kB | 49/60 kB | 57/450 kB
Progress (4): 327/351 kB | 52/65 kB | 49/60 kB | 57/450 kB
Progress (4): 344/351 kB | 52/65 kB | 49/60 kB | 57/450 kB
Progress (4): 351 kB | 52/65 kB | 49/60 kB | 57/450 kB    
                                                      
Downloaded from central: https://repo.maven.apache.org/maven2/org/jsoup/jsoup/1.10.2/jsoup-1.10.2.jar (351 kB at 27 kB/s)
Downloading from central: https://repo.maven.apache.org/maven2/org/apache/velocity/velocity-tools/2.0/velocity-tools-2.0.jar
Progress (3): 52/65 kB | 49/60 kB | 73/450 kB
Progress (3): 52/65 kB | 49/60 kB | 90/450 kB
Progress (3): 52/65 kB | 49/60 kB | 106/450 kB
Progress (3): 52/65 kB | 49/60 kB | 122/450 kB
Progress (3): 52/65 kB | 49/60 kB | 139/450 kB
Progress (3): 52/65 kB | 49/60 kB | 155/450 kB
Progress (3): 52/65 kB | 49/60 kB | 172/450 kB
Progress (3): 52/65 kB | 49/60 kB | 188/450 kB
Progress (3): 52/65 kB | 49/60 kB | 204/450 kB
Progress (3): 52/65 kB | 49/60 kB | 221/450 kB
Progress (3): 65 kB | 49/60 kB | 221/450 kB   
                                           
Downloaded from central: https://repo.maven.apache.org/maven2/org/apache/maven/doxia/doxia-site-renderer/1.11.1/doxia-site-renderer-1.11.1.jar (65 kB at 5.0 kB/s)
Downloading from central: https://repo.maven.apache.org/maven2/commons-beanutils/commons-beanutils/1.7.0/commons-beanutils-1.7.0.jar
Progress (2): 49/60 kB | 237/450 kB
Progress (2): 49/60 kB | 253/450 kB
Progress (2): 49/60 kB | 270/450 kB
Progress (2): 49/60 kB | 286/450 kB
Progress (2): 60 kB | 286/450 kB   
                                
Downloaded from central: https://repo.maven.apache.org/maven2/org/apache/maven/doxia/doxia-decoration-model/1.11.1/doxia-decoration-model-1.11.1.jar (60 kB at 4.5 kB/s)
Downloading from central: https://repo.maven.apache.org/maven2/commons-digester/commons-digester/1.8/commons-digester-1.8.jar
Progress (2): 286/450 kB | 3.2/262 kB
Progress (2): 286/450 kB | 20/262 kB 
Progress (2): 286/450 kB | 36/262 kB
Progress (2): 286/450 kB | 52/262 kB
Progress (2): 303/450 kB | 52/262 kB
Progress (2): 319/450 kB | 52/262 kB
Progress (2): 335/450 kB | 52/262 kB
Progress (2): 352/450 kB | 52/262 kB
Progress (2): 368/450 kB | 52/262 kB
Progress (2): 385/450 kB | 52/262 kB
Progress (2): 401/450 kB | 52/262 kB
Progress (2): 417/450 kB | 52/262 kB
Progress (2): 434/450 kB | 52/262 kB
Progress (2): 450 kB | 52/262 kB    
                                
Downloaded from central: https://repo.maven.apache.org/maven2/org/apache/velocity/velocity/1.7/velocity-1.7.jar (450 kB at 34 kB/s)
Downloading from central: https://repo.maven.apache.org/maven2/commons-chain/commons-chain/1.1/commons-chain-1.1.jar
Progress (2): 52/262 kB | 7.7/189 kB
Progress (2): 52/262 kB | 16/189 kB 
Progress (3): 52/262 kB | 16/189 kB | 7.7/347 kB
Progress (3): 52/262 kB | 16/189 kB | 16/347 kB 
Progress (3): 52/262 kB | 16/189 kB | 32/347 kB
Progress (3): 52/262 kB | 32/189 kB | 32/347 kB
Progress (3): 52/262 kB | 32/189 kB | 49/347 kB
Progress (3): 52/262 kB | 32/189 kB | 65/347 kB
Progress (3): 52/262 kB | 32/189 kB | 81/347 kB
Progress (3): 52/262 kB | 49/189 kB | 81/347 kB
Progress (3): 52/262 kB | 49/189 kB | 98/347 kB
Progress (4): 52/262 kB | 49/189 kB | 98/347 kB | 3.2/90 kB
Progress (4): 69/262 kB | 49/189 kB | 98/347 kB | 3.2/90 kB
Progress (4): 69/262 kB | 49/189 kB | 98/347 kB | 20/90 kB 
Progress (4): 69/262 kB | 49/189 kB | 98/347 kB | 36/90 kB
Progress (4): 69/262 kB | 49/189 kB | 98/347 kB | 52/90 kB
Progress (4): 69/262 kB | 49/189 kB | 98/347 kB | 61/90 kB
Progress (4): 69/262 kB | 49/189 kB | 114/347 kB | 61/90 kB
Progress (4): 69/262 kB | 49/189 kB | 114/347 kB | 77/90 kB
Progress (4): 69/262 kB | 65/189 kB | 114/347 kB | 77/90 kB
Progress (4): 69/262 kB | 65/189 kB | 114/347 kB | 90 kB   
                                                        
Downloaded from central: https://repo.maven.apache.org/maven2/commons-chain/commons-chain/1.1/commons-chain-1.1.jar (90 kB at 6.6 kB/s)
Downloading from central: https://repo.maven.apache.org/maven2/dom4j/dom4j/1.1/dom4j-1.1.jar
Progress (3): 85/262 kB | 65/189 kB | 114/347 kB
Progress (3): 85/262 kB | 65/189 kB | 123/347 kB
Progress (4): 85/262 kB | 65/189 kB | 123/347 kB | 7.7/144 kB
Progress (4): 85/262 kB | 65/189 kB | 123/347 kB | 16/144 kB 
Progress (4): 85/262 kB | 65/189 kB | 139/347 kB | 16/144 kB
Progress (4): 85/262 kB | 81/189 kB | 139/347 kB | 16/144 kB
Progress (4): 85/262 kB | 81/189 kB | 156/347 kB | 16/144 kB
Progress (4): 85/262 kB | 98/189 kB | 156/347 kB | 16/144 kB
Progress (4): 85/262 kB | 98/189 kB | 156/347 kB | 24/144 kB
Progress (4): 85/262 kB | 114/189 kB | 156/347 kB | 24/144 kB
Progress (5): 85/262 kB | 114/189 kB | 156/347 kB | 24/144 kB | 7.7/457 kB
Progress (5): 85/262 kB | 114/189 kB | 156/347 kB | 24/144 kB | 7.7/457 kB
Progress (5): 85/262 kB | 114/189 kB | 156/347 kB | 24/144 kB | 24/457 kB 
Progress (5): 85/262 kB | 114/189 kB | 156/347 kB | 24/144 kB | 40/457 kB
Progress (5): 85/262 kB | 114/189 kB | 156/347 kB | 24/144 kB | 57/457 kB
Progress (5): 101/262 kB | 114/189 kB | 156/347 kB | 24/144 kB | 57/457 kB
Progress (5): 118/262 kB | 114/189 kB | 156/347 kB | 24/144 kB | 57/457 kB
Progress (5): 118/262 kB | 114/189 kB | 156/347 kB | 24/144 kB | 73/457 kB
Progress (5): 118/262 kB | 114/189 kB | 156/347 kB | 24/144 kB | 90/457 kB
Progress (5): 118/262 kB | 131/189 kB | 156/347 kB | 24/144 kB | 90/457 kB
Progress (5): 118/262 kB | 131/189 kB | 156/347 kB | 24/144 kB | 106/457 kB
Progress (5): 134/262 kB | 131/189 kB | 156/347 kB | 24/144 kB | 106/457 kB
Progress (5): 134/262 kB | 131/189 kB | 156/347 kB | 24/144 kB | 122/457 kB
Progress (5): 134/262 kB | 131/189 kB | 156/347 kB | 24/144 kB | 139/457 kB
Progress (5): 134/262 kB | 131/189 kB | 156/347 kB | 24/144 kB | 155/457 kB
Progress (5): 134/262 kB | 147/189 kB | 156/347 kB | 24/144 kB | 155/457 kB
Progress (5): 134/262 kB | 147/189 kB | 156/347 kB | 24/144 kB | 172/457 kB
Progress (5): 134/262 kB | 147/189 kB | 156/347 kB | 24/144 kB | 188/457 kB
Progress (5): 134/262 kB | 147/189 kB | 172/347 kB | 24/144 kB | 188/457 kB
Progress (5): 134/262 kB | 147/189 kB | 188/347 kB | 24/144 kB | 188/457 kB
Progress (5): 134/262 kB | 147/189 kB | 205/347 kB | 24/144 kB | 188/457 kB
Progress (5): 134/262 kB | 147/189 kB | 221/347 kB | 24/144 kB | 188/457 kB
Progress (5): 134/262 kB | 147/189 kB | 221/347 kB | 24/144 kB | 204/457 kB
Progress (5): 134/262 kB | 147/189 kB | 221/347 kB | 24/144 kB | 221/457 kB
Progress (5): 134/262 kB | 147/189 kB | 221/347 kB | 24/144 kB | 237/457 kB
Progress (5): 134/262 kB | 147/189 kB | 221/347 kB | 24/144 kB | 253/457 kB
Progress (5): 134/262 kB | 163/189 kB | 221/347 kB | 24/144 kB | 253/457 kB
Progress (5): 151/262 kB | 163/189 kB | 221/347 kB | 24/144 kB | 253/457 kB
Progress (5): 151/262 kB | 163/189 kB | 221/347 kB | 24/144 kB | 270/457 kB
Progress (5): 151/262 kB | 163/189 kB | 221/347 kB | 24/144 kB | 286/457 kB
Progress (5): 151/262 kB | 163/189 kB | 221/347 kB | 40/144 kB | 286/457 kB
Progress (5): 151/262 kB | 163/189 kB | 221/347 kB | 40/144 kB | 303/457 kB
Progress (5): 151/262 kB | 163/189 kB | 221/347 kB | 40/144 kB | 319/457 kB
Progress (5): 167/262 kB | 163/189 kB | 221/347 kB | 40/144 kB | 319/457 kB
Progress (5): 167/262 kB | 180/189 kB | 221/347 kB | 40/144 kB | 319/457 kB
Progress (5): 167/262 kB | 180/189 kB | 221/347 kB | 40/144 kB | 335/457 kB
Progress (5): 167/262 kB | 180/189 kB | 221/347 kB | 40/144 kB | 352/457 kB
Progress (5): 167/262 kB | 180/189 kB | 221/347 kB | 40/144 kB | 368/457 kB
Progress (5): 167/262 kB | 189 kB | 221/347 kB | 40/144 kB | 368/457 kB    
                                                                       
Downloaded from central: https://repo.maven.apache.org/maven2/commons-beanutils/commons-beanutils/1.7.0/commons-beanutils-1.7.0.jar (189 kB at 13 kB/s)
Downloading from central: https://repo.maven.apache.org/maven2/oro/oro/2.0.8/oro-2.0.8.jar
Progress (4): 167/262 kB | 221/347 kB | 40/144 kB | 385/457 kB
Progress (4): 167/262 kB | 221/347 kB | 40/144 kB | 401/457 kB
Progress (4): 167/262 kB | 238/347 kB | 40/144 kB | 401/457 kB
Progress (4): 167/262 kB | 238/347 kB | 40/144 kB | 417/457 kB
Progress (4): 167/262 kB | 238/347 kB | 40/144 kB | 434/457 kB
Progress (4): 167/262 kB | 238/347 kB | 40/144 kB | 450/457 kB
Progress (4): 167/262 kB | 238/347 kB | 40/144 kB | 457 kB    
                                                          
Downloaded from central: https://repo.maven.apache.org/maven2/dom4j/dom4j/1.1/dom4j-1.1.jar (457 kB at 32 kB/s)
Downloading from central: https://repo.maven.apache.org/maven2/commons-collections/commons-collections/3.2.2/commons-collections-3.2.2.jar
Progress (3): 167/262 kB | 238/347 kB | 57/144 kB
Progress (3): 183/262 kB | 238/347 kB | 57/144 kB
Progress (3): 200/262 kB | 238/347 kB | 57/144 kB
Progress (3): 200/262 kB | 254/347 kB | 57/144 kB
Progress (3): 200/262 kB | 270/347 kB | 57/144 kB
Progress (3): 200/262 kB | 287/347 kB | 57/144 kB
Progress (3): 200/262 kB | 303/347 kB | 57/144 kB
Progress (3): 200/262 kB | 319/347 kB | 57/144 kB
Progress (3): 200/262 kB | 336/347 kB | 57/144 kB
Progress (3): 200/262 kB | 347 kB | 57/144 kB    
                                             
Downloaded from central: https://repo.maven.apache.org/maven2/org/apache/velocity/velocity-tools/2.0/velocity-tools-2.0.jar (347 kB at 24 kB/s)
Downloading from central: https://repo.maven.apache.org/maven2/org/apache/maven/doxia/doxia-integration-tools/1.11.1/doxia-integration-tools-1.11.1.jar
Progress (2): 200/262 kB | 73/144 kB
Progress (3): 200/262 kB | 73/144 kB | 7.7/588 kB
Progress (3): 200/262 kB | 73/144 kB | 11/588 kB 
Progress (4): 200/262 kB | 73/144 kB | 11/588 kB | 7.7/65 kB
Progress (4): 200/262 kB | 73/144 kB | 11/588 kB | 16/65 kB 
Progress (4): 200/262 kB | 73/144 kB | 28/588 kB | 16/65 kB
Progress (4): 216/262 kB | 73/144 kB | 28/588 kB | 16/65 kB
Progress (4): 216/262 kB | 90/144 kB | 28/588 kB | 16/65 kB
Progress (4): 216/262 kB | 90/144 kB | 44/588 kB | 16/65 kB
Progress (4): 216/262 kB | 90/144 kB | 61/588 kB | 16/65 kB
Progress (4): 216/262 kB | 106/144 kB | 61/588 kB | 16/65 kB
Progress (4): 216/262 kB | 106/144 kB | 77/588 kB | 16/65 kB
Progress (4): 216/262 kB | 106/144 kB | 93/588 kB | 16/65 kB
Progress (4): 216/262 kB | 106/144 kB | 110/588 kB | 16/65 kB
Progress (4): 216/262 kB | 106/144 kB | 126/588 kB | 16/65 kB
Progress (4): 216/262 kB | 106/144 kB | 142/588 kB | 16/65 kB
Progress (4): 216/262 kB | 106/144 kB | 159/588 kB | 16/65 kB
Progress (4): 216/262 kB | 106/144 kB | 175/588 kB | 16/65 kB
Progress (4): 216/262 kB | 106/144 kB | 192/588 kB | 16/65 kB
Progress (4): 216/262 kB | 106/144 kB | 208/588 kB | 16/65 kB
Progress (4): 216/262 kB | 106/144 kB | 224/588 kB | 16/65 kB
Progress (4): 216/262 kB | 106/144 kB | 241/588 kB | 16/65 kB
Progress (4): 216/262 kB | 106/144 kB | 257/588 kB | 16/65 kB
Progress (4): 216/262 kB | 106/144 kB | 273/588 kB | 16/65 kB
Progress (4): 216/262 kB | 106/144 kB | 290/588 kB | 16/65 kB
Progress (4): 216/262 kB | 106/144 kB | 306/588 kB | 16/65 kB
Progress (4): 216/262 kB | 106/144 kB | 323/588 kB | 16/65 kB
Progress (4): 216/262 kB | 106/144 kB | 323/588 kB | 32/65 kB
Progress (4): 216/262 kB | 106/144 kB | 323/588 kB | 49/65 kB
Progress (4): 216/262 kB | 106/144 kB | 323/588 kB | 65/65 kB
Progress (4): 216/262 kB | 106/144 kB | 323/588 kB | 65 kB   
                                                          
Downloaded from central: https://repo.maven.apache.org/maven2/oro/oro/2.0.8/oro-2.0.8.jar (65 kB at 4.4 kB/s)
Downloading from central: https://repo.maven.apache.org/maven2/org/eclipse/jetty/jetty-server/9.4.46.v20220331/jetty-server-9.4.46.v20220331.jar
Progress (3): 216/262 kB | 106/144 kB | 339/588 kB
Progress (3): 216/262 kB | 106/144 kB | 355/588 kB
Progress (3): 216/262 kB | 106/144 kB | 372/588 kB
Progress (3): 216/262 kB | 106/144 kB | 388/588 kB
Progress (3): 216/262 kB | 106/144 kB | 405/588 kB
Progress (3): 216/262 kB | 106/144 kB | 421/588 kB
Progress (3): 216/262 kB | 106/144 kB | 437/588 kB
Progress (4): 216/262 kB | 106/144 kB | 437/588 kB | 7.7/47 kB
Progress (4): 216/262 kB | 106/144 kB | 437/588 kB | 16/47 kB 
Progress (4): 216/262 kB | 106/144 kB | 454/588 kB | 16/47 kB
Progress (4): 216/262 kB | 106/144 kB | 470/588 kB | 16/47 kB
Progress (4): 216/262 kB | 106/144 kB | 486/588 kB | 16/47 kB
Progress (4): 216/262 kB | 106/144 kB | 503/588 kB | 16/47 kB
Progress (4): 216/262 kB | 106/144 kB | 519/588 kB | 16/47 kB
Progress (4): 216/262 kB | 106/144 kB | 519/588 kB | 32/47 kB
Progress (4): 216/262 kB | 106/144 kB | 519/588 kB | 47 kB   
                                                          
Downloaded from central: https://repo.maven.apache.org/maven2/org/apache/maven/doxia/doxia-integration-tools/1.11.1/doxia-integration-tools-1.11.1.jar (47 kB at 3.2 kB/s)
Downloading from central: https://repo.maven.apache.org/maven2/javax/servlet/javax.servlet-api/3.1.0/javax.servlet-api-3.1.0.jar
Progress (3): 216/262 kB | 106/144 kB | 536/588 kB
Progress (3): 216/262 kB | 106/144 kB | 552/588 kB
Progress (3): 216/262 kB | 106/144 kB | 568/588 kB
Progress (3): 216/262 kB | 106/144 kB | 585/588 kB
Progress (3): 216/262 kB | 106/144 kB | 588 kB    
                                              
Downloaded from central: https://repo.maven.apache.org/maven2/commons-collections/commons-collections/3.2.2/commons-collections-3.2.2.jar (588 kB at 40 kB/s)
Downloading from central: https://repo.maven.apache.org/maven2/org/eclipse/jetty/jetty-http/9.4.46.v20220331/jetty-http-9.4.46.v20220331.jar
Progress (3): 216/262 kB | 106/144 kB | 7.7/96 kB
Progress (3): 216/262 kB | 106/144 kB | 16/96 kB 
Progress (3): 233/262 kB | 106/144 kB | 16/96 kB
Progress (3): 249/262 kB | 106/144 kB | 16/96 kB
Progress (3): 262 kB | 106/144 kB | 16/96 kB    
                                            
Downloaded from central: https://repo.maven.apache.org/maven2/commons-lang/commons-lang/2.4/commons-lang-2.4.jar (262 kB at 17 kB/s)
Downloading from central: https://repo.maven.apache.org/maven2/org/eclipse/jetty/jetty-io/9.4.46.v20220331/jetty-io-9.4.46.v20220331.jar
Progress (2): 122/144 kB | 16/96 kB
Progress (2): 139/144 kB | 16/96 kB
Progress (2): 144 kB | 16/96 kB    
                               
Downloaded from central: https://repo.maven.apache.org/maven2/commons-digester/commons-digester/1.8/commons-digester-1.8.jar (144 kB at 9.5 kB/s)
Downloading from central: https://repo.maven.apache.org/maven2/org/eclipse/jetty/jetty-servlet/9.4.46.v20220331/jetty-servlet-9.4.46.v20220331.jar
Progress (2): 16/96 kB | 7.7/225 kB
Progress (2): 16/96 kB | 16/225 kB 
Progress (2): 24/96 kB | 16/225 kB
Progress (2): 24/96 kB | 28/225 kB
Progress (2): 24/96 kB | 44/225 kB
Progress (2): 24/96 kB | 61/225 kB
Progress (2): 24/96 kB | 77/225 kB
Progress (2): 24/96 kB | 93/225 kB
Progress (2): 40/96 kB | 93/225 kB
Progress (3): 40/96 kB | 93/225 kB | 7.7/733 kB
Progress (3): 40/96 kB | 93/225 kB | 16/733 kB 
Progress (3): 40/96 kB | 93/225 kB | 32/733 kB
Progress (3): 40/96 kB | 110/225 kB | 32/733 kB
Progress (3): 40/96 kB | 126/225 kB | 32/733 kB
Progress (3): 40/96 kB | 142/225 kB | 32/733 kB
Progress (3): 40/96 kB | 159/225 kB | 32/733 kB
Progress (3): 57/96 kB | 159/225 kB | 32/733 kB
Progress (3): 57/96 kB | 175/225 kB | 32/733 kB
Progress (3): 57/96 kB | 192/225 kB | 32/733 kB
Progress (3): 57/96 kB | 208/225 kB | 32/733 kB
Progress (3): 57/96 kB | 224/225 kB | 32/733 kB
Progress (3): 57/96 kB | 225 kB | 32/733 kB    
Progress (3): 57/96 kB | 225 kB | 48/733 kB
                                           
Downloaded from central: https://repo.maven.apache.org/maven2/org/eclipse/jetty/jetty-http/9.4.46.v20220331/jetty-http-9.4.46.v20220331.jar (225 kB at 15 kB/s)
Downloading from central: https://repo.maven.apache.org/maven2/org/eclipse/jetty/jetty-security/9.4.46.v20220331/jetty-security-9.4.46.v20220331.jar
Progress (2): 57/96 kB | 65/733 kB
Progress (2): 73/96 kB | 65/733 kB
Progress (2): 73/96 kB | 81/733 kB
Progress (2): 90/96 kB | 81/733 kB
Progress (3): 90/96 kB | 81/733 kB | 7.7/147 kB
Progress (3): 90/96 kB | 81/733 kB | 16/147 kB 
Progress (4): 90/96 kB | 81/733 kB | 16/147 kB | 7.7/119 kB
Progress (4): 90/96 kB | 81/733 kB | 16/147 kB | 11/119 kB 
Progress (4): 90/96 kB | 81/733 kB | 16/147 kB | 28/119 kB
Progress (4): 90/96 kB | 81/733 kB | 16/147 kB | 44/119 kB
Progress (4): 90/96 kB | 81/733 kB | 16/147 kB | 61/119 kB
Progress (4): 90/96 kB | 81/733 kB | 16/147 kB | 77/119 kB
Progress (4): 90/96 kB | 81/733 kB | 16/147 kB | 93/119 kB
Progress (5): 90/96 kB | 81/733 kB | 16/147 kB | 93/119 kB | 7.7/184 kB
Progress (5): 90/96 kB | 81/733 kB | 16/147 kB | 93/119 kB | 16/184 kB 
Progress (5): 90/96 kB | 81/733 kB | 16/147 kB | 110/119 kB | 16/184 kB
Progress (5): 90/96 kB | 81/733 kB | 16/147 kB | 119 kB | 16/184 kB    
                                                                   
Downloaded from central: https://repo.maven.apache.org/maven2/org/eclipse/jetty/jetty-security/9.4.46.v20220331/jetty-security-9.4.46.v20220331.jar (119 kB at 7.7 kB/s)
Downloading from central: https://repo.maven.apache.org/maven2/org/eclipse/jetty/jetty-util-ajax/9.4.46.v20220331/jetty-util-ajax-9.4.46.v20220331.jar
Progress (4): 90/96 kB | 81/733 kB | 16/147 kB | 24/184 kB
Progress (4): 90/96 kB | 81/733 kB | 32/147 kB | 24/184 kB
Progress (4): 96 kB | 81/733 kB | 32/147 kB | 24/184 kB   
                                                       
Downloaded from central: https://repo.maven.apache.org/maven2/javax/servlet/javax.servlet-api/3.1.0/javax.servlet-api-3.1.0.jar (96 kB at 6.1 kB/s)
Downloading from central: https://repo.maven.apache.org/maven2/org/eclipse/jetty/jetty-webapp/9.4.46.v20220331/jetty-webapp-9.4.46.v20220331.jar
Progress (3): 81/733 kB | 32/147 kB | 40/184 kB
Progress (3): 81/733 kB | 32/147 kB | 57/184 kB
Progress (3): 97/733 kB | 32/147 kB | 57/184 kB
Progress (3): 114/733 kB | 32/147 kB | 57/184 kB
Progress (3): 130/733 kB | 32/147 kB | 57/184 kB
Progress (3): 147/733 kB | 32/147 kB | 57/184 kB
Progress (4): 147/733 kB | 32/147 kB | 57/184 kB | 7.7/67 kB
Progress (4): 147/733 kB | 32/147 kB | 57/184 kB | 16/67 kB 
Progress (4): 147/733 kB | 32/147 kB | 57/184 kB | 32/67 kB
Progress (4): 147/733 kB | 32/147 kB | 57/184 kB | 49/67 kB
Progress (4): 147/733 kB | 32/147 kB | 57/184 kB | 65/67 kB
Progress (4): 147/733 kB | 32/147 kB | 57/184 kB | 67 kB   
                                                        
Downloaded from central: https://repo.maven.apache.org/maven2/org/eclipse/jetty/jetty-util-ajax/9.4.46.v20220331/jetty-util-ajax-9.4.46.v20220331.jar (67 kB at 4.2 kB/s)
Downloading from central: https://repo.maven.apache.org/maven2/org/eclipse/jetty/jetty-xml/9.4.46.v20220331/jetty-xml-9.4.46.v20220331.jar
Progress (3): 147/733 kB | 32/147 kB | 73/184 kB
Progress (3): 147/733 kB | 32/147 kB | 90/184 kB
Progress (3): 163/733 kB | 32/147 kB | 90/184 kB
Progress (3): 179/733 kB | 32/147 kB | 90/184 kB
Progress (3): 196/733 kB | 32/147 kB | 90/184 kB
Progress (3): 212/733 kB | 32/147 kB | 90/184 kB
Progress (3): 228/733 kB | 32/147 kB | 90/184 kB
Progress (3): 228/733 kB | 49/147 kB | 90/184 kB
Progress (3): 228/733 kB | 65/147 kB | 90/184 kB
Progress (3): 228/733 kB | 65/147 kB | 106/184 kB
Progress (4): 228/733 kB | 65/147 kB | 106/184 kB | 7.7/69 kB
Progress (4): 228/733 kB | 65/147 kB | 106/184 kB | 16/69 kB 
Progress (4): 228/733 kB | 65/147 kB | 106/184 kB | 32/69 kB
Progress (4): 228/733 kB | 65/147 kB | 106/184 kB | 49/69 kB
Progress (4): 228/733 kB | 81/147 kB | 106/184 kB | 49/69 kB
Progress (4): 228/733 kB | 81/147 kB | 106/184 kB | 57/69 kB
Progress (5): 228/733 kB | 81/147 kB | 106/184 kB | 57/69 kB | 7.7/141 kB
Progress (5): 228/733 kB | 81/147 kB | 106/184 kB | 57/69 kB | 16/141 kB 
Progress (5): 228/733 kB | 81/147 kB | 106/184 kB | 69 kB | 16/141 kB   
                                                                     
Downloaded from central: https://repo.maven.apache.org/maven2/org/eclipse/jetty/jetty-xml/9.4.46.v20220331/jetty-xml-9.4.46.v20220331.jar (69 kB at 4.3 kB/s)
Downloading from central: https://repo.maven.apache.org/maven2/org/eclipse/jetty/jetty-util/9.4.46.v20220331/jetty-util-9.4.46.v20220331.jar
Progress (4): 245/733 kB | 81/147 kB | 106/184 kB | 16/141 kB
Progress (4): 261/733 kB | 81/147 kB | 106/184 kB | 16/141 kB
Progress (4): 261/733 kB | 81/147 kB | 122/184 kB | 16/141 kB
Progress (4): 261/733 kB | 81/147 kB | 139/184 kB | 16/141 kB
Progress (4): 261/733 kB | 81/147 kB | 155/184 kB | 16/141 kB
Progress (4): 261/733 kB | 81/147 kB | 172/184 kB | 16/141 kB
Progress (4): 278/733 kB | 81/147 kB | 172/184 kB | 16/141 kB
Progress (4): 278/733 kB | 81/147 kB | 172/184 kB | 32/141 kB
Progress (4): 278/733 kB | 81/147 kB | 172/184 kB | 49/141 kB
Progress (4): 278/733 kB | 81/147 kB | 172/184 kB | 65/141 kB
Progress (4): 278/733 kB | 81/147 kB | 172/184 kB | 81/141 kB
Progress (4): 278/733 kB | 81/147 kB | 172/184 kB | 97/141 kB
Progress (4): 294/733 kB | 81/147 kB | 172/184 kB | 97/141 kB
Progress (4): 310/733 kB | 81/147 kB | 172/184 kB | 97/141 kB
Progress (4): 327/733 kB | 81/147 kB | 172/184 kB | 97/141 kB
Progress (5): 327/733 kB | 81/147 kB | 172/184 kB | 97/141 kB | 7.7/586 kB
Progress (5): 327/733 kB | 81/147 kB | 172/184 kB | 97/141 kB | 16/586 kB 
Progress (5): 327/733 kB | 81/147 kB | 172/184 kB | 114/141 kB | 16/586 kB
Progress (5): 327/733 kB | 81/147 kB | 172/184 kB | 130/141 kB | 16/586 kB
Progress (5): 327/733 kB | 81/147 kB | 172/184 kB | 141 kB | 16/586 kB    
                                                                      
Downloaded from central: https://repo.maven.apache.org/maven2/org/eclipse/jetty/jetty-webapp/9.4.46.v20220331/jetty-webapp-9.4.46.v20220331.jar (141 kB at 8.7 kB/s)
Progress (4): 327/733 kB | 81/147 kB | 172/184 kB | 32/586 kB
Progress (4): 327/733 kB | 81/147 kB | 172/184 kB | 49/586 kB
Progress (4): 327/733 kB | 81/147 kB | 172/184 kB | 65/586 kB
Progress (4): 327/733 kB | 97/147 kB | 172/184 kB | 65/586 kB
Progress (4): 327/733 kB | 97/147 kB | 172/184 kB | 81/586 kB
Progress (4): 327/733 kB | 97/147 kB | 172/184 kB | 98/586 kB
Progress (4): 327/733 kB | 97/147 kB | 172/184 kB | 114/586 kB
Progress (4): 327/733 kB | 97/147 kB | 172/184 kB | 131/586 kB
Progress (4): 327/733 kB | 97/147 kB | 172/184 kB | 147/586 kB
Progress (4): 327/733 kB | 97/147 kB | 172/184 kB | 163/586 kB
Progress (4): 327/733 kB | 97/147 kB | 172/184 kB | 180/586 kB
Progress (4): 327/733 kB | 97/147 kB | 172/184 kB | 196/586 kB
Progress (4): 327/733 kB | 97/147 kB | 172/184 kB | 212/586 kB
Progress (4): 327/733 kB | 97/147 kB | 172/184 kB | 229/586 kB
Progress (4): 327/733 kB | 97/147 kB | 172/184 kB | 245/586 kB
Progress (4): 327/733 kB | 97/147 kB | 172/184 kB | 262/586 kB
Progress (4): 327/733 kB | 97/147 kB | 172/184 kB | 278/586 kB
Progress (4): 327/733 kB | 97/147 kB | 172/184 kB | 294/586 kB
Progress (4): 327/733 kB | 97/147 kB | 172/184 kB | 311/586 kB
Progress (4): 327/733 kB | 97/147 kB | 172/184 kB | 327/586 kB
Progress (4): 327/733 kB | 97/147 kB | 172/184 kB | 344/586 kB
Progress (4): 327/733 kB | 97/147 kB | 172/184 kB | 360/586 kB
Progress (4): 327/733 kB | 97/147 kB | 172/184 kB | 376/586 kB
Progress (4): 327/733 kB | 97/147 kB | 172/184 kB | 393/586 kB
Progress (4): 327/733 kB | 97/147 kB | 172/184 kB | 409/586 kB
Progress (4): 327/733 kB | 97/147 kB | 172/184 kB | 425/586 kB
Progress (4): 327/733 kB | 97/147 kB | 172/184 kB | 442/586 kB
Progress (4): 327/733 kB | 97/147 kB | 172/184 kB | 458/586 kB
Progress (4): 327/733 kB | 97/147 kB | 172/184 kB | 475/586 kB
Progress (4): 343/733 kB | 97/147 kB | 172/184 kB | 475/586 kB
Progress (4): 360/733 kB | 97/147 kB | 172/184 kB | 475/586 kB
Progress (4): 360/733 kB | 97/147 kB | 172/184 kB | 491/586 kB
Progress (4): 360/733 kB | 97/147 kB | 184 kB | 491/586 kB    
                                                          
Downloaded from central: https://repo.maven.apache.org/maven2/org/eclipse/jetty/jetty-io/9.4.46.v20220331/jetty-io-9.4.46.v20220331.jar (184 kB at 11 kB/s)
Progress (3): 360/733 kB | 97/147 kB | 507/586 kB
Progress (3): 360/733 kB | 97/147 kB | 524/586 kB
Progress (3): 360/733 kB | 97/147 kB | 540/586 kB
Progress (3): 360/733 kB | 97/147 kB | 557/586 kB
Progress (3): 360/733 kB | 97/147 kB | 573/586 kB
Progress (3): 360/733 kB | 97/147 kB | 586 kB    
                                             
Downloaded from central: https://repo.maven.apache.org/maven2/org/eclipse/jetty/jetty-util/9.4.46.v20220331/jetty-util-9.4.46.v20220331.jar (586 kB at 35 kB/s)
Progress (2): 360/733 kB | 114/147 kB
Progress (2): 360/733 kB | 130/147 kB
Progress (2): 376/733 kB | 130/147 kB
Progress (2): 392/733 kB | 130/147 kB
Progress (2): 409/733 kB | 130/147 kB
Progress (2): 425/733 kB | 130/147 kB
Progress (2): 425/733 kB | 147/147 kB
Progress (2): 425/733 kB | 147 kB    
                                 
Downloaded from central: https://repo.maven.apache.org/maven2/org/eclipse/jetty/jetty-servlet/9.4.46.v20220331/jetty-servlet-9.4.46.v20220331.jar (147 kB at 8.8 kB/s)
Progress (1): 441/733 kB
Progress (1): 458/733 kB
Progress (1): 474/733 kB
Progress (1): 491/733 kB
Progress (1): 507/733 kB
Progress (1): 523/733 kB
Progress (1): 540/733 kB
Progress (1): 556/733 kB
Progress (1): 573/733 kB
Progress (1): 589/733 kB
Progress (1): 605/733 kB
Progress (1): 622/733 kB
Progress (1): 638/733 kB
Progress (1): 654/733 kB
Progress (1): 671/733 kB
Progress (1): 687/733 kB
Progress (1): 704/733 kB
Progress (1): 720/733 kB
Progress (1): 733 kB    
                    
Downloaded from central: https://repo.maven.apache.org/maven2/org/eclipse/jetty/jetty-server/9.4.46.v20220331/jetty-server-9.4.46.v20220331.jar (733 kB at 40 kB/s)
[INFO] Skipping because packaging 'jar' is not pom.
[INFO] ------------------------------------------------------------------------
[INFO] BUILD SUCCESS
[INFO] ------------------------------------------------------------------------
[INFO] Total time:  04:49 min
[INFO] Finished at: 2026-08-30T13:08:16+08:00
[INFO] ------------------------------------------------------------------------
