Could not load 'oslo_cache.memcache_pool': No module named 'bmemcached'
Could not load 'oslo_cache.memcache_pool': No module named 'bmemcached'
Could not load 'oslo_cache.memcache_pool': No module named 'bmemcached'
Could not load 'oslo_cache.memcache_pool': No module named 'bmemcached'
Could not load 'oslo_cache.memcache_pool': No module named 'bmemcached'
Could not load 'oslo_cache.memcache_pool': No module named 'bmemcached'
Could not load 'oslo_cache.memcache_pool': No module named 'bmemcached'
Could not load 'oslo_cache.memcache_pool': No module named 'bmemcached'
Could not load 'oslo_cache.memcache_pool': No module named 'bmemcached'
Could not load 'oslo_cache.memcache_pool': No module named 'bmemcached'
Could not load 'oslo_cache.memcache_pool': No module named 'bmemcached'
Could not load 'oslo_cache.memcache_pool': No module named 'bmemcached'
Could not load 'oslo_cache.memcache_pool': No module named 'bmemcached'
Could not load 'oslo_cache.memcache_pool': No module named 'bmemcached'
Could not load 'oslo_cache.memcache_pool': No module named 'bmemcached'
Could not load 'oslo_cache.memcache_pool': No module named 'bmemcached'
Could not load 'oslo_cache.memcache_pool': No module named 'bmemcached'
Could not load 'oslo_cache.memcache_pool': No module named 'bmemcached'
Could not load 'oslo_cache.memcache_pool': No module named 'bmemcached'
Could not load 'oslo_cache.memcache_pool': No module named 'bmemcached'
Could not load 'oslo_cache.memcache_pool': No module named 'bmemcached'
/home/zhihao/hdd/marshal/benchmarks/cross-repo-pr-impact/results/single-case-pipeline-880278-880338-v2-2026-08-26/replay-work/formal-opendev-880278--target-880338/target-a2/.tox/py3/lib/python3.10/site-packages/kombu/utils/compat.py:82: DeprecationWarning: SelectableGroups dict interface is deprecated. Use select.
  for ep in importlib_metadata.entry_points().get(namespace, [])
/home/zhihao/hdd/marshal/benchmarks/cross-repo-pr-impact/results/single-case-pipeline-880278-880338-v2-2026-08-26/replay-work/formal-opendev-880278--target-880338/target-a2/.tox/py3/lib/python3.10/site-packages/oslo_db/sqlalchemy/enginefacade.py:541: DeprecationWarning: Using the 'mysql_enable_ndb' argument is deprecated in version '12.1.0': Support for the MySQL NDB Cluster storage engine has been deprecated and will be removed in a future release.
  engine = engines.create_engine(
/home/zhihao/hdd/marshal/benchmarks/cross-repo-pr-impact/results/single-case-pipeline-880278-880338-v2-2026-08-26/replay-work/formal-opendev-880278--target-880338/target-a2/.tox/py3/lib/python3.10/site-packages/kombu/utils/compat.py:82: DeprecationWarning: SelectableGroups dict interface is deprecated. Use select.
  for ep in importlib_metadata.entry_points().get(namespace, [])
/home/zhihao/hdd/marshal/benchmarks/cross-repo-pr-impact/results/single-case-pipeline-880278-880338-v2-2026-08-26/replay-work/formal-opendev-880278--target-880338/target-a2/.tox/py3/lib/python3.10/site-packages/kombu/utils/compat.py:82: DeprecationWarning: SelectableGroups dict interface is deprecated. Use select.
  for ep in importlib_metadata.entry_points().get(namespace, [])
/home/zhihao/hdd/marshal/benchmarks/cross-repo-pr-impact/results/single-case-pipeline-880278-880338-v2-2026-08-26/replay-work/formal-opendev-880278--target-880338/target-a2/.tox/py3/lib/python3.10/site-packages/oslo_db/sqlalchemy/enginefacade.py:541: DeprecationWarning: Using the 'mysql_enable_ndb' argument is deprecated in version '12.1.0': Support for the MySQL NDB Cluster storage engine has been deprecated and will be removed in a future release.
  engine = engines.create_engine(
/home/zhihao/hdd/marshal/benchmarks/cross-repo-pr-impact/results/single-case-pipeline-880278-880338-v2-2026-08-26/replay-work/formal-opendev-880278--target-880338/target-a2/.tox/py3/lib/python3.10/site-packages/kombu/utils/compat.py:82: DeprecationWarning: SelectableGroups dict interface is deprecated. Use select.
  for ep in importlib_metadata.entry_points().get(namespace, [])
/home/zhihao/hdd/marshal/benchmarks/cross-repo-pr-impact/results/single-case-pipeline-880278-880338-v2-2026-08-26/replay-work/formal-opendev-880278--target-880338/target-a2/.tox/py3/lib/python3.10/site-packages/kombu/utils/compat.py:82: DeprecationWarning: SelectableGroups dict interface is deprecated. Use select.
  for ep in importlib_metadata.entry_points().get(namespace, [])
/home/zhihao/hdd/marshal/benchmarks/cross-repo-pr-impact/results/single-case-pipeline-880278-880338-v2-2026-08-26/replay-work/formal-opendev-880278--target-880338/target-a2/.tox/py3/lib/python3.10/site-packages/kombu/utils/compat.py:82: DeprecationWarning: SelectableGroups dict interface is deprecated. Use select.
  for ep in importlib_metadata.entry_points().get(namespace, [])
/home/zhihao/hdd/marshal/benchmarks/cross-repo-pr-impact/results/single-case-pipeline-880278-880338-v2-2026-08-26/replay-work/formal-opendev-880278--target-880338/target-a2/.tox/py3/lib/python3.10/site-packages/oslo_db/sqlalchemy/enginefacade.py:541: DeprecationWarning: Using the 'mysql_enable_ndb' argument is deprecated in version '12.1.0': Support for the MySQL NDB Cluster storage engine has been deprecated and will be removed in a future release.
  engine = engines.create_engine(
/home/zhihao/hdd/marshal/benchmarks/cross-repo-pr-impact/results/single-case-pipeline-880278-880338-v2-2026-08-26/replay-work/formal-opendev-880278--target-880338/target-a2/.tox/py3/lib/python3.10/site-packages/kombu/utils/compat.py:82: DeprecationWarning: SelectableGroups dict interface is deprecated. Use select.
  for ep in importlib_metadata.entry_points().get(namespace, [])
/home/zhihao/hdd/marshal/benchmarks/cross-repo-pr-impact/results/single-case-pipeline-880278-880338-v2-2026-08-26/replay-work/formal-opendev-880278--target-880338/target-a2/.tox/py3/lib/python3.10/site-packages/kombu/utils/compat.py:82: DeprecationWarning: SelectableGroups dict interface is deprecated. Use select.
  for ep in importlib_metadata.entry_points().get(namespace, [])
/home/zhihao/hdd/marshal/benchmarks/cross-repo-pr-impact/results/single-case-pipeline-880278-880338-v2-2026-08-26/replay-work/formal-opendev-880278--target-880338/target-a2/.tox/py3/lib/python3.10/site-packages/kombu/utils/compat.py:82: DeprecationWarning: SelectableGroups dict interface is deprecated. Use select.
  for ep in importlib_metadata.entry_points().get(namespace, [])
/home/zhihao/hdd/marshal/benchmarks/cross-repo-pr-impact/results/single-case-pipeline-880278-880338-v2-2026-08-26/replay-work/formal-opendev-880278--target-880338/target-a2/.tox/py3/lib/python3.10/site-packages/kombu/utils/compat.py:82: DeprecationWarning: SelectableGroups dict interface is deprecated. Use select.
  for ep in importlib_metadata.entry_points().get(namespace, [])
/home/zhihao/hdd/marshal/benchmarks/cross-repo-pr-impact/results/single-case-pipeline-880278-880338-v2-2026-08-26/replay-work/formal-opendev-880278--target-880338/target-a2/.tox/py3/lib/python3.10/site-packages/oslo_db/sqlalchemy/enginefacade.py:541: DeprecationWarning: Using the 'mysql_enable_ndb' argument is deprecated in version '12.1.0': Support for the MySQL NDB Cluster storage engine has been deprecated and will be removed in a future release.
  engine = engines.create_engine(
/home/zhihao/hdd/marshal/benchmarks/cross-repo-pr-impact/results/single-case-pipeline-880278-880338-v2-2026-08-26/replay-work/formal-opendev-880278--target-880338/target-a2/.tox/py3/lib/python3.10/site-packages/kombu/utils/compat.py:82: DeprecationWarning: SelectableGroups dict interface is deprecated. Use select.
  for ep in importlib_metadata.entry_points().get(namespace, [])
/home/zhihao/hdd/marshal/benchmarks/cross-repo-pr-impact/results/single-case-pipeline-880278-880338-v2-2026-08-26/replay-work/formal-opendev-880278--target-880338/target-a2/.tox/py3/lib/python3.10/site-packages/kombu/utils/compat.py:82: DeprecationWarning: SelectableGroups dict interface is deprecated. Use select.
  for ep in importlib_metadata.entry_points().get(namespace, [])
/home/zhihao/hdd/marshal/benchmarks/cross-repo-pr-impact/results/single-case-pipeline-880278-880338-v2-2026-08-26/replay-work/formal-opendev-880278--target-880338/target-a2/.tox/py3/lib/python3.10/site-packages/kombu/utils/compat.py:82: DeprecationWarning: SelectableGroups dict interface is deprecated. Use select.
  for ep in importlib_metadata.entry_points().get(namespace, [])
/home/zhihao/hdd/marshal/benchmarks/cross-repo-pr-impact/results/single-case-pipeline-880278-880338-v2-2026-08-26/replay-work/formal-opendev-880278--target-880338/target-a2/.tox/py3/lib/python3.10/site-packages/oslo_db/sqlalchemy/enginefacade.py:541: DeprecationWarning: Using the 'mysql_enable_ndb' argument is deprecated in version '12.1.0': Support for the MySQL NDB Cluster storage engine has been deprecated and will be removed in a future release.
  engine = engines.create_engine(
/home/zhihao/hdd/marshal/benchmarks/cross-repo-pr-impact/results/single-case-pipeline-880278-880338-v2-2026-08-26/replay-work/formal-opendev-880278--target-880338/target-a2/.tox/py3/lib/python3.10/site-packages/kombu/utils/compat.py:82: DeprecationWarning: SelectableGroups dict interface is deprecated. Use select.
  for ep in importlib_metadata.entry_points().get(namespace, [])
/home/zhihao/hdd/marshal/benchmarks/cross-repo-pr-impact/results/single-case-pipeline-880278-880338-v2-2026-08-26/replay-work/formal-opendev-880278--target-880338/target-a2/.tox/py3/lib/python3.10/site-packages/kombu/utils/compat.py:82: DeprecationWarning: SelectableGroups dict interface is deprecated. Use select.
  for ep in importlib_metadata.entry_points().get(namespace, [])
/home/zhihao/hdd/marshal/benchmarks/cross-repo-pr-impact/results/single-case-pipeline-880278-880338-v2-2026-08-26/replay-work/formal-opendev-880278--target-880338/target-a2/.tox/py3/lib/python3.10/site-packages/oslo_db/sqlalchemy/enginefacade.py:541: DeprecationWarning: Using the 'mysql_enable_ndb' argument is deprecated in version '12.1.0': Support for the MySQL NDB Cluster storage engine has been deprecated and will be removed in a future release.
  engine = engines.create_engine(
/home/zhihao/hdd/marshal/benchmarks/cross-repo-pr-impact/results/single-case-pipeline-880278-880338-v2-2026-08-26/replay-work/formal-opendev-880278--target-880338/target-a2/.tox/py3/lib/python3.10/site-packages/oslo_db/sqlalchemy/enginefacade.py:541: DeprecationWarning: Using the 'mysql_enable_ndb' argument is deprecated in version '12.1.0': Support for the MySQL NDB Cluster storage engine has been deprecated and will be removed in a future release.
  engine = engines.create_engine(
/home/zhihao/hdd/marshal/benchmarks/cross-repo-pr-impact/results/single-case-pipeline-880278-880338-v2-2026-08-26/replay-work/formal-opendev-880278--target-880338/target-a2/.tox/py3/lib/python3.10/site-packages/kombu/utils/compat.py:82: DeprecationWarning: SelectableGroups dict interface is deprecated. Use select.
  for ep in importlib_metadata.entry_points().get(namespace, [])
/home/zhihao/hdd/marshal/benchmarks/cross-repo-pr-impact/results/single-case-pipeline-880278-880338-v2-2026-08-26/replay-work/formal-opendev-880278--target-880338/target-a2/.tox/py3/lib/python3.10/site-packages/oslo_db/sqlalchemy/enginefacade.py:541: DeprecationWarning: Using the 'mysql_enable_ndb' argument is deprecated in version '12.1.0': Support for the MySQL NDB Cluster storage engine has been deprecated and will be removed in a future release.
  engine = engines.create_engine(
/home/zhihao/hdd/marshal/benchmarks/cross-repo-pr-impact/results/single-case-pipeline-880278-880338-v2-2026-08-26/replay-work/formal-opendev-880278--target-880338/target-a2/.tox/py3/lib/python3.10/site-packages/kombu/utils/compat.py:82: DeprecationWarning: SelectableGroups dict interface is deprecated. Use select.
  for ep in importlib_metadata.entry_points().get(namespace, [])
/home/zhihao/hdd/marshal/benchmarks/cross-repo-pr-impact/results/single-case-pipeline-880278-880338-v2-2026-08-26/replay-work/formal-opendev-880278--target-880338/target-a2/.tox/py3/lib/python3.10/site-packages/oslo_db/sqlalchemy/enginefacade.py:541: DeprecationWarning: Using the 'mysql_enable_ndb' argument is deprecated in version '12.1.0': Support for the MySQL NDB Cluster storage engine has been deprecated and will be removed in a future release.
  engine = engines.create_engine(
/home/zhihao/hdd/marshal/benchmarks/cross-repo-pr-impact/results/single-case-pipeline-880278-880338-v2-2026-08-26/replay-work/formal-opendev-880278--target-880338/target-a2/.tox/py3/lib/python3.10/site-packages/oslo_db/sqlalchemy/enginefacade.py:541: DeprecationWarning: Using the 'mysql_enable_ndb' argument is deprecated in version '12.1.0': Support for the MySQL NDB Cluster storage engine has been deprecated and will be removed in a future release.
  engine = engines.create_engine(
/home/zhihao/hdd/marshal/benchmarks/cross-repo-pr-impact/results/single-case-pipeline-880278-880338-v2-2026-08-26/replay-work/formal-opendev-880278--target-880338/target-a2/.tox/py3/lib/python3.10/site-packages/kombu/utils/compat.py:82: DeprecationWarning: SelectableGroups dict interface is deprecated. Use select.
  for ep in importlib_metadata.entry_points().get(namespace, [])
/home/zhihao/hdd/marshal/benchmarks/cross-repo-pr-impact/results/single-case-pipeline-880278-880338-v2-2026-08-26/replay-work/formal-opendev-880278--target-880338/target-a2/.tox/py3/lib/python3.10/site-packages/oslo_db/sqlalchemy/enginefacade.py:541: DeprecationWarning: Using the 'mysql_enable_ndb' argument is deprecated in version '12.1.0': Support for the MySQL NDB Cluster storage engine has been deprecated and will be removed in a future release.
  engine = engines.create_engine(
/home/zhihao/hdd/marshal/benchmarks/cross-repo-pr-impact/results/single-case-pipeline-880278-880338-v2-2026-08-26/replay-work/formal-opendev-880278--target-880338/target-a2/.tox/py3/lib/python3.10/site-packages/oslo_db/sqlalchemy/enginefacade.py:541: DeprecationWarning: Using the 'mysql_enable_ndb' argument is deprecated in version '12.1.0': Support for the MySQL NDB Cluster storage engine has been deprecated and will be removed in a future release.
  engine = engines.create_engine(
/home/zhihao/hdd/marshal/benchmarks/cross-repo-pr-impact/results/single-case-pipeline-880278-880338-v2-2026-08-26/replay-work/formal-opendev-880278--target-880338/target-a2/.tox/py3/lib/python3.10/site-packages/oslo_db/sqlalchemy/enginefacade.py:541: DeprecationWarning: Using the 'mysql_enable_ndb' argument is deprecated in version '12.1.0': Support for the MySQL NDB Cluster storage engine has been deprecated and will be removed in a future release.
  engine = engines.create_engine(
/home/zhihao/hdd/marshal/benchmarks/cross-repo-pr-impact/results/single-case-pipeline-880278-880338-v2-2026-08-26/replay-work/formal-opendev-880278--target-880338/target-a2/.tox/py3/lib/python3.10/site-packages/oslo_db/sqlalchemy/enginefacade.py:541: DeprecationWarning: Using the 'mysql_enable_ndb' argument is deprecated in version '12.1.0': Support for the MySQL NDB Cluster storage engine has been deprecated and will be removed in a future release.
  engine = engines.create_engine(
/home/zhihao/hdd/marshal/benchmarks/cross-repo-pr-impact/results/single-case-pipeline-880278-880338-v2-2026-08-26/replay-work/formal-opendev-880278--target-880338/target-a2/.tox/py3/lib/python3.10/site-packages/oslo_db/sqlalchemy/enginefacade.py:541: DeprecationWarning: Using the 'mysql_enable_ndb' argument is deprecated in version '12.1.0': Support for the MySQL NDB Cluster storage engine has been deprecated and will be removed in a future release.
  engine = engines.create_engine(
/home/zhihao/hdd/marshal/benchmarks/cross-repo-pr-impact/results/single-case-pipeline-880278-880338-v2-2026-08-26/replay-work/formal-opendev-880278--target-880338/target-a2/.tox/py3/lib/python3.10/site-packages/oslo_db/sqlalchemy/enginefacade.py:541: DeprecationWarning: Using the 'mysql_enable_ndb' argument is deprecated in version '12.1.0': Support for the MySQL NDB Cluster storage engine has been deprecated and will be removed in a future release.
  engine = engines.create_engine(
/home/zhihao/hdd/marshal/benchmarks/cross-repo-pr-impact/results/single-case-pipeline-880278-880338-v2-2026-08-26/replay-work/formal-opendev-880278--target-880338/target-a2/.tox/py3/lib/python3.10/site-packages/oslo_db/sqlalchemy/enginefacade.py:541: DeprecationWarning: Using the 'mysql_enable_ndb' argument is deprecated in version '12.1.0': Support for the MySQL NDB Cluster storage engine has been deprecated and will be removed in a future release.
  engine = engines.create_engine(
/home/zhihao/hdd/marshal/benchmarks/cross-repo-pr-impact/results/single-case-pipeline-880278-880338-v2-2026-08-26/replay-work/formal-opendev-880278--target-880338/target-a2/.tox/py3/lib/python3.10/site-packages/oslo_db/sqlalchemy/enginefacade.py:541: DeprecationWarning: Using the 'mysql_enable_ndb' argument is deprecated in version '12.1.0': Support for the MySQL NDB Cluster storage engine has been deprecated and will be removed in a future release.
  engine = engines.create_engine(
/home/zhihao/hdd/marshal/benchmarks/cross-repo-pr-impact/results/single-case-pipeline-880278-880338-v2-2026-08-26/replay-work/formal-opendev-880278--target-880338/target-a2/.tox/py3/lib/python3.10/site-packages/kombu/utils/compat.py:82: DeprecationWarning: SelectableGroups dict interface is deprecated. Use select.
  for ep in importlib_metadata.entry_points().get(namespace, [])
/home/zhihao/hdd/marshal/benchmarks/cross-repo-pr-impact/results/single-case-pipeline-880278-880338-v2-2026-08-26/replay-work/formal-opendev-880278--target-880338/target-a2/.tox/py3/lib/python3.10/site-packages/kombu/utils/compat.py:82: DeprecationWarning: SelectableGroups dict interface is deprecated. Use select.
  for ep in importlib_metadata.entry_points().get(namespace, [])
/home/zhihao/hdd/marshal/benchmarks/cross-repo-pr-impact/results/single-case-pipeline-880278-880338-v2-2026-08-26/replay-work/formal-opendev-880278--target-880338/target-a2/.tox/py3/lib/python3.10/site-packages/oslo_db/sqlalchemy/enginefacade.py:541: DeprecationWarning: Using the 'mysql_enable_ndb' argument is deprecated in version '12.1.0': Support for the MySQL NDB Cluster storage engine has been deprecated and will be removed in a future release.
  engine = engines.create_engine(
/home/zhihao/hdd/marshal/benchmarks/cross-repo-pr-impact/results/single-case-pipeline-880278-880338-v2-2026-08-26/replay-work/formal-opendev-880278--target-880338/target-a2/.tox/py3/lib/python3.10/site-packages/oslo_db/sqlalchemy/enginefacade.py:541: DeprecationWarning: Using the 'mysql_enable_ndb' argument is deprecated in version '12.1.0': Support for the MySQL NDB Cluster storage engine has been deprecated and will be removed in a future release.
  engine = engines.create_engine(
{17} neutron.tests.unit.services.metering.test_metering_plugin.TestMeteringPlugin.test_routers_updated_on_host_rpc_call [0.243372s] ... ok
create failed: No details.
Traceback (most recent call last):
  File "/home/zhihao/hdd/marshal/benchmarks/cross-repo-pr-impact/results/single-case-pipeline-880278-880338-v2-2026-08-26/replay-work/formal-opendev-880278--target-880338/target-a2/neutron/api/v2/resource.py", line 98, in resource
    result = method(request=request, **args)
  File "/home/zhihao/hdd/marshal/benchmarks/cross-repo-pr-impact/results/single-case-pipeline-880278-880338-v2-2026-08-26/replay-work/formal-opendev-880278--target-880338/target-a2/neutron/api/v2/base.py", line 438, in create
    return self._create(request, body, **kwargs)
  File "/home/zhihao/hdd/marshal/benchmarks/cross-repo-pr-impact/results/single-case-pipeline-880278-880338-v2-2026-08-26/replay-work/formal-opendev-880278--target-880338/target-a2/.tox/py3/lib/python3.10/site-packages/neutron_lib/db/api.py", line 140, in wrapped
    with excutils.save_and_reraise_exception():
  File "/home/zhihao/hdd/marshal/benchmarks/cross-repo-pr-impact/results/single-case-pipeline-880278-880338-v2-2026-08-26/replay-work/formal-opendev-880278--target-880338/target-a2/.tox/py3/lib/python3.10/site-packages/oslo_utils/excutils.py", line 227, in __exit__
    self.force_reraise()
  File "/home/zhihao/hdd/marshal/benchmarks/cross-repo-pr-impact/results/single-case-pipeline-880278-880338-v2-2026-08-26/replay-work/formal-opendev-880278--target-880338/target-a2/.tox/py3/lib/python3.10/site-packages/oslo_utils/excutils.py", line 200, in force_reraise
    raise self.value
  File "/home/zhihao/hdd/marshal/benchmarks/cross-repo-pr-impact/results/single-case-pipeline-880278-880338-v2-2026-08-26/replay-work/formal-opendev-880278--target-880338/target-a2/.tox/py3/lib/python3.10/site-packages/neutron_lib/db/api.py", line 138, in wrapped
    return f(*args, **kwargs)
  File "/home/zhihao/hdd/marshal/benchmarks/cross-repo-pr-impact/results/single-case-pipeline-880278-880338-v2-2026-08-26/replay-work/formal-opendev-880278--target-880338/target-a2/.tox/py3/lib/python3.10/site-packages/oslo_db/api.py", line 144, in wrapper
    with excutils.save_and_reraise_exception() as ectxt:
  File "/home/zhihao/hdd/marshal/benchmarks/cross-repo-pr-impact/results/single-case-pipeline-880278-880338-v2-2026-08-26/replay-work/formal-opendev-880278--target-880338/target-a2/.tox/py3/lib/python3.10/site-packages/oslo_utils/excutils.py", line 227, in __exit__
    self.force_reraise()
  File "/home/zhihao/hdd/marshal/benchmarks/cross-repo-pr-impact/results/single-case-pipeline-880278-880338-v2-2026-08-26/replay-work/formal-opendev-880278--target-880338/target-a2/.tox/py3/lib/python3.10/site-packages/oslo_utils/excutils.py", line 200, in force_reraise
    raise self.value
  File "/home/zhihao/hdd/marshal/benchmarks/cross-repo-pr-impact/results/single-case-pipeline-880278-880338-v2-2026-08-26/replay-work/formal-opendev-880278--target-880338/target-a2/.tox/py3/lib/python3.10/site-packages/oslo_db/api.py", line 142, in wrapper
    return f(*args, **kwargs)
  File "/home/zhihao/hdd/marshal/benchmarks/cross-repo-pr-impact/results/single-case-pipeline-880278-880338-v2-2026-08-26/replay-work/formal-opendev-880278--target-880338/target-a2/.tox/py3/lib/python3.10/site-packages/neutron_lib/db/api.py", line 186, in wrapped
    with excutils.save_and_reraise_exception():
  File "/home/zhihao/hdd/marshal/benchmarks/cross-repo-pr-impact/results/single-case-pipeline-880278-880338-v2-2026-08-26/replay-work/formal-opendev-880278--target-880338/target-a2/.tox/py3/lib/python3.10/site-packages/oslo_utils/excutils.py", line 227, in __exit__
    self.force_reraise()
  File "/home/zhihao/hdd/marshal/benchmarks/cross-repo-pr-impact/results/single-case-pipeline-880278-880338-v2-2026-08-26/replay-work/formal-opendev-880278--target-880338/target-a2/.tox/py3/lib/python3.10/site-packages/oslo_utils/excutils.py", line 200, in force_reraise
    raise self.value
  File "/home/zhihao/hdd/marshal/benchmarks/cross-repo-pr-impact/results/single-case-pipeline-880278-880338-v2-2026-08-26/replay-work/formal-opendev-880278--target-880338/target-a2/.tox/py3/lib/python3.10/site-packages/neutron_lib/db/api.py", line 184, in wrapped
    return f(*dup_args, **dup_kwargs)
  File "/home/zhihao/hdd/marshal/benchmarks/cross-repo-pr-impact/results/single-case-pipeline-880278-880338-v2-2026-08-26/replay-work/formal-opendev-880278--target-880338/target-a2/neutron/api/v2/base.py", line 564, in _create
    return notify({self._resource: self._view(request.context,
  File "/home/zhihao/hdd/marshal/benchmarks/cross-repo-pr-impact/results/single-case-pipeline-880278-880338-v2-2026-08-26/replay-work/formal-opendev-880278--target-880338/target-a2/neutron/api/v2/base.py", line 504, in notify
    quota.QUOTAS.commit_reservation(
  File "/home/zhihao/hdd/marshal/benchmarks/cross-repo-pr-impact/results/single-case-pipeline-880278-880338-v2-2026-08-26/replay-work/formal-opendev-880278--target-880338/target-a2/neutron/quota/__init__.py", line 103, in commit_reservation
    self.get_driver().commit_reservation(context, reservation_id)
  File "/home/zhihao/hdd/marshal/benchmarks/cross-repo-pr-impact/results/single-case-pipeline-880278-880338-v2-2026-08-26/replay-work/formal-opendev-880278--target-880338/target-a2/neutron/db/quota/driver.py", line 269, in commit_reservation
    quota_api.remove_reservation(context, reservation_id,
  File "/home/zhihao/hdd/marshal/benchmarks/cross-repo-pr-impact/results/single-case-pipeline-880278-880338-v2-2026-08-26/replay-work/formal-opendev-880278--target-880338/target-a2/neutron/common/utils.py", line 726, in inner
    raise RuntimeError(_("Method %s cannot be called within a "
RuntimeError: Method <function remove_reservation at 0x7fcced976a70> cannot be called within a transaction.
create failed: No details.
Traceback (most recent call last):
  File "/home/zhihao/hdd/marshal/benchmarks/cross-repo-pr-impact/results/single-case-pipeline-880278-880338-v2-2026-08-26/replay-work/formal-opendev-880278--target-880338/target-a2/neutron/api/v2/resource.py", line 98, in resource
    result = method(request=request, **args)
  File "/home/zhihao/hdd/marshal/benchmarks/cross-repo-pr-impact/results/single-case-pipeline-880278-880338-v2-2026-08-26/replay-work/formal-opendev-880278--target-880338/target-a2/neutron/api/v2/base.py", line 438, in create
    return self._create(request, body, **kwargs)
  File "/home/zhihao/hdd/marshal/benchmarks/cross-repo-pr-impact/results/single-case-pipeline-880278-880338-v2-2026-08-26/replay-work/formal-opendev-880278--target-880338/target-a2/.tox/py3/lib/python3.10/site-packages/neutron_lib/db/api.py", line 140, in wrapped
    with excutils.save_and_reraise_exception():
  File "/home/zhihao/hdd/marshal/benchmarks/cross-repo-pr-impact/results/single-case-pipeline-880278-880338-v2-2026-08-26/replay-work/formal-opendev-880278--target-880338/target-a2/.tox/py3/lib/python3.10/site-packages/oslo_utils/excutils.py", line 227, in __exit__
    self.force_reraise()
  File "/home/zhihao/hdd/marshal/benchmarks/cross-repo-pr-impact/results/single-case-pipeline-880278-880338-v2-2026-08-26/replay-work/formal-opendev-880278--target-880338/target-a2/.tox/py3/lib/python3.10/site-packages/oslo_utils/excutils.py", line 200, in force_reraise
    raise self.value
  File "/home/zhihao/hdd/marshal/benchmarks/cross-repo-pr-impact/results/single-case-pipeline-880278-880338-v2-2026-08-26/replay-work/formal-opendev-880278--target-880338/target-a2/.tox/py3/lib/python3.10/site-packages/neutron_lib/db/api.py", line 138, in wrapped
    return f(*args, **kwargs)
  File "/home/zhihao/hdd/marshal/benchmarks/cross-repo-pr-impact/results/single-case-pipeline-880278-880338-v2-2026-08-26/replay-work/formal-opendev-880278--target-880338/target-a2/.tox/py3/lib/python3.10/site-packages/oslo_db/api.py", line 144, in wrapper
    with excutils.save_and_reraise_exception() as ectxt:
  File "/home/zhihao/hdd/marshal/benchmarks/cross-repo-pr-impact/results/single-case-pipeline-880278-880338-v2-2026-08-26/replay-work/formal-opendev-880278--target-880338/target-a2/.tox/py3/lib/python3.10/site-packages/oslo_utils/excutils.py", line 227, in __exit__
    self.force_reraise()
  File "/home/zhihao/hdd/marshal/benchmarks/cross-repo-pr-impact/results/single-case-pipeline-880278-880338-v2-2026-08-26/replay-work/formal-opendev-880278--target-880338/target-a2/.tox/py3/lib/python3.10/site-packages/oslo_utils/excutils.py", line 200, in force_reraise
    raise self.value
  File "/home/zhihao/hdd/marshal/benchmarks/cross-repo-pr-impact/results/single-case-pipeline-880278-880338-v2-2026-08-26/replay-work/formal-opendev-880278--target-880338/target-a2/.tox/py3/lib/python3.10/site-packages/oslo_db/api.py", line 142, in wrapper
    return f(*args, **kwargs)
  File "/home/zhihao/hdd/marshal/benchmarks/cross-repo-pr-impact/results/single-case-pipeline-880278-880338-v2-2026-08-26/replay-work/formal-opendev-880278--target-880338/target-a2/.tox/py3/lib/python3.10/site-packages/neutron_lib/db/api.py", line 186, in wrapped
    with excutils.save_and_reraise_exception():
  File "/home/zhihao/hdd/marshal/benchmarks/cross-repo-pr-impact/results/single-case-pipeline-880278-880338-v2-2026-08-26/replay-work/formal-opendev-880278--target-880338/target-a2/.tox/py3/lib/python3.10/site-packages/oslo_utils/excutils.py", line 227, in __exit__
    self.force_reraise()
  File "/home/zhihao/hdd/marshal/benchmarks/cross-repo-pr-impact/results/single-case-pipeline-880278-880338-v2-2026-08-26/replay-work/formal-opendev-880278--target-880338/target-a2/.tox/py3/lib/python3.10/site-packages/oslo_utils/excutils.py", line 200, in force_reraise
    raise self.value
  File "/home/zhihao/hdd/marshal/benchmarks/cross-repo-pr-impact/results/single-case-pipeline-880278-880338-v2-2026-08-26/replay-work/formal-opendev-880278--target-880338/target-a2/.tox/py3/lib/python3.10/site-packages/neutron_lib/db/api.py", line 184, in wrapped
    return f(*dup_args, **dup_kwargs)
  File "/home/zhihao/hdd/marshal/benchmarks/cross-repo-pr-impact/results/single-case-pipeline-880278-880338-v2-2026-08-26/replay-work/formal-opendev-880278--target-880338/target-a2/neutron/api/v2/base.py", line 564, in _create
    return notify({self._resource: self._view(request.context,
  File "/home/zhihao/hdd/marshal/benchmarks/cross-repo-pr-impact/results/single-case-pipeline-880278-880338-v2-2026-08-26/replay-work/formal-opendev-880278--target-880338/target-a2/neutron/api/v2/base.py", line 504, in notify
    quota.QUOTAS.commit_reservation(
  File "/home/zhihao/hdd/marshal/benchmarks/cross-repo-pr-impact/results/single-case-pipeline-880278-880338-v2-2026-08-26/replay-work/formal-opendev-880278--target-880338/target-a2/neutron/quota/__init__.py", line 103, in commit_reservation
    self.get_driver().commit_reservation(context, reservation_id)
  File "/home/zhihao/hdd/marshal/benchmarks/cross-repo-pr-impact/results/single-case-pipeline-880278-880338-v2-2026-08-26/replay-work/formal-opendev-880278--target-880338/target-a2/neutron/db/quota/driver.py", line 269, in commit_reservation
    quota_api.remove_reservation(context, reservation_id,
  File "/home/zhihao/hdd/marshal/benchmarks/cross-repo-pr-impact/results/single-case-pipeline-880278-880338-v2-2026-08-26/replay-work/formal-opendev-880278--target-880338/target-a2/neutron/common/utils.py", line 726, in inner
    raise RuntimeError(_("Method %s cannot be called within a "
RuntimeError: Method <function remove_reservation at 0x74340ed7aa70> cannot be called within a transaction.
create failed: No details.
Traceback (most recent call last):
  File "/home/zhihao/hdd/marshal/benchmarks/cross-repo-pr-impact/results/single-case-pipeline-880278-880338-v2-2026-08-26/replay-work/formal-opendev-880278--target-880338/target-a2/neutron/api/v2/resource.py", line 98, in resource
    result = method(request=request, **args)
  File "/home/zhihao/hdd/marshal/benchmarks/cross-repo-pr-impact/results/single-case-pipeline-880278-880338-v2-2026-08-26/replay-work/formal-opendev-880278--target-880338/target-a2/neutron/api/v2/base.py", line 438, in create
    return self._create(request, body, **kwargs)
  File "/home/zhihao/hdd/marshal/benchmarks/cross-repo-pr-impact/results/single-case-pipeline-880278-880338-v2-2026-08-26/replay-work/formal-opendev-880278--target-880338/target-a2/.tox/py3/lib/python3.10/site-packages/neutron_lib/db/api.py", line 140, in wrapped
    with excutils.save_and_reraise_exception():
  File "/home/zhihao/hdd/marshal/benchmarks/cross-repo-pr-impact/results/single-case-pipeline-880278-880338-v2-2026-08-26/replay-work/formal-opendev-880278--target-880338/target-a2/.tox/py3/lib/python3.10/site-packages/oslo_utils/excutils.py", line 227, in __exit__
    self.force_reraise()
  File "/home/zhihao/hdd/marshal/benchmarks/cross-repo-pr-impact/results/single-case-pipeline-880278-880338-v2-2026-08-26/replay-work/formal-opendev-880278--target-880338/target-a2/.tox/py3/lib/python3.10/site-packages/oslo_utils/excutils.py", line 200, in force_reraise
    raise self.value
  File "/home/zhihao/hdd/marshal/benchmarks/cross-repo-pr-impact/results/single-case-pipeline-880278-880338-v2-2026-08-26/replay-work/formal-opendev-880278--target-880338/target-a2/.tox/py3/lib/python3.10/site-packages/neutron_lib/db/api.py", line 138, in wrapped
    return f(*args, **kwargs)
  File "/home/zhihao/hdd/marshal/benchmarks/cross-repo-pr-impact/results/single-case-pipeline-880278-880338-v2-2026-08-26/replay-work/formal-opendev-880278--target-880338/target-a2/.tox/py3/lib/python3.10/site-packages/oslo_db/api.py", line 144, in wrapper
    with excutils.save_and_reraise_exception() as ectxt:
  File "/home/zhihao/hdd/marshal/benchmarks/cross-repo-pr-impact/results/single-case-pipeline-880278-880338-v2-2026-08-26/replay-work/formal-opendev-880278--target-880338/target-a2/.tox/py3/lib/python3.10/site-packages/oslo_utils/excutils.py", line 227, in __exit__
    self.force_reraise()
  File "/home/zhihao/hdd/marshal/benchmarks/cross-repo-pr-impact/results/single-case-pipeline-880278-880338-v2-2026-08-26/replay-work/formal-opendev-880278--target-880338/target-a2/.tox/py3/lib/python3.10/site-packages/oslo_utils/excutils.py", line 200, in force_reraise
    raise self.value
  File "/home/zhihao/hdd/marshal/benchmarks/cross-repo-pr-impact/results/single-case-pipeline-880278-880338-v2-2026-08-26/replay-work/formal-opendev-880278--target-880338/target-a2/.tox/py3/lib/python3.10/site-packages/oslo_db/api.py", line 142, in wrapper
    return f(*args, **kwargs)
  File "/home/zhihao/hdd/marshal/benchmarks/cross-repo-pr-impact/results/single-case-pipeline-880278-880338-v2-2026-08-26/replay-work/formal-opendev-880278--target-880338/target-a2/.tox/py3/lib/python3.10/site-packages/neutron_lib/db/api.py", line 186, in wrapped
    with excutils.save_and_reraise_exception():
  File "/home/zhihao/hdd/marshal/benchmarks/cross-repo-pr-impact/results/single-case-pipeline-880278-880338-v2-2026-08-26/replay-work/formal-opendev-880278--target-880338/target-a2/.tox/py3/lib/python3.10/site-packages/oslo_utils/excutils.py", line 227, in __exit__
    self.force_reraise()
  File "/home/zhihao/hdd/marshal/benchmarks/cross-repo-pr-impact/results/single-case-pipeline-880278-880338-v2-2026-08-26/replay-work/formal-opendev-880278--target-880338/target-a2/.tox/py3/lib/python3.10/site-packages/oslo_utils/excutils.py", line 200, in force_reraise
    raise self.value
  File "/home/zhihao/hdd/marshal/benchmarks/cross-repo-pr-impact/results/single-case-pipeline-880278-880338-v2-2026-08-26/replay-work/formal-opendev-880278--target-880338/target-a2/.tox/py3/lib/python3.10/site-packages/neutron_lib/db/api.py", line 184, in wrapped
    return f(*dup_args, **dup_kwargs)
  File "/home/zhihao/hdd/marshal/benchmarks/cross-repo-pr-impact/results/single-case-pipeline-880278-880338-v2-2026-08-26/replay-work/formal-opendev-880278--target-880338/target-a2/neutron/api/v2/base.py", line 564, in _create
    return notify({self._resource: self._view(request.context,
  File "/home/zhihao/hdd/marshal/benchmarks/cross-repo-pr-impact/results/single-case-pipeline-880278-880338-v2-2026-08-26/replay-work/formal-opendev-880278--target-880338/target-a2/neutron/api/v2/base.py", line 504, in notify
    quota.QUOTAS.commit_reservation(
  File "/home/zhihao/hdd/marshal/benchmarks/cross-repo-pr-impact/results/single-case-pipeline-880278-880338-v2-2026-08-26/replay-work/formal-opendev-880278--target-880338/target-a2/neutron/quota/__init__.py", line 103, in commit_reservation
    self.get_driver().commit_reservation(context, reservation_id)
  File "/home/zhihao/hdd/marshal/benchmarks/cross-repo-pr-impact/results/single-case-pipeline-880278-880338-v2-2026-08-26/replay-work/formal-opendev-880278--target-880338/target-a2/neutron/db/quota/driver.py", line 269, in commit_reservation
    quota_api.remove_reservation(context, reservation_id,
  File "/home/zhihao/hdd/marshal/benchmarks/cross-repo-pr-impact/results/single-case-pipeline-880278-880338-v2-2026-08-26/replay-work/formal-opendev-880278--target-880338/target-a2/neutron/common/utils.py", line 726, in inner
    raise RuntimeError(_("Method %s cannot be called within a "
RuntimeError: Method <function remove_reservation at 0x7de09da76a70> cannot be called within a transaction.
{0} neutron.tests.unit.services.metering.test_metering_plugin.TestMeteringPlugin.test_add_metering_label_shared_rpc_call [0.764435s] ... ok
create failed: No details.
Traceback (most recent call last):
  File "/home/zhihao/hdd/marshal/benchmarks/cross-repo-pr-impact/results/single-case-pipeline-880278-880338-v2-2026-08-26/replay-work/formal-opendev-880278--target-880338/target-a2/neutron/api/v2/resource.py", line 98, in resource
    result = method(request=request, **args)
  File "/home/zhihao/hdd/marshal/benchmarks/cross-repo-pr-impact/results/single-case-pipeline-880278-880338-v2-2026-08-26/replay-work/formal-opendev-880278--target-880338/target-a2/neutron/api/v2/base.py", line 438, in create
    return self._create(request, body, **kwargs)
  File "/home/zhihao/hdd/marshal/benchmarks/cross-repo-pr-impact/results/single-case-pipeline-880278-880338-v2-2026-08-26/replay-work/formal-opendev-880278--target-880338/target-a2/.tox/py3/lib/python3.10/site-packages/neutron_lib/db/api.py", line 140, in wrapped
    with excutils.save_and_reraise_exception():
  File "/home/zhihao/hdd/marshal/benchmarks/cross-repo-pr-impact/results/single-case-pipeline-880278-880338-v2-2026-08-26/replay-work/formal-opendev-880278--target-880338/target-a2/.tox/py3/lib/python3.10/site-packages/oslo_utils/excutils.py", line 227, in __exit__
    self.force_reraise()
  File "/home/zhihao/hdd/marshal/benchmarks/cross-repo-pr-impact/results/single-case-pipeline-880278-880338-v2-2026-08-26/replay-work/formal-opendev-880278--target-880338/target-a2/.tox/py3/lib/python3.10/site-packages/oslo_utils/excutils.py", line 200, in force_reraise
    raise self.value
  File "/home/zhihao/hdd/marshal/benchmarks/cross-repo-pr-impact/results/single-case-pipeline-880278-880338-v2-2026-08-26/replay-work/formal-opendev-880278--target-880338/target-a2/.tox/py3/lib/python3.10/site-packages/neutron_lib/db/api.py", line 138, in wrapped
    return f(*args, **kwargs)
  File "/home/zhihao/hdd/marshal/benchmarks/cross-repo-pr-impact/results/single-case-pipeline-880278-880338-v2-2026-08-26/replay-work/formal-opendev-880278--target-880338/target-a2/.tox/py3/lib/python3.10/site-packages/oslo_db/api.py", line 144, in wrapper
    with excutils.save_and_reraise_exception() as ectxt:
  File "/home/zhihao/hdd/marshal/benchmarks/cross-repo-pr-impact/results/single-case-pipeline-880278-880338-v2-2026-08-26/replay-work/formal-opendev-880278--target-880338/target-a2/.tox/py3/lib/python3.10/site-packages/oslo_utils/excutils.py", line 227, in __exit__
    self.force_reraise()
  File "/home/zhihao/hdd/marshal/benchmarks/cross-repo-pr-impact/results/single-case-pipeline-880278-880338-v2-2026-08-26/replay-work/formal-opendev-880278--target-880338/target-a2/.tox/py3/lib/python3.10/site-packages/oslo_utils/excutils.py", line 200, in force_reraise
    raise self.value
  File "/home/zhihao/hdd/marshal/benchmarks/cross-repo-pr-impact/results/single-case-pipeline-880278-880338-v2-2026-08-26/replay-work/formal-opendev-880278--target-880338/target-a2/.tox/py3/lib/python3.10/site-packages/oslo_db/api.py", line 142, in wrapper
    return f(*args, **kwargs)
  File "/home/zhihao/hdd/marshal/benchmarks/cross-repo-pr-impact/results/single-case-pipeline-880278-880338-v2-2026-08-26/replay-work/formal-opendev-880278--target-880338/target-a2/.tox/py3/lib/python3.10/site-packages/neutron_lib/db/api.py", line 186, in wrapped
    with excutils.save_and_reraise_exception():
  File "/home/zhihao/hdd/marshal/benchmarks/cross-repo-pr-impact/results/single-case-pipeline-880278-880338-v2-2026-08-26/replay-work/formal-opendev-880278--target-880338/target-a2/.tox/py3/lib/python3.10/site-packages/oslo_utils/excutils.py", line 227, in __exit__
    self.force_reraise()
  File "/home/zhihao/hdd/marshal/benchmarks/cross-repo-pr-impact/results/single-case-pipeline-880278-880338-v2-2026-08-26/replay-work/formal-opendev-880278--target-880338/target-a2/.tox/py3/lib/python3.10/site-packages/oslo_utils/excutils.py", line 200, in force_reraise
    raise self.value
  File "/home/zhihao/hdd/marshal/benchmarks/cross-repo-pr-impact/results/single-case-pipeline-880278-880338-v2-2026-08-26/replay-work/formal-opendev-880278--target-880338/target-a2/.tox/py3/lib/python3.10/site-packages/neutron_lib/db/api.py", line 184, in wrapped
    return f(*dup_args, **dup_kwargs)
  File "/home/zhihao/hdd/marshal/benchmarks/cross-repo-pr-impact/results/single-case-pipeline-880278-880338-v2-2026-08-26/replay-work/formal-opendev-880278--target-880338/target-a2/neutron/api/v2/base.py", line 564, in _create
    return notify({self._resource: self._view(request.context,
  File "/home/zhihao/hdd/marshal/benchmarks/cross-repo-pr-impact/results/single-case-pipeline-880278-880338-v2-2026-08-26/replay-work/formal-opendev-880278--target-880338/target-a2/neutron/api/v2/base.py", line 504, in notify
    quota.QUOTAS.commit_reservation(
  File "/home/zhihao/hdd/marshal/benchmarks/cross-repo-pr-impact/results/single-case-pipeline-880278-880338-v2-2026-08-26/replay-work/formal-opendev-880278--target-880338/target-a2/neutron/quota/__init__.py", line 103, in commit_reservation
    self.get_driver().commit_reservation(context, reservation_id)
  File "/home/zhihao/hdd/marshal/benchmarks/cross-repo-pr-impact/results/single-case-pipeline-880278-880338-v2-2026-08-26/replay-work/formal-opendev-880278--target-880338/target-a2/neutron/db/quota/driver.py", line 269, in commit_reservation
    quota_api.remove_reservation(context, reservation_id,
  File "/home/zhihao/hdd/marshal/benchmarks/cross-repo-pr-impact/results/single-case-pipeline-880278-880338-v2-2026-08-26/replay-work/formal-opendev-880278--target-880338/target-a2/neutron/common/utils.py", line 726, in inner
    raise RuntimeError(_("Method %s cannot be called within a "
RuntimeError: Method <function remove_reservation at 0x7aa18aa7aa70> cannot be called within a transaction.
create failed: No details.
Traceback (most recent call last):
  File "/home/zhihao/hdd/marshal/benchmarks/cross-repo-pr-impact/results/single-case-pipeline-880278-880338-v2-2026-08-26/replay-work/formal-opendev-880278--target-880338/target-a2/neutron/api/v2/resource.py", line 98, in resource
    result = method(request=request, **args)
  File "/home/zhihao/hdd/marshal/benchmarks/cross-repo-pr-impact/results/single-case-pipeline-880278-880338-v2-2026-08-26/replay-work/formal-opendev-880278--target-880338/target-a2/neutron/api/v2/base.py", line 438, in create
    return self._create(request, body, **kwargs)
  File "/home/zhihao/hdd/marshal/benchmarks/cross-repo-pr-impact/results/single-case-pipeline-880278-880338-v2-2026-08-26/replay-work/formal-opendev-880278--target-880338/target-a2/.tox/py3/lib/python3.10/site-packages/neutron_lib/db/api.py", line 140, in wrapped
    with excutils.save_and_reraise_exception():
  File "/home/zhihao/hdd/marshal/benchmarks/cross-repo-pr-impact/results/single-case-pipeline-880278-880338-v2-2026-08-26/replay-work/formal-opendev-880278--target-880338/target-a2/.tox/py3/lib/python3.10/site-packages/oslo_utils/excutils.py", line 227, in __exit__
    self.force_reraise()
  File "/home/zhihao/hdd/marshal/benchmarks/cross-repo-pr-impact/results/single-case-pipeline-880278-880338-v2-2026-08-26/replay-work/formal-opendev-880278--target-880338/target-a2/.tox/py3/lib/python3.10/site-packages/oslo_utils/excutils.py", line 200, in force_reraise
    raise self.value
  File "/home/zhihao/hdd/marshal/benchmarks/cross-repo-pr-impact/results/single-case-pipeline-880278-880338-v2-2026-08-26/replay-work/formal-opendev-880278--target-880338/target-a2/.tox/py3/lib/python3.10/site-packages/neutron_lib/db/api.py", line 138, in wrapped
    return f(*args, **kwargs)
  File "/home/zhihao/hdd/marshal/benchmarks/cross-repo-pr-impact/results/single-case-pipeline-880278-880338-v2-2026-08-26/replay-work/formal-opendev-880278--target-880338/target-a2/.tox/py3/lib/python3.10/site-packages/oslo_db/api.py", line 144, in wrapper
    with excutils.save_and_reraise_exception() as ectxt:
  File "/home/zhihao/hdd/marshal/benchmarks/cross-repo-pr-impact/results/single-case-pipeline-880278-880338-v2-2026-08-26/replay-work/formal-opendev-880278--target-880338/target-a2/.tox/py3/lib/python3.10/site-packages/oslo_utils/excutils.py", line 227, in __exit__
    self.force_reraise()
  File "/home/zhihao/hdd/marshal/benchmarks/cross-repo-pr-impact/results/single-case-pipeline-880278-880338-v2-2026-08-26/replay-work/formal-opendev-880278--target-880338/target-a2/.tox/py3/lib/python3.10/site-packages/oslo_utils/excutils.py", line 200, in force_reraise
    raise self.value
  File "/home/zhihao/hdd/marshal/benchmarks/cross-repo-pr-impact/results/single-case-pipeline-880278-880338-v2-2026-08-26/replay-work/formal-opendev-880278--target-880338/target-a2/.tox/py3/lib/python3.10/site-packages/oslo_db/api.py", line 142, in wrapper
    return f(*args, **kwargs)
  File "/home/zhihao/hdd/marshal/benchmarks/cross-repo-pr-impact/results/single-case-pipeline-880278-880338-v2-2026-08-26/replay-work/formal-opendev-880278--target-880338/target-a2/.tox/py3/lib/python3.10/site-packages/neutron_lib/db/api.py", line 186, in wrapped
    with excutils.save_and_reraise_exception():
  File "/home/zhihao/hdd/marshal/benchmarks/cross-repo-pr-impact/results/single-case-pipeline-880278-880338-v2-2026-08-26/replay-work/formal-opendev-880278--target-880338/target-a2/.tox/py3/lib/python3.10/site-packages/oslo_utils/excutils.py", line 227, in __exit__
    self.force_reraise()
  File "/home/zhihao/hdd/marshal/benchmarks/cross-repo-pr-impact/results/single-case-pipeline-880278-880338-v2-2026-08-26/replay-work/formal-opendev-880278--target-880338/target-a2/.tox/py3/lib/python3.10/site-packages/oslo_utils/excutils.py", line 200, in force_reraise
    raise self.value
  File "/home/zhihao/hdd/marshal/benchmarks/cross-repo-pr-impact/results/single-case-pipeline-880278-880338-v2-2026-08-26/replay-work/formal-opendev-880278--target-880338/target-a2/.tox/py3/lib/python3.10/site-packages/neutron_lib/db/api.py", line 184, in wrapped
    return f(*dup_args, **dup_kwargs)
  File "/home/zhihao/hdd/marshal/benchmarks/cross-repo-pr-impact/results/single-case-pipeline-880278-880338-v2-2026-08-26/replay-work/formal-opendev-880278--target-880338/target-a2/neutron/api/v2/base.py", line 564, in _create
    return notify({self._resource: self._view(request.context,
  File "/home/zhihao/hdd/marshal/benchmarks/cross-repo-pr-impact/results/single-case-pipeline-880278-880338-v2-2026-08-26/replay-work/formal-opendev-880278--target-880338/target-a2/neutron/api/v2/base.py", line 504, in notify
    quota.QUOTAS.commit_reservation(
  File "/home/zhihao/hdd/marshal/benchmarks/cross-repo-pr-impact/results/single-case-pipeline-880278-880338-v2-2026-08-26/replay-work/formal-opendev-880278--target-880338/target-a2/neutron/quota/__init__.py", line 103, in commit_reservation
    self.get_driver().commit_reservation(context, reservation_id)
  File "/home/zhihao/hdd/marshal/benchmarks/cross-repo-pr-impact/results/single-case-pipeline-880278-880338-v2-2026-08-26/replay-work/formal-opendev-880278--target-880338/target-a2/neutron/db/quota/driver.py", line 269, in commit_reservation
    quota_api.remove_reservation(context, reservation_id,
  File "/home/zhihao/hdd/marshal/benchmarks/cross-repo-pr-impact/results/single-case-pipeline-880278-880338-v2-2026-08-26/replay-work/formal-opendev-880278--target-880338/target-a2/neutron/common/utils.py", line 726, in inner
    raise RuntimeError(_("Method %s cannot be called within a "
RuntimeError: Method <function remove_reservation at 0x7de09da76a70> cannot be called within a transaction.
create failed: No details.
Traceback (most recent call last):
  File "/home/zhihao/hdd/marshal/benchmarks/cross-repo-pr-impact/results/single-case-pipeline-880278-880338-v2-2026-08-26/replay-work/formal-opendev-880278--target-880338/target-a2/neutron/api/v2/resource.py", line 98, in resource
    result = method(request=request, **args)
  File "/home/zhihao/hdd/marshal/benchmarks/cross-repo-pr-impact/results/single-case-pipeline-880278-880338-v2-2026-08-26/replay-work/formal-opendev-880278--target-880338/target-a2/neutron/api/v2/base.py", line 438, in create
    return self._create(request, body, **kwargs)
  File "/home/zhihao/hdd/marshal/benchmarks/cross-repo-pr-impact/results/single-case-pipeline-880278-880338-v2-2026-08-26/replay-work/formal-opendev-880278--target-880338/target-a2/.tox/py3/lib/python3.10/site-packages/neutron_lib/db/api.py", line 140, in wrapped
    with excutils.save_and_reraise_exception():
  File "/home/zhihao/hdd/marshal/benchmarks/cross-repo-pr-impact/results/single-case-pipeline-880278-880338-v2-2026-08-26/replay-work/formal-opendev-880278--target-880338/target-a2/.tox/py3/lib/python3.10/site-packages/oslo_utils/excutils.py", line 227, in __exit__
    self.force_reraise()
  File "/home/zhihao/hdd/marshal/benchmarks/cross-repo-pr-impact/results/single-case-pipeline-880278-880338-v2-2026-08-26/replay-work/formal-opendev-880278--target-880338/target-a2/.tox/py3/lib/python3.10/site-packages/oslo_utils/excutils.py", line 200, in force_reraise
    raise self.value
  File "/home/zhihao/hdd/marshal/benchmarks/cross-repo-pr-impact/results/single-case-pipeline-880278-880338-v2-2026-08-26/replay-work/formal-opendev-880278--target-880338/target-a2/.tox/py3/lib/python3.10/site-packages/neutron_lib/db/api.py", line 138, in wrapped
    return f(*args, **kwargs)
  File "/home/zhihao/hdd/marshal/benchmarks/cross-repo-pr-impact/results/single-case-pipeline-880278-880338-v2-2026-08-26/replay-work/formal-opendev-880278--target-880338/target-a2/.tox/py3/lib/python3.10/site-packages/oslo_db/api.py", line 144, in wrapper
    with excutils.save_and_reraise_exception() as ectxt:
  File "/home/zhihao/hdd/marshal/benchmarks/cross-repo-pr-impact/results/single-case-pipeline-880278-880338-v2-2026-08-26/replay-work/formal-opendev-880278--target-880338/target-a2/.tox/py3/lib/python3.10/site-packages/oslo_utils/excutils.py", line 227, in __exit__
    self.force_reraise()
  File "/home/zhihao/hdd/marshal/benchmarks/cross-repo-pr-impact/results/single-case-pipeline-880278-880338-v2-2026-08-26/replay-work/formal-opendev-880278--target-880338/target-a2/.tox/py3/lib/python3.10/site-packages/oslo_utils/excutils.py", line 200, in force_reraise
    raise self.value
  File "/home/zhihao/hdd/marshal/benchmarks/cross-repo-pr-impact/results/single-case-pipeline-880278-880338-v2-2026-08-26/replay-work/formal-opendev-880278--target-880338/target-a2/.tox/py3/lib/python3.10/site-packages/oslo_db/api.py", line 142, in wrapper
    return f(*args, **kwargs)
  File "/home/zhihao/hdd/marshal/benchmarks/cross-repo-pr-impact/results/single-case-pipeline-880278-880338-v2-2026-08-26/replay-work/formal-opendev-880278--target-880338/target-a2/.tox/py3/lib/python3.10/site-packages/neutron_lib/db/api.py", line 186, in wrapped
    with excutils.save_and_reraise_exception():
  File "/home/zhihao/hdd/marshal/benchmarks/cross-repo-pr-impact/results/single-case-pipeline-880278-880338-v2-2026-08-26/replay-work/formal-opendev-880278--target-880338/target-a2/.tox/py3/lib/python3.10/site-packages/oslo_utils/excutils.py", line 227, in __exit__
    self.force_reraise()
  File "/home/zhihao/hdd/marshal/benchmarks/cross-repo-pr-impact/results/single-case-pipeline-880278-880338-v2-2026-08-26/replay-work/formal-opendev-880278--target-880338/target-a2/.tox/py3/lib/python3.10/site-packages/oslo_utils/excutils.py", line 200, in force_reraise
    raise self.value
  File "/home/zhihao/hdd/marshal/benchmarks/cross-repo-pr-impact/results/single-case-pipeline-880278-880338-v2-2026-08-26/replay-work/formal-opendev-880278--target-880338/target-a2/.tox/py3/lib/python3.10/site-packages/neutron_lib/db/api.py", line 184, in wrapped
    return f(*dup_args, **dup_kwargs)
  File "/home/zhihao/hdd/marshal/benchmarks/cross-repo-pr-impact/results/single-case-pipeline-880278-880338-v2-2026-08-26/replay-work/formal-opendev-880278--target-880338/target-a2/neutron/api/v2/base.py", line 564, in _create
    return notify({self._resource: self._view(request.context,
  File "/home/zhihao/hdd/marshal/benchmarks/cross-repo-pr-impact/results/single-case-pipeline-880278-880338-v2-2026-08-26/replay-work/formal-opendev-880278--target-880338/target-a2/neutron/api/v2/base.py", line 504, in notify
    quota.QUOTAS.commit_reservation(
  File "/home/zhihao/hdd/marshal/benchmarks/cross-repo-pr-impact/results/single-case-pipeline-880278-880338-v2-2026-08-26/replay-work/formal-opendev-880278--target-880338/target-a2/neutron/quota/__init__.py", line 103, in commit_reservation
    self.get_driver().commit_reservation(context, reservation_id)
  File "/home/zhihao/hdd/marshal/benchmarks/cross-repo-pr-impact/results/single-case-pipeline-880278-880338-v2-2026-08-26/replay-work/formal-opendev-880278--target-880338/target-a2/neutron/db/quota/driver.py", line 269, in commit_reservation
    quota_api.remove_reservation(context, reservation_id,
  File "/home/zhihao/hdd/marshal/benchmarks/cross-repo-pr-impact/results/single-case-pipeline-880278-880338-v2-2026-08-26/replay-work/formal-opendev-880278--target-880338/target-a2/neutron/common/utils.py", line 726, in inner
    raise RuntimeError(_("Method %s cannot be called within a "
RuntimeError: Method <function remove_reservation at 0x7b409d67aa70> cannot be called within a transaction.
create failed: No details.
Traceback (most recent call last):
  File "/home/zhihao/hdd/marshal/benchmarks/cross-repo-pr-impact/results/single-case-pipeline-880278-880338-v2-2026-08-26/replay-work/formal-opendev-880278--target-880338/target-a2/neutron/api/v2/resource.py", line 98, in resource
    result = method(request=request, **args)
  File "/home/zhihao/hdd/marshal/benchmarks/cross-repo-pr-impact/results/single-case-pipeline-880278-880338-v2-2026-08-26/replay-work/formal-opendev-880278--target-880338/target-a2/neutron/api/v2/base.py", line 438, in create
    return self._create(request, body, **kwargs)
  File "/home/zhihao/hdd/marshal/benchmarks/cross-repo-pr-impact/results/single-case-pipeline-880278-880338-v2-2026-08-26/replay-work/formal-opendev-880278--target-880338/target-a2/.tox/py3/lib/python3.10/site-packages/neutron_lib/db/api.py", line 140, in wrapped
    with excutils.save_and_reraise_exception():
  File "/home/zhihao/hdd/marshal/benchmarks/cross-repo-pr-impact/results/single-case-pipeline-880278-880338-v2-2026-08-26/replay-work/formal-opendev-880278--target-880338/target-a2/.tox/py3/lib/python3.10/site-packages/oslo_utils/excutils.py", line 227, in __exit__
    self.force_reraise()
  File "/home/zhihao/hdd/marshal/benchmarks/cross-repo-pr-impact/results/single-case-pipeline-880278-880338-v2-2026-08-26/replay-work/formal-opendev-880278--target-880338/target-a2/.tox/py3/lib/python3.10/site-packages/oslo_utils/excutils.py", line 200, in force_reraise
    raise self.value
  File "/home/zhihao/hdd/marshal/benchmarks/cross-repo-pr-impact/results/single-case-pipeline-880278-880338-v2-2026-08-26/replay-work/formal-opendev-880278--target-880338/target-a2/.tox/py3/lib/python3.10/site-packages/neutron_lib/db/api.py", line 138, in wrapped
    return f(*args, **kwargs)
  File "/home/zhihao/hdd/marshal/benchmarks/cross-repo-pr-impact/results/single-case-pipeline-880278-880338-v2-2026-08-26/replay-work/formal-opendev-880278--target-880338/target-a2/.tox/py3/lib/python3.10/site-packages/oslo_db/api.py", line 144, in wrapper
    with excutils.save_and_reraise_exception() as ectxt:
  File "/home/zhihao/hdd/marshal/benchmarks/cross-repo-pr-impact/results/single-case-pipeline-880278-880338-v2-2026-08-26/replay-work/formal-opendev-880278--target-880338/target-a2/.tox/py3/lib/python3.10/site-packages/oslo_utils/excutils.py", line 227, in __exit__
    self.force_reraise()
  File "/home/zhihao/hdd/marshal/benchmarks/cross-repo-pr-impact/results/single-case-pipeline-880278-880338-v2-2026-08-26/replay-work/formal-opendev-880278--target-880338/target-a2/.tox/py3/lib/python3.10/site-packages/oslo_utils/excutils.py", line 200, in force_reraise
    raise self.value
  File "/home/zhihao/hdd/marshal/benchmarks/cross-repo-pr-impact/results/single-case-pipeline-880278-880338-v2-2026-08-26/replay-work/formal-opendev-880278--target-880338/target-a2/.tox/py3/lib/python3.10/site-packages/oslo_db/api.py", line 142, in wrapper
    return f(*args, **kwargs)
  File "/home/zhihao/hdd/marshal/benchmarks/cross-repo-pr-impact/results/single-case-pipeline-880278-880338-v2-2026-08-26/replay-work/formal-opendev-880278--target-880338/target-a2/.tox/py3/lib/python3.10/site-packages/neutron_lib/db/api.py", line 186, in wrapped
    with excutils.save_and_reraise_exception():
  File "/home/zhihao/hdd/marshal/benchmarks/cross-repo-pr-impact/results/single-case-pipeline-880278-880338-v2-2026-08-26/replay-work/formal-opendev-880278--target-880338/target-a2/.tox/py3/lib/python3.10/site-packages/oslo_utils/excutils.py", line 227, in __exit__
    self.force_reraise()
  File "/home/zhihao/hdd/marshal/benchmarks/cross-repo-pr-impact/results/single-case-pipeline-880278-880338-v2-2026-08-26/replay-work/formal-opendev-880278--target-880338/target-a2/.tox/py3/lib/python3.10/site-packages/oslo_utils/excutils.py", line 200, in force_reraise
    raise self.value
  File "/home/zhihao/hdd/marshal/benchmarks/cross-repo-pr-impact/results/single-case-pipeline-880278-880338-v2-2026-08-26/replay-work/formal-opendev-880278--target-880338/target-a2/.tox/py3/lib/python3.10/site-packages/neutron_lib/db/api.py", line 184, in wrapped
    return f(*dup_args, **dup_kwargs)
  File "/home/zhihao/hdd/marshal/benchmarks/cross-repo-pr-impact/results/single-case-pipeline-880278-880338-v2-2026-08-26/replay-work/formal-opendev-880278--target-880338/target-a2/neutron/api/v2/base.py", line 564, in _create
    return notify({self._resource: self._view(request.context,
  File "/home/zhihao/hdd/marshal/benchmarks/cross-repo-pr-impact/results/single-case-pipeline-880278-880338-v2-2026-08-26/replay-work/formal-opendev-880278--target-880338/target-a2/neutron/api/v2/base.py", line 504, in notify
    quota.QUOTAS.commit_reservation(
  File "/home/zhihao/hdd/marshal/benchmarks/cross-repo-pr-impact/results/single-case-pipeline-880278-880338-v2-2026-08-26/replay-work/formal-opendev-880278--target-880338/target-a2/neutron/quota/__init__.py", line 103, in commit_reservation
    self.get_driver().commit_reservation(context, reservation_id)
  File "/home/zhihao/hdd/marshal/benchmarks/cross-repo-pr-impact/results/single-case-pipeline-880278-880338-v2-2026-08-26/replay-work/formal-opendev-880278--target-880338/target-a2/neutron/db/quota/driver.py", line 269, in commit_reservation
    quota_api.remove_reservation(context, reservation_id,
  File "/home/zhihao/hdd/marshal/benchmarks/cross-repo-pr-impact/results/single-case-pipeline-880278-880338-v2-2026-08-26/replay-work/formal-opendev-880278--target-880338/target-a2/neutron/common/utils.py", line 726, in inner
    raise RuntimeError(_("Method %s cannot be called within a "
RuntimeError: Method <function remove_reservation at 0x7028fbe76a70> cannot be called within a transaction.
create failed: No details.
Traceback (most recent call last):
  File "/home/zhihao/hdd/marshal/benchmarks/cross-repo-pr-impact/results/single-case-pipeline-880278-880338-v2-2026-08-26/replay-work/formal-opendev-880278--target-880338/target-a2/neutron/api/v2/resource.py", line 98, in resource
    result = method(request=request, **args)
  File "/home/zhihao/hdd/marshal/benchmarks/cross-repo-pr-impact/results/single-case-pipeline-880278-880338-v2-2026-08-26/replay-work/formal-opendev-880278--target-880338/target-a2/neutron/api/v2/base.py", line 438, in create
    return self._create(request, body, **kwargs)
  File "/home/zhihao/hdd/marshal/benchmarks/cross-repo-pr-impact/results/single-case-pipeline-880278-880338-v2-2026-08-26/replay-work/formal-opendev-880278--target-880338/target-a2/.tox/py3/lib/python3.10/site-packages/neutron_lib/db/api.py", line 140, in wrapped
    with excutils.save_and_reraise_exception():
  File "/home/zhihao/hdd/marshal/benchmarks/cross-repo-pr-impact/results/single-case-pipeline-880278-880338-v2-2026-08-26/replay-work/formal-opendev-880278--target-880338/target-a2/.tox/py3/lib/python3.10/site-packages/oslo_utils/excutils.py", line 227, in __exit__
    self.force_reraise()
  File "/home/zhihao/hdd/marshal/benchmarks/cross-repo-pr-impact/results/single-case-pipeline-880278-880338-v2-2026-08-26/replay-work/formal-opendev-880278--target-880338/target-a2/.tox/py3/lib/python3.10/site-packages/oslo_utils/excutils.py", line 200, in force_reraise
    raise self.value
  File "/home/zhihao/hdd/marshal/benchmarks/cross-repo-pr-impact/results/single-case-pipeline-880278-880338-v2-2026-08-26/replay-work/formal-opendev-880278--target-880338/target-a2/.tox/py3/lib/python3.10/site-packages/neutron_lib/db/api.py", line 138, in wrapped
    return f(*args, **kwargs)
  File "/home/zhihao/hdd/marshal/benchmarks/cross-repo-pr-impact/results/single-case-pipeline-880278-880338-v2-2026-08-26/replay-work/formal-opendev-880278--target-880338/target-a2/.tox/py3/lib/python3.10/site-packages/oslo_db/api.py", line 144, in wrapper
    with excutils.save_and_reraise_exception() as ectxt:
  File "/home/zhihao/hdd/marshal/benchmarks/cross-repo-pr-impact/results/single-case-pipeline-880278-880338-v2-2026-08-26/replay-work/formal-opendev-880278--target-880338/target-a2/.tox/py3/lib/python3.10/site-packages/oslo_utils/excutils.py", line 227, in __exit__
    self.force_reraise()
  File "/home/zhihao/hdd/marshal/benchmarks/cross-repo-pr-impact/results/single-case-pipeline-880278-880338-v2-2026-08-26/replay-work/formal-opendev-880278--target-880338/target-a2/.tox/py3/lib/python3.10/site-packages/oslo_utils/excutils.py", line 200, in force_reraise
    raise self.value
  File "/home/zhihao/hdd/marshal/benchmarks/cross-repo-pr-impact/results/single-case-pipeline-880278-880338-v2-2026-08-26/replay-work/formal-opendev-880278--target-880338/target-a2/.tox/py3/lib/python3.10/site-packages/oslo_db/api.py", line 142, in wrapper
    return f(*args, **kwargs)
  File "/home/zhihao/hdd/marshal/benchmarks/cross-repo-pr-impact/results/single-case-pipeline-880278-880338-v2-2026-08-26/replay-work/formal-opendev-880278--target-880338/target-a2/.tox/py3/lib/python3.10/site-packages/neutron_lib/db/api.py", line 186, in wrapped
    with excutils.save_and_reraise_exception():
  File "/home/zhihao/hdd/marshal/benchmarks/cross-repo-pr-impact/results/single-case-pipeline-880278-880338-v2-2026-08-26/replay-work/formal-opendev-880278--target-880338/target-a2/.tox/py3/lib/python3.10/site-packages/oslo_utils/excutils.py", line 227, in __exit__
    self.force_reraise()
  File "/home/zhihao/hdd/marshal/benchmarks/cross-repo-pr-impact/results/single-case-pipeline-880278-880338-v2-2026-08-26/replay-work/formal-opendev-880278--target-880338/target-a2/.tox/py3/lib/python3.10/site-packages/oslo_utils/excutils.py", line 200, in force_reraise
    raise self.value
  File "/home/zhihao/hdd/marshal/benchmarks/cross-repo-pr-impact/results/single-case-pipeline-880278-880338-v2-2026-08-26/replay-work/formal-opendev-880278--target-880338/target-a2/.tox/py3/lib/python3.10/site-packages/neutron_lib/db/api.py", line 184, in wrapped
    return f(*dup_args, **dup_kwargs)
  File "/home/zhihao/hdd/marshal/benchmarks/cross-repo-pr-impact/results/single-case-pipeline-880278-880338-v2-2026-08-26/replay-work/formal-opendev-880278--target-880338/target-a2/neutron/api/v2/base.py", line 564, in _create
    return notify({self._resource: self._view(request.context,
  File "/home/zhihao/hdd/marshal/benchmarks/cross-repo-pr-impact/results/single-case-pipeline-880278-880338-v2-2026-08-26/replay-work/formal-opendev-880278--target-880338/target-a2/neutron/api/v2/base.py", line 504, in notify
    quota.QUOTAS.commit_reservation(
  File "/home/zhihao/hdd/marshal/benchmarks/cross-repo-pr-impact/results/single-case-pipeline-880278-880338-v2-2026-08-26/replay-work/formal-opendev-880278--target-880338/target-a2/neutron/quota/__init__.py", line 103, in commit_reservation
    self.get_driver().commit_reservation(context, reservation_id)
  File "/home/zhihao/hdd/marshal/benchmarks/cross-repo-pr-impact/results/single-case-pipeline-880278-880338-v2-2026-08-26/replay-work/formal-opendev-880278--target-880338/target-a2/neutron/db/quota/driver.py", line 269, in commit_reservation
    quota_api.remove_reservation(context, reservation_id,
  File "/home/zhihao/hdd/marshal/benchmarks/cross-repo-pr-impact/results/single-case-pipeline-880278-880338-v2-2026-08-26/replay-work/formal-opendev-880278--target-880338/target-a2/neutron/common/utils.py", line 726, in inner
    raise RuntimeError(_("Method %s cannot be called within a "
RuntimeError: Method <function remove_reservation at 0x7aa18aa7aa70> cannot be called within a transaction.
create failed: No details.
Traceback (most recent call last):
  File "/home/zhihao/hdd/marshal/benchmarks/cross-repo-pr-impact/results/single-case-pipeline-880278-880338-v2-2026-08-26/replay-work/formal-opendev-880278--target-880338/target-a2/neutron/api/v2/resource.py", line 98, in resource
    result = method(request=request, **args)
  File "/home/zhihao/hdd/marshal/benchmarks/cross-repo-pr-impact/results/single-case-pipeline-880278-880338-v2-2026-08-26/replay-work/formal-opendev-880278--target-880338/target-a2/neutron/api/v2/base.py", line 438, in create
    return self._create(request, body, **kwargs)
  File "/home/zhihao/hdd/marshal/benchmarks/cross-repo-pr-impact/results/single-case-pipeline-880278-880338-v2-2026-08-26/replay-work/formal-opendev-880278--target-880338/target-a2/.tox/py3/lib/python3.10/site-packages/neutron_lib/db/api.py", line 140, in wrapped
    with excutils.save_and_reraise_exception():
  File "/home/zhihao/hdd/marshal/benchmarks/cross-repo-pr-impact/results/single-case-pipeline-880278-880338-v2-2026-08-26/replay-work/formal-opendev-880278--target-880338/target-a2/.tox/py3/lib/python3.10/site-packages/oslo_utils/excutils.py", line 227, in __exit__
    self.force_reraise()
  File "/home/zhihao/hdd/marshal/benchmarks/cross-repo-pr-impact/results/single-case-pipeline-880278-880338-v2-2026-08-26/replay-work/formal-opendev-880278--target-880338/target-a2/.tox/py3/lib/python3.10/site-packages/oslo_utils/excutils.py", line 200, in force_reraise
    raise self.value
  File "/home/zhihao/hdd/marshal/benchmarks/cross-repo-pr-impact/results/single-case-pipeline-880278-880338-v2-2026-08-26/replay-work/formal-opendev-880278--target-880338/target-a2/.tox/py3/lib/python3.10/site-packages/neutron_lib/db/api.py", line 138, in wrapped
    return f(*args, **kwargs)
  File "/home/zhihao/hdd/marshal/benchmarks/cross-repo-pr-impact/results/single-case-pipeline-880278-880338-v2-2026-08-26/replay-work/formal-opendev-880278--target-880338/target-a2/.tox/py3/lib/python3.10/site-packages/oslo_db/api.py", line 144, in wrapper
    with excutils.save_and_reraise_exception() as ectxt:
  File "/home/zhihao/hdd/marshal/benchmarks/cross-repo-pr-impact/results/single-case-pipeline-880278-880338-v2-2026-08-26/replay-work/formal-opendev-880278--target-880338/target-a2/.tox/py3/lib/python3.10/site-packages/oslo_utils/excutils.py", line 227, in __exit__
    self.force_reraise()
  File "/home/zhihao/hdd/marshal/benchmarks/cross-repo-pr-impact/results/single-case-pipeline-880278-880338-v2-2026-08-26/replay-work/formal-opendev-880278--target-880338/target-a2/.tox/py3/lib/python3.10/site-packages/oslo_utils/excutils.py", line 200, in force_reraise
    raise self.value
  File "/home/zhihao/hdd/marshal/benchmarks/cross-repo-pr-impact/results/single-case-pipeline-880278-880338-v2-2026-08-26/replay-work/formal-opendev-880278--target-880338/target-a2/.tox/py3/lib/python3.10/site-packages/oslo_db/api.py", line 142, in wrapper
    return f(*args, **kwargs)
  File "/home/zhihao/hdd/marshal/benchmarks/cross-repo-pr-impact/results/single-case-pipeline-880278-880338-v2-2026-08-26/replay-work/formal-opendev-880278--target-880338/target-a2/.tox/py3/lib/python3.10/site-packages/neutron_lib/db/api.py", line 186, in wrapped
    with excutils.save_and_reraise_exception():
  File "/home/zhihao/hdd/marshal/benchmarks/cross-repo-pr-impact/results/single-case-pipeline-880278-880338-v2-2026-08-26/replay-work/formal-opendev-880278--target-880338/target-a2/.tox/py3/lib/python3.10/site-packages/oslo_utils/excutils.py", line 227, in __exit__
    self.force_reraise()
  File "/home/zhihao/hdd/marshal/benchmarks/cross-repo-pr-impact/results/single-case-pipeline-880278-880338-v2-2026-08-26/replay-work/formal-opendev-880278--target-880338/target-a2/.tox/py3/lib/python3.10/site-packages/oslo_utils/excutils.py", line 200, in force_reraise
    raise self.value
  File "/home/zhihao/hdd/marshal/benchmarks/cross-repo-pr-impact/results/single-case-pipeline-880278-880338-v2-2026-08-26/replay-work/formal-opendev-880278--target-880338/target-a2/.tox/py3/lib/python3.10/site-packages/neutron_lib/db/api.py", line 184, in wrapped
    return f(*dup_args, **dup_kwargs)
  File "/home/zhihao/hdd/marshal/benchmarks/cross-repo-pr-impact/results/single-case-pipeline-880278-880338-v2-2026-08-26/replay-work/formal-opendev-880278--target-880338/target-a2/neutron/api/v2/base.py", line 564, in _create
    return notify({self._resource: self._view(request.context,
  File "/home/zhihao/hdd/marshal/benchmarks/cross-repo-pr-impact/results/single-case-pipeline-880278-880338-v2-2026-08-26/replay-work/formal-opendev-880278--target-880338/target-a2/neutron/api/v2/base.py", line 504, in notify
    quota.QUOTAS.commit_reservation(
  File "/home/zhihao/hdd/marshal/benchmarks/cross-repo-pr-impact/results/single-case-pipeline-880278-880338-v2-2026-08-26/replay-work/formal-opendev-880278--target-880338/target-a2/neutron/quota/__init__.py", line 103, in commit_reservation
    self.get_driver().commit_reservation(context, reservation_id)
  File "/home/zhihao/hdd/marshal/benchmarks/cross-repo-pr-impact/results/single-case-pipeline-880278-880338-v2-2026-08-26/replay-work/formal-opendev-880278--target-880338/target-a2/neutron/db/quota/driver.py", line 269, in commit_reservation
    quota_api.remove_reservation(context, reservation_id,
  File "/home/zhihao/hdd/marshal/benchmarks/cross-repo-pr-impact/results/single-case-pipeline-880278-880338-v2-2026-08-26/replay-work/formal-opendev-880278--target-880338/target-a2/neutron/common/utils.py", line 726, in inner
    raise RuntimeError(_("Method %s cannot be called within a "
RuntimeError: Method <function remove_reservation at 0x7b520297aa70> cannot be called within a transaction.
create failed: No details.
Traceback (most recent call last):
  File "/home/zhihao/hdd/marshal/benchmarks/cross-repo-pr-impact/results/single-case-pipeline-880278-880338-v2-2026-08-26/replay-work/formal-opendev-880278--target-880338/target-a2/neutron/api/v2/resource.py", line 98, in resource
    result = method(request=request, **args)
  File "/home/zhihao/hdd/marshal/benchmarks/cross-repo-pr-impact/results/single-case-pipeline-880278-880338-v2-2026-08-26/replay-work/formal-opendev-880278--target-880338/target-a2/neutron/api/v2/base.py", line 438, in create
    return self._create(request, body, **kwargs)
  File "/home/zhihao/hdd/marshal/benchmarks/cross-repo-pr-impact/results/single-case-pipeline-880278-880338-v2-2026-08-26/replay-work/formal-opendev-880278--target-880338/target-a2/.tox/py3/lib/python3.10/site-packages/neutron_lib/db/api.py", line 140, in wrapped
    with excutils.save_and_reraise_exception():
  File "/home/zhihao/hdd/marshal/benchmarks/cross-repo-pr-impact/results/single-case-pipeline-880278-880338-v2-2026-08-26/replay-work/formal-opendev-880278--target-880338/target-a2/.tox/py3/lib/python3.10/site-packages/oslo_utils/excutils.py", line 227, in __exit__
    self.force_reraise()
  File "/home/zhihao/hdd/marshal/benchmarks/cross-repo-pr-impact/results/single-case-pipeline-880278-880338-v2-2026-08-26/replay-work/formal-opendev-880278--target-880338/target-a2/.tox/py3/lib/python3.10/site-packages/oslo_utils/excutils.py", line 200, in force_reraise
    raise self.value
  File "/home/zhihao/hdd/marshal/benchmarks/cross-repo-pr-impact/results/single-case-pipeline-880278-880338-v2-2026-08-26/replay-work/formal-opendev-880278--target-880338/target-a2/.tox/py3/lib/python3.10/site-packages/neutron_lib/db/api.py", line 138, in wrapped
    return f(*args, **kwargs)
  File "/home/zhihao/hdd/marshal/benchmarks/cross-repo-pr-impact/results/single-case-pipeline-880278-880338-v2-2026-08-26/replay-work/formal-opendev-880278--target-880338/target-a2/.tox/py3/lib/python3.10/site-packages/oslo_db/api.py", line 144, in wrapper
    with excutils.save_and_reraise_exception() as ectxt:
  File "/home/zhihao/hdd/marshal/benchmarks/cross-repo-pr-impact/results/single-case-pipeline-880278-880338-v2-2026-08-26/replay-work/formal-opendev-880278--target-880338/target-a2/.tox/py3/lib/python3.10/site-packages/oslo_utils/excutils.py", line 227, in __exit__
    self.force_reraise()
  File "/home/zhihao/hdd/marshal/benchmarks/cross-repo-pr-impact/results/single-case-pipeline-880278-880338-v2-2026-08-26/replay-work/formal-opendev-880278--target-880338/target-a2/.tox/py3/lib/python3.10/site-packages/oslo_utils/excutils.py", line 200, in force_reraise
    raise self.value
  File "/home/zhihao/hdd/marshal/benchmarks/cross-repo-pr-impact/results/single-case-pipeline-880278-880338-v2-2026-08-26/replay-work/formal-opendev-880278--target-880338/target-a2/.tox/py3/lib/python3.10/site-packages/oslo_db/api.py", line 142, in wrapper
    return f(*args, **kwargs)
  File "/home/zhihao/hdd/marshal/benchmarks/cross-repo-pr-impact/results/single-case-pipeline-880278-880338-v2-2026-08-26/replay-work/formal-opendev-880278--target-880338/target-a2/.tox/py3/lib/python3.10/site-packages/neutron_lib/db/api.py", line 186, in wrapped
    with excutils.save_and_reraise_exception():
  File "/home/zhihao/hdd/marshal/benchmarks/cross-repo-pr-impact/results/single-case-pipeline-880278-880338-v2-2026-08-26/replay-work/formal-opendev-880278--target-880338/target-a2/.tox/py3/lib/python3.10/site-packages/oslo_utils/excutils.py", line 227, in __exit__
    self.force_reraise()
  File "/home/zhihao/hdd/marshal/benchmarks/cross-repo-pr-impact/results/single-case-pipeline-880278-880338-v2-2026-08-26/replay-work/formal-opendev-880278--target-880338/target-a2/.tox/py3/lib/python3.10/site-packages/oslo_utils/excutils.py", line 200, in force_reraise
    raise self.value
  File "/home/zhihao/hdd/marshal/benchmarks/cross-repo-pr-impact/results/single-case-pipeline-880278-880338-v2-2026-08-26/replay-work/formal-opendev-880278--target-880338/target-a2/.tox/py3/lib/python3.10/site-packages/neutron_lib/db/api.py", line 184, in wrapped
    return f(*dup_args, **dup_kwargs)
  File "/home/zhihao/hdd/marshal/benchmarks/cross-repo-pr-impact/results/single-case-pipeline-880278-880338-v2-2026-08-26/replay-work/formal-opendev-880278--target-880338/target-a2/neutron/api/v2/base.py", line 564, in _create
    return notify({self._resource: self._view(request.context,
  File "/home/zhihao/hdd/marshal/benchmarks/cross-repo-pr-impact/results/single-case-pipeline-880278-880338-v2-2026-08-26/replay-work/formal-opendev-880278--target-880338/target-a2/neutron/api/v2/base.py", line 504, in notify
    quota.QUOTAS.commit_reservation(
  File "/home/zhihao/hdd/marshal/benchmarks/cross-repo-pr-impact/results/single-case-pipeline-880278-880338-v2-2026-08-26/replay-work/formal-opendev-880278--target-880338/target-a2/neutron/quota/__init__.py", line 103, in commit_reservation
    self.get_driver().commit_reservation(context, reservation_id)
  File "/home/zhihao/hdd/marshal/benchmarks/cross-repo-pr-impact/results/single-case-pipeline-880278-880338-v2-2026-08-26/replay-work/formal-opendev-880278--target-880338/target-a2/neutron/db/quota/driver.py", line 269, in commit_reservation
    quota_api.remove_reservation(context, reservation_id,
  File "/home/zhihao/hdd/marshal/benchmarks/cross-repo-pr-impact/results/single-case-pipeline-880278-880338-v2-2026-08-26/replay-work/formal-opendev-880278--target-880338/target-a2/neutron/common/utils.py", line 726, in inner
    raise RuntimeError(_("Method %s cannot be called within a "
RuntimeError: Method <function remove_reservation at 0x74ce3127aa70> cannot be called within a transaction.
create failed: No details.
Traceback (most recent call last):
  File "/home/zhihao/hdd/marshal/benchmarks/cross-repo-pr-impact/results/single-case-pipeline-880278-880338-v2-2026-08-26/replay-work/formal-opendev-880278--target-880338/target-a2/neutron/api/v2/resource.py", line 98, in resource
    result = method(request=request, **args)
  File "/home/zhihao/hdd/marshal/benchmarks/cross-repo-pr-impact/results/single-case-pipeline-880278-880338-v2-2026-08-26/replay-work/formal-opendev-880278--target-880338/target-a2/neutron/api/v2/base.py", line 438, in create
    return self._create(request, body, **kwargs)
  File "/home/zhihao/hdd/marshal/benchmarks/cross-repo-pr-impact/results/single-case-pipeline-880278-880338-v2-2026-08-26/replay-work/formal-opendev-880278--target-880338/target-a2/.tox/py3/lib/python3.10/site-packages/neutron_lib/db/api.py", line 140, in wrapped
    with excutils.save_and_reraise_exception():
  File "/home/zhihao/hdd/marshal/benchmarks/cross-repo-pr-impact/results/single-case-pipeline-880278-880338-v2-2026-08-26/replay-work/formal-opendev-880278--target-880338/target-a2/.tox/py3/lib/python3.10/site-packages/oslo_utils/excutils.py", line 227, in __exit__
    self.force_reraise()
  File "/home/zhihao/hdd/marshal/benchmarks/cross-repo-pr-impact/results/single-case-pipeline-880278-880338-v2-2026-08-26/replay-work/formal-opendev-880278--target-880338/target-a2/.tox/py3/lib/python3.10/site-packages/oslo_utils/excutils.py", line 200, in force_reraise
    raise self.value
  File "/home/zhihao/hdd/marshal/benchmarks/cross-repo-pr-impact/results/single-case-pipeline-880278-880338-v2-2026-08-26/replay-work/formal-opendev-880278--target-880338/target-a2/.tox/py3/lib/python3.10/site-packages/neutron_lib/db/api.py", line 138, in wrapped
    return f(*args, **kwargs)
  File "/home/zhihao/hdd/marshal/benchmarks/cross-repo-pr-impact/results/single-case-pipeline-880278-880338-v2-2026-08-26/replay-work/formal-opendev-880278--target-880338/target-a2/.tox/py3/lib/python3.10/site-packages/oslo_db/api.py", line 144, in wrapper
    with excutils.save_and_reraise_exception() as ectxt:
  File "/home/zhihao/hdd/marshal/benchmarks/cross-repo-pr-impact/results/single-case-pipeline-880278-880338-v2-2026-08-26/replay-work/formal-opendev-880278--target-880338/target-a2/.tox/py3/lib/python3.10/site-packages/oslo_utils/excutils.py", line 227, in __exit__
    self.force_reraise()
  File "/home/zhihao/hdd/marshal/benchmarks/cross-repo-pr-impact/results/single-case-pipeline-880278-880338-v2-2026-08-26/replay-work/formal-opendev-880278--target-880338/target-a2/.tox/py3/lib/python3.10/site-packages/oslo_utils/excutils.py", line 200, in force_reraise
    raise self.value
  File "/home/zhihao/hdd/marshal/benchmarks/cross-repo-pr-impact/results/single-case-pipeline-880278-880338-v2-2026-08-26/replay-work/formal-opendev-880278--target-880338/target-a2/.tox/py3/lib/python3.10/site-packages/oslo_db/api.py", line 142, in wrapper
    return f(*args, **kwargs)
  File "/home/zhihao/hdd/marshal/benchmarks/cross-repo-pr-impact/results/single-case-pipeline-880278-880338-v2-2026-08-26/replay-work/formal-opendev-880278--target-880338/target-a2/.tox/py3/lib/python3.10/site-packages/neutron_lib/db/api.py", line 186, in wrapped
    with excutils.save_and_reraise_exception():
  File "/home/zhihao/hdd/marshal/benchmarks/cross-repo-pr-impact/results/single-case-pipeline-880278-880338-v2-2026-08-26/replay-work/formal-opendev-880278--target-880338/target-a2/.tox/py3/lib/python3.10/site-packages/oslo_utils/excutils.py", line 227, in __exit__
    self.force_reraise()
  File "/home/zhihao/hdd/marshal/benchmarks/cross-repo-pr-impact/results/single-case-pipeline-880278-880338-v2-2026-08-26/replay-work/formal-opendev-880278--target-880338/target-a2/.tox/py3/lib/python3.10/site-packages/oslo_utils/excutils.py", line 200, in force_reraise
    raise self.value
  File "/home/zhihao/hdd/marshal/benchmarks/cross-repo-pr-impact/results/single-case-pipeline-880278-880338-v2-2026-08-26/replay-work/formal-opendev-880278--target-880338/target-a2/.tox/py3/lib/python3.10/site-packages/neutron_lib/db/api.py", line 184, in wrapped
    return f(*dup_args, **dup_kwargs)
  File "/home/zhihao/hdd/marshal/benchmarks/cross-repo-pr-impact/results/single-case-pipeline-880278-880338-v2-2026-08-26/replay-work/formal-opendev-880278--target-880338/target-a2/neutron/api/v2/base.py", line 564, in _create
    return notify({self._resource: self._view(request.context,
  File "/home/zhihao/hdd/marshal/benchmarks/cross-repo-pr-impact/results/single-case-pipeline-880278-880338-v2-2026-08-26/replay-work/formal-opendev-880278--target-880338/target-a2/neutron/api/v2/base.py", line 504, in notify
    quota.QUOTAS.commit_reservation(
  File "/home/zhihao/hdd/marshal/benchmarks/cross-repo-pr-impact/results/single-case-pipeline-880278-880338-v2-2026-08-26/replay-work/formal-opendev-880278--target-880338/target-a2/neutron/quota/__init__.py", line 103, in commit_reservation
    self.get_driver().commit_reservation(context, reservation_id)
  File "/home/zhihao/hdd/marshal/benchmarks/cross-repo-pr-impact/results/single-case-pipeline-880278-880338-v2-2026-08-26/replay-work/formal-opendev-880278--target-880338/target-a2/neutron/db/quota/driver.py", line 269, in commit_reservation
    quota_api.remove_reservation(context, reservation_id,
  File "/home/zhihao/hdd/marshal/benchmarks/cross-repo-pr-impact/results/single-case-pipeline-880278-880338-v2-2026-08-26/replay-work/formal-opendev-880278--target-880338/target-a2/neutron/common/utils.py", line 726, in inner
    raise RuntimeError(_("Method %s cannot be called within a "
RuntimeError: Method <function remove_reservation at 0x7b7cbe87aa70> cannot be called within a transaction.
create failed: No details.
Traceback (most recent call last):
  File "/home/zhihao/hdd/marshal/benchmarks/cross-repo-pr-impact/results/single-case-pipeline-880278-880338-v2-2026-08-26/replay-work/formal-opendev-880278--target-880338/target-a2/neutron/api/v2/resource.py", line 98, in resource
    result = method(request=request, **args)
  File "/home/zhihao/hdd/marshal/benchmarks/cross-repo-pr-impact/results/single-case-pipeline-880278-880338-v2-2026-08-26/replay-work/formal-opendev-880278--target-880338/target-a2/neutron/api/v2/base.py", line 438, in create
    return self._create(request, body, **kwargs)
  File "/home/zhihao/hdd/marshal/benchmarks/cross-repo-pr-impact/results/single-case-pipeline-880278-880338-v2-2026-08-26/replay-work/formal-opendev-880278--target-880338/target-a2/.tox/py3/lib/python3.10/site-packages/neutron_lib/db/api.py", line 140, in wrapped
    with excutils.save_and_reraise_exception():
  File "/home/zhihao/hdd/marshal/benchmarks/cross-repo-pr-impact/results/single-case-pipeline-880278-880338-v2-2026-08-26/replay-work/formal-opendev-880278--target-880338/target-a2/.tox/py3/lib/python3.10/site-packages/oslo_utils/excutils.py", line 227, in __exit__
    self.force_reraise()
  File "/home/zhihao/hdd/marshal/benchmarks/cross-repo-pr-impact/results/single-case-pipeline-880278-880338-v2-2026-08-26/replay-work/formal-opendev-880278--target-880338/target-a2/.tox/py3/lib/python3.10/site-packages/oslo_utils/excutils.py", line 200, in force_reraise
    raise self.value
  File "/home/zhihao/hdd/marshal/benchmarks/cross-repo-pr-impact/results/single-case-pipeline-880278-880338-v2-2026-08-26/replay-work/formal-opendev-880278--target-880338/target-a2/.tox/py3/lib/python3.10/site-packages/neutron_lib/db/api.py", line 138, in wrapped
    return f(*args, **kwargs)
  File "/home/zhihao/hdd/marshal/benchmarks/cross-repo-pr-impact/results/single-case-pipeline-880278-880338-v2-2026-08-26/replay-work/formal-opendev-880278--target-880338/target-a2/.tox/py3/lib/python3.10/site-packages/oslo_db/api.py", line 144, in wrapper
    with excutils.save_and_reraise_exception() as ectxt:
  File "/home/zhihao/hdd/marshal/benchmarks/cross-repo-pr-impact/results/single-case-pipeline-880278-880338-v2-2026-08-26/replay-work/formal-opendev-880278--target-880338/target-a2/.tox/py3/lib/python3.10/site-packages/oslo_utils/excutils.py", line 227, in __exit__
    self.force_reraise()
  File "/home/zhihao/hdd/marshal/benchmarks/cross-repo-pr-impact/results/single-case-pipeline-880278-880338-v2-2026-08-26/replay-work/formal-opendev-880278--target-880338/target-a2/.tox/py3/lib/python3.10/site-packages/oslo_utils/excutils.py", line 200, in force_reraise
    raise self.value
  File "/home/zhihao/hdd/marshal/benchmarks/cross-repo-pr-impact/results/single-case-pipeline-880278-880338-v2-2026-08-26/replay-work/formal-opendev-880278--target-880338/target-a2/.tox/py3/lib/python3.10/site-packages/oslo_db/api.py", line 142, in wrapper
    return f(*args, **kwargs)
  File "/home/zhihao/hdd/marshal/benchmarks/cross-repo-pr-impact/results/single-case-pipeline-880278-880338-v2-2026-08-26/replay-work/formal-opendev-880278--target-880338/target-a2/.tox/py3/lib/python3.10/site-packages/neutron_lib/db/api.py", line 186, in wrapped
    with excutils.save_and_reraise_exception():
  File "/home/zhihao/hdd/marshal/benchmarks/cross-repo-pr-impact/results/single-case-pipeline-880278-880338-v2-2026-08-26/replay-work/formal-opendev-880278--target-880338/target-a2/.tox/py3/lib/python3.10/site-packages/oslo_utils/excutils.py", line 227, in __exit__
    self.force_reraise()
  File "/home/zhihao/hdd/marshal/benchmarks/cross-repo-pr-impact/results/single-case-pipeline-880278-880338-v2-2026-08-26/replay-work/formal-opendev-880278--target-880338/target-a2/.tox/py3/lib/python3.10/site-packages/oslo_utils/excutils.py", line 200, in force_reraise
    raise self.value
  File "/home/zhihao/hdd/marshal/benchmarks/cross-repo-pr-impact/results/single-case-pipeline-880278-880338-v2-2026-08-26/replay-work/formal-opendev-880278--target-880338/target-a2/.tox/py3/lib/python3.10/site-packages/neutron_lib/db/api.py", line 184, in wrapped
    return f(*dup_args, **dup_kwargs)
  File "/home/zhihao/hdd/marshal/benchmarks/cross-repo-pr-impact/results/single-case-pipeline-880278-880338-v2-2026-08-26/replay-work/formal-opendev-880278--target-880338/target-a2/neutron/api/v2/base.py", line 564, in _create
    return notify({self._resource: self._view(request.context,
  File "/home/zhihao/hdd/marshal/benchmarks/cross-repo-pr-impact/results/single-case-pipeline-880278-880338-v2-2026-08-26/replay-work/formal-opendev-880278--target-880338/target-a2/neutron/api/v2/base.py", line 504, in notify
    quota.QUOTAS.commit_reservation(
  File "/home/zhihao/hdd/marshal/benchmarks/cross-repo-pr-impact/results/single-case-pipeline-880278-880338-v2-2026-08-26/replay-work/formal-opendev-880278--target-880338/target-a2/neutron/quota/__init__.py", line 103, in commit_reservation
    self.get_driver().commit_reservation(context, reservation_id)
  File "/home/zhihao/hdd/marshal/benchmarks/cross-repo-pr-impact/results/single-case-pipeline-880278-880338-v2-2026-08-26/replay-work/formal-opendev-880278--target-880338/target-a2/neutron/db/quota/driver.py", line 269, in commit_reservation
    quota_api.remove_reservation(context, reservation_id,
  File "/home/zhihao/hdd/marshal/benchmarks/cross-repo-pr-impact/results/single-case-pipeline-880278-880338-v2-2026-08-26/replay-work/formal-opendev-880278--target-880338/target-a2/neutron/common/utils.py", line 726, in inner
    raise RuntimeError(_("Method %s cannot be called within a "
RuntimeError: Method <function remove_reservation at 0x7c10bcf76a70> cannot be called within a transaction.
create failed: No details.
Traceback (most recent call last):
  File "/home/zhihao/hdd/marshal/benchmarks/cross-repo-pr-impact/results/single-case-pipeline-880278-880338-v2-2026-08-26/replay-work/formal-opendev-880278--target-880338/target-a2/neutron/api/v2/resource.py", line 98, in resource
    result = method(request=request, **args)
  File "/home/zhihao/hdd/marshal/benchmarks/cross-repo-pr-impact/results/single-case-pipeline-880278-880338-v2-2026-08-26/replay-work/formal-opendev-880278--target-880338/target-a2/neutron/api/v2/base.py", line 438, in create
    return self._create(request, body, **kwargs)
  File "/home/zhihao/hdd/marshal/benchmarks/cross-repo-pr-impact/results/single-case-pipeline-880278-880338-v2-2026-08-26/replay-work/formal-opendev-880278--target-880338/target-a2/.tox/py3/lib/python3.10/site-packages/neutron_lib/db/api.py", line 140, in wrapped
    with excutils.save_and_reraise_exception():
  File "/home/zhihao/hdd/marshal/benchmarks/cross-repo-pr-impact/results/single-case-pipeline-880278-880338-v2-2026-08-26/replay-work/formal-opendev-880278--target-880338/target-a2/.tox/py3/lib/python3.10/site-packages/oslo_utils/excutils.py", line 227, in __exit__
    self.force_reraise()
  File "/home/zhihao/hdd/marshal/benchmarks/cross-repo-pr-impact/results/single-case-pipeline-880278-880338-v2-2026-08-26/replay-work/formal-opendev-880278--target-880338/target-a2/.tox/py3/lib/python3.10/site-packages/oslo_utils/excutils.py", line 200, in force_reraise
    raise self.value
  File "/home/zhihao/hdd/marshal/benchmarks/cross-repo-pr-impact/results/single-case-pipeline-880278-880338-v2-2026-08-26/replay-work/formal-opendev-880278--target-880338/target-a2/.tox/py3/lib/python3.10/site-packages/neutron_lib/db/api.py", line 138, in wrapped
    return f(*args, **kwargs)
  File "/home/zhihao/hdd/marshal/benchmarks/cross-repo-pr-impact/results/single-case-pipeline-880278-880338-v2-2026-08-26/replay-work/formal-opendev-880278--target-880338/target-a2/.tox/py3/lib/python3.10/site-packages/oslo_db/api.py", line 144, in wrapper
    with excutils.save_and_reraise_exception() as ectxt:
  File "/home/zhihao/hdd/marshal/benchmarks/cross-repo-pr-impact/results/single-case-pipeline-880278-880338-v2-2026-08-26/replay-work/formal-opendev-880278--target-880338/target-a2/.tox/py3/lib/python3.10/site-packages/oslo_utils/excutils.py", line 227, in __exit__
    self.force_reraise()
  File "/home/zhihao/hdd/marshal/benchmarks/cross-repo-pr-impact/results/single-case-pipeline-880278-880338-v2-2026-08-26/replay-work/formal-opendev-880278--target-880338/target-a2/.tox/py3/lib/python3.10/site-packages/oslo_utils/excutils.py", line 200, in force_reraise
    raise self.value
  File "/home/zhihao/hdd/marshal/benchmarks/cross-repo-pr-impact/results/single-case-pipeline-880278-880338-v2-2026-08-26/replay-work/formal-opendev-880278--target-880338/target-a2/.tox/py3/lib/python3.10/site-packages/oslo_db/api.py", line 142, in wrapper
    return f(*args, **kwargs)
  File "/home/zhihao/hdd/marshal/benchmarks/cross-repo-pr-impact/results/single-case-pipeline-880278-880338-v2-2026-08-26/replay-work/formal-opendev-880278--target-880338/target-a2/.tox/py3/lib/python3.10/site-packages/neutron_lib/db/api.py", line 186, in wrapped
    with excutils.save_and_reraise_exception():
  File "/home/zhihao/hdd/marshal/benchmarks/cross-repo-pr-impact/results/single-case-pipeline-880278-880338-v2-2026-08-26/replay-work/formal-opendev-880278--target-880338/target-a2/.tox/py3/lib/python3.10/site-packages/oslo_utils/excutils.py", line 227, in __exit__
    self.force_reraise()
  File "/home/zhihao/hdd/marshal/benchmarks/cross-repo-pr-impact/results/single-case-pipeline-880278-880338-v2-2026-08-26/replay-work/formal-opendev-880278--target-880338/target-a2/.tox/py3/lib/python3.10/site-packages/oslo_utils/excutils.py", line 200, in force_reraise
    raise self.value
  File "/home/zhihao/hdd/marshal/benchmarks/cross-repo-pr-impact/results/single-case-pipeline-880278-880338-v2-2026-08-26/replay-work/formal-opendev-880278--target-880338/target-a2/.tox/py3/lib/python3.10/site-packages/neutron_lib/db/api.py", line 184, in wrapped
    return f(*dup_args, **dup_kwargs)
  File "/home/zhihao/hdd/marshal/benchmarks/cross-repo-pr-impact/results/single-case-pipeline-880278-880338-v2-2026-08-26/replay-work/formal-opendev-880278--target-880338/target-a2/neutron/api/v2/base.py", line 564, in _create
    return notify({self._resource: self._view(request.context,
  File "/home/zhihao/hdd/marshal/benchmarks/cross-repo-pr-impact/results/single-case-pipeline-880278-880338-v2-2026-08-26/replay-work/formal-opendev-880278--target-880338/target-a2/neutron/api/v2/base.py", line 504, in notify
    quota.QUOTAS.commit_reservation(
  File "/home/zhihao/hdd/marshal/benchmarks/cross-repo-pr-impact/results/single-case-pipeline-880278-880338-v2-2026-08-26/replay-work/formal-opendev-880278--target-880338/target-a2/neutron/quota/__init__.py", line 103, in commit_reservation
    self.get_driver().commit_reservation(context, reservation_id)
  File "/home/zhihao/hdd/marshal/benchmarks/cross-repo-pr-impact/results/single-case-pipeline-880278-880338-v2-2026-08-26/replay-work/formal-opendev-880278--target-880338/target-a2/neutron/db/quota/driver.py", line 269, in commit_reservation
    quota_api.remove_reservation(context, reservation_id,
  File "/home/zhihao/hdd/marshal/benchmarks/cross-repo-pr-impact/results/single-case-pipeline-880278-880338-v2-2026-08-26/replay-work/formal-opendev-880278--target-880338/target-a2/neutron/common/utils.py", line 726, in inner
    raise RuntimeError(_("Method %s cannot be called within a "
RuntimeError: Method <function remove_reservation at 0x7c10bcf76a70> cannot be called within a transaction.
create failed: No details.
Traceback (most recent call last):
  File "/home/zhihao/hdd/marshal/benchmarks/cross-repo-pr-impact/results/single-case-pipeline-880278-880338-v2-2026-08-26/replay-work/formal-opendev-880278--target-880338/target-a2/neutron/api/v2/resource.py", line 98, in resource
    result = method(request=request, **args)
  File "/home/zhihao/hdd/marshal/benchmarks/cross-repo-pr-impact/results/single-case-pipeline-880278-880338-v2-2026-08-26/replay-work/formal-opendev-880278--target-880338/target-a2/neutron/api/v2/base.py", line 438, in create
    return self._create(request, body, **kwargs)
  File "/home/zhihao/hdd/marshal/benchmarks/cross-repo-pr-impact/results/single-case-pipeline-880278-880338-v2-2026-08-26/replay-work/formal-opendev-880278--target-880338/target-a2/.tox/py3/lib/python3.10/site-packages/neutron_lib/db/api.py", line 140, in wrapped
    with excutils.save_and_reraise_exception():
  File "/home/zhihao/hdd/marshal/benchmarks/cross-repo-pr-impact/results/single-case-pipeline-880278-880338-v2-2026-08-26/replay-work/formal-opendev-880278--target-880338/target-a2/.tox/py3/lib/python3.10/site-packages/oslo_utils/excutils.py", line 227, in __exit__
    self.force_reraise()
  File "/home/zhihao/hdd/marshal/benchmarks/cross-repo-pr-impact/results/single-case-pipeline-880278-880338-v2-2026-08-26/replay-work/formal-opendev-880278--target-880338/target-a2/.tox/py3/lib/python3.10/site-packages/oslo_utils/excutils.py", line 200, in force_reraise
    raise self.value
  File "/home/zhihao/hdd/marshal/benchmarks/cross-repo-pr-impact/results/single-case-pipeline-880278-880338-v2-2026-08-26/replay-work/formal-opendev-880278--target-880338/target-a2/.tox/py3/lib/python3.10/site-packages/neutron_lib/db/api.py", line 138, in wrapped
    return f(*args, **kwargs)
  File "/home/zhihao/hdd/marshal/benchmarks/cross-repo-pr-impact/results/single-case-pipeline-880278-880338-v2-2026-08-26/replay-work/formal-opendev-880278--target-880338/target-a2/.tox/py3/lib/python3.10/site-packages/oslo_db/api.py", line 144, in wrapper
    with excutils.save_and_reraise_exception() as ectxt:
  File "/home/zhihao/hdd/marshal/benchmarks/cross-repo-pr-impact/results/single-case-pipeline-880278-880338-v2-2026-08-26/replay-work/formal-opendev-880278--target-880338/target-a2/.tox/py3/lib/python3.10/site-packages/oslo_utils/excutils.py", line 227, in __exit__
    self.force_reraise()
  File "/home/zhihao/hdd/marshal/benchmarks/cross-repo-pr-impact/results/single-case-pipeline-880278-880338-v2-2026-08-26/replay-work/formal-opendev-880278--target-880338/target-a2/.tox/py3/lib/python3.10/site-packages/oslo_utils/excutils.py", line 200, in force_reraise
    raise self.value
  File "/home/zhihao/hdd/marshal/benchmarks/cross-repo-pr-impact/results/single-case-pipeline-880278-880338-v2-2026-08-26/replay-work/formal-opendev-880278--target-880338/target-a2/.tox/py3/lib/python3.10/site-packages/oslo_db/api.py", line 142, in wrapper
    return f(*args, **kwargs)
  File "/home/zhihao/hdd/marshal/benchmarks/cross-repo-pr-impact/results/single-case-pipeline-880278-880338-v2-2026-08-26/replay-work/formal-opendev-880278--target-880338/target-a2/.tox/py3/lib/python3.10/site-packages/neutron_lib/db/api.py", line 186, in wrapped
    with excutils.save_and_reraise_exception():
  File "/home/zhihao/hdd/marshal/benchmarks/cross-repo-pr-impact/results/single-case-pipeline-880278-880338-v2-2026-08-26/replay-work/formal-opendev-880278--target-880338/target-a2/.tox/py3/lib/python3.10/site-packages/oslo_utils/excutils.py", line 227, in __exit__
    self.force_reraise()
  File "/home/zhihao/hdd/marshal/benchmarks/cross-repo-pr-impact/results/single-case-pipeline-880278-880338-v2-2026-08-26/replay-work/formal-opendev-880278--target-880338/target-a2/.tox/py3/lib/python3.10/site-packages/oslo_utils/excutils.py", line 200, in force_reraise
    raise self.value
  File "/home/zhihao/hdd/marshal/benchmarks/cross-repo-pr-impact/results/single-case-pipeline-880278-880338-v2-2026-08-26/replay-work/formal-opendev-880278--target-880338/target-a2/.tox/py3/lib/python3.10/site-packages/neutron_lib/db/api.py", line 184, in wrapped
    return f(*dup_args, **dup_kwargs)
  File "/home/zhihao/hdd/marshal/benchmarks/cross-repo-pr-impact/results/single-case-pipeline-880278-880338-v2-2026-08-26/replay-work/formal-opendev-880278--target-880338/target-a2/neutron/api/v2/base.py", line 564, in _create
    return notify({self._resource: self._view(request.context,
  File "/home/zhihao/hdd/marshal/benchmarks/cross-repo-pr-impact/results/single-case-pipeline-880278-880338-v2-2026-08-26/replay-work/formal-opendev-880278--target-880338/target-a2/neutron/api/v2/base.py", line 504, in notify
    quota.QUOTAS.commit_reservation(
  File "/home/zhihao/hdd/marshal/benchmarks/cross-repo-pr-impact/results/single-case-pipeline-880278-880338-v2-2026-08-26/replay-work/formal-opendev-880278--target-880338/target-a2/neutron/quota/__init__.py", line 103, in commit_reservation
    self.get_driver().commit_reservation(context, reservation_id)
  File "/home/zhihao/hdd/marshal/benchmarks/cross-repo-pr-impact/results/single-case-pipeline-880278-880338-v2-2026-08-26/replay-work/formal-opendev-880278--target-880338/target-a2/neutron/db/quota/driver.py", line 269, in commit_reservation
    quota_api.remove_reservation(context, reservation_id,
  File "/home/zhihao/hdd/marshal/benchmarks/cross-repo-pr-impact/results/single-case-pipeline-880278-880338-v2-2026-08-26/replay-work/formal-opendev-880278--target-880338/target-a2/neutron/common/utils.py", line 726, in inner
    raise RuntimeError(_("Method %s cannot be called within a "
RuntimeError: Method <function remove_reservation at 0x7a45eb776a70> cannot be called within a transaction.
create failed: No details.
Traceback (most recent call last):
  File "/home/zhihao/hdd/marshal/benchmarks/cross-repo-pr-impact/results/single-case-pipeline-880278-880338-v2-2026-08-26/replay-work/formal-opendev-880278--target-880338/target-a2/neutron/api/v2/resource.py", line 98, in resource
    result = method(request=request, **args)
  File "/home/zhihao/hdd/marshal/benchmarks/cross-repo-pr-impact/results/single-case-pipeline-880278-880338-v2-2026-08-26/replay-work/formal-opendev-880278--target-880338/target-a2/neutron/api/v2/base.py", line 438, in create
    return self._create(request, body, **kwargs)
  File "/home/zhihao/hdd/marshal/benchmarks/cross-repo-pr-impact/results/single-case-pipeline-880278-880338-v2-2026-08-26/replay-work/formal-opendev-880278--target-880338/target-a2/.tox/py3/lib/python3.10/site-packages/neutron_lib/db/api.py", line 140, in wrapped
    with excutils.save_and_reraise_exception():
  File "/home/zhihao/hdd/marshal/benchmarks/cross-repo-pr-impact/results/single-case-pipeline-880278-880338-v2-2026-08-26/replay-work/formal-opendev-880278--target-880338/target-a2/.tox/py3/lib/python3.10/site-packages/oslo_utils/excutils.py", line 227, in __exit__
    self.force_reraise()
  File "/home/zhihao/hdd/marshal/benchmarks/cross-repo-pr-impact/results/single-case-pipeline-880278-880338-v2-2026-08-26/replay-work/formal-opendev-880278--target-880338/target-a2/.tox/py3/lib/python3.10/site-packages/oslo_utils/excutils.py", line 200, in force_reraise
    raise self.value
  File "/home/zhihao/hdd/marshal/benchmarks/cross-repo-pr-impact/results/single-case-pipeline-880278-880338-v2-2026-08-26/replay-work/formal-opendev-880278--target-880338/target-a2/.tox/py3/lib/python3.10/site-packages/neutron_lib/db/api.py", line 138, in wrapped
    return f(*args, **kwargs)
  File "/home/zhihao/hdd/marshal/benchmarks/cross-repo-pr-impact/results/single-case-pipeline-880278-880338-v2-2026-08-26/replay-work/formal-opendev-880278--target-880338/target-a2/.tox/py3/lib/python3.10/site-packages/oslo_db/api.py", line 144, in wrapper
    with excutils.save_and_reraise_exception() as ectxt:
  File "/home/zhihao/hdd/marshal/benchmarks/cross-repo-pr-impact/results/single-case-pipeline-880278-880338-v2-2026-08-26/replay-work/formal-opendev-880278--target-880338/target-a2/.tox/py3/lib/python3.10/site-packages/oslo_utils/excutils.py", line 227, in __exit__
    self.force_reraise()
  File "/home/zhihao/hdd/marshal/benchmarks/cross-repo-pr-impact/results/single-case-pipeline-880278-880338-v2-2026-08-26/replay-work/formal-opendev-880278--target-880338/target-a2/.tox/py3/lib/python3.10/site-packages/oslo_utils/excutils.py", line 200, in force_reraise
    raise self.value
  File "/home/zhihao/hdd/marshal/benchmarks/cross-repo-pr-impact/results/single-case-pipeline-880278-880338-v2-2026-08-26/replay-work/formal-opendev-880278--target-880338/target-a2/.tox/py3/lib/python3.10/site-packages/oslo_db/api.py", line 142, in wrapper
    return f(*args, **kwargs)
  File "/home/zhihao/hdd/marshal/benchmarks/cross-repo-pr-impact/results/single-case-pipeline-880278-880338-v2-2026-08-26/replay-work/formal-opendev-880278--target-880338/target-a2/.tox/py3/lib/python3.10/site-packages/neutron_lib/db/api.py", line 186, in wrapped
    with excutils.save_and_reraise_exception():
  File "/home/zhihao/hdd/marshal/benchmarks/cross-repo-pr-impact/results/single-case-pipeline-880278-880338-v2-2026-08-26/replay-work/formal-opendev-880278--target-880338/target-a2/.tox/py3/lib/python3.10/site-packages/oslo_utils/excutils.py", line 227, in __exit__
    self.force_reraise()
  File "/home/zhihao/hdd/marshal/benchmarks/cross-repo-pr-impact/results/single-case-pipeline-880278-880338-v2-2026-08-26/replay-work/formal-opendev-880278--target-880338/target-a2/.tox/py3/lib/python3.10/site-packages/oslo_utils/excutils.py", line 200, in force_reraise
    raise self.value
  File "/home/zhihao/hdd/marshal/benchmarks/cross-repo-pr-impact/results/single-case-pipeline-880278-880338-v2-2026-08-26/replay-work/formal-opendev-880278--target-880338/target-a2/.tox/py3/lib/python3.10/site-packages/neutron_lib/db/api.py", line 184, in wrapped
    return f(*dup_args, **dup_kwargs)
  File "/home/zhihao/hdd/marshal/benchmarks/cross-repo-pr-impact/results/single-case-pipeline-880278-880338-v2-2026-08-26/replay-work/formal-opendev-880278--target-880338/target-a2/neutron/api/v2/base.py", line 564, in _create
    return notify({self._resource: self._view(request.context,
  File "/home/zhihao/hdd/marshal/benchmarks/cross-repo-pr-impact/results/single-case-pipeline-880278-880338-v2-2026-08-26/replay-work/formal-opendev-880278--target-880338/target-a2/neutron/api/v2/base.py", line 504, in notify
    quota.QUOTAS.commit_reservation(
  File "/home/zhihao/hdd/marshal/benchmarks/cross-repo-pr-impact/results/single-case-pipeline-880278-880338-v2-2026-08-26/replay-work/formal-opendev-880278--target-880338/target-a2/neutron/quota/__init__.py", line 103, in commit_reservation
    self.get_driver().commit_reservation(context, reservation_id)
  File "/home/zhihao/hdd/marshal/benchmarks/cross-repo-pr-impact/results/single-case-pipeline-880278-880338-v2-2026-08-26/replay-work/formal-opendev-880278--target-880338/target-a2/neutron/db/quota/driver.py", line 269, in commit_reservation
    quota_api.remove_reservation(context, reservation_id,
  File "/home/zhihao/hdd/marshal/benchmarks/cross-repo-pr-impact/results/single-case-pipeline-880278-880338-v2-2026-08-26/replay-work/formal-opendev-880278--target-880338/target-a2/neutron/common/utils.py", line 726, in inner
    raise RuntimeError(_("Method %s cannot be called within a "
RuntimeError: Method <function remove_reservation at 0x75edf427aa70> cannot be called within a transaction.
create failed: No details.
Traceback (most recent call last):
  File "/home/zhihao/hdd/marshal/benchmarks/cross-repo-pr-impact/results/single-case-pipeline-880278-880338-v2-2026-08-26/replay-work/formal-opendev-880278--target-880338/target-a2/neutron/api/v2/resource.py", line 98, in resource
    result = method(request=request, **args)
  File "/home/zhihao/hdd/marshal/benchmarks/cross-repo-pr-impact/results/single-case-pipeline-880278-880338-v2-2026-08-26/replay-work/formal-opendev-880278--target-880338/target-a2/neutron/api/v2/base.py", line 438, in create
    return self._create(request, body, **kwargs)
  File "/home/zhihao/hdd/marshal/benchmarks/cross-repo-pr-impact/results/single-case-pipeline-880278-880338-v2-2026-08-26/replay-work/formal-opendev-880278--target-880338/target-a2/.tox/py3/lib/python3.10/site-packages/neutron_lib/db/api.py", line 140, in wrapped
    with excutils.save_and_reraise_exception():
  File "/home/zhihao/hdd/marshal/benchmarks/cross-repo-pr-impact/results/single-case-pipeline-880278-880338-v2-2026-08-26/replay-work/formal-opendev-880278--target-880338/target-a2/.tox/py3/lib/python3.10/site-packages/oslo_utils/excutils.py", line 227, in __exit__
    self.force_reraise()
  File "/home/zhihao/hdd/marshal/benchmarks/cross-repo-pr-impact/results/single-case-pipeline-880278-880338-v2-2026-08-26/replay-work/formal-opendev-880278--target-880338/target-a2/.tox/py3/lib/python3.10/site-packages/oslo_utils/excutils.py", line 200, in force_reraise
    raise self.value
  File "/home/zhihao/hdd/marshal/benchmarks/cross-repo-pr-impact/results/single-case-pipeline-880278-880338-v2-2026-08-26/replay-work/formal-opendev-880278--target-880338/target-a2/.tox/py3/lib/python3.10/site-packages/neutron_lib/db/api.py", line 138, in wrapped
    return f(*args, **kwargs)
  File "/home/zhihao/hdd/marshal/benchmarks/cross-repo-pr-impact/results/single-case-pipeline-880278-880338-v2-2026-08-26/replay-work/formal-opendev-880278--target-880338/target-a2/.tox/py3/lib/python3.10/site-packages/oslo_db/api.py", line 144, in wrapper
    with excutils.save_and_reraise_exception() as ectxt:
  File "/home/zhihao/hdd/marshal/benchmarks/cross-repo-pr-impact/results/single-case-pipeline-880278-880338-v2-2026-08-26/replay-work/formal-opendev-880278--target-880338/target-a2/.tox/py3/lib/python3.10/site-packages/oslo_utils/excutils.py", line 227, in __exit__
    self.force_reraise()
  File "/home/zhihao/hdd/marshal/benchmarks/cross-repo-pr-impact/results/single-case-pipeline-880278-880338-v2-2026-08-26/replay-work/formal-opendev-880278--target-880338/target-a2/.tox/py3/lib/python3.10/site-packages/oslo_utils/excutils.py", line 200, in force_reraise
    raise self.value
  File "/home/zhihao/hdd/marshal/benchmarks/cross-repo-pr-impact/results/single-case-pipeline-880278-880338-v2-2026-08-26/replay-work/formal-opendev-880278--target-880338/target-a2/.tox/py3/lib/python3.10/site-packages/oslo_db/api.py", line 142, in wrapper
    return f(*args, **kwargs)
  File "/home/zhihao/hdd/marshal/benchmarks/cross-repo-pr-impact/results/single-case-pipeline-880278-880338-v2-2026-08-26/replay-work/formal-opendev-880278--target-880338/target-a2/.tox/py3/lib/python3.10/site-packages/neutron_lib/db/api.py", line 186, in wrapped
    with excutils.save_and_reraise_exception():
  File "/home/zhihao/hdd/marshal/benchmarks/cross-repo-pr-impact/results/single-case-pipeline-880278-880338-v2-2026-08-26/replay-work/formal-opendev-880278--target-880338/target-a2/.tox/py3/lib/python3.10/site-packages/oslo_utils/excutils.py", line 227, in __exit__
    self.force_reraise()
  File "/home/zhihao/hdd/marshal/benchmarks/cross-repo-pr-impact/results/single-case-pipeline-880278-880338-v2-2026-08-26/replay-work/formal-opendev-880278--target-880338/target-a2/.tox/py3/lib/python3.10/site-packages/oslo_utils/excutils.py", line 200, in force_reraise
    raise self.value
  File "/home/zhihao/hdd/marshal/benchmarks/cross-repo-pr-impact/results/single-case-pipeline-880278-880338-v2-2026-08-26/replay-work/formal-opendev-880278--target-880338/target-a2/.tox/py3/lib/python3.10/site-packages/neutron_lib/db/api.py", line 184, in wrapped
    return f(*dup_args, **dup_kwargs)
  File "/home/zhihao/hdd/marshal/benchmarks/cross-repo-pr-impact/results/single-case-pipeline-880278-880338-v2-2026-08-26/replay-work/formal-opendev-880278--target-880338/target-a2/neutron/api/v2/base.py", line 564, in _create
    return notify({self._resource: self._view(request.context,
  File "/home/zhihao/hdd/marshal/benchmarks/cross-repo-pr-impact/results/single-case-pipeline-880278-880338-v2-2026-08-26/replay-work/formal-opendev-880278--target-880338/target-a2/neutron/api/v2/base.py", line 504, in notify
    quota.QUOTAS.commit_reservation(
  File "/home/zhihao/hdd/marshal/benchmarks/cross-repo-pr-impact/results/single-case-pipeline-880278-880338-v2-2026-08-26/replay-work/formal-opendev-880278--target-880338/target-a2/neutron/quota/__init__.py", line 103, in commit_reservation
    self.get_driver().commit_reservation(context, reservation_id)
  File "/home/zhihao/hdd/marshal/benchmarks/cross-repo-pr-impact/results/single-case-pipeline-880278-880338-v2-2026-08-26/replay-work/formal-opendev-880278--target-880338/target-a2/neutron/db/quota/driver.py", line 269, in commit_reservation
    quota_api.remove_reservation(context, reservation_id,
  File "/home/zhihao/hdd/marshal/benchmarks/cross-repo-pr-impact/results/single-case-pipeline-880278-880338-v2-2026-08-26/replay-work/formal-opendev-880278--target-880338/target-a2/neutron/common/utils.py", line 726, in inner
    raise RuntimeError(_("Method %s cannot be called within a "
RuntimeError: Method <function remove_reservation at 0x7fc679a7aa70> cannot be called within a transaction.
create failed: No details.
Traceback (most recent call last):
  File "/home/zhihao/hdd/marshal/benchmarks/cross-repo-pr-impact/results/single-case-pipeline-880278-880338-v2-2026-08-26/replay-work/formal-opendev-880278--target-880338/target-a2/neutron/api/v2/resource.py", line 98, in resource
    result = method(request=request, **args)
  File "/home/zhihao/hdd/marshal/benchmarks/cross-repo-pr-impact/results/single-case-pipeline-880278-880338-v2-2026-08-26/replay-work/formal-opendev-880278--target-880338/target-a2/neutron/api/v2/base.py", line 438, in create
    return self._create(request, body, **kwargs)
  File "/home/zhihao/hdd/marshal/benchmarks/cross-repo-pr-impact/results/single-case-pipeline-880278-880338-v2-2026-08-26/replay-work/formal-opendev-880278--target-880338/target-a2/.tox/py3/lib/python3.10/site-packages/neutron_lib/db/api.py", line 140, in wrapped
    with excutils.save_and_reraise_exception():
  File "/home/zhihao/hdd/marshal/benchmarks/cross-repo-pr-impact/results/single-case-pipeline-880278-880338-v2-2026-08-26/replay-work/formal-opendev-880278--target-880338/target-a2/.tox/py3/lib/python3.10/site-packages/oslo_utils/excutils.py", line 227, in __exit__
    self.force_reraise()
  File "/home/zhihao/hdd/marshal/benchmarks/cross-repo-pr-impact/results/single-case-pipeline-880278-880338-v2-2026-08-26/replay-work/formal-opendev-880278--target-880338/target-a2/.tox/py3/lib/python3.10/site-packages/oslo_utils/excutils.py", line 200, in force_reraise
    raise self.value
  File "/home/zhihao/hdd/marshal/benchmarks/cross-repo-pr-impact/results/single-case-pipeline-880278-880338-v2-2026-08-26/replay-work/formal-opendev-880278--target-880338/target-a2/.tox/py3/lib/python3.10/site-packages/neutron_lib/db/api.py", line 138, in wrapped
    return f(*args, **kwargs)
  File "/home/zhihao/hdd/marshal/benchmarks/cross-repo-pr-impact/results/single-case-pipeline-880278-880338-v2-2026-08-26/replay-work/formal-opendev-880278--target-880338/target-a2/.tox/py3/lib/python3.10/site-packages/oslo_db/api.py", line 144, in wrapper
    with excutils.save_and_reraise_exception() as ectxt:
  File "/home/zhihao/hdd/marshal/benchmarks/cross-repo-pr-impact/results/single-case-pipeline-880278-880338-v2-2026-08-26/replay-work/formal-opendev-880278--target-880338/target-a2/.tox/py3/lib/python3.10/site-packages/oslo_utils/excutils.py", line 227, in __exit__
    self.force_reraise()
  File "/home/zhihao/hdd/marshal/benchmarks/cross-repo-pr-impact/results/single-case-pipeline-880278-880338-v2-2026-08-26/replay-work/formal-opendev-880278--target-880338/target-a2/.tox/py3/lib/python3.10/site-packages/oslo_utils/excutils.py", line 200, in force_reraise
    raise self.value
  File "/home/zhihao/hdd/marshal/benchmarks/cross-repo-pr-impact/results/single-case-pipeline-880278-880338-v2-2026-08-26/replay-work/formal-opendev-880278--target-880338/target-a2/.tox/py3/lib/python3.10/site-packages/oslo_db/api.py", line 142, in wrapper
    return f(*args, **kwargs)
  File "/home/zhihao/hdd/marshal/benchmarks/cross-repo-pr-impact/results/single-case-pipeline-880278-880338-v2-2026-08-26/replay-work/formal-opendev-880278--target-880338/target-a2/.tox/py3/lib/python3.10/site-packages/neutron_lib/db/api.py", line 186, in wrapped
    with excutils.save_and_reraise_exception():
  File "/home/zhihao/hdd/marshal/benchmarks/cross-repo-pr-impact/results/single-case-pipeline-880278-880338-v2-2026-08-26/replay-work/formal-opendev-880278--target-880338/target-a2/.tox/py3/lib/python3.10/site-packages/oslo_utils/excutils.py", line 227, in __exit__
    self.force_reraise()
  File "/home/zhihao/hdd/marshal/benchmarks/cross-repo-pr-impact/results/single-case-pipeline-880278-880338-v2-2026-08-26/replay-work/formal-opendev-880278--target-880338/target-a2/.tox/py3/lib/python3.10/site-packages/oslo_utils/excutils.py", line 200, in force_reraise
    raise self.value
  File "/home/zhihao/hdd/marshal/benchmarks/cross-repo-pr-impact/results/single-case-pipeline-880278-880338-v2-2026-08-26/replay-work/formal-opendev-880278--target-880338/target-a2/.tox/py3/lib/python3.10/site-packages/neutron_lib/db/api.py", line 184, in wrapped
    return f(*dup_args, **dup_kwargs)
  File "/home/zhihao/hdd/marshal/benchmarks/cross-repo-pr-impact/results/single-case-pipeline-880278-880338-v2-2026-08-26/replay-work/formal-opendev-880278--target-880338/target-a2/neutron/api/v2/base.py", line 563, in _create
    obj = do_create(body)
  File "/home/zhihao/hdd/marshal/benchmarks/cross-repo-pr-impact/results/single-case-pipeline-880278-880338-v2-2026-08-26/replay-work/formal-opendev-880278--target-880338/target-a2/neutron/api/v2/base.py", line 541, in do_create
    with excutils.save_and_reraise_exception():
  File "/home/zhihao/hdd/marshal/benchmarks/cross-repo-pr-impact/results/single-case-pipeline-880278-880338-v2-2026-08-26/replay-work/formal-opendev-880278--target-880338/target-a2/.tox/py3/lib/python3.10/site-packages/oslo_utils/excutils.py", line 227, in __exit__
    self.force_reraise()
  File "/home/zhihao/hdd/marshal/benchmarks/cross-repo-pr-impact/results/single-case-pipeline-880278-880338-v2-2026-08-26/replay-work/formal-opendev-880278--target-880338/target-a2/.tox/py3/lib/python3.10/site-packages/oslo_utils/excutils.py", line 200, in force_reraise
    raise self.value
  File "/home/zhihao/hdd/marshal/benchmarks/cross-repo-pr-impact/results/single-case-pipeline-880278-880338-v2-2026-08-26/replay-work/formal-opendev-880278--target-880338/target-a2/neutron/api/v2/base.py", line 537, in do_create
    return obj_creator(request.context, **kwargs)
  File "/home/zhihao/hdd/marshal/benchmarks/cross-repo-pr-impact/results/single-case-pipeline-880278-880338-v2-2026-08-26/replay-work/formal-opendev-880278--target-880338/target-a2/neutron/services/metering/metering_plugin.py", line 77, in create_metering_label_rule
    MeteringPlugin.validate_metering_label_rule(metering_label_rule)
  File "/home/zhihao/hdd/marshal/benchmarks/cross-repo-pr-impact/results/single-case-pipeline-880278-880338-v2-2026-08-26/replay-work/formal-opendev-880278--target-880338/target-a2/neutron/services/metering/metering_plugin.py", line 108, in validate_metering_label_rule
    raise neutron_exc.Invalid(
neutron_lib.exceptions.Invalid: Cannot use 'remote-ip-prefix' in conjunction with 'source-ip-prefix' or 'destination-ip-prefix'.
create failed: No details.
Traceback (most recent call last):
  File "/home/zhihao/hdd/marshal/benchmarks/cross-repo-pr-impact/results/single-case-pipeline-880278-880338-v2-2026-08-26/replay-work/formal-opendev-880278--target-880338/target-a2/neutron/api/v2/resource.py", line 98, in resource
    result = method(request=request, **args)
  File "/home/zhihao/hdd/marshal/benchmarks/cross-repo-pr-impact/results/single-case-pipeline-880278-880338-v2-2026-08-26/replay-work/formal-opendev-880278--target-880338/target-a2/neutron/api/v2/base.py", line 438, in create
    return self._create(request, body, **kwargs)
  File "/home/zhihao/hdd/marshal/benchmarks/cross-repo-pr-impact/results/single-case-pipeline-880278-880338-v2-2026-08-26/replay-work/formal-opendev-880278--target-880338/target-a2/.tox/py3/lib/python3.10/site-packages/neutron_lib/db/api.py", line 140, in wrapped
    with excutils.save_and_reraise_exception():
  File "/home/zhihao/hdd/marshal/benchmarks/cross-repo-pr-impact/results/single-case-pipeline-880278-880338-v2-2026-08-26/replay-work/formal-opendev-880278--target-880338/target-a2/.tox/py3/lib/python3.10/site-packages/oslo_utils/excutils.py", line 227, in __exit__
    self.force_reraise()
  File "/home/zhihao/hdd/marshal/benchmarks/cross-repo-pr-impact/results/single-case-pipeline-880278-880338-v2-2026-08-26/replay-work/formal-opendev-880278--target-880338/target-a2/.tox/py3/lib/python3.10/site-packages/oslo_utils/excutils.py", line 200, in force_reraise
    raise self.value
  File "/home/zhihao/hdd/marshal/benchmarks/cross-repo-pr-impact/results/single-case-pipeline-880278-880338-v2-2026-08-26/replay-work/formal-opendev-880278--target-880338/target-a2/.tox/py3/lib/python3.10/site-packages/neutron_lib/db/api.py", line 138, in wrapped
    return f(*args, **kwargs)
  File "/home/zhihao/hdd/marshal/benchmarks/cross-repo-pr-impact/results/single-case-pipeline-880278-880338-v2-2026-08-26/replay-work/formal-opendev-880278--target-880338/target-a2/.tox/py3/lib/python3.10/site-packages/oslo_db/api.py", line 144, in wrapper
    with excutils.save_and_reraise_exception() as ectxt:
  File "/home/zhihao/hdd/marshal/benchmarks/cross-repo-pr-impact/results/single-case-pipeline-880278-880338-v2-2026-08-26/replay-work/formal-opendev-880278--target-880338/target-a2/.tox/py3/lib/python3.10/site-packages/oslo_utils/excutils.py", line 227, in __exit__
    self.force_reraise()
  File "/home/zhihao/hdd/marshal/benchmarks/cross-repo-pr-impact/results/single-case-pipeline-880278-880338-v2-2026-08-26/replay-work/formal-opendev-880278--target-880338/target-a2/.tox/py3/lib/python3.10/site-packages/oslo_utils/excutils.py", line 200, in force_reraise
    raise self.value
  File "/home/zhihao/hdd/marshal/benchmarks/cross-repo-pr-impact/results/single-case-pipeline-880278-880338-v2-2026-08-26/replay-work/formal-opendev-880278--target-880338/target-a2/.tox/py3/lib/python3.10/site-packages/oslo_db/api.py", line 142, in wrapper
    return f(*args, **kwargs)
  File "/home/zhihao/hdd/marshal/benchmarks/cross-repo-pr-impact/results/single-case-pipeline-880278-880338-v2-2026-08-26/replay-work/formal-opendev-880278--target-880338/target-a2/.tox/py3/lib/python3.10/site-packages/neutron_lib/db/api.py", line 186, in wrapped
    with excutils.save_and_reraise_exception():
  File "/home/zhihao/hdd/marshal/benchmarks/cross-repo-pr-impact/results/single-case-pipeline-880278-880338-v2-2026-08-26/replay-work/formal-opendev-880278--target-880338/target-a2/.tox/py3/lib/python3.10/site-packages/oslo_utils/excutils.py", line 227, in __exit__
    self.force_reraise()
  File "/home/zhihao/hdd/marshal/benchmarks/cross-repo-pr-impact/results/single-case-pipeline-880278-880338-v2-2026-08-26/replay-work/formal-opendev-880278--target-880338/target-a2/.tox/py3/lib/python3.10/site-packages/oslo_utils/excutils.py", line 200, in force_reraise
    raise self.value
  File "/home/zhihao/hdd/marshal/benchmarks/cross-repo-pr-impact/results/single-case-pipeline-880278-880338-v2-2026-08-26/replay-work/formal-opendev-880278--target-880338/target-a2/.tox/py3/lib/python3.10/site-packages/neutron_lib/db/api.py", line 184, in wrapped
    return f(*dup_args, **dup_kwargs)
  File "/home/zhihao/hdd/marshal/benchmarks/cross-repo-pr-impact/results/single-case-pipeline-880278-880338-v2-2026-08-26/replay-work/formal-opendev-880278--target-880338/target-a2/neutron/api/v2/base.py", line 563, in _create
    obj = do_create(body)
  File "/home/zhihao/hdd/marshal/benchmarks/cross-repo-pr-impact/results/single-case-pipeline-880278-880338-v2-2026-08-26/replay-work/formal-opendev-880278--target-880338/target-a2/neutron/api/v2/base.py", line 541, in do_create
    with excutils.save_and_reraise_exception():
  File "/home/zhihao/hdd/marshal/benchmarks/cross-repo-pr-impact/results/single-case-pipeline-880278-880338-v2-2026-08-26/replay-work/formal-opendev-880278--target-880338/target-a2/.tox/py3/lib/python3.10/site-packages/oslo_utils/excutils.py", line 227, in __exit__
    self.force_reraise()
  File "/home/zhihao/hdd/marshal/benchmarks/cross-repo-pr-impact/results/single-case-pipeline-880278-880338-v2-2026-08-26/replay-work/formal-opendev-880278--target-880338/target-a2/.tox/py3/lib/python3.10/site-packages/oslo_utils/excutils.py", line 200, in force_reraise
    raise self.value
  File "/home/zhihao/hdd/marshal/benchmarks/cross-repo-pr-impact/results/single-case-pipeline-880278-880338-v2-2026-08-26/replay-work/formal-opendev-880278--target-880338/target-a2/neutron/api/v2/base.py", line 537, in do_create
    return obj_creator(request.context, **kwargs)
  File "/home/zhihao/hdd/marshal/benchmarks/cross-repo-pr-impact/results/single-case-pipeline-880278-880338-v2-2026-08-26/replay-work/formal-opendev-880278--target-880338/target-a2/neutron/services/metering/metering_plugin.py", line 77, in create_metering_label_rule
    MeteringPlugin.validate_metering_label_rule(metering_label_rule)
  File "/home/zhihao/hdd/marshal/benchmarks/cross-repo-pr-impact/results/single-case-pipeline-880278-880338-v2-2026-08-26/replay-work/formal-opendev-880278--target-880338/target-a2/neutron/services/metering/metering_plugin.py", line 108, in validate_metering_label_rule
    raise neutron_exc.Invalid(
neutron_lib.exceptions.Invalid: Cannot use 'remote-ip-prefix' in conjunction with 'source-ip-prefix' or 'destination-ip-prefix'.
{1} neutron.tests.unit.services.metering.test_metering_plugin.TestMeteringPluginL3AgentScheduler.test_add_metering_label_rpc_call [0.727653s] ... ok
{13} neutron.tests.unit.services.metering.test_metering_plugin.TestMeteringPlugin.test_add_and_remove_metering_label_rule_dest_and_remote_ip [0.716180s] ... ok
{11} neutron.tests.unit.services.metering.test_metering_plugin.TestMeteringPlugin.test_add_metering_label_rpc_call [0.728404s] ... ok
{16} neutron.tests.unit.services.metering.test_metering_plugin.TestMeteringPlugin.test_add_and_remove_metering_label_rule_src_and_remote_ip [0.717666s] ... ok
{9} neutron.tests.unit.services.metering.test_metering_plugin.TestMeteringPluginL3AgentSchedulerServicePlugin.test_add_metering_label_rpc_call [0.729956s] ... ok
create failed: No details.
Traceback (most recent call last):
  File "/home/zhihao/hdd/marshal/benchmarks/cross-repo-pr-impact/results/single-case-pipeline-880278-880338-v2-2026-08-26/replay-work/formal-opendev-880278--target-880338/target-a2/neutron/api/v2/resource.py", line 98, in resource
    result = method(request=request, **args)
  File "/home/zhihao/hdd/marshal/benchmarks/cross-repo-pr-impact/results/single-case-pipeline-880278-880338-v2-2026-08-26/replay-work/formal-opendev-880278--target-880338/target-a2/neutron/api/v2/base.py", line 438, in create
    return self._create(request, body, **kwargs)
  File "/home/zhihao/hdd/marshal/benchmarks/cross-repo-pr-impact/results/single-case-pipeline-880278-880338-v2-2026-08-26/replay-work/formal-opendev-880278--target-880338/target-a2/.tox/py3/lib/python3.10/site-packages/neutron_lib/db/api.py", line 140, in wrapped
    with excutils.save_and_reraise_exception():
  File "/home/zhihao/hdd/marshal/benchmarks/cross-repo-pr-impact/results/single-case-pipeline-880278-880338-v2-2026-08-26/replay-work/formal-opendev-880278--target-880338/target-a2/.tox/py3/lib/python3.10/site-packages/oslo_utils/excutils.py", line 227, in __exit__
    self.force_reraise()
  File "/home/zhihao/hdd/marshal/benchmarks/cross-repo-pr-impact/results/single-case-pipeline-880278-880338-v2-2026-08-26/replay-work/formal-opendev-880278--target-880338/target-a2/.tox/py3/lib/python3.10/site-packages/oslo_utils/excutils.py", line 200, in force_reraise
    raise self.value
  File "/home/zhihao/hdd/marshal/benchmarks/cross-repo-pr-impact/results/single-case-pipeline-880278-880338-v2-2026-08-26/replay-work/formal-opendev-880278--target-880338/target-a2/.tox/py3/lib/python3.10/site-packages/neutron_lib/db/api.py", line 138, in wrapped
    return f(*args, **kwargs)
  File "/home/zhihao/hdd/marshal/benchmarks/cross-repo-pr-impact/results/single-case-pipeline-880278-880338-v2-2026-08-26/replay-work/formal-opendev-880278--target-880338/target-a2/.tox/py3/lib/python3.10/site-packages/oslo_db/api.py", line 144, in wrapper
    with excutils.save_and_reraise_exception() as ectxt:
  File "/home/zhihao/hdd/marshal/benchmarks/cross-repo-pr-impact/results/single-case-pipeline-880278-880338-v2-2026-08-26/replay-work/formal-opendev-880278--target-880338/target-a2/.tox/py3/lib/python3.10/site-packages/oslo_utils/excutils.py", line 227, in __exit__
    self.force_reraise()
  File "/home/zhihao/hdd/marshal/benchmarks/cross-repo-pr-impact/results/single-case-pipeline-880278-880338-v2-2026-08-26/replay-work/formal-opendev-880278--target-880338/target-a2/.tox/py3/lib/python3.10/site-packages/oslo_utils/excutils.py", line 200, in force_reraise
    raise self.value
  File "/home/zhihao/hdd/marshal/benchmarks/cross-repo-pr-impact/results/single-case-pipeline-880278-880338-v2-2026-08-26/replay-work/formal-opendev-880278--target-880338/target-a2/.tox/py3/lib/python3.10/site-packages/oslo_db/api.py", line 142, in wrapper
    return f(*args, **kwargs)
  File "/home/zhihao/hdd/marshal/benchmarks/cross-repo-pr-impact/results/single-case-pipeline-880278-880338-v2-2026-08-26/replay-work/formal-opendev-880278--target-880338/target-a2/.tox/py3/lib/python3.10/site-packages/neutron_lib/db/api.py", line 186, in wrapped
    with excutils.save_and_reraise_exception():
  File "/home/zhihao/hdd/marshal/benchmarks/cross-repo-pr-impact/results/single-case-pipeline-880278-880338-v2-2026-08-26/replay-work/formal-opendev-880278--target-880338/target-a2/.tox/py3/lib/python3.10/site-packages/oslo_utils/excutils.py", line 227, in __exit__
    self.force_reraise()
  File "/home/zhihao/hdd/marshal/benchmarks/cross-repo-pr-impact/results/single-case-pipeline-880278-880338-v2-2026-08-26/replay-work/formal-opendev-880278--target-880338/target-a2/.tox/py3/lib/python3.10/site-packages/oslo_utils/excutils.py", line 200, in force_reraise
    raise self.value
  File "/home/zhihao/hdd/marshal/benchmarks/cross-repo-pr-impact/results/single-case-pipeline-880278-880338-v2-2026-08-26/replay-work/formal-opendev-880278--target-880338/target-a2/.tox/py3/lib/python3.10/site-packages/neutron_lib/db/api.py", line 184, in wrapped
    return f(*dup_args, **dup_kwargs)
  File "/home/zhihao/hdd/marshal/benchmarks/cross-repo-pr-impact/results/single-case-pipeline-880278-880338-v2-2026-08-26/replay-work/formal-opendev-880278--target-880338/target-a2/neutron/api/v2/base.py", line 563, in _create
    obj = do_create(body)
  File "/home/zhihao/hdd/marshal/benchmarks/cross-repo-pr-impact/results/single-case-pipeline-880278-880338-v2-2026-08-26/replay-work/formal-opendev-880278--target-880338/target-a2/neutron/api/v2/base.py", line 541, in do_create
    with excutils.save_and_reraise_exception():
  File "/home/zhihao/hdd/marshal/benchmarks/cross-repo-pr-impact/results/single-case-pipeline-880278-880338-v2-2026-08-26/replay-work/formal-opendev-880278--target-880338/target-a2/.tox/py3/lib/python3.10/site-packages/oslo_utils/excutils.py", line 227, in __exit__
    self.force_reraise()
  File "/home/zhihao/hdd/marshal/benchmarks/cross-repo-pr-impact/results/single-case-pipeline-880278-880338-v2-2026-08-26/replay-work/formal-opendev-880278--target-880338/target-a2/.tox/py3/lib/python3.10/site-packages/oslo_utils/excutils.py", line 200, in force_reraise
    raise self.value
  File "/home/zhihao/hdd/marshal/benchmarks/cross-repo-pr-impact/results/single-case-pipeline-880278-880338-v2-2026-08-26/replay-work/formal-opendev-880278--target-880338/target-a2/neutron/api/v2/base.py", line 537, in do_create
    return obj_creator(request.context, **kwargs)
  File "/home/zhihao/hdd/marshal/benchmarks/cross-repo-pr-impact/results/single-case-pipeline-880278-880338-v2-2026-08-26/replay-work/formal-opendev-880278--target-880338/target-a2/neutron/services/metering/metering_plugin.py", line 77, in create_metering_label_rule
    MeteringPlugin.validate_metering_label_rule(metering_label_rule)
  File "/home/zhihao/hdd/marshal/benchmarks/cross-repo-pr-impact/results/single-case-pipeline-880278-880338-v2-2026-08-26/replay-work/formal-opendev-880278--target-880338/target-a2/neutron/services/metering/metering_plugin.py", line 118, in validate_metering_label_rule
    raise neutron_exc.Invalid(
neutron_lib.exceptions.Invalid: You must define at least one of the following parameters 'remote_ip_prefix', or 'source_ip_prefix' or 'destination_ip_prefix'.
{3} neutron.tests.unit.services.metering.test_metering_plugin.TestMeteringPluginRpcFromL3Agent.test_get_sync_data_metering_not_shared [0.877261s] ... ok
{14} neutron.tests.unit.services.metering.test_metering_plugin.TestMeteringPluginRpcFromL3Agent.test_get_sync_data_metering_shared [0.836582s] ... ok
{6} neutron.tests.unit.services.metering.test_metering_plugin.TestMeteringPlugin.test_add_and_remove_metering_label_rule_no_ip_prefix_entered [0.725335s] ... ok
{8} neutron.tests.unit.services.metering.test_metering_plugin.TestMeteringPlugin.test_add_and_remove_metering_label_rule_src_and_dest_ip_only [0.879556s] ... ok
{4} neutron.tests.unit.services.metering.test_metering_plugin.TestMeteringPlugin.test_add_and_remove_metering_label_rule_dest_ip_only [0.881773s] ... ok
{10} neutron.tests.unit.services.metering.test_metering_plugin.TestMeteringPlugin.test_add_and_remove_metering_label_rule_source_ip_only [0.887003s] ... ok
{15} neutron.tests.unit.services.metering.test_metering_plugin.TestMeteringPlugin.test_add_and_remove_metering_label_rule_rpc_call [0.965553s] ... ok
{19} neutron.tests.unit.services.metering.test_metering_plugin.TestMeteringPlugin.test_delete_metering_label_does_not_clear_router_tenant_id [0.952103s] ... ok
{18} neutron.tests.unit.services.metering.test_metering_plugin.TestMeteringPlugin.test_remove_metering_label_rpc_call [0.897368s] ... ok
{7} neutron.tests.unit.services.metering.test_metering_plugin.TestMeteringPlugin.test_remove_one_metering_label_rpc_call [0.992409s] ... ok
{5} neutron.tests.unit.services.metering.test_metering_plugin.TestMeteringPluginRpcFromL3Agent.test_get_sync_data_metering_with_unscheduled_router [2.317887s] ... ok
{12} neutron.tests.unit.services.metering.test_metering_plugin.TestMeteringPluginRpcFromL3Agent.test_get_sync_data_metering [2.364359s] ... ok
{2} neutron.tests.unit.services.metering.test_metering_plugin.TestMeteringPluginRpcFromL3Agent.test_get_sync_data_metering_with_inactive_router [3.069057s] ... ok

======
Totals
======
Ran: 20 tests in 3.2674 sec.
 - Passed: 20
 - Skipped: 0
 - Expected Fail: 0
 - Unexpected Success: 0
 - Failed: 0
Sum of execute time for each test: 21.2739 sec.

==============
Worker Balance
==============
 - Worker 0 (1 tests) => 0:00:00.764435
 - Worker 1 (1 tests) => 0:00:00.727653
 - Worker 2 (1 tests) => 0:00:03.069057
 - Worker 3 (1 tests) => 0:00:00.877261
 - Worker 4 (1 tests) => 0:00:00.881773
 - Worker 5 (1 tests) => 0:00:02.317887
 - Worker 6 (1 tests) => 0:00:00.725335
 - Worker 7 (1 tests) => 0:00:00.992409
 - Worker 8 (1 tests) => 0:00:00.879556
 - Worker 9 (1 tests) => 0:00:00.729956
 - Worker 10 (1 tests) => 0:00:00.887003
 - Worker 11 (1 tests) => 0:00:00.728404
 - Worker 12 (1 tests) => 0:00:02.364359
 - Worker 13 (1 tests) => 0:00:00.716180
 - Worker 14 (1 tests) => 0:00:00.836582
 - Worker 15 (1 tests) => 0:00:00.965553
 - Worker 16 (1 tests) => 0:00:00.717666
 - Worker 17 (1 tests) => 0:00:00.243372
 - Worker 18 (1 tests) => 0:00:00.897368
 - Worker 19 (1 tests) => 0:00:00.952103
