[INFO] Scanning for projects...
[INFO] 
[INFO] --------< com.github.splunk.kafka.connect:splunk-kafka-connect >--------
[INFO] Building splunk-kafka-connect v2.0.7
[INFO]   from pom.xml
[INFO] --------------------------------[ jar ]---------------------------------
[INFO] 
[INFO] --- checkstyle:2.17:check (validate) @ splunk-kafka-connect ---
[INFO] 
[INFO] --- jacoco:0.8.6:prepare-agent (pre-unit-test) @ splunk-kafka-connect ---
[INFO] surefireArgLine set to -javaagent:/home/zhihao/.m2/repository/org/jacoco/org.jacoco.agent/0.8.6/org.jacoco.agent-0.8.6-runtime.jar=destfile=/tmp/jackson-coverage/splunk-fixed-before/target/coverage-reports/jacoco-ut.exec,excludes=**/*com/splunk/hecclient/examples/**/*
[INFO] 
[INFO] --- resources:3.3.1:resources (default-resources) @ splunk-kafka-connect ---
[INFO] Copying 1 resource from src/main/resources to target/classes
[INFO] 
[INFO] --- compiler:3.7.0:compile (default-compile) @ splunk-kafka-connect ---
[INFO] Changes detected - recompiling the module!
[INFO] Compiling 38 source files to /tmp/jackson-coverage/splunk-fixed-before/target/classes
[WARNING] bootstrap class path not set in conjunction with -source 8
[WARNING] No processor claimed any of these annotations: com.fasterxml.jackson.annotation.JsonIgnore,com.fasterxml.jackson.annotation.JsonInclude,com.fasterxml.jackson.databind.annotation.JsonSerialize,com.fasterxml.jackson.annotation.JsonIgnoreProperties
[WARNING] /tmp/jackson-coverage/splunk-fixed-before/src/main/java/com/splunk/hecclient/DoubleSerializer.java:[29,64] ROUND_HALF_UP in java.math.BigDecimal has been deprecated
[WARNING] /tmp/jackson-coverage/splunk-fixed-before/src/main/java/com/splunk/hecclient/DoubleSerializer.java:[29,41] setScale(int,int) in java.math.BigDecimal has been deprecated
[INFO] 
[INFO] --- resources:3.3.1:testResources (default-testResources) @ splunk-kafka-connect ---
[INFO] Copying 3 resources from src/test/resources to target/test-classes
[INFO] 
[INFO] --- compiler:3.7.0:testCompile (default-testCompile) @ splunk-kafka-connect ---
[INFO] Changes detected - recompiling the module!
[INFO] Compiling 35 source files to /tmp/jackson-coverage/splunk-fixed-before/target/test-classes
[WARNING] bootstrap class path not set in conjunction with -source 8
[WARNING] No processor claimed any of these annotations: org.junit.jupiter.api.Test,org.junit.Test,com.fasterxml.jackson.databind.annotation.JsonSerialize
[WARNING] /tmp/jackson-coverage/splunk-fixed-before/src/test/java/com/splunk/hecclient/JsonEventTest.java:[175,29] Double(double) in java.lang.Double has been deprecated
[WARNING] /tmp/jackson-coverage/splunk-fixed-before/src/test/java/com/splunk/hecclient/HecAckPollResponseTest.java:[35,48] Long(long) in java.lang.Long has been deprecated
[INFO] 
[INFO] --- surefire:2.22.2:test (default-test) @ splunk-kafka-connect ---
[INFO] 
[INFO] -------------------------------------------------------
[INFO]  T E S T S
[INFO] -------------------------------------------------------
[INFO] Running com.splunk.kafka.connect.SplunkSinkRecordTest
[main] INFO com.splunk.kafka.connect.SplunkSinkConnectorConfig - SplunkSinkConnectorConfig values: 
	splunk.flush.window = 30
	splunk.header.custom = 
	splunk.header.host = splunk.header.host
	splunk.header.index = splunk.header.index
	splunk.header.source = splunk.header.source
	splunk.header.sourcetype = splunk.header.sourcetype
	splunk.header.support = false
	splunk.hec.ack.enabled = false
	splunk.hec.ack.poll.interval = 1
	splunk.hec.ack.poll.threads = 1
	splunk.hec.backoff.threshhold.seconds = 60
	splunk.hec.enable.compression = false
	splunk.hec.event.timeout = 1
	splunk.hec.http.keepalive = true
	splunk.hec.json.event.enrichment = hello=world
	splunk.hec.json.event.formatted = false
	splunk.hec.lb.poll.interval = 120
	splunk.hec.max.batch.size = 1
	splunk.hec.max.http.connection.per.channel = 1
	splunk.hec.max.outstanding.events = 1000000
	splunk.hec.max.retries = -1
	splunk.hec.raw = true
	splunk.hec.raw.line.breaker = null
	splunk.hec.socket.timeout = 1
	splunk.hec.ssl.trust.store.password = [hidden]
	splunk.hec.ssl.trust.store.path = 
	splunk.hec.ssl.validate.certs = false
	splunk.hec.threads = 1
	splunk.hec.token = [hidden]
	splunk.hec.total.channels = 1
	splunk.hec.track.data = false
	splunk.hec.uri = https://dummy:8088
	splunk.hec.use.record.timestamp = true
	splunk.indexes = index-1
	splunk.sources = kafka-connect
	splunk.sourcetypes = kafka-data

ConnectHeaders(headers=[ConnectHeader(key=splunk.header.index, value=splunk.header.index, schema=Schema{STRING}), ConnectHeader(key=splunk.header.host, value=splunk.header.host, schema=Schema{STRING}), ConnectHeader(key=splunk.header.source, value=splunk.header.source, schema=Schema{STRING}), ConnectHeader(key=splunk.header.sourcetype, value=splunk.header.sourcetype, schema=Schema{STRING})])
[main] INFO com.splunk.kafka.connect.SplunkSinkConnectorConfig - SplunkSinkConnectorConfig values: 
	splunk.flush.window = 30
	splunk.header.custom = 
	splunk.header.host = splunk.header.host
	splunk.header.index = splunk.header.index
	splunk.header.source = splunk.header.source
	splunk.header.sourcetype = splunk.header.sourcetype
	splunk.header.support = false
	splunk.hec.ack.enabled = false
	splunk.hec.ack.poll.interval = 1
	splunk.hec.ack.poll.threads = 1
	splunk.hec.backoff.threshhold.seconds = 60
	splunk.hec.enable.compression = false
	splunk.hec.event.timeout = 1
	splunk.hec.http.keepalive = true
	splunk.hec.json.event.enrichment = hello=world
	splunk.hec.json.event.formatted = false
	splunk.hec.lb.poll.interval = 120
	splunk.hec.max.batch.size = 1
	splunk.hec.max.http.connection.per.channel = 1
	splunk.hec.max.outstanding.events = 1000000
	splunk.hec.max.retries = -1
	splunk.hec.raw = true
	splunk.hec.raw.line.breaker = null
	splunk.hec.socket.timeout = 1
	splunk.hec.ssl.trust.store.password = [hidden]
	splunk.hec.ssl.trust.store.path = 
	splunk.hec.ssl.validate.certs = false
	splunk.hec.threads = 1
	splunk.hec.token = [hidden]
	splunk.hec.total.channels = 1
	splunk.hec.track.data = false
	splunk.hec.uri = https://dummy:8088
	splunk.hec.use.record.timestamp = true
	splunk.indexes = index-1
	splunk.sources = kafka-connect
	splunk.sourcetypes = kafka-data

[INFO] Tests run: 2, Failures: 0, Errors: 0, Skipped: 0, Time elapsed: 0.051 s - in com.splunk.kafka.connect.SplunkSinkRecordTest
[INFO] Running com.splunk.kafka.connect.SplunkSinkConnecterTest
[main] INFO com.splunk.kafka.connect.SplunkSinkConnector - kafka-connect-splunk starts
[main] INFO com.splunk.kafka.connect.SplunkSinkConnector - kafka-connect-splunk discovered 10 tasks
[main] INFO com.splunk.kafka.connect.SplunkSinkConnector - kafka-connect-splunk stops
[INFO] Tests run: 3, Failures: 0, Errors: 0, Skipped: 0, Time elapsed: 0.001 s - in com.splunk.kafka.connect.SplunkSinkConnecterTest
[INFO] Running HecAckPollResponseTest
[INFO] Tests run: 2, Failures: 0, Errors: 0, Skipped: 0, Time elapsed: 0.469 s - in HecAckPollResponseTest
[INFO] Running IndexerTest
[main] ERROR com.splunk.hecclient.Indexer - failed to post events resp={"text":"Server busy","code":1}, status=503
[main] WARN com.splunk.hecclient.Indexer - Still in Backpressure window 9:60000
[main] WARN com.splunk.hecclient.Indexer - Still in Backpressure window 5009:10000
[main] INFO com.splunk.hecclient.Indexer - Clearing Backpressure
[main] ERROR com.splunk.hecclient.Indexer - failed to post events resp={"text":"Server busy","code":1}, status=503
[main] WARN com.splunk.hecclient.Indexer - Still in Backpressure window 1:60000
[main] INFO com.splunk.hecclient.Indexer - Clearing Backpressure
[main] ERROR com.splunk.hecclient.Indexer - encountered io exception
java.io.IOException: mocked up
	at com.splunk.hecclient.CloseableHttpClientMock.doExecute(CloseableHttpClientMock.java:43)
	at org.apache.http.impl.client.CloseableHttpClient.execute(CloseableHttpClient.java:83)
	at com.splunk.hecclient.Indexer.executeHttpRequest(Indexer.java:151)
	at com.splunk.hecclient.Indexer.send(Indexer.java:131)
	at com.splunk.hecclient.IndexerTest.assertFailure(IndexerTest.java:189)
	at com.splunk.hecclient.IndexerTest.sendWithIOError(IndexerTest.java:165)
	at java.base/jdk.internal.reflect.NativeMethodAccessorImpl.invoke0(Native Method)
	at java.base/jdk.internal.reflect.NativeMethodAccessorImpl.invoke(NativeMethodAccessorImpl.java:62)
	at java.base/jdk.internal.reflect.DelegatingMethodAccessorImpl.invoke(DelegatingMethodAccessorImpl.java:43)
	at java.base/java.lang.reflect.Method.invoke(Method.java:566)
	at org.junit.runners.model.FrameworkMethod$1.runReflectiveCall(FrameworkMethod.java:59)
	at org.junit.internal.runners.model.ReflectiveCallable.run(ReflectiveCallable.java:12)
	at org.junit.runners.model.FrameworkMethod.invokeExplosively(FrameworkMethod.java:56)
	at org.junit.internal.runners.statements.InvokeMethod.evaluate(InvokeMethod.java:17)
	at org.junit.runners.ParentRunner$3.evaluate(ParentRunner.java:306)
	at org.junit.runners.BlockJUnit4ClassRunner$1.evaluate(BlockJUnit4ClassRunner.java:100)
	at org.junit.runners.ParentRunner.runLeaf(ParentRunner.java:366)
	at org.junit.runners.BlockJUnit4ClassRunner.runChild(BlockJUnit4ClassRunner.java:103)
	at org.junit.runners.BlockJUnit4ClassRunner.runChild(BlockJUnit4ClassRunner.java:63)
	at org.junit.runners.ParentRunner$4.run(ParentRunner.java:331)
	at org.junit.runners.ParentRunner$1.schedule(ParentRunner.java:79)
	at org.junit.runners.ParentRunner.runChildren(ParentRunner.java:329)
	at org.junit.runners.ParentRunner.access$100(ParentRunner.java:66)
	at org.junit.runners.ParentRunner$2.evaluate(ParentRunner.java:293)
	at org.junit.runners.ParentRunner$3.evaluate(ParentRunner.java:306)
	at org.junit.runners.ParentRunner.run(ParentRunner.java:413)
	at org.junit.runner.JUnitCore.run(JUnitCore.java:137)
	at org.junit.runner.JUnitCore.run(JUnitCore.java:115)
	at org.junit.vintage.engine.execution.RunnerExecutor.execute(RunnerExecutor.java:39)
	at java.base/java.util.stream.ForEachOps$ForEachOp$OfRef.accept(ForEachOps.java:183)
	at java.base/java.util.stream.ReferencePipeline$3$1.accept(ReferencePipeline.java:195)
	at java.base/java.util.Iterator.forEachRemaining(Iterator.java:133)
	at java.base/java.util.Spliterators$IteratorSpliterator.forEachRemaining(Spliterators.java:1801)
	at java.base/java.util.stream.AbstractPipeline.copyInto(AbstractPipeline.java:484)
	at java.base/java.util.stream.AbstractPipeline.wrapAndCopyInto(AbstractPipeline.java:474)
	at java.base/java.util.stream.ForEachOps$ForEachOp.evaluateSequential(ForEachOps.java:150)
	at java.base/java.util.stream.ForEachOps$ForEachOp$OfRef.evaluateSequential(ForEachOps.java:173)
	at java.base/java.util.stream.AbstractPipeline.evaluate(AbstractPipeline.java:234)
	at java.base/java.util.stream.ReferencePipeline.forEach(ReferencePipeline.java:497)
	at org.junit.vintage.engine.VintageTestEngine.executeAllChildren(VintageTestEngine.java:79)
	at org.junit.vintage.engine.VintageTestEngine.execute(VintageTestEngine.java:70)
	at org.junit.platform.launcher.core.DefaultLauncher.execute(DefaultLauncher.java:220)
	at org.junit.platform.launcher.core.DefaultLauncher.lambda$execute$6(DefaultLauncher.java:188)
	at org.junit.platform.launcher.core.DefaultLauncher.withInterceptedStreams(DefaultLauncher.java:202)
	at org.junit.platform.launcher.core.DefaultLauncher.execute(DefaultLauncher.java:181)
	at org.junit.platform.launcher.core.DefaultLauncher.execute(DefaultLauncher.java:128)
	at org.apache.maven.surefire.junitplatform.JUnitPlatformProvider.invokeAllTests(JUnitPlatformProvider.java:150)
	at org.apache.maven.surefire.junitplatform.JUnitPlatformProvider.invoke(JUnitPlatformProvider.java:124)
	at org.apache.maven.surefire.booter.ForkedBooter.invokeProviderInSameClassLoader(ForkedBooter.java:384)
	at org.apache.maven.surefire.booter.ForkedBooter.runSuitesInProcess(ForkedBooter.java:345)
	at org.apache.maven.surefire.booter.ForkedBooter.execute(ForkedBooter.java:126)
	at org.apache.maven.surefire.booter.ForkedBooter.main(ForkedBooter.java:418)
[main] ERROR com.splunk.hecclient.Indexer - failed to process http response
java.io.IOException: mocked up
	at com.splunk.hecclient.HttpEntityMock.getContent(HttpEntityMock.java:54)
	at org.apache.http.util.EntityUtils.toString(EntityUtils.java:201)
	at org.apache.http.util.EntityUtils.toString(EntityUtils.java:270)
	at org.apache.http.util.EntityUtils.toString(EntityUtils.java:290)
	at com.splunk.hecclient.Indexer.readAndCloseResponse(Indexer.java:165)
	at com.splunk.hecclient.Indexer.executeHttpRequest(Indexer.java:158)
	at com.splunk.hecclient.Indexer.send(Indexer.java:131)
	at com.splunk.hecclient.IndexerTest.assertFailure(IndexerTest.java:189)
	at com.splunk.hecclient.IndexerTest.sendWithReadError(IndexerTest.java:181)
	at java.base/jdk.internal.reflect.NativeMethodAccessorImpl.invoke0(Native Method)
	at java.base/jdk.internal.reflect.NativeMethodAccessorImpl.invoke(NativeMethodAccessorImpl.java:62)
	at java.base/jdk.internal.reflect.DelegatingMethodAccessorImpl.invoke(DelegatingMethodAccessorImpl.java:43)
	at java.base/java.lang.reflect.Method.invoke(Method.java:566)
	at org.junit.runners.model.FrameworkMethod$1.runReflectiveCall(FrameworkMethod.java:59)
	at org.junit.internal.runners.model.ReflectiveCallable.run(ReflectiveCallable.java:12)
	at org.junit.runners.model.FrameworkMethod.invokeExplosively(FrameworkMethod.java:56)
	at org.junit.internal.runners.statements.InvokeMethod.evaluate(InvokeMethod.java:17)
	at org.junit.runners.ParentRunner$3.evaluate(ParentRunner.java:306)
	at org.junit.runners.BlockJUnit4ClassRunner$1.evaluate(BlockJUnit4ClassRunner.java:100)
	at org.junit.runners.ParentRunner.runLeaf(ParentRunner.java:366)
	at org.junit.runners.BlockJUnit4ClassRunner.runChild(BlockJUnit4ClassRunner.java:103)
	at org.junit.runners.BlockJUnit4ClassRunner.runChild(BlockJUnit4ClassRunner.java:63)
	at org.junit.runners.ParentRunner$4.run(ParentRunner.java:331)
	at org.junit.runners.ParentRunner$1.schedule(ParentRunner.java:79)
	at org.junit.runners.ParentRunner.runChildren(ParentRunner.java:329)
	at org.junit.runners.ParentRunner.access$100(ParentRunner.java:66)
	at org.junit.runners.ParentRunner$2.evaluate(ParentRunner.java:293)
	at org.junit.runners.ParentRunner$3.evaluate(ParentRunner.java:306)
	at org.junit.runners.ParentRunner.run(ParentRunner.java:413)
	at org.junit.runner.JUnitCore.run(JUnitCore.java:137)
	at org.junit.runner.JUnitCore.run(JUnitCore.java:115)
	at org.junit.vintage.engine.execution.RunnerExecutor.execute(RunnerExecutor.java:39)
	at java.base/java.util.stream.ForEachOps$ForEachOp$OfRef.accept(ForEachOps.java:183)
	at java.base/java.util.stream.ReferencePipeline$3$1.accept(ReferencePipeline.java:195)
	at java.base/java.util.Iterator.forEachRemaining(Iterator.java:133)
	at java.base/java.util.Spliterators$IteratorSpliterator.forEachRemaining(Spliterators.java:1801)
	at java.base/java.util.stream.AbstractPipeline.copyInto(AbstractPipeline.java:484)
	at java.base/java.util.stream.AbstractPipeline.wrapAndCopyInto(AbstractPipeline.java:474)
	at java.base/java.util.stream.ForEachOps$ForEachOp.evaluateSequential(ForEachOps.java:150)
	at java.base/java.util.stream.ForEachOps$ForEachOp$OfRef.evaluateSequential(ForEachOps.java:173)
	at java.base/java.util.stream.AbstractPipeline.evaluate(AbstractPipeline.java:234)
	at java.base/java.util.stream.ReferencePipeline.forEach(ReferencePipeline.java:497)
	at org.junit.vintage.engine.VintageTestEngine.executeAllChildren(VintageTestEngine.java:79)
	at org.junit.vintage.engine.VintageTestEngine.execute(VintageTestEngine.java:70)
	at org.junit.platform.launcher.core.DefaultLauncher.execute(DefaultLauncher.java:220)
	at org.junit.platform.launcher.core.DefaultLauncher.lambda$execute$6(DefaultLauncher.java:188)
	at org.junit.platform.launcher.core.DefaultLauncher.withInterceptedStreams(DefaultLauncher.java:202)
	at org.junit.platform.launcher.core.DefaultLauncher.execute(DefaultLauncher.java:181)
	at org.junit.platform.launcher.core.DefaultLauncher.execute(DefaultLauncher.java:128)
	at org.apache.maven.surefire.junitplatform.JUnitPlatformProvider.invokeAllTests(JUnitPlatformProvider.java:150)
	at org.apache.maven.surefire.junitplatform.JUnitPlatformProvider.invoke(JUnitPlatformProvider.java:124)
	at org.apache.maven.surefire.booter.ForkedBooter.invokeProviderInSameClassLoader(ForkedBooter.java:384)
	at org.apache.maven.surefire.booter.ForkedBooter.runSuitesInProcess(ForkedBooter.java:345)
	at org.apache.maven.surefire.booter.ForkedBooter.execute(ForkedBooter.java:126)
	at org.apache.maven.surefire.booter.ForkedBooter.main(ForkedBooter.java:418)
[INFO] Tests run: 12, Failures: 0, Errors: 0, Skipped: 0, Time elapsed: 13.619 s - in IndexerTest
[INFO] Running ConcurrentHecTest
[Concurrent-HEC-worker] INFO com.splunk.hecclient.HecAckPoller - HecAckPoller stopped with 0 outstanding un-ACKed events
[Concurrent-HEC-worker] INFO com.splunk.hecclient.LoadBalancer - LoadBalancer stopped
[Concurrent-HEC-worker] ERROR com.splunk.hecclient.ConcurrentHec - sending batch to splunk encountered error
com.splunk.hecclient.HecException: mocked up
	at com.splunk.hecclient.LoadBalancerMock.send(LoadBalancerMock.java:36)
	at com.splunk.hecclient.Hec.send(Hec.java:234)
	at com.splunk.hecclient.ConcurrentHec.send(ConcurrentHec.java:97)
	at com.splunk.hecclient.ConcurrentHec.run(ConcurrentHec.java:89)
	at com.splunk.hecclient.ConcurrentHec.lambda$new$1(ConcurrentHec.java:51)
	at java.base/java.util.concurrent.Executors$RunnableAdapter.call(Executors.java:515)
	at java.base/java.util.concurrent.FutureTask.run(FutureTask.java:264)
	at java.base/java.util.concurrent.ThreadPoolExecutor.runWorker(ThreadPoolExecutor.java:1128)
	at java.base/java.util.concurrent.ThreadPoolExecutor$Worker.run(ThreadPoolExecutor.java:628)
	at java.base/java.lang.Thread.run(Thread.java:829)
[INFO] Tests run: 3, Failures: 0, Errors: 0, Skipped: 0, Time elapsed: 0.321 s - in ConcurrentHecTest
[INFO] Running HecTest
[INFO] Tests run: 4, Failures: 0, Errors: 0, Skipped: 0, Time elapsed: 0.045 s - in HecTest
[INFO] Running RawEventBatchTest
[INFO] Tests run: 8, Failures: 0, Errors: 0, Skipped: 0, Time elapsed: 0.048 s - in RawEventBatchTest
[INFO] Running RawEventTest
[INFO] Tests run: 11, Failures: 0, Errors: 0, Skipped: 0, Time elapsed: 0.033 s - in RawEventTest
[INFO] Running HecConfigTest
[INFO] Tests run: 1, Failures: 0, Errors: 0, Skipped: 0, Time elapsed: 0 s - in HecConfigTest
[INFO] Running HttpClientBuilderTest
[INFO] Tests run: 4, Failures: 0, Errors: 0, Skipped: 0, Time elapsed: 0.006 s - in HttpClientBuilderTest
[INFO] Running HecChannelTest
[INFO] Tests run: 5, Failures: 0, Errors: 0, Skipped: 0, Time elapsed: 0.003 s - in HecChannelTest
[INFO] Running LoadBalancerTest
[INFO] Tests run: 8, Failures: 0, Errors: 0, Skipped: 0, Time elapsed: 0.009 s - in LoadBalancerTest
[INFO] Running HecAckPollerTest
[main] INFO com.splunk.hecclient.HecAckPoller - HecAckPoller stopped with 0 outstanding un-ACKed events
[pool-4-thread-1] INFO com.splunk.hecclient.LoadBalancer - healthcheck failed for https://dummyhost:8088 indexer, removing this indexer and its channels from the loadbalancer
[pool-3-thread-1] INFO com.splunk.hecclient.LoadBalancer - healthcheck failed for https://dummyhost:8088 indexer, removing this indexer and its channels from the loadbalancer
[pool-2-thread-1] INFO com.splunk.hecclient.LoadBalancer - healthcheck failed for https://dummyhost:8088 indexer, removing this indexer and its channels from the loadbalancer
[pool-5-thread-1] INFO com.splunk.hecclient.LoadBalancer - healthcheck failed for https://dummyhost:8088 indexer, removing this indexer and its channels from the loadbalancer
[pool-3-thread-1] ERROR com.splunk.hecclient.LoadBalancer - encountered exception when checking health of indexer dummyhost, this means indexer and its channels are removed from the loadbalancer
[pool-2-thread-1] ERROR com.splunk.hecclient.LoadBalancer - encountered exception when checking health of indexer dummyhost, this means indexer and its channels are removed from the loadbalancer
[pool-4-thread-1] ERROR com.splunk.hecclient.LoadBalancer - encountered exception when checking health of indexer dummyhost: Name or service not known, this means indexer and its channels are removed from the loadbalancer
[pool-5-thread-1] ERROR com.splunk.hecclient.LoadBalancer - encountered exception when checking health of indexer dummyhost, this means indexer and its channels are removed from the loadbalancer
[pool-3-thread-1] ERROR com.splunk.hecclient.LoadBalancer - encountered exception when checking health of indexer dummyhost, this means indexer and its channels are removed from the loadbalancer
[pool-4-thread-1] ERROR com.splunk.hecclient.LoadBalancer - encountered exception when checking health of indexer dummyhost, this means indexer and its channels are removed from the loadbalancer
[pool-2-thread-1] ERROR com.splunk.hecclient.LoadBalancer - encountered exception when checking health of indexer dummyhost, this means indexer and its channels are removed from the loadbalancer
[pool-5-thread-1] ERROR com.splunk.hecclient.LoadBalancer - encountered exception when checking health of indexer dummyhost, this means indexer and its channels are removed from the loadbalancer
[pool-3-thread-1] ERROR com.splunk.hecclient.LoadBalancer - encountered exception when checking health of indexer dummyhost, this means indexer and its channels are removed from the loadbalancer
[pool-4-thread-1] ERROR com.splunk.hecclient.LoadBalancer - encountered exception when checking health of indexer dummyhost, this means indexer and its channels are removed from the loadbalancer
[pool-5-thread-1] ERROR com.splunk.hecclient.LoadBalancer - encountered exception when checking health of indexer dummyhost, this means indexer and its channels are removed from the loadbalancer
[pool-2-thread-1] ERROR com.splunk.hecclient.LoadBalancer - encountered exception when checking health of indexer dummyhost, this means indexer and its channels are removed from the loadbalancer
[pool-3-thread-1] ERROR com.splunk.hecclient.LoadBalancer - encountered exception when checking health of indexer dummyhost, this means indexer and its channels are removed from the loadbalancer
[pool-4-thread-1] ERROR com.splunk.hecclient.LoadBalancer - encountered exception when checking health of indexer dummyhost, this means indexer and its channels are removed from the loadbalancer
[pool-5-thread-1] ERROR com.splunk.hecclient.LoadBalancer - encountered exception when checking health of indexer dummyhost, this means indexer and its channels are removed from the loadbalancer
[pool-2-thread-1] ERROR com.splunk.hecclient.LoadBalancer - encountered exception when checking health of indexer dummyhost, this means indexer and its channels are removed from the loadbalancer
[pool-3-thread-1] ERROR com.splunk.hecclient.LoadBalancer - encountered exception when checking health of indexer dummyhost, this means indexer and its channels are removed from the loadbalancer
[pool-4-thread-1] ERROR com.splunk.hecclient.LoadBalancer - encountered exception when checking health of indexer dummyhost, this means indexer and its channels are removed from the loadbalancer
[pool-5-thread-1] ERROR com.splunk.hecclient.LoadBalancer - encountered exception when checking health of indexer dummyhost, this means indexer and its channels are removed from the loadbalancer
[pool-2-thread-1] ERROR com.splunk.hecclient.LoadBalancer - encountered exception when checking health of indexer dummyhost, this means indexer and its channels are removed from the loadbalancer
[pool-4-thread-1] ERROR com.splunk.hecclient.LoadBalancer - encountered exception when checking health of indexer dummyhost, this means indexer and its channels are removed from the loadbalancer
[pool-3-thread-1] ERROR com.splunk.hecclient.LoadBalancer - encountered exception when checking health of indexer dummyhost, this means indexer and its channels are removed from the loadbalancer
[pool-2-thread-1] ERROR com.splunk.hecclient.LoadBalancer - encountered exception when checking health of indexer dummyhost, this means indexer and its channels are removed from the loadbalancer
[pool-5-thread-1] ERROR com.splunk.hecclient.LoadBalancer - encountered exception when checking health of indexer dummyhost, this means indexer and its channels are removed from the loadbalancer
[pool-5-thread-1] ERROR com.splunk.hecclient.LoadBalancer - encountered exception when checking health of indexer dummyhost, this means indexer and its channels are removed from the loadbalancer
[pool-2-thread-1] ERROR com.splunk.hecclient.LoadBalancer - encountered exception when checking health of indexer dummyhost, this means indexer and its channels are removed from the loadbalancer
[pool-4-thread-1] ERROR com.splunk.hecclient.LoadBalancer - encountered exception when checking health of indexer dummyhost, this means indexer and its channels are removed from the loadbalancer
[pool-3-thread-1] ERROR com.splunk.hecclient.LoadBalancer - encountered exception when checking health of indexer dummyhost, this means indexer and its channels are removed from the loadbalancer
[Concurrent-HEC-worker] INFO com.splunk.hecclient.HecAckPoller - HecAckPoller stopped with 0 outstanding un-ACKed events
[Concurrent-HEC-worker] INFO com.splunk.hecclient.HecAckPoller - HecAckPoller stopped with 0 outstanding un-ACKed events
[pool-2-thread-1] ERROR com.splunk.hecclient.LoadBalancer - encountered exception when checking health of indexer dummyhost, this means indexer and its channels are removed from the loadbalancer
[pool-4-thread-1] ERROR com.splunk.hecclient.LoadBalancer - encountered exception when checking health of indexer dummyhost, this means indexer and its channels are removed from the loadbalancer
[pool-3-thread-1] ERROR com.splunk.hecclient.LoadBalancer - encountered exception when checking health of indexer dummyhost, this means indexer and its channels are removed from the loadbalancer
[pool-5-thread-1] ERROR com.splunk.hecclient.LoadBalancer - encountered exception when checking health of indexer dummyhost, this means indexer and its channels are removed from the loadbalancer
[pool-4-thread-1] ERROR com.splunk.hecclient.LoadBalancer - encountered exception when checking health of indexer dummyhost, this means indexer and its channels are removed from the loadbalancer
[pool-5-thread-1] ERROR com.splunk.hecclient.LoadBalancer - encountered exception when checking health of indexer dummyhost, this means indexer and its channels are removed from the loadbalancer
[pool-3-thread-1] ERROR com.splunk.hecclient.LoadBalancer - encountered exception when checking health of indexer dummyhost, this means indexer and its channels are removed from the loadbalancer
[pool-2-thread-1] ERROR com.splunk.hecclient.LoadBalancer - encountered exception when checking health of indexer dummyhost, this means indexer and its channels are removed from the loadbalancer
[pool-2-thread-1] ERROR com.splunk.hecclient.LoadBalancer - encountered exception when checking health of indexer dummyhost, this means indexer and its channels are removed from the loadbalancer
[pool-5-thread-1] ERROR com.splunk.hecclient.LoadBalancer - encountered exception when checking health of indexer dummyhost, this means indexer and its channels are removed from the loadbalancer
[pool-4-thread-1] ERROR com.splunk.hecclient.LoadBalancer - encountered exception when checking health of indexer dummyhost, this means indexer and its channels are removed from the loadbalancer
[pool-3-thread-1] ERROR com.splunk.hecclient.LoadBalancer - encountered exception when checking health of indexer dummyhost, this means indexer and its channels are removed from the loadbalancer
[pool-2-thread-1] ERROR com.splunk.hecclient.LoadBalancer - encountered exception when checking health of indexer dummyhost, this means indexer and its channels are removed from the loadbalancer
[pool-4-thread-1] ERROR com.splunk.hecclient.LoadBalancer - encountered exception when checking health of indexer dummyhost, this means indexer and its channels are removed from the loadbalancer
[pool-5-thread-1] ERROR com.splunk.hecclient.LoadBalancer - encountered exception when checking health of indexer dummyhost, this means indexer and its channels are removed from the loadbalancer
[pool-3-thread-1] ERROR com.splunk.hecclient.LoadBalancer - encountered exception when checking health of indexer dummyhost, this means indexer and its channels are removed from the loadbalancer
[pool-2-thread-1] ERROR com.splunk.hecclient.LoadBalancer - encountered exception when checking health of indexer dummyhost, this means indexer and its channels are removed from the loadbalancer
[pool-4-thread-1] ERROR com.splunk.hecclient.LoadBalancer - encountered exception when checking health of indexer dummyhost, this means indexer and its channels are removed from the loadbalancer
[pool-5-thread-1] ERROR com.splunk.hecclient.LoadBalancer - encountered exception when checking health of indexer dummyhost, this means indexer and its channels are removed from the loadbalancer
[pool-3-thread-1] ERROR com.splunk.hecclient.LoadBalancer - encountered exception when checking health of indexer dummyhost, this means indexer and its channels are removed from the loadbalancer
[pool-2-thread-1] ERROR com.splunk.hecclient.LoadBalancer - encountered exception when checking health of indexer dummyhost, this means indexer and its channels are removed from the loadbalancer
[pool-4-thread-1] ERROR com.splunk.hecclient.LoadBalancer - encountered exception when checking health of indexer dummyhost, this means indexer and its channels are removed from the loadbalancer
[pool-3-thread-1] ERROR com.splunk.hecclient.LoadBalancer - encountered exception when checking health of indexer dummyhost, this means indexer and its channels are removed from the loadbalancer
[pool-5-thread-1] ERROR com.splunk.hecclient.LoadBalancer - encountered exception when checking health of indexer dummyhost, this means indexer and its channels are removed from the loadbalancer
[pool-2-thread-1] ERROR com.splunk.hecclient.LoadBalancer - encountered exception when checking health of indexer dummyhost, this means indexer and its channels are removed from the loadbalancer
[pool-4-thread-1] ERROR com.splunk.hecclient.LoadBalancer - encountered exception when checking health of indexer dummyhost, this means indexer and its channels are removed from the loadbalancer
[pool-3-thread-1] ERROR com.splunk.hecclient.LoadBalancer - encountered exception when checking health of indexer dummyhost, this means indexer and its channels are removed from the loadbalancer
[pool-5-thread-1] ERROR com.splunk.hecclient.LoadBalancer - encountered exception when checking health of indexer dummyhost, this means indexer and its channels are removed from the loadbalancer
[pool-2-thread-1] ERROR com.splunk.hecclient.LoadBalancer - encountered exception when checking health of indexer dummyhost, this means indexer and its channels are removed from the loadbalancer
[pool-4-thread-1] ERROR com.splunk.hecclient.LoadBalancer - encountered exception when checking health of indexer dummyhost, this means indexer and its channels are removed from the loadbalancer
[pool-3-thread-1] ERROR com.splunk.hecclient.LoadBalancer - encountered exception when checking health of indexer dummyhost, this means indexer and its channels are removed from the loadbalancer
[pool-5-thread-1] ERROR com.splunk.hecclient.LoadBalancer - encountered exception when checking health of indexer dummyhost, this means indexer and its channels are removed from the loadbalancer
[pool-2-thread-1] ERROR com.splunk.hecclient.LoadBalancer - encountered exception when checking health of indexer dummyhost, this means indexer and its channels are removed from the loadbalancer
[pool-4-thread-1] ERROR com.splunk.hecclient.LoadBalancer - encountered exception when checking health of indexer dummyhost, this means indexer and its channels are removed from the loadbalancer
[pool-5-thread-1] ERROR com.splunk.hecclient.LoadBalancer - encountered exception when checking health of indexer dummyhost, this means indexer and its channels are removed from the loadbalancer
[pool-3-thread-1] ERROR com.splunk.hecclient.LoadBalancer - encountered exception when checking health of indexer dummyhost, this means indexer and its channels are removed from the loadbalancer
[pool-2-thread-1] ERROR com.splunk.hecclient.LoadBalancer - encountered exception when checking health of indexer dummyhost, this means indexer and its channels are removed from the loadbalancer
[pool-4-thread-1] ERROR com.splunk.hecclient.LoadBalancer - encountered exception when checking health of indexer dummyhost, this means indexer and its channels are removed from the loadbalancer
[pool-3-thread-1] ERROR com.splunk.hecclient.LoadBalancer - encountered exception when checking health of indexer dummyhost, this means indexer and its channels are removed from the loadbalancer
[pool-5-thread-1] ERROR com.splunk.hecclient.LoadBalancer - encountered exception when checking health of indexer dummyhost, this means indexer and its channels are removed from the loadbalancer
[HEC-ACK-poller-scheduler] INFO com.splunk.hecclient.HecAckPoller - start polling 1 outstanding acks for 1 channels
[HEC-ACK-poller-scheduler] INFO com.splunk.hecclient.HecAckPoller - polling 1 acks for channel=d7aa64e4-de42-44b1-8e0f-6e008fea3484 on indexer=com.splunk.hecclient.IndexerMock@6a1e4b1d
[HEC-ACK-poller] INFO com.splunk.hecclient.HecAckPoller - no ackIds are ready for channel=d7aa64e4-de42-44b1-8e0f-6e008fea3484 on indexer=com.splunk.hecclient.IndexerMock@6a1e4b1d
[pool-2-thread-1] ERROR com.splunk.hecclient.LoadBalancer - encountered exception when checking health of indexer dummyhost, this means indexer and its channels are removed from the loadbalancer
[pool-4-thread-1] ERROR com.splunk.hecclient.LoadBalancer - encountered exception when checking health of indexer dummyhost, this means indexer and its channels are removed from the loadbalancer
[pool-3-thread-1] ERROR com.splunk.hecclient.LoadBalancer - encountered exception when checking health of indexer dummyhost, this means indexer and its channels are removed from the loadbalancer
[pool-5-thread-1] ERROR com.splunk.hecclient.LoadBalancer - encountered exception when checking health of indexer dummyhost, this means indexer and its channels are removed from the loadbalancer
[pool-2-thread-1] ERROR com.splunk.hecclient.LoadBalancer - encountered exception when checking health of indexer dummyhost, this means indexer and its channels are removed from the loadbalancer
[pool-4-thread-1] ERROR com.splunk.hecclient.LoadBalancer - encountered exception when checking health of indexer dummyhost, this means indexer and its channels are removed from the loadbalancer
[pool-3-thread-1] ERROR com.splunk.hecclient.LoadBalancer - encountered exception when checking health of indexer dummyhost, this means indexer and its channels are removed from the loadbalancer
[pool-5-thread-1] ERROR com.splunk.hecclient.LoadBalancer - encountered exception when checking health of indexer dummyhost, this means indexer and its channels are removed from the loadbalancer
[pool-2-thread-1] ERROR com.splunk.hecclient.LoadBalancer - encountered exception when checking health of indexer dummyhost, this means indexer and its channels are removed from the loadbalancer
[pool-4-thread-1] ERROR com.splunk.hecclient.LoadBalancer - encountered exception when checking health of indexer dummyhost, this means indexer and its channels are removed from the loadbalancer
[pool-3-thread-1] ERROR com.splunk.hecclient.LoadBalancer - encountered exception when checking health of indexer dummyhost, this means indexer and its channels are removed from the loadbalancer
[pool-5-thread-1] ERROR com.splunk.hecclient.LoadBalancer - encountered exception when checking health of indexer dummyhost, this means indexer and its channels are removed from the loadbalancer
[pool-4-thread-1] ERROR com.splunk.hecclient.LoadBalancer - encountered exception when checking health of indexer dummyhost, this means indexer and its channels are removed from the loadbalancer
[pool-3-thread-1] ERROR com.splunk.hecclient.LoadBalancer - encountered exception when checking health of indexer dummyhost, this means indexer and its channels are removed from the loadbalancer
[pool-2-thread-1] ERROR com.splunk.hecclient.LoadBalancer - encountered exception when checking health of indexer dummyhost, this means indexer and its channels are removed from the loadbalancer
[pool-5-thread-1] ERROR com.splunk.hecclient.LoadBalancer - encountered exception when checking health of indexer dummyhost, this means indexer and its channels are removed from the loadbalancer
[pool-2-thread-1] ERROR com.splunk.hecclient.LoadBalancer - encountered exception when checking health of indexer dummyhost, this means indexer and its channels are removed from the loadbalancer
[pool-3-thread-1] ERROR com.splunk.hecclient.LoadBalancer - encountered exception when checking health of indexer dummyhost, this means indexer and its channels are removed from the loadbalancer
[pool-4-thread-1] ERROR com.splunk.hecclient.LoadBalancer - encountered exception when checking health of indexer dummyhost, this means indexer and its channels are removed from the loadbalancer
[pool-5-thread-1] ERROR com.splunk.hecclient.LoadBalancer - encountered exception when checking health of indexer dummyhost, this means indexer and its channels are removed from the loadbalancer
[pool-2-thread-1] ERROR com.splunk.hecclient.LoadBalancer - encountered exception when checking health of indexer dummyhost, this means indexer and its channels are removed from the loadbalancer
[pool-3-thread-1] ERROR com.splunk.hecclient.LoadBalancer - encountered exception when checking health of indexer dummyhost, this means indexer and its channels are removed from the loadbalancer
[pool-5-thread-1] ERROR com.splunk.hecclient.LoadBalancer - encountered exception when checking health of indexer dummyhost, this means indexer and its channels are removed from the loadbalancer
[pool-4-thread-1] ERROR com.splunk.hecclient.LoadBalancer - encountered exception when checking health of indexer dummyhost, this means indexer and its channels are removed from the loadbalancer
[pool-2-thread-1] ERROR com.splunk.hecclient.LoadBalancer - encountered exception when checking health of indexer dummyhost, this means indexer and its channels are removed from the loadbalancer
[pool-5-thread-1] ERROR com.splunk.hecclient.LoadBalancer - encountered exception when checking health of indexer dummyhost, this means indexer and its channels are removed from the loadbalancer
[pool-3-thread-1] ERROR com.splunk.hecclient.LoadBalancer - encountered exception when checking health of indexer dummyhost, this means indexer and its channels are removed from the loadbalancer
[pool-4-thread-1] ERROR com.splunk.hecclient.LoadBalancer - encountered exception when checking health of indexer dummyhost, this means indexer and its channels are removed from the loadbalancer
[pool-2-thread-1] ERROR com.splunk.hecclient.LoadBalancer - encountered exception when checking health of indexer dummyhost, this means indexer and its channels are removed from the loadbalancer
[pool-5-thread-1] ERROR com.splunk.hecclient.LoadBalancer - encountered exception when checking health of indexer dummyhost, this means indexer and its channels are removed from the loadbalancer
[pool-3-thread-1] ERROR com.splunk.hecclient.LoadBalancer - encountered exception when checking health of indexer dummyhost, this means indexer and its channels are removed from the loadbalancer
[pool-4-thread-1] ERROR com.splunk.hecclient.LoadBalancer - encountered exception when checking health of indexer dummyhost, this means indexer and its channels are removed from the loadbalancer
[main] INFO com.splunk.hecclient.HecAckPoller - HecAckPoller stopped with 1 outstanding un-ACKed events
[pool-4-thread-1] ERROR com.splunk.hecclient.LoadBalancer - encountered exception when checking health of indexer dummyhost, this means indexer and its channels are removed from the loadbalancer
[pool-2-thread-1] ERROR com.splunk.hecclient.LoadBalancer - encountered exception when checking health of indexer dummyhost, this means indexer and its channels are removed from the loadbalancer
[pool-5-thread-1] ERROR com.splunk.hecclient.LoadBalancer - encountered exception when checking health of indexer dummyhost, this means indexer and its channels are removed from the loadbalancer
[pool-3-thread-1] ERROR com.splunk.hecclient.LoadBalancer - encountered exception when checking health of indexer dummyhost, this means indexer and its channels are removed from the loadbalancer
[pool-2-thread-1] ERROR com.splunk.hecclient.LoadBalancer - encountered exception when checking health of indexer dummyhost, this means indexer and its channels are removed from the loadbalancer
[pool-5-thread-1] ERROR com.splunk.hecclient.LoadBalancer - encountered exception when checking health of indexer dummyhost, this means indexer and its channels are removed from the loadbalancer
[pool-4-thread-1] ERROR com.splunk.hecclient.LoadBalancer - encountered exception when checking health of indexer dummyhost, this means indexer and its channels are removed from the loadbalancer
[pool-3-thread-1] ERROR com.splunk.hecclient.LoadBalancer - encountered exception when checking health of indexer dummyhost, this means indexer and its channels are removed from the loadbalancer
[pool-2-thread-1] ERROR com.splunk.hecclient.LoadBalancer - encountered exception when checking health of indexer dummyhost, this means indexer and its channels are removed from the loadbalancer
[pool-5-thread-1] ERROR com.splunk.hecclient.LoadBalancer - encountered exception when checking health of indexer dummyhost, this means indexer and its channels are removed from the loadbalancer
[pool-3-thread-1] ERROR com.splunk.hecclient.LoadBalancer - encountered exception when checking health of indexer dummyhost, this means indexer and its channels are removed from the loadbalancer
[pool-4-thread-1] ERROR com.splunk.hecclient.LoadBalancer - encountered exception when checking health of indexer dummyhost, this means indexer and its channels are removed from the loadbalancer
[pool-2-thread-1] ERROR com.splunk.hecclient.LoadBalancer - encountered exception when checking health of indexer dummyhost, this means indexer and its channels are removed from the loadbalancer
[pool-3-thread-1] ERROR com.splunk.hecclient.LoadBalancer - encountered exception when checking health of indexer dummyhost, this means indexer and its channels are removed from the loadbalancer
[pool-5-thread-1] ERROR com.splunk.hecclient.LoadBalancer - encountered exception when checking health of indexer dummyhost, this means indexer and its channels are removed from the loadbalancer
[pool-4-thread-1] ERROR com.splunk.hecclient.LoadBalancer - encountered exception when checking health of indexer dummyhost, this means indexer and its channels are removed from the loadbalancer
[pool-2-thread-1] ERROR com.splunk.hecclient.LoadBalancer - encountered exception when checking health of indexer dummyhost, this means indexer and its channels are removed from the loadbalancer
[pool-3-thread-1] ERROR com.splunk.hecclient.LoadBalancer - encountered exception when checking health of indexer dummyhost, this means indexer and its channels are removed from the loadbalancer
[pool-4-thread-1] ERROR com.splunk.hecclient.LoadBalancer - encountered exception when checking health of indexer dummyhost, this means indexer and its channels are removed from the loadbalancer
[pool-5-thread-1] ERROR com.splunk.hecclient.LoadBalancer - encountered exception when checking health of indexer dummyhost, this means indexer and its channels are removed from the loadbalancer
[pool-2-thread-1] ERROR com.splunk.hecclient.LoadBalancer - encountered exception when checking health of indexer dummyhost, this means indexer and its channels are removed from the loadbalancer
[pool-4-thread-1] ERROR com.splunk.hecclient.LoadBalancer - encountered exception when checking health of indexer dummyhost, this means indexer and its channels are removed from the loadbalancer
[pool-3-thread-1] ERROR com.splunk.hecclient.LoadBalancer - encountered exception when checking health of indexer dummyhost, this means indexer and its channels are removed from the loadbalancer
[pool-5-thread-1] ERROR com.splunk.hecclient.LoadBalancer - encountered exception when checking health of indexer dummyhost, this means indexer and its channels are removed from the loadbalancer
[pool-4-thread-1] ERROR com.splunk.hecclient.LoadBalancer - encountered exception when checking health of indexer dummyhost, this means indexer and its channels are removed from the loadbalancer
[pool-2-thread-1] ERROR com.splunk.hecclient.LoadBalancer - encountered exception when checking health of indexer dummyhost, this means indexer and its channels are removed from the loadbalancer
[pool-3-thread-1] ERROR com.splunk.hecclient.LoadBalancer - encountered exception when checking health of indexer dummyhost, this means indexer and its channels are removed from the loadbalancer
[pool-4-thread-1] ERROR com.splunk.hecclient.LoadBalancer - encountered exception when checking health of indexer dummyhost, this means indexer and its channels are removed from the loadbalancer
[pool-5-thread-1] ERROR com.splunk.hecclient.LoadBalancer - encountered exception when checking health of indexer dummyhost, this means indexer and its channels are removed from the loadbalancer
[pool-2-thread-1] ERROR com.splunk.hecclient.LoadBalancer - encountered exception when checking health of indexer dummyhost, this means indexer and its channels are removed from the loadbalancer
[pool-3-thread-1] ERROR com.splunk.hecclient.LoadBalancer - encountered exception when checking health of indexer dummyhost, this means indexer and its channels are removed from the loadbalancer
[pool-4-thread-1] ERROR com.splunk.hecclient.LoadBalancer - encountered exception when checking health of indexer dummyhost, this means indexer and its channels are removed from the loadbalancer
[pool-5-thread-1] ERROR com.splunk.hecclient.LoadBalancer - encountered exception when checking health of indexer dummyhost, this means indexer and its channels are removed from the loadbalancer
[pool-2-thread-1] ERROR com.splunk.hecclient.LoadBalancer - encountered exception when checking health of indexer dummyhost, this means indexer and its channels are removed from the loadbalancer
[pool-3-thread-1] ERROR com.splunk.hecclient.LoadBalancer - encountered exception when checking health of indexer dummyhost, this means indexer and its channels are removed from the loadbalancer
[pool-5-thread-1] ERROR com.splunk.hecclient.LoadBalancer - encountered exception when checking health of indexer dummyhost, this means indexer and its channels are removed from the loadbalancer
[pool-2-thread-1] ERROR com.splunk.hecclient.LoadBalancer - encountered exception when checking health of indexer dummyhost, this means indexer and its channels are removed from the loadbalancer
[pool-4-thread-1] ERROR com.splunk.hecclient.LoadBalancer - encountered exception when checking health of indexer dummyhost, this means indexer and its channels are removed from the loadbalancer
[pool-3-thread-1] ERROR com.splunk.hecclient.LoadBalancer - encountered exception when checking health of indexer dummyhost, this means indexer and its channels are removed from the loadbalancer
[pool-2-thread-1] ERROR com.splunk.hecclient.LoadBalancer - encountered exception when checking health of indexer dummyhost, this means indexer and its channels are removed from the loadbalancer
[pool-4-thread-1] ERROR com.splunk.hecclient.LoadBalancer - encountered exception when checking health of indexer dummyhost, this means indexer and its channels are removed from the loadbalancer
[pool-5-thread-1] ERROR com.splunk.hecclient.LoadBalancer - encountered exception when checking health of indexer dummyhost, this means indexer and its channels are removed from the loadbalancer
[pool-3-thread-1] ERROR com.splunk.hecclient.LoadBalancer - encountered exception when checking health of indexer dummyhost, this means indexer and its channels are removed from the loadbalancer
[pool-2-thread-1] ERROR com.splunk.hecclient.LoadBalancer - encountered exception when checking health of indexer dummyhost, this means indexer and its channels are removed from the loadbalancer
[pool-4-thread-1] ERROR com.splunk.hecclient.LoadBalancer - encountered exception when checking health of indexer dummyhost, this means indexer and its channels are removed from the loadbalancer
[pool-5-thread-1] ERROR com.splunk.hecclient.LoadBalancer - encountered exception when checking health of indexer dummyhost, this means indexer and its channels are removed from the loadbalancer
[main] INFO com.splunk.hecclient.HecAckPoller - HecAckPoller stopped with 0 outstanding un-ACKed events
[main] INFO com.splunk.hecclient.HecAckPoller - HecAckPoller stopped with 6 outstanding un-ACKed events
[pool-3-thread-1] ERROR com.splunk.hecclient.LoadBalancer - encountered exception when checking health of indexer dummyhost, this means indexer and its channels are removed from the loadbalancer
[pool-2-thread-1] ERROR com.splunk.hecclient.LoadBalancer - encountered exception when checking health of indexer dummyhost, this means indexer and its channels are removed from the loadbalancer
[pool-5-thread-1] ERROR com.splunk.hecclient.LoadBalancer - encountered exception when checking health of indexer dummyhost, this means indexer and its channels are removed from the loadbalancer
[pool-4-thread-1] ERROR com.splunk.hecclient.LoadBalancer - encountered exception when checking health of indexer dummyhost, this means indexer and its channels are removed from the loadbalancer
[pool-3-thread-1] ERROR com.splunk.hecclient.LoadBalancer - encountered exception when checking health of indexer dummyhost, this means indexer and its channels are removed from the loadbalancer
[pool-2-thread-1] ERROR com.splunk.hecclient.LoadBalancer - encountered exception when checking health of indexer dummyhost, this means indexer and its channels are removed from the loadbalancer
[pool-5-thread-1] ERROR com.splunk.hecclient.LoadBalancer - encountered exception when checking health of indexer dummyhost, this means indexer and its channels are removed from the loadbalancer
[pool-4-thread-1] ERROR com.splunk.hecclient.LoadBalancer - encountered exception when checking health of indexer dummyhost, this means indexer and its channels are removed from the loadbalancer
[pool-3-thread-1] ERROR com.splunk.hecclient.LoadBalancer - encountered exception when checking health of indexer dummyhost, this means indexer and its channels are removed from the loadbalancer
[pool-5-thread-1] ERROR com.splunk.hecclient.LoadBalancer - encountered exception when checking health of indexer dummyhost, this means indexer and its channels are removed from the loadbalancer
[pool-4-thread-1] ERROR com.splunk.hecclient.LoadBalancer - encountered exception when checking health of indexer dummyhost, this means indexer and its channels are removed from the loadbalancer
[pool-2-thread-1] ERROR com.splunk.hecclient.LoadBalancer - encountered exception when checking health of indexer dummyhost, this means indexer and its channels are removed from the loadbalancer
[pool-4-thread-1] ERROR com.splunk.hecclient.LoadBalancer - encountered exception when checking health of indexer dummyhost, this means indexer and its channels are removed from the loadbalancer
[pool-3-thread-1] ERROR com.splunk.hecclient.LoadBalancer - encountered exception when checking health of indexer dummyhost, this means indexer and its channels are removed from the loadbalancer
[pool-5-thread-1] ERROR com.splunk.hecclient.LoadBalancer - encountered exception when checking health of indexer dummyhost, this means indexer and its channels are removed from the loadbalancer
[pool-2-thread-1] ERROR com.splunk.hecclient.LoadBalancer - encountered exception when checking health of indexer dummyhost, this means indexer and its channels are removed from the loadbalancer
[pool-4-thread-1] ERROR com.splunk.hecclient.LoadBalancer - encountered exception when checking health of indexer dummyhost, this means indexer and its channels are removed from the loadbalancer
[pool-5-thread-1] ERROR com.splunk.hecclient.LoadBalancer - encountered exception when checking health of indexer dummyhost, this means indexer and its channels are removed from the loadbalancer
[pool-3-thread-1] ERROR com.splunk.hecclient.LoadBalancer - encountered exception when checking health of indexer dummyhost, this means indexer and its channels are removed from the loadbalancer
[pool-2-thread-1] ERROR com.splunk.hecclient.LoadBalancer - encountered exception when checking health of indexer dummyhost, this means indexer and its channels are removed from the loadbalancer
[pool-5-thread-1] ERROR com.splunk.hecclient.LoadBalancer - encountered exception when checking health of indexer dummyhost, this means indexer and its channels are removed from the loadbalancer
[pool-4-thread-1] ERROR com.splunk.hecclient.LoadBalancer - encountered exception when checking health of indexer dummyhost, this means indexer and its channels are removed from the loadbalancer
[pool-3-thread-1] ERROR com.splunk.hecclient.LoadBalancer - encountered exception when checking health of indexer dummyhost, this means indexer and its channels are removed from the loadbalancer
[pool-2-thread-1] ERROR com.splunk.hecclient.LoadBalancer - encountered exception when checking health of indexer dummyhost, this means indexer and its channels are removed from the loadbalancer
[pool-4-thread-1] ERROR com.splunk.hecclient.LoadBalancer - encountered exception when checking health of indexer dummyhost, this means indexer and its channels are removed from the loadbalancer
[pool-5-thread-1] ERROR com.splunk.hecclient.LoadBalancer - encountered exception when checking health of indexer dummyhost, this means indexer and its channels are removed from the loadbalancer
[pool-3-thread-1] ERROR com.splunk.hecclient.LoadBalancer - encountered exception when checking health of indexer dummyhost, this means indexer and its channels are removed from the loadbalancer
[pool-2-thread-1] ERROR com.splunk.hecclient.LoadBalancer - encountered exception when checking health of indexer dummyhost, this means indexer and its channels are removed from the loadbalancer
[pool-4-thread-1] ERROR com.splunk.hecclient.LoadBalancer - encountered exception when checking health of indexer dummyhost, this means indexer and its channels are removed from the loadbalancer
[pool-5-thread-1] ERROR com.splunk.hecclient.LoadBalancer - encountered exception when checking health of indexer dummyhost, this means indexer and its channels are removed from the loadbalancer
[pool-3-thread-1] ERROR com.splunk.hecclient.LoadBalancer - encountered exception when checking health of indexer dummyhost, this means indexer and its channels are removed from the loadbalancer
[pool-2-thread-1] ERROR com.splunk.hecclient.LoadBalancer - encountered exception when checking health of indexer dummyhost, this means indexer and its channels are removed from the loadbalancer
[pool-4-thread-1] ERROR com.splunk.hecclient.LoadBalancer - encountered exception when checking health of indexer dummyhost, this means indexer and its channels are removed from the loadbalancer
[pool-5-thread-1] ERROR com.splunk.hecclient.LoadBalancer - encountered exception when checking health of indexer dummyhost, this means indexer and its channels are removed from the loadbalancer
[pool-2-thread-1] ERROR com.splunk.hecclient.LoadBalancer - encountered exception when checking health of indexer dummyhost, this means indexer and its channels are removed from the loadbalancer
[pool-3-thread-1] ERROR com.splunk.hecclient.LoadBalancer - encountered exception when checking health of indexer dummyhost, this means indexer and its channels are removed from the loadbalancer
[pool-4-thread-1] ERROR com.splunk.hecclient.LoadBalancer - encountered exception when checking health of indexer dummyhost, this means indexer and its channels are removed from the loadbalancer
[pool-5-thread-1] ERROR com.splunk.hecclient.LoadBalancer - encountered exception when checking health of indexer dummyhost, this means indexer and its channels are removed from the loadbalancer
[pool-2-thread-1] ERROR com.splunk.hecclient.LoadBalancer - encountered exception when checking health of indexer dummyhost, this means indexer and its channels are removed from the loadbalancer
[pool-3-thread-1] ERROR com.splunk.hecclient.LoadBalancer - encountered exception when checking health of indexer dummyhost, this means indexer and its channels are removed from the loadbalancer
[pool-4-thread-1] ERROR com.splunk.hecclient.LoadBalancer - encountered exception when checking health of indexer dummyhost, this means indexer and its channels are removed from the loadbalancer
[pool-5-thread-1] ERROR com.splunk.hecclient.LoadBalancer - encountered exception when checking health of indexer dummyhost, this means indexer and its channels are removed from the loadbalancer
[pool-2-thread-1] ERROR com.splunk.hecclient.LoadBalancer - encountered exception when checking health of indexer dummyhost, this means indexer and its channels are removed from the loadbalancer
[pool-3-thread-1] ERROR com.splunk.hecclient.LoadBalancer - encountered exception when checking health of indexer dummyhost, this means indexer and its channels are removed from the loadbalancer
[pool-4-thread-1] ERROR com.splunk.hecclient.LoadBalancer - encountered exception when checking health of indexer dummyhost, this means indexer and its channels are removed from the loadbalancer
[pool-5-thread-1] ERROR com.splunk.hecclient.LoadBalancer - encountered exception when checking health of indexer dummyhost, this means indexer and its channels are removed from the loadbalancer
[pool-2-thread-1] ERROR com.splunk.hecclient.LoadBalancer - encountered exception when checking health of indexer dummyhost, this means indexer and its channels are removed from the loadbalancer
[pool-3-thread-1] ERROR com.splunk.hecclient.LoadBalancer - encountered exception when checking health of indexer dummyhost, this means indexer and its channels are removed from the loadbalancer
[pool-4-thread-1] ERROR com.splunk.hecclient.LoadBalancer - encountered exception when checking health of indexer dummyhost, this means indexer and its channels are removed from the loadbalancer
[pool-5-thread-1] ERROR com.splunk.hecclient.LoadBalancer - encountered exception when checking health of indexer dummyhost, this means indexer and its channels are removed from the loadbalancer
[pool-2-thread-1] ERROR com.splunk.hecclient.LoadBalancer - encountered exception when checking health of indexer dummyhost, this means indexer and its channels are removed from the loadbalancer
[pool-3-thread-1] ERROR com.splunk.hecclient.LoadBalancer - encountered exception when checking health of indexer dummyhost, this means indexer and its channels are removed from the loadbalancer
[pool-4-thread-1] ERROR com.splunk.hecclient.LoadBalancer - encountered exception when checking health of indexer dummyhost, this means indexer and its channels are removed from the loadbalancer
[pool-5-thread-1] ERROR com.splunk.hecclient.LoadBalancer - encountered exception when checking health of indexer dummyhost, this means indexer and its channels are removed from the loadbalancer
[pool-2-thread-1] ERROR com.splunk.hecclient.LoadBalancer - encountered exception when checking health of indexer dummyhost, this means indexer and its channels are removed from the loadbalancer
[pool-3-thread-1] ERROR com.splunk.hecclient.LoadBalancer - encountered exception when checking health of indexer dummyhost, this means indexer and its channels are removed from the loadbalancer
[pool-4-thread-1] ERROR com.splunk.hecclient.LoadBalancer - encountered exception when checking health of indexer dummyhost, this means indexer and its channels are removed from the loadbalancer
[pool-2-thread-1] ERROR com.splunk.hecclient.LoadBalancer - encountered exception when checking health of indexer dummyhost, this means indexer and its channels are removed from the loadbalancer
[pool-5-thread-1] ERROR com.splunk.hecclient.LoadBalancer - encountered exception when checking health of indexer dummyhost, this means indexer and its channels are removed from the loadbalancer
[pool-3-thread-1] ERROR com.splunk.hecclient.LoadBalancer - encountered exception when checking health of indexer dummyhost, this means indexer and its channels are removed from the loadbalancer
[pool-4-thread-1] ERROR com.splunk.hecclient.LoadBalancer - encountered exception when checking health of indexer dummyhost, this means indexer and its channels are removed from the loadbalancer
[pool-2-thread-1] ERROR com.splunk.hecclient.LoadBalancer - encountered exception when checking health of indexer dummyhost, this means indexer and its channels are removed from the loadbalancer
[pool-5-thread-1] ERROR com.splunk.hecclient.LoadBalancer - encountered exception when checking health of indexer dummyhost, this means indexer and its channels are removed from the loadbalancer
[pool-3-thread-1] ERROR com.splunk.hecclient.LoadBalancer - encountered exception when checking health of indexer dummyhost, this means indexer and its channels are removed from the loadbalancer
[HEC-ACK-poller-scheduler] INFO com.splunk.hecclient.HecAckPoller - start polling 1 outstanding acks for 1 channels
[HEC-ACK-poller-scheduler] INFO com.splunk.hecclient.HecAckPoller - polling 1 acks for channel=5a99e8a5-22c6-49bc-b2ef-75540acf79ce on indexer=com.splunk.hecclient.IndexerMock@5ebf9a4
[HEC-ACK-poller] INFO com.splunk.hecclient.HecAckPoller - polled 1 acks for channel=5a99e8a5-22c6-49bc-b2ef-75540acf79ce on indexer=com.splunk.hecclient.IndexerMock@5ebf9a4
[pool-4-thread-1] ERROR com.splunk.hecclient.LoadBalancer - encountered exception when checking health of indexer dummyhost, this means indexer and its channels are removed from the loadbalancer
[pool-2-thread-1] ERROR com.splunk.hecclient.LoadBalancer - encountered exception when checking health of indexer dummyhost, this means indexer and its channels are removed from the loadbalancer
[pool-3-thread-1] ERROR com.splunk.hecclient.LoadBalancer - encountered exception when checking health of indexer dummyhost, this means indexer and its channels are removed from the loadbalancer
[pool-5-thread-1] ERROR com.splunk.hecclient.LoadBalancer - encountered exception when checking health of indexer dummyhost, this means indexer and its channels are removed from the loadbalancer
[pool-4-thread-1] ERROR com.splunk.hecclient.LoadBalancer - encountered exception when checking health of indexer dummyhost, this means indexer and its channels are removed from the loadbalancer
[pool-2-thread-1] ERROR com.splunk.hecclient.LoadBalancer - encountered exception when checking health of indexer dummyhost, this means indexer and its channels are removed from the loadbalancer
[pool-5-thread-1] ERROR com.splunk.hecclient.LoadBalancer - encountered exception when checking health of indexer dummyhost, this means indexer and its channels are removed from the loadbalancer
[pool-3-thread-1] ERROR com.splunk.hecclient.LoadBalancer - encountered exception when checking health of indexer dummyhost, this means indexer and its channels are removed from the loadbalancer
[pool-4-thread-1] ERROR com.splunk.hecclient.LoadBalancer - encountered exception when checking health of indexer dummyhost, this means indexer and its channels are removed from the loadbalancer
[pool-3-thread-1] ERROR com.splunk.hecclient.LoadBalancer - encountered exception when checking health of indexer dummyhost, this means indexer and its channels are removed from the loadbalancer
[pool-2-thread-1] ERROR com.splunk.hecclient.LoadBalancer - encountered exception when checking health of indexer dummyhost, this means indexer and its channels are removed from the loadbalancer
[pool-5-thread-1] ERROR com.splunk.hecclient.LoadBalancer - encountered exception when checking health of indexer dummyhost, this means indexer and its channels are removed from the loadbalancer
[pool-4-thread-1] ERROR com.splunk.hecclient.LoadBalancer - encountered exception when checking health of indexer dummyhost, this means indexer and its channels are removed from the loadbalancer
[pool-3-thread-1] ERROR com.splunk.hecclient.LoadBalancer - encountered exception when checking health of indexer dummyhost, this means indexer and its channels are removed from the loadbalancer
[pool-2-thread-1] ERROR com.splunk.hecclient.LoadBalancer - encountered exception when checking health of indexer dummyhost, this means indexer and its channels are removed from the loadbalancer
[pool-5-thread-1] ERROR com.splunk.hecclient.LoadBalancer - encountered exception when checking health of indexer dummyhost, this means indexer and its channels are removed from the loadbalancer
[pool-4-thread-1] ERROR com.splunk.hecclient.LoadBalancer - encountered exception when checking health of indexer dummyhost, this means indexer and its channels are removed from the loadbalancer
[pool-2-thread-1] ERROR com.splunk.hecclient.LoadBalancer - encountered exception when checking health of indexer dummyhost, this means indexer and its channels are removed from the loadbalancer
[pool-3-thread-1] ERROR com.splunk.hecclient.LoadBalancer - encountered exception when checking health of indexer dummyhost, this means indexer and its channels are removed from the loadbalancer
[pool-5-thread-1] ERROR com.splunk.hecclient.LoadBalancer - encountered exception when checking health of indexer dummyhost, this means indexer and its channels are removed from the loadbalancer
[pool-4-thread-1] ERROR com.splunk.hecclient.LoadBalancer - encountered exception when checking health of indexer dummyhost, this means indexer and its channels are removed from the loadbalancer
[pool-3-thread-1] ERROR com.splunk.hecclient.LoadBalancer - encountered exception when checking health of indexer dummyhost, this means indexer and its channels are removed from the loadbalancer
[pool-5-thread-1] ERROR com.splunk.hecclient.LoadBalancer - encountered exception when checking health of indexer dummyhost, this means indexer and its channels are removed from the loadbalancer
[pool-2-thread-1] ERROR com.splunk.hecclient.LoadBalancer - encountered exception when checking health of indexer dummyhost, this means indexer and its channels are removed from the loadbalancer
[pool-4-thread-1] ERROR com.splunk.hecclient.LoadBalancer - encountered exception when checking health of indexer dummyhost, this means indexer and its channels are removed from the loadbalancer
[pool-3-thread-1] ERROR com.splunk.hecclient.LoadBalancer - encountered exception when checking health of indexer dummyhost, this means indexer and its channels are removed from the loadbalancer
[pool-5-thread-1] ERROR com.splunk.hecclient.LoadBalancer - encountered exception when checking health of indexer dummyhost, this means indexer and its channels are removed from the loadbalancer
[pool-2-thread-1] ERROR com.splunk.hecclient.LoadBalancer - encountered exception when checking health of indexer dummyhost, this means indexer and its channels are removed from the loadbalancer
[pool-4-thread-1] ERROR com.splunk.hecclient.LoadBalancer - encountered exception when checking health of indexer dummyhost, this means indexer and its channels are removed from the loadbalancer
[pool-5-thread-1] ERROR com.splunk.hecclient.LoadBalancer - encountered exception when checking health of indexer dummyhost, this means indexer and its channels are removed from the loadbalancer
[pool-3-thread-1] ERROR com.splunk.hecclient.LoadBalancer - encountered exception when checking health of indexer dummyhost, this means indexer and its channels are removed from the loadbalancer
[pool-2-thread-1] ERROR com.splunk.hecclient.LoadBalancer - encountered exception when checking health of indexer dummyhost, this means indexer and its channels are removed from the loadbalancer
[pool-4-thread-1] ERROR com.splunk.hecclient.LoadBalancer - encountered exception when checking health of indexer dummyhost, this means indexer and its channels are removed from the loadbalancer
[pool-3-thread-1] ERROR com.splunk.hecclient.LoadBalancer - encountered exception when checking health of indexer dummyhost, this means indexer and its channels are removed from the loadbalancer
[pool-5-thread-1] ERROR com.splunk.hecclient.LoadBalancer - encountered exception when checking health of indexer dummyhost, this means indexer and its channels are removed from the loadbalancer
[pool-2-thread-1] ERROR com.splunk.hecclient.LoadBalancer - encountered exception when checking health of indexer dummyhost, this means indexer and its channels are removed from the loadbalancer
[main] INFO com.splunk.hecclient.HecAckPoller - HecAckPoller stopped with 0 outstanding un-ACKed events
[pool-4-thread-1] ERROR com.splunk.hecclient.LoadBalancer - encountered exception when checking health of indexer dummyhost, this means indexer and its channels are removed from the loadbalancer
[pool-3-thread-1] ERROR com.splunk.hecclient.LoadBalancer - encountered exception when checking health of indexer dummyhost, this means indexer and its channels are removed from the loadbalancer
[pool-5-thread-1] ERROR com.splunk.hecclient.LoadBalancer - encountered exception when checking health of indexer dummyhost, this means indexer and its channels are removed from the loadbalancer
[pool-2-thread-1] ERROR com.splunk.hecclient.LoadBalancer - encountered exception when checking health of indexer dummyhost, this means indexer and its channels are removed from the loadbalancer
[pool-4-thread-1] ERROR com.splunk.hecclient.LoadBalancer - encountered exception when checking health of indexer dummyhost, this means indexer and its channels are removed from the loadbalancer
[pool-3-thread-1] ERROR com.splunk.hecclient.LoadBalancer - encountered exception when checking health of indexer dummyhost, this means indexer and its channels are removed from the loadbalancer
[pool-5-thread-1] ERROR com.splunk.hecclient.LoadBalancer - encountered exception when checking health of indexer dummyhost, this means indexer and its channels are removed from the loadbalancer
[pool-2-thread-1] ERROR com.splunk.hecclient.LoadBalancer - encountered exception when checking health of indexer dummyhost, this means indexer and its channels are removed from the loadbalancer
[pool-4-thread-1] ERROR com.splunk.hecclient.LoadBalancer - encountered exception when checking health of indexer dummyhost, this means indexer and its channels are removed from the loadbalancer
[pool-3-thread-1] ERROR com.splunk.hecclient.LoadBalancer - encountered exception when checking health of indexer dummyhost, this means indexer and its channels are removed from the loadbalancer
[pool-5-thread-1] ERROR com.splunk.hecclient.LoadBalancer - encountered exception when checking health of indexer dummyhost, this means indexer and its channels are removed from the loadbalancer
[pool-2-thread-1] ERROR com.splunk.hecclient.LoadBalancer - encountered exception when checking health of indexer dummyhost, this means indexer and its channels are removed from the loadbalancer
[pool-4-thread-1] ERROR com.splunk.hecclient.LoadBalancer - encountered exception when checking health of indexer dummyhost, this means indexer and its channels are removed from the loadbalancer
[pool-5-thread-1] ERROR com.splunk.hecclient.LoadBalancer - encountered exception when checking health of indexer dummyhost, this means indexer and its channels are removed from the loadbalancer
[pool-3-thread-1] ERROR com.splunk.hecclient.LoadBalancer - encountered exception when checking health of indexer dummyhost, this means indexer and its channels are removed from the loadbalancer
[pool-2-thread-1] ERROR com.splunk.hecclient.LoadBalancer - encountered exception when checking health of indexer dummyhost, this means indexer and its channels are removed from the loadbalancer
[pool-4-thread-1] ERROR com.splunk.hecclient.LoadBalancer - encountered exception when checking health of indexer dummyhost, this means indexer and its channels are removed from the loadbalancer
[pool-5-thread-1] ERROR com.splunk.hecclient.LoadBalancer - encountered exception when checking health of indexer dummyhost, this means indexer and its channels are removed from the loadbalancer
[pool-3-thread-1] ERROR com.splunk.hecclient.LoadBalancer - encountered exception when checking health of indexer dummyhost, this means indexer and its channels are removed from the loadbalancer
[pool-2-thread-1] ERROR com.splunk.hecclient.LoadBalancer - encountered exception when checking health of indexer dummyhost, this means indexer and its channels are removed from the loadbalancer
[pool-4-thread-1] ERROR com.splunk.hecclient.LoadBalancer - encountered exception when checking health of indexer dummyhost, this means indexer and its channels are removed from the loadbalancer
[pool-5-thread-1] ERROR com.splunk.hecclient.LoadBalancer - encountered exception when checking health of indexer dummyhost, this means indexer and its channels are removed from the loadbalancer
[pool-3-thread-1] ERROR com.splunk.hecclient.LoadBalancer - encountered exception when checking health of indexer dummyhost, this means indexer and its channels are removed from the loadbalancer
[pool-2-thread-1] ERROR com.splunk.hecclient.LoadBalancer - encountered exception when checking health of indexer dummyhost, this means indexer and its channels are removed from the loadbalancer
[pool-4-thread-1] ERROR com.splunk.hecclient.LoadBalancer - encountered exception when checking health of indexer dummyhost, this means indexer and its channels are removed from the loadbalancer
[pool-5-thread-1] ERROR com.splunk.hecclient.LoadBalancer - encountered exception when checking health of indexer dummyhost, this means indexer and its channels are removed from the loadbalancer
[pool-3-thread-1] ERROR com.splunk.hecclient.LoadBalancer - encountered exception when checking health of indexer dummyhost, this means indexer and its channels are removed from the loadbalancer
[pool-2-thread-1] ERROR com.splunk.hecclient.LoadBalancer - encountered exception when checking health of indexer dummyhost, this means indexer and its channels are removed from the loadbalancer
[pool-4-thread-1] ERROR com.splunk.hecclient.LoadBalancer - encountered exception when checking health of indexer dummyhost, this means indexer and its channels are removed from the loadbalancer
[pool-5-thread-1] ERROR com.splunk.hecclient.LoadBalancer - encountered exception when checking health of indexer dummyhost, this means indexer and its channels are removed from the loadbalancer
[pool-3-thread-1] ERROR com.splunk.hecclient.LoadBalancer - encountered exception when checking health of indexer dummyhost, this means indexer and its channels are removed from the loadbalancer
[pool-2-thread-1] ERROR com.splunk.hecclient.LoadBalancer - encountered exception when checking health of indexer dummyhost, this means indexer and its channels are removed from the loadbalancer
[pool-4-thread-1] ERROR com.splunk.hecclient.LoadBalancer - encountered exception when checking health of indexer dummyhost, this means indexer and its channels are removed from the loadbalancer
[pool-5-thread-1] ERROR com.splunk.hecclient.LoadBalancer - encountered exception when checking health of indexer dummyhost, this means indexer and its channels are removed from the loadbalancer
[pool-3-thread-1] ERROR com.splunk.hecclient.LoadBalancer - encountered exception when checking health of indexer dummyhost, this means indexer and its channels are removed from the loadbalancer
[pool-2-thread-1] ERROR com.splunk.hecclient.LoadBalancer - encountered exception when checking health of indexer dummyhost, this means indexer and its channels are removed from the loadbalancer
[pool-4-thread-1] ERROR com.splunk.hecclient.LoadBalancer - encountered exception when checking health of indexer dummyhost, this means indexer and its channels are removed from the loadbalancer
[pool-5-thread-1] ERROR com.splunk.hecclient.LoadBalancer - encountered exception when checking health of indexer dummyhost, this means indexer and its channels are removed from the loadbalancer
[pool-2-thread-1] ERROR com.splunk.hecclient.LoadBalancer - encountered exception when checking health of indexer dummyhost, this means indexer and its channels are removed from the loadbalancer
[pool-3-thread-1] ERROR com.splunk.hecclient.LoadBalancer - encountered exception when checking health of indexer dummyhost, this means indexer and its channels are removed from the loadbalancer
[pool-4-thread-1] ERROR com.splunk.hecclient.LoadBalancer - encountered exception when checking health of indexer dummyhost, this means indexer and its channels are removed from the loadbalancer
[pool-2-thread-1] ERROR com.splunk.hecclient.LoadBalancer - encountered exception when checking health of indexer dummyhost, this means indexer and its channels are removed from the loadbalancer
[pool-5-thread-1] ERROR com.splunk.hecclient.LoadBalancer - encountered exception when checking health of indexer dummyhost, this means indexer and its channels are removed from the loadbalancer
[pool-3-thread-1] ERROR com.splunk.hecclient.LoadBalancer - encountered exception when checking health of indexer dummyhost, this means indexer and its channels are removed from the loadbalancer
[pool-4-thread-1] ERROR com.splunk.hecclient.LoadBalancer - encountered exception when checking health of indexer dummyhost, this means indexer and its channels are removed from the loadbalancer
[pool-5-thread-1] ERROR com.splunk.hecclient.LoadBalancer - encountered exception when checking health of indexer dummyhost, this means indexer and its channels are removed from the loadbalancer
[pool-2-thread-1] ERROR com.splunk.hecclient.LoadBalancer - encountered exception when checking health of indexer dummyhost, this means indexer and its channels are removed from the loadbalancer
[pool-3-thread-1] ERROR com.splunk.hecclient.LoadBalancer - encountered exception when checking health of indexer dummyhost, this means indexer and its channels are removed from the loadbalancer
[pool-4-thread-1] ERROR com.splunk.hecclient.LoadBalancer - encountered exception when checking health of indexer dummyhost, this means indexer and its channels are removed from the loadbalancer
[pool-5-thread-1] ERROR com.splunk.hecclient.LoadBalancer - encountered exception when checking health of indexer dummyhost, this means indexer and its channels are removed from the loadbalancer
[pool-2-thread-1] ERROR com.splunk.hecclient.LoadBalancer - encountered exception when checking health of indexer dummyhost, this means indexer and its channels are removed from the loadbalancer
[pool-3-thread-1] ERROR com.splunk.hecclient.LoadBalancer - encountered exception when checking health of indexer dummyhost, this means indexer and its channels are removed from the loadbalancer
[pool-4-thread-1] ERROR com.splunk.hecclient.LoadBalancer - encountered exception when checking health of indexer dummyhost, this means indexer and its channels are removed from the loadbalancer
[pool-2-thread-1] ERROR com.splunk.hecclient.LoadBalancer - encountered exception when checking health of indexer dummyhost, this means indexer and its channels are removed from the loadbalancer
[pool-5-thread-1] ERROR com.splunk.hecclient.LoadBalancer - encountered exception when checking health of indexer dummyhost, this means indexer and its channels are removed from the loadbalancer
[pool-3-thread-1] ERROR com.splunk.hecclient.LoadBalancer - encountered exception when checking health of indexer dummyhost, this means indexer and its channels are removed from the loadbalancer
[pool-4-thread-1] ERROR com.splunk.hecclient.LoadBalancer - encountered exception when checking health of indexer dummyhost, this means indexer and its channels are removed from the loadbalancer
[pool-2-thread-1] ERROR com.splunk.hecclient.LoadBalancer - encountered exception when checking health of indexer dummyhost, this means indexer and its channels are removed from the loadbalancer
[pool-5-thread-1] ERROR com.splunk.hecclient.LoadBalancer - encountered exception when checking health of indexer dummyhost, this means indexer and its channels are removed from the loadbalancer
[pool-3-thread-1] ERROR com.splunk.hecclient.LoadBalancer - encountered exception when checking health of indexer dummyhost, this means indexer and its channels are removed from the loadbalancer
[pool-2-thread-1] ERROR com.splunk.hecclient.LoadBalancer - encountered exception when checking health of indexer dummyhost, this means indexer and its channels are removed from the loadbalancer
[pool-4-thread-1] ERROR com.splunk.hecclient.LoadBalancer - encountered exception when checking health of indexer dummyhost, this means indexer and its channels are removed from the loadbalancer
[pool-5-thread-1] ERROR com.splunk.hecclient.LoadBalancer - encountered exception when checking health of indexer dummyhost, this means indexer and its channels are removed from the loadbalancer
[pool-3-thread-1] ERROR com.splunk.hecclient.LoadBalancer - encountered exception when checking health of indexer dummyhost, this means indexer and its channels are removed from the loadbalancer
[HEC-ACK-poller-scheduler] INFO com.splunk.hecclient.HecAckPoller - start polling 1 outstanding acks for 1 channels
[HEC-ACK-poller-scheduler] INFO com.splunk.hecclient.HecAckPoller - polling 1 acks for channel=a5cb930f-a7dd-436a-9991-bdff5d5ba1f4 on indexer=com.splunk.hecclient.IndexerMock@853312a
[HEC-ACK-poller] INFO com.splunk.hecclient.HecAckPoller - polled 1 acks for channel=a5cb930f-a7dd-436a-9991-bdff5d5ba1f4 on indexer=com.splunk.hecclient.IndexerMock@853312a
[HEC-ACK-poller] WARN com.splunk.hecclient.HecAckPoller - event batch id=2 for channel=a5cb930f-a7dd-436a-9991-bdff5d5ba1f4 on host=com.splunk.hecclient.IndexerMock@853312a is not in map anymore
[pool-2-thread-1] ERROR com.splunk.hecclient.LoadBalancer - encountered exception when checking health of indexer dummyhost, this means indexer and its channels are removed from the loadbalancer
[pool-4-thread-1] ERROR com.splunk.hecclient.LoadBalancer - encountered exception when checking health of indexer dummyhost, this means indexer and its channels are removed from the loadbalancer
[pool-5-thread-1] ERROR com.splunk.hecclient.LoadBalancer - encountered exception when checking health of indexer dummyhost, this means indexer and its channels are removed from the loadbalancer
[pool-3-thread-1] ERROR com.splunk.hecclient.LoadBalancer - encountered exception when checking health of indexer dummyhost, this means indexer and its channels are removed from the loadbalancer
[pool-2-thread-1] ERROR com.splunk.hecclient.LoadBalancer - encountered exception when checking health of indexer dummyhost, this means indexer and its channels are removed from the loadbalancer
[pool-4-thread-1] ERROR com.splunk.hecclient.LoadBalancer - encountered exception when checking health of indexer dummyhost, this means indexer and its channels are removed from the loadbalancer
[pool-5-thread-1] ERROR com.splunk.hecclient.LoadBalancer - encountered exception when checking health of indexer dummyhost, this means indexer and its channels are removed from the loadbalancer
[pool-3-thread-1] ERROR com.splunk.hecclient.LoadBalancer - encountered exception when checking health of indexer dummyhost, this means indexer and its channels are removed from the loadbalancer
[pool-2-thread-1] ERROR com.splunk.hecclient.LoadBalancer - encountered exception when checking health of indexer dummyhost, this means indexer and its channels are removed from the loadbalancer
[pool-4-thread-1] ERROR com.splunk.hecclient.LoadBalancer - encountered exception when checking health of indexer dummyhost, this means indexer and its channels are removed from the loadbalancer
[pool-5-thread-1] ERROR com.splunk.hecclient.LoadBalancer - encountered exception when checking health of indexer dummyhost, this means indexer and its channels are removed from the loadbalancer
[pool-3-thread-1] ERROR com.splunk.hecclient.LoadBalancer - encountered exception when checking health of indexer dummyhost, this means indexer and its channels are removed from the loadbalancer
[pool-4-thread-1] ERROR com.splunk.hecclient.LoadBalancer - encountered exception when checking health of indexer dummyhost, this means indexer and its channels are removed from the loadbalancer
[pool-3-thread-1] ERROR com.splunk.hecclient.LoadBalancer - encountered exception when checking health of indexer dummyhost, this means indexer and its channels are removed from the loadbalancer
[pool-5-thread-1] ERROR com.splunk.hecclient.LoadBalancer - encountered exception when checking health of indexer dummyhost, this means indexer and its channels are removed from the loadbalancer
[pool-2-thread-1] ERROR com.splunk.hecclient.LoadBalancer - encountered exception when checking health of indexer dummyhost, this means indexer and its channels are removed from the loadbalancer
[pool-4-thread-1] ERROR com.splunk.hecclient.LoadBalancer - encountered exception when checking health of indexer dummyhost: Name or service not known, this means indexer and its channels are removed from the loadbalancer
[pool-5-thread-1] ERROR com.splunk.hecclient.LoadBalancer - encountered exception when checking health of indexer dummyhost, this means indexer and its channels are removed from the loadbalancer
[pool-2-thread-1] ERROR com.splunk.hecclient.LoadBalancer - encountered exception when checking health of indexer dummyhost, this means indexer and its channels are removed from the loadbalancer
[pool-3-thread-1] ERROR com.splunk.hecclient.LoadBalancer - encountered exception when checking health of indexer dummyhost, this means indexer and its channels are removed from the loadbalancer
[pool-4-thread-1] ERROR com.splunk.hecclient.LoadBalancer - encountered exception when checking health of indexer dummyhost, this means indexer and its channels are removed from the loadbalancer
[pool-3-thread-1] ERROR com.splunk.hecclient.LoadBalancer - encountered exception when checking health of indexer dummyhost, this means indexer and its channels are removed from the loadbalancer
[pool-5-thread-1] ERROR com.splunk.hecclient.LoadBalancer - encountered exception when checking health of indexer dummyhost, this means indexer and its channels are removed from the loadbalancer
[pool-2-thread-1] ERROR com.splunk.hecclient.LoadBalancer - encountered exception when checking health of indexer dummyhost, this means indexer and its channels are removed from the loadbalancer
[pool-4-thread-1] ERROR com.splunk.hecclient.LoadBalancer - encountered exception when checking health of indexer dummyhost, this means indexer and its channels are removed from the loadbalancer
[pool-3-thread-1] ERROR com.splunk.hecclient.LoadBalancer - encountered exception when checking health of indexer dummyhost, this means indexer and its channels are removed from the loadbalancer
[pool-5-thread-1] ERROR com.splunk.hecclient.LoadBalancer - encountered exception when checking health of indexer dummyhost, this means indexer and its channels are removed from the loadbalancer
[pool-2-thread-1] ERROR com.splunk.hecclient.LoadBalancer - encountered exception when checking health of indexer dummyhost, this means indexer and its channels are removed from the loadbalancer
[pool-4-thread-1] ERROR com.splunk.hecclient.LoadBalancer - encountered exception when checking health of indexer dummyhost, this means indexer and its channels are removed from the loadbalancer
[pool-3-thread-1] ERROR com.splunk.hecclient.LoadBalancer - encountered exception when checking health of indexer dummyhost, this means indexer and its channels are removed from the loadbalancer
[pool-5-thread-1] ERROR com.splunk.hecclient.LoadBalancer - encountered exception when checking health of indexer dummyhost, this means indexer and its channels are removed from the loadbalancer
[pool-2-thread-1] ERROR com.splunk.hecclient.LoadBalancer - encountered exception when checking health of indexer dummyhost, this means indexer and its channels are removed from the loadbalancer
[pool-4-thread-1] ERROR com.splunk.hecclient.LoadBalancer - encountered exception when checking health of indexer dummyhost, this means indexer and its channels are removed from the loadbalancer
[pool-3-thread-1] ERROR com.splunk.hecclient.LoadBalancer - encountered exception when checking health of indexer dummyhost, this means indexer and its channels are removed from the loadbalancer
[pool-5-thread-1] ERROR com.splunk.hecclient.LoadBalancer - encountered exception when checking health of indexer dummyhost, this means indexer and its channels are removed from the loadbalancer
[pool-2-thread-1] ERROR com.splunk.hecclient.LoadBalancer - encountered exception when checking health of indexer dummyhost, this means indexer and its channels are removed from the loadbalancer
[main] INFO com.splunk.hecclient.HecAckPoller - HecAckPoller stopped with 1 outstanding un-ACKed events
[pool-4-thread-1] ERROR com.splunk.hecclient.LoadBalancer - encountered exception when checking health of indexer dummyhost, this means indexer and its channels are removed from the loadbalancer
[pool-5-thread-1] ERROR com.splunk.hecclient.LoadBalancer - encountered exception when checking health of indexer dummyhost, this means indexer and its channels are removed from the loadbalancer
[pool-3-thread-1] ERROR com.splunk.hecclient.LoadBalancer - encountered exception when checking health of indexer dummyhost, this means indexer and its channels are removed from the loadbalancer
[pool-2-thread-1] ERROR com.splunk.hecclient.LoadBalancer - encountered exception when checking health of indexer dummyhost, this means indexer and its channels are removed from the loadbalancer
[pool-4-thread-1] ERROR com.splunk.hecclient.LoadBalancer - encountered exception when checking health of indexer dummyhost, this means indexer and its channels are removed from the loadbalancer
[pool-3-thread-1] ERROR com.splunk.hecclient.LoadBalancer - encountered exception when checking health of indexer dummyhost, this means indexer and its channels are removed from the loadbalancer
[pool-5-thread-1] ERROR com.splunk.hecclient.LoadBalancer - encountered exception when checking health of indexer dummyhost, this means indexer and its channels are removed from the loadbalancer
[pool-2-thread-1] ERROR com.splunk.hecclient.LoadBalancer - encountered exception when checking health of indexer dummyhost, this means indexer and its channels are removed from the loadbalancer
[pool-4-thread-1] ERROR com.splunk.hecclient.LoadBalancer - encountered exception when checking health of indexer dummyhost, this means indexer and its channels are removed from the loadbalancer
[pool-2-thread-1] ERROR com.splunk.hecclient.LoadBalancer - encountered exception when checking health of indexer dummyhost, this means indexer and its channels are removed from the loadbalancer
[pool-3-thread-1] ERROR com.splunk.hecclient.LoadBalancer - encountered exception when checking health of indexer dummyhost, this means indexer and its channels are removed from the loadbalancer
[pool-5-thread-1] ERROR com.splunk.hecclient.LoadBalancer - encountered exception when checking health of indexer dummyhost, this means indexer and its channels are removed from the loadbalancer
[pool-4-thread-1] ERROR com.splunk.hecclient.LoadBalancer - encountered exception when checking health of indexer dummyhost, this means indexer and its channels are removed from the loadbalancer
[pool-3-thread-1] ERROR com.splunk.hecclient.LoadBalancer - encountered exception when checking health of indexer dummyhost, this means indexer and its channels are removed from the loadbalancer
[pool-5-thread-1] ERROR com.splunk.hecclient.LoadBalancer - encountered exception when checking health of indexer dummyhost, this means indexer and its channels are removed from the loadbalancer
[pool-2-thread-1] ERROR com.splunk.hecclient.LoadBalancer - encountered exception when checking health of indexer dummyhost, this means indexer and its channels are removed from the loadbalancer
[pool-3-thread-1] ERROR com.splunk.hecclient.LoadBalancer - encountered exception when checking health of indexer dummyhost, this means indexer and its channels are removed from the loadbalancer
[pool-4-thread-1] ERROR com.splunk.hecclient.LoadBalancer - encountered exception when checking health of indexer dummyhost, this means indexer and its channels are removed from the loadbalancer
[pool-5-thread-1] ERROR com.splunk.hecclient.LoadBalancer - encountered exception when checking health of indexer dummyhost, this means indexer and its channels are removed from the loadbalancer
[pool-2-thread-1] ERROR com.splunk.hecclient.LoadBalancer - encountered exception when checking health of indexer dummyhost, this means indexer and its channels are removed from the loadbalancer
[pool-4-thread-1] ERROR com.splunk.hecclient.LoadBalancer - encountered exception when checking health of indexer dummyhost, this means indexer and its channels are removed from the loadbalancer
[pool-5-thread-1] ERROR com.splunk.hecclient.LoadBalancer - encountered exception when checking health of indexer dummyhost, this means indexer and its channels are removed from the loadbalancer
[pool-3-thread-1] ERROR com.splunk.hecclient.LoadBalancer - encountered exception when checking health of indexer dummyhost, this means indexer and its channels are removed from the loadbalancer
[pool-2-thread-1] ERROR com.splunk.hecclient.LoadBalancer - encountered exception when checking health of indexer dummyhost, this means indexer and its channels are removed from the loadbalancer
[pool-3-thread-1] ERROR com.splunk.hecclient.LoadBalancer - encountered exception when checking health of indexer dummyhost, this means indexer and its channels are removed from the loadbalancer
[pool-4-thread-1] ERROR com.splunk.hecclient.LoadBalancer - encountered exception when checking health of indexer dummyhost, this means indexer and its channels are removed from the loadbalancer
[pool-5-thread-1] ERROR com.splunk.hecclient.LoadBalancer - encountered exception when checking health of indexer dummyhost, this means indexer and its channels are removed from the loadbalancer
[pool-2-thread-1] ERROR com.splunk.hecclient.LoadBalancer - encountered exception when checking health of indexer dummyhost, this means indexer and its channels are removed from the loadbalancer
[pool-3-thread-1] ERROR com.splunk.hecclient.LoadBalancer - encountered exception when checking health of indexer dummyhost, this means indexer and its channels are removed from the loadbalancer
[pool-5-thread-1] ERROR com.splunk.hecclient.LoadBalancer - encountered exception when checking health of indexer dummyhost, this means indexer and its channels are removed from the loadbalancer
[pool-4-thread-1] ERROR com.splunk.hecclient.LoadBalancer - encountered exception when checking health of indexer dummyhost, this means indexer and its channels are removed from the loadbalancer
[pool-2-thread-1] ERROR com.splunk.hecclient.LoadBalancer - encountered exception when checking health of indexer dummyhost, this means indexer and its channels are removed from the loadbalancer
[pool-3-thread-1] ERROR com.splunk.hecclient.LoadBalancer - encountered exception when checking health of indexer dummyhost, this means indexer and its channels are removed from the loadbalancer
[pool-5-thread-1] ERROR com.splunk.hecclient.LoadBalancer - encountered exception when checking health of indexer dummyhost, this means indexer and its channels are removed from the loadbalancer
[pool-4-thread-1] ERROR com.splunk.hecclient.LoadBalancer - encountered exception when checking health of indexer dummyhost, this means indexer and its channels are removed from the loadbalancer
[pool-2-thread-1] ERROR com.splunk.hecclient.LoadBalancer - encountered exception when checking health of indexer dummyhost, this means indexer and its channels are removed from the loadbalancer
[pool-3-thread-1] ERROR com.splunk.hecclient.LoadBalancer - encountered exception when checking health of indexer dummyhost, this means indexer and its channels are removed from the loadbalancer
[pool-5-thread-1] ERROR com.splunk.hecclient.LoadBalancer - encountered exception when checking health of indexer dummyhost, this means indexer and its channels are removed from the loadbalancer
[pool-4-thread-1] ERROR com.splunk.hecclient.LoadBalancer - encountered exception when checking health of indexer dummyhost, this means indexer and its channels are removed from the loadbalancer
[pool-2-thread-1] ERROR com.splunk.hecclient.LoadBalancer - encountered exception when checking health of indexer dummyhost, this means indexer and its channels are removed from the loadbalancer
[pool-4-thread-1] ERROR com.splunk.hecclient.LoadBalancer - encountered exception when checking health of indexer dummyhost, this means indexer and its channels are removed from the loadbalancer
[pool-5-thread-1] ERROR com.splunk.hecclient.LoadBalancer - encountered exception when checking health of indexer dummyhost, this means indexer and its channels are removed from the loadbalancer
[pool-3-thread-1] ERROR com.splunk.hecclient.LoadBalancer - encountered exception when checking health of indexer dummyhost, this means indexer and its channels are removed from the loadbalancer
[pool-2-thread-1] ERROR com.splunk.hecclient.LoadBalancer - encountered exception when checking health of indexer dummyhost, this means indexer and its channels are removed from the loadbalancer
[pool-5-thread-1] ERROR com.splunk.hecclient.LoadBalancer - encountered exception when checking health of indexer dummyhost, this means indexer and its channels are removed from the loadbalancer
[pool-4-thread-1] ERROR com.splunk.hecclient.LoadBalancer - encountered exception when checking health of indexer dummyhost, this means indexer and its channels are removed from the loadbalancer
[pool-3-thread-1] ERROR com.splunk.hecclient.LoadBalancer - encountered exception when checking health of indexer dummyhost, this means indexer and its channels are removed from the loadbalancer
[pool-2-thread-1] ERROR com.splunk.hecclient.LoadBalancer - encountered exception when checking health of indexer dummyhost, this means indexer and its channels are removed from the loadbalancer
[pool-3-thread-1] ERROR com.splunk.hecclient.LoadBalancer - encountered exception when checking health of indexer dummyhost, this means indexer and its channels are removed from the loadbalancer
[pool-4-thread-1] ERROR com.splunk.hecclient.LoadBalancer - encountered exception when checking health of indexer dummyhost, this means indexer and its channels are removed from the loadbalancer
[pool-5-thread-1] ERROR com.splunk.hecclient.LoadBalancer - encountered exception when checking health of indexer dummyhost, this means indexer and its channels are removed from the loadbalancer
[pool-2-thread-1] ERROR com.splunk.hecclient.LoadBalancer - encountered exception when checking health of indexer dummyhost, this means indexer and its channels are removed from the loadbalancer
[pool-3-thread-1] ERROR com.splunk.hecclient.LoadBalancer - encountered exception when checking health of indexer dummyhost, this means indexer and its channels are removed from the loadbalancer
[pool-4-thread-1] ERROR com.splunk.hecclient.LoadBalancer - encountered exception when checking health of indexer dummyhost, this means indexer and its channels are removed from the loadbalancer
[pool-5-thread-1] ERROR com.splunk.hecclient.LoadBalancer - encountered exception when checking health of indexer dummyhost, this means indexer and its channels are removed from the loadbalancer
[pool-2-thread-1] ERROR com.splunk.hecclient.LoadBalancer - encountered exception when checking health of indexer dummyhost, this means indexer and its channels are removed from the loadbalancer
[pool-3-thread-1] ERROR com.splunk.hecclient.LoadBalancer - encountered exception when checking health of indexer dummyhost, this means indexer and its channels are removed from the loadbalancer
[pool-5-thread-1] ERROR com.splunk.hecclient.LoadBalancer - encountered exception when checking health of indexer dummyhost, this means indexer and its channels are removed from the loadbalancer
[pool-4-thread-1] ERROR com.splunk.hecclient.LoadBalancer - encountered exception when checking health of indexer dummyhost, this means indexer and its channels are removed from the loadbalancer
[pool-2-thread-1] ERROR com.splunk.hecclient.LoadBalancer - encountered exception when checking health of indexer dummyhost, this means indexer and its channels are removed from the loadbalancer
[pool-5-thread-1] ERROR com.splunk.hecclient.LoadBalancer - encountered exception when checking health of indexer dummyhost, this means indexer and its channels are removed from the loadbalancer
[pool-3-thread-1] ERROR com.splunk.hecclient.LoadBalancer - encountered exception when checking health of indexer dummyhost, this means indexer and its channels are removed from the loadbalancer
[pool-4-thread-1] ERROR com.splunk.hecclient.LoadBalancer - encountered exception when checking health of indexer dummyhost, this means indexer and its channels are removed from the loadbalancer
[pool-2-thread-1] ERROR com.splunk.hecclient.LoadBalancer - encountered exception when checking health of indexer dummyhost, this means indexer and its channels are removed from the loadbalancer
[HEC-ACK-poller-scheduler] INFO com.splunk.hecclient.HecAckPoller - start polling 1 outstanding acks for 1 channels
[HEC-ACK-poller-scheduler] INFO com.splunk.hecclient.HecAckPoller - polling 1 acks for channel=5fee7885-b11e-479b-9d55-deff109f1f90 on indexer=com.splunk.hecclient.IndexerMock@2ac8ca0a
[HEC-ACK-poller] INFO com.splunk.hecclient.HecAckPoller - polled 1 acks for channel=5fee7885-b11e-479b-9d55-deff109f1f90 on indexer=com.splunk.hecclient.IndexerMock@2ac8ca0a
[pool-5-thread-1] ERROR com.splunk.hecclient.LoadBalancer - encountered exception when checking health of indexer dummyhost, this means indexer and its channels are removed from the loadbalancer
[pool-3-thread-1] ERROR com.splunk.hecclient.LoadBalancer - encountered exception when checking health of indexer dummyhost, this means indexer and its channels are removed from the loadbalancer
[pool-4-thread-1] ERROR com.splunk.hecclient.LoadBalancer - encountered exception when checking health of indexer dummyhost, this means indexer and its channels are removed from the loadbalancer
[pool-2-thread-1] ERROR com.splunk.hecclient.LoadBalancer - encountered exception when checking health of indexer dummyhost, this means indexer and its channels are removed from the loadbalancer
[pool-5-thread-1] ERROR com.splunk.hecclient.LoadBalancer - encountered exception when checking health of indexer dummyhost, this means indexer and its channels are removed from the loadbalancer
[pool-3-thread-1] ERROR com.splunk.hecclient.LoadBalancer - encountered exception when checking health of indexer dummyhost, this means indexer and its channels are removed from the loadbalancer
[pool-4-thread-1] ERROR com.splunk.hecclient.LoadBalancer - encountered exception when checking health of indexer dummyhost, this means indexer and its channels are removed from the loadbalancer
[pool-2-thread-1] ERROR com.splunk.hecclient.LoadBalancer - encountered exception when checking health of indexer dummyhost, this means indexer and its channels are removed from the loadbalancer
[pool-3-thread-1] ERROR com.splunk.hecclient.LoadBalancer - encountered exception when checking health of indexer dummyhost, this means indexer and its channels are removed from the loadbalancer
[pool-5-thread-1] ERROR com.splunk.hecclient.LoadBalancer - encountered exception when checking health of indexer dummyhost, this means indexer and its channels are removed from the loadbalancer
[pool-4-thread-1] ERROR com.splunk.hecclient.LoadBalancer - encountered exception when checking health of indexer dummyhost, this means indexer and its channels are removed from the loadbalancer
[pool-2-thread-1] ERROR com.splunk.hecclient.LoadBalancer - encountered exception when checking health of indexer dummyhost, this means indexer and its channels are removed from the loadbalancer
[pool-5-thread-1] ERROR com.splunk.hecclient.LoadBalancer - encountered exception when checking health of indexer dummyhost, this means indexer and its channels are removed from the loadbalancer
[pool-4-thread-1] ERROR com.splunk.hecclient.LoadBalancer - encountered exception when checking health of indexer dummyhost, this means indexer and its channels are removed from the loadbalancer
[pool-2-thread-1] ERROR com.splunk.hecclient.LoadBalancer - encountered exception when checking health of indexer dummyhost, this means indexer and its channels are removed from the loadbalancer
[pool-3-thread-1] ERROR com.splunk.hecclient.LoadBalancer - encountered exception when checking health of indexer dummyhost, this means indexer and its channels are removed from the loadbalancer
[pool-5-thread-1] ERROR com.splunk.hecclient.LoadBalancer - encountered exception when checking health of indexer dummyhost, this means indexer and its channels are removed from the loadbalancer
[pool-4-thread-1] ERROR com.splunk.hecclient.LoadBalancer - encountered exception when checking health of indexer dummyhost, this means indexer and its channels are removed from the loadbalancer
[pool-2-thread-1] ERROR com.splunk.hecclient.LoadBalancer - encountered exception when checking health of indexer dummyhost, this means indexer and its channels are removed from the loadbalancer
[pool-3-thread-1] ERROR com.splunk.hecclient.LoadBalancer - encountered exception when checking health of indexer dummyhost, this means indexer and its channels are removed from the loadbalancer
[pool-5-thread-1] ERROR com.splunk.hecclient.LoadBalancer - encountered exception when checking health of indexer dummyhost, this means indexer and its channels are removed from the loadbalancer
[pool-2-thread-1] ERROR com.splunk.hecclient.LoadBalancer - encountered exception when checking health of indexer dummyhost, this means indexer and its channels are removed from the loadbalancer
[pool-4-thread-1] ERROR com.splunk.hecclient.LoadBalancer - encountered exception when checking health of indexer dummyhost, this means indexer and its channels are removed from the loadbalancer
[pool-3-thread-1] ERROR com.splunk.hecclient.LoadBalancer - encountered exception when checking health of indexer dummyhost, this means indexer and its channels are removed from the loadbalancer
[pool-5-thread-1] ERROR com.splunk.hecclient.LoadBalancer - encountered exception when checking health of indexer dummyhost, this means indexer and its channels are removed from the loadbalancer
[pool-4-thread-1] ERROR com.splunk.hecclient.LoadBalancer - encountered exception when checking health of indexer dummyhost, this means indexer and its channels are removed from the loadbalancer
[pool-2-thread-1] ERROR com.splunk.hecclient.LoadBalancer - encountered exception when checking health of indexer dummyhost, this means indexer and its channels are removed from the loadbalancer
[pool-3-thread-1] ERROR com.splunk.hecclient.LoadBalancer - encountered exception when checking health of indexer dummyhost, this means indexer and its channels are removed from the loadbalancer
[pool-4-thread-1] ERROR com.splunk.hecclient.LoadBalancer - encountered exception when checking health of indexer dummyhost, this means indexer and its channels are removed from the loadbalancer
[pool-5-thread-1] ERROR com.splunk.hecclient.LoadBalancer - encountered exception when checking health of indexer dummyhost, this means indexer and its channels are removed from the loadbalancer
[pool-2-thread-1] ERROR com.splunk.hecclient.LoadBalancer - encountered exception when checking health of indexer dummyhost, this means indexer and its channels are removed from the loadbalancer
[pool-3-thread-1] ERROR com.splunk.hecclient.LoadBalancer - encountered exception when checking health of indexer dummyhost, this means indexer and its channels are removed from the loadbalancer
[main] INFO com.splunk.hecclient.HecAckPoller - HecAckPoller stopped with 0 outstanding un-ACKed events
[pool-4-thread-1] ERROR com.splunk.hecclient.LoadBalancer - encountered exception when checking health of indexer dummyhost, this means indexer and its channels are removed from the loadbalancer
[pool-5-thread-1] ERROR com.splunk.hecclient.LoadBalancer - encountered exception when checking health of indexer dummyhost, this means indexer and its channels are removed from the loadbalancer
[pool-2-thread-1] ERROR com.splunk.hecclient.LoadBalancer - encountered exception when checking health of indexer dummyhost, this means indexer and its channels are removed from the loadbalancer
[pool-3-thread-1] ERROR com.splunk.hecclient.LoadBalancer - encountered exception when checking health of indexer dummyhost, this means indexer and its channels are removed from the loadbalancer
[pool-4-thread-1] ERROR com.splunk.hecclient.LoadBalancer - encountered exception when checking health of indexer dummyhost, this means indexer and its channels are removed from the loadbalancer
[pool-5-thread-1] ERROR com.splunk.hecclient.LoadBalancer - encountered exception when checking health of indexer dummyhost, this means indexer and its channels are removed from the loadbalancer
[pool-2-thread-1] ERROR com.splunk.hecclient.LoadBalancer - encountered exception when checking health of indexer dummyhost, this means indexer and its channels are removed from the loadbalancer
[pool-3-thread-1] ERROR com.splunk.hecclient.LoadBalancer - encountered exception when checking health of indexer dummyhost, this means indexer and its channels are removed from the loadbalancer
[pool-4-thread-1] ERROR com.splunk.hecclient.LoadBalancer - encountered exception when checking health of indexer dummyhost, this means indexer and its channels are removed from the loadbalancer
[pool-5-thread-1] ERROR com.splunk.hecclient.LoadBalancer - encountered exception when checking health of indexer dummyhost, this means indexer and its channels are removed from the loadbalancer
[pool-2-thread-1] ERROR com.splunk.hecclient.LoadBalancer - encountered exception when checking health of indexer dummyhost, this means indexer and its channels are removed from the loadbalancer
[pool-3-thread-1] ERROR com.splunk.hecclient.LoadBalancer - encountered exception when checking health of indexer dummyhost, this means indexer and its channels are removed from the loadbalancer
[pool-4-thread-1] ERROR com.splunk.hecclient.LoadBalancer - encountered exception when checking health of indexer dummyhost, this means indexer and its channels are removed from the loadbalancer
[pool-2-thread-1] ERROR com.splunk.hecclient.LoadBalancer - encountered exception when checking health of indexer dummyhost, this means indexer and its channels are removed from the loadbalancer
[pool-5-thread-1] ERROR com.splunk.hecclient.LoadBalancer - encountered exception when checking health of indexer dummyhost, this means indexer and its channels are removed from the loadbalancer
[pool-3-thread-1] ERROR com.splunk.hecclient.LoadBalancer - encountered exception when checking health of indexer dummyhost, this means indexer and its channels are removed from the loadbalancer
[pool-4-thread-1] ERROR com.splunk.hecclient.LoadBalancer - encountered exception when checking health of indexer dummyhost, this means indexer and its channels are removed from the loadbalancer
[pool-2-thread-1] ERROR com.splunk.hecclient.LoadBalancer - encountered exception when checking health of indexer dummyhost, this means indexer and its channels are removed from the loadbalancer
[pool-5-thread-1] ERROR com.splunk.hecclient.LoadBalancer - encountered exception when checking health of indexer dummyhost, this means indexer and its channels are removed from the loadbalancer
[pool-3-thread-1] ERROR com.splunk.hecclient.LoadBalancer - encountered exception when checking health of indexer dummyhost, this means indexer and its channels are removed from the loadbalancer
[pool-4-thread-1] ERROR com.splunk.hecclient.LoadBalancer - encountered exception when checking health of indexer dummyhost, this means indexer and its channels are removed from the loadbalancer
[pool-2-thread-1] ERROR com.splunk.hecclient.LoadBalancer - encountered exception when checking health of indexer dummyhost, this means indexer and its channels are removed from the loadbalancer
[pool-5-thread-1] ERROR com.splunk.hecclient.LoadBalancer - encountered exception when checking health of indexer dummyhost, this means indexer and its channels are removed from the loadbalancer
[pool-3-thread-1] ERROR com.splunk.hecclient.LoadBalancer - encountered exception when checking health of indexer dummyhost, this means indexer and its channels are removed from the loadbalancer
[pool-2-thread-1] ERROR com.splunk.hecclient.LoadBalancer - encountered exception when checking health of indexer dummyhost, this means indexer and its channels are removed from the loadbalancer
[pool-4-thread-1] ERROR com.splunk.hecclient.LoadBalancer - encountered exception when checking health of indexer dummyhost, this means indexer and its channels are removed from the loadbalancer
[pool-5-thread-1] ERROR com.splunk.hecclient.LoadBalancer - encountered exception when checking health of indexer dummyhost, this means indexer and its channels are removed from the loadbalancer
[pool-3-thread-1] ERROR com.splunk.hecclient.LoadBalancer - encountered exception when checking health of indexer dummyhost, this means indexer and its channels are removed from the loadbalancer
[pool-4-thread-1] ERROR com.splunk.hecclient.LoadBalancer - encountered exception when checking health of indexer dummyhost, this means indexer and its channels are removed from the loadbalancer
[pool-5-thread-1] ERROR com.splunk.hecclient.LoadBalancer - encountered exception when checking health of indexer dummyhost, this means indexer and its channels are removed from the loadbalancer
[pool-2-thread-1] ERROR com.splunk.hecclient.LoadBalancer - encountered exception when checking health of indexer dummyhost, this means indexer and its channels are removed from the loadbalancer
[pool-3-thread-1] ERROR com.splunk.hecclient.LoadBalancer - encountered exception when checking health of indexer dummyhost, this means indexer and its channels are removed from the loadbalancer
[pool-4-thread-1] ERROR com.splunk.hecclient.LoadBalancer - encountered exception when checking health of indexer dummyhost, this means indexer and its channels are removed from the loadbalancer
[pool-2-thread-1] ERROR com.splunk.hecclient.LoadBalancer - encountered exception when checking health of indexer dummyhost, this means indexer and its channels are removed from the loadbalancer
[pool-5-thread-1] ERROR com.splunk.hecclient.LoadBalancer - encountered exception when checking health of indexer dummyhost, this means indexer and its channels are removed from the loadbalancer
[pool-3-thread-1] ERROR com.splunk.hecclient.LoadBalancer - encountered exception when checking health of indexer dummyhost, this means indexer and its channels are removed from the loadbalancer
[pool-4-thread-1] ERROR com.splunk.hecclient.LoadBalancer - encountered exception when checking health of indexer dummyhost, this means indexer and its channels are removed from the loadbalancer
[pool-2-thread-1] ERROR com.splunk.hecclient.LoadBalancer - encountered exception when checking health of indexer dummyhost, this means indexer and its channels are removed from the loadbalancer
[pool-5-thread-1] ERROR com.splunk.hecclient.LoadBalancer - encountered exception when checking health of indexer dummyhost, this means indexer and its channels are removed from the loadbalancer
[pool-3-thread-1] ERROR com.splunk.hecclient.LoadBalancer - encountered exception when checking health of indexer dummyhost, this means indexer and its channels are removed from the loadbalancer
[pool-4-thread-1] ERROR com.splunk.hecclient.LoadBalancer - encountered exception when checking health of indexer dummyhost, this means indexer and its channels are removed from the loadbalancer
[pool-5-thread-1] ERROR com.splunk.hecclient.LoadBalancer - encountered exception when checking health of indexer dummyhost, this means indexer and its channels are removed from the loadbalancer
[pool-2-thread-1] ERROR com.splunk.hecclient.LoadBalancer - encountered exception when checking health of indexer dummyhost, this means indexer and its channels are removed from the loadbalancer
[pool-3-thread-1] ERROR com.splunk.hecclient.LoadBalancer - encountered exception when checking health of indexer dummyhost, this means indexer and its channels are removed from the loadbalancer
[pool-4-thread-1] ERROR com.splunk.hecclient.LoadBalancer - encountered exception when checking health of indexer dummyhost, this means indexer and its channels are removed from the loadbalancer
[pool-5-thread-1] ERROR com.splunk.hecclient.LoadBalancer - encountered exception when checking health of indexer dummyhost, this means indexer and its channels are removed from the loadbalancer
[pool-2-thread-1] ERROR com.splunk.hecclient.LoadBalancer - encountered exception when checking health of indexer dummyhost, this means indexer and its channels are removed from the loadbalancer
[pool-3-thread-1] ERROR com.splunk.hecclient.LoadBalancer - encountered exception when checking health of indexer dummyhost, this means indexer and its channels are removed from the loadbalancer
[pool-4-thread-1] ERROR com.splunk.hecclient.LoadBalancer - encountered exception when checking health of indexer dummyhost, this means indexer and its channels are removed from the loadbalancer
[pool-5-thread-1] ERROR com.splunk.hecclient.LoadBalancer - encountered exception when checking health of indexer dummyhost, this means indexer and its channels are removed from the loadbalancer
[pool-2-thread-1] ERROR com.splunk.hecclient.LoadBalancer - encountered exception when checking health of indexer dummyhost, this means indexer and its channels are removed from the loadbalancer
[pool-3-thread-1] ERROR com.splunk.hecclient.LoadBalancer - encountered exception when checking health of indexer dummyhost, this means indexer and its channels are removed from the loadbalancer
[pool-4-thread-1] ERROR com.splunk.hecclient.LoadBalancer - encountered exception when checking health of indexer dummyhost, this means indexer and its channels are removed from the loadbalancer
[pool-5-thread-1] ERROR com.splunk.hecclient.LoadBalancer - encountered exception when checking health of indexer dummyhost, this means indexer and its channels are removed from the loadbalancer
[pool-2-thread-1] ERROR com.splunk.hecclient.LoadBalancer - encountered exception when checking health of indexer dummyhost, this means indexer and its channels are removed from the loadbalancer
[pool-3-thread-1] ERROR com.splunk.hecclient.LoadBalancer - encountered exception when checking health of indexer dummyhost, this means indexer and its channels are removed from the loadbalancer
[pool-4-thread-1] ERROR com.splunk.hecclient.LoadBalancer - encountered exception when checking health of indexer dummyhost, this means indexer and its channels are removed from the loadbalancer
[pool-5-thread-1] ERROR com.splunk.hecclient.LoadBalancer - encountered exception when checking health of indexer dummyhost, this means indexer and its channels are removed from the loadbalancer
[pool-2-thread-1] ERROR com.splunk.hecclient.LoadBalancer - encountered exception when checking health of indexer dummyhost, this means indexer and its channels are removed from the loadbalancer
[pool-3-thread-1] ERROR com.splunk.hecclient.LoadBalancer - encountered exception when checking health of indexer dummyhost, this means indexer and its channels are removed from the loadbalancer
[pool-4-thread-1] ERROR com.splunk.hecclient.LoadBalancer - encountered exception when checking health of indexer dummyhost, this means indexer and its channels are removed from the loadbalancer
[pool-5-thread-1] ERROR com.splunk.hecclient.LoadBalancer - encountered exception when checking health of indexer dummyhost, this means indexer and its channels are removed from the loadbalancer
[pool-2-thread-1] ERROR com.splunk.hecclient.LoadBalancer - encountered exception when checking health of indexer dummyhost, this means indexer and its channels are removed from the loadbalancer
[pool-3-thread-1] ERROR com.splunk.hecclient.LoadBalancer - encountered exception when checking health of indexer dummyhost, this means indexer and its channels are removed from the loadbalancer
[pool-4-thread-1] ERROR com.splunk.hecclient.LoadBalancer - encountered exception when checking health of indexer dummyhost, this means indexer and its channels are removed from the loadbalancer
[pool-5-thread-1] ERROR com.splunk.hecclient.LoadBalancer - encountered exception when checking health of indexer dummyhost, this means indexer and its channels are removed from the loadbalancer
[pool-2-thread-1] ERROR com.splunk.hecclient.LoadBalancer - encountered exception when checking health of indexer dummyhost, this means indexer and its channels are removed from the loadbalancer
[pool-3-thread-1] ERROR com.splunk.hecclient.LoadBalancer - encountered exception when checking health of indexer dummyhost, this means indexer and its channels are removed from the loadbalancer
[HEC-ACK-poller-scheduler] INFO com.splunk.hecclient.HecAckPoller - start polling 1 outstanding acks for 1 channels
[HEC-ACK-poller-scheduler] INFO com.splunk.hecclient.HecAckPoller - polling 1 acks for channel=5db5a9f5-0398-4a3a-b61a-9955892a5a88 on indexer=com.splunk.hecclient.IndexerMock@7d7594d3
[HEC-ACK-poller] INFO com.splunk.hecclient.HecAckPoller - no ackIds are ready for channel=5db5a9f5-0398-4a3a-b61a-9955892a5a88 on indexer=com.splunk.hecclient.IndexerMock@7d7594d3
[pool-4-thread-1] ERROR com.splunk.hecclient.LoadBalancer - encountered exception when checking health of indexer dummyhost, this means indexer and its channels are removed from the loadbalancer
[pool-5-thread-1] ERROR com.splunk.hecclient.LoadBalancer - encountered exception when checking health of indexer dummyhost, this means indexer and its channels are removed from the loadbalancer
[pool-2-thread-1] ERROR com.splunk.hecclient.LoadBalancer - encountered exception when checking health of indexer dummyhost, this means indexer and its channels are removed from the loadbalancer
[pool-3-thread-1] ERROR com.splunk.hecclient.LoadBalancer - encountered exception when checking health of indexer dummyhost, this means indexer and its channels are removed from the loadbalancer
[pool-4-thread-1] ERROR com.splunk.hecclient.LoadBalancer - encountered exception when checking health of indexer dummyhost, this means indexer and its channels are removed from the loadbalancer
[pool-5-thread-1] ERROR com.splunk.hecclient.LoadBalancer - encountered exception when checking health of indexer dummyhost, this means indexer and its channels are removed from the loadbalancer
[pool-2-thread-1] ERROR com.splunk.hecclient.LoadBalancer - encountered exception when checking health of indexer dummyhost, this means indexer and its channels are removed from the loadbalancer
[pool-3-thread-1] ERROR com.splunk.hecclient.LoadBalancer - encountered exception when checking health of indexer dummyhost, this means indexer and its channels are removed from the loadbalancer
[pool-4-thread-1] ERROR com.splunk.hecclient.LoadBalancer - encountered exception when checking health of indexer dummyhost, this means indexer and its channels are removed from the loadbalancer
[pool-5-thread-1] ERROR com.splunk.hecclient.LoadBalancer - encountered exception when checking health of indexer dummyhost, this means indexer and its channels are removed from the loadbalancer
[pool-2-thread-1] ERROR com.splunk.hecclient.LoadBalancer - encountered exception when checking health of indexer dummyhost, this means indexer and its channels are removed from the loadbalancer
[pool-3-thread-1] ERROR com.splunk.hecclient.LoadBalancer - encountered exception when checking health of indexer dummyhost, this means indexer and its channels are removed from the loadbalancer
[pool-4-thread-1] ERROR com.splunk.hecclient.LoadBalancer - encountered exception when checking health of indexer dummyhost, this means indexer and its channels are removed from the loadbalancer
[pool-5-thread-1] ERROR com.splunk.hecclient.LoadBalancer - encountered exception when checking health of indexer dummyhost, this means indexer and its channels are removed from the loadbalancer
[pool-2-thread-1] ERROR com.splunk.hecclient.LoadBalancer - encountered exception when checking health of indexer dummyhost, this means indexer and its channels are removed from the loadbalancer
[pool-3-thread-1] ERROR com.splunk.hecclient.LoadBalancer - encountered exception when checking health of indexer dummyhost, this means indexer and its channels are removed from the loadbalancer
[pool-4-thread-1] ERROR com.splunk.hecclient.LoadBalancer - encountered exception when checking health of indexer dummyhost, this means indexer and its channels are removed from the loadbalancer
[pool-5-thread-1] ERROR com.splunk.hecclient.LoadBalancer - encountered exception when checking health of indexer dummyhost, this means indexer and its channels are removed from the loadbalancer
[pool-2-thread-1] ERROR com.splunk.hecclient.LoadBalancer - encountered exception when checking health of indexer dummyhost, this means indexer and its channels are removed from the loadbalancer
[pool-3-thread-1] ERROR com.splunk.hecclient.LoadBalancer - encountered exception when checking health of indexer dummyhost, this means indexer and its channels are removed from the loadbalancer
[pool-4-thread-1] ERROR com.splunk.hecclient.LoadBalancer - encountered exception when checking health of indexer dummyhost, this means indexer and its channels are removed from the loadbalancer
[pool-2-thread-1] ERROR com.splunk.hecclient.LoadBalancer - encountered exception when checking health of indexer dummyhost, this means indexer and its channels are removed from the loadbalancer
[pool-5-thread-1] ERROR com.splunk.hecclient.LoadBalancer - encountered exception when checking health of indexer dummyhost, this means indexer and its channels are removed from the loadbalancer
[pool-3-thread-1] ERROR com.splunk.hecclient.LoadBalancer - encountered exception when checking health of indexer dummyhost, this means indexer and its channels are removed from the loadbalancer
[pool-4-thread-1] ERROR com.splunk.hecclient.LoadBalancer - encountered exception when checking health of indexer dummyhost, this means indexer and its channels are removed from the loadbalancer
[pool-5-thread-1] ERROR com.splunk.hecclient.LoadBalancer - encountered exception when checking health of indexer dummyhost, this means indexer and its channels are removed from the loadbalancer
[pool-2-thread-1] ERROR com.splunk.hecclient.LoadBalancer - encountered exception when checking health of indexer dummyhost, this means indexer and its channels are removed from the loadbalancer
[pool-3-thread-1] ERROR com.splunk.hecclient.LoadBalancer - encountered exception when checking health of indexer dummyhost, this means indexer and its channels are removed from the loadbalancer
[pool-4-thread-1] ERROR com.splunk.hecclient.LoadBalancer - encountered exception when checking health of indexer dummyhost, this means indexer and its channels are removed from the loadbalancer
[pool-2-thread-1] ERROR com.splunk.hecclient.LoadBalancer - encountered exception when checking health of indexer dummyhost, this means indexer and its channels are removed from the loadbalancer
[pool-5-thread-1] ERROR com.splunk.hecclient.LoadBalancer - encountered exception when checking health of indexer dummyhost, this means indexer and its channels are removed from the loadbalancer
[pool-3-thread-1] ERROR com.splunk.hecclient.LoadBalancer - encountered exception when checking health of indexer dummyhost, this means indexer and its channels are removed from the loadbalancer
[pool-4-thread-1] ERROR com.splunk.hecclient.LoadBalancer - encountered exception when checking health of indexer dummyhost, this means indexer and its channels are removed from the loadbalancer
[pool-2-thread-1] ERROR com.splunk.hecclient.LoadBalancer - encountered exception when checking health of indexer dummyhost, this means indexer and its channels are removed from the loadbalancer
[pool-5-thread-1] ERROR com.splunk.hecclient.LoadBalancer - encountered exception when checking health of indexer dummyhost, this means indexer and its channels are removed from the loadbalancer
[pool-3-thread-1] ERROR com.splunk.hecclient.LoadBalancer - encountered exception when checking health of indexer dummyhost, this means indexer and its channels are removed from the loadbalancer
[pool-4-thread-1] ERROR com.splunk.hecclient.LoadBalancer - encountered exception when checking health of indexer dummyhost, this means indexer and its channels are removed from the loadbalancer
[pool-5-thread-1] ERROR com.splunk.hecclient.LoadBalancer - encountered exception when checking health of indexer dummyhost, this means indexer and its channels are removed from the loadbalancer
[pool-2-thread-1] ERROR com.splunk.hecclient.LoadBalancer - encountered exception when checking health of indexer dummyhost, this means indexer and its channels are removed from the loadbalancer
[pool-3-thread-1] ERROR com.splunk.hecclient.LoadBalancer - encountered exception when checking health of indexer dummyhost, this means indexer and its channels are removed from the loadbalancer
[pool-4-thread-1] ERROR com.splunk.hecclient.LoadBalancer - encountered exception when checking health of indexer dummyhost, this means indexer and its channels are removed from the loadbalancer
[pool-5-thread-1] ERROR com.splunk.hecclient.LoadBalancer - encountered exception when checking health of indexer dummyhost, this means indexer and its channels are removed from the loadbalancer
[pool-2-thread-1] ERROR com.splunk.hecclient.LoadBalancer - encountered exception when checking health of indexer dummyhost, this means indexer and its channels are removed from the loadbalancer
[pool-3-thread-1] ERROR com.splunk.hecclient.LoadBalancer - encountered exception when checking health of indexer dummyhost, this means indexer and its channels are removed from the loadbalancer
[pool-4-thread-1] ERROR com.splunk.hecclient.LoadBalancer - encountered exception when checking health of indexer dummyhost, this means indexer and its channels are removed from the loadbalancer
[pool-5-thread-1] ERROR com.splunk.hecclient.LoadBalancer - encountered exception when checking health of indexer dummyhost, this means indexer and its channels are removed from the loadbalancer
[pool-2-thread-1] ERROR com.splunk.hecclient.LoadBalancer - encountered exception when checking health of indexer dummyhost, this means indexer and its channels are removed from the loadbalancer
[pool-3-thread-1] ERROR com.splunk.hecclient.LoadBalancer - encountered exception when checking health of indexer dummyhost, this means indexer and its channels are removed from the loadbalancer
[pool-4-thread-1] ERROR com.splunk.hecclient.LoadBalancer - encountered exception when checking health of indexer dummyhost, this means indexer and its channels are removed from the loadbalancer
[pool-5-thread-1] ERROR com.splunk.hecclient.LoadBalancer - encountered exception when checking health of indexer dummyhost, this means indexer and its channels are removed from the loadbalancer
[pool-2-thread-1] ERROR com.splunk.hecclient.LoadBalancer - encountered exception when checking health of indexer dummyhost, this means indexer and its channels are removed from the loadbalancer
[pool-3-thread-1] ERROR com.splunk.hecclient.LoadBalancer - encountered exception when checking health of indexer dummyhost, this means indexer and its channels are removed from the loadbalancer
[pool-4-thread-1] ERROR com.splunk.hecclient.LoadBalancer - encountered exception when checking health of indexer dummyhost, this means indexer and its channels are removed from the loadbalancer
[pool-5-thread-1] ERROR com.splunk.hecclient.LoadBalancer - encountered exception when checking health of indexer dummyhost, this means indexer and its channels are removed from the loadbalancer
[pool-2-thread-1] ERROR com.splunk.hecclient.LoadBalancer - encountered exception when checking health of indexer dummyhost, this means indexer and its channels are removed from the loadbalancer
[pool-3-thread-1] ERROR com.splunk.hecclient.LoadBalancer - encountered exception when checking health of indexer dummyhost, this means indexer and its channels are removed from the loadbalancer
[pool-4-thread-1] ERROR com.splunk.hecclient.LoadBalancer - encountered exception when checking health of indexer dummyhost, this means indexer and its channels are removed from the loadbalancer
[pool-5-thread-1] ERROR com.splunk.hecclient.LoadBalancer - encountered exception when checking health of indexer dummyhost, this means indexer and its channels are removed from the loadbalancer
[pool-2-thread-1] ERROR com.splunk.hecclient.LoadBalancer - encountered exception when checking health of indexer dummyhost, this means indexer and its channels are removed from the loadbalancer
[pool-3-thread-1] ERROR com.splunk.hecclient.LoadBalancer - encountered exception when checking health of indexer dummyhost, this means indexer and its channels are removed from the loadbalancer
[pool-4-thread-1] ERROR com.splunk.hecclient.LoadBalancer - encountered exception when checking health of indexer dummyhost, this means indexer and its channels are removed from the loadbalancer
[pool-2-thread-1] ERROR com.splunk.hecclient.LoadBalancer - encountered exception when checking health of indexer dummyhost, this means indexer and its channels are removed from the loadbalancer
[pool-5-thread-1] ERROR com.splunk.hecclient.LoadBalancer - encountered exception when checking health of indexer dummyhost, this means indexer and its channels are removed from the loadbalancer
[pool-3-thread-1] ERROR com.splunk.hecclient.LoadBalancer - encountered exception when checking health of indexer dummyhost, this means indexer and its channels are removed from the loadbalancer
[pool-4-thread-1] ERROR com.splunk.hecclient.LoadBalancer - encountered exception when checking health of indexer dummyhost, this means indexer and its channels are removed from the loadbalancer
[pool-2-thread-1] ERROR com.splunk.hecclient.LoadBalancer - encountered exception when checking health of indexer dummyhost, this means indexer and its channels are removed from the loadbalancer
[pool-5-thread-1] ERROR com.splunk.hecclient.LoadBalancer - encountered exception when checking health of indexer dummyhost, this means indexer and its channels are removed from the loadbalancer
[pool-3-thread-1] ERROR com.splunk.hecclient.LoadBalancer - encountered exception when checking health of indexer dummyhost, this means indexer and its channels are removed from the loadbalancer
[HEC-ACK-poller-scheduler] INFO com.splunk.hecclient.HecAckPoller - start polling 1 outstanding acks for 1 channels
[HEC-ACK-poller-scheduler] WARN com.splunk.hecclient.EventBatch - timed out event batch after 3 seconds not acked
[HEC-ACK-poller-scheduler] WARN com.splunk.hecclient.HecAckPoller - detected 1 event batches timedout
[pool-4-thread-1] ERROR com.splunk.hecclient.LoadBalancer - encountered exception when checking health of indexer dummyhost, this means indexer and its channels are removed from the loadbalancer
[pool-2-thread-1] ERROR com.splunk.hecclient.LoadBalancer - encountered exception when checking health of indexer dummyhost, this means indexer and its channels are removed from the loadbalancer
[pool-5-thread-1] ERROR com.splunk.hecclient.LoadBalancer - encountered exception when checking health of indexer dummyhost, this means indexer and its channels are removed from the loadbalancer
[pool-3-thread-1] ERROR com.splunk.hecclient.LoadBalancer - encountered exception when checking health of indexer dummyhost, this means indexer and its channels are removed from the loadbalancer
[pool-2-thread-1] ERROR com.splunk.hecclient.LoadBalancer - encountered exception when checking health of indexer dummyhost, this means indexer and its channels are removed from the loadbalancer
[pool-4-thread-1] ERROR com.splunk.hecclient.LoadBalancer - encountered exception when checking health of indexer dummyhost, this means indexer and its channels are removed from the loadbalancer
[pool-5-thread-1] ERROR com.splunk.hecclient.LoadBalancer - encountered exception when checking health of indexer dummyhost, this means indexer and its channels are removed from the loadbalancer
[pool-3-thread-1] ERROR com.splunk.hecclient.LoadBalancer - encountered exception when checking health of indexer dummyhost, this means indexer and its channels are removed from the loadbalancer
[pool-2-thread-1] ERROR com.splunk.hecclient.LoadBalancer - encountered exception when checking health of indexer dummyhost, this means indexer and its channels are removed from the loadbalancer
[pool-4-thread-1] ERROR com.splunk.hecclient.LoadBalancer - encountered exception when checking health of indexer dummyhost, this means indexer and its channels are removed from the loadbalancer
[pool-5-thread-1] ERROR com.splunk.hecclient.LoadBalancer - encountered exception when checking health of indexer dummyhost, this means indexer and its channels are removed from the loadbalancer
[pool-3-thread-1] ERROR com.splunk.hecclient.LoadBalancer - encountered exception when checking health of indexer dummyhost, this means indexer and its channels are removed from the loadbalancer
[pool-4-thread-1] ERROR com.splunk.hecclient.LoadBalancer - encountered exception when checking health of indexer dummyhost, this means indexer and its channels are removed from the loadbalancer
[pool-2-thread-1] ERROR com.splunk.hecclient.LoadBalancer - encountered exception when checking health of indexer dummyhost, this means indexer and its channels are removed from the loadbalancer
[pool-5-thread-1] ERROR com.splunk.hecclient.LoadBalancer - encountered exception when checking health of indexer dummyhost, this means indexer and its channels are removed from the loadbalancer
[pool-3-thread-1] ERROR com.splunk.hecclient.LoadBalancer - encountered exception when checking health of indexer dummyhost, this means indexer and its channels are removed from the loadbalancer
[pool-4-thread-1] ERROR com.splunk.hecclient.LoadBalancer - encountered exception when checking health of indexer dummyhost, this means indexer and its channels are removed from the loadbalancer
[pool-5-thread-1] ERROR com.splunk.hecclient.LoadBalancer - encountered exception when checking health of indexer dummyhost, this means indexer and its channels are removed from the loadbalancer
[pool-2-thread-1] ERROR com.splunk.hecclient.LoadBalancer - encountered exception when checking health of indexer dummyhost, this means indexer and its channels are removed from the loadbalancer
[pool-3-thread-1] ERROR com.splunk.hecclient.LoadBalancer - encountered exception when checking health of indexer dummyhost, this means indexer and its channels are removed from the loadbalancer
[pool-4-thread-1] ERROR com.splunk.hecclient.LoadBalancer - encountered exception when checking health of indexer dummyhost, this means indexer and its channels are removed from the loadbalancer
[pool-5-thread-1] ERROR com.splunk.hecclient.LoadBalancer - encountered exception when checking health of indexer dummyhost, this means indexer and its channels are removed from the loadbalancer
[pool-2-thread-1] ERROR com.splunk.hecclient.LoadBalancer - encountered exception when checking health of indexer dummyhost, this means indexer and its channels are removed from the loadbalancer
[pool-3-thread-1] ERROR com.splunk.hecclient.LoadBalancer - encountered exception when checking health of indexer dummyhost, this means indexer and its channels are removed from the loadbalancer
[pool-4-thread-1] ERROR com.splunk.hecclient.LoadBalancer - encountered exception when checking health of indexer dummyhost, this means indexer and its channels are removed from the loadbalancer
[pool-2-thread-1] ERROR com.splunk.hecclient.LoadBalancer - encountered exception when checking health of indexer dummyhost, this means indexer and its channels are removed from the loadbalancer
[pool-5-thread-1] ERROR com.splunk.hecclient.LoadBalancer - encountered exception when checking health of indexer dummyhost, this means indexer and its channels are removed from the loadbalancer
[pool-3-thread-1] ERROR com.splunk.hecclient.LoadBalancer - encountered exception when checking health of indexer dummyhost, this means indexer and its channels are removed from the loadbalancer
[pool-2-thread-1] ERROR com.splunk.hecclient.LoadBalancer - encountered exception when checking health of indexer dummyhost, this means indexer and its channels are removed from the loadbalancer
[pool-4-thread-1] ERROR com.splunk.hecclient.LoadBalancer - encountered exception when checking health of indexer dummyhost, this means indexer and its channels are removed from the loadbalancer
[pool-5-thread-1] ERROR com.splunk.hecclient.LoadBalancer - encountered exception when checking health of indexer dummyhost, this means indexer and its channels are removed from the loadbalancer
[pool-3-thread-1] ERROR com.splunk.hecclient.LoadBalancer - encountered exception when checking health of indexer dummyhost, this means indexer and its channels are removed from the loadbalancer
[main] INFO com.splunk.hecclient.HecAckPoller - HecAckPoller stopped with 0 outstanding un-ACKed events
[pool-2-thread-1] ERROR com.splunk.hecclient.LoadBalancer - encountered exception when checking health of indexer dummyhost, this means indexer and its channels are removed from the loadbalancer
[pool-4-thread-1] ERROR com.splunk.hecclient.LoadBalancer - encountered exception when checking health of indexer dummyhost, this means indexer and its channels are removed from the loadbalancer
[pool-5-thread-1] ERROR com.splunk.hecclient.LoadBalancer - encountered exception when checking health of indexer dummyhost, this means indexer and its channels are removed from the loadbalancer
[pool-3-thread-1] ERROR com.splunk.hecclient.LoadBalancer - encountered exception when checking health of indexer dummyhost, this means indexer and its channels are removed from the loadbalancer
[pool-5-thread-1] ERROR com.splunk.hecclient.LoadBalancer - encountered exception when checking health of indexer dummyhost, this means indexer and its channels are removed from the loadbalancer
[pool-2-thread-1] ERROR com.splunk.hecclient.LoadBalancer - encountered exception when checking health of indexer dummyhost, this means indexer and its channels are removed from the loadbalancer
[pool-4-thread-1] ERROR com.splunk.hecclient.LoadBalancer - encountered exception when checking health of indexer dummyhost, this means indexer and its channels are removed from the loadbalancer
[pool-3-thread-1] ERROR com.splunk.hecclient.LoadBalancer - encountered exception when checking health of indexer dummyhost, this means indexer and its channels are removed from the loadbalancer
[pool-5-thread-1] ERROR com.splunk.hecclient.LoadBalancer - encountered exception when checking health of indexer dummyhost, this means indexer and its channels are removed from the loadbalancer
[pool-4-thread-1] ERROR com.splunk.hecclient.LoadBalancer - encountered exception when checking health of indexer dummyhost, this means indexer and its channels are removed from the loadbalancer
[pool-2-thread-1] ERROR com.splunk.hecclient.LoadBalancer - encountered exception when checking health of indexer dummyhost, this means indexer and its channels are removed from the loadbalancer
[pool-3-thread-1] ERROR com.splunk.hecclient.LoadBalancer - encountered exception when checking health of indexer dummyhost, this means indexer and its channels are removed from the loadbalancer
[pool-5-thread-1] ERROR com.splunk.hecclient.LoadBalancer - encountered exception when checking health of indexer dummyhost, this means indexer and its channels are removed from the loadbalancer
[pool-4-thread-1] ERROR com.splunk.hecclient.LoadBalancer - encountered exception when checking health of indexer dummyhost, this means indexer and its channels are removed from the loadbalancer
[pool-2-thread-1] ERROR com.splunk.hecclient.LoadBalancer - encountered exception when checking health of indexer dummyhost, this means indexer and its channels are removed from the loadbalancer
[pool-3-thread-1] ERROR com.splunk.hecclient.LoadBalancer - encountered exception when checking health of indexer dummyhost, this means indexer and its channels are removed from the loadbalancer
[pool-5-thread-1] ERROR com.splunk.hecclient.LoadBalancer - encountered exception when checking health of indexer dummyhost, this means indexer and its channels are removed from the loadbalancer
[pool-4-thread-1] ERROR com.splunk.hecclient.LoadBalancer - encountered exception when checking health of indexer dummyhost, this means indexer and its channels are removed from the loadbalancer
[pool-3-thread-1] ERROR com.splunk.hecclient.LoadBalancer - encountered exception when checking health of indexer dummyhost, this means indexer and its channels are removed from the loadbalancer
[pool-2-thread-1] ERROR com.splunk.hecclient.LoadBalancer - encountered exception when checking health of indexer dummyhost, this means indexer and its channels are removed from the loadbalancer
[pool-5-thread-1] ERROR com.splunk.hecclient.LoadBalancer - encountered exception when checking health of indexer dummyhost, this means indexer and its channels are removed from the loadbalancer
[pool-3-thread-1] ERROR com.splunk.hecclient.LoadBalancer - encountered exception when checking health of indexer dummyhost, this means indexer and its channels are removed from the loadbalancer
[pool-4-thread-1] ERROR com.splunk.hecclient.LoadBalancer - encountered exception when checking health of indexer dummyhost, this means indexer and its channels are removed from the loadbalancer
[pool-2-thread-1] ERROR com.splunk.hecclient.LoadBalancer - encountered exception when checking health of indexer dummyhost, this means indexer and its channels are removed from the loadbalancer
[pool-5-thread-1] ERROR com.splunk.hecclient.LoadBalancer - encountered exception when checking health of indexer dummyhost, this means indexer and its channels are removed from the loadbalancer
[pool-4-thread-1] ERROR com.splunk.hecclient.LoadBalancer - encountered exception when checking health of indexer dummyhost, this means indexer and its channels are removed from the loadbalancer
[pool-2-thread-1] ERROR com.splunk.hecclient.LoadBalancer - encountered exception when checking health of indexer dummyhost, this means indexer and its channels are removed from the loadbalancer
[pool-3-thread-1] ERROR com.splunk.hecclient.LoadBalancer - encountered exception when checking health of indexer dummyhost, this means indexer and its channels are removed from the loadbalancer
[pool-5-thread-1] ERROR com.splunk.hecclient.LoadBalancer - encountered exception when checking health of indexer dummyhost, this means indexer and its channels are removed from the loadbalancer
[pool-4-thread-1] ERROR com.splunk.hecclient.LoadBalancer - encountered exception when checking health of indexer dummyhost, this means indexer and its channels are removed from the loadbalancer
[pool-2-thread-1] ERROR com.splunk.hecclient.LoadBalancer - encountered exception when checking health of indexer dummyhost, this means indexer and its channels are removed from the loadbalancer
[pool-3-thread-1] ERROR com.splunk.hecclient.LoadBalancer - encountered exception when checking health of indexer dummyhost, this means indexer and its channels are removed from the loadbalancer
[pool-5-thread-1] ERROR com.splunk.hecclient.LoadBalancer - encountered exception when checking health of indexer dummyhost, this means indexer and its channels are removed from the loadbalancer
[pool-2-thread-1] ERROR com.splunk.hecclient.LoadBalancer - encountered exception when checking health of indexer dummyhost, this means indexer and its channels are removed from the loadbalancer
[pool-3-thread-1] ERROR com.splunk.hecclient.LoadBalancer - encountered exception when checking health of indexer dummyhost, this means indexer and its channels are removed from the loadbalancer
[pool-4-thread-1] ERROR com.splunk.hecclient.LoadBalancer - encountered exception when checking health of indexer dummyhost, this means indexer and its channels are removed from the loadbalancer
[pool-5-thread-1] ERROR com.splunk.hecclient.LoadBalancer - encountered exception when checking health of indexer dummyhost, this means indexer and its channels are removed from the loadbalancer
[pool-4-thread-1] ERROR com.splunk.hecclient.LoadBalancer - encountered exception when checking health of indexer dummyhost, this means indexer and its channels are removed from the loadbalancer
[pool-3-thread-1] ERROR com.splunk.hecclient.LoadBalancer - encountered exception when checking health of indexer dummyhost, this means indexer and its channels are removed from the loadbalancer
[pool-2-thread-1] ERROR com.splunk.hecclient.LoadBalancer - encountered exception when checking health of indexer dummyhost, this means indexer and its channels are removed from the loadbalancer
[pool-5-thread-1] ERROR com.splunk.hecclient.LoadBalancer - encountered exception when checking health of indexer dummyhost, this means indexer and its channels are removed from the loadbalancer
[pool-4-thread-1] ERROR com.splunk.hecclient.LoadBalancer - encountered exception when checking health of indexer dummyhost, this means indexer and its channels are removed from the loadbalancer
[pool-3-thread-1] ERROR com.splunk.hecclient.LoadBalancer - encountered exception when checking health of indexer dummyhost, this means indexer and its channels are removed from the loadbalancer
[pool-2-thread-1] ERROR com.splunk.hecclient.LoadBalancer - encountered exception when checking health of indexer dummyhost, this means indexer and its channels are removed from the loadbalancer
[pool-5-thread-1] ERROR com.splunk.hecclient.LoadBalancer - encountered exception when checking health of indexer dummyhost, this means indexer and its channels are removed from the loadbalancer
[pool-4-thread-1] ERROR com.splunk.hecclient.LoadBalancer - encountered exception when checking health of indexer dummyhost, this means indexer and its channels are removed from the loadbalancer
[pool-2-thread-1] ERROR com.splunk.hecclient.LoadBalancer - encountered exception when checking health of indexer dummyhost, this means indexer and its channels are removed from the loadbalancer
[pool-3-thread-1] ERROR com.splunk.hecclient.LoadBalancer - encountered exception when checking health of indexer dummyhost, this means indexer and its channels are removed from the loadbalancer
[pool-2-thread-1] ERROR com.splunk.hecclient.LoadBalancer - encountered exception when checking health of indexer dummyhost, this means indexer and its channels are removed from the loadbalancer
[pool-5-thread-1] ERROR com.splunk.hecclient.LoadBalancer - encountered exception when checking health of indexer dummyhost, this means indexer and its channels are removed from the loadbalancer
[pool-4-thread-1] ERROR com.splunk.hecclient.LoadBalancer - encountered exception when checking health of indexer dummyhost: Name or service not known, this means indexer and its channels are removed from the loadbalancer
[pool-3-thread-1] ERROR com.splunk.hecclient.LoadBalancer - encountered exception when checking health of indexer dummyhost, this means indexer and its channels are removed from the loadbalancer
[pool-2-thread-1] ERROR com.splunk.hecclient.LoadBalancer - encountered exception when checking health of indexer dummyhost, this means indexer and its channels are removed from the loadbalancer
[pool-5-thread-1] ERROR com.splunk.hecclient.LoadBalancer - encountered exception when checking health of indexer dummyhost, this means indexer and its channels are removed from the loadbalancer
[pool-4-thread-1] ERROR com.splunk.hecclient.LoadBalancer - encountered exception when checking health of indexer dummyhost, this means indexer and its channels are removed from the loadbalancer
[pool-3-thread-1] ERROR com.splunk.hecclient.LoadBalancer - encountered exception when checking health of indexer dummyhost, this means indexer and its channels are removed from the loadbalancer
[pool-2-thread-1] ERROR com.splunk.hecclient.LoadBalancer - encountered exception when checking health of indexer dummyhost, this means indexer and its channels are removed from the loadbalancer
[pool-5-thread-1] ERROR com.splunk.hecclient.LoadBalancer - encountered exception when checking health of indexer dummyhost, this means indexer and its channels are removed from the loadbalancer
[pool-4-thread-1] ERROR com.splunk.hecclient.LoadBalancer - encountered exception when checking health of indexer dummyhost, this means indexer and its channels are removed from the loadbalancer
[pool-3-thread-1] ERROR com.splunk.hecclient.LoadBalancer - encountered exception when checking health of indexer dummyhost, this means indexer and its channels are removed from the loadbalancer
[pool-2-thread-1] ERROR com.splunk.hecclient.LoadBalancer - encountered exception when checking health of indexer dummyhost, this means indexer and its channels are removed from the loadbalancer
[pool-5-thread-1] ERROR com.splunk.hecclient.LoadBalancer - encountered exception when checking health of indexer dummyhost, this means indexer and its channels are removed from the loadbalancer
[pool-4-thread-1] ERROR com.splunk.hecclient.LoadBalancer - encountered exception when checking health of indexer dummyhost, this means indexer and its channels are removed from the loadbalancer
[pool-3-thread-1] ERROR com.splunk.hecclient.LoadBalancer - encountered exception when checking health of indexer dummyhost, this means indexer and its channels are removed from the loadbalancer
[HEC-ACK-poller-scheduler] INFO com.splunk.hecclient.HecAckPoller - start polling 1 outstanding acks for 1 channels
[HEC-ACK-poller-scheduler] INFO com.splunk.hecclient.HecAckPoller - polling 1 acks for channel=85930af3-e6ea-4c19-9202-2e068e1c4f69 on indexer=com.splunk.hecclient.IndexerMock@49d7196
[HEC-ACK-poller] INFO com.splunk.hecclient.HecAckPoller - polled 1 acks for channel=85930af3-e6ea-4c19-9202-2e068e1c4f69 on indexer=com.splunk.hecclient.IndexerMock@49d7196
[pool-2-thread-1] ERROR com.splunk.hecclient.LoadBalancer - encountered exception when checking health of indexer dummyhost, this means indexer and its channels are removed from the loadbalancer
[pool-5-thread-1] ERROR com.splunk.hecclient.LoadBalancer - encountered exception when checking health of indexer dummyhost, this means indexer and its channels are removed from the loadbalancer
[pool-4-thread-1] ERROR com.splunk.hecclient.LoadBalancer - encountered exception when checking health of indexer dummyhost, this means indexer and its channels are removed from the loadbalancer
[pool-3-thread-1] ERROR com.splunk.hecclient.LoadBalancer - encountered exception when checking health of indexer dummyhost, this means indexer and its channels are removed from the loadbalancer
[pool-2-thread-1] ERROR com.splunk.hecclient.LoadBalancer - encountered exception when checking health of indexer dummyhost, this means indexer and its channels are removed from the loadbalancer
[pool-5-thread-1] ERROR com.splunk.hecclient.LoadBalancer - encountered exception when checking health of indexer dummyhost, this means indexer and its channels are removed from the loadbalancer
[pool-4-thread-1] ERROR com.splunk.hecclient.LoadBalancer - encountered exception when checking health of indexer dummyhost, this means indexer and its channels are removed from the loadbalancer
[pool-3-thread-1] ERROR com.splunk.hecclient.LoadBalancer - encountered exception when checking health of indexer dummyhost, this means indexer and its channels are removed from the loadbalancer
[pool-5-thread-1] ERROR com.splunk.hecclient.LoadBalancer - encountered exception when checking health of indexer dummyhost, this means indexer and its channels are removed from the loadbalancer
[pool-2-thread-1] ERROR com.splunk.hecclient.LoadBalancer - encountered exception when checking health of indexer dummyhost, this means indexer and its channels are removed from the loadbalancer
[pool-4-thread-1] ERROR com.splunk.hecclient.LoadBalancer - encountered exception when checking health of indexer dummyhost, this means indexer and its channels are removed from the loadbalancer
[pool-3-thread-1] ERROR com.splunk.hecclient.LoadBalancer - encountered exception when checking health of indexer dummyhost, this means indexer and its channels are removed from the loadbalancer
[pool-5-thread-1] ERROR com.splunk.hecclient.LoadBalancer - encountered exception when checking health of indexer dummyhost, this means indexer and its channels are removed from the loadbalancer
[pool-2-thread-1] ERROR com.splunk.hecclient.LoadBalancer - encountered exception when checking health of indexer dummyhost, this means indexer and its channels are removed from the loadbalancer
[pool-4-thread-1] ERROR com.splunk.hecclient.LoadBalancer - encountered exception when checking health of indexer dummyhost, this means indexer and its channels are removed from the loadbalancer
[pool-3-thread-1] ERROR com.splunk.hecclient.LoadBalancer - encountered exception when checking health of indexer dummyhost, this means indexer and its channels are removed from the loadbalancer
[pool-5-thread-1] ERROR com.splunk.hecclient.LoadBalancer - encountered exception when checking health of indexer dummyhost, this means indexer and its channels are removed from the loadbalancer
[pool-2-thread-1] ERROR com.splunk.hecclient.LoadBalancer - encountered exception when checking health of indexer dummyhost, this means indexer and its channels are removed from the loadbalancer
[pool-4-thread-1] ERROR com.splunk.hecclient.LoadBalancer - encountered exception when checking health of indexer dummyhost, this means indexer and its channels are removed from the loadbalancer
[pool-3-thread-1] ERROR com.splunk.hecclient.LoadBalancer - encountered exception when checking health of indexer dummyhost, this means indexer and its channels are removed from the loadbalancer
[pool-2-thread-1] ERROR com.splunk.hecclient.LoadBalancer - encountered exception when checking health of indexer dummyhost, this means indexer and its channels are removed from the loadbalancer
[pool-5-thread-1] ERROR com.splunk.hecclient.LoadBalancer - encountered exception when checking health of indexer dummyhost, this means indexer and its channels are removed from the loadbalancer
[pool-4-thread-1] ERROR com.splunk.hecclient.LoadBalancer - encountered exception when checking health of indexer dummyhost, this means indexer and its channels are removed from the loadbalancer
[pool-3-thread-1] ERROR com.splunk.hecclient.LoadBalancer - encountered exception when checking health of indexer dummyhost, this means indexer and its channels are removed from the loadbalancer
[pool-2-thread-1] ERROR com.splunk.hecclient.LoadBalancer - encountered exception when checking health of indexer dummyhost, this means indexer and its channels are removed from the loadbalancer
[pool-5-thread-1] ERROR com.splunk.hecclient.LoadBalancer - encountered exception when checking health of indexer dummyhost, this means indexer and its channels are removed from the loadbalancer
[pool-4-thread-1] ERROR com.splunk.hecclient.LoadBalancer - encountered exception when checking health of indexer dummyhost, this means indexer and its channels are removed from the loadbalancer
[pool-3-thread-1] ERROR com.splunk.hecclient.LoadBalancer - encountered exception when checking health of indexer dummyhost, this means indexer and its channels are removed from the loadbalancer
[pool-2-thread-1] ERROR com.splunk.hecclient.LoadBalancer - encountered exception when checking health of indexer dummyhost, this means indexer and its channels are removed from the loadbalancer
[pool-5-thread-1] ERROR com.splunk.hecclient.LoadBalancer - encountered exception when checking health of indexer dummyhost, this means indexer and its channels are removed from the loadbalancer
[pool-4-thread-1] ERROR com.splunk.hecclient.LoadBalancer - encountered exception when checking health of indexer dummyhost, this means indexer and its channels are removed from the loadbalancer
[pool-3-thread-1] ERROR com.splunk.hecclient.LoadBalancer - encountered exception when checking health of indexer dummyhost, this means indexer and its channels are removed from the loadbalancer
[pool-2-thread-1] ERROR com.splunk.hecclient.LoadBalancer - encountered exception when checking health of indexer dummyhost, this means indexer and its channels are removed from the loadbalancer
[pool-5-thread-1] ERROR com.splunk.hecclient.LoadBalancer - encountered exception when checking health of indexer dummyhost, this means indexer and its channels are removed from the loadbalancer
[pool-4-thread-1] ERROR com.splunk.hecclient.LoadBalancer - encountered exception when checking health of indexer dummyhost, this means indexer and its channels are removed from the loadbalancer
[pool-3-thread-1] ERROR com.splunk.hecclient.LoadBalancer - encountered exception when checking health of indexer dummyhost, this means indexer and its channels are removed from the loadbalancer
[main] INFO com.splunk.hecclient.HecAckPoller - Channel 85930af3-e6ea-4c19-9202-2e068e1c4f69 set to be not available
[main] INFO com.splunk.hecclient.HecAckPoller - Changed channel id from 85930af3-e6ea-4c19-9202-2e068e1c4f69 to bb7ba0df-99c6-4697-81d2-2e800a3c193b
[main] INFO com.splunk.hecclient.HecAckPoller - Channel bb7ba0df-99c6-4697-81d2-2e800a3c193b is available
[main] INFO com.splunk.hecclient.HecAckPoller - HecAckPoller stopped with 0 outstanding un-ACKed events
[main] WARN com.splunk.hecclient.HecAckPoller - ackId=1 already exists for channel=1c6128ea-8578-4287-a3ee-4e9091721fa7 index=com.splunk.hecclient.IndexerMock@47c019d7 data may be duplicated in Splunk
[main] INFO com.splunk.hecclient.HecAckPoller - HecAckPoller stopped with 1 outstanding un-ACKed events
[INFO] Tests run: 12, Failures: 0, Errors: 0, Skipped: 0, Time elapsed: 21.527 s - in HecAckPollerTest
[INFO] Running JsonEvenBatchTest
[pool-2-thread-1] ERROR com.splunk.hecclient.LoadBalancer - encountered exception when checking health of indexer dummyhost, this means indexer and its channels are removed from the loadbalancer
[pool-5-thread-1] ERROR com.splunk.hecclient.LoadBalancer - encountered exception when checking health of indexer dummyhost, this means indexer and its channels are removed from the loadbalancer
[pool-4-thread-1] ERROR com.splunk.hecclient.LoadBalancer - encountered exception when checking health of indexer dummyhost, this means indexer and its channels are removed from the loadbalancer
[pool-3-thread-1] ERROR com.splunk.hecclient.LoadBalancer - encountered exception when checking health of indexer dummyhost, this means indexer and its channels are removed from the loadbalancer
[pool-2-thread-1] ERROR com.splunk.hecclient.LoadBalancer - encountered exception when checking health of indexer dummyhost, this means indexer and its channels are removed from the loadbalancer
[pool-5-thread-1] ERROR com.splunk.hecclient.LoadBalancer - encountered exception when checking health of indexer dummyhost, this means indexer and its channels are removed from the loadbalancer
[pool-4-thread-1] ERROR com.splunk.hecclient.LoadBalancer - encountered exception when checking health of indexer dummyhost, this means indexer and its channels are removed from the loadbalancer
[pool-3-thread-1] ERROR com.splunk.hecclient.LoadBalancer - encountered exception when checking health of indexer dummyhost, this means indexer and its channels are removed from the loadbalancer
[pool-2-thread-1] ERROR com.splunk.hecclient.LoadBalancer - encountered exception when checking health of indexer dummyhost, this means indexer and its channels are removed from the loadbalancer
[pool-5-thread-1] ERROR com.splunk.hecclient.LoadBalancer - encountered exception when checking health of indexer dummyhost, this means indexer and its channels are removed from the loadbalancer
[pool-4-thread-1] ERROR com.splunk.hecclient.LoadBalancer - encountered exception when checking health of indexer dummyhost, this means indexer and its channels are removed from the loadbalancer
[pool-3-thread-1] ERROR com.splunk.hecclient.LoadBalancer - encountered exception when checking health of indexer dummyhost, this means indexer and its channels are removed from the loadbalancer
[pool-2-thread-1] ERROR com.splunk.hecclient.LoadBalancer - encountered exception when checking health of indexer dummyhost, this means indexer and its channels are removed from the loadbalancer
[pool-5-thread-1] ERROR com.splunk.hecclient.LoadBalancer - encountered exception when checking health of indexer dummyhost, this means indexer and its channels are removed from the loadbalancer
[pool-4-thread-1] ERROR com.splunk.hecclient.LoadBalancer - encountered exception when checking health of indexer dummyhost, this means indexer and its channels are removed from the loadbalancer
[pool-3-thread-1] ERROR com.splunk.hecclient.LoadBalancer - encountered exception when checking health of indexer dummyhost, this means indexer and its channels are removed from the loadbalancer
[pool-2-thread-1] ERROR com.splunk.hecclient.LoadBalancer - encountered exception when checking health of indexer dummyhost, this means indexer and its channels are removed from the loadbalancer
[pool-5-thread-1] ERROR com.splunk.hecclient.LoadBalancer - encountered exception when checking health of indexer dummyhost, this means indexer and its channels are removed from the loadbalancer
[pool-4-thread-1] ERROR com.splunk.hecclient.LoadBalancer - encountered exception when checking health of indexer dummyhost, this means indexer and its channels are removed from the loadbalancer
[pool-3-thread-1] ERROR com.splunk.hecclient.LoadBalancer - encountered exception when checking health of indexer dummyhost, this means indexer and its channels are removed from the loadbalancer
[pool-2-thread-1] ERROR com.splunk.hecclient.LoadBalancer - encountered exception when checking health of indexer dummyhost, this means indexer and its channels are removed from the loadbalancer
[pool-5-thread-1] ERROR com.splunk.hecclient.LoadBalancer - encountered exception when checking health of indexer dummyhost, this means indexer and its channels are removed from the loadbalancer
[pool-4-thread-1] ERROR com.splunk.hecclient.LoadBalancer - encountered exception when checking health of indexer dummyhost, this means indexer and its channels are removed from the loadbalancer
[pool-3-thread-1] ERROR com.splunk.hecclient.LoadBalancer - encountered exception when checking health of indexer dummyhost, this means indexer and its channels are removed from the loadbalancer
[pool-2-thread-1] ERROR com.splunk.hecclient.LoadBalancer - encountered exception when checking health of indexer dummyhost, this means indexer and its channels are removed from the loadbalancer
[pool-5-thread-1] ERROR com.splunk.hecclient.LoadBalancer - encountered exception when checking health of indexer dummyhost, this means indexer and its channels are removed from the loadbalancer
[pool-4-thread-1] ERROR com.splunk.hecclient.LoadBalancer - encountered exception when checking health of indexer dummyhost, this means indexer and its channels are removed from the loadbalancer
[pool-3-thread-1] ERROR com.splunk.hecclient.LoadBalancer - encountered exception when checking health of indexer dummyhost, this means indexer and its channels are removed from the loadbalancer
[pool-2-thread-1] ERROR com.splunk.hecclient.LoadBalancer - encountered exception when checking health of indexer dummyhost, this means indexer and its channels are removed from the loadbalancer
[pool-5-thread-1] ERROR com.splunk.hecclient.LoadBalancer - encountered exception when checking health of indexer dummyhost, this means indexer and its channels are removed from the loadbalancer
[pool-4-thread-1] ERROR com.splunk.hecclient.LoadBalancer - encountered exception when checking health of indexer dummyhost, this means indexer and its channels are removed from the loadbalancer
[pool-3-thread-1] ERROR com.splunk.hecclient.LoadBalancer - encountered exception when checking health of indexer dummyhost, this means indexer and its channels are removed from the loadbalancer
[main] WARN com.splunk.hecclient.EventBatch - timed out event batch after 1 seconds not acked
[INFO] Tests run: 10, Failures: 0, Errors: 0, Skipped: 0, Time elapsed: 1.008 s - in JsonEvenBatchTest
[INFO] Running PostResponseTest
[INFO] Tests run: 4, Failures: 0, Errors: 0, Skipped: 0, Time elapsed: 0.007 s - in PostResponseTest
[INFO] Running ResponsePollerTest
[INFO] Tests run: 7, Failures: 0, Errors: 0, Skipped: 0, Time elapsed: 0.005 s - in ResponsePollerTest
[INFO] Running DoubleSerializerTest
[INFO] Tests run: 1, Failures: 0, Errors: 0, Skipped: 0, Time elapsed: 0.004 s - in DoubleSerializerTest
[INFO] Running JsonEventTest
[pool-2-thread-1] ERROR com.splunk.hecclient.LoadBalancer - encountered exception when checking health of indexer dummyhost, this means indexer and its channels are removed from the loadbalancer
[pool-5-thread-1] ERROR com.splunk.hecclient.LoadBalancer - encountered exception when checking health of indexer dummyhost, this means indexer and its channels are removed from the loadbalancer
[pool-4-thread-1] ERROR com.splunk.hecclient.LoadBalancer - encountered exception when checking health of indexer dummyhost, this means indexer and its channels are removed from the loadbalancer
[pool-3-thread-1] ERROR com.splunk.hecclient.LoadBalancer - encountered exception when checking health of indexer dummyhost, this means indexer and its channels are removed from the loadbalancer
[INFO] Tests run: 8, Failures: 0, Errors: 0, Skipped: 0, Time elapsed: 0.025 s - in JsonEventTest
[INFO] Running VersionUtilsTest
[INFO] Tests run: 2, Failures: 0, Errors: 0, Skipped: 0, Time elapsed: 0 s - in VersionUtilsTest
[INFO] Running SplunkSinkConnectorConfigTest
[main] INFO com.splunk.kafka.connect.SplunkSinkConnectorConfig - SplunkSinkConnectorConfig values: 
	splunk.flush.window = 30
	splunk.header.custom = 
	splunk.header.host = splunk.header.host
	splunk.header.index = splunk.header.index
	splunk.header.source = splunk.header.source
	splunk.header.sourcetype = splunk.header.sourcetype
	splunk.header.support = false
	splunk.hec.ack.enabled = false
	splunk.hec.ack.poll.interval = 1
	splunk.hec.ack.poll.threads = 1
	splunk.hec.backoff.threshhold.seconds = 60
	splunk.hec.enable.compression = false
	splunk.hec.event.timeout = 1
	splunk.hec.http.keepalive = true
	splunk.hec.json.event.enrichment = hello=world
	splunk.hec.json.event.formatted = false
	splunk.hec.lb.poll.interval = 120
	splunk.hec.max.batch.size = 1
	splunk.hec.max.http.connection.per.channel = 1
	splunk.hec.max.outstanding.events = 1000000
	splunk.hec.max.retries = -1
	splunk.hec.raw = true
	splunk.hec.raw.line.breaker = null
	splunk.hec.socket.timeout = 1
	splunk.hec.ssl.trust.store.password = [hidden]
	splunk.hec.ssl.trust.store.path = 
	splunk.hec.ssl.validate.certs = false
	splunk.hec.threads = 1
	splunk.hec.token = [hidden]
	splunk.hec.total.channels = 1
	splunk.hec.track.data = false
	splunk.hec.uri = https://dummy:8088
	splunk.hec.use.record.timestamp = true
	splunk.indexes = index-1
	splunk.sources = kafka-connect
	splunk.sourcetypes = kafka-data

[main] INFO com.splunk.kafka.connect.SplunkSinkConnectorConfig - SplunkSinkConnectorConfig values: 
	splunk.flush.window = 30
	splunk.header.custom = 
	splunk.header.host = splunk.header.host
	splunk.header.index = splunk.header.index
	splunk.header.source = splunk.header.source
	splunk.header.sourcetype = splunk.header.sourcetype
	splunk.header.support = false
	splunk.hec.ack.enabled = true
	splunk.hec.ack.poll.interval = 1
	splunk.hec.ack.poll.threads = 1
	splunk.hec.backoff.threshhold.seconds = 60
	splunk.hec.enable.compression = false
	splunk.hec.event.timeout = 1
	splunk.hec.http.keepalive = true
	splunk.hec.json.event.enrichment = ni=hao,hello=world
	splunk.hec.json.event.formatted = false
	splunk.hec.lb.poll.interval = 120
	splunk.hec.max.batch.size = 1
	splunk.hec.max.http.connection.per.channel = 1
	splunk.hec.max.outstanding.events = 1000000
	splunk.hec.max.retries = -1
	splunk.hec.raw = false
	splunk.hec.raw.line.breaker = 
	splunk.hec.socket.timeout = 1
	splunk.hec.ssl.trust.store.password = [hidden]
	splunk.hec.ssl.trust.store.path = 
	splunk.hec.ssl.validate.certs = true
	splunk.hec.threads = 1
	splunk.hec.token = [hidden]
	splunk.hec.total.channels = 1
	splunk.hec.track.data = true
	splunk.hec.uri = https://dummy:8088
	splunk.hec.use.record.timestamp = true
	splunk.indexes = 
	splunk.sources = 
	splunk.sourcetypes = 

[main] INFO com.splunk.kafka.connect.SplunkSinkConnectorConfig - SplunkSinkConnectorConfig values: 
	splunk.flush.window = 30
	splunk.header.custom = 
	splunk.header.host = splunk.header.host
	splunk.header.index = splunk.header.index
	splunk.header.source = splunk.header.source
	splunk.header.sourcetype = splunk.header.sourcetype
	splunk.header.support = false
	splunk.hec.ack.enabled = true
	splunk.hec.ack.poll.interval = 1
	splunk.hec.ack.poll.threads = 1
	splunk.hec.backoff.threshhold.seconds = 60
	splunk.hec.enable.compression = false
	splunk.hec.event.timeout = 1
	splunk.hec.http.keepalive = true
	splunk.hec.json.event.enrichment = ni=hao,hello=world
	splunk.hec.json.event.formatted = false
	splunk.hec.lb.poll.interval = 120
	splunk.hec.max.batch.size = 1
	splunk.hec.max.http.connection.per.channel = 1
	splunk.hec.max.outstanding.events = 1000000
	splunk.hec.max.retries = -1
	splunk.hec.raw = false
	splunk.hec.raw.line.breaker = 
	splunk.hec.socket.timeout = 1
	splunk.hec.ssl.trust.store.password = [hidden]
	splunk.hec.ssl.trust.store.path = ./src/test/resources/keystoretest.jks
	splunk.hec.ssl.validate.certs = true
	splunk.hec.threads = 1
	splunk.hec.token = [hidden]
	splunk.hec.total.channels = 1
	splunk.hec.track.data = true
	splunk.hec.uri = https://dummy:8088
	splunk.hec.use.record.timestamp = true
	splunk.indexes = i1,i2
	splunk.sources = s1,s2,s3
	splunk.sourcetypes = e1,e2,e3

[main] INFO com.splunk.kafka.connect.SplunkSinkConnectorConfig - SplunkSinkConnectorConfig values: 
	splunk.flush.window = 30
	splunk.header.custom = 
	splunk.header.host = splunk.header.host
	splunk.header.index = splunk.header.index
	splunk.header.source = splunk.header.source
	splunk.header.sourcetype = splunk.header.sourcetype
	splunk.header.support = false
	splunk.hec.ack.enabled = true
	splunk.hec.ack.poll.interval = 1
	splunk.hec.ack.poll.threads = 1
	splunk.hec.backoff.threshhold.seconds = 60
	splunk.hec.enable.compression = false
	splunk.hec.event.timeout = 1
	splunk.hec.http.keepalive = true
	splunk.hec.json.event.enrichment = ni=hao,hello=world
	splunk.hec.json.event.formatted = false
	splunk.hec.lb.poll.interval = 120
	splunk.hec.max.batch.size = 1
	splunk.hec.max.http.connection.per.channel = 1
	splunk.hec.max.outstanding.events = 1000000
	splunk.hec.max.retries = -1
	splunk.hec.raw = false
	splunk.hec.raw.line.breaker = 
	splunk.hec.socket.timeout = 1
	splunk.hec.ssl.trust.store.password = [hidden]
	splunk.hec.ssl.trust.store.path = ./src/test/resources/keystoretest.jks
	splunk.hec.ssl.validate.certs = true
	splunk.hec.threads = 1
	splunk.hec.token = [hidden]
	splunk.hec.total.channels = 1
	splunk.hec.track.data = true
	splunk.hec.uri = https://dummy:8088
	splunk.hec.use.record.timestamp = true
	splunk.indexes = 
	splunk.sources = 
	splunk.sourcetypes = 

[main] INFO com.splunk.kafka.connect.SplunkSinkConnectorConfig - SplunkSinkConnectorConfig values: 
	splunk.flush.window = 30
	splunk.header.custom = 
	splunk.header.host = splunk.header.host
	splunk.header.index = splunk.header.index
	splunk.header.source = splunk.header.source
	splunk.header.sourcetype = splunk.header.sourcetype
	splunk.header.support = false
	splunk.hec.ack.enabled = true
	splunk.hec.ack.poll.interval = 1
	splunk.hec.ack.poll.threads = 1
	splunk.hec.backoff.threshhold.seconds = 60
	splunk.hec.enable.compression = false
	splunk.hec.event.timeout = 1
	splunk.hec.http.keepalive = true
	splunk.hec.json.event.enrichment = i1,i2
	splunk.hec.json.event.formatted = false
	splunk.hec.lb.poll.interval = 120
	splunk.hec.max.batch.size = 1
	splunk.hec.max.http.connection.per.channel = 1
	splunk.hec.max.outstanding.events = 1000000
	splunk.hec.max.retries = -1
	splunk.hec.raw = false
	splunk.hec.raw.line.breaker = 
	splunk.hec.socket.timeout = 1
	splunk.hec.ssl.trust.store.password = [hidden]
	splunk.hec.ssl.trust.store.path = ./src/test/resources/keystoretest.jks
	splunk.hec.ssl.validate.certs = true
	splunk.hec.threads = 1
	splunk.hec.token = [hidden]
	splunk.hec.total.channels = 1
	splunk.hec.track.data = true
	splunk.hec.uri = https://dummy:8088
	splunk.hec.use.record.timestamp = true
	splunk.indexes = 
	splunk.sources = 
	splunk.sourcetypes = 

[main] INFO com.splunk.kafka.connect.SplunkSinkConnectorConfig - SplunkSinkConnectorConfig values: 
	splunk.flush.window = 30
	splunk.header.custom = 
	splunk.header.host = splunk.header.host
	splunk.header.index = splunk.header.index
	splunk.header.source = splunk.header.source
	splunk.header.sourcetype = splunk.header.sourcetype
	splunk.header.support = false
	splunk.hec.ack.enabled = true
	splunk.hec.ack.poll.interval = 1
	splunk.hec.ack.poll.threads = 1
	splunk.hec.backoff.threshhold.seconds = 60
	splunk.hec.enable.compression = false
	splunk.hec.event.timeout = 1
	splunk.hec.http.keepalive = true
	splunk.hec.json.event.enrichment = ni=hao,hello=world
	splunk.hec.json.event.formatted = false
	splunk.hec.lb.poll.interval = 120
	splunk.hec.max.batch.size = 1
	splunk.hec.max.http.connection.per.channel = 1
	splunk.hec.max.outstanding.events = 1000000
	splunk.hec.max.retries = -1
	splunk.hec.raw = false
	splunk.hec.raw.line.breaker = 
	splunk.hec.socket.timeout = 1
	splunk.hec.ssl.trust.store.password = [hidden]
	splunk.hec.ssl.trust.store.path = ./src/test/resources/keystoretest.jks
	splunk.hec.ssl.validate.certs = true
	splunk.hec.threads = 1
	splunk.hec.token = [hidden]
	splunk.hec.total.channels = 1
	splunk.hec.track.data = true
	splunk.hec.uri = https://dummy:8088
	splunk.hec.use.record.timestamp = true
	splunk.indexes = 
	splunk.sources = 
	splunk.sourcetypes = 

[main] INFO com.splunk.kafka.connect.SplunkSinkConnectorConfig - SplunkSinkConnectorConfig values: 
	splunk.flush.window = 30
	splunk.header.custom = 
	splunk.header.host = splunk.header.host
	splunk.header.index = splunk.header.index
	splunk.header.source = splunk.header.source
	splunk.header.sourcetype = splunk.header.sourcetype
	splunk.header.support = false
	splunk.hec.ack.enabled = true
	splunk.hec.ack.poll.interval = 1
	splunk.hec.ack.poll.threads = 1
	splunk.hec.backoff.threshhold.seconds = 60
	splunk.hec.enable.compression = false
	splunk.hec.event.timeout = 1
	splunk.hec.http.keepalive = true
	splunk.hec.json.event.enrichment = ni=hao,hello=world
	splunk.hec.json.event.formatted = false
	splunk.hec.lb.poll.interval = 120
	splunk.hec.max.batch.size = 1
	splunk.hec.max.http.connection.per.channel = 1
	splunk.hec.max.outstanding.events = 1000000
	splunk.hec.max.retries = -1
	splunk.hec.raw = false
	splunk.hec.raw.line.breaker = 
	splunk.hec.socket.timeout = 1
	splunk.hec.ssl.trust.store.password = [hidden]
	splunk.hec.ssl.trust.store.path = ./src/test/resources/keystoretest.jks
	splunk.hec.ssl.validate.certs = true
	splunk.hec.threads = 1
	splunk.hec.token = [hidden]
	splunk.hec.total.channels = 1
	splunk.hec.track.data = true
	splunk.hec.uri = https://dummy:8088
	splunk.hec.use.record.timestamp = true
	splunk.indexes = 
	splunk.sources = 
	splunk.sourcetypes = 

[main] INFO com.splunk.kafka.connect.SplunkSinkConnectorConfig - SplunkSinkConnectorConfig values: 
	splunk.flush.window = 30
	splunk.header.custom = 
	splunk.header.host = splunk.header.host
	splunk.header.index = splunk.header.index
	splunk.header.source = splunk.header.source
	splunk.header.sourcetype = splunk.header.sourcetype
	splunk.header.support = false
	splunk.hec.ack.enabled = true
	splunk.hec.ack.poll.interval = 1
	splunk.hec.ack.poll.threads = 1
	splunk.hec.backoff.threshhold.seconds = 60
	splunk.hec.enable.compression = false
	splunk.hec.event.timeout = 1
	splunk.hec.http.keepalive = true
	splunk.hec.json.event.enrichment = ni=hao,hello=world
	splunk.hec.json.event.formatted = false
	splunk.hec.lb.poll.interval = 120
	splunk.hec.max.batch.size = 1
	splunk.hec.max.http.connection.per.channel = 1
	splunk.hec.max.outstanding.events = 1000000
	splunk.hec.max.retries = -1
	splunk.hec.raw = false
	splunk.hec.raw.line.breaker = 
	splunk.hec.socket.timeout = 1
	splunk.hec.ssl.trust.store.password = [hidden]
	splunk.hec.ssl.trust.store.path = ./src/test/resources/keystoretest.jks
	splunk.hec.ssl.validate.certs = true
	splunk.hec.threads = 1
	splunk.hec.token = [hidden]
	splunk.hec.total.channels = 1
	splunk.hec.track.data = true
	splunk.hec.uri = https://dummy:8088
	splunk.hec.use.record.timestamp = true
	splunk.indexes = 
	splunk.sources = 
	splunk.sourcetypes = 

[main] INFO com.splunk.kafka.connect.SplunkSinkConnectorConfig - SplunkSinkConnectorConfig values: 
	splunk.flush.window = 30
	splunk.header.custom = 
	splunk.header.host = splunk.header.host
	splunk.header.index = splunk.header.index
	splunk.header.source = splunk.header.source
	splunk.header.sourcetype = splunk.header.sourcetype
	splunk.header.support = false
	splunk.hec.ack.enabled = false
	splunk.hec.ack.poll.interval = 1
	splunk.hec.ack.poll.threads = 1
	splunk.hec.backoff.threshhold.seconds = 60
	splunk.hec.enable.compression = false
	splunk.hec.event.timeout = 1
	splunk.hec.http.keepalive = true
	splunk.hec.json.event.enrichment = hello=world
	splunk.hec.json.event.formatted = false
	splunk.hec.lb.poll.interval = 120
	splunk.hec.max.batch.size = 1
	splunk.hec.max.http.connection.per.channel = 1
	splunk.hec.max.outstanding.events = 1000000
	splunk.hec.max.retries = -1
	splunk.hec.raw = true
	splunk.hec.raw.line.breaker = null
	splunk.hec.socket.timeout = 1
	splunk.hec.ssl.trust.store.password = [hidden]
	splunk.hec.ssl.trust.store.path = 
	splunk.hec.ssl.validate.certs = false
	splunk.hec.threads = 1
	splunk.hec.token = [hidden]
	splunk.hec.total.channels = 1
	splunk.hec.track.data = false
	splunk.hec.uri = https://dummy:8088
	splunk.hec.use.record.timestamp = true
	splunk.indexes = index-1
	splunk.sources = kafka-connect
	splunk.sourcetypes = kafka-data

[main] INFO com.splunk.kafka.connect.SplunkSinkConnectorConfig - SplunkSinkConnectorConfig values: 
	splunk.flush.window = 30
	splunk.header.custom = 
	splunk.header.host = splunk.header.host
	splunk.header.index = splunk.header.index
	splunk.header.source = splunk.header.source
	splunk.header.sourcetype = splunk.header.sourcetype
	splunk.header.support = false
	splunk.hec.ack.enabled = false
	splunk.hec.ack.poll.interval = 1
	splunk.hec.ack.poll.threads = 1
	splunk.hec.backoff.threshhold.seconds = 60
	splunk.hec.enable.compression = false
	splunk.hec.event.timeout = 1
	splunk.hec.http.keepalive = true
	splunk.hec.json.event.enrichment = hello=world
	splunk.hec.json.event.formatted = false
	splunk.hec.lb.poll.interval = 120
	splunk.hec.max.batch.size = 1
	splunk.hec.max.http.connection.per.channel = 1
	splunk.hec.max.outstanding.events = 1000000
	splunk.hec.max.retries = -1
	splunk.hec.raw = true
	splunk.hec.raw.line.breaker = null
	splunk.hec.socket.timeout = 1
	splunk.hec.ssl.trust.store.password = [hidden]
	splunk.hec.ssl.trust.store.path = 
	splunk.hec.ssl.validate.certs = false
	splunk.hec.threads = 1
	splunk.hec.token = [hidden]
	splunk.hec.total.channels = 1
	splunk.hec.track.data = false
	splunk.hec.uri = https://dummy:8088
	splunk.hec.use.record.timestamp = true
	splunk.indexes = index-1
	splunk.sources = kafka-connect
	splunk.sourcetypes = kafka-data

[main] INFO com.splunk.kafka.connect.SplunkSinkConnectorConfig - SplunkSinkConnectorConfig values: 
	splunk.flush.window = 30
	splunk.header.custom = 
	splunk.header.host = splunk.header.host
	splunk.header.index = splunk.header.index
	splunk.header.source = splunk.header.source
	splunk.header.sourcetype = splunk.header.sourcetype
	splunk.header.support = false
	splunk.hec.ack.enabled = false
	splunk.hec.ack.poll.interval = 1
	splunk.hec.ack.poll.threads = 1
	splunk.hec.backoff.threshhold.seconds = 60
	splunk.hec.enable.compression = false
	splunk.hec.event.timeout = 1
	splunk.hec.http.keepalive = true
	splunk.hec.json.event.enrichment = hello=world
	splunk.hec.json.event.formatted = false
	splunk.hec.lb.poll.interval = 120
	splunk.hec.max.batch.size = 1
	splunk.hec.max.http.connection.per.channel = 1
	splunk.hec.max.outstanding.events = 1000000
	splunk.hec.max.retries = -1
	splunk.hec.raw = true
	splunk.hec.raw.line.breaker = null
	splunk.hec.socket.timeout = 1
	splunk.hec.ssl.trust.store.password = [hidden]
	splunk.hec.ssl.trust.store.path = 
	splunk.hec.ssl.validate.certs = false
	splunk.hec.threads = 1
	splunk.hec.token = [hidden]
	splunk.hec.total.channels = 1
	splunk.hec.track.data = false
	splunk.hec.uri = https://dummy:8088
	splunk.hec.use.record.timestamp = true
	splunk.indexes = index-1
	splunk.sources = kafka-connect
	splunk.sourcetypes = kafka-data

[main] INFO com.splunk.kafka.connect.SplunkSinkConnectorConfig - SplunkSinkConnectorConfig values: 
	splunk.flush.window = 30
	splunk.header.custom = 
	splunk.header.host = splunk.header.host
	splunk.header.index = splunk.header.index
	splunk.header.source = splunk.header.source
	splunk.header.sourcetype = splunk.header.sourcetype
	splunk.header.support = false
	splunk.hec.ack.enabled = true
	splunk.hec.ack.poll.interval = 1
	splunk.hec.ack.poll.threads = 1
	splunk.hec.backoff.threshhold.seconds = 60
	splunk.hec.enable.compression = false
	splunk.hec.event.timeout = 1
	splunk.hec.http.keepalive = true
	splunk.hec.json.event.enrichment = ni=hao,hello=world
	splunk.hec.json.event.formatted = false
	splunk.hec.lb.poll.interval = 120
	splunk.hec.max.batch.size = 1
	splunk.hec.max.http.connection.per.channel = 1
	splunk.hec.max.outstanding.events = 1000000
	splunk.hec.max.retries = -1
	splunk.hec.raw = false
	splunk.hec.raw.line.breaker = 
	splunk.hec.socket.timeout = 1
	splunk.hec.ssl.trust.store.password = [hidden]
	splunk.hec.ssl.trust.store.path = ./src/test/resources/keystoretest.jks
	splunk.hec.ssl.validate.certs = true
	splunk.hec.threads = 1
	splunk.hec.token = [hidden]
	splunk.hec.total.channels = 1
	splunk.hec.track.data = true
	splunk.hec.uri = https://dummy:8088
	splunk.hec.use.record.timestamp = true
	splunk.indexes = 
	splunk.sources = 
	splunk.sourcetypes = 

[main] INFO com.splunk.kafka.connect.SplunkSinkConnectorConfig - SplunkSinkConnectorConfig values: 
	splunk.flush.window = 30
	splunk.header.custom = 
	splunk.header.host = splunk.header.host
	splunk.header.index = splunk.header.index
	splunk.header.source = splunk.header.source
	splunk.header.sourcetype = splunk.header.sourcetype
	splunk.header.support = false
	splunk.hec.ack.enabled = true
	splunk.hec.ack.poll.interval = 1
	splunk.hec.ack.poll.threads = 1
	splunk.hec.backoff.threshhold.seconds = 60
	splunk.hec.enable.compression = false
	splunk.hec.event.timeout = 1
	splunk.hec.http.keepalive = true
	splunk.hec.json.event.enrichment = 
	splunk.hec.json.event.formatted = false
	splunk.hec.lb.poll.interval = 120
	splunk.hec.max.batch.size = 1
	splunk.hec.max.http.connection.per.channel = 1
	splunk.hec.max.outstanding.events = 1000000
	splunk.hec.max.retries = -1
	splunk.hec.raw = false
	splunk.hec.raw.line.breaker = 
	splunk.hec.socket.timeout = 1
	splunk.hec.ssl.trust.store.password = [hidden]
	splunk.hec.ssl.trust.store.path = ./src/test/resources/keystoretest.jks
	splunk.hec.ssl.validate.certs = true
	splunk.hec.threads = 1
	splunk.hec.token = [hidden]
	splunk.hec.total.channels = 1
	splunk.hec.track.data = true
	splunk.hec.uri = https://dummy:8088
	splunk.hec.use.record.timestamp = true
	splunk.indexes = 
	splunk.sources = 
	splunk.sourcetypes = 

[main] INFO com.splunk.kafka.connect.SplunkSinkConnectorConfig - SplunkSinkConnectorConfig values: 
	splunk.flush.window = 30
	splunk.header.custom = 
	splunk.header.host = splunk.header.host
	splunk.header.index = splunk.header.index
	splunk.header.source = splunk.header.source
	splunk.header.sourcetype = splunk.header.sourcetype
	splunk.header.support = false
	splunk.hec.ack.enabled = true
	splunk.hec.ack.poll.interval = 1
	splunk.hec.ack.poll.threads = 1
	splunk.hec.backoff.threshhold.seconds = 60
	splunk.hec.enable.compression = false
	splunk.hec.event.timeout = 1
	splunk.hec.http.keepalive = true
	splunk.hec.json.event.enrichment = null
	splunk.hec.json.event.formatted = false
	splunk.hec.lb.poll.interval = 120
	splunk.hec.max.batch.size = 1
	splunk.hec.max.http.connection.per.channel = 1
	splunk.hec.max.outstanding.events = 1000000
	splunk.hec.max.retries = -1
	splunk.hec.raw = false
	splunk.hec.raw.line.breaker = 
	splunk.hec.socket.timeout = 1
	splunk.hec.ssl.trust.store.password = [hidden]
	splunk.hec.ssl.trust.store.path = ./src/test/resources/keystoretest.jks
	splunk.hec.ssl.validate.certs = true
	splunk.hec.threads = 1
	splunk.hec.token = [hidden]
	splunk.hec.total.channels = 1
	splunk.hec.track.data = true
	splunk.hec.uri = https://dummy:8088
	splunk.hec.use.record.timestamp = true
	splunk.indexes = 
	splunk.sources = 
	splunk.sourcetypes = 

[main] INFO com.splunk.kafka.connect.SplunkSinkConnectorConfig - SplunkSinkConnectorConfig values: 
	splunk.flush.window = 30
	splunk.header.custom = 
	splunk.header.host = splunk.header.host
	splunk.header.index = splunk.header.index
	splunk.header.source = splunk.header.source
	splunk.header.sourcetype = splunk.header.sourcetype
	splunk.header.support = false
	splunk.hec.ack.enabled = true
	splunk.hec.ack.poll.interval = 1
	splunk.hec.ack.poll.threads = 1
	splunk.hec.backoff.threshhold.seconds = 60
	splunk.hec.enable.compression = false
	splunk.hec.event.timeout = 1
	splunk.hec.http.keepalive = true
	splunk.hec.json.event.enrichment = ni=hao,hello=world
	splunk.hec.json.event.formatted = false
	splunk.hec.lb.poll.interval = 120
	splunk.hec.max.batch.size = 1
	splunk.hec.max.http.connection.per.channel = 1
	splunk.hec.max.outstanding.events = 1000000
	splunk.hec.max.retries = -1
	splunk.hec.raw = false
	splunk.hec.raw.line.breaker = 
	splunk.hec.socket.timeout = 1
	splunk.hec.ssl.trust.store.password = [hidden]
	splunk.hec.ssl.trust.store.path = ./src/test/resources/keystoretest.jks
	splunk.hec.ssl.validate.certs = true
	splunk.hec.threads = 1
	splunk.hec.token = [hidden]
	splunk.hec.total.channels = 1
	splunk.hec.track.data = true
	splunk.hec.uri = https://dummy:8088
	splunk.hec.use.record.timestamp = true
	splunk.indexes = 
	splunk.sources = 
	splunk.sourcetypes = 

[main] INFO com.splunk.kafka.connect.SplunkSinkConnectorConfig - SplunkSinkConnectorConfig values: 
	splunk.flush.window = 30
	splunk.header.custom = 
	splunk.header.host = splunk.header.host
	splunk.header.index = splunk.header.index
	splunk.header.source = splunk.header.source
	splunk.header.sourcetype = splunk.header.sourcetype
	splunk.header.support = false
	splunk.hec.ack.enabled = true
	splunk.hec.ack.poll.interval = 1
	splunk.hec.ack.poll.threads = 1
	splunk.hec.backoff.threshhold.seconds = 60
	splunk.hec.enable.compression = false
	splunk.hec.event.timeout = 1
	splunk.hec.http.keepalive = true
	splunk.hec.json.event.enrichment = ni=hao,hello=world
	splunk.hec.json.event.formatted = false
	splunk.hec.lb.poll.interval = 120
	splunk.hec.max.batch.size = 1
	splunk.hec.max.http.connection.per.channel = 1
	splunk.hec.max.outstanding.events = 1000000
	splunk.hec.max.retries = -1
	splunk.hec.raw = false
	splunk.hec.raw.line.breaker = 
	splunk.hec.socket.timeout = 1
	splunk.hec.ssl.trust.store.password = [hidden]
	splunk.hec.ssl.trust.store.path = ./src/test/resources/keystoretest.jks
	splunk.hec.ssl.validate.certs = false
	splunk.hec.threads = 1
	splunk.hec.token = [hidden]
	splunk.hec.total.channels = 1
	splunk.hec.track.data = true
	splunk.hec.uri = https://dummy:8088
	splunk.hec.use.record.timestamp = true
	splunk.indexes = 
	splunk.sources = 
	splunk.sourcetypes = 

[main] INFO com.splunk.kafka.connect.SplunkSinkConnectorConfig - SplunkSinkConnectorConfig values: 
	splunk.flush.window = 30
	splunk.header.custom = 
	splunk.header.host = splunk.header.host
	splunk.header.index = splunk.header.index
	splunk.header.source = splunk.header.source
	splunk.header.sourcetype = splunk.header.sourcetype
	splunk.header.support = false
	splunk.hec.ack.enabled = false
	splunk.hec.ack.poll.interval = 1
	splunk.hec.ack.poll.threads = 1
	splunk.hec.backoff.threshhold.seconds = 60
	splunk.hec.enable.compression = false
	splunk.hec.event.timeout = 1
	splunk.hec.http.keepalive = true
	splunk.hec.json.event.enrichment = hello=world
	splunk.hec.json.event.formatted = false
	splunk.hec.lb.poll.interval = 120
	splunk.hec.max.batch.size = 1
	splunk.hec.max.http.connection.per.channel = 1
	splunk.hec.max.outstanding.events = 1000000
	splunk.hec.max.retries = -1
	splunk.hec.raw = true
	splunk.hec.raw.line.breaker = null
	splunk.hec.socket.timeout = 1
	splunk.hec.ssl.trust.store.password = [hidden]
	splunk.hec.ssl.trust.store.path = ./src/test/resources/keystoretest.jks
	splunk.hec.ssl.validate.certs = true
	splunk.hec.threads = 1
	splunk.hec.token = [hidden]
	splunk.hec.total.channels = 1
	splunk.hec.track.data = false
	splunk.hec.uri = https://dummy:8088
	splunk.hec.use.record.timestamp = true
	splunk.indexes = index-1
	splunk.sources = kafka-connect
	splunk.sourcetypes = kafka-data

[main] INFO com.splunk.kafka.connect.SplunkSinkConnectorConfig - SplunkSinkConnectorConfig values: 
	splunk.flush.window = 30
	splunk.header.custom = 
	splunk.header.host = splunk.header.host
	splunk.header.index = splunk.header.index
	splunk.header.source = splunk.header.source
	splunk.header.sourcetype = splunk.header.sourcetype
	splunk.header.support = false
	splunk.hec.ack.enabled = false
	splunk.hec.ack.poll.interval = 1
	splunk.hec.ack.poll.threads = 1
	splunk.hec.backoff.threshhold.seconds = 60
	splunk.hec.enable.compression = false
	splunk.hec.event.timeout = 1
	splunk.hec.http.keepalive = true
	splunk.hec.json.event.enrichment = hello=world
	splunk.hec.json.event.formatted = false
	splunk.hec.lb.poll.interval = 120
	splunk.hec.max.batch.size = 1
	splunk.hec.max.http.connection.per.channel = 1
	splunk.hec.max.outstanding.events = 1000000
	splunk.hec.max.retries = -1
	splunk.hec.raw = true
	splunk.hec.raw.line.breaker = null
	splunk.hec.socket.timeout = 1
	splunk.hec.ssl.trust.store.password = [hidden]
	splunk.hec.ssl.trust.store.path = ./src/test/resources/keystoretest.jks
	splunk.hec.ssl.validate.certs = true
	splunk.hec.threads = 1
	splunk.hec.token = [hidden]
	splunk.hec.total.channels = 1
	splunk.hec.track.data = false
	splunk.hec.uri = https://dummy:8088
	splunk.hec.use.record.timestamp = true
	splunk.indexes = index-1
	splunk.sources = kafka-connect
	splunk.sourcetypes = kafka-data

[main] INFO com.splunk.kafka.connect.SplunkSinkConnectorConfig - SplunkSinkConnectorConfig values: 
	splunk.flush.window = 30
	splunk.header.custom = 
	splunk.header.host = splunk.header.host
	splunk.header.index = splunk.header.index
	splunk.header.source = splunk.header.source
	splunk.header.sourcetype = splunk.header.sourcetype
	splunk.header.support = false
	splunk.hec.ack.enabled = true
	splunk.hec.ack.poll.interval = 1
	splunk.hec.ack.poll.threads = 1
	splunk.hec.backoff.threshhold.seconds = 60
	splunk.hec.enable.compression = false
	splunk.hec.event.timeout = 1
	splunk.hec.http.keepalive = true
	splunk.hec.json.event.enrichment = ni=hao,hello=world
	splunk.hec.json.event.formatted = false
	splunk.hec.lb.poll.interval = 120
	splunk.hec.max.batch.size = 1
	splunk.hec.max.http.connection.per.channel = 1
	splunk.hec.max.outstanding.events = 1000000
	splunk.hec.max.retries = -1
	splunk.hec.raw = false
	splunk.hec.raw.line.breaker = 
	splunk.hec.socket.timeout = 1
	splunk.hec.ssl.trust.store.password = [hidden]
	splunk.hec.ssl.trust.store.path = ./src/test/resources/keystoretest.jks
	splunk.hec.ssl.validate.certs = true
	splunk.hec.threads = 1
	splunk.hec.token = [hidden]
	splunk.hec.total.channels = 1
	splunk.hec.track.data = true
	splunk.hec.uri = https://dummy:8088
	splunk.hec.use.record.timestamp = true
	splunk.indexes = i1
	splunk.sources = s1
	splunk.sourcetypes = e1

[main] INFO com.splunk.kafka.connect.SplunkSinkConnectorConfig - SplunkSinkConnectorConfig values: 
	splunk.flush.window = 30
	splunk.header.custom = 
	splunk.header.host = splunk.header.host
	splunk.header.index = splunk.header.index
	splunk.header.source = splunk.header.source
	splunk.header.sourcetype = splunk.header.sourcetype
	splunk.header.support = false
	splunk.hec.ack.enabled = true
	splunk.hec.ack.poll.interval = 1
	splunk.hec.ack.poll.threads = 1
	splunk.hec.backoff.threshhold.seconds = 60
	splunk.hec.enable.compression = false
	splunk.hec.event.timeout = 1
	splunk.hec.http.keepalive = true
	splunk.hec.json.event.enrichment = ni=hao,hello=world
	splunk.hec.json.event.formatted = false
	splunk.hec.lb.poll.interval = 120
	splunk.hec.max.batch.size = 1
	splunk.hec.max.http.connection.per.channel = 1
	splunk.hec.max.outstanding.events = 1000000
	splunk.hec.max.retries = -1
	splunk.hec.raw = false
	splunk.hec.raw.line.breaker = 
	splunk.hec.socket.timeout = 1
	splunk.hec.ssl.trust.store.password = [hidden]
	splunk.hec.ssl.trust.store.path = ./src/test/resources/keystoretest.jks
	splunk.hec.ssl.validate.certs = true
	splunk.hec.threads = 1
	splunk.hec.token = [hidden]
	splunk.hec.total.channels = 1
	splunk.hec.track.data = true
	splunk.hec.uri = https://dummy:8088
	splunk.hec.use.record.timestamp = true
	splunk.indexes = 
	splunk.sources = s1
	splunk.sourcetypes = e1

[main] INFO com.splunk.kafka.connect.SplunkSinkConnectorConfig - SplunkSinkConnectorConfig values: 
	splunk.flush.window = 30
	splunk.header.custom = 
	splunk.header.host = splunk.header.host
	splunk.header.index = splunk.header.index
	splunk.header.source = splunk.header.source
	splunk.header.sourcetype = splunk.header.sourcetype
	splunk.header.support = false
	splunk.hec.ack.enabled = true
	splunk.hec.ack.poll.interval = 1
	splunk.hec.ack.poll.threads = 1
	splunk.hec.backoff.threshhold.seconds = 60
	splunk.hec.enable.compression = false
	splunk.hec.event.timeout = 1
	splunk.hec.http.keepalive = true
	splunk.hec.json.event.enrichment = ni=hao,hello=world
	splunk.hec.json.event.formatted = false
	splunk.hec.lb.poll.interval = 120
	splunk.hec.max.batch.size = 1
	splunk.hec.max.http.connection.per.channel = 1
	splunk.hec.max.outstanding.events = 1000000
	splunk.hec.max.retries = -1
	splunk.hec.raw = false
	splunk.hec.raw.line.breaker = 
	splunk.hec.socket.timeout = 1
	splunk.hec.ssl.trust.store.password = [hidden]
	splunk.hec.ssl.trust.store.path = ./src/test/resources/keystoretest.jks
	splunk.hec.ssl.validate.certs = true
	splunk.hec.threads = 1
	splunk.hec.token = [hidden]
	splunk.hec.total.channels = 1
	splunk.hec.track.data = true
	splunk.hec.uri = https://dummy:8088
	splunk.hec.use.record.timestamp = true
	splunk.indexes = 
	splunk.sources = 
	splunk.sourcetypes = e1

[main] INFO com.splunk.kafka.connect.SplunkSinkConnectorConfig - SplunkSinkConnectorConfig values: 
	splunk.flush.window = 30
	splunk.header.custom = 
	splunk.header.host = splunk.header.host
	splunk.header.index = splunk.header.index
	splunk.header.source = splunk.header.source
	splunk.header.sourcetype = splunk.header.sourcetype
	splunk.header.support = false
	splunk.hec.ack.enabled = true
	splunk.hec.ack.poll.interval = 1
	splunk.hec.ack.poll.threads = 1
	splunk.hec.backoff.threshhold.seconds = 60
	splunk.hec.enable.compression = false
	splunk.hec.event.timeout = 1
	splunk.hec.http.keepalive = true
	splunk.hec.json.event.enrichment = ni=hao,hello=world
	splunk.hec.json.event.formatted = false
	splunk.hec.lb.poll.interval = 120
	splunk.hec.max.batch.size = 1
	splunk.hec.max.http.connection.per.channel = 1
	splunk.hec.max.outstanding.events = 1000000
	splunk.hec.max.retries = -1
	splunk.hec.raw = false
	splunk.hec.raw.line.breaker = 
	splunk.hec.socket.timeout = 1
	splunk.hec.ssl.trust.store.password = [hidden]
	splunk.hec.ssl.trust.store.path = ./src/test/resources/keystoretest.jks
	splunk.hec.ssl.validate.certs = true
	splunk.hec.threads = 1
	splunk.hec.token = [hidden]
	splunk.hec.total.channels = 1
	splunk.hec.track.data = true
	splunk.hec.uri = https://dummy:8088
	splunk.hec.use.record.timestamp = true
	splunk.indexes = i1
	splunk.sources = s1,s2,s3
	splunk.sourcetypes = e1,e2,e3

[main] INFO com.splunk.kafka.connect.SplunkSinkConnectorConfig - SplunkSinkConnectorConfig values: 
	splunk.flush.window = 30
	splunk.header.custom = 
	splunk.header.host = splunk.header.host
	splunk.header.index = splunk.header.index
	splunk.header.source = splunk.header.source
	splunk.header.sourcetype = splunk.header.sourcetype
	splunk.header.support = false
	splunk.hec.ack.enabled = true
	splunk.hec.ack.poll.interval = 1
	splunk.hec.ack.poll.threads = 1
	splunk.hec.backoff.threshhold.seconds = 60
	splunk.hec.enable.compression = false
	splunk.hec.event.timeout = 1
	splunk.hec.http.keepalive = true
	splunk.hec.json.event.enrichment = ni=hao,hello=world
	splunk.hec.json.event.formatted = false
	splunk.hec.lb.poll.interval = 120
	splunk.hec.max.batch.size = 1
	splunk.hec.max.http.connection.per.channel = 1
	splunk.hec.max.outstanding.events = 1000000
	splunk.hec.max.retries = -1
	splunk.hec.raw = false
	splunk.hec.raw.line.breaker = 
	splunk.hec.socket.timeout = 1
	splunk.hec.ssl.trust.store.password = [hidden]
	splunk.hec.ssl.trust.store.path = ./src/test/resources/keystoretest.jks
	splunk.hec.ssl.validate.certs = true
	splunk.hec.threads = 1
	splunk.hec.token = [hidden]
	splunk.hec.total.channels = 1
	splunk.hec.track.data = true
	splunk.hec.uri = https://dummy:8088
	splunk.hec.use.record.timestamp = true
	splunk.indexes = i1,i2,i3
	splunk.sources = s1,s2,s3
	splunk.sourcetypes = e1,e2,e3

[INFO] Tests run: 17, Failures: 0, Errors: 0, Skipped: 0, Time elapsed: 0.022 s - in SplunkSinkConnectorConfigTest
[INFO] Running StructEventTest
[INFO] Tests run: 1, Failures: 0, Errors: 0, Skipped: 0, Time elapsed: 0.01 s - in StructEventTest
[INFO] Running SplunkSinkTaskTest
[main] INFO com.splunk.kafka.connect.SplunkSinkConnectorConfig - SplunkSinkConnectorConfig values: 
	splunk.flush.window = 30
	splunk.header.custom = 
	splunk.header.host = splunk.header.host
	splunk.header.index = splunk.header.index
	splunk.header.source = splunk.header.source
	splunk.header.sourcetype = splunk.header.sourcetype
	splunk.header.support = false
	splunk.hec.ack.enabled = true
	splunk.hec.ack.poll.interval = 1
	splunk.hec.ack.poll.threads = 1
	splunk.hec.backoff.threshhold.seconds = 60
	splunk.hec.enable.compression = false
	splunk.hec.event.timeout = 1
	splunk.hec.http.keepalive = true
	splunk.hec.json.event.enrichment = ni=hao,hello=world
	splunk.hec.json.event.formatted = false
	splunk.hec.lb.poll.interval = 120
	splunk.hec.max.batch.size = 100
	splunk.hec.max.http.connection.per.channel = 1
	splunk.hec.max.outstanding.events = 1000000
	splunk.hec.max.retries = -1
	splunk.hec.raw = false
	splunk.hec.raw.line.breaker = 
	splunk.hec.socket.timeout = 1
	splunk.hec.ssl.trust.store.password = [hidden]
	splunk.hec.ssl.trust.store.path = ./src/test/resources/keystoretest.jks
	splunk.hec.ssl.validate.certs = true
	splunk.hec.threads = 1
	splunk.hec.token = [hidden]
	splunk.hec.total.channels = 1
	splunk.hec.track.data = true
	splunk.hec.uri = https://dummy:8088
	splunk.hec.use.record.timestamp = true
	splunk.indexes = 
	splunk.sources = 
	splunk.sourcetypes = 

[main] INFO com.splunk.kafka.connect.SplunkSinkTask - kafka-connect-splunk task starts with config=splunkURI:https://dummy:8088, raw:false, ack:true, indexes:, sourcetypes:, sources:, headerSupport:false, headerCustom:, httpKeepAlive:true, validateCertificates:true, trustStorePath:./src/test/resources/keystoretest.jks, socketTimeout:1, eventBatchTimeout:1, ackPollInterval:1, ackPollThreads:1, maxHttpConnectionPerChannel:1, flushWindow:30, totalHecChannels:1, enrichment:ni=hao,hello=world, maxBatchSize:100, numberOfThreads:1, lineBreaker:
, maxOutstandingEvents:1000000, maxRetries:-1, useRecordTimestamp:true, hecEventFormatted:false, trackData:true, headerSupport:false, headerCustom:, headerIndex:splunk.header.index, headerSource:splunk.header.source, headerSourcetype:splunk.header.sourcetype, headerHost:splunk.header.host, enableCompression:false, lbPollInterval:120
[main] WARN com.splunk.kafka.connect.KafkaRecordTracker - purge offsets for closed partitions=[mytopic-1] leaving offsets={}
[main] INFO com.splunk.kafka.connect.SplunkSinkTask - kafka-connect-splunk task ends with config=splunkURI:https://dummy:8088, raw:false, ack:true, indexes:, sourcetypes:, sources:, headerSupport:false, headerCustom:, httpKeepAlive:true, validateCertificates:true, trustStorePath:./src/test/resources/keystoretest.jks, socketTimeout:1, eventBatchTimeout:1, ackPollInterval:1, ackPollThreads:1, maxHttpConnectionPerChannel:1, flushWindow:30, totalHecChannels:1, enrichment:ni=hao,hello=world, maxBatchSize:100, numberOfThreads:1, lineBreaker:
, maxOutstandingEvents:1000000, maxRetries:-1, useRecordTimestamp:true, hecEventFormatted:false, trackData:true, headerSupport:false, headerCustom:, headerIndex:splunk.header.index, headerSource:splunk.header.source, headerSourcetype:splunk.header.sourcetype, headerHost:splunk.header.host, enableCompression:false, lbPollInterval:120
[main] INFO com.splunk.kafka.connect.SplunkSinkConnectorConfig - SplunkSinkConnectorConfig values: 
	splunk.flush.window = 30
	splunk.header.custom = 
	splunk.header.host = splunk.header.host
	splunk.header.index = splunk.header.index
	splunk.header.source = splunk.header.source
	splunk.header.sourcetype = splunk.header.sourcetype
	splunk.header.support = false
	splunk.hec.ack.enabled = true
	splunk.hec.ack.poll.interval = 1
	splunk.hec.ack.poll.threads = 1
	splunk.hec.backoff.threshhold.seconds = 60
	splunk.hec.enable.compression = false
	splunk.hec.event.timeout = 1
	splunk.hec.http.keepalive = true
	splunk.hec.json.event.enrichment = ni=hao,hello=world
	splunk.hec.json.event.formatted = false
	splunk.hec.lb.poll.interval = 120
	splunk.hec.max.batch.size = 100
	splunk.hec.max.http.connection.per.channel = 1
	splunk.hec.max.outstanding.events = 1000000
	splunk.hec.max.retries = -1
	splunk.hec.raw = false
	splunk.hec.raw.line.breaker = 
	splunk.hec.socket.timeout = 1
	splunk.hec.ssl.trust.store.password = [hidden]
	splunk.hec.ssl.trust.store.path = ./src/test/resources/keystoretest.jks
	splunk.hec.ssl.validate.certs = true
	splunk.hec.threads = 1
	splunk.hec.token = [hidden]
	splunk.hec.total.channels = 1
	splunk.hec.track.data = true
	splunk.hec.uri = https://dummy:8088
	splunk.hec.use.record.timestamp = true
	splunk.indexes = 
	splunk.sources = 
	splunk.sourcetypes = 

[main] INFO com.splunk.kafka.connect.SplunkSinkTask - kafka-connect-splunk task starts with config=splunkURI:https://dummy:8088, raw:false, ack:true, indexes:, sourcetypes:, sources:, headerSupport:false, headerCustom:, httpKeepAlive:true, validateCertificates:true, trustStorePath:./src/test/resources/keystoretest.jks, socketTimeout:1, eventBatchTimeout:1, ackPollInterval:1, ackPollThreads:1, maxHttpConnectionPerChannel:1, flushWindow:30, totalHecChannels:1, enrichment:ni=hao,hello=world, maxBatchSize:100, numberOfThreads:1, lineBreaker:
, maxOutstandingEvents:1000000, maxRetries:-1, useRecordTimestamp:true, hecEventFormatted:false, trackData:true, headerSupport:false, headerCustom:, headerIndex:splunk.header.index, headerSource:splunk.header.source, headerSourcetype:splunk.header.sourcetype, headerHost:splunk.header.host, enableCompression:false, lbPollInterval:120
[pool-2-thread-1] ERROR com.splunk.hecclient.LoadBalancer - encountered exception when checking health of indexer dummyhost, this means indexer and its channels are removed from the loadbalancer
[pool-5-thread-1] ERROR com.splunk.hecclient.LoadBalancer - encountered exception when checking health of indexer dummyhost, this means indexer and its channels are removed from the loadbalancer
[pool-4-thread-1] ERROR com.splunk.hecclient.LoadBalancer - encountered exception when checking health of indexer dummyhost, this means indexer and its channels are removed from the loadbalancer
[pool-3-thread-1] ERROR com.splunk.hecclient.LoadBalancer - encountered exception when checking health of indexer dummyhost, this means indexer and its channels are removed from the loadbalancer
[main] INFO com.splunk.kafka.connect.SplunkSinkTask - add 1 failed batches
[main] INFO com.splunk.kafka.connect.KafkaRecordTracker - total failed batches 1
[main] INFO com.splunk.kafka.connect.SplunkSinkTask - add 1 failed batches
[main] INFO com.splunk.kafka.connect.KafkaRecordTracker - total failed batches 2
[main] INFO com.splunk.kafka.connect.SplunkSinkTask - add 1 failed batches
[main] INFO com.splunk.kafka.connect.KafkaRecordTracker - total failed batches 3
[main] INFO com.splunk.kafka.connect.SplunkSinkTask - add 1 failed batches
[main] INFO com.splunk.kafka.connect.KafkaRecordTracker - total failed batches 4
[main] INFO com.splunk.kafka.connect.SplunkSinkTask - add 1 failed batches
[main] INFO com.splunk.kafka.connect.KafkaRecordTracker - total failed batches 5
[main] INFO com.splunk.kafka.connect.SplunkSinkTask - add 1 failed batches
[main] INFO com.splunk.kafka.connect.KafkaRecordTracker - total failed batches 6
[main] INFO com.splunk.kafka.connect.SplunkSinkTask - add 1 failed batches
[main] INFO com.splunk.kafka.connect.KafkaRecordTracker - total failed batches 7
[main] INFO com.splunk.kafka.connect.SplunkSinkTask - add 1 failed batches
[main] INFO com.splunk.kafka.connect.KafkaRecordTracker - total failed batches 8
[main] INFO com.splunk.kafka.connect.SplunkSinkTask - add 1 failed batches
[main] INFO com.splunk.kafka.connect.KafkaRecordTracker - total failed batches 9
[main] INFO com.splunk.kafka.connect.SplunkSinkTask - add 1 failed batches
[main] INFO com.splunk.kafka.connect.KafkaRecordTracker - total failed batches 10
[main] INFO com.splunk.kafka.connect.SplunkSinkTask - kafka-connect-splunk task ends with config=splunkURI:https://dummy:8088, raw:false, ack:true, indexes:, sourcetypes:, sources:, headerSupport:false, headerCustom:, httpKeepAlive:true, validateCertificates:true, trustStorePath:./src/test/resources/keystoretest.jks, socketTimeout:1, eventBatchTimeout:1, ackPollInterval:1, ackPollThreads:1, maxHttpConnectionPerChannel:1, flushWindow:30, totalHecChannels:1, enrichment:ni=hao,hello=world, maxBatchSize:100, numberOfThreads:1, lineBreaker:
, maxOutstandingEvents:1000000, maxRetries:-1, useRecordTimestamp:true, hecEventFormatted:false, trackData:true, headerSupport:false, headerCustom:, headerIndex:splunk.header.index, headerSource:splunk.header.source, headerSourcetype:splunk.header.sourcetype, headerHost:splunk.header.host, enableCompression:false, lbPollInterval:120
[main] INFO com.splunk.kafka.connect.SplunkSinkConnectorConfig - SplunkSinkConnectorConfig values: 
	splunk.flush.window = 30
	splunk.header.custom = 
	splunk.header.host = splunk.header.host
	splunk.header.index = splunk.header.index
	splunk.header.source = splunk.header.source
	splunk.header.sourcetype = splunk.header.sourcetype
	splunk.header.support = false
	splunk.hec.ack.enabled = true
	splunk.hec.ack.poll.interval = 1
	splunk.hec.ack.poll.threads = 1
	splunk.hec.backoff.threshhold.seconds = 60
	splunk.hec.enable.compression = false
	splunk.hec.event.timeout = 1
	splunk.hec.http.keepalive = true
	splunk.hec.json.event.enrichment = ni=hao,hello=world
	splunk.hec.json.event.formatted = false
	splunk.hec.lb.poll.interval = 120
	splunk.hec.max.batch.size = 100
	splunk.hec.max.http.connection.per.channel = 1
	splunk.hec.max.outstanding.events = 1000000
	splunk.hec.max.retries = -1
	splunk.hec.raw = true
	splunk.hec.raw.line.breaker = 
	splunk.hec.socket.timeout = 1
	splunk.hec.ssl.trust.store.password = [hidden]
	splunk.hec.ssl.trust.store.path = ./src/test/resources/keystoretest.jks
	splunk.hec.ssl.validate.certs = true
	splunk.hec.threads = 1
	splunk.hec.token = [hidden]
	splunk.hec.total.channels = 1
	splunk.hec.track.data = true
	splunk.hec.uri = https://dummy:8088
	splunk.hec.use.record.timestamp = true
	splunk.indexes = 
	splunk.sources = 
	splunk.sourcetypes = 

[main] INFO com.splunk.kafka.connect.SplunkSinkTask - kafka-connect-splunk task starts with config=splunkURI:https://dummy:8088, raw:true, ack:true, indexes:, sourcetypes:, sources:, headerSupport:false, headerCustom:, httpKeepAlive:true, validateCertificates:true, trustStorePath:./src/test/resources/keystoretest.jks, socketTimeout:1, eventBatchTimeout:1, ackPollInterval:1, ackPollThreads:1, maxHttpConnectionPerChannel:1, flushWindow:30, totalHecChannels:1, enrichment:ni=hao,hello=world, maxBatchSize:100, numberOfThreads:1, lineBreaker:
, maxOutstandingEvents:1000000, maxRetries:-1, useRecordTimestamp:true, hecEventFormatted:false, trackData:true, headerSupport:false, headerCustom:, headerIndex:splunk.header.index, headerSource:splunk.header.source, headerSourcetype:splunk.header.sourcetype, headerHost:splunk.header.host, enableCompression:false, lbPollInterval:120
[main] WARN com.splunk.kafka.connect.KafkaRecordTracker - purge offsets for closed partitions=[mytopic-1] leaving offsets={}
[main] INFO com.splunk.kafka.connect.SplunkSinkTask - kafka-connect-splunk task ends with config=splunkURI:https://dummy:8088, raw:true, ack:true, indexes:, sourcetypes:, sources:, headerSupport:false, headerCustom:, httpKeepAlive:true, validateCertificates:true, trustStorePath:./src/test/resources/keystoretest.jks, socketTimeout:1, eventBatchTimeout:1, ackPollInterval:1, ackPollThreads:1, maxHttpConnectionPerChannel:1, flushWindow:30, totalHecChannels:1, enrichment:ni=hao,hello=world, maxBatchSize:100, numberOfThreads:1, lineBreaker:
, maxOutstandingEvents:1000000, maxRetries:-1, useRecordTimestamp:true, hecEventFormatted:false, trackData:true, headerSupport:false, headerCustom:, headerIndex:splunk.header.index, headerSource:splunk.header.source, headerSourcetype:splunk.header.sourcetype, headerHost:splunk.header.host, enableCompression:false, lbPollInterval:120
[main] INFO com.splunk.kafka.connect.SplunkSinkConnectorConfig - SplunkSinkConnectorConfig values: 
	splunk.flush.window = 30
	splunk.header.custom = 
	splunk.header.host = splunk.header.host
	splunk.header.index = splunk.header.index
	splunk.header.source = splunk.header.source
	splunk.header.sourcetype = splunk.header.sourcetype
	splunk.header.support = false
	splunk.hec.ack.enabled = true
	splunk.hec.ack.poll.interval = 1
	splunk.hec.ack.poll.threads = 1
	splunk.hec.backoff.threshhold.seconds = 60
	splunk.hec.enable.compression = false
	splunk.hec.event.timeout = 1
	splunk.hec.http.keepalive = true
	splunk.hec.json.event.enrichment = ni=hao,hello=world
	splunk.hec.json.event.formatted = false
	splunk.hec.lb.poll.interval = 120
	splunk.hec.max.batch.size = 6
	splunk.hec.max.http.connection.per.channel = 1
	splunk.hec.max.outstanding.events = 1000000
	splunk.hec.max.retries = -1
	splunk.hec.raw = false
	splunk.hec.raw.line.breaker = 
	splunk.hec.socket.timeout = 1
	splunk.hec.ssl.trust.store.password = [hidden]
	splunk.hec.ssl.trust.store.path = ./src/test/resources/keystoretest.jks
	splunk.hec.ssl.validate.certs = true
	splunk.hec.threads = 1
	splunk.hec.token = [hidden]
	splunk.hec.total.channels = 1
	splunk.hec.track.data = true
	splunk.hec.uri = https://dummy:8088
	splunk.hec.use.record.timestamp = true
	splunk.indexes = 
	splunk.sources = 
	splunk.sourcetypes = 

[main] INFO com.splunk.kafka.connect.SplunkSinkTask - kafka-connect-splunk task starts with config=splunkURI:https://dummy:8088, raw:false, ack:true, indexes:, sourcetypes:, sources:, headerSupport:false, headerCustom:, httpKeepAlive:true, validateCertificates:true, trustStorePath:./src/test/resources/keystoretest.jks, socketTimeout:1, eventBatchTimeout:1, ackPollInterval:1, ackPollThreads:1, maxHttpConnectionPerChannel:1, flushWindow:30, totalHecChannels:1, enrichment:ni=hao,hello=world, maxBatchSize:6, numberOfThreads:1, lineBreaker:
, maxOutstandingEvents:1000000, maxRetries:-1, useRecordTimestamp:true, hecEventFormatted:false, trackData:true, headerSupport:false, headerCustom:, headerIndex:splunk.header.index, headerSource:splunk.header.source, headerSourcetype:splunk.header.sourcetype, headerHost:splunk.header.host, enableCompression:false, lbPollInterval:120
[main] INFO com.splunk.kafka.connect.SplunkSinkTask - kafka-connect-splunk task ends with config=splunkURI:https://dummy:8088, raw:false, ack:true, indexes:, sourcetypes:, sources:, headerSupport:false, headerCustom:, httpKeepAlive:true, validateCertificates:true, trustStorePath:./src/test/resources/keystoretest.jks, socketTimeout:1, eventBatchTimeout:1, ackPollInterval:1, ackPollThreads:1, maxHttpConnectionPerChannel:1, flushWindow:30, totalHecChannels:1, enrichment:ni=hao,hello=world, maxBatchSize:6, numberOfThreads:1, lineBreaker:
, maxOutstandingEvents:1000000, maxRetries:-1, useRecordTimestamp:true, hecEventFormatted:false, trackData:true, headerSupport:false, headerCustom:, headerIndex:splunk.header.index, headerSource:splunk.header.source, headerSourcetype:splunk.header.sourcetype, headerHost:splunk.header.host, enableCompression:false, lbPollInterval:120
[main] INFO com.splunk.kafka.connect.SplunkSinkConnectorConfig - SplunkSinkConnectorConfig values: 
	splunk.flush.window = 30
	splunk.header.custom = 
	splunk.header.host = splunk.header.host
	splunk.header.index = splunk.header.index
	splunk.header.source = splunk.header.source
	splunk.header.sourcetype = splunk.header.sourcetype
	splunk.header.support = false
	splunk.hec.ack.enabled = true
	splunk.hec.ack.poll.interval = 1
	splunk.hec.ack.poll.threads = 1
	splunk.hec.backoff.threshhold.seconds = 60
	splunk.hec.enable.compression = false
	splunk.hec.event.timeout = 1
	splunk.hec.http.keepalive = true
	splunk.hec.json.event.enrichment = ni=hao,hello=world
	splunk.hec.json.event.formatted = false
	splunk.hec.lb.poll.interval = 120
	splunk.hec.max.batch.size = 100
	splunk.hec.max.http.connection.per.channel = 1
	splunk.hec.max.outstanding.events = 1000000
	splunk.hec.max.retries = -1
	splunk.hec.raw = false
	splunk.hec.raw.line.breaker = 
	splunk.hec.socket.timeout = 1
	splunk.hec.ssl.trust.store.password = [hidden]
	splunk.hec.ssl.trust.store.path = ./src/test/resources/keystoretest.jks
	splunk.hec.ssl.validate.certs = true
	splunk.hec.threads = 1
	splunk.hec.token = [hidden]
	splunk.hec.total.channels = 1
	splunk.hec.track.data = true
	splunk.hec.uri = https://dummy:8088
	splunk.hec.use.record.timestamp = true
	splunk.indexes = i1
	splunk.sources = e1
	splunk.sourcetypes = s1

[main] INFO com.splunk.kafka.connect.SplunkSinkTask - kafka-connect-splunk task starts with config=splunkURI:https://dummy:8088, raw:false, ack:true, indexes:i1, sourcetypes:s1, sources:e1, headerSupport:false, headerCustom:, httpKeepAlive:true, validateCertificates:true, trustStorePath:./src/test/resources/keystoretest.jks, socketTimeout:1, eventBatchTimeout:1, ackPollInterval:1, ackPollThreads:1, maxHttpConnectionPerChannel:1, flushWindow:30, totalHecChannels:1, enrichment:ni=hao,hello=world, maxBatchSize:100, numberOfThreads:1, lineBreaker:
, maxOutstandingEvents:1000000, maxRetries:-1, useRecordTimestamp:true, hecEventFormatted:false, trackData:true, headerSupport:false, headerCustom:, headerIndex:splunk.header.index, headerSource:splunk.header.source, headerSourcetype:splunk.header.sourcetype, headerHost:splunk.header.host, enableCompression:false, lbPollInterval:120
[main] WARN com.splunk.kafka.connect.KafkaRecordTracker - purge offsets for closed partitions=[mytopic-1] leaving offsets={}
[main] INFO com.splunk.kafka.connect.SplunkSinkTask - kafka-connect-splunk task ends with config=splunkURI:https://dummy:8088, raw:false, ack:true, indexes:i1, sourcetypes:s1, sources:e1, headerSupport:false, headerCustom:, httpKeepAlive:true, validateCertificates:true, trustStorePath:./src/test/resources/keystoretest.jks, socketTimeout:1, eventBatchTimeout:1, ackPollInterval:1, ackPollThreads:1, maxHttpConnectionPerChannel:1, flushWindow:30, totalHecChannels:1, enrichment:ni=hao,hello=world, maxBatchSize:100, numberOfThreads:1, lineBreaker:
, maxOutstandingEvents:1000000, maxRetries:-1, useRecordTimestamp:true, hecEventFormatted:false, trackData:true, headerSupport:false, headerCustom:, headerIndex:splunk.header.index, headerSource:splunk.header.source, headerSourcetype:splunk.header.sourcetype, headerHost:splunk.header.host, enableCompression:false, lbPollInterval:120
[main] INFO com.splunk.kafka.connect.SplunkSinkConnectorConfig - SplunkSinkConnectorConfig values: 
	splunk.flush.window = 30
	splunk.header.custom = 
	splunk.header.host = splunk.header.host
	splunk.header.index = splunk.header.index
	splunk.header.source = splunk.header.source
	splunk.header.sourcetype = splunk.header.sourcetype
	splunk.header.support = false
	splunk.hec.ack.enabled = true
	splunk.hec.ack.poll.interval = 1
	splunk.hec.ack.poll.threads = 1
	splunk.hec.backoff.threshhold.seconds = 60
	splunk.hec.enable.compression = false
	splunk.hec.event.timeout = 1
	splunk.hec.http.keepalive = true
	splunk.hec.json.event.enrichment = ni=hao,hello=world
	splunk.hec.json.event.formatted = false
	splunk.hec.lb.poll.interval = 120
	splunk.hec.max.batch.size = 100
	splunk.hec.max.http.connection.per.channel = 1
	splunk.hec.max.outstanding.events = 1000000
	splunk.hec.max.retries = -1
	splunk.hec.raw = false
	splunk.hec.raw.line.breaker = 
	splunk.hec.socket.timeout = 1
	splunk.hec.ssl.trust.store.password = [hidden]
	splunk.hec.ssl.trust.store.path = ./src/test/resources/keystoretest.jks
	splunk.hec.ssl.validate.certs = true
	splunk.hec.threads = 1
	splunk.hec.token = [hidden]
	splunk.hec.total.channels = 1
	splunk.hec.track.data = true
	splunk.hec.uri = https://dummy:8088
	splunk.hec.use.record.timestamp = true
	splunk.indexes = 
	splunk.sources = 
	splunk.sourcetypes = 

[main] INFO com.splunk.kafka.connect.SplunkSinkTask - kafka-connect-splunk task starts with config=splunkURI:https://dummy:8088, raw:false, ack:true, indexes:, sourcetypes:, sources:, headerSupport:false, headerCustom:, httpKeepAlive:true, validateCertificates:true, trustStorePath:./src/test/resources/keystoretest.jks, socketTimeout:1, eventBatchTimeout:1, ackPollInterval:1, ackPollThreads:1, maxHttpConnectionPerChannel:1, flushWindow:30, totalHecChannels:1, enrichment:ni=hao,hello=world, maxBatchSize:100, numberOfThreads:1, lineBreaker:
, maxOutstandingEvents:1000000, maxRetries:-1, useRecordTimestamp:true, hecEventFormatted:false, trackData:true, headerSupport:false, headerCustom:, headerIndex:splunk.header.index, headerSource:splunk.header.source, headerSourcetype:splunk.header.sourcetype, headerHost:splunk.header.host, enableCompression:false, lbPollInterval:120
[main] WARN com.splunk.kafka.connect.KafkaRecordTracker - purge offsets for closed partitions=[mytopic-1] leaving offsets={}
[main] INFO com.splunk.kafka.connect.SplunkSinkTask - kafka-connect-splunk task ends with config=splunkURI:https://dummy:8088, raw:false, ack:true, indexes:, sourcetypes:, sources:, headerSupport:false, headerCustom:, httpKeepAlive:true, validateCertificates:true, trustStorePath:./src/test/resources/keystoretest.jks, socketTimeout:1, eventBatchTimeout:1, ackPollInterval:1, ackPollThreads:1, maxHttpConnectionPerChannel:1, flushWindow:30, totalHecChannels:1, enrichment:ni=hao,hello=world, maxBatchSize:100, numberOfThreads:1, lineBreaker:
, maxOutstandingEvents:1000000, maxRetries:-1, useRecordTimestamp:true, hecEventFormatted:false, trackData:true, headerSupport:false, headerCustom:, headerIndex:splunk.header.index, headerSource:splunk.header.source, headerSourcetype:splunk.header.sourcetype, headerHost:splunk.header.host, enableCompression:false, lbPollInterval:120
[main] INFO com.splunk.kafka.connect.SplunkSinkTask - kafka-connect-splunk task ends with config=null
[main] INFO com.splunk.kafka.connect.SplunkSinkConnectorConfig - SplunkSinkConnectorConfig values: 
	splunk.flush.window = 30
	splunk.header.custom = 
	splunk.header.host = splunk.header.host
	splunk.header.index = splunk.header.index
	splunk.header.source = splunk.header.source
	splunk.header.sourcetype = splunk.header.sourcetype
	splunk.header.support = false
	splunk.hec.ack.enabled = true
	splunk.hec.ack.poll.interval = 1
	splunk.hec.ack.poll.threads = 1
	splunk.hec.backoff.threshhold.seconds = 60
	splunk.hec.enable.compression = false
	splunk.hec.event.timeout = 1
	splunk.hec.http.keepalive = true
	splunk.hec.json.event.enrichment = ni=hao,hello=world
	splunk.hec.json.event.formatted = false
	splunk.hec.lb.poll.interval = 120
	splunk.hec.max.batch.size = 1
	splunk.hec.max.http.connection.per.channel = 1
	splunk.hec.max.outstanding.events = 1000000
	splunk.hec.max.retries = -1
	splunk.hec.raw = false
	splunk.hec.raw.line.breaker = 
	splunk.hec.socket.timeout = 1
	splunk.hec.ssl.trust.store.password = [hidden]
	splunk.hec.ssl.trust.store.path = ./src/test/resources/keystoretest.jks
	splunk.hec.ssl.validate.certs = true
	splunk.hec.threads = 1
	splunk.hec.token = [hidden]
	splunk.hec.total.channels = 1
	splunk.hec.track.data = true
	splunk.hec.uri = https://dummy:8088
	splunk.hec.use.record.timestamp = true
	splunk.indexes = 
	splunk.sources = 
	splunk.sourcetypes = 

[main] INFO com.splunk.kafka.connect.SplunkSinkTask - kafka-connect-splunk task starts with config=splunkURI:https://dummy:8088, raw:false, ack:true, indexes:, sourcetypes:, sources:, headerSupport:false, headerCustom:, httpKeepAlive:true, validateCertificates:true, trustStorePath:./src/test/resources/keystoretest.jks, socketTimeout:1, eventBatchTimeout:1, ackPollInterval:1, ackPollThreads:1, maxHttpConnectionPerChannel:1, flushWindow:30, totalHecChannels:1, enrichment:ni=hao,hello=world, maxBatchSize:1, numberOfThreads:1, lineBreaker:
, maxOutstandingEvents:1000000, maxRetries:-1, useRecordTimestamp:true, hecEventFormatted:false, trackData:true, headerSupport:false, headerCustom:, headerIndex:splunk.header.index, headerSource:splunk.header.source, headerSourcetype:splunk.header.sourcetype, headerHost:splunk.header.host, enableCompression:false, lbPollInterval:120
[main] INFO com.splunk.hecclient.HecAckPoller - HecAckPoller stopped with 0 outstanding un-ACKed events
[main] INFO com.splunk.hecclient.LoadBalancer - LoadBalancer stopped
[main] INFO com.splunk.kafka.connect.SplunkSinkTask - kafka-connect-splunk task ends with config=splunkURI:https://dummy:8088, raw:false, ack:true, indexes:, sourcetypes:, sources:, headerSupport:false, headerCustom:, httpKeepAlive:true, validateCertificates:true, trustStorePath:./src/test/resources/keystoretest.jks, socketTimeout:1, eventBatchTimeout:1, ackPollInterval:1, ackPollThreads:1, maxHttpConnectionPerChannel:1, flushWindow:30, totalHecChannels:1, enrichment:ni=hao,hello=world, maxBatchSize:1, numberOfThreads:1, lineBreaker:
, maxOutstandingEvents:1000000, maxRetries:-1, useRecordTimestamp:true, hecEventFormatted:false, trackData:true, headerSupport:false, headerCustom:, headerIndex:splunk.header.index, headerSource:splunk.header.source, headerSourcetype:splunk.header.sourcetype, headerHost:splunk.header.host, enableCompression:false, lbPollInterval:120
[main] INFO com.splunk.kafka.connect.SplunkSinkConnectorConfig - SplunkSinkConnectorConfig values: 
	splunk.flush.window = 30
	splunk.header.custom = 
	splunk.header.host = splunk.header.host
	splunk.header.index = splunk.header.index
	splunk.header.source = splunk.header.source
	splunk.header.sourcetype = splunk.header.sourcetype
	splunk.header.support = false
	splunk.hec.ack.enabled = true
	splunk.hec.ack.poll.interval = 1
	splunk.hec.ack.poll.threads = 1
	splunk.hec.backoff.threshhold.seconds = 60
	splunk.hec.enable.compression = false
	splunk.hec.event.timeout = 1
	splunk.hec.http.keepalive = true
	splunk.hec.json.event.enrichment = ni=hao,hello=world
	splunk.hec.json.event.formatted = false
	splunk.hec.lb.poll.interval = 120
	splunk.hec.max.batch.size = 100
	splunk.hec.max.http.connection.per.channel = 1
	splunk.hec.max.outstanding.events = 1000
	splunk.hec.max.retries = -1
	splunk.hec.raw = false
	splunk.hec.raw.line.breaker = 
	splunk.hec.socket.timeout = 1
	splunk.hec.ssl.trust.store.password = [hidden]
	splunk.hec.ssl.trust.store.path = ./src/test/resources/keystoretest.jks
	splunk.hec.ssl.validate.certs = true
	splunk.hec.threads = 1
	splunk.hec.token = [hidden]
	splunk.hec.total.channels = 1
	splunk.hec.track.data = true
	splunk.hec.uri = https://dummy:8088
	splunk.hec.use.record.timestamp = true
	splunk.indexes = 
	splunk.sources = 
	splunk.sourcetypes = 

[main] INFO com.splunk.kafka.connect.SplunkSinkTask - kafka-connect-splunk task starts with config=splunkURI:https://dummy:8088, raw:false, ack:true, indexes:, sourcetypes:, sources:, headerSupport:false, headerCustom:, httpKeepAlive:true, validateCertificates:true, trustStorePath:./src/test/resources/keystoretest.jks, socketTimeout:1, eventBatchTimeout:1, ackPollInterval:1, ackPollThreads:1, maxHttpConnectionPerChannel:1, flushWindow:30, totalHecChannels:1, enrichment:ni=hao,hello=world, maxBatchSize:100, numberOfThreads:1, lineBreaker:
, maxOutstandingEvents:1000, maxRetries:-1, useRecordTimestamp:true, hecEventFormatted:false, trackData:true, headerSupport:false, headerCustom:, headerIndex:splunk.header.index, headerSource:splunk.header.source, headerSourcetype:splunk.header.sourcetype, headerHost:splunk.header.host, enableCompression:false, lbPollInterval:120
[main] INFO com.splunk.kafka.connect.SplunkSinkTask - add 1 failed batches
[main] INFO com.splunk.kafka.connect.KafkaRecordTracker - total failed batches 1
[main] INFO com.splunk.kafka.connect.SplunkSinkTask - add 1 failed batches
[main] INFO com.splunk.kafka.connect.KafkaRecordTracker - total failed batches 2
[main] INFO com.splunk.kafka.connect.SplunkSinkTask - add 1 failed batches
[main] INFO com.splunk.kafka.connect.KafkaRecordTracker - total failed batches 3
[main] INFO com.splunk.kafka.connect.SplunkSinkTask - add 1 failed batches
[main] INFO com.splunk.kafka.connect.KafkaRecordTracker - total failed batches 4
[main] INFO com.splunk.kafka.connect.SplunkSinkTask - add 1 failed batches
[main] INFO com.splunk.kafka.connect.KafkaRecordTracker - total failed batches 5
[main] INFO com.splunk.kafka.connect.SplunkSinkTask - add 1 failed batches
[main] INFO com.splunk.kafka.connect.KafkaRecordTracker - total failed batches 6
[main] INFO com.splunk.kafka.connect.SplunkSinkTask - add 1 failed batches
[main] INFO com.splunk.kafka.connect.KafkaRecordTracker - total failed batches 7
[main] INFO com.splunk.kafka.connect.SplunkSinkTask - add 1 failed batches
[main] INFO com.splunk.kafka.connect.KafkaRecordTracker - total failed batches 8
[main] INFO com.splunk.kafka.connect.SplunkSinkTask - add 1 failed batches
[main] INFO com.splunk.kafka.connect.KafkaRecordTracker - total failed batches 9
[main] INFO com.splunk.kafka.connect.SplunkSinkTask - add 1 failed batches
[main] INFO com.splunk.kafka.connect.KafkaRecordTracker - total failed batches 10
[main] WARN com.splunk.kafka.connect.SplunkSinkTask - attempting to resend batch 7a9ed4e2-f695-4706-8479-5461bb3a8b37 with 0 events, this is attempt 1 out of -1 for this batch 
[main] INFO com.splunk.kafka.connect.SplunkSinkTask - add 1 failed batches
[main] INFO com.splunk.kafka.connect.KafkaRecordTracker - total failed batches 1
[main] WARN com.splunk.kafka.connect.SplunkSinkTask - attempting to resend batch 2d2bafca-4a18-43d2-82a2-24389d7ecc87 with 0 events, this is attempt 1 out of -1 for this batch 
[main] INFO com.splunk.kafka.connect.SplunkSinkTask - add 1 failed batches
[main] INFO com.splunk.kafka.connect.KafkaRecordTracker - total failed batches 2
[main] WARN com.splunk.kafka.connect.SplunkSinkTask - attempting to resend batch 56851a95-57db-4b04-9e4c-ad9800e60f0e with 0 events, this is attempt 1 out of -1 for this batch 
[main] INFO com.splunk.kafka.connect.SplunkSinkTask - add 1 failed batches
[main] INFO com.splunk.kafka.connect.KafkaRecordTracker - total failed batches 3
[main] WARN com.splunk.kafka.connect.SplunkSinkTask - attempting to resend batch 62d7706e-b6e4-4d79-9875-42dd5ae4b981 with 0 events, this is attempt 1 out of -1 for this batch 
[main] INFO com.splunk.kafka.connect.SplunkSinkTask - add 1 failed batches
[main] INFO com.splunk.kafka.connect.KafkaRecordTracker - total failed batches 4
[main] WARN com.splunk.kafka.connect.SplunkSinkTask - attempting to resend batch af2cd9cb-98e4-41f6-9c11-1e49d3a60626 with 0 events, this is attempt 1 out of -1 for this batch 
[main] INFO com.splunk.kafka.connect.SplunkSinkTask - add 1 failed batches
[main] INFO com.splunk.kafka.connect.KafkaRecordTracker - total failed batches 5
[main] WARN com.splunk.kafka.connect.SplunkSinkTask - attempting to resend batch 11f287ec-eb40-4f4d-b04c-43f919cebf0a with 0 events, this is attempt 1 out of -1 for this batch 
[main] INFO com.splunk.kafka.connect.SplunkSinkTask - add 1 failed batches
[main] INFO com.splunk.kafka.connect.KafkaRecordTracker - total failed batches 6
[main] WARN com.splunk.kafka.connect.SplunkSinkTask - attempting to resend batch a60a67d9-d5c7-4fc9-8e26-200094401179 with 0 events, this is attempt 1 out of -1 for this batch 
[main] INFO com.splunk.kafka.connect.SplunkSinkTask - add 1 failed batches
[main] INFO com.splunk.kafka.connect.KafkaRecordTracker - total failed batches 7
[main] WARN com.splunk.kafka.connect.SplunkSinkTask - attempting to resend batch c8c7f205-a75d-4383-a73f-991e082275e5 with 0 events, this is attempt 1 out of -1 for this batch 
[main] INFO com.splunk.kafka.connect.SplunkSinkTask - add 1 failed batches
[main] INFO com.splunk.kafka.connect.KafkaRecordTracker - total failed batches 8
[main] WARN com.splunk.kafka.connect.SplunkSinkTask - attempting to resend batch e8eddfb0-dae8-44d4-805e-7f0d4c9a647a with 0 events, this is attempt 1 out of -1 for this batch 
[main] INFO com.splunk.kafka.connect.SplunkSinkTask - add 1 failed batches
[main] INFO com.splunk.kafka.connect.KafkaRecordTracker - total failed batches 9
[main] WARN com.splunk.kafka.connect.SplunkSinkTask - attempting to resend batch b9ae802e-9473-4264-8268-6e629a5d9981 with 0 events, this is attempt 1 out of -1 for this batch 
[main] INFO com.splunk.kafka.connect.SplunkSinkTask - add 1 failed batches
[main] INFO com.splunk.kafka.connect.KafkaRecordTracker - total failed batches 10
[main] INFO com.splunk.kafka.connect.SplunkSinkTask - handled 10 failed batches with 0 events
[main] INFO com.splunk.kafka.connect.SplunkSinkConnectorConfig - SplunkSinkConnectorConfig values: 
	splunk.flush.window = 30
	splunk.header.custom = 
	splunk.header.host = splunk.header.host
	splunk.header.index = splunk.header.index
	splunk.header.source = splunk.header.source
	splunk.header.sourcetype = splunk.header.sourcetype
	splunk.header.support = false
	splunk.hec.ack.enabled = true
	splunk.hec.ack.poll.interval = 1
	splunk.hec.ack.poll.threads = 1
	splunk.hec.backoff.threshhold.seconds = 60
	splunk.hec.enable.compression = false
	splunk.hec.event.timeout = 1
	splunk.hec.http.keepalive = true
	splunk.hec.json.event.enrichment = ni=hao,hello=world
	splunk.hec.json.event.formatted = false
	splunk.hec.lb.poll.interval = 120
	splunk.hec.max.batch.size = 6
	splunk.hec.max.http.connection.per.channel = 1
	splunk.hec.max.outstanding.events = 1000000
	splunk.hec.max.retries = -1
	splunk.hec.raw = false
	splunk.hec.raw.line.breaker = 
	splunk.hec.socket.timeout = 1
	splunk.hec.ssl.trust.store.password = [hidden]
	splunk.hec.ssl.trust.store.path = ./src/test/resources/keystoretest.jks
	splunk.hec.ssl.validate.certs = true
	splunk.hec.threads = 1
	splunk.hec.token = [hidden]
	splunk.hec.total.channels = 1
	splunk.hec.track.data = true
	splunk.hec.uri = https://dummy:8088
	splunk.hec.use.record.timestamp = true
	splunk.indexes = 
	splunk.sources = 
	splunk.sourcetypes = 

[main] INFO com.splunk.kafka.connect.SplunkSinkTask - kafka-connect-splunk task starts with config=splunkURI:https://dummy:8088, raw:false, ack:true, indexes:, sourcetypes:, sources:, headerSupport:false, headerCustom:, httpKeepAlive:true, validateCertificates:true, trustStorePath:./src/test/resources/keystoretest.jks, socketTimeout:1, eventBatchTimeout:1, ackPollInterval:1, ackPollThreads:1, maxHttpConnectionPerChannel:1, flushWindow:30, totalHecChannels:1, enrichment:ni=hao,hello=world, maxBatchSize:6, numberOfThreads:1, lineBreaker:
, maxOutstandingEvents:1000000, maxRetries:-1, useRecordTimestamp:true, hecEventFormatted:false, trackData:true, headerSupport:false, headerCustom:, headerIndex:splunk.header.index, headerSource:splunk.header.source, headerSourcetype:splunk.header.sourcetype, headerHost:splunk.header.host, enableCompression:false, lbPollInterval:120
[main] WARN com.splunk.kafka.connect.SplunkSinkTask - Ignoring Null/Empty event for topicPartitionOffset=(mytopic, 1, 0)
com.splunk.hecclient.HecEmptyEventException: Empty event
	at com.splunk.hecclient.Event.checkEventData(Event.java:355)
	at com.splunk.hecclient.Event.<init>(Event.java:90)
	at com.splunk.hecclient.JsonEvent.<init>(JsonEvent.java:48)
	at com.splunk.kafka.connect.SplunkSinkTask.createHECEventNonFormatted(SplunkSinkTask.java:478)
	at com.splunk.kafka.connect.SplunkSinkTask.createHecEventFrom(SplunkSinkTask.java:411)
	at com.splunk.kafka.connect.SplunkSinkTask.sendEvents(SplunkSinkTask.java:274)
	at com.splunk.kafka.connect.SplunkSinkTask.handleEvent(SplunkSinkTask.java:267)
	at com.splunk.kafka.connect.SplunkSinkTask.put(SplunkSinkTask.java:105)
	at com.splunk.kafka.connect.SplunkSinkTaskTest.putWithEmptyEvent(SplunkSinkTaskTest.java:219)
	at java.base/jdk.internal.reflect.NativeMethodAccessorImpl.invoke0(Native Method)
	at java.base/jdk.internal.reflect.NativeMethodAccessorImpl.invoke(NativeMethodAccessorImpl.java:62)
	at java.base/jdk.internal.reflect.DelegatingMethodAccessorImpl.invoke(DelegatingMethodAccessorImpl.java:43)
	at java.base/java.lang.reflect.Method.invoke(Method.java:566)
	at org.junit.runners.model.FrameworkMethod$1.runReflectiveCall(FrameworkMethod.java:59)
	at org.junit.internal.runners.model.ReflectiveCallable.run(ReflectiveCallable.java:12)
	at org.junit.runners.model.FrameworkMethod.invokeExplosively(FrameworkMethod.java:56)
	at org.junit.internal.runners.statements.InvokeMethod.evaluate(InvokeMethod.java:17)
	at org.junit.runners.ParentRunner$3.evaluate(ParentRunner.java:306)
	at org.junit.runners.BlockJUnit4ClassRunner$1.evaluate(BlockJUnit4ClassRunner.java:100)
	at org.junit.runners.ParentRunner.runLeaf(ParentRunner.java:366)
	at org.junit.runners.BlockJUnit4ClassRunner.runChild(BlockJUnit4ClassRunner.java:103)
	at org.junit.runners.BlockJUnit4ClassRunner.runChild(BlockJUnit4ClassRunner.java:63)
	at org.junit.runners.ParentRunner$4.run(ParentRunner.java:331)
	at org.junit.runners.ParentRunner$1.schedule(ParentRunner.java:79)
	at org.junit.runners.ParentRunner.runChildren(ParentRunner.java:329)
	at org.junit.runners.ParentRunner.access$100(ParentRunner.java:66)
	at org.junit.runners.ParentRunner$2.evaluate(ParentRunner.java:293)
	at org.junit.runners.ParentRunner$3.evaluate(ParentRunner.java:306)
	at org.junit.runners.ParentRunner.run(ParentRunner.java:413)
	at org.junit.runner.JUnitCore.run(JUnitCore.java:137)
	at org.junit.runner.JUnitCore.run(JUnitCore.java:115)
	at org.junit.vintage.engine.execution.RunnerExecutor.execute(RunnerExecutor.java:39)
	at java.base/java.util.stream.ForEachOps$ForEachOp$OfRef.accept(ForEachOps.java:183)
	at java.base/java.util.stream.ReferencePipeline$3$1.accept(ReferencePipeline.java:195)
	at java.base/java.util.Iterator.forEachRemaining(Iterator.java:133)
	at java.base/java.util.Spliterators$IteratorSpliterator.forEachRemaining(Spliterators.java:1801)
	at java.base/java.util.stream.AbstractPipeline.copyInto(AbstractPipeline.java:484)
	at java.base/java.util.stream.AbstractPipeline.wrapAndCopyInto(AbstractPipeline.java:474)
	at java.base/java.util.stream.ForEachOps$ForEachOp.evaluateSequential(ForEachOps.java:150)
	at java.base/java.util.stream.ForEachOps$ForEachOp$OfRef.evaluateSequential(ForEachOps.java:173)
	at java.base/java.util.stream.AbstractPipeline.evaluate(AbstractPipeline.java:234)
	at java.base/java.util.stream.ReferencePipeline.forEach(ReferencePipeline.java:497)
	at org.junit.vintage.engine.VintageTestEngine.executeAllChildren(VintageTestEngine.java:79)
	at org.junit.vintage.engine.VintageTestEngine.execute(VintageTestEngine.java:70)
	at org.junit.platform.launcher.core.DefaultLauncher.execute(DefaultLauncher.java:220)
	at org.junit.platform.launcher.core.DefaultLauncher.lambda$execute$6(DefaultLauncher.java:188)
	at org.junit.platform.launcher.core.DefaultLauncher.withInterceptedStreams(DefaultLauncher.java:202)
	at org.junit.platform.launcher.core.DefaultLauncher.execute(DefaultLauncher.java:181)
	at org.junit.platform.launcher.core.DefaultLauncher.execute(DefaultLauncher.java:128)
	at org.apache.maven.surefire.junitplatform.JUnitPlatformProvider.invokeAllTests(JUnitPlatformProvider.java:150)
	at org.apache.maven.surefire.junitplatform.JUnitPlatformProvider.invoke(JUnitPlatformProvider.java:124)
	at org.apache.maven.surefire.booter.ForkedBooter.invokeProviderInSameClassLoader(ForkedBooter.java:384)
	at org.apache.maven.surefire.booter.ForkedBooter.runSuitesInProcess(ForkedBooter.java:345)
	at org.apache.maven.surefire.booter.ForkedBooter.execute(ForkedBooter.java:126)
	at org.apache.maven.surefire.booter.ForkedBooter.main(ForkedBooter.java:418)
[main] WARN com.splunk.kafka.connect.SplunkSinkTask - Ignoring Null/Empty event for topicPartitionOffset=(mytopic, 1, 1)
com.splunk.hecclient.HecEmptyEventException: Empty event
	at com.splunk.hecclient.Event.checkEventData(Event.java:355)
	at com.splunk.hecclient.Event.<init>(Event.java:90)
	at com.splunk.hecclient.JsonEvent.<init>(JsonEvent.java:48)
	at com.splunk.kafka.connect.SplunkSinkTask.createHECEventNonFormatted(SplunkSinkTask.java:478)
	at com.splunk.kafka.connect.SplunkSinkTask.createHecEventFrom(SplunkSinkTask.java:411)
	at com.splunk.kafka.connect.SplunkSinkTask.sendEvents(SplunkSinkTask.java:274)
	at com.splunk.kafka.connect.SplunkSinkTask.handleEvent(SplunkSinkTask.java:267)
	at com.splunk.kafka.connect.SplunkSinkTask.put(SplunkSinkTask.java:105)
	at com.splunk.kafka.connect.SplunkSinkTaskTest.putWithEmptyEvent(SplunkSinkTaskTest.java:219)
	at java.base/jdk.internal.reflect.NativeMethodAccessorImpl.invoke0(Native Method)
	at java.base/jdk.internal.reflect.NativeMethodAccessorImpl.invoke(NativeMethodAccessorImpl.java:62)
	at java.base/jdk.internal.reflect.DelegatingMethodAccessorImpl.invoke(DelegatingMethodAccessorImpl.java:43)
	at java.base/java.lang.reflect.Method.invoke(Method.java:566)
	at org.junit.runners.model.FrameworkMethod$1.runReflectiveCall(FrameworkMethod.java:59)
	at org.junit.internal.runners.model.ReflectiveCallable.run(ReflectiveCallable.java:12)
	at org.junit.runners.model.FrameworkMethod.invokeExplosively(FrameworkMethod.java:56)
	at org.junit.internal.runners.statements.InvokeMethod.evaluate(InvokeMethod.java:17)
	at org.junit.runners.ParentRunner$3.evaluate(ParentRunner.java:306)
	at org.junit.runners.BlockJUnit4ClassRunner$1.evaluate(BlockJUnit4ClassRunner.java:100)
	at org.junit.runners.ParentRunner.runLeaf(ParentRunner.java:366)
	at org.junit.runners.BlockJUnit4ClassRunner.runChild(BlockJUnit4ClassRunner.java:103)
	at org.junit.runners.BlockJUnit4ClassRunner.runChild(BlockJUnit4ClassRunner.java:63)
	at org.junit.runners.ParentRunner$4.run(ParentRunner.java:331)
	at org.junit.runners.ParentRunner$1.schedule(ParentRunner.java:79)
	at org.junit.runners.ParentRunner.runChildren(ParentRunner.java:329)
	at org.junit.runners.ParentRunner.access$100(ParentRunner.java:66)
	at org.junit.runners.ParentRunner$2.evaluate(ParentRunner.java:293)
	at org.junit.runners.ParentRunner$3.evaluate(ParentRunner.java:306)
	at org.junit.runners.ParentRunner.run(ParentRunner.java:413)
	at org.junit.runner.JUnitCore.run(JUnitCore.java:137)
	at org.junit.runner.JUnitCore.run(JUnitCore.java:115)
	at org.junit.vintage.engine.execution.RunnerExecutor.execute(RunnerExecutor.java:39)
	at java.base/java.util.stream.ForEachOps$ForEachOp$OfRef.accept(ForEachOps.java:183)
	at java.base/java.util.stream.ReferencePipeline$3$1.accept(ReferencePipeline.java:195)
	at java.base/java.util.Iterator.forEachRemaining(Iterator.java:133)
	at java.base/java.util.Spliterators$IteratorSpliterator.forEachRemaining(Spliterators.java:1801)
	at java.base/java.util.stream.AbstractPipeline.copyInto(AbstractPipeline.java:484)
	at java.base/java.util.stream.AbstractPipeline.wrapAndCopyInto(AbstractPipeline.java:474)
	at java.base/java.util.stream.ForEachOps$ForEachOp.evaluateSequential(ForEachOps.java:150)
	at java.base/java.util.stream.ForEachOps$ForEachOp$OfRef.evaluateSequential(ForEachOps.java:173)
	at java.base/java.util.stream.AbstractPipeline.evaluate(AbstractPipeline.java:234)
	at java.base/java.util.stream.ReferencePipeline.forEach(ReferencePipeline.java:497)
	at org.junit.vintage.engine.VintageTestEngine.executeAllChildren(VintageTestEngine.java:79)
	at org.junit.vintage.engine.VintageTestEngine.execute(VintageTestEngine.java:70)
	at org.junit.platform.launcher.core.DefaultLauncher.execute(DefaultLauncher.java:220)
	at org.junit.platform.launcher.core.DefaultLauncher.lambda$execute$6(DefaultLauncher.java:188)
	at org.junit.platform.launcher.core.DefaultLauncher.withInterceptedStreams(DefaultLauncher.java:202)
	at org.junit.platform.launcher.core.DefaultLauncher.execute(DefaultLauncher.java:181)
	at org.junit.platform.launcher.core.DefaultLauncher.execute(DefaultLauncher.java:128)
	at org.apache.maven.surefire.junitplatform.JUnitPlatformProvider.invokeAllTests(JUnitPlatformProvider.java:150)
	at org.apache.maven.surefire.junitplatform.JUnitPlatformProvider.invoke(JUnitPlatformProvider.java:124)
	at org.apache.maven.surefire.booter.ForkedBooter.invokeProviderInSameClassLoader(ForkedBooter.java:384)
	at org.apache.maven.surefire.booter.ForkedBooter.runSuitesInProcess(ForkedBooter.java:345)
	at org.apache.maven.surefire.booter.ForkedBooter.execute(ForkedBooter.java:126)
	at org.apache.maven.surefire.booter.ForkedBooter.main(ForkedBooter.java:418)
[main] WARN com.splunk.kafka.connect.SplunkSinkTask - Ignoring Null/Empty event for topicPartitionOffset=(mytopic, 1, 2)
com.splunk.hecclient.HecEmptyEventException: Empty event
	at com.splunk.hecclient.Event.checkEventData(Event.java:355)
	at com.splunk.hecclient.Event.<init>(Event.java:90)
	at com.splunk.hecclient.JsonEvent.<init>(JsonEvent.java:48)
	at com.splunk.kafka.connect.SplunkSinkTask.createHECEventNonFormatted(SplunkSinkTask.java:478)
	at com.splunk.kafka.connect.SplunkSinkTask.createHecEventFrom(SplunkSinkTask.java:411)
	at com.splunk.kafka.connect.SplunkSinkTask.sendEvents(SplunkSinkTask.java:274)
	at com.splunk.kafka.connect.SplunkSinkTask.handleEvent(SplunkSinkTask.java:267)
	at com.splunk.kafka.connect.SplunkSinkTask.put(SplunkSinkTask.java:105)
	at com.splunk.kafka.connect.SplunkSinkTaskTest.putWithEmptyEvent(SplunkSinkTaskTest.java:219)
	at java.base/jdk.internal.reflect.NativeMethodAccessorImpl.invoke0(Native Method)
	at java.base/jdk.internal.reflect.NativeMethodAccessorImpl.invoke(NativeMethodAccessorImpl.java:62)
	at java.base/jdk.internal.reflect.DelegatingMethodAccessorImpl.invoke(DelegatingMethodAccessorImpl.java:43)
	at java.base/java.lang.reflect.Method.invoke(Method.java:566)
	at org.junit.runners.model.FrameworkMethod$1.runReflectiveCall(FrameworkMethod.java:59)
	at org.junit.internal.runners.model.ReflectiveCallable.run(ReflectiveCallable.java:12)
	at org.junit.runners.model.FrameworkMethod.invokeExplosively(FrameworkMethod.java:56)
	at org.junit.internal.runners.statements.InvokeMethod.evaluate(InvokeMethod.java:17)
	at org.junit.runners.ParentRunner$3.evaluate(ParentRunner.java:306)
	at org.junit.runners.BlockJUnit4ClassRunner$1.evaluate(BlockJUnit4ClassRunner.java:100)
	at org.junit.runners.ParentRunner.runLeaf(ParentRunner.java:366)
	at org.junit.runners.BlockJUnit4ClassRunner.runChild(BlockJUnit4ClassRunner.java:103)
	at org.junit.runners.BlockJUnit4ClassRunner.runChild(BlockJUnit4ClassRunner.java:63)
	at org.junit.runners.ParentRunner$4.run(ParentRunner.java:331)
	at org.junit.runners.ParentRunner$1.schedule(ParentRunner.java:79)
	at org.junit.runners.ParentRunner.runChildren(ParentRunner.java:329)
	at org.junit.runners.ParentRunner.access$100(ParentRunner.java:66)
	at org.junit.runners.ParentRunner$2.evaluate(ParentRunner.java:293)
	at org.junit.runners.ParentRunner$3.evaluate(ParentRunner.java:306)
	at org.junit.runners.ParentRunner.run(ParentRunner.java:413)
	at org.junit.runner.JUnitCore.run(JUnitCore.java:137)
	at org.junit.runner.JUnitCore.run(JUnitCore.java:115)
	at org.junit.vintage.engine.execution.RunnerExecutor.execute(RunnerExecutor.java:39)
	at java.base/java.util.stream.ForEachOps$ForEachOp$OfRef.accept(ForEachOps.java:183)
	at java.base/java.util.stream.ReferencePipeline$3$1.accept(ReferencePipeline.java:195)
	at java.base/java.util.Iterator.forEachRemaining(Iterator.java:133)
	at java.base/java.util.Spliterators$IteratorSpliterator.forEachRemaining(Spliterators.java:1801)
	at java.base/java.util.stream.AbstractPipeline.copyInto(AbstractPipeline.java:484)
	at java.base/java.util.stream.AbstractPipeline.wrapAndCopyInto(AbstractPipeline.java:474)
	at java.base/java.util.stream.ForEachOps$ForEachOp.evaluateSequential(ForEachOps.java:150)
	at java.base/java.util.stream.ForEachOps$ForEachOp$OfRef.evaluateSequential(ForEachOps.java:173)
	at java.base/java.util.stream.AbstractPipeline.evaluate(AbstractPipeline.java:234)
	at java.base/java.util.stream.ReferencePipeline.forEach(ReferencePipeline.java:497)
	at org.junit.vintage.engine.VintageTestEngine.executeAllChildren(VintageTestEngine.java:79)
	at org.junit.vintage.engine.VintageTestEngine.execute(VintageTestEngine.java:70)
	at org.junit.platform.launcher.core.DefaultLauncher.execute(DefaultLauncher.java:220)
	at org.junit.platform.launcher.core.DefaultLauncher.lambda$execute$6(DefaultLauncher.java:188)
	at org.junit.platform.launcher.core.DefaultLauncher.withInterceptedStreams(DefaultLauncher.java:202)
	at org.junit.platform.launcher.core.DefaultLauncher.execute(DefaultLauncher.java:181)
	at org.junit.platform.launcher.core.DefaultLauncher.execute(DefaultLauncher.java:128)
	at org.apache.maven.surefire.junitplatform.JUnitPlatformProvider.invokeAllTests(JUnitPlatformProvider.java:150)
	at org.apache.maven.surefire.junitplatform.JUnitPlatformProvider.invoke(JUnitPlatformProvider.java:124)
	at org.apache.maven.surefire.booter.ForkedBooter.invokeProviderInSameClassLoader(ForkedBooter.java:384)
	at org.apache.maven.surefire.booter.ForkedBooter.runSuitesInProcess(ForkedBooter.java:345)
	at org.apache.maven.surefire.booter.ForkedBooter.execute(ForkedBooter.java:126)
	at org.apache.maven.surefire.booter.ForkedBooter.main(ForkedBooter.java:418)
[main] WARN com.splunk.kafka.connect.SplunkSinkTask - Ignoring Null/Empty event for topicPartitionOffset=(mytopic, 1, 3)
com.splunk.hecclient.HecEmptyEventException: Empty event
	at com.splunk.hecclient.Event.checkEventData(Event.java:355)
	at com.splunk.hecclient.Event.<init>(Event.java:90)
	at com.splunk.hecclient.JsonEvent.<init>(JsonEvent.java:48)
	at com.splunk.kafka.connect.SplunkSinkTask.createHECEventNonFormatted(SplunkSinkTask.java:478)
	at com.splunk.kafka.connect.SplunkSinkTask.createHecEventFrom(SplunkSinkTask.java:411)
	at com.splunk.kafka.connect.SplunkSinkTask.sendEvents(SplunkSinkTask.java:274)
	at com.splunk.kafka.connect.SplunkSinkTask.handleEvent(SplunkSinkTask.java:267)
	at com.splunk.kafka.connect.SplunkSinkTask.put(SplunkSinkTask.java:105)
	at com.splunk.kafka.connect.SplunkSinkTaskTest.putWithEmptyEvent(SplunkSinkTaskTest.java:219)
	at java.base/jdk.internal.reflect.NativeMethodAccessorImpl.invoke0(Native Method)
	at java.base/jdk.internal.reflect.NativeMethodAccessorImpl.invoke(NativeMethodAccessorImpl.java:62)
	at java.base/jdk.internal.reflect.DelegatingMethodAccessorImpl.invoke(DelegatingMethodAccessorImpl.java:43)
	at java.base/java.lang.reflect.Method.invoke(Method.java:566)
	at org.junit.runners.model.FrameworkMethod$1.runReflectiveCall(FrameworkMethod.java:59)
	at org.junit.internal.runners.model.ReflectiveCallable.run(ReflectiveCallable.java:12)
	at org.junit.runners.model.FrameworkMethod.invokeExplosively(FrameworkMethod.java:56)
	at org.junit.internal.runners.statements.InvokeMethod.evaluate(InvokeMethod.java:17)
	at org.junit.runners.ParentRunner$3.evaluate(ParentRunner.java:306)
	at org.junit.runners.BlockJUnit4ClassRunner$1.evaluate(BlockJUnit4ClassRunner.java:100)
	at org.junit.runners.ParentRunner.runLeaf(ParentRunner.java:366)
	at org.junit.runners.BlockJUnit4ClassRunner.runChild(BlockJUnit4ClassRunner.java:103)
	at org.junit.runners.BlockJUnit4ClassRunner.runChild(BlockJUnit4ClassRunner.java:63)
	at org.junit.runners.ParentRunner$4.run(ParentRunner.java:331)
	at org.junit.runners.ParentRunner$1.schedule(ParentRunner.java:79)
	at org.junit.runners.ParentRunner.runChildren(ParentRunner.java:329)
	at org.junit.runners.ParentRunner.access$100(ParentRunner.java:66)
	at org.junit.runners.ParentRunner$2.evaluate(ParentRunner.java:293)
	at org.junit.runners.ParentRunner$3.evaluate(ParentRunner.java:306)
	at org.junit.runners.ParentRunner.run(ParentRunner.java:413)
	at org.junit.runner.JUnitCore.run(JUnitCore.java:137)
	at org.junit.runner.JUnitCore.run(JUnitCore.java:115)
	at org.junit.vintage.engine.execution.RunnerExecutor.execute(RunnerExecutor.java:39)
	at java.base/java.util.stream.ForEachOps$ForEachOp$OfRef.accept(ForEachOps.java:183)
	at java.base/java.util.stream.ReferencePipeline$3$1.accept(ReferencePipeline.java:195)
	at java.base/java.util.Iterator.forEachRemaining(Iterator.java:133)
	at java.base/java.util.Spliterators$IteratorSpliterator.forEachRemaining(Spliterators.java:1801)
	at java.base/java.util.stream.AbstractPipeline.copyInto(AbstractPipeline.java:484)
	at java.base/java.util.stream.AbstractPipeline.wrapAndCopyInto(AbstractPipeline.java:474)
	at java.base/java.util.stream.ForEachOps$ForEachOp.evaluateSequential(ForEachOps.java:150)
	at java.base/java.util.stream.ForEachOps$ForEachOp$OfRef.evaluateSequential(ForEachOps.java:173)
	at java.base/java.util.stream.AbstractPipeline.evaluate(AbstractPipeline.java:234)
	at java.base/java.util.stream.ReferencePipeline.forEach(ReferencePipeline.java:497)
	at org.junit.vintage.engine.VintageTestEngine.executeAllChildren(VintageTestEngine.java:79)
	at org.junit.vintage.engine.VintageTestEngine.execute(VintageTestEngine.java:70)
	at org.junit.platform.launcher.core.DefaultLauncher.execute(DefaultLauncher.java:220)
	at org.junit.platform.launcher.core.DefaultLauncher.lambda$execute$6(DefaultLauncher.java:188)
	at org.junit.platform.launcher.core.DefaultLauncher.withInterceptedStreams(DefaultLauncher.java:202)
	at org.junit.platform.launcher.core.DefaultLauncher.execute(DefaultLauncher.java:181)
	at org.junit.platform.launcher.core.DefaultLauncher.execute(DefaultLauncher.java:128)
	at org.apache.maven.surefire.junitplatform.JUnitPlatformProvider.invokeAllTests(JUnitPlatformProvider.java:150)
	at org.apache.maven.surefire.junitplatform.JUnitPlatformProvider.invoke(JUnitPlatformProvider.java:124)
	at org.apache.maven.surefire.booter.ForkedBooter.invokeProviderInSameClassLoader(ForkedBooter.java:384)
	at org.apache.maven.surefire.booter.ForkedBooter.runSuitesInProcess(ForkedBooter.java:345)
	at org.apache.maven.surefire.booter.ForkedBooter.execute(ForkedBooter.java:126)
	at org.apache.maven.surefire.booter.ForkedBooter.main(ForkedBooter.java:418)
[main] WARN com.splunk.kafka.connect.SplunkSinkTask - Ignoring Null/Empty event for topicPartitionOffset=(mytopic, 1, 4)
com.splunk.hecclient.HecEmptyEventException: Empty event
	at com.splunk.hecclient.Event.checkEventData(Event.java:355)
	at com.splunk.hecclient.Event.<init>(Event.java:90)
	at com.splunk.hecclient.JsonEvent.<init>(JsonEvent.java:48)
	at com.splunk.kafka.connect.SplunkSinkTask.createHECEventNonFormatted(SplunkSinkTask.java:478)
	at com.splunk.kafka.connect.SplunkSinkTask.createHecEventFrom(SplunkSinkTask.java:411)
	at com.splunk.kafka.connect.SplunkSinkTask.sendEvents(SplunkSinkTask.java:274)
	at com.splunk.kafka.connect.SplunkSinkTask.handleEvent(SplunkSinkTask.java:267)
	at com.splunk.kafka.connect.SplunkSinkTask.put(SplunkSinkTask.java:105)
	at com.splunk.kafka.connect.SplunkSinkTaskTest.putWithEmptyEvent(SplunkSinkTaskTest.java:219)
	at java.base/jdk.internal.reflect.NativeMethodAccessorImpl.invoke0(Native Method)
	at java.base/jdk.internal.reflect.NativeMethodAccessorImpl.invoke(NativeMethodAccessorImpl.java:62)
	at java.base/jdk.internal.reflect.DelegatingMethodAccessorImpl.invoke(DelegatingMethodAccessorImpl.java:43)
	at java.base/java.lang.reflect.Method.invoke(Method.java:566)
	at org.junit.runners.model.FrameworkMethod$1.runReflectiveCall(FrameworkMethod.java:59)
	at org.junit.internal.runners.model.ReflectiveCallable.run(ReflectiveCallable.java:12)
	at org.junit.runners.model.FrameworkMethod.invokeExplosively(FrameworkMethod.java:56)
	at org.junit.internal.runners.statements.InvokeMethod.evaluate(InvokeMethod.java:17)
	at org.junit.runners.ParentRunner$3.evaluate(ParentRunner.java:306)
	at org.junit.runners.BlockJUnit4ClassRunner$1.evaluate(BlockJUnit4ClassRunner.java:100)
	at org.junit.runners.ParentRunner.runLeaf(ParentRunner.java:366)
	at org.junit.runners.BlockJUnit4ClassRunner.runChild(BlockJUnit4ClassRunner.java:103)
	at org.junit.runners.BlockJUnit4ClassRunner.runChild(BlockJUnit4ClassRunner.java:63)
	at org.junit.runners.ParentRunner$4.run(ParentRunner.java:331)
	at org.junit.runners.ParentRunner$1.schedule(ParentRunner.java:79)
	at org.junit.runners.ParentRunner.runChildren(ParentRunner.java:329)
	at org.junit.runners.ParentRunner.access$100(ParentRunner.java:66)
	at org.junit.runners.ParentRunner$2.evaluate(ParentRunner.java:293)
	at org.junit.runners.ParentRunner$3.evaluate(ParentRunner.java:306)
	at org.junit.runners.ParentRunner.run(ParentRunner.java:413)
	at org.junit.runner.JUnitCore.run(JUnitCore.java:137)
	at org.junit.runner.JUnitCore.run(JUnitCore.java:115)
	at org.junit.vintage.engine.execution.RunnerExecutor.execute(RunnerExecutor.java:39)
	at java.base/java.util.stream.ForEachOps$ForEachOp$OfRef.accept(ForEachOps.java:183)
	at java.base/java.util.stream.ReferencePipeline$3$1.accept(ReferencePipeline.java:195)
	at java.base/java.util.Iterator.forEachRemaining(Iterator.java:133)
	at java.base/java.util.Spliterators$IteratorSpliterator.forEachRemaining(Spliterators.java:1801)
	at java.base/java.util.stream.AbstractPipeline.copyInto(AbstractPipeline.java:484)
	at java.base/java.util.stream.AbstractPipeline.wrapAndCopyInto(AbstractPipeline.java:474)
	at java.base/java.util.stream.ForEachOps$ForEachOp.evaluateSequential(ForEachOps.java:150)
	at java.base/java.util.stream.ForEachOps$ForEachOp$OfRef.evaluateSequential(ForEachOps.java:173)
	at java.base/java.util.stream.AbstractPipeline.evaluate(AbstractPipeline.java:234)
	at java.base/java.util.stream.ReferencePipeline.forEach(ReferencePipeline.java:497)
	at org.junit.vintage.engine.VintageTestEngine.executeAllChildren(VintageTestEngine.java:79)
	at org.junit.vintage.engine.VintageTestEngine.execute(VintageTestEngine.java:70)
	at org.junit.platform.launcher.core.DefaultLauncher.execute(DefaultLauncher.java:220)
	at org.junit.platform.launcher.core.DefaultLauncher.lambda$execute$6(DefaultLauncher.java:188)
	at org.junit.platform.launcher.core.DefaultLauncher.withInterceptedStreams(DefaultLauncher.java:202)
	at org.junit.platform.launcher.core.DefaultLauncher.execute(DefaultLauncher.java:181)
	at org.junit.platform.launcher.core.DefaultLauncher.execute(DefaultLauncher.java:128)
	at org.apache.maven.surefire.junitplatform.JUnitPlatformProvider.invokeAllTests(JUnitPlatformProvider.java:150)
	at org.apache.maven.surefire.junitplatform.JUnitPlatformProvider.invoke(JUnitPlatformProvider.java:124)
	at org.apache.maven.surefire.booter.ForkedBooter.invokeProviderInSameClassLoader(ForkedBooter.java:384)
	at org.apache.maven.surefire.booter.ForkedBooter.runSuitesInProcess(ForkedBooter.java:345)
	at org.apache.maven.surefire.booter.ForkedBooter.execute(ForkedBooter.java:126)
	at org.apache.maven.surefire.booter.ForkedBooter.main(ForkedBooter.java:418)
[main] WARN com.splunk.kafka.connect.SplunkSinkTask - Ignoring Null/Empty event for topicPartitionOffset=(mytopic, 1, 5)
com.splunk.hecclient.HecEmptyEventException: Empty event
	at com.splunk.hecclient.Event.checkEventData(Event.java:355)
	at com.splunk.hecclient.Event.<init>(Event.java:90)
	at com.splunk.hecclient.JsonEvent.<init>(JsonEvent.java:48)
	at com.splunk.kafka.connect.SplunkSinkTask.createHECEventNonFormatted(SplunkSinkTask.java:478)
	at com.splunk.kafka.connect.SplunkSinkTask.createHecEventFrom(SplunkSinkTask.java:411)
	at com.splunk.kafka.connect.SplunkSinkTask.sendEvents(SplunkSinkTask.java:274)
	at com.splunk.kafka.connect.SplunkSinkTask.handleEvent(SplunkSinkTask.java:267)
	at com.splunk.kafka.connect.SplunkSinkTask.put(SplunkSinkTask.java:105)
	at com.splunk.kafka.connect.SplunkSinkTaskTest.putWithEmptyEvent(SplunkSinkTaskTest.java:219)
	at java.base/jdk.internal.reflect.NativeMethodAccessorImpl.invoke0(Native Method)
	at java.base/jdk.internal.reflect.NativeMethodAccessorImpl.invoke(NativeMethodAccessorImpl.java:62)
	at java.base/jdk.internal.reflect.DelegatingMethodAccessorImpl.invoke(DelegatingMethodAccessorImpl.java:43)
	at java.base/java.lang.reflect.Method.invoke(Method.java:566)
	at org.junit.runners.model.FrameworkMethod$1.runReflectiveCall(FrameworkMethod.java:59)
	at org.junit.internal.runners.model.ReflectiveCallable.run(ReflectiveCallable.java:12)
	at org.junit.runners.model.FrameworkMethod.invokeExplosively(FrameworkMethod.java:56)
	at org.junit.internal.runners.statements.InvokeMethod.evaluate(InvokeMethod.java:17)
	at org.junit.runners.ParentRunner$3.evaluate(ParentRunner.java:306)
	at org.junit.runners.BlockJUnit4ClassRunner$1.evaluate(BlockJUnit4ClassRunner.java:100)
	at org.junit.runners.ParentRunner.runLeaf(ParentRunner.java:366)
	at org.junit.runners.BlockJUnit4ClassRunner.runChild(BlockJUnit4ClassRunner.java:103)
	at org.junit.runners.BlockJUnit4ClassRunner.runChild(BlockJUnit4ClassRunner.java:63)
	at org.junit.runners.ParentRunner$4.run(ParentRunner.java:331)
	at org.junit.runners.ParentRunner$1.schedule(ParentRunner.java:79)
	at org.junit.runners.ParentRunner.runChildren(ParentRunner.java:329)
	at org.junit.runners.ParentRunner.access$100(ParentRunner.java:66)
	at org.junit.runners.ParentRunner$2.evaluate(ParentRunner.java:293)
	at org.junit.runners.ParentRunner$3.evaluate(ParentRunner.java:306)
	at org.junit.runners.ParentRunner.run(ParentRunner.java:413)
	at org.junit.runner.JUnitCore.run(JUnitCore.java:137)
	at org.junit.runner.JUnitCore.run(JUnitCore.java:115)
	at org.junit.vintage.engine.execution.RunnerExecutor.execute(RunnerExecutor.java:39)
	at java.base/java.util.stream.ForEachOps$ForEachOp$OfRef.accept(ForEachOps.java:183)
	at java.base/java.util.stream.ReferencePipeline$3$1.accept(ReferencePipeline.java:195)
	at java.base/java.util.Iterator.forEachRemaining(Iterator.java:133)
	at java.base/java.util.Spliterators$IteratorSpliterator.forEachRemaining(Spliterators.java:1801)
	at java.base/java.util.stream.AbstractPipeline.copyInto(AbstractPipeline.java:484)
	at java.base/java.util.stream.AbstractPipeline.wrapAndCopyInto(AbstractPipeline.java:474)
	at java.base/java.util.stream.ForEachOps$ForEachOp.evaluateSequential(ForEachOps.java:150)
	at java.base/java.util.stream.ForEachOps$ForEachOp$OfRef.evaluateSequential(ForEachOps.java:173)
	at java.base/java.util.stream.AbstractPipeline.evaluate(AbstractPipeline.java:234)
	at java.base/java.util.stream.ReferencePipeline.forEach(ReferencePipeline.java:497)
	at org.junit.vintage.engine.VintageTestEngine.executeAllChildren(VintageTestEngine.java:79)
	at org.junit.vintage.engine.VintageTestEngine.execute(VintageTestEngine.java:70)
	at org.junit.platform.launcher.core.DefaultLauncher.execute(DefaultLauncher.java:220)
	at org.junit.platform.launcher.core.DefaultLauncher.lambda$execute$6(DefaultLauncher.java:188)
	at org.junit.platform.launcher.core.DefaultLauncher.withInterceptedStreams(DefaultLauncher.java:202)
	at org.junit.platform.launcher.core.DefaultLauncher.execute(DefaultLauncher.java:181)
	at org.junit.platform.launcher.core.DefaultLauncher.execute(DefaultLauncher.java:128)
	at org.apache.maven.surefire.junitplatform.JUnitPlatformProvider.invokeAllTests(JUnitPlatformProvider.java:150)
	at org.apache.maven.surefire.junitplatform.JUnitPlatformProvider.invoke(JUnitPlatformProvider.java:124)
	at org.apache.maven.surefire.booter.ForkedBooter.invokeProviderInSameClassLoader(ForkedBooter.java:384)
	at org.apache.maven.surefire.booter.ForkedBooter.runSuitesInProcess(ForkedBooter.java:345)
	at org.apache.maven.surefire.booter.ForkedBooter.execute(ForkedBooter.java:126)
	at org.apache.maven.surefire.booter.ForkedBooter.main(ForkedBooter.java:418)
[main] WARN com.splunk.kafka.connect.SplunkSinkTask - Ignoring Null/Empty event for topicPartitionOffset=(mytopic, 1, 6)
com.splunk.hecclient.HecEmptyEventException: Empty event
	at com.splunk.hecclient.Event.checkEventData(Event.java:355)
	at com.splunk.hecclient.Event.<init>(Event.java:90)
	at com.splunk.hecclient.JsonEvent.<init>(JsonEvent.java:48)
	at com.splunk.kafka.connect.SplunkSinkTask.createHECEventNonFormatted(SplunkSinkTask.java:478)
	at com.splunk.kafka.connect.SplunkSinkTask.createHecEventFrom(SplunkSinkTask.java:411)
	at com.splunk.kafka.connect.SplunkSinkTask.sendEvents(SplunkSinkTask.java:274)
	at com.splunk.kafka.connect.SplunkSinkTask.handleEvent(SplunkSinkTask.java:267)
	at com.splunk.kafka.connect.SplunkSinkTask.put(SplunkSinkTask.java:105)
	at com.splunk.kafka.connect.SplunkSinkTaskTest.putWithEmptyEvent(SplunkSinkTaskTest.java:219)
	at java.base/jdk.internal.reflect.NativeMethodAccessorImpl.invoke0(Native Method)
	at java.base/jdk.internal.reflect.NativeMethodAccessorImpl.invoke(NativeMethodAccessorImpl.java:62)
	at java.base/jdk.internal.reflect.DelegatingMethodAccessorImpl.invoke(DelegatingMethodAccessorImpl.java:43)
	at java.base/java.lang.reflect.Method.invoke(Method.java:566)
	at org.junit.runners.model.FrameworkMethod$1.runReflectiveCall(FrameworkMethod.java:59)
	at org.junit.internal.runners.model.ReflectiveCallable.run(ReflectiveCallable.java:12)
	at org.junit.runners.model.FrameworkMethod.invokeExplosively(FrameworkMethod.java:56)
	at org.junit.internal.runners.statements.InvokeMethod.evaluate(InvokeMethod.java:17)
	at org.junit.runners.ParentRunner$3.evaluate(ParentRunner.java:306)
	at org.junit.runners.BlockJUnit4ClassRunner$1.evaluate(BlockJUnit4ClassRunner.java:100)
	at org.junit.runners.ParentRunner.runLeaf(ParentRunner.java:366)
	at org.junit.runners.BlockJUnit4ClassRunner.runChild(BlockJUnit4ClassRunner.java:103)
	at org.junit.runners.BlockJUnit4ClassRunner.runChild(BlockJUnit4ClassRunner.java:63)
	at org.junit.runners.ParentRunner$4.run(ParentRunner.java:331)
	at org.junit.runners.ParentRunner$1.schedule(ParentRunner.java:79)
	at org.junit.runners.ParentRunner.runChildren(ParentRunner.java:329)
	at org.junit.runners.ParentRunner.access$100(ParentRunner.java:66)
	at org.junit.runners.ParentRunner$2.evaluate(ParentRunner.java:293)
	at org.junit.runners.ParentRunner$3.evaluate(ParentRunner.java:306)
	at org.junit.runners.ParentRunner.run(ParentRunner.java:413)
	at org.junit.runner.JUnitCore.run(JUnitCore.java:137)
	at org.junit.runner.JUnitCore.run(JUnitCore.java:115)
	at org.junit.vintage.engine.execution.RunnerExecutor.execute(RunnerExecutor.java:39)
	at java.base/java.util.stream.ForEachOps$ForEachOp$OfRef.accept(ForEachOps.java:183)
	at java.base/java.util.stream.ReferencePipeline$3$1.accept(ReferencePipeline.java:195)
	at java.base/java.util.Iterator.forEachRemaining(Iterator.java:133)
	at java.base/java.util.Spliterators$IteratorSpliterator.forEachRemaining(Spliterators.java:1801)
	at java.base/java.util.stream.AbstractPipeline.copyInto(AbstractPipeline.java:484)
	at java.base/java.util.stream.AbstractPipeline.wrapAndCopyInto(AbstractPipeline.java:474)
	at java.base/java.util.stream.ForEachOps$ForEachOp.evaluateSequential(ForEachOps.java:150)
	at java.base/java.util.stream.ForEachOps$ForEachOp$OfRef.evaluateSequential(ForEachOps.java:173)
	at java.base/java.util.stream.AbstractPipeline.evaluate(AbstractPipeline.java:234)
	at java.base/java.util.stream.ReferencePipeline.forEach(ReferencePipeline.java:497)
	at org.junit.vintage.engine.VintageTestEngine.executeAllChildren(VintageTestEngine.java:79)
	at org.junit.vintage.engine.VintageTestEngine.execute(VintageTestEngine.java:70)
	at org.junit.platform.launcher.core.DefaultLauncher.execute(DefaultLauncher.java:220)
	at org.junit.platform.launcher.core.DefaultLauncher.lambda$execute$6(DefaultLauncher.java:188)
	at org.junit.platform.launcher.core.DefaultLauncher.withInterceptedStreams(DefaultLauncher.java:202)
	at org.junit.platform.launcher.core.DefaultLauncher.execute(DefaultLauncher.java:181)
	at org.junit.platform.launcher.core.DefaultLauncher.execute(DefaultLauncher.java:128)
	at org.apache.maven.surefire.junitplatform.JUnitPlatformProvider.invokeAllTests(JUnitPlatformProvider.java:150)
	at org.apache.maven.surefire.junitplatform.JUnitPlatformProvider.invoke(JUnitPlatformProvider.java:124)
	at org.apache.maven.surefire.booter.ForkedBooter.invokeProviderInSameClassLoader(ForkedBooter.java:384)
	at org.apache.maven.surefire.booter.ForkedBooter.runSuitesInProcess(ForkedBooter.java:345)
	at org.apache.maven.surefire.booter.ForkedBooter.execute(ForkedBooter.java:126)
	at org.apache.maven.surefire.booter.ForkedBooter.main(ForkedBooter.java:418)
[main] WARN com.splunk.kafka.connect.SplunkSinkTask - Ignoring Null/Empty event for topicPartitionOffset=(mytopic, 1, 7)
com.splunk.hecclient.HecEmptyEventException: Empty event
	at com.splunk.hecclient.Event.checkEventData(Event.java:355)
	at com.splunk.hecclient.Event.<init>(Event.java:90)
	at com.splunk.hecclient.JsonEvent.<init>(JsonEvent.java:48)
	at com.splunk.kafka.connect.SplunkSinkTask.createHECEventNonFormatted(SplunkSinkTask.java:478)
	at com.splunk.kafka.connect.SplunkSinkTask.createHecEventFrom(SplunkSinkTask.java:411)
	at com.splunk.kafka.connect.SplunkSinkTask.sendEvents(SplunkSinkTask.java:274)
	at com.splunk.kafka.connect.SplunkSinkTask.handleEvent(SplunkSinkTask.java:267)
	at com.splunk.kafka.connect.SplunkSinkTask.put(SplunkSinkTask.java:105)
	at com.splunk.kafka.connect.SplunkSinkTaskTest.putWithEmptyEvent(SplunkSinkTaskTest.java:219)
	at java.base/jdk.internal.reflect.NativeMethodAccessorImpl.invoke0(Native Method)
	at java.base/jdk.internal.reflect.NativeMethodAccessorImpl.invoke(NativeMethodAccessorImpl.java:62)
	at java.base/jdk.internal.reflect.DelegatingMethodAccessorImpl.invoke(DelegatingMethodAccessorImpl.java:43)
	at java.base/java.lang.reflect.Method.invoke(Method.java:566)
	at org.junit.runners.model.FrameworkMethod$1.runReflectiveCall(FrameworkMethod.java:59)
	at org.junit.internal.runners.model.ReflectiveCallable.run(ReflectiveCallable.java:12)
	at org.junit.runners.model.FrameworkMethod.invokeExplosively(FrameworkMethod.java:56)
	at org.junit.internal.runners.statements.InvokeMethod.evaluate(InvokeMethod.java:17)
	at org.junit.runners.ParentRunner$3.evaluate(ParentRunner.java:306)
	at org.junit.runners.BlockJUnit4ClassRunner$1.evaluate(BlockJUnit4ClassRunner.java:100)
	at org.junit.runners.ParentRunner.runLeaf(ParentRunner.java:366)
	at org.junit.runners.BlockJUnit4ClassRunner.runChild(BlockJUnit4ClassRunner.java:103)
	at org.junit.runners.BlockJUnit4ClassRunner.runChild(BlockJUnit4ClassRunner.java:63)
	at org.junit.runners.ParentRunner$4.run(ParentRunner.java:331)
	at org.junit.runners.ParentRunner$1.schedule(ParentRunner.java:79)
	at org.junit.runners.ParentRunner.runChildren(ParentRunner.java:329)
	at org.junit.runners.ParentRunner.access$100(ParentRunner.java:66)
	at org.junit.runners.ParentRunner$2.evaluate(ParentRunner.java:293)
	at org.junit.runners.ParentRunner$3.evaluate(ParentRunner.java:306)
	at org.junit.runners.ParentRunner.run(ParentRunner.java:413)
	at org.junit.runner.JUnitCore.run(JUnitCore.java:137)
	at org.junit.runner.JUnitCore.run(JUnitCore.java:115)
	at org.junit.vintage.engine.execution.RunnerExecutor.execute(RunnerExecutor.java:39)
	at java.base/java.util.stream.ForEachOps$ForEachOp$OfRef.accept(ForEachOps.java:183)
	at java.base/java.util.stream.ReferencePipeline$3$1.accept(ReferencePipeline.java:195)
	at java.base/java.util.Iterator.forEachRemaining(Iterator.java:133)
	at java.base/java.util.Spliterators$IteratorSpliterator.forEachRemaining(Spliterators.java:1801)
	at java.base/java.util.stream.AbstractPipeline.copyInto(AbstractPipeline.java:484)
	at java.base/java.util.stream.AbstractPipeline.wrapAndCopyInto(AbstractPipeline.java:474)
	at java.base/java.util.stream.ForEachOps$ForEachOp.evaluateSequential(ForEachOps.java:150)
	at java.base/java.util.stream.ForEachOps$ForEachOp$OfRef.evaluateSequential(ForEachOps.java:173)
	at java.base/java.util.stream.AbstractPipeline.evaluate(AbstractPipeline.java:234)
	at java.base/java.util.stream.ReferencePipeline.forEach(ReferencePipeline.java:497)
	at org.junit.vintage.engine.VintageTestEngine.executeAllChildren(VintageTestEngine.java:79)
	at org.junit.vintage.engine.VintageTestEngine.execute(VintageTestEngine.java:70)
	at org.junit.platform.launcher.core.DefaultLauncher.execute(DefaultLauncher.java:220)
	at org.junit.platform.launcher.core.DefaultLauncher.lambda$execute$6(DefaultLauncher.java:188)
	at org.junit.platform.launcher.core.DefaultLauncher.withInterceptedStreams(DefaultLauncher.java:202)
	at org.junit.platform.launcher.core.DefaultLauncher.execute(DefaultLauncher.java:181)
	at org.junit.platform.launcher.core.DefaultLauncher.execute(DefaultLauncher.java:128)
	at org.apache.maven.surefire.junitplatform.JUnitPlatformProvider.invokeAllTests(JUnitPlatformProvider.java:150)
	at org.apache.maven.surefire.junitplatform.JUnitPlatformProvider.invoke(JUnitPlatformProvider.java:124)
	at org.apache.maven.surefire.booter.ForkedBooter.invokeProviderInSameClassLoader(ForkedBooter.java:384)
	at org.apache.maven.surefire.booter.ForkedBooter.runSuitesInProcess(ForkedBooter.java:345)
	at org.apache.maven.surefire.booter.ForkedBooter.execute(ForkedBooter.java:126)
	at org.apache.maven.surefire.booter.ForkedBooter.main(ForkedBooter.java:418)
[main] WARN com.splunk.kafka.connect.SplunkSinkTask - Ignoring Null/Empty event for topicPartitionOffset=(mytopic, 1, 8)
com.splunk.hecclient.HecEmptyEventException: Empty event
	at com.splunk.hecclient.Event.checkEventData(Event.java:355)
	at com.splunk.hecclient.Event.<init>(Event.java:90)
	at com.splunk.hecclient.JsonEvent.<init>(JsonEvent.java:48)
	at com.splunk.kafka.connect.SplunkSinkTask.createHECEventNonFormatted(SplunkSinkTask.java:478)
	at com.splunk.kafka.connect.SplunkSinkTask.createHecEventFrom(SplunkSinkTask.java:411)
	at com.splunk.kafka.connect.SplunkSinkTask.sendEvents(SplunkSinkTask.java:274)
	at com.splunk.kafka.connect.SplunkSinkTask.handleEvent(SplunkSinkTask.java:267)
	at com.splunk.kafka.connect.SplunkSinkTask.put(SplunkSinkTask.java:105)
	at com.splunk.kafka.connect.SplunkSinkTaskTest.putWithEmptyEvent(SplunkSinkTaskTest.java:219)
	at java.base/jdk.internal.reflect.NativeMethodAccessorImpl.invoke0(Native Method)
	at java.base/jdk.internal.reflect.NativeMethodAccessorImpl.invoke(NativeMethodAccessorImpl.java:62)
	at java.base/jdk.internal.reflect.DelegatingMethodAccessorImpl.invoke(DelegatingMethodAccessorImpl.java:43)
	at java.base/java.lang.reflect.Method.invoke(Method.java:566)
	at org.junit.runners.model.FrameworkMethod$1.runReflectiveCall(FrameworkMethod.java:59)
	at org.junit.internal.runners.model.ReflectiveCallable.run(ReflectiveCallable.java:12)
	at org.junit.runners.model.FrameworkMethod.invokeExplosively(FrameworkMethod.java:56)
	at org.junit.internal.runners.statements.InvokeMethod.evaluate(InvokeMethod.java:17)
	at org.junit.runners.ParentRunner$3.evaluate(ParentRunner.java:306)
	at org.junit.runners.BlockJUnit4ClassRunner$1.evaluate(BlockJUnit4ClassRunner.java:100)
	at org.junit.runners.ParentRunner.runLeaf(ParentRunner.java:366)
	at org.junit.runners.BlockJUnit4ClassRunner.runChild(BlockJUnit4ClassRunner.java:103)
	at org.junit.runners.BlockJUnit4ClassRunner.runChild(BlockJUnit4ClassRunner.java:63)
	at org.junit.runners.ParentRunner$4.run(ParentRunner.java:331)
	at org.junit.runners.ParentRunner$1.schedule(ParentRunner.java:79)
	at org.junit.runners.ParentRunner.runChildren(ParentRunner.java:329)
	at org.junit.runners.ParentRunner.access$100(ParentRunner.java:66)
	at org.junit.runners.ParentRunner$2.evaluate(ParentRunner.java:293)
	at org.junit.runners.ParentRunner$3.evaluate(ParentRunner.java:306)
	at org.junit.runners.ParentRunner.run(ParentRunner.java:413)
	at org.junit.runner.JUnitCore.run(JUnitCore.java:137)
	at org.junit.runner.JUnitCore.run(JUnitCore.java:115)
	at org.junit.vintage.engine.execution.RunnerExecutor.execute(RunnerExecutor.java:39)
	at java.base/java.util.stream.ForEachOps$ForEachOp$OfRef.accept(ForEachOps.java:183)
	at java.base/java.util.stream.ReferencePipeline$3$1.accept(ReferencePipeline.java:195)
	at java.base/java.util.Iterator.forEachRemaining(Iterator.java:133)
	at java.base/java.util.Spliterators$IteratorSpliterator.forEachRemaining(Spliterators.java:1801)
	at java.base/java.util.stream.AbstractPipeline.copyInto(AbstractPipeline.java:484)
	at java.base/java.util.stream.AbstractPipeline.wrapAndCopyInto(AbstractPipeline.java:474)
	at java.base/java.util.stream.ForEachOps$ForEachOp.evaluateSequential(ForEachOps.java:150)
	at java.base/java.util.stream.ForEachOps$ForEachOp$OfRef.evaluateSequential(ForEachOps.java:173)
	at java.base/java.util.stream.AbstractPipeline.evaluate(AbstractPipeline.java:234)
	at java.base/java.util.stream.ReferencePipeline.forEach(ReferencePipeline.java:497)
	at org.junit.vintage.engine.VintageTestEngine.executeAllChildren(VintageTestEngine.java:79)
	at org.junit.vintage.engine.VintageTestEngine.execute(VintageTestEngine.java:70)
	at org.junit.platform.launcher.core.DefaultLauncher.execute(DefaultLauncher.java:220)
	at org.junit.platform.launcher.core.DefaultLauncher.lambda$execute$6(DefaultLauncher.java:188)
	at org.junit.platform.launcher.core.DefaultLauncher.withInterceptedStreams(DefaultLauncher.java:202)
	at org.junit.platform.launcher.core.DefaultLauncher.execute(DefaultLauncher.java:181)
	at org.junit.platform.launcher.core.DefaultLauncher.execute(DefaultLauncher.java:128)
	at org.apache.maven.surefire.junitplatform.JUnitPlatformProvider.invokeAllTests(JUnitPlatformProvider.java:150)
	at org.apache.maven.surefire.junitplatform.JUnitPlatformProvider.invoke(JUnitPlatformProvider.java:124)
	at org.apache.maven.surefire.booter.ForkedBooter.invokeProviderInSameClassLoader(ForkedBooter.java:384)
	at org.apache.maven.surefire.booter.ForkedBooter.runSuitesInProcess(ForkedBooter.java:345)
	at org.apache.maven.surefire.booter.ForkedBooter.execute(ForkedBooter.java:126)
	at org.apache.maven.surefire.booter.ForkedBooter.main(ForkedBooter.java:418)
[main] WARN com.splunk.kafka.connect.SplunkSinkTask - Ignoring Null/Empty event for topicPartitionOffset=(mytopic, 1, 9)
com.splunk.hecclient.HecEmptyEventException: Empty event
	at com.splunk.hecclient.Event.checkEventData(Event.java:355)
	at com.splunk.hecclient.Event.<init>(Event.java:90)
	at com.splunk.hecclient.JsonEvent.<init>(JsonEvent.java:48)
	at com.splunk.kafka.connect.SplunkSinkTask.createHECEventNonFormatted(SplunkSinkTask.java:478)
	at com.splunk.kafka.connect.SplunkSinkTask.createHecEventFrom(SplunkSinkTask.java:411)
	at com.splunk.kafka.connect.SplunkSinkTask.sendEvents(SplunkSinkTask.java:274)
	at com.splunk.kafka.connect.SplunkSinkTask.handleEvent(SplunkSinkTask.java:267)
	at com.splunk.kafka.connect.SplunkSinkTask.put(SplunkSinkTask.java:105)
	at com.splunk.kafka.connect.SplunkSinkTaskTest.putWithEmptyEvent(SplunkSinkTaskTest.java:219)
	at java.base/jdk.internal.reflect.NativeMethodAccessorImpl.invoke0(Native Method)
	at java.base/jdk.internal.reflect.NativeMethodAccessorImpl.invoke(NativeMethodAccessorImpl.java:62)
	at java.base/jdk.internal.reflect.DelegatingMethodAccessorImpl.invoke(DelegatingMethodAccessorImpl.java:43)
	at java.base/java.lang.reflect.Method.invoke(Method.java:566)
	at org.junit.runners.model.FrameworkMethod$1.runReflectiveCall(FrameworkMethod.java:59)
	at org.junit.internal.runners.model.ReflectiveCallable.run(ReflectiveCallable.java:12)
	at org.junit.runners.model.FrameworkMethod.invokeExplosively(FrameworkMethod.java:56)
	at org.junit.internal.runners.statements.InvokeMethod.evaluate(InvokeMethod.java:17)
	at org.junit.runners.ParentRunner$3.evaluate(ParentRunner.java:306)
	at org.junit.runners.BlockJUnit4ClassRunner$1.evaluate(BlockJUnit4ClassRunner.java:100)
	at org.junit.runners.ParentRunner.runLeaf(ParentRunner.java:366)
	at org.junit.runners.BlockJUnit4ClassRunner.runChild(BlockJUnit4ClassRunner.java:103)
	at org.junit.runners.BlockJUnit4ClassRunner.runChild(BlockJUnit4ClassRunner.java:63)
	at org.junit.runners.ParentRunner$4.run(ParentRunner.java:331)
	at org.junit.runners.ParentRunner$1.schedule(ParentRunner.java:79)
	at org.junit.runners.ParentRunner.runChildren(ParentRunner.java:329)
	at org.junit.runners.ParentRunner.access$100(ParentRunner.java:66)
	at org.junit.runners.ParentRunner$2.evaluate(ParentRunner.java:293)
	at org.junit.runners.ParentRunner$3.evaluate(ParentRunner.java:306)
	at org.junit.runners.ParentRunner.run(ParentRunner.java:413)
	at org.junit.runner.JUnitCore.run(JUnitCore.java:137)
	at org.junit.runner.JUnitCore.run(JUnitCore.java:115)
	at org.junit.vintage.engine.execution.RunnerExecutor.execute(RunnerExecutor.java:39)
	at java.base/java.util.stream.ForEachOps$ForEachOp$OfRef.accept(ForEachOps.java:183)
	at java.base/java.util.stream.ReferencePipeline$3$1.accept(ReferencePipeline.java:195)
	at java.base/java.util.Iterator.forEachRemaining(Iterator.java:133)
	at java.base/java.util.Spliterators$IteratorSpliterator.forEachRemaining(Spliterators.java:1801)
	at java.base/java.util.stream.AbstractPipeline.copyInto(AbstractPipeline.java:484)
	at java.base/java.util.stream.AbstractPipeline.wrapAndCopyInto(AbstractPipeline.java:474)
	at java.base/java.util.stream.ForEachOps$ForEachOp.evaluateSequential(ForEachOps.java:150)
	at java.base/java.util.stream.ForEachOps$ForEachOp$OfRef.evaluateSequential(ForEachOps.java:173)
	at java.base/java.util.stream.AbstractPipeline.evaluate(AbstractPipeline.java:234)
	at java.base/java.util.stream.ReferencePipeline.forEach(ReferencePipeline.java:497)
	at org.junit.vintage.engine.VintageTestEngine.executeAllChildren(VintageTestEngine.java:79)
	at org.junit.vintage.engine.VintageTestEngine.execute(VintageTestEngine.java:70)
	at org.junit.platform.launcher.core.DefaultLauncher.execute(DefaultLauncher.java:220)
	at org.junit.platform.launcher.core.DefaultLauncher.lambda$execute$6(DefaultLauncher.java:188)
	at org.junit.platform.launcher.core.DefaultLauncher.withInterceptedStreams(DefaultLauncher.java:202)
	at org.junit.platform.launcher.core.DefaultLauncher.execute(DefaultLauncher.java:181)
	at org.junit.platform.launcher.core.DefaultLauncher.execute(DefaultLauncher.java:128)
	at org.apache.maven.surefire.junitplatform.JUnitPlatformProvider.invokeAllTests(JUnitPlatformProvider.java:150)
	at org.apache.maven.surefire.junitplatform.JUnitPlatformProvider.invoke(JUnitPlatformProvider.java:124)
	at org.apache.maven.surefire.booter.ForkedBooter.invokeProviderInSameClassLoader(ForkedBooter.java:384)
	at org.apache.maven.surefire.booter.ForkedBooter.runSuitesInProcess(ForkedBooter.java:345)
	at org.apache.maven.surefire.booter.ForkedBooter.execute(ForkedBooter.java:126)
	at org.apache.maven.surefire.booter.ForkedBooter.main(ForkedBooter.java:418)
[main] INFO com.splunk.kafka.connect.SplunkSinkTask - kafka-connect-splunk task ends with config=splunkURI:https://dummy:8088, raw:false, ack:true, indexes:, sourcetypes:, sources:, headerSupport:false, headerCustom:, httpKeepAlive:true, validateCertificates:true, trustStorePath:./src/test/resources/keystoretest.jks, socketTimeout:1, eventBatchTimeout:1, ackPollInterval:1, ackPollThreads:1, maxHttpConnectionPerChannel:1, flushWindow:30, totalHecChannels:1, enrichment:ni=hao,hello=world, maxBatchSize:6, numberOfThreads:1, lineBreaker:
, maxOutstandingEvents:1000000, maxRetries:-1, useRecordTimestamp:true, hecEventFormatted:false, trackData:true, headerSupport:false, headerCustom:, headerIndex:splunk.header.index, headerSource:splunk.header.source, headerSourcetype:splunk.header.sourcetype, headerHost:splunk.header.host, enableCompression:false, lbPollInterval:120
[pool-4-thread-1] ERROR com.splunk.hecclient.LoadBalancer - encountered exception when checking health of indexer dummyhost, this means indexer and its channels are removed from the loadbalancer
[pool-5-thread-1] ERROR com.splunk.hecclient.LoadBalancer - encountered exception when checking health of indexer dummyhost, this means indexer and its channels are removed from the loadbalancer
[pool-2-thread-1] ERROR com.splunk.hecclient.LoadBalancer - encountered exception when checking health of indexer dummyhost, this means indexer and its channels are removed from the loadbalancer
[main] INFO com.splunk.kafka.connect.SplunkSinkConnectorConfig - SplunkSinkConnectorConfig values: 
	splunk.flush.window = 30
	splunk.header.custom = 
	splunk.header.host = splunk.header.host
	splunk.header.index = splunk.header.index
	splunk.header.source = splunk.header.source
	splunk.header.sourcetype = splunk.header.sourcetype
	splunk.header.support = false
	splunk.hec.ack.enabled = true
	splunk.hec.ack.poll.interval = 1
	splunk.hec.ack.poll.threads = 1
	splunk.hec.backoff.threshhold.seconds = 60
	splunk.hec.enable.compression = false
	splunk.hec.event.timeout = 1
	splunk.hec.http.keepalive = true
	splunk.hec.json.event.enrichment = ni=hao,hello=world
	splunk.hec.json.event.formatted = false
	splunk.hec.lb.poll.interval = 120
	splunk.hec.max.batch.size = 100
	splunk.hec.max.http.connection.per.channel = 1
	splunk.hec.max.outstanding.events = 1000000
	splunk.hec.max.retries = -1
	splunk.hec.raw = true
	splunk.hec.raw.line.breaker = 
	splunk.hec.socket.timeout = 1
	splunk.hec.ssl.trust.store.password = [hidden]
	splunk.hec.ssl.trust.store.path = ./src/test/resources/keystoretest.jks
	splunk.hec.ssl.validate.certs = true
	splunk.hec.threads = 1
	splunk.hec.token = [hidden]
	splunk.hec.total.channels = 1
	splunk.hec.track.data = true
	splunk.hec.uri = https://dummy:8088
	splunk.hec.use.record.timestamp = true
	splunk.indexes = i1
	splunk.sources = e1
	splunk.sourcetypes = s1

[pool-3-thread-1] ERROR com.splunk.hecclient.LoadBalancer - encountered exception when checking health of indexer dummyhost, this means indexer and its channels are removed from the loadbalancer
[main] INFO com.splunk.kafka.connect.SplunkSinkTask - kafka-connect-splunk task starts with config=splunkURI:https://dummy:8088, raw:true, ack:true, indexes:i1, sourcetypes:s1, sources:e1, headerSupport:false, headerCustom:, httpKeepAlive:true, validateCertificates:true, trustStorePath:./src/test/resources/keystoretest.jks, socketTimeout:1, eventBatchTimeout:1, ackPollInterval:1, ackPollThreads:1, maxHttpConnectionPerChannel:1, flushWindow:30, totalHecChannels:1, enrichment:ni=hao,hello=world, maxBatchSize:100, numberOfThreads:1, lineBreaker:
, maxOutstandingEvents:1000000, maxRetries:-1, useRecordTimestamp:true, hecEventFormatted:false, trackData:true, headerSupport:false, headerCustom:, headerIndex:splunk.header.index, headerSource:splunk.header.source, headerSourcetype:splunk.header.sourcetype, headerHost:splunk.header.host, enableCompression:false, lbPollInterval:120
[main] WARN com.splunk.kafka.connect.KafkaRecordTracker - purge offsets for closed partitions=[mytopic-1] leaving offsets={}
[main] INFO com.splunk.kafka.connect.SplunkSinkTask - kafka-connect-splunk task ends with config=splunkURI:https://dummy:8088, raw:true, ack:true, indexes:i1, sourcetypes:s1, sources:e1, headerSupport:false, headerCustom:, httpKeepAlive:true, validateCertificates:true, trustStorePath:./src/test/resources/keystoretest.jks, socketTimeout:1, eventBatchTimeout:1, ackPollInterval:1, ackPollThreads:1, maxHttpConnectionPerChannel:1, flushWindow:30, totalHecChannels:1, enrichment:ni=hao,hello=world, maxBatchSize:100, numberOfThreads:1, lineBreaker:
, maxOutstandingEvents:1000000, maxRetries:-1, useRecordTimestamp:true, hecEventFormatted:false, trackData:true, headerSupport:false, headerCustom:, headerIndex:splunk.header.index, headerSource:splunk.header.source, headerSourcetype:splunk.header.sourcetype, headerHost:splunk.header.host, enableCompression:false, lbPollInterval:120
[main] INFO com.splunk.kafka.connect.SplunkSinkConnectorConfig - SplunkSinkConnectorConfig values: 
	splunk.flush.window = 30
	splunk.header.custom = 
	splunk.header.host = splunk.header.host
	splunk.header.index = splunk.header.index
	splunk.header.source = splunk.header.source
	splunk.header.sourcetype = splunk.header.sourcetype
	splunk.header.support = false
	splunk.hec.ack.enabled = true
	splunk.hec.ack.poll.interval = 1
	splunk.hec.ack.poll.threads = 1
	splunk.hec.backoff.threshhold.seconds = 60
	splunk.hec.enable.compression = false
	splunk.hec.event.timeout = 1
	splunk.hec.http.keepalive = true
	splunk.hec.json.event.enrichment = ni=hao,hello=world
	splunk.hec.json.event.formatted = false
	splunk.hec.lb.poll.interval = 120
	splunk.hec.max.batch.size = 100
	splunk.hec.max.http.connection.per.channel = 1
	splunk.hec.max.outstanding.events = 1000
	splunk.hec.max.retries = -1
	splunk.hec.raw = false
	splunk.hec.raw.line.breaker = 
	splunk.hec.socket.timeout = 1
	splunk.hec.ssl.trust.store.password = [hidden]
	splunk.hec.ssl.trust.store.path = ./src/test/resources/keystoretest.jks
	splunk.hec.ssl.validate.certs = true
	splunk.hec.threads = 1
	splunk.hec.token = [hidden]
	splunk.hec.total.channels = 1
	splunk.hec.track.data = true
	splunk.hec.uri = https://dummy:8088
	splunk.hec.use.record.timestamp = true
	splunk.indexes = 
	splunk.sources = 
	splunk.sourcetypes = 

[main] INFO com.splunk.kafka.connect.SplunkSinkTask - kafka-connect-splunk task starts with config=splunkURI:https://dummy:8088, raw:false, ack:true, indexes:, sourcetypes:, sources:, headerSupport:false, headerCustom:, httpKeepAlive:true, validateCertificates:true, trustStorePath:./src/test/resources/keystoretest.jks, socketTimeout:1, eventBatchTimeout:1, ackPollInterval:1, ackPollThreads:1, maxHttpConnectionPerChannel:1, flushWindow:30, totalHecChannels:1, enrichment:ni=hao,hello=world, maxBatchSize:100, numberOfThreads:1, lineBreaker:
, maxOutstandingEvents:1000, maxRetries:-1, useRecordTimestamp:true, hecEventFormatted:false, trackData:true, headerSupport:false, headerCustom:, headerIndex:splunk.header.index, headerSource:splunk.header.source, headerSourcetype:splunk.header.sourcetype, headerHost:splunk.header.host, enableCompression:false, lbPollInterval:120
[main] INFO com.splunk.kafka.connect.SplunkSinkTask - add 1 failed batches
[main] INFO com.splunk.kafka.connect.KafkaRecordTracker - total failed batches 1
[main] INFO com.splunk.kafka.connect.SplunkSinkTask - add 1 failed batches
[main] INFO com.splunk.kafka.connect.KafkaRecordTracker - total failed batches 2
[main] INFO com.splunk.kafka.connect.SplunkSinkTask - add 1 failed batches
[main] INFO com.splunk.kafka.connect.KafkaRecordTracker - total failed batches 3
[main] INFO com.splunk.kafka.connect.SplunkSinkTask - add 1 failed batches
[main] INFO com.splunk.kafka.connect.KafkaRecordTracker - total failed batches 4
[main] INFO com.splunk.kafka.connect.SplunkSinkTask - add 1 failed batches
[main] INFO com.splunk.kafka.connect.KafkaRecordTracker - total failed batches 5
[main] INFO com.splunk.kafka.connect.SplunkSinkTask - add 1 failed batches
[main] INFO com.splunk.kafka.connect.KafkaRecordTracker - total failed batches 6
[main] INFO com.splunk.kafka.connect.SplunkSinkTask - add 1 failed batches
[main] INFO com.splunk.kafka.connect.KafkaRecordTracker - total failed batches 7
[main] INFO com.splunk.kafka.connect.SplunkSinkTask - add 1 failed batches
[main] INFO com.splunk.kafka.connect.KafkaRecordTracker - total failed batches 8
[main] INFO com.splunk.kafka.connect.SplunkSinkTask - add 1 failed batches
[main] INFO com.splunk.kafka.connect.KafkaRecordTracker - total failed batches 9
[main] INFO com.splunk.kafka.connect.SplunkSinkTask - add 1 failed batches
[main] INFO com.splunk.kafka.connect.KafkaRecordTracker - total failed batches 10
[main] WARN com.splunk.kafka.connect.SplunkSinkTask - attempting to resend batch 6db05cf0-594e-4ee6-911d-edb7997ccf24 with 0 events, this is attempt 1 out of -1 for this batch 
[main] INFO com.splunk.kafka.connect.SplunkSinkTask - add 1 failed batches
[main] INFO com.splunk.kafka.connect.KafkaRecordTracker - total failed batches 1
[main] WARN com.splunk.kafka.connect.SplunkSinkTask - attempting to resend batch a4c62dff-fa44-4fd6-8669-a4a7432c8d6a with 0 events, this is attempt 1 out of -1 for this batch 
[main] INFO com.splunk.kafka.connect.SplunkSinkTask - add 1 failed batches
[main] INFO com.splunk.kafka.connect.KafkaRecordTracker - total failed batches 2
[main] WARN com.splunk.kafka.connect.SplunkSinkTask - attempting to resend batch b3b1ad16-48ac-4d32-89db-355d4ef396e7 with 0 events, this is attempt 1 out of -1 for this batch 
[main] INFO com.splunk.kafka.connect.SplunkSinkTask - add 1 failed batches
[main] INFO com.splunk.kafka.connect.KafkaRecordTracker - total failed batches 3
[main] WARN com.splunk.kafka.connect.SplunkSinkTask - attempting to resend batch 6b881f83-c35a-4f54-9ac3-ae5c4c16b179 with 0 events, this is attempt 1 out of -1 for this batch 
[main] INFO com.splunk.kafka.connect.SplunkSinkTask - add 1 failed batches
[main] INFO com.splunk.kafka.connect.KafkaRecordTracker - total failed batches 4
[main] WARN com.splunk.kafka.connect.SplunkSinkTask - attempting to resend batch 9a6b41e6-b070-406b-ab11-02ee7a06417b with 0 events, this is attempt 1 out of -1 for this batch 
[main] INFO com.splunk.kafka.connect.SplunkSinkTask - add 1 failed batches
[main] INFO com.splunk.kafka.connect.KafkaRecordTracker - total failed batches 5
[main] WARN com.splunk.kafka.connect.SplunkSinkTask - attempting to resend batch 33afefcf-b05f-4cd1-8394-b2f763cf0541 with 0 events, this is attempt 1 out of -1 for this batch 
[main] INFO com.splunk.kafka.connect.SplunkSinkTask - add 1 failed batches
[main] INFO com.splunk.kafka.connect.KafkaRecordTracker - total failed batches 6
[main] WARN com.splunk.kafka.connect.SplunkSinkTask - attempting to resend batch 573872eb-f307-44b6-a7e3-d2fe9aa10a97 with 0 events, this is attempt 1 out of -1 for this batch 
[main] INFO com.splunk.kafka.connect.SplunkSinkTask - add 1 failed batches
[main] INFO com.splunk.kafka.connect.KafkaRecordTracker - total failed batches 7
[main] WARN com.splunk.kafka.connect.SplunkSinkTask - attempting to resend batch 2f6ea70a-53ea-495c-9664-8a80c0f84028 with 0 events, this is attempt 1 out of -1 for this batch 
[main] INFO com.splunk.kafka.connect.SplunkSinkTask - add 1 failed batches
[main] INFO com.splunk.kafka.connect.KafkaRecordTracker - total failed batches 8
[main] WARN com.splunk.kafka.connect.SplunkSinkTask - attempting to resend batch c98c9ffe-deb0-4778-9767-2eef49d907c9 with 0 events, this is attempt 1 out of -1 for this batch 
[main] INFO com.splunk.kafka.connect.SplunkSinkTask - add 1 failed batches
[main] INFO com.splunk.kafka.connect.KafkaRecordTracker - total failed batches 9
[main] WARN com.splunk.kafka.connect.SplunkSinkTask - attempting to resend batch 73e030ac-a903-4bbf-873c-218d8dcd8788 with 0 events, this is attempt 1 out of -1 for this batch 
[main] INFO com.splunk.kafka.connect.SplunkSinkTask - add 1 failed batches
[main] INFO com.splunk.kafka.connect.KafkaRecordTracker - total failed batches 10
[main] INFO com.splunk.kafka.connect.SplunkSinkTask - handled 10 failed batches with 0 events
[main] INFO com.splunk.kafka.connect.SplunkSinkConnectorConfig - SplunkSinkConnectorConfig values: 
	splunk.flush.window = 30
	splunk.header.custom = 
	splunk.header.host = splunk.header.host
	splunk.header.index = splunk.header.index
	splunk.header.source = splunk.header.source
	splunk.header.sourcetype = splunk.header.sourcetype
	splunk.header.support = false
	splunk.hec.ack.enabled = true
	splunk.hec.ack.poll.interval = 1
	splunk.hec.ack.poll.threads = 1
	splunk.hec.backoff.threshhold.seconds = 60
	splunk.hec.enable.compression = false
	splunk.hec.event.timeout = 1
	splunk.hec.http.keepalive = true
	splunk.hec.json.event.enrichment = ni=hao,hello=world
	splunk.hec.json.event.formatted = false
	splunk.hec.lb.poll.interval = 120
	splunk.hec.max.batch.size = 1
	splunk.hec.max.http.connection.per.channel = 1
	splunk.hec.max.outstanding.events = 1000000
	splunk.hec.max.retries = -1
	splunk.hec.raw = false
	splunk.hec.raw.line.breaker = 
	splunk.hec.socket.timeout = 1
	splunk.hec.ssl.trust.store.password = [hidden]
	splunk.hec.ssl.trust.store.path = ./src/test/resources/keystoretest.jks
	splunk.hec.ssl.validate.certs = true
	splunk.hec.threads = 2
	splunk.hec.token = [hidden]
	splunk.hec.total.channels = 1
	splunk.hec.track.data = true
	splunk.hec.uri = https://dummy:8088
	splunk.hec.use.record.timestamp = true
	splunk.indexes = 
	splunk.sources = 
	splunk.sourcetypes = 

[main] INFO com.splunk.kafka.connect.SplunkSinkTask - kafka-connect-splunk task starts with config=splunkURI:https://dummy:8088, raw:false, ack:true, indexes:, sourcetypes:, sources:, headerSupport:false, headerCustom:, httpKeepAlive:true, validateCertificates:true, trustStorePath:./src/test/resources/keystoretest.jks, socketTimeout:1, eventBatchTimeout:1, ackPollInterval:1, ackPollThreads:1, maxHttpConnectionPerChannel:1, flushWindow:30, totalHecChannels:1, enrichment:ni=hao,hello=world, maxBatchSize:1, numberOfThreads:2, lineBreaker:
, maxOutstandingEvents:1000000, maxRetries:-1, useRecordTimestamp:true, hecEventFormatted:false, trackData:true, headerSupport:false, headerCustom:, headerIndex:splunk.header.index, headerSource:splunk.header.source, headerSourcetype:splunk.header.sourcetype, headerHost:splunk.header.host, enableCompression:false, lbPollInterval:120
[main] INFO com.splunk.kafka.connect.SplunkSinkTask - kafka-connect-splunk task ends with config=splunkURI:https://dummy:8088, raw:false, ack:true, indexes:, sourcetypes:, sources:, headerSupport:false, headerCustom:, httpKeepAlive:true, validateCertificates:true, trustStorePath:./src/test/resources/keystoretest.jks, socketTimeout:1, eventBatchTimeout:1, ackPollInterval:1, ackPollThreads:1, maxHttpConnectionPerChannel:1, flushWindow:30, totalHecChannels:1, enrichment:ni=hao,hello=world, maxBatchSize:1, numberOfThreads:2, lineBreaker:
, maxOutstandingEvents:1000000, maxRetries:-1, useRecordTimestamp:true, hecEventFormatted:false, trackData:true, headerSupport:false, headerCustom:, headerIndex:splunk.header.index, headerSource:splunk.header.source, headerSourcetype:splunk.header.sourcetype, headerHost:splunk.header.host, enableCompression:false, lbPollInterval:120
[main] INFO com.splunk.kafka.connect.SplunkSinkConnectorConfig - SplunkSinkConnectorConfig values: 
	splunk.flush.window = 30
	splunk.header.custom = 
	splunk.header.host = splunk.header.host
	splunk.header.index = splunk.header.index
	splunk.header.source = splunk.header.source
	splunk.header.sourcetype = splunk.header.sourcetype
	splunk.header.support = false
	splunk.hec.ack.enabled = false
	splunk.hec.ack.poll.interval = 1
	splunk.hec.ack.poll.threads = 1
	splunk.hec.backoff.threshhold.seconds = 60
	splunk.hec.enable.compression = false
	splunk.hec.event.timeout = 1
	splunk.hec.http.keepalive = true
	splunk.hec.json.event.enrichment = ni=hao,hello=world
	splunk.hec.json.event.formatted = false
	splunk.hec.lb.poll.interval = 120
	splunk.hec.max.batch.size = 1
	splunk.hec.max.http.connection.per.channel = 1
	splunk.hec.max.outstanding.events = 1000000
	splunk.hec.max.retries = -1
	splunk.hec.raw = false
	splunk.hec.raw.line.breaker = 
	splunk.hec.socket.timeout = 1
	splunk.hec.ssl.trust.store.password = [hidden]
	splunk.hec.ssl.trust.store.path = ./src/test/resources/keystoretest.jks
	splunk.hec.ssl.validate.certs = true
	splunk.hec.threads = 1
	splunk.hec.token = [hidden]
	splunk.hec.total.channels = 1
	splunk.hec.track.data = true
	splunk.hec.uri = https://dummy:8088
	splunk.hec.use.record.timestamp = true
	splunk.indexes = 
	splunk.sources = 
	splunk.sourcetypes = 

[Concurrent-HEC-worker] INFO com.splunk.hecclient.HecAckPoller - HecAckPoller stopped with 0 outstanding un-ACKed events
[Concurrent-HEC-worker] INFO com.splunk.hecclient.LoadBalancer - LoadBalancer stopped
[main] INFO com.splunk.kafka.connect.SplunkSinkTask - kafka-connect-splunk task starts with config=splunkURI:https://dummy:8088, raw:false, ack:false, indexes:, sourcetypes:, sources:, headerSupport:false, headerCustom:, httpKeepAlive:true, validateCertificates:true, trustStorePath:./src/test/resources/keystoretest.jks, socketTimeout:1, eventBatchTimeout:1, ackPollInterval:1, ackPollThreads:1, maxHttpConnectionPerChannel:1, flushWindow:30, totalHecChannels:1, enrichment:ni=hao,hello=world, maxBatchSize:1, numberOfThreads:1, lineBreaker:
, maxOutstandingEvents:1000000, maxRetries:-1, useRecordTimestamp:true, hecEventFormatted:false, trackData:true, headerSupport:false, headerCustom:, headerIndex:splunk.header.index, headerSource:splunk.header.source, headerSourcetype:splunk.header.sourcetype, headerHost:splunk.header.host, enableCompression:false, lbPollInterval:120
[main] INFO com.splunk.hecclient.LoadBalancer - LoadBalancer stopped
[main] INFO com.splunk.kafka.connect.SplunkSinkTask - kafka-connect-splunk task ends with config=splunkURI:https://dummy:8088, raw:false, ack:false, indexes:, sourcetypes:, sources:, headerSupport:false, headerCustom:, httpKeepAlive:true, validateCertificates:true, trustStorePath:./src/test/resources/keystoretest.jks, socketTimeout:1, eventBatchTimeout:1, ackPollInterval:1, ackPollThreads:1, maxHttpConnectionPerChannel:1, flushWindow:30, totalHecChannels:1, enrichment:ni=hao,hello=world, maxBatchSize:1, numberOfThreads:1, lineBreaker:
, maxOutstandingEvents:1000000, maxRetries:-1, useRecordTimestamp:true, hecEventFormatted:false, trackData:true, headerSupport:false, headerCustom:, headerIndex:splunk.header.index, headerSource:splunk.header.source, headerSourcetype:splunk.header.sourcetype, headerHost:splunk.header.host, enableCompression:false, lbPollInterval:120
[main] INFO com.splunk.kafka.connect.SplunkSinkConnectorConfig - SplunkSinkConnectorConfig values: 
	splunk.flush.window = 30
	splunk.header.custom = 
	splunk.header.host = splunk.header.host
	splunk.header.index = splunk.header.index
	splunk.header.source = splunk.header.source
	splunk.header.sourcetype = splunk.header.sourcetype
	splunk.header.support = false
	splunk.hec.ack.enabled = true
	splunk.hec.ack.poll.interval = 1
	splunk.hec.ack.poll.threads = 1
	splunk.hec.backoff.threshhold.seconds = 60
	splunk.hec.enable.compression = false
	splunk.hec.event.timeout = 1
	splunk.hec.http.keepalive = true
	splunk.hec.json.event.enrichment = ni=hao,hello=world
	splunk.hec.json.event.formatted = false
	splunk.hec.lb.poll.interval = 120
	splunk.hec.max.batch.size = 100
	splunk.hec.max.http.connection.per.channel = 1
	splunk.hec.max.outstanding.events = 1000
	splunk.hec.max.retries = -1
	splunk.hec.raw = false
	splunk.hec.raw.line.breaker = 
	splunk.hec.socket.timeout = 1
	splunk.hec.ssl.trust.store.password = [hidden]
	splunk.hec.ssl.trust.store.path = ./src/test/resources/keystoretest.jks
	splunk.hec.ssl.validate.certs = true
	splunk.hec.threads = 1
	splunk.hec.token = [hidden]
	splunk.hec.total.channels = 1
	splunk.hec.track.data = true
	splunk.hec.uri = https://dummy:8088
	splunk.hec.use.record.timestamp = true
	splunk.indexes = 
	splunk.sources = 
	splunk.sourcetypes = 

[main] INFO com.splunk.kafka.connect.SplunkSinkTask - kafka-connect-splunk task starts with config=splunkURI:https://dummy:8088, raw:false, ack:true, indexes:, sourcetypes:, sources:, headerSupport:false, headerCustom:, httpKeepAlive:true, validateCertificates:true, trustStorePath:./src/test/resources/keystoretest.jks, socketTimeout:1, eventBatchTimeout:1, ackPollInterval:1, ackPollThreads:1, maxHttpConnectionPerChannel:1, flushWindow:30, totalHecChannels:1, enrichment:ni=hao,hello=world, maxBatchSize:100, numberOfThreads:1, lineBreaker:
, maxOutstandingEvents:1000, maxRetries:-1, useRecordTimestamp:true, hecEventFormatted:false, trackData:true, headerSupport:false, headerCustom:, headerIndex:splunk.header.index, headerSource:splunk.header.source, headerSourcetype:splunk.header.sourcetype, headerHost:splunk.header.host, enableCompression:false, lbPollInterval:120
[main] INFO com.splunk.kafka.connect.SplunkSinkTask - add 1 failed batches
[main] INFO com.splunk.kafka.connect.KafkaRecordTracker - total failed batches 1
[main] INFO com.splunk.kafka.connect.SplunkSinkTask - add 1 failed batches
[main] INFO com.splunk.kafka.connect.KafkaRecordTracker - total failed batches 2
[main] INFO com.splunk.kafka.connect.SplunkSinkTask - add 1 failed batches
[main] INFO com.splunk.kafka.connect.KafkaRecordTracker - total failed batches 3
[main] INFO com.splunk.kafka.connect.SplunkSinkTask - add 1 failed batches
[main] INFO com.splunk.kafka.connect.KafkaRecordTracker - total failed batches 4
[main] INFO com.splunk.kafka.connect.SplunkSinkTask - add 1 failed batches
[main] INFO com.splunk.kafka.connect.KafkaRecordTracker - total failed batches 5
[main] INFO com.splunk.kafka.connect.SplunkSinkTask - add 1 failed batches
[main] INFO com.splunk.kafka.connect.KafkaRecordTracker - total failed batches 6
[main] INFO com.splunk.kafka.connect.SplunkSinkTask - add 1 failed batches
[main] INFO com.splunk.kafka.connect.KafkaRecordTracker - total failed batches 7
[main] INFO com.splunk.kafka.connect.SplunkSinkTask - add 1 failed batches
[main] INFO com.splunk.kafka.connect.KafkaRecordTracker - total failed batches 8
[main] INFO com.splunk.kafka.connect.SplunkSinkTask - add 1 failed batches
[main] INFO com.splunk.kafka.connect.KafkaRecordTracker - total failed batches 9
[main] INFO com.splunk.kafka.connect.SplunkSinkTask - add 1 failed batches
[main] INFO com.splunk.kafka.connect.KafkaRecordTracker - total failed batches 10
[main] WARN com.splunk.kafka.connect.SplunkSinkTask - attempting to resend batch 001c8569-8f50-4511-a5e5-bd10221f4322 with 0 events, this is attempt 1 out of -1 for this batch 
[main] INFO com.splunk.kafka.connect.SplunkSinkTask - add 1 failed batches
[main] INFO com.splunk.kafka.connect.KafkaRecordTracker - total failed batches 1
[main] WARN com.splunk.kafka.connect.SplunkSinkTask - attempting to resend batch c8ee5bbb-737f-4f93-ad2b-7948fed4c699 with 0 events, this is attempt 1 out of -1 for this batch 
[main] INFO com.splunk.kafka.connect.SplunkSinkTask - add 1 failed batches
[main] INFO com.splunk.kafka.connect.KafkaRecordTracker - total failed batches 2
[main] WARN com.splunk.kafka.connect.SplunkSinkTask - attempting to resend batch fafc0721-732e-446d-859b-50383b27d12a with 0 events, this is attempt 1 out of -1 for this batch 
[main] INFO com.splunk.kafka.connect.SplunkSinkTask - add 1 failed batches
[main] INFO com.splunk.kafka.connect.KafkaRecordTracker - total failed batches 3
[main] WARN com.splunk.kafka.connect.SplunkSinkTask - attempting to resend batch ff3bcc0b-512d-412c-b7dd-73a4dd838f91 with 0 events, this is attempt 1 out of -1 for this batch 
[main] INFO com.splunk.kafka.connect.SplunkSinkTask - add 1 failed batches
[main] INFO com.splunk.kafka.connect.KafkaRecordTracker - total failed batches 4
[main] WARN com.splunk.kafka.connect.SplunkSinkTask - attempting to resend batch 5409b0b2-3d0a-4616-afcc-682e5af12c2a with 0 events, this is attempt 1 out of -1 for this batch 
[main] INFO com.splunk.kafka.connect.SplunkSinkTask - add 1 failed batches
[main] INFO com.splunk.kafka.connect.KafkaRecordTracker - total failed batches 5
[main] WARN com.splunk.kafka.connect.SplunkSinkTask - attempting to resend batch ee6f232a-f16a-4c74-9af6-6a55a233e16d with 0 events, this is attempt 1 out of -1 for this batch 
[main] INFO com.splunk.kafka.connect.SplunkSinkTask - add 1 failed batches
[main] INFO com.splunk.kafka.connect.KafkaRecordTracker - total failed batches 6
[main] WARN com.splunk.kafka.connect.SplunkSinkTask - attempting to resend batch d21d4c27-efff-4a7d-aa30-41a0ba612bf5 with 0 events, this is attempt 1 out of -1 for this batch 
[main] INFO com.splunk.kafka.connect.SplunkSinkTask - add 1 failed batches
[main] INFO com.splunk.kafka.connect.KafkaRecordTracker - total failed batches 7
[main] WARN com.splunk.kafka.connect.SplunkSinkTask - attempting to resend batch 7f7ad1a3-36b5-42de-85b9-8b9a0981f5f9 with 0 events, this is attempt 1 out of -1 for this batch 
[main] INFO com.splunk.kafka.connect.SplunkSinkTask - add 1 failed batches
[main] INFO com.splunk.kafka.connect.KafkaRecordTracker - total failed batches 8
[main] WARN com.splunk.kafka.connect.SplunkSinkTask - attempting to resend batch 8a128af4-17c1-4396-b20b-69b69a439732 with 0 events, this is attempt 1 out of -1 for this batch 
[main] INFO com.splunk.kafka.connect.SplunkSinkTask - add 1 failed batches
[main] INFO com.splunk.kafka.connect.KafkaRecordTracker - total failed batches 9
[main] WARN com.splunk.kafka.connect.SplunkSinkTask - attempting to resend batch 911bde78-0239-415c-9f0f-b8bdc5705a24 with 0 events, this is attempt 1 out of -1 for this batch 
[main] INFO com.splunk.kafka.connect.SplunkSinkTask - add 1 failed batches
[main] INFO com.splunk.kafka.connect.KafkaRecordTracker - total failed batches 10
[main] INFO com.splunk.kafka.connect.SplunkSinkTask - handled 10 failed batches with 0 events
[main] INFO com.splunk.kafka.connect.SplunkSinkConnectorConfig - SplunkSinkConnectorConfig values: 
	splunk.flush.window = 30
	splunk.header.custom = 
	splunk.header.host = splunk.header.host
	splunk.header.index = splunk.header.index
	splunk.header.source = splunk.header.source
	splunk.header.sourcetype = splunk.header.sourcetype
	splunk.header.support = false
	splunk.hec.ack.enabled = true
	splunk.hec.ack.poll.interval = 1
	splunk.hec.ack.poll.threads = 1
	splunk.hec.backoff.threshhold.seconds = 60
	splunk.hec.enable.compression = false
	splunk.hec.event.timeout = 1
	splunk.hec.http.keepalive = true
	splunk.hec.json.event.enrichment = ni=hao,hello=world
	splunk.hec.json.event.formatted = false
	splunk.hec.lb.poll.interval = 120
	splunk.hec.max.batch.size = 100
	splunk.hec.max.http.connection.per.channel = 1
	splunk.hec.max.outstanding.events = 1000000
	splunk.hec.max.retries = -1
	splunk.hec.raw = false
	splunk.hec.raw.line.breaker = 
	splunk.hec.socket.timeout = 1
	splunk.hec.ssl.trust.store.password = [hidden]
	splunk.hec.ssl.trust.store.path = ./src/test/resources/keystoretest.jks
	splunk.hec.ssl.validate.certs = true
	splunk.hec.threads = 1
	splunk.hec.token = [hidden]
	splunk.hec.total.channels = 1
	splunk.hec.track.data = true
	splunk.hec.uri = https://dummy:8088
	splunk.hec.use.record.timestamp = true
	splunk.indexes = 
	splunk.sources = 
	splunk.sourcetypes = 

[main] INFO com.splunk.kafka.connect.SplunkSinkTask - kafka-connect-splunk task starts with config=splunkURI:https://dummy:8088, raw:false, ack:true, indexes:, sourcetypes:, sources:, headerSupport:false, headerCustom:, httpKeepAlive:true, validateCertificates:true, trustStorePath:./src/test/resources/keystoretest.jks, socketTimeout:1, eventBatchTimeout:1, ackPollInterval:1, ackPollThreads:1, maxHttpConnectionPerChannel:1, flushWindow:30, totalHecChannels:1, enrichment:ni=hao,hello=world, maxBatchSize:100, numberOfThreads:1, lineBreaker:
, maxOutstandingEvents:1000000, maxRetries:-1, useRecordTimestamp:true, hecEventFormatted:false, trackData:true, headerSupport:false, headerCustom:, headerIndex:splunk.header.index, headerSource:splunk.header.source, headerSourcetype:splunk.header.sourcetype, headerHost:splunk.header.host, enableCompression:false, lbPollInterval:120
[main] INFO com.splunk.kafka.connect.SplunkSinkTask - kafka-connect-splunk task ends with config=splunkURI:https://dummy:8088, raw:false, ack:true, indexes:, sourcetypes:, sources:, headerSupport:false, headerCustom:, httpKeepAlive:true, validateCertificates:true, trustStorePath:./src/test/resources/keystoretest.jks, socketTimeout:1, eventBatchTimeout:1, ackPollInterval:1, ackPollThreads:1, maxHttpConnectionPerChannel:1, flushWindow:30, totalHecChannels:1, enrichment:ni=hao,hello=world, maxBatchSize:100, numberOfThreads:1, lineBreaker:
, maxOutstandingEvents:1000000, maxRetries:-1, useRecordTimestamp:true, hecEventFormatted:false, trackData:true, headerSupport:false, headerCustom:, headerIndex:splunk.header.index, headerSource:splunk.header.source, headerSourcetype:splunk.header.sourcetype, headerHost:splunk.header.host, enableCompression:false, lbPollInterval:120
[INFO] Tests run: 14, Failures: 0, Errors: 0, Skipped: 0, Time elapsed: 0.224 s - in SplunkSinkTaskTest
[INFO] Running KafkaRecordTrackerTest
[main] INFO com.splunk.kafka.connect.KafkaRecordTracker - total failed batches 1
[INFO] Tests run: 4, Failures: 0, Errors: 0, Skipped: 0, Time elapsed: 0 s - in KafkaRecordTrackerTest
[INFO] 
[INFO] Results:
[INFO] 
[INFO] Tests run: 143, Failures: 0, Errors: 0, Skipped: 0
[INFO] 
[INFO] 
[INFO] --- jacoco:0.8.6:report (post-unit-test) @ splunk-kafka-connect ---
[INFO] Loading execution data file /tmp/jackson-coverage/splunk-fixed-before/target/coverage-reports/jacoco-ut.exec
[INFO] Analyzed bundle 'splunk-kafka-connect' with 36 classes
[INFO] ------------------------------------------------------------------------
[INFO] BUILD SUCCESS
[INFO] ------------------------------------------------------------------------
[INFO] Total time:  44.799 s
[INFO] Finished at: 2026-08-24T19:50:58+08:00
[INFO] ------------------------------------------------------------------------
