[INFO] Scanning for projects...
Downloading from central: https://repo.maven.apache.org/maven2/com/jcabi/jcabi/1.33.0/jcabi-1.33.0.pom
Progress (1): 856 B
Progress (1): 1.5 kB
Progress (1): 2.9 kB
Progress (1): 5.1 kB
Progress (1): 5.8 kB
                    
Downloaded from central: https://repo.maven.apache.org/maven2/com/jcabi/jcabi/1.33.0/jcabi-1.33.0.pom (5.8 kB at 7.0 kB/s)
Downloading from central: https://repo.maven.apache.org/maven2/com/jcabi/parent/0.59.0/parent-0.59.0.pom
Progress (1): 813 B
Progress (1): 1.7 kB
Progress (1): 2.5 kB
Progress (1): 4.2 kB
Progress (1): 6.6 kB
Progress (1): 7.9 kB
Progress (1): 10 kB 
Progress (1): 14 kB
Progress (1): 16 kB
Progress (1): 19 kB
Progress (1): 23 kB
Progress (1): 26 kB
Progress (1): 29 kB
Progress (1): 34 kB
Progress (1): 37 kB
Progress (1): 41 kB
Progress (1): 45 kB
Progress (1): 48 kB
Progress (1): 50 kB
Progress (1): 54 kB
Progress (1): 56 kB
Progress (1): 58 kB
Progress (1): 61 kB
Progress (1): 64 kB
                   
Downloaded from central: https://repo.maven.apache.org/maven2/com/jcabi/parent/0.59.0/parent-0.59.0.pom (64 kB at 299 kB/s)
Downloading from oss.sonatype.org: https://oss.sonatype.org/content/groups/public/org/kuali/maven/wagons/maven-s3-wagon/1.2.1/maven-s3-wagon-1.2.1.pom
Progress (1): 823 B
Progress (1): 1.7 kB
Progress (1): 3.9 kB
Progress (1): 5.7 kB
                    
Downloaded from oss.sonatype.org: https://oss.sonatype.org/content/groups/public/org/kuali/maven/wagons/maven-s3-wagon/1.2.1/maven-s3-wagon-1.2.1.pom (5.7 kB at 3.9 kB/s)
Downloading from oss.sonatype.org: https://oss.sonatype.org/content/groups/public/org/kuali/pom/kuali-common/3.3.35/kuali-common-3.3.35.pom
Progress (1): 695 B
Progress (1): 1.6 kB
Progress (1): 3.6 kB
Progress (1): 5.8 kB
Progress (1): 7.1 kB
Progress (1): 11 kB 
Progress (1): 15 kB
Progress (1): 18 kB
Progress (1): 22 kB
Progress (1): 27 kB
Progress (1): 33 kB
Progress (1): 38 kB
Progress (1): 42 kB
                   
Downloaded from oss.sonatype.org: https://oss.sonatype.org/content/groups/public/org/kuali/pom/kuali-common/3.3.35/kuali-common-3.3.35.pom (42 kB at 62 kB/s)
Downloading from oss.sonatype.org: https://oss.sonatype.org/content/groups/public/org/kuali/pom/kuali-pom/3.3.35/kuali-pom-3.3.35.pom
Progress (1): 704 B
Progress (1): 1.8 kB
Progress (1): 3.3 kB
Progress (1): 5.4 kB
Progress (1): 6.3 kB
Progress (1): 7.7 kB
Progress (1): 9.7 kB
Progress (1): 11 kB 
Progress (1): 14 kB
Progress (1): 16 kB
Progress (1): 19 kB
Progress (1): 24 kB
Progress (1): 26 kB
Progress (1): 28 kB
Progress (1): 34 kB
Progress (1): 36 kB
Progress (1): 38 kB
Progress (1): 42 kB
Progress (1): 48 kB
Progress (1): 51 kB
Progress (1): 57 kB
Progress (1): 62 kB
Progress (1): 64 kB
                   
Downloaded from oss.sonatype.org: https://oss.sonatype.org/content/groups/public/org/kuali/pom/kuali-pom/3.3.35/kuali-pom-3.3.35.pom (64 kB at 96 kB/s)
Downloading from oss.sonatype.org: https://oss.sonatype.org/content/groups/public/com/google/guava/guava/15.0/guava-15.0.pom
Progress (1): 982 B
Progress (1): 2.3 kB
Progress (1): 4.6 kB
Progress (1): 6.3 kB
                    
Downloaded from oss.sonatype.org: https://oss.sonatype.org/content/groups/public/com/google/guava/guava/15.0/guava-15.0.pom (6.3 kB at 7.6 kB/s)
Downloading from oss.sonatype.org: https://oss.sonatype.org/content/groups/public/com/google/guava/guava-parent/15.0/guava-parent-15.0.pom
Progress (1): 1.1 kB
Progress (1): 2.3 kB
Progress (1): 5.5 kB
Progress (1): 7.3 kB
                    
Downloaded from oss.sonatype.org: https://oss.sonatype.org/content/groups/public/com/google/guava/guava-parent/15.0/guava-parent-15.0.pom (7.3 kB at 10 kB/s)
Downloading from oss.sonatype.org: https://oss.sonatype.org/content/groups/public/org/kuali/common/kuali-s3/1.0.1/kuali-s3-1.0.1.pom
Progress (1): 1.2 kB
Progress (1): 2.6 kB
                    
Downloaded from oss.sonatype.org: https://oss.sonatype.org/content/groups/public/org/kuali/common/kuali-s3/1.0.1/kuali-s3-1.0.1.pom (2.6 kB at 3.6 kB/s)
Downloading from oss.sonatype.org: https://oss.sonatype.org/content/groups/public/org/kuali/pom/kuali-common/2.0.0/kuali-common-2.0.0.pom
Progress (1): 725 B
Progress (1): 1.7 kB
Progress (1): 3.6 kB
Progress (1): 5.7 kB
Progress (1): 7.7 kB
Progress (1): 13 kB 
Progress (1): 16 kB
Progress (1): 20 kB
Progress (1): 29 kB
Progress (1): 34 kB
Progress (1): 35 kB
                   
Downloaded from oss.sonatype.org: https://oss.sonatype.org/content/groups/public/org/kuali/pom/kuali-common/2.0.0/kuali-common-2.0.0.pom (35 kB at 53 kB/s)
Downloading from oss.sonatype.org: https://oss.sonatype.org/content/groups/public/org/kuali/pom/kuali-pom/2.0.0/kuali-pom-2.0.0.pom
Progress (1): 709 B
Progress (1): 2.2 kB
Progress (1): 3.5 kB
Progress (1): 5.4 kB
Progress (1): 7.5 kB
Progress (1): 10 kB 
Progress (1): 13 kB
Progress (1): 15 kB
Progress (1): 19 kB
Progress (1): 21 kB
Progress (1): 26 kB
Progress (1): 29 kB
Progress (1): 33 kB
Progress (1): 38 kB
Progress (1): 43 kB
Progress (1): 49 kB
Progress (1): 51 kB
Progress (1): 55 kB
Progress (1): 56 kB
                   
Downloaded from oss.sonatype.org: https://oss.sonatype.org/content/groups/public/org/kuali/pom/kuali-pom/2.0.0/kuali-pom-2.0.0.pom (56 kB at 83 kB/s)
Downloading from oss.sonatype.org: https://oss.sonatype.org/content/groups/public/com/amazonaws/aws-java-sdk/1.3.22/aws-java-sdk-1.3.22.pom
Progress (1): 908 B
Progress (1): 3.9 kB
Progress (1): 5.6 kB
                    
Downloaded from oss.sonatype.org: https://oss.sonatype.org/content/groups/public/com/amazonaws/aws-java-sdk/1.3.22/aws-java-sdk-1.3.22.pom (5.6 kB at 8.1 kB/s)
Downloading from oss.sonatype.org: https://oss.sonatype.org/content/groups/public/org/apache/httpcomponents/httpclient/4.1/httpclient-4.1.pom
Progress (1): 869 B
Progress (1): 3.1 kB
Progress (1): 5.4 kB
Progress (1): 6.0 kB
                    
Downloaded from oss.sonatype.org: https://oss.sonatype.org/content/groups/public/org/apache/httpcomponents/httpclient/4.1/httpclient-4.1.pom (6.0 kB at 8.9 kB/s)
Downloading from oss.sonatype.org: https://oss.sonatype.org/content/groups/public/org/apache/httpcomponents/httpcomponents-client/4.1/httpcomponents-client-4.1.pom
Progress (1): 853 B
Progress (1): 2.3 kB
Progress (1): 4.7 kB
Progress (1): 8.2 kB
Progress (1): 11 kB 
Progress (1): 11 kB
                   
Downloaded from oss.sonatype.org: https://oss.sonatype.org/content/groups/public/org/apache/httpcomponents/httpcomponents-client/4.1/httpcomponents-client-4.1.pom (11 kB at 12 kB/s)
Downloading from oss.sonatype.org: https://oss.sonatype.org/content/groups/public/org/apache/httpcomponents/project/4.1.1/project-4.1.1.pom
Progress (1): 835 B
Progress (1): 2.1 kB
Progress (1): 5.3 kB
Progress (1): 8.1 kB
Progress (1): 11 kB 
Progress (1): 16 kB
Progress (1): 17 kB
                   
Downloaded from oss.sonatype.org: https://oss.sonatype.org/content/groups/public/org/apache/httpcomponents/project/4.1.1/project-4.1.1.pom (17 kB at 24 kB/s)
Downloading from oss.sonatype.org: https://oss.sonatype.org/content/groups/public/org/apache/httpcomponents/httpcore/4.1/httpcore-4.1.pom
Progress (1): 855 B
Progress (1): 2.3 kB
Progress (1): 4.9 kB
Progress (1): 7.2 kB
Progress (1): 8.4 kB
                    
Downloaded from oss.sonatype.org: https://oss.sonatype.org/content/groups/public/org/apache/httpcomponents/httpcore/4.1/httpcore-4.1.pom (8.4 kB at 13 kB/s)
Downloading from oss.sonatype.org: https://oss.sonatype.org/content/groups/public/org/apache/httpcomponents/httpcomponents-core/4.1/httpcomponents-core-4.1.pom
Progress (1): 856 B
Progress (1): 2.3 kB
Progress (1): 4.9 kB
Progress (1): 7.7 kB
Progress (1): 9.0 kB
                    
Downloaded from oss.sonatype.org: https://oss.sonatype.org/content/groups/public/org/apache/httpcomponents/httpcomponents-core/4.1/httpcomponents-core-4.1.pom (9.0 kB at 14 kB/s)
Downloading from oss.sonatype.org: https://oss.sonatype.org/content/groups/public/commons-codec/commons-codec/1.3/commons-codec-1.3.pom
Progress (1): 957 B
Progress (1): 3.1 kB
Progress (1): 5.1 kB
Progress (1): 6.1 kB
                    
Downloaded from oss.sonatype.org: https://oss.sonatype.org/content/groups/public/commons-codec/commons-codec/1.3/commons-codec-1.3.pom (6.1 kB at 8.9 kB/s)
Downloading from oss.sonatype.org: https://oss.sonatype.org/content/groups/public/org/codehaus/jackson/jackson-core-asl/1.8.9/jackson-core-asl-1.8.9.pom
Progress (1): 1.0 kB
                    
Downloaded from oss.sonatype.org: https://oss.sonatype.org/content/groups/public/org/codehaus/jackson/jackson-core-asl/1.8.9/jackson-core-asl-1.8.9.pom (1.0 kB at 1.4 kB/s)
Downloading from oss.sonatype.org: https://oss.sonatype.org/content/groups/public/org/codehaus/jackson/jackson-mapper-asl/1.8.9/jackson-mapper-asl-1.8.9.pom
Progress (1): 1.1 kB
Progress (1): 1.2 kB
                    
Downloaded from oss.sonatype.org: https://oss.sonatype.org/content/groups/public/org/codehaus/jackson/jackson-mapper-asl/1.8.9/jackson-mapper-asl-1.8.9.pom (1.2 kB at 1.8 kB/s)
Downloading from oss.sonatype.org: https://oss.sonatype.org/content/groups/public/org/kuali/common/kuali-threads/1.0.9/kuali-threads-1.0.9.pom
Progress (1): 765 B
Progress (1): 2.6 kB
                    
Downloaded from oss.sonatype.org: https://oss.sonatype.org/content/groups/public/org/kuali/common/kuali-threads/1.0.9/kuali-threads-1.0.9.pom (2.6 kB at 3.8 kB/s)
Downloading from oss.sonatype.org: https://oss.sonatype.org/content/groups/public/org/kuali/pom/kuali-common/1.2.2/kuali-common-1.2.2.pom
Progress (1): 715 B
Progress (1): 2.0 kB
Progress (1): 4.0 kB
Progress (1): 6.3 kB
Progress (1): 8.6 kB
Progress (1): 12 kB 
Progress (1): 16 kB
Progress (1): 25 kB
Progress (1): 30 kB
Progress (1): 31 kB
                   
Downloaded from oss.sonatype.org: https://oss.sonatype.org/content/groups/public/org/kuali/pom/kuali-common/1.2.2/kuali-common-1.2.2.pom (31 kB at 46 kB/s)
Downloading from oss.sonatype.org: https://oss.sonatype.org/content/groups/public/org/kuali/pom/kuali-pom/1.2.2/kuali-pom-1.2.2.pom
Progress (1): 680 B
Progress (1): 2.1 kB
Progress (1): 3.5 kB
Progress (1): 5.4 kB
Progress (1): 7.8 kB
Progress (1): 10 kB 
Progress (1): 14 kB
Progress (1): 17 kB
Progress (1): 21 kB
Progress (1): 26 kB
Progress (1): 30 kB
Progress (1): 33 kB
Progress (1): 40 kB
Progress (1): 43 kB
                   
Downloaded from oss.sonatype.org: https://oss.sonatype.org/content/groups/public/org/kuali/pom/kuali-pom/1.2.2/kuali-pom-1.2.2.pom (43 kB at 66 kB/s)
Downloading from oss.sonatype.org: https://oss.sonatype.org/content/groups/public/org/slf4j/slf4j-api/1.6.4/slf4j-api-1.6.4.pom
Progress (1): 1.4 kB
Progress (1): 2.7 kB
                    
Downloaded from oss.sonatype.org: https://oss.sonatype.org/content/groups/public/org/slf4j/slf4j-api/1.6.4/slf4j-api-1.6.4.pom (2.7 kB at 4.2 kB/s)
Downloading from oss.sonatype.org: https://oss.sonatype.org/content/groups/public/org/slf4j/slf4j-parent/1.6.4/slf4j-parent-1.6.4.pom
Progress (1): 1.1 kB
Progress (1): 3.8 kB
Progress (1): 6.9 kB
Progress (1): 10 kB 
Progress (1): 12 kB
                   
Downloaded from oss.sonatype.org: https://oss.sonatype.org/content/groups/public/org/slf4j/slf4j-parent/1.6.4/slf4j-parent-1.6.4.pom (12 kB at 19 kB/s)
Downloading from oss.sonatype.org: https://oss.sonatype.org/content/groups/public/org/slf4j/slf4j-log4j12/1.6.4/slf4j-log4j12-1.6.4.pom
Progress (1): 1.4 kB
Progress (1): 1.7 kB
                    
Downloaded from oss.sonatype.org: https://oss.sonatype.org/content/groups/public/org/slf4j/slf4j-log4j12/1.6.4/slf4j-log4j12-1.6.4.pom (1.7 kB at 2.5 kB/s)
Downloading from oss.sonatype.org: https://oss.sonatype.org/content/groups/public/log4j/log4j/1.2.16/log4j-1.2.16.pom
Progress (1): 753 B
Progress (1): 2.0 kB
Progress (1): 4.3 kB
Progress (1): 7.9 kB
Progress (1): 11 kB 
Progress (1): 14 kB
Progress (1): 16 kB
Progress (1): 19 kB
Progress (1): 20 kB
                   
Downloaded from oss.sonatype.org: https://oss.sonatype.org/content/groups/public/log4j/log4j/1.2.16/log4j-1.2.16.pom (20 kB at 31 kB/s)
Downloading from oss.sonatype.org: https://oss.sonatype.org/content/groups/public/commons-io/commons-io/2.4/commons-io-2.4.pom
Progress (1): 807 B
Progress (1): 2.1 kB
Progress (1): 5.6 kB
Progress (1): 8.0 kB
Progress (1): 10 kB 
                   
Downloaded from oss.sonatype.org: https://oss.sonatype.org/content/groups/public/commons-io/commons-io/2.4/commons-io-2.4.pom (10 kB at 15 kB/s)
Downloading from oss.sonatype.org: https://oss.sonatype.org/content/groups/public/org/apache/commons/commons-parent/25/commons-parent-25.pom
Progress (1): 718 B
Progress (1): 1.9 kB
Progress (1): 3.3 kB
Progress (1): 5.1 kB
Progress (1): 8.9 kB
Progress (1): 12 kB 
Progress (1): 16 kB
Progress (1): 19 kB
Progress (1): 21 kB
Progress (1): 24 kB
Progress (1): 29 kB
Progress (1): 36 kB
Progress (1): 38 kB
Progress (1): 41 kB
Progress (1): 43 kB
Progress (1): 43 kB
Progress (1): 46 kB
Progress (1): 48 kB
Progress (1): 48 kB
                   
Downloaded from oss.sonatype.org: https://oss.sonatype.org/content/groups/public/org/apache/commons/commons-parent/25/commons-parent-25.pom (48 kB at 74 kB/s)
Downloading from oss.sonatype.org: https://oss.sonatype.org/content/groups/public/org/apache/apache/9/apache-9.pom
Progress (1): 753 B
Progress (1): 2.0 kB
Progress (1): 3.7 kB
Progress (1): 7.1 kB
Progress (1): 11 kB 
Progress (1): 14 kB
Progress (1): 15 kB
                   
Downloaded from oss.sonatype.org: https://oss.sonatype.org/content/groups/public/org/apache/apache/9/apache-9.pom (15 kB at 23 kB/s)
Downloading from oss.sonatype.org: https://oss.sonatype.org/content/groups/public/org/slf4j/jcl-over-slf4j/1.6.4/jcl-over-slf4j-1.6.4.pom
Progress (1): 1.4 kB
Progress (1): 2.5 kB
                    
Downloaded from oss.sonatype.org: https://oss.sonatype.org/content/groups/public/org/slf4j/jcl-over-slf4j/1.6.4/jcl-over-slf4j-1.6.4.pom (2.5 kB at 3.5 kB/s)
Downloading from oss.sonatype.org: https://oss.sonatype.org/content/groups/public/com/amazonaws/aws-java-sdk/1.6.4/aws-java-sdk-1.6.4.pom
Progress (1): 902 B
Progress (1): 4.3 kB
Progress (1): 6.5 kB
                    
Downloaded from oss.sonatype.org: https://oss.sonatype.org/content/groups/public/com/amazonaws/aws-java-sdk/1.6.4/aws-java-sdk-1.6.4.pom (6.5 kB at 9.4 kB/s)
Downloading from oss.sonatype.org: https://oss.sonatype.org/content/groups/public/org/apache/httpcomponents/httpclient/4.2/httpclient-4.2.pom
Progress (1): 868 B
Progress (1): 2.8 kB
Progress (1): 5.0 kB
Progress (1): 5.9 kB
                    
Downloaded from oss.sonatype.org: https://oss.sonatype.org/content/groups/public/org/apache/httpcomponents/httpclient/4.2/httpclient-4.2.pom (5.9 kB at 8.6 kB/s)
Downloading from oss.sonatype.org: https://oss.sonatype.org/content/groups/public/org/apache/httpcomponents/httpcomponents-client/4.2/httpcomponents-client-4.2.pom
Progress (1): 843 B
Progress (1): 2.3 kB
Progress (1): 4.5 kB
Progress (1): 8.5 kB
Progress (1): 11 kB 
Progress (1): 14 kB
Progress (1): 14 kB
                   
Downloaded from oss.sonatype.org: https://oss.sonatype.org/content/groups/public/org/apache/httpcomponents/httpcomponents-client/4.2/httpcomponents-client-4.2.pom (14 kB at 23 kB/s)
Downloading from oss.sonatype.org: https://oss.sonatype.org/content/groups/public/org/apache/httpcomponents/httpcore/4.2/httpcore-4.2.pom
Progress (1): 865 B
Progress (1): 2.4 kB
Progress (1): 4.6 kB
Progress (1): 5.7 kB
                    
Downloaded from oss.sonatype.org: https://oss.sonatype.org/content/groups/public/org/apache/httpcomponents/httpcore/4.2/httpcore-4.2.pom (5.7 kB at 8.2 kB/s)
Downloading from oss.sonatype.org: https://oss.sonatype.org/content/groups/public/org/apache/httpcomponents/httpcomponents-core/4.2/httpcomponents-core-4.2.pom
Progress (1): 849 B
Progress (1): 2.3 kB
Progress (1): 4.6 kB
Progress (1): 8.0 kB
Progress (1): 11 kB 
Progress (1): 11 kB
                   
Downloaded from oss.sonatype.org: https://oss.sonatype.org/content/groups/public/org/apache/httpcomponents/httpcomponents-core/4.2/httpcomponents-core-4.2.pom (11 kB at 18 kB/s)
Downloading from oss.sonatype.org: https://oss.sonatype.org/content/groups/public/org/apache/httpcomponents/project/6/project-6.pom
Progress (1): 807 B
Progress (1): 2.1 kB
Progress (1): 3.8 kB
Progress (1): 7.1 kB
Progress (1): 10 kB 
Progress (1): 14 kB
Progress (1): 18 kB
Progress (1): 21 kB
Progress (1): 23 kB
Progress (1): 24 kB
                   
Downloaded from oss.sonatype.org: https://oss.sonatype.org/content/groups/public/org/apache/httpcomponents/project/6/project-6.pom (24 kB at 37 kB/s)
Downloading from oss.sonatype.org: https://oss.sonatype.org/content/groups/public/commons-codec/commons-codec/1.6/commons-codec-1.6.pom
Progress (1): 752 B
Progress (1): 2.1 kB
Progress (1): 4.4 kB
Progress (1): 6.6 kB
Progress (1): 9.2 kB
Progress (1): 11 kB 
                   
Downloaded from oss.sonatype.org: https://oss.sonatype.org/content/groups/public/commons-codec/commons-codec/1.6/commons-codec-1.6.pom (11 kB at 17 kB/s)
Downloading from oss.sonatype.org: https://oss.sonatype.org/content/groups/public/org/apache/commons/commons-parent/22/commons-parent-22.pom
Progress (1): 724 B
Progress (1): 1.9 kB
Progress (1): 3.4 kB
Progress (1): 7.0 kB
Progress (1): 9.8 kB
Progress (1): 14 kB 
Progress (1): 17 kB
Progress (1): 19 kB
Progress (1): 23 kB
Progress (1): 30 kB
Progress (1): 33 kB
Progress (1): 36 kB
Progress (1): 38 kB
Progress (1): 41 kB
Progress (1): 42 kB
                   
Downloaded from oss.sonatype.org: https://oss.sonatype.org/content/groups/public/org/apache/commons/commons-parent/22/commons-parent-22.pom (42 kB at 58 kB/s)
Downloading from oss.sonatype.org: https://oss.sonatype.org/content/groups/public/com/fasterxml/jackson/core/jackson-core/2.1.1/jackson-core-2.1.1.pom
Progress (1): 1.2 kB
Progress (1): 3.4 kB
Progress (1): 5.6 kB
                    
Downloaded from oss.sonatype.org: https://oss.sonatype.org/content/groups/public/com/fasterxml/jackson/core/jackson-core/2.1.1/jackson-core-2.1.1.pom (5.6 kB at 8.1 kB/s)
Downloading from oss.sonatype.org: https://oss.sonatype.org/content/groups/public/com/fasterxml/oss-parent/4/oss-parent-4.pom
Progress (1): 744 B
Progress (1): 2.5 kB
Progress (1): 4.4 kB
Progress (1): 7.4 kB
Progress (1): 9.4 kB
Progress (1): 13 kB 
Progress (1): 16 kB
Progress (1): 18 kB
                   
Downloaded from oss.sonatype.org: https://oss.sonatype.org/content/groups/public/com/fasterxml/oss-parent/4/oss-parent-4.pom (18 kB at 28 kB/s)
Downloading from oss.sonatype.org: https://oss.sonatype.org/content/groups/public/com/fasterxml/jackson/core/jackson-databind/2.1.1/jackson-databind-2.1.1.pom
Progress (1): 802 B
Progress (1): 2.9 kB
Progress (1): 5.2 kB
Progress (1): 5.6 kB
                    
Downloaded from oss.sonatype.org: https://oss.sonatype.org/content/groups/public/com/fasterxml/jackson/core/jackson-databind/2.1.1/jackson-databind-2.1.1.pom (5.6 kB at 7.9 kB/s)
Downloading from oss.sonatype.org: https://oss.sonatype.org/content/groups/public/com/fasterxml/jackson/core/jackson-annotations/2.1.1/jackson-annotations-2.1.1.pom
Progress (1): 858 B
Progress (1): 1.9 kB
                    
Downloaded from oss.sonatype.org: https://oss.sonatype.org/content/groups/public/com/fasterxml/jackson/core/jackson-annotations/2.1.1/jackson-annotations-2.1.1.pom (1.9 kB at 2.6 kB/s)
Downloading from oss.sonatype.org: https://oss.sonatype.org/content/groups/public/org/springframework/spring-core/3.2.5.RELEASE/spring-core-3.2.5.RELEASE.pom
Progress (1): 1.3 kB
Progress (1): 2.1 kB
                    
Downloaded from oss.sonatype.org: https://oss.sonatype.org/content/groups/public/org/springframework/spring-core/3.2.5.RELEASE/spring-core-3.2.5.RELEASE.pom (2.1 kB at 3.2 kB/s)
Downloading from oss.sonatype.org: https://oss.sonatype.org/content/groups/public/org/apache/maven/wagon/wagon-provider-api/2.2/wagon-provider-api-2.2.pom
Progress (1): 831 B
Progress (1): 1.7 kB
                    
Downloaded from oss.sonatype.org: https://oss.sonatype.org/content/groups/public/org/apache/maven/wagon/wagon-provider-api/2.2/wagon-provider-api-2.2.pom (1.7 kB at 2.6 kB/s)
Downloading from oss.sonatype.org: https://oss.sonatype.org/content/groups/public/org/apache/maven/wagon/wagon/2.2/wagon-2.2.pom
Progress (1): 752 B
Progress (1): 2.4 kB
Progress (1): 5.5 kB
Progress (1): 8.9 kB
Progress (1): 12 kB 
Progress (1): 15 kB
Progress (1): 16 kB
                   
Downloaded from oss.sonatype.org: https://oss.sonatype.org/content/groups/public/org/apache/maven/wagon/wagon/2.2/wagon-2.2.pom (16 kB at 26 kB/s)
Downloading from oss.sonatype.org: https://oss.sonatype.org/content/groups/public/org/codehaus/plexus/plexus-utils/3.0/plexus-utils-3.0.pom
Progress (1): 811 B
Progress (1): 2.3 kB
Progress (1): 4.1 kB
                    
Downloaded from oss.sonatype.org: https://oss.sonatype.org/content/groups/public/org/codehaus/plexus/plexus-utils/3.0/plexus-utils-3.0.pom (4.1 kB at 6.1 kB/s)
Downloading from oss.sonatype.org: https://oss.sonatype.org/content/groups/public/org/kuali/common/kuali-threads/1.0.10/kuali-threads-1.0.10.pom
Progress (1): 765 B
Progress (1): 2.6 kB
                    
Downloaded from oss.sonatype.org: https://oss.sonatype.org/content/groups/public/org/kuali/common/kuali-threads/1.0.10/kuali-threads-1.0.10.pom (2.6 kB at 3.8 kB/s)
Downloading from oss.sonatype.org: https://oss.sonatype.org/content/groups/public/org/kuali/pom/kuali-common/2.3.9/kuali-common-2.3.9.pom
Progress (1): 694 B
Progress (1): 2.0 kB
Progress (1): 3.9 kB
Progress (1): 6.3 kB
Progress (1): 8.1 kB
Progress (1): 13 kB 
Progress (1): 17 kB
Progress (1): 21 kB
Progress (1): 28 kB
Progress (1): 35 kB
Progress (1): 39 kB
Progress (1): 41 kB
                   
Downloaded from oss.sonatype.org: https://oss.sonatype.org/content/groups/public/org/kuali/pom/kuali-common/2.3.9/kuali-common-2.3.9.pom (41 kB at 64 kB/s)
Downloading from oss.sonatype.org: https://oss.sonatype.org/content/groups/public/org/kuali/pom/kuali-pom/2.3.9/kuali-pom-2.3.9.pom
Progress (1): 712 B
Progress (1): 2.2 kB
Progress (1): 3.7 kB
Progress (1): 5.0 kB
Progress (1): 6.8 kB
Progress (1): 8.9 kB
Progress (1): 11 kB 
Progress (1): 14 kB
Progress (1): 18 kB
Progress (1): 22 kB
Progress (1): 25 kB
Progress (1): 31 kB
Progress (1): 34 kB
Progress (1): 38 kB
Progress (1): 41 kB
Progress (1): 41 kB
Progress (1): 48 kB
Progress (1): 53 kB
Progress (1): 58 kB
Progress (1): 59 kB
                   
Downloaded from oss.sonatype.org: https://oss.sonatype.org/content/groups/public/org/kuali/pom/kuali-pom/2.3.9/kuali-pom-2.3.9.pom (59 kB at 90 kB/s)
Downloading from oss.sonatype.org: https://oss.sonatype.org/content/groups/public/org/slf4j/slf4j-log4j12/1.7.5/slf4j-log4j12-1.7.5.pom
Progress (1): 1.5 kB
Progress (1): 1.6 kB
                    
Downloaded from oss.sonatype.org: https://oss.sonatype.org/content/groups/public/org/slf4j/slf4j-log4j12/1.7.5/slf4j-log4j12-1.7.5.pom (1.6 kB at 2.3 kB/s)
Downloading from oss.sonatype.org: https://oss.sonatype.org/content/groups/public/log4j/log4j/1.2.17/log4j-1.2.17.pom
Progress (1): 747 B
Progress (1): 1.9 kB
Progress (1): 4.2 kB
Progress (1): 7.6 kB
Progress (1): 11 kB 
Progress (1): 14 kB
Progress (1): 16 kB
Progress (1): 19 kB
Progress (1): 22 kB
Progress (1): 22 kB
                   
Downloaded from oss.sonatype.org: https://oss.sonatype.org/content/groups/public/log4j/log4j/1.2.17/log4j-1.2.17.pom (22 kB at 35 kB/s)
Downloading from oss.sonatype.org: https://oss.sonatype.org/content/groups/public/org/slf4j/jcl-over-slf4j/1.7.5/jcl-over-slf4j-1.7.5.pom
Progress (1): 1.5 kB
Progress (1): 1.9 kB
                    
Downloaded from oss.sonatype.org: https://oss.sonatype.org/content/groups/public/org/slf4j/jcl-over-slf4j/1.7.5/jcl-over-slf4j-1.7.5.pom (1.9 kB at 2.6 kB/s)
Downloading from oss.sonatype.org: https://oss.sonatype.org/content/groups/public/org/kuali/maven/wagons/maven-s3-wagon/1.2.1/maven-s3-wagon-1.2.1.jar
Progress (1): 7.7/42 kB
Progress (1): 16/42 kB 
Progress (1): 32/42 kB
Progress (1): 42 kB   
                   
Downloaded from oss.sonatype.org: https://oss.sonatype.org/content/groups/public/org/kuali/maven/wagons/maven-s3-wagon/1.2.1/maven-s3-wagon-1.2.1.jar (42 kB at 62 kB/s)
Downloading from oss.sonatype.org: https://oss.sonatype.org/content/groups/public/com/google/guava/guava/15.0/guava-15.0.jar
Downloading from oss.sonatype.org: https://oss.sonatype.org/content/groups/public/org/kuali/common/kuali-s3/1.0.1/kuali-s3-1.0.1.jar
Downloading from oss.sonatype.org: https://oss.sonatype.org/content/groups/public/org/slf4j/slf4j-api/1.6.4/slf4j-api-1.6.4.jar
Downloading from oss.sonatype.org: https://oss.sonatype.org/content/groups/public/com/amazonaws/aws-java-sdk/1.6.4/aws-java-sdk-1.6.4.jar
Downloading from oss.sonatype.org: https://oss.sonatype.org/content/groups/public/org/apache/httpcomponents/httpclient/4.2/httpclient-4.2.jar
Progress (1): 7.7/26 kB
Progress (1): 10/26 kB 
Progress (1): 11/26 kB
Progress (1): 26 kB   
                   
Downloaded from oss.sonatype.org: https://oss.sonatype.org/content/groups/public/org/slf4j/slf4j-api/1.6.4/slf4j-api-1.6.4.jar (26 kB at 38 kB/s)
Downloading from oss.sonatype.org: https://oss.sonatype.org/content/groups/public/org/apache/httpcomponents/httpcore/4.2/httpcore-4.2.jar
Progress (1): 0/11 MB
Progress (1): 0/11 MB
Progress (1): 0/11 MB
Progress (1): 0/11 MB
Progress (1): 0/11 MB
Progress (1): 0/11 MB
Progress (1): 0/11 MB
Progress (1): 0/11 MB
Progress (1): 0/11 MB
Progress (1): 0/11 MB
Progress (1): 0/11 MB
Progress (1): 0/11 MB
Progress (2): 0/11 MB | 3.2/223 kB
Progress (2): 0/11 MB | 3.2/223 kB
Progress (2): 0/11 MB | 3.2/223 kB
Progress (2): 0/11 MB | 3.2/223 kB
Progress (2): 0/11 MB | 3.2/223 kB
Progress (2): 0/11 MB | 3.2/223 kB
Progress (2): 0/11 MB | 3.2/223 kB
Progress (2): 0/11 MB | 3.2/223 kB
Progress (2): 0/11 MB | 3.2/223 kB
Progress (2): 0/11 MB | 3.2/223 kB
Progress (2): 0/11 MB | 3.2/223 kB
Progress (2): 0/11 MB | 3.2/223 kB
Progress (2): 0/11 MB | 3.2/223 kB
Progress (2): 0/11 MB | 20/223 kB 
Progress (2): 0/11 MB | 20/223 kB
Progress (2): 0/11 MB | 20/223 kB
Progress (2): 0/11 MB | 20/223 kB
Progress (2): 0/11 MB | 20/223 kB
Progress (2): 0/11 MB | 20/223 kB
Progress (2): 0/11 MB | 20/223 kB
Progress (2): 0/11 MB | 20/223 kB
Progress (2): 0/11 MB | 28/223 kB
Progress (2): 0/11 MB | 28/223 kB
Progress (2): 0/11 MB | 28/223 kB
Progress (2): 0/11 MB | 28/223 kB
Progress (2): 0/11 MB | 28/223 kB
Progress (2): 0/11 MB | 28/223 kB
Progress (2): 0.1/11 MB | 28/223 kB
Progress (2): 0.1/11 MB | 28/223 kB
Progress (2): 0.1/11 MB | 28/223 kB
Progress (2): 0.1/11 MB | 28/223 kB
Progress (2): 0.1/11 MB | 28/223 kB
Progress (2): 0.1/11 MB | 44/223 kB
Progress (2): 0.1/11 MB | 49/223 kB
Progress (3): 0.1/11 MB | 49/223 kB | 0/2.2 MB
Progress (3): 0.1/11 MB | 49/223 kB | 0/2.2 MB
Progress (3): 0.1/11 MB | 49/223 kB | 0/2.2 MB
Progress (3): 0.1/11 MB | 49/223 kB | 0/2.2 MB
Progress (3): 0.1/11 MB | 49/223 kB | 0/2.2 MB
Progress (3): 0.1/11 MB | 49/223 kB | 0/2.2 MB
Progress (3): 0.1/11 MB | 49/223 kB | 0/2.2 MB
Progress (3): 0.1/11 MB | 49/223 kB | 0/2.2 MB
Progress (3): 0.1/11 MB | 49/223 kB | 0/2.2 MB
Progress (3): 0.1/11 MB | 49/223 kB | 0/2.2 MB
Progress (3): 0.1/11 MB | 61/223 kB | 0/2.2 MB
Progress (3): 0.1/11 MB | 61/223 kB | 0/2.2 MB
Progress (3): 0.1/11 MB | 61/223 kB | 0/2.2 MB
Progress (3): 0.1/11 MB | 61/223 kB | 0/2.2 MB
Progress (3): 0.1/11 MB | 61/223 kB | 0/2.2 MB
Progress (3): 0.1/11 MB | 61/223 kB | 0/2.2 MB
Progress (3): 0.1/11 MB | 61/223 kB | 0/2.2 MB
Progress (3): 0.1/11 MB | 61/223 kB | 0/2.2 MB
Progress (3): 0.1/11 MB | 61/223 kB | 0/2.2 MB
Progress (3): 0.1/11 MB | 61/223 kB | 0/2.2 MB
Progress (3): 0.1/11 MB | 61/223 kB | 0/2.2 MB
Progress (3): 0.1/11 MB | 61/223 kB | 0/2.2 MB
Progress (3): 0.1/11 MB | 61/223 kB | 0/2.2 MB
Progress (3): 0.1/11 MB | 61/223 kB | 0/2.2 MB
Progress (3): 0.1/11 MB | 77/223 kB | 0/2.2 MB
Progress (3): 0.1/11 MB | 77/223 kB | 0/2.2 MB
Progress (3): 0.1/11 MB | 77/223 kB | 0/2.2 MB
Progress (3): 0.1/11 MB | 77/223 kB | 0/2.2 MB
Progress (3): 0.1/11 MB | 77/223 kB | 0/2.2 MB
Progress (4): 0.1/11 MB | 77/223 kB | 0/2.2 MB | 0.9/425 kB
Progress (4): 0.1/11 MB | 77/223 kB | 0/2.2 MB | 2.3/425 kB
Progress (4): 0.1/11 MB | 77/223 kB | 0/2.2 MB | 2.3/425 kB
Progress (4): 0.1/11 MB | 77/223 kB | 0/2.2 MB | 3.6/425 kB
Progress (4): 0.1/11 MB | 77/223 kB | 0/2.2 MB | 3.6/425 kB
Progress (4): 0.1/11 MB | 77/223 kB | 0/2.2 MB | 5.0/425 kB
Progress (4): 0.1/11 MB | 77/223 kB | 0/2.2 MB | 6.4/425 kB
Progress (4): 0.1/11 MB | 77/223 kB | 0/2.2 MB | 7.7/425 kB
Progress (4): 0.1/11 MB | 77/223 kB | 0/2.2 MB | 9.1/425 kB
Progress (4): 0.1/11 MB | 77/223 kB | 0/2.2 MB | 10/425 kB 
Progress (4): 0.1/11 MB | 77/223 kB | 0/2.2 MB | 12/425 kB
Progress (4): 0.1/11 MB | 77/223 kB | 0/2.2 MB | 12/425 kB
Progress (4): 0.1/11 MB | 77/223 kB | 0/2.2 MB | 12/425 kB
Progress (4): 0.1/11 MB | 77/223 kB | 0/2.2 MB | 13/425 kB
Progress (4): 0.1/11 MB | 77/223 kB | 0/2.2 MB | 15/425 kB
Progress (4): 0.1/11 MB | 77/223 kB | 0/2.2 MB | 15/425 kB
Progress (4): 0.1/11 MB | 77/223 kB | 0/2.2 MB | 15/425 kB
Progress (4): 0.1/11 MB | 77/223 kB | 0/2.2 MB | 16/425 kB
Progress (4): 0.1/11 MB | 77/223 kB | 0/2.2 MB | 17/425 kB
Progress (4): 0.1/11 MB | 77/223 kB | 0/2.2 MB | 17/425 kB
Progress (4): 0.1/11 MB | 77/223 kB | 0/2.2 MB | 17/425 kB
Progress (4): 0.1/11 MB | 77/223 kB | 0/2.2 MB | 19/425 kB
Progress (4): 0.1/11 MB | 77/223 kB | 0/2.2 MB | 20/425 kB
Progress (4): 0.1/11 MB | 93/223 kB | 0/2.2 MB | 20/425 kB
Progress (4): 0.1/11 MB | 93/223 kB | 0/2.2 MB | 21/425 kB
Progress (4): 0.1/11 MB | 93/223 kB | 0/2.2 MB | 21/425 kB
Progress (4): 0.1/11 MB | 93/223 kB | 0/2.2 MB | 23/425 kB
Progress (4): 0.1/11 MB | 93/223 kB | 0/2.2 MB | 23/425 kB
Progress (4): 0.1/11 MB | 93/223 kB | 0/2.2 MB | 24/425 kB
Progress (4): 0.1/11 MB | 93/223 kB | 0/2.2 MB | 26/425 kB
Progress (4): 0.1/11 MB | 93/223 kB | 0.1/2.2 MB | 26/425 kB
Progress (4): 0.1/11 MB | 93/223 kB | 0.1/2.2 MB | 26/425 kB
Progress (4): 0.1/11 MB | 93/223 kB | 0.1/2.2 MB | 27/425 kB
Progress (4): 0.1/11 MB | 93/223 kB | 0.1/2.2 MB | 28/425 kB
Progress (5): 0.1/11 MB | 93/223 kB | 0.1/2.2 MB | 28/425 kB | 1.4/27 kB
Progress (5): 0.1/11 MB | 93/223 kB | 0.1/2.2 MB | 28/425 kB | 2.7/27 kB
Progress (5): 0.1/11 MB | 93/223 kB | 0.1/2.2 MB | 28/425 kB | 4.1/27 kB
Progress (5): 0.1/11 MB | 93/223 kB | 0.1/2.2 MB | 28/425 kB | 5.5/27 kB
Progress (5): 0.1/11 MB | 93/223 kB | 0.1/2.2 MB | 28/425 kB | 6.8/27 kB
Progress (5): 0.1/11 MB | 93/223 kB | 0.1/2.2 MB | 28/425 kB | 8.2/27 kB
Progress (5): 0.1/11 MB | 93/223 kB | 0.1/2.2 MB | 30/425 kB | 8.2/27 kB
Progress (5): 0.1/11 MB | 93/223 kB | 0.1/2.2 MB | 31/425 kB | 8.2/27 kB
Progress (5): 0.1/11 MB | 93/223 kB | 0.1/2.2 MB | 31/425 kB | 8.2/27 kB
Progress (5): 0.1/11 MB | 93/223 kB | 0.1/2.2 MB | 31/425 kB | 9.6/27 kB
Progress (5): 0.1/11 MB | 93/223 kB | 0.1/2.2 MB | 31/425 kB | 11/27 kB 
Progress (5): 0.1/11 MB | 93/223 kB | 0.1/2.2 MB | 32/425 kB | 11/27 kB
Progress (5): 0.1/11 MB | 93/223 kB | 0.1/2.2 MB | 34/425 kB | 11/27 kB
Progress (5): 0.1/11 MB | 93/223 kB | 0.1/2.2 MB | 34/425 kB | 12/27 kB
Progress (5): 0.1/11 MB | 93/223 kB | 0.1/2.2 MB | 34/425 kB | 14/27 kB
Progress (5): 0.1/11 MB | 93/223 kB | 0.1/2.2 MB | 34/425 kB | 14/27 kB
Progress (5): 0.1/11 MB | 93/223 kB | 0.1/2.2 MB | 35/425 kB | 14/27 kB
Progress (5): 0.1/11 MB | 110/223 kB | 0.1/2.2 MB | 35/425 kB | 14/27 kB
Progress (5): 0.1/11 MB | 110/223 kB | 0.1/2.2 MB | 36/425 kB | 14/27 kB
Progress (5): 0.1/11 MB | 110/223 kB | 0.1/2.2 MB | 36/425 kB | 15/27 kB
Progress (5): 0.1/11 MB | 110/223 kB | 0.1/2.2 MB | 36/425 kB | 16/27 kB
Progress (5): 0.1/11 MB | 110/223 kB | 0.1/2.2 MB | 36/425 kB | 16/27 kB
Progress (5): 0.1/11 MB | 110/223 kB | 0.1/2.2 MB | 38/425 kB | 16/27 kB
Progress (5): 0.1/11 MB | 110/223 kB | 0.1/2.2 MB | 39/425 kB | 16/27 kB
Progress (5): 0.1/11 MB | 110/223 kB | 0.1/2.2 MB | 39/425 kB | 18/27 kB
Progress (5): 0.1/11 MB | 110/223 kB | 0.1/2.2 MB | 39/425 kB | 19/27 kB
Progress (5): 0.1/11 MB | 110/223 kB | 0.1/2.2 MB | 41/425 kB | 19/27 kB
Progress (5): 0.1/11 MB | 110/223 kB | 0.1/2.2 MB | 42/425 kB | 19/27 kB
Progress (5): 0.1/11 MB | 110/223 kB | 0.1/2.2 MB | 42/425 kB | 21/27 kB
Progress (5): 0.1/11 MB | 110/223 kB | 0.1/2.2 MB | 42/425 kB | 22/27 kB
Progress (5): 0.1/11 MB | 110/223 kB | 0.1/2.2 MB | 42/425 kB | 22/27 kB
Progress (5): 0.1/11 MB | 110/223 kB | 0.1/2.2 MB | 43/425 kB | 22/27 kB
Progress (5): 0.1/11 MB | 110/223 kB | 0.1/2.2 MB | 45/425 kB | 22/27 kB
Progress (5): 0.1/11 MB | 110/223 kB | 0.1/2.2 MB | 46/425 kB | 22/27 kB
Progress (5): 0.1/11 MB | 110/223 kB | 0.1/2.2 MB | 46/425 kB | 23/27 kB
Progress (5): 0.1/11 MB | 110/223 kB | 0.1/2.2 MB | 46/425 kB | 25/27 kB
Progress (5): 0.1/11 MB | 110/223 kB | 0.1/2.2 MB | 47/425 kB | 25/27 kB
Progress (5): 0.1/11 MB | 110/223 kB | 0.1/2.2 MB | 49/425 kB | 25/27 kB
Progress (5): 0.1/11 MB | 110/223 kB | 0.1/2.2 MB | 49/425 kB | 26/27 kB
Progress (5): 0.1/11 MB | 110/223 kB | 0.1/2.2 MB | 49/425 kB | 27 kB   
Progress (5): 0.1/11 MB | 110/223 kB | 0.1/2.2 MB | 50/425 kB | 27 kB
                                                                     
Downloaded from oss.sonatype.org: https://oss.sonatype.org/content/groups/public/org/kuali/common/kuali-s3/1.0.1/kuali-s3-1.0.1.jar (27 kB at 19 kB/s)
Downloading from oss.sonatype.org: https://oss.sonatype.org/content/groups/public/commons-codec/commons-codec/1.3/commons-codec-1.3.jar
Progress (4): 0.1/11 MB | 110/223 kB | 0.1/2.2 MB | 52/425 kB
Progress (4): 0.1/11 MB | 110/223 kB | 0.1/2.2 MB | 53/425 kB
Progress (4): 0.1/11 MB | 110/223 kB | 0.1/2.2 MB | 57/425 kB
Progress (4): 0.1/11 MB | 110/223 kB | 0.1/2.2 MB | 61/425 kB
Progress (4): 0.1/11 MB | 110/223 kB | 0.1/2.2 MB | 66/425 kB
Progress (4): 0.1/11 MB | 110/223 kB | 0.1/2.2 MB | 70/425 kB
Progress (4): 0.1/11 MB | 110/223 kB | 0.1/2.2 MB | 70/425 kB
Progress (4): 0.1/11 MB | 110/223 kB | 0.1/2.2 MB | 70/425 kB
Progress (4): 0.1/11 MB | 110/223 kB | 0.1/2.2 MB | 70/425 kB
Progress (4): 0.1/11 MB | 110/223 kB | 0.1/2.2 MB | 70/425 kB
Progress (4): 0.1/11 MB | 110/223 kB | 0.1/2.2 MB | 70/425 kB
Progress (4): 0.1/11 MB | 110/223 kB | 0.1/2.2 MB | 70/425 kB
Progress (4): 0.1/11 MB | 110/223 kB | 0.1/2.2 MB | 70/425 kB
Progress (4): 0.1/11 MB | 110/223 kB | 0.1/2.2 MB | 70/425 kB
Progress (4): 0.1/11 MB | 110/223 kB | 0.1/2.2 MB | 70/425 kB
Progress (4): 0.1/11 MB | 126/223 kB | 0.1/2.2 MB | 70/425 kB
Progress (4): 0.1/11 MB | 126/223 kB | 0.1/2.2 MB | 70/425 kB
Progress (4): 0.1/11 MB | 126/223 kB | 0.1/2.2 MB | 70/425 kB
Progress (4): 0.1/11 MB | 126/223 kB | 0.1/2.2 MB | 70/425 kB
Progress (4): 0.1/11 MB | 126/223 kB | 0.1/2.2 MB | 70/425 kB
Progress (4): 0.1/11 MB | 126/223 kB | 0.1/2.2 MB | 70/425 kB
Progress (4): 0.1/11 MB | 142/223 kB | 0.1/2.2 MB | 70/425 kB
Progress (4): 0.1/11 MB | 142/223 kB | 0.1/2.2 MB | 70/425 kB
Progress (4): 0.1/11 MB | 142/223 kB | 0.1/2.2 MB | 70/425 kB
Progress (4): 0.1/11 MB | 142/223 kB | 0.1/2.2 MB | 70/425 kB
Progress (4): 0.1/11 MB | 142/223 kB | 0.1/2.2 MB | 70/425 kB
Progress (4): 0.1/11 MB | 142/223 kB | 0.1/2.2 MB | 70/425 kB
Progress (4): 0.1/11 MB | 159/223 kB | 0.1/2.2 MB | 70/425 kB
Progress (4): 0.1/11 MB | 159/223 kB | 0.1/2.2 MB | 70/425 kB
Progress (4): 0.1/11 MB | 159/223 kB | 0.1/2.2 MB | 70/425 kB
Progress (4): 0.1/11 MB | 175/223 kB | 0.1/2.2 MB | 70/425 kB
Progress (4): 0.1/11 MB | 175/223 kB | 0.1/2.2 MB | 70/425 kB
Progress (4): 0.1/11 MB | 175/223 kB | 0.1/2.2 MB | 74/425 kB
Progress (4): 0.1/11 MB | 175/223 kB | 0.1/2.2 MB | 74/425 kB
Progress (4): 0.1/11 MB | 175/223 kB | 0.1/2.2 MB | 78/425 kB
Progress (4): 0.1/11 MB | 175/223 kB | 0.1/2.2 MB | 78/425 kB
Progress (4): 0.1/11 MB | 175/223 kB | 0.1/2.2 MB | 82/425 kB
Progress (4): 0.1/11 MB | 175/223 kB | 0.1/2.2 MB | 82/425 kB
Progress (4): 0.1/11 MB | 175/223 kB | 0.1/2.2 MB | 87/425 kB
Progress (4): 0.1/11 MB | 192/223 kB | 0.1/2.2 MB | 87/425 kB
Progress (4): 0.1/11 MB | 192/223 kB | 0.1/2.2 MB | 87/425 kB
Progress (4): 0.1/11 MB | 192/223 kB | 0.1/2.2 MB | 91/425 kB
Progress (4): 0.1/11 MB | 192/223 kB | 0.1/2.2 MB | 95/425 kB
Progress (4): 0.1/11 MB | 192/223 kB | 0.1/2.2 MB | 95/425 kB
Progress (4): 0.1/11 MB | 192/223 kB | 0.1/2.2 MB | 99/425 kB
Progress (4): 0.1/11 MB | 192/223 kB | 0.1/2.2 MB | 99/425 kB
Progress (4): 0.1/11 MB | 192/223 kB | 0.1/2.2 MB | 104/425 kB
Progress (4): 0.1/11 MB | 192/223 kB | 0.1/2.2 MB | 104/425 kB
Progress (4): 0.1/11 MB | 208/223 kB | 0.1/2.2 MB | 104/425 kB
Progress (4): 0.1/11 MB | 208/223 kB | 0.1/2.2 MB | 108/425 kB
Progress (4): 0.1/11 MB | 208/223 kB | 0.1/2.2 MB | 108/425 kB
Progress (4): 0.1/11 MB | 208/223 kB | 0.1/2.2 MB | 112/425 kB
Progress (4): 0.1/11 MB | 208/223 kB | 0.1/2.2 MB | 112/425 kB
Progress (4): 0.1/11 MB | 208/223 kB | 0.1/2.2 MB | 116/425 kB
Progress (4): 0.1/11 MB | 208/223 kB | 0.1/2.2 MB | 116/425 kB
Progress (4): 0.1/11 MB | 208/223 kB | 0.1/2.2 MB | 116/425 kB
Progress (4): 0.1/11 MB | 208/223 kB | 0.1/2.2 MB | 121/425 kB
Progress (4): 0.1/11 MB | 223 kB | 0.1/2.2 MB | 121/425 kB    
                                                          
Downloaded from oss.sonatype.org: https://oss.sonatype.org/content/groups/public/org/apache/httpcomponents/httpcore/4.2/httpcore-4.2.jar (223 kB at 140 kB/s)
Progress (3): 0.1/11 MB | 0.1/2.2 MB | 125/425 kB
                                                 
Downloading from oss.sonatype.org: https://oss.sonatype.org/content/groups/public/com/fasterxml/jackson/core/jackson-core/2.1.1/jackson-core-2.1.1.jar
Progress (3): 0.1/11 MB | 0.1/2.2 MB | 129/425 kB
Progress (3): 0.1/11 MB | 0.1/2.2 MB | 129/425 kB
Progress (3): 0.1/11 MB | 0.1/2.2 MB | 129/425 kB
Progress (3): 0.1/11 MB | 0.1/2.2 MB | 133/425 kB
Progress (3): 0.1/11 MB | 0.1/2.2 MB | 133/425 kB
Progress (3): 0.1/11 MB | 0.1/2.2 MB | 137/425 kB
Progress (3): 0.1/11 MB | 0.1/2.2 MB | 137/425 kB
Progress (3): 0.1/11 MB | 0.1/2.2 MB | 142/425 kB
Progress (3): 0.1/11 MB | 0.1/2.2 MB | 142/425 kB
Progress (3): 0.1/11 MB | 0.1/2.2 MB | 146/425 kB
Progress (3): 0.1/11 MB | 0.2/2.2 MB | 146/425 kB
Progress (3): 0.1/11 MB | 0.2/2.2 MB | 150/425 kB
Progress (3): 0.1/11 MB | 0.2/2.2 MB | 150/425 kB
Progress (3): 0.1/11 MB | 0.2/2.2 MB | 154/425 kB
Progress (3): 0.1/11 MB | 0.2/2.2 MB | 159/425 kB
Progress (3): 0.1/11 MB | 0.2/2.2 MB | 159/425 kB
Progress (3): 0.1/11 MB | 0.2/2.2 MB | 163/425 kB
Progress (3): 0.1/11 MB | 0.2/2.2 MB | 163/425 kB
Progress (3): 0.1/11 MB | 0.2/2.2 MB | 167/425 kB
Progress (3): 0.1/11 MB | 0.2/2.2 MB | 171/425 kB
Progress (3): 0.1/11 MB | 0.2/2.2 MB | 171/425 kB
Progress (3): 0.1/11 MB | 0.2/2.2 MB | 171/425 kB
Progress (3): 0.2/11 MB | 0.2/2.2 MB | 171/425 kB
Progress (3): 0.2/11 MB | 0.2/2.2 MB | 171/425 kB
Progress (3): 0.2/11 MB | 0.2/2.2 MB | 171/425 kB
Progress (3): 0.2/11 MB | 0.2/2.2 MB | 171/425 kB
Progress (3): 0.2/11 MB | 0.2/2.2 MB | 171/425 kB
Progress (3): 0.2/11 MB | 0.2/2.2 MB | 171/425 kB
Progress (3): 0.2/11 MB | 0.2/2.2 MB | 171/425 kB
Progress (3): 0.2/11 MB | 0.2/2.2 MB | 171/425 kB
Progress (3): 0.2/11 MB | 0.2/2.2 MB | 171/425 kB
Progress (3): 0.2/11 MB | 0.2/2.2 MB | 171/425 kB
Progress (3): 0.2/11 MB | 0.2/2.2 MB | 171/425 kB
Progress (3): 0.2/11 MB | 0.2/2.2 MB | 171/425 kB
Progress (3): 0.2/11 MB | 0.2/2.2 MB | 171/425 kB
Progress (3): 0.2/11 MB | 0.2/2.2 MB | 171/425 kB
Progress (3): 0.2/11 MB | 0.2/2.2 MB | 171/425 kB
Progress (3): 0.2/11 MB | 0.2/2.2 MB | 171/425 kB
Progress (3): 0.2/11 MB | 0.2/2.2 MB | 171/425 kB
Progress (3): 0.2/11 MB | 0.2/2.2 MB | 171/425 kB
Progress (3): 0.2/11 MB | 0.2/2.2 MB | 175/425 kB
Progress (3): 0.2/11 MB | 0.2/2.2 MB | 180/425 kB
Progress (3): 0.2/11 MB | 0.2/2.2 MB | 184/425 kB
Progress (3): 0.2/11 MB | 0.2/2.2 MB | 184/425 kB
Progress (3): 0.3/11 MB | 0.2/2.2 MB | 184/425 kB
Progress (3): 0.3/11 MB | 0.2/2.2 MB | 184/425 kB
Progress (3): 0.3/11 MB | 0.2/2.2 MB | 184/425 kB
Progress (3): 0.3/11 MB | 0.2/2.2 MB | 188/425 kB
Progress (3): 0.3/11 MB | 0.2/2.2 MB | 192/425 kB
Progress (3): 0.3/11 MB | 0.2/2.2 MB | 192/425 kB
Progress (3): 0.3/11 MB | 0.2/2.2 MB | 197/425 kB
Progress (3): 0.3/11 MB | 0.2/2.2 MB | 197/425 kB
Progress (3): 0.3/11 MB | 0.2/2.2 MB | 201/425 kB
Progress (3): 0.3/11 MB | 0.2/2.2 MB | 201/425 kB
Progress (3): 0.3/11 MB | 0.2/2.2 MB | 205/425 kB
Progress (3): 0.3/11 MB | 0.2/2.2 MB | 205/425 kB
Progress (3): 0.3/11 MB | 0.2/2.2 MB | 205/425 kB
Progress (3): 0.3/11 MB | 0.2/2.2 MB | 209/425 kB
Progress (3): 0.3/11 MB | 0.2/2.2 MB | 209/425 kB
Progress (3): 0.3/11 MB | 0.2/2.2 MB | 214/425 kB
Progress (3): 0.3/11 MB | 0.2/2.2 MB | 214/425 kB
Progress (3): 0.3/11 MB | 0.2/2.2 MB | 218/425 kB
Progress (3): 0.3/11 MB | 0.2/2.2 MB | 218/425 kB
Progress (3): 0.3/11 MB | 0.2/2.2 MB | 222/425 kB
Progress (3): 0.3/11 MB | 0.2/2.2 MB | 222/425 kB
Progress (3): 0.3/11 MB | 0.2/2.2 MB | 222/425 kB
Progress (3): 0.3/11 MB | 0.2/2.2 MB | 222/425 kB
Progress (3): 0.3/11 MB | 0.2/2.2 MB | 222/425 kB
Progress (3): 0.3/11 MB | 0.2/2.2 MB | 222/425 kB
Progress (3): 0.3/11 MB | 0.2/2.2 MB | 222/425 kB
Progress (3): 0.3/11 MB | 0.2/2.2 MB | 238/425 kB
Progress (3): 0.3/11 MB | 0.2/2.2 MB | 255/425 kB
Progress (3): 0.3/11 MB | 0.2/2.2 MB | 255/425 kB
Progress (3): 0.3/11 MB | 0.2/2.2 MB | 255/425 kB
Progress (3): 0.3/11 MB | 0.2/2.2 MB | 271/425 kB
Progress (3): 0.3/11 MB | 0.2/2.2 MB | 271/425 kB
Progress (3): 0.3/11 MB | 0.3/2.2 MB | 271/425 kB
Progress (3): 0.3/11 MB | 0.3/2.2 MB | 271/425 kB
Progress (3): 0.3/11 MB | 0.3/2.2 MB | 288/425 kB
Progress (3): 0.4/11 MB | 0.3/2.2 MB | 288/425 kB
Progress (3): 0.4/11 MB | 0.3/2.2 MB | 304/425 kB
Progress (3): 0.4/11 MB | 0.3/2.2 MB | 304/425 kB
Progress (3): 0.4/11 MB | 0.3/2.2 MB | 304/425 kB
Progress (3): 0.4/11 MB | 0.3/2.2 MB | 320/425 kB
Progress (3): 0.4/11 MB | 0.3/2.2 MB | 320/425 kB
Progress (3): 0.4/11 MB | 0.3/2.2 MB | 328/425 kB
Progress (3): 0.4/11 MB | 0.3/2.2 MB | 328/425 kB
Progress (3): 0.4/11 MB | 0.3/2.2 MB | 344/425 kB
Progress (3): 0.4/11 MB | 0.3/2.2 MB | 344/425 kB
Progress (3): 0.4/11 MB | 0.3/2.2 MB | 344/425 kB
Progress (3): 0.4/11 MB | 0.3/2.2 MB | 360/425 kB
Progress (3): 0.4/11 MB | 0.3/2.2 MB | 360/425 kB
Progress (3): 0.4/11 MB | 0.3/2.2 MB | 360/425 kB
Progress (3): 0.4/11 MB | 0.3/2.2 MB | 377/425 kB
Progress (3): 0.4/11 MB | 0.3/2.2 MB | 377/425 kB
Progress (3): 0.4/11 MB | 0.3/2.2 MB | 377/425 kB
Progress (3): 0.4/11 MB | 0.3/2.2 MB | 393/425 kB
Progress (3): 0.4/11 MB | 0.4/2.2 MB | 393/425 kB
Progress (3): 0.5/11 MB | 0.4/2.2 MB | 393/425 kB
Progress (3): 0.5/11 MB | 0.4/2.2 MB | 410/425 kB
Progress (3): 0.5/11 MB | 0.4/2.2 MB | 410/425 kB
Progress (3): 0.5/11 MB | 0.4/2.2 MB | 425 kB    
Progress (3): 0.5/11 MB | 0.4/2.2 MB | 425 kB
                                             
Downloaded from oss.sonatype.org: https://oss.sonatype.org/content/groups/public/org/apache/httpcomponents/httpclient/4.2/httpclient-4.2.jar (425 kB at 224 kB/s)
Downloading from oss.sonatype.org: https://oss.sonatype.org/content/groups/public/com/fasterxml/jackson/core/jackson-databind/2.1.1/jackson-databind-2.1.1.jar
Progress (2): 0.5/11 MB | 0.4/2.2 MB
Progress (2): 0.5/11 MB | 0.4/2.2 MB
Progress (2): 0.5/11 MB | 0.4/2.2 MB
Progress (2): 0.5/11 MB | 0.4/2.2 MB
Progress (2): 0.5/11 MB | 0.4/2.2 MB
Progress (2): 0.5/11 MB | 0.4/2.2 MB
Progress (2): 0.5/11 MB | 0.4/2.2 MB
Progress (2): 0.5/11 MB | 0.4/2.2 MB
Progress (2): 0.5/11 MB | 0.4/2.2 MB
Progress (2): 0.6/11 MB | 0.4/2.2 MB
Progress (2): 0.6/11 MB | 0.5/2.2 MB
Progress (2): 0.6/11 MB | 0.5/2.2 MB
Progress (2): 0.6/11 MB | 0.5/2.2 MB
Progress (2): 0.6/11 MB | 0.5/2.2 MB
Progress (2): 0.6/11 MB | 0.5/2.2 MB
Progress (2): 0.6/11 MB | 0.5/2.2 MB
Progress (2): 0.6/11 MB | 0.5/2.2 MB
Progress (2): 0.6/11 MB | 0.5/2.2 MB
Progress (2): 0.6/11 MB | 0.5/2.2 MB
Progress (2): 0.7/11 MB | 0.5/2.2 MB
Progress (2): 0.7/11 MB | 0.5/2.2 MB
Progress (2): 0.7/11 MB | 0.5/2.2 MB
Progress (2): 0.7/11 MB | 0.5/2.2 MB
Progress (2): 0.7/11 MB | 0.5/2.2 MB
Progress (2): 0.7/11 MB | 0.5/2.2 MB
Progress (2): 0.7/11 MB | 0.5/2.2 MB
Progress (2): 0.7/11 MB | 0.5/2.2 MB
Progress (2): 0.7/11 MB | 0.5/2.2 MB
Progress (2): 0.7/11 MB | 0.6/2.2 MB
Progress (2): 0.8/11 MB | 0.6/2.2 MB
Progress (2): 0.8/11 MB | 0.6/2.2 MB
Progress (2): 0.8/11 MB | 0.6/2.2 MB
Progress (2): 0.8/11 MB | 0.6/2.2 MB
Progress (2): 0.8/11 MB | 0.6/2.2 MB
Progress (2): 0.8/11 MB | 0.6/2.2 MB
Progress (2): 0.8/11 MB | 0.6/2.2 MB
Progress (2): 0.8/11 MB | 0.6/2.2 MB
Progress (2): 0.8/11 MB | 0.6/2.2 MB
Progress (2): 0.8/11 MB | 0.6/2.2 MB
Progress (2): 0.9/11 MB | 0.6/2.2 MB
Progress (2): 0.9/11 MB | 0.6/2.2 MB
Progress (2): 0.9/11 MB | 0.6/2.2 MB
Progress (2): 0.9/11 MB | 0.6/2.2 MB
Progress (3): 0.9/11 MB | 0.6/2.2 MB | 7.2/47 kB
Progress (3): 0.9/11 MB | 0.6/2.2 MB | 7.2/47 kB
Progress (3): 0.9/11 MB | 0.6/2.2 MB | 7.2/47 kB
Progress (3): 0.9/11 MB | 0.6/2.2 MB | 15/47 kB 
Progress (3): 0.9/11 MB | 0.6/2.2 MB | 15/47 kB
Progress (3): 0.9/11 MB | 0.7/2.2 MB | 15/47 kB
Progress (3): 0.9/11 MB | 0.7/2.2 MB | 15/47 kB
Progress (3): 0.9/11 MB | 0.7/2.2 MB | 32/47 kB
Progress (3): 1.0/11 MB | 0.7/2.2 MB | 32/47 kB
Progress (3): 1.0/11 MB | 0.7/2.2 MB | 32/47 kB
Progress (3): 1.0/11 MB | 0.7/2.2 MB | 32/47 kB
Progress (3): 1.0/11 MB | 0.7/2.2 MB | 47 kB   
Progress (3): 1.0/11 MB | 0.7/2.2 MB | 47 kB
                                            
Downloaded from oss.sonatype.org: https://oss.sonatype.org/content/groups/public/commons-codec/commons-codec/1.3/commons-codec-1.3.jar (47 kB at 23 kB/s)
Downloading from oss.sonatype.org: https://oss.sonatype.org/content/groups/public/com/fasterxml/jackson/core/jackson-annotations/2.1.1/jackson-annotations-2.1.1.jar
Progress (2): 1.0/11 MB | 0.7/2.2 MB
Progress (2): 1.0/11 MB | 0.7/2.2 MB
Progress (2): 1.0/11 MB | 0.7/2.2 MB
Progress (2): 1.0/11 MB | 0.7/2.2 MB
Progress (2): 1.0/11 MB | 0.7/2.2 MB
Progress (2): 1.0/11 MB | 0.7/2.2 MB
Progress (2): 1.1/11 MB | 0.7/2.2 MB
Progress (2): 1.1/11 MB | 0.7/2.2 MB
Progress (2): 1.1/11 MB | 0.7/2.2 MB
Progress (2): 1.1/11 MB | 0.7/2.2 MB
Progress (2): 1.1/11 MB | 0.8/2.2 MB
Progress (2): 1.1/11 MB | 0.8/2.2 MB
Progress (2): 1.1/11 MB | 0.8/2.2 MB
Progress (2): 1.1/11 MB | 0.8/2.2 MB
Progress (2): 1.1/11 MB | 0.8/2.2 MB
Progress (2): 1.1/11 MB | 0.8/2.2 MB
Progress (2): 1.2/11 MB | 0.8/2.2 MB
Progress (2): 1.2/11 MB | 0.8/2.2 MB
Progress (2): 1.2/11 MB | 0.8/2.2 MB
Progress (2): 1.2/11 MB | 0.8/2.2 MB
Progress (2): 1.2/11 MB | 0.8/2.2 MB
Progress (2): 1.2/11 MB | 0.8/2.2 MB
Progress (2): 1.2/11 MB | 0.8/2.2 MB
Progress (2): 1.2/11 MB | 0.9/2.2 MB
Progress (2): 1.2/11 MB | 0.9/2.2 MB
Progress (2): 1.2/11 MB | 0.9/2.2 MB
Progress (2): 1.2/11 MB | 0.9/2.2 MB
Progress (2): 1.2/11 MB | 0.9/2.2 MB
Progress (2): 1.2/11 MB | 0.9/2.2 MB
Progress (2): 1.3/11 MB | 0.9/2.2 MB
Progress (2): 1.3/11 MB | 0.9/2.2 MB
Progress (2): 1.3/11 MB | 0.9/2.2 MB
Progress (2): 1.3/11 MB | 0.9/2.2 MB
Progress (2): 1.3/11 MB | 0.9/2.2 MB
Progress (2): 1.3/11 MB | 0.9/2.2 MB
Progress (2): 1.3/11 MB | 0.9/2.2 MB
Progress (2): 1.3/11 MB | 0.9/2.2 MB
Progress (2): 1.3/11 MB | 1.0/2.2 MB
Progress (2): 1.3/11 MB | 1.0/2.2 MB
Progress (2): 1.3/11 MB | 1.0/2.2 MB
Progress (2): 1.4/11 MB | 1.0/2.2 MB
Progress (2): 1.4/11 MB | 1.0/2.2 MB
Progress (2): 1.4/11 MB | 1.0/2.2 MB
Progress (2): 1.4/11 MB | 1.0/2.2 MB
Progress (2): 1.4/11 MB | 1.0/2.2 MB
Progress (2): 1.4/11 MB | 1.0/2.2 MB
Progress (2): 1.4/11 MB | 1.0/2.2 MB
Progress (2): 1.4/11 MB | 1.0/2.2 MB
Progress (2): 1.4/11 MB | 1.0/2.2 MB
Progress (2): 1.4/11 MB | 1.0/2.2 MB
Progress (2): 1.5/11 MB | 1.0/2.2 MB
Progress (2): 1.5/11 MB | 1.0/2.2 MB
Progress (2): 1.5/11 MB | 1.0/2.2 MB
Progress (2): 1.5/11 MB | 1.0/2.2 MB
Progress (2): 1.5/11 MB | 1.1/2.2 MB
Progress (2): 1.5/11 MB | 1.1/2.2 MB
Progress (2): 1.5/11 MB | 1.1/2.2 MB
Progress (2): 1.5/11 MB | 1.1/2.2 MB
Progress (2): 1.5/11 MB | 1.1/2.2 MB
Progress (2): 1.5/11 MB | 1.1/2.2 MB
Progress (2): 1.6/11 MB | 1.1/2.2 MB
Progress (2): 1.6/11 MB | 1.1/2.2 MB
Progress (2): 1.6/11 MB | 1.1/2.2 MB
Progress (2): 1.6/11 MB | 1.1/2.2 MB
Progress (2): 1.6/11 MB | 1.1/2.2 MB
Progress (2): 1.6/11 MB | 1.1/2.2 MB
Progress (2): 1.6/11 MB | 1.1/2.2 MB
Progress (2): 1.6/11 MB | 1.1/2.2 MB
Progress (2): 1.6/11 MB | 1.1/2.2 MB
Progress (2): 1.7/11 MB | 1.1/2.2 MB
Progress (2): 1.7/11 MB | 1.2/2.2 MB
Progress (2): 1.7/11 MB | 1.2/2.2 MB
Progress (2): 1.7/11 MB | 1.2/2.2 MB
Progress (2): 1.7/11 MB | 1.2/2.2 MB
Progress (2): 1.7/11 MB | 1.2/2.2 MB
Progress (2): 1.7/11 MB | 1.2/2.2 MB
Progress (2): 1.7/11 MB | 1.2/2.2 MB
Progress (2): 1.7/11 MB | 1.2/2.2 MB
Progress (2): 1.7/11 MB | 1.2/2.2 MB
Progress (2): 1.8/11 MB | 1.2/2.2 MB
Progress (2): 1.8/11 MB | 1.2/2.2 MB
Progress (3): 1.8/11 MB | 1.2/2.2 MB | 0.9/206 kB
Progress (3): 1.8/11 MB | 1.2/2.2 MB | 0.9/206 kB
Progress (3): 1.8/11 MB | 1.2/2.2 MB | 2.3/206 kB
Progress (3): 1.8/11 MB | 1.2/2.2 MB | 3.6/206 kB
Progress (3): 1.8/11 MB | 1.2/2.2 MB | 5.0/206 kB
Progress (3): 1.8/11 MB | 1.2/2.2 MB | 5.0/206 kB
Progress (3): 1.8/11 MB | 1.2/2.2 MB | 5.0/206 kB
Progress (3): 1.8/11 MB | 1.2/2.2 MB | 6.4/206 kB
Progress (3): 1.8/11 MB | 1.2/2.2 MB | 7.7/206 kB
Progress (3): 1.8/11 MB | 1.2/2.2 MB | 7.7/206 kB
Progress (3): 1.8/11 MB | 1.2/2.2 MB | 9.1/206 kB
Progress (3): 1.8/11 MB | 1.2/2.2 MB | 10/206 kB 
Progress (3): 1.8/11 MB | 1.2/2.2 MB | 10/206 kB
Progress (3): 1.8/11 MB | 1.2/2.2 MB | 10/206 kB
Progress (3): 1.8/11 MB | 1.2/2.2 MB | 12/206 kB
Progress (3): 1.8/11 MB | 1.3/2.2 MB | 12/206 kB
Progress (3): 1.8/11 MB | 1.3/2.2 MB | 13/206 kB
Progress (3): 1.9/11 MB | 1.3/2.2 MB | 13/206 kB
Progress (3): 1.9/11 MB | 1.3/2.2 MB | 15/206 kB
Progress (3): 1.9/11 MB | 1.3/2.2 MB | 16/206 kB
Progress (3): 1.9/11 MB | 1.3/2.2 MB | 16/206 kB
Progress (3): 1.9/11 MB | 1.3/2.2 MB | 16/206 kB
Progress (3): 1.9/11 MB | 1.3/2.2 MB | 17/206 kB
Progress (3): 1.9/11 MB | 1.3/2.2 MB | 19/206 kB
Progress (3): 1.9/11 MB | 1.3/2.2 MB | 19/206 kB
Progress (3): 1.9/11 MB | 1.3/2.2 MB | 20/206 kB
Progress (3): 1.9/11 MB | 1.3/2.2 MB | 21/206 kB
Progress (3): 1.9/11 MB | 1.3/2.2 MB | 21/206 kB
Progress (3): 1.9/11 MB | 1.3/2.2 MB | 21/206 kB
Progress (3): 1.9/11 MB | 1.3/2.2 MB | 24/206 kB
Progress (3): 1.9/11 MB | 1.3/2.2 MB | 24/206 kB
Progress (3): 1.9/11 MB | 1.3/2.2 MB | 24/206 kB
Progress (3): 1.9/11 MB | 1.3/2.2 MB | 24/206 kB
Progress (3): 2.0/11 MB | 1.3/2.2 MB | 24/206 kB
Progress (3): 2.0/11 MB | 1.3/2.2 MB | 24/206 kB
Progress (3): 2.0/11 MB | 1.3/2.2 MB | 28/206 kB
Progress (3): 2.0/11 MB | 1.3/2.2 MB | 28/206 kB
Progress (3): 2.0/11 MB | 1.3/2.2 MB | 33/206 kB
Progress (3): 2.0/11 MB | 1.3/2.2 MB | 33/206 kB
Progress (3): 2.0/11 MB | 1.3/2.2 MB | 33/206 kB
Progress (3): 2.0/11 MB | 1.3/2.2 MB | 33/206 kB
Progress (3): 2.0/11 MB | 1.3/2.2 MB | 37/206 kB
Progress (3): 2.0/11 MB | 1.3/2.2 MB | 37/206 kB
Progress (3): 2.0/11 MB | 1.4/2.2 MB | 37/206 kB
Progress (3): 2.0/11 MB | 1.4/2.2 MB | 37/206 kB
Progress (3): 2.0/11 MB | 1.4/2.2 MB | 41/206 kB
Progress (3): 2.1/11 MB | 1.4/2.2 MB | 41/206 kB
Progress (3): 2.1/11 MB | 1.4/2.2 MB | 41/206 kB
Progress (3): 2.1/11 MB | 1.4/2.2 MB | 41/206 kB
Progress (3): 2.1/11 MB | 1.4/2.2 MB | 41/206 kB
Progress (3): 2.1/11 MB | 1.4/2.2 MB | 45/206 kB
Progress (3): 2.1/11 MB | 1.4/2.2 MB | 45/206 kB
Progress (3): 2.1/11 MB | 1.4/2.2 MB | 45/206 kB
Progress (3): 2.1/11 MB | 1.4/2.2 MB | 49/206 kB
Progress (3): 2.1/11 MB | 1.4/2.2 MB | 49/206 kB
Progress (3): 2.1/11 MB | 1.4/2.2 MB | 49/206 kB
Progress (3): 2.1/11 MB | 1.4/2.2 MB | 54/206 kB
Progress (3): 2.1/11 MB | 1.4/2.2 MB | 54/206 kB
Progress (3): 2.1/11 MB | 1.4/2.2 MB | 54/206 kB
Progress (3): 2.2/11 MB | 1.4/2.2 MB | 54/206 kB
Progress (3): 2.2/11 MB | 1.4/2.2 MB | 58/206 kB
Progress (3): 2.2/11 MB | 1.4/2.2 MB | 58/206 kB
Progress (3): 2.2/11 MB | 1.4/2.2 MB | 58/206 kB
Progress (3): 2.2/11 MB | 1.4/2.2 MB | 58/206 kB
Progress (3): 2.2/11 MB | 1.4/2.2 MB | 62/206 kB
Progress (3): 2.2/11 MB | 1.4/2.2 MB | 62/206 kB
Progress (3): 2.2/11 MB | 1.5/2.2 MB | 62/206 kB
Progress (3): 2.2/11 MB | 1.5/2.2 MB | 62/206 kB
Progress (3): 2.2/11 MB | 1.5/2.2 MB | 62/206 kB
Progress (3): 2.2/11 MB | 1.5/2.2 MB | 66/206 kB
Progress (3): 2.2/11 MB | 1.5/2.2 MB | 66/206 kB
Progress (3): 2.2/11 MB | 1.5/2.2 MB | 66/206 kB
Progress (3): 2.2/11 MB | 1.5/2.2 MB | 71/206 kB
Progress (3): 2.3/11 MB | 1.5/2.2 MB | 71/206 kB
Progress (3): 2.3/11 MB | 1.5/2.2 MB | 71/206 kB
Progress (3): 2.3/11 MB | 1.5/2.2 MB | 71/206 kB
Progress (3): 2.3/11 MB | 1.5/2.2 MB | 71/206 kB
Progress (3): 2.3/11 MB | 1.5/2.2 MB | 75/206 kB
Progress (3): 2.3/11 MB | 1.5/2.2 MB | 75/206 kB
Progress (3): 2.3/11 MB | 1.5/2.2 MB | 75/206 kB
Progress (3): 2.3/11 MB | 1.5/2.2 MB | 75/206 kB
Progress (3): 2.3/11 MB | 1.5/2.2 MB | 79/206 kB
Progress (3): 2.3/11 MB | 1.5/2.2 MB | 79/206 kB
Progress (3): 2.3/11 MB | 1.5/2.2 MB | 79/206 kB
Progress (3): 2.3/11 MB | 1.5/2.2 MB | 79/206 kB
Progress (3): 2.3/11 MB | 1.5/2.2 MB | 79/206 kB
Progress (3): 2.4/11 MB | 1.5/2.2 MB | 79/206 kB
Progress (3): 2.4/11 MB | 1.5/2.2 MB | 79/206 kB
Progress (3): 2.4/11 MB | 1.6/2.2 MB | 79/206 kB
Progress (3): 2.4/11 MB | 1.6/2.2 MB | 79/206 kB
Progress (3): 2.4/11 MB | 1.6/2.2 MB | 79/206 kB
Progress (3): 2.4/11 MB | 1.6/2.2 MB | 79/206 kB
Progress (3): 2.4/11 MB | 1.6/2.2 MB | 79/206 kB
Progress (3): 2.4/11 MB | 1.6/2.2 MB | 79/206 kB
Progress (3): 2.4/11 MB | 1.6/2.2 MB | 79/206 kB
Progress (3): 2.5/11 MB | 1.6/2.2 MB | 79/206 kB
Progress (3): 2.5/11 MB | 1.6/2.2 MB | 79/206 kB
Progress (3): 2.5/11 MB | 1.6/2.2 MB | 79/206 kB
Progress (3): 2.5/11 MB | 1.6/2.2 MB | 79/206 kB
Progress (3): 2.5/11 MB | 1.6/2.2 MB | 79/206 kB
Progress (3): 2.5/11 MB | 1.6/2.2 MB | 79/206 kB
Progress (3): 2.5/11 MB | 1.6/2.2 MB | 79/206 kB
Progress (3): 2.5/11 MB | 1.6/2.2 MB | 79/206 kB
Progress (3): 2.5/11 MB | 1.6/2.2 MB | 79/206 kB
Progress (3): 2.5/11 MB | 1.6/2.2 MB | 79/206 kB
Progress (3): 2.6/11 MB | 1.6/2.2 MB | 79/206 kB
Progress (3): 2.6/11 MB | 1.6/2.2 MB | 79/206 kB
Progress (3): 2.6/11 MB | 1.7/2.2 MB | 79/206 kB
Progress (3): 2.6/11 MB | 1.7/2.2 MB | 79/206 kB
Progress (3): 2.6/11 MB | 1.7/2.2 MB | 79/206 kB
Progress (3): 2.6/11 MB | 1.7/2.2 MB | 79/206 kB
Progress (3): 2.6/11 MB | 1.7/2.2 MB | 79/206 kB
Progress (3): 2.6/11 MB | 1.7/2.2 MB | 79/206 kB
Progress (3): 2.6/11 MB | 1.7/2.2 MB | 79/206 kB
Progress (3): 2.7/11 MB | 1.7/2.2 MB | 79/206 kB
Progress (3): 2.7/11 MB | 1.7/2.2 MB | 79/206 kB
Progress (3): 2.7/11 MB | 1.7/2.2 MB | 79/206 kB
Progress (3): 2.7/11 MB | 1.7/2.2 MB | 79/206 kB
Progress (3): 2.7/11 MB | 1.7/2.2 MB | 79/206 kB
Progress (3): 2.7/11 MB | 1.7/2.2 MB | 79/206 kB
Progress (3): 2.7/11 MB | 1.7/2.2 MB | 79/206 kB
Progress (3): 2.7/11 MB | 1.7/2.2 MB | 79/206 kB
Progress (3): 2.7/11 MB | 1.7/2.2 MB | 79/206 kB
Progress (3): 2.7/11 MB | 1.8/2.2 MB | 79/206 kB
Progress (3): 2.8/11 MB | 1.8/2.2 MB | 79/206 kB
Progress (3): 2.8/11 MB | 1.8/2.2 MB | 79/206 kB
Progress (3): 2.8/11 MB | 1.8/2.2 MB | 79/206 kB
Progress (3): 2.8/11 MB | 1.8/2.2 MB | 79/206 kB
Progress (3): 2.8/11 MB | 1.8/2.2 MB | 79/206 kB
Progress (3): 2.8/11 MB | 1.8/2.2 MB | 79/206 kB
Progress (3): 2.8/11 MB | 1.8/2.2 MB | 79/206 kB
Progress (3): 2.8/11 MB | 1.8/2.2 MB | 79/206 kB
Progress (3): 2.8/11 MB | 1.8/2.2 MB | 79/206 kB
Progress (3): 2.8/11 MB | 1.8/2.2 MB | 79/206 kB
Progress (3): 2.9/11 MB | 1.8/2.2 MB | 79/206 kB
Progress (3): 2.9/11 MB | 1.8/2.2 MB | 79/206 kB
Progress (3): 2.9/11 MB | 1.8/2.2 MB | 79/206 kB
Progress (3): 2.9/11 MB | 1.8/2.2 MB | 79/206 kB
Progress (3): 2.9/11 MB | 1.8/2.2 MB | 79/206 kB
Progress (3): 2.9/11 MB | 1.9/2.2 MB | 79/206 kB
Progress (3): 2.9/11 MB | 1.9/2.2 MB | 79/206 kB
Progress (3): 2.9/11 MB | 1.9/2.2 MB | 79/206 kB
Progress (3): 2.9/11 MB | 1.9/2.2 MB | 79/206 kB
Progress (3): 3.0/11 MB | 1.9/2.2 MB | 79/206 kB
Progress (3): 3.0/11 MB | 1.9/2.2 MB | 79/206 kB
Progress (3): 3.0/11 MB | 1.9/2.2 MB | 79/206 kB
Progress (3): 3.0/11 MB | 1.9/2.2 MB | 79/206 kB
Progress (3): 3.0/11 MB | 1.9/2.2 MB | 79/206 kB
Progress (3): 3.0/11 MB | 1.9/2.2 MB | 79/206 kB
Progress (3): 3.0/11 MB | 1.9/2.2 MB | 79/206 kB
Progress (3): 3.0/11 MB | 1.9/2.2 MB | 79/206 kB
Progress (3): 3.0/11 MB | 1.9/2.2 MB | 79/206 kB
Progress (3): 3.1/11 MB | 1.9/2.2 MB | 79/206 kB
Progress (3): 3.1/11 MB | 1.9/2.2 MB | 79/206 kB
Progress (3): 3.1/11 MB | 1.9/2.2 MB | 79/206 kB
Progress (3): 3.1/11 MB | 2.0/2.2 MB | 79/206 kB
Progress (3): 3.1/11 MB | 2.0/2.2 MB | 79/206 kB
Progress (3): 3.1/11 MB | 2.0/2.2 MB | 79/206 kB
Progress (3): 3.1/11 MB | 2.0/2.2 MB | 79/206 kB
Progress (3): 3.1/11 MB | 2.0/2.2 MB | 79/206 kB
Progress (3): 3.1/11 MB | 2.0/2.2 MB | 79/206 kB
Progress (3): 3.1/11 MB | 2.0/2.2 MB | 79/206 kB
Progress (3): 3.1/11 MB | 2.0/2.2 MB | 79/206 kB
Progress (3): 3.1/11 MB | 2.0/2.2 MB | 79/206 kB
Progress (3): 3.2/11 MB | 2.0/2.2 MB | 79/206 kB
Progress (3): 3.2/11 MB | 2.0/2.2 MB | 79/206 kB
Progress (3): 3.2/11 MB | 2.0/2.2 MB | 79/206 kB
Progress (3): 3.2/11 MB | 2.0/2.2 MB | 79/206 kB
Progress (3): 3.2/11 MB | 2.0/2.2 MB | 79/206 kB
Progress (3): 3.2/11 MB | 2.0/2.2 MB | 79/206 kB
Progress (3): 3.2/11 MB | 2.0/2.2 MB | 79/206 kB
Progress (3): 3.2/11 MB | 2.1/2.2 MB | 79/206 kB
Progress (3): 3.2/11 MB | 2.1/2.2 MB | 79/206 kB
Progress (3): 3.2/11 MB | 2.1/2.2 MB | 79/206 kB
Progress (3): 3.3/11 MB | 2.1/2.2 MB | 79/206 kB
Progress (3): 3.3/11 MB | 2.1/2.2 MB | 79/206 kB
Progress (3): 3.3/11 MB | 2.1/2.2 MB | 79/206 kB
Progress (3): 3.3/11 MB | 2.1/2.2 MB | 79/206 kB
Progress (3): 3.3/11 MB | 2.1/2.2 MB | 79/206 kB
Progress (3): 3.3/11 MB | 2.1/2.2 MB | 79/206 kB
Progress (3): 3.3/11 MB | 2.1/2.2 MB | 79/206 kB
Progress (3): 3.3/11 MB | 2.1/2.2 MB | 79/206 kB
Progress (3): 3.3/11 MB | 2.1/2.2 MB | 79/206 kB
Progress (3): 3.3/11 MB | 2.1/2.2 MB | 79/206 kB
Progress (3): 3.4/11 MB | 2.1/2.2 MB | 79/206 kB
Progress (3): 3.4/11 MB | 2.1/2.2 MB | 79/206 kB
Progress (3): 3.4/11 MB | 2.1/2.2 MB | 79/206 kB
Progress (3): 3.4/11 MB | 2.1/2.2 MB | 79/206 kB
Progress (3): 3.4/11 MB | 2.2/2.2 MB | 79/206 kB
Progress (3): 3.4/11 MB | 2.2/2.2 MB | 79/206 kB
Progress (3): 3.4/11 MB | 2.2/2.2 MB | 79/206 kB
Progress (3): 3.4/11 MB | 2.2/2.2 MB | 79/206 kB
Progress (3): 3.4/11 MB | 2.2 MB | 79/206 kB    
Progress (3): 3.4/11 MB | 2.2 MB | 79/206 kB
Progress (3): 3.5/11 MB | 2.2 MB | 79/206 kB
                                            
Downloaded from oss.sonatype.org: https://oss.sonatype.org/content/groups/public/com/google/guava/guava/15.0/guava-15.0.jar (2.2 MB at 909 kB/s)
Downloading from oss.sonatype.org: https://oss.sonatype.org/content/groups/public/org/springframework/spring-core/3.2.5.RELEASE/spring-core-3.2.5.RELEASE.jar
Progress (2): 3.5/11 MB | 79/206 kB
Progress (2): 3.5/11 MB | 79/206 kB
Progress (2): 3.5/11 MB | 79/206 kB
Progress (2): 3.5/11 MB | 79/206 kB
Progress (2): 3.5/11 MB | 79/206 kB
Progress (2): 3.6/11 MB | 79/206 kB
Progress (2): 3.6/11 MB | 79/206 kB
Progress (2): 3.6/11 MB | 79/206 kB
Progress (2): 3.6/11 MB | 83/206 kB
Progress (2): 3.6/11 MB | 83/206 kB
Progress (2): 3.6/11 MB | 83/206 kB
Progress (2): 3.6/11 MB | 83/206 kB
Progress (2): 3.7/11 MB | 83/206 kB
Progress (2): 3.7/11 MB | 88/206 kB
Progress (2): 3.7/11 MB | 88/206 kB
Progress (2): 3.7/11 MB | 88/206 kB
Progress (2): 3.7/11 MB | 92/206 kB
Progress (2): 3.7/11 MB | 92/206 kB
Progress (2): 3.7/11 MB | 92/206 kB
Progress (2): 3.7/11 MB | 92/206 kB
Progress (2): 3.8/11 MB | 92/206 kB
Progress (2): 3.8/11 MB | 96/206 kB
Progress (2): 3.8/11 MB | 96/206 kB
Progress (2): 3.8/11 MB | 96/206 kB
Progress (2): 3.8/11 MB | 96/206 kB
Progress (2): 3.8/11 MB | 100/206 kB
Progress (2): 3.8/11 MB | 100/206 kB
Progress (2): 3.8/11 MB | 100/206 kB
Progress (2): 3.9/11 MB | 100/206 kB
Progress (2): 3.9/11 MB | 100/206 kB
Progress (2): 3.9/11 MB | 104/206 kB
Progress (2): 3.9/11 MB | 104/206 kB
Progress (2): 3.9/11 MB | 104/206 kB
Progress (2): 3.9/11 MB | 104/206 kB
Progress (2): 3.9/11 MB | 109/206 kB
Progress (2): 3.9/11 MB | 109/206 kB
Progress (2): 4.0/11 MB | 109/206 kB
Progress (2): 4.0/11 MB | 109/206 kB
Progress (2): 4.0/11 MB | 109/206 kB
Progress (2): 4.0/11 MB | 113/206 kB
Progress (2): 4.0/11 MB | 113/206 kB
Progress (2): 4.0/11 MB | 117/206 kB
Progress (2): 4.0/11 MB | 117/206 kB
Progress (2): 4.0/11 MB | 117/206 kB
Progress (2): 4.1/11 MB | 117/206 kB
Progress (2): 4.1/11 MB | 117/206 kB
Progress (2): 4.1/11 MB | 117/206 kB
Progress (2): 4.1/11 MB | 121/206 kB
Progress (2): 4.1/11 MB | 121/206 kB
Progress (2): 4.1/11 MB | 121/206 kB
Progress (2): 4.1/11 MB | 121/206 kB
Progress (2): 4.1/11 MB | 126/206 kB
Progress (2): 4.1/11 MB | 126/206 kB
Progress (2): 4.2/11 MB | 126/206 kB
Progress (2): 4.2/11 MB | 126/206 kB
Progress (2): 4.2/11 MB | 126/206 kB
Progress (2): 4.2/11 MB | 126/206 kB
Progress (2): 4.2/11 MB | 130/206 kB
Progress (2): 4.2/11 MB | 130/206 kB
Progress (2): 4.2/11 MB | 130/206 kB
Progress (2): 4.3/11 MB | 130/206 kB
Progress (2): 4.3/11 MB | 134/206 kB
Progress (2): 4.3/11 MB | 134/206 kB
Progress (2): 4.3/11 MB | 134/206 kB
Progress (2): 4.3/11 MB | 138/206 kB
Progress (2): 4.3/11 MB | 138/206 kB
Progress (2): 4.3/11 MB | 138/206 kB
Progress (2): 4.3/11 MB | 138/206 kB
Progress (2): 4.4/11 MB | 138/206 kB
Progress (2): 4.4/11 MB | 138/206 kB
Progress (2): 4.4/11 MB | 143/206 kB
Progress (2): 4.4/11 MB | 143/206 kB
Progress (2): 4.4/11 MB | 143/206 kB
Progress (2): 4.4/11 MB | 143/206 kB
Progress (2): 4.4/11 MB | 147/206 kB
Progress (2): 4.4/11 MB | 147/206 kB
Progress (2): 4.5/11 MB | 147/206 kB
Progress (2): 4.5/11 MB | 147/206 kB
Progress (2): 4.5/11 MB | 147/206 kB
Progress (2): 4.5/11 MB | 147/206 kB
Progress (2): 4.5/11 MB | 151/206 kB
Progress (2): 4.5/11 MB | 151/206 kB
Progress (2): 4.5/11 MB | 151/206 kB
Progress (2): 4.6/11 MB | 151/206 kB
Progress (2): 4.6/11 MB | 155/206 kB
Progress (2): 4.6/11 MB | 155/206 kB
Progress (2): 4.6/11 MB | 155/206 kB
Progress (2): 4.6/11 MB | 155/206 kB
Progress (2): 4.6/11 MB | 155/206 kB
Progress (2): 4.6/11 MB | 155/206 kB
Progress (2): 4.7/11 MB | 155/206 kB
Progress (2): 4.7/11 MB | 159/206 kB
Progress (2): 4.7/11 MB | 159/206 kB
Progress (2): 4.7/11 MB | 159/206 kB
Progress (2): 4.7/11 MB | 164/206 kB
Progress (2): 4.7/11 MB | 164/206 kB
Progress (2): 4.7/11 MB | 164/206 kB
Progress (2): 4.7/11 MB | 164/206 kB
Progress (2): 4.8/11 MB | 164/206 kB
Progress (2): 4.8/11 MB | 164/206 kB
Progress (2): 4.8/11 MB | 164/206 kB
Progress (2): 4.8/11 MB | 168/206 kB
Progress (2): 4.8/11 MB | 168/206 kB
Progress (2): 4.8/11 MB | 168/206 kB
Progress (2): 4.8/11 MB | 168/206 kB
Progress (2): 4.8/11 MB | 172/206 kB
Progress (2): 4.9/11 MB | 172/206 kB
Progress (2): 4.9/11 MB | 172/206 kB
Progress (2): 4.9/11 MB | 172/206 kB
Progress (2): 4.9/11 MB | 172/206 kB
Progress (2): 4.9/11 MB | 172/206 kB
Progress (2): 4.9/11 MB | 172/206 kB
Progress (2): 4.9/11 MB | 176/206 kB
Progress (2): 4.9/11 MB | 176/206 kB
Progress (2): 5.0/11 MB | 176/206 kB
Progress (2): 5.0/11 MB | 176/206 kB
Progress (2): 5.0/11 MB | 181/206 kB
Progress (2): 5.0/11 MB | 181/206 kB
Progress (2): 5.0/11 MB | 181/206 kB
Progress (2): 5.0/11 MB | 181/206 kB
Progress (2): 5.0/11 MB | 181/206 kB
Progress (2): 5.1/11 MB | 181/206 kB
Progress (2): 5.1/11 MB | 181/206 kB
Progress (2): 5.1/11 MB | 185/206 kB
Progress (2): 5.1/11 MB | 185/206 kB
Progress (2): 5.1/11 MB | 185/206 kB
Progress (2): 5.1/11 MB | 185/206 kB
Progress (2): 5.1/11 MB | 189/206 kB
Progress (2): 5.1/11 MB | 189/206 kB
Progress (2): 5.2/11 MB | 189/206 kB
Progress (2): 5.2/11 MB | 189/206 kB
Progress (2): 5.2/11 MB | 189/206 kB
Progress (2): 5.2/11 MB | 189/206 kB
Progress (2): 5.2/11 MB | 189/206 kB
Progress (2): 5.2/11 MB | 189/206 kB
Progress (2): 5.3/11 MB | 189/206 kB
Progress (2): 5.3/11 MB | 189/206 kB
Progress (2): 5.3/11 MB | 189/206 kB
Progress (2): 5.3/11 MB | 189/206 kB
Progress (2): 5.3/11 MB | 189/206 kB
Progress (2): 5.3/11 MB | 189/206 kB
Progress (2): 5.4/11 MB | 189/206 kB
Progress (2): 5.4/11 MB | 189/206 kB
Progress (2): 5.4/11 MB | 189/206 kB
Progress (2): 5.4/11 MB | 189/206 kB
Progress (2): 5.4/11 MB | 189/206 kB
Progress (2): 5.4/11 MB | 189/206 kB
Progress (2): 5.5/11 MB | 189/206 kB
Progress (2): 5.5/11 MB | 205/206 kB
Progress (2): 5.5/11 MB | 206 kB    
                                
Downloaded from oss.sonatype.org: https://oss.sonatype.org/content/groups/public/com/fasterxml/jackson/core/jackson-core/2.1.1/jackson-core-2.1.1.jar (206 kB at 83 kB/s)
Progress (1): 5.5/11 MB
                       
Downloading from oss.sonatype.org: https://oss.sonatype.org/content/groups/public/org/apache/maven/wagon/wagon-provider-api/2.2/wagon-provider-api-2.2.jar
Progress (1): 5.5/11 MB
Progress (1): 5.5/11 MB
Progress (1): 5.5/11 MB
Progress (1): 5.5/11 MB
Progress (1): 5.6/11 MB
Progress (1): 5.6/11 MB
Progress (1): 5.6/11 MB
Progress (1): 5.6/11 MB
Progress (1): 5.6/11 MB
Progress (1): 5.6/11 MB
Progress (1): 5.7/11 MB
Progress (1): 5.7/11 MB
Progress (1): 5.7/11 MB
Progress (1): 5.7/11 MB
Progress (1): 5.7/11 MB
Progress (1): 5.7/11 MB
Progress (1): 5.7/11 MB
Progress (1): 5.8/11 MB
Progress (1): 5.8/11 MB
Progress (1): 5.8/11 MB
Progress (1): 5.8/11 MB
Progress (1): 5.8/11 MB
Progress (1): 5.8/11 MB
Progress (1): 5.9/11 MB
Progress (1): 5.9/11 MB
Progress (1): 5.9/11 MB
Progress (1): 5.9/11 MB
Progress (1): 5.9/11 MB
Progress (1): 5.9/11 MB
Progress (1): 6.0/11 MB
Progress (1): 6.0/11 MB
Progress (1): 6.0/11 MB
Progress (1): 6.0/11 MB
Progress (1): 6.0/11 MB
Progress (1): 6.0/11 MB
Progress (1): 6.1/11 MB
Progress (1): 6.1/11 MB
Progress (1): 6.1/11 MB
Progress (1): 6.1/11 MB
Progress (1): 6.1/11 MB
Progress (1): 6.1/11 MB
Progress (1): 6.1/11 MB
Progress (1): 6.2/11 MB
Progress (1): 6.2/11 MB
Progress (1): 6.2/11 MB
Progress (1): 6.2/11 MB
Progress (1): 6.2/11 MB
Progress (1): 6.2/11 MB
Progress (1): 6.3/11 MB
Progress (1): 6.3/11 MB
Progress (1): 6.3/11 MB
Progress (1): 6.3/11 MB
Progress (1): 6.3/11 MB
Progress (1): 6.3/11 MB
Progress (1): 6.4/11 MB
Progress (1): 6.4/11 MB
Progress (1): 6.4/11 MB
Progress (1): 6.4/11 MB
Progress (1): 6.4/11 MB
Progress (1): 6.4/11 MB
Progress (1): 6.5/11 MB
Progress (1): 6.5/11 MB
Progress (1): 6.5/11 MB
Progress (1): 6.5/11 MB
Progress (1): 6.5/11 MB
Progress (1): 6.5/11 MB
Progress (1): 6.5/11 MB
Progress (1): 6.6/11 MB
Progress (1): 6.6/11 MB
Progress (1): 6.6/11 MB
Progress (1): 6.6/11 MB
Progress (1): 6.6/11 MB
Progress (1): 6.6/11 MB
Progress (1): 6.7/11 MB
Progress (1): 6.7/11 MB
Progress (1): 6.7/11 MB
Progress (1): 6.7/11 MB
Progress (1): 6.7/11 MB
Progress (1): 6.7/11 MB
Progress (1): 6.8/11 MB
Progress (1): 6.8/11 MB
Progress (1): 6.8/11 MB
Progress (1): 6.8/11 MB
Progress (1): 6.8/11 MB
Progress (1): 6.8/11 MB
Progress (1): 6.9/11 MB
Progress (1): 6.9/11 MB
Progress (1): 6.9/11 MB
Progress (1): 6.9/11 MB
Progress (1): 6.9/11 MB
Progress (1): 6.9/11 MB
Progress (1): 7.0/11 MB
Progress (1): 7.0/11 MB
Progress (1): 7.0/11 MB
Progress (1): 7.0/11 MB
Progress (1): 7.0/11 MB
Progress (1): 7.0/11 MB
Progress (1): 7.1/11 MB
Progress (1): 7.1/11 MB
Progress (1): 7.1/11 MB
Progress (1): 7.1/11 MB
Progress (1): 7.1/11 MB
Progress (1): 7.1/11 MB
Progress (1): 7.2/11 MB
Progress (1): 7.2/11 MB
Progress (1): 7.2/11 MB
Progress (1): 7.2/11 MB
Progress (1): 7.2/11 MB
Progress (1): 7.2/11 MB
Progress (1): 7.2/11 MB
Progress (1): 7.3/11 MB
Progress (1): 7.3/11 MB
Progress (1): 7.3/11 MB
Progress (1): 7.3/11 MB
Progress (1): 7.3/11 MB
Progress (1): 7.3/11 MB
Progress (1): 7.4/11 MB
Progress (1): 7.4/11 MB
Progress (1): 7.4/11 MB
Progress (1): 7.4/11 MB
Progress (1): 7.4/11 MB
Progress (1): 7.4/11 MB
Progress (1): 7.5/11 MB
Progress (1): 7.5/11 MB
Progress (1): 7.5/11 MB
Progress (1): 7.5/11 MB
Progress (1): 7.5/11 MB
Progress (1): 7.5/11 MB
Progress (1): 7.6/11 MB
Progress (1): 7.6/11 MB
Progress (1): 7.6/11 MB
Progress (1): 7.6/11 MB
Progress (1): 7.6/11 MB
Progress (1): 7.6/11 MB
Progress (1): 7.7/11 MB
Progress (1): 7.7/11 MB
Progress (1): 7.7/11 MB
Progress (1): 7.7/11 MB
Progress (1): 7.7/11 MB
Progress (1): 7.7/11 MB
Progress (1): 7.8/11 MB
Progress (1): 7.8/11 MB
Progress (1): 7.8/11 MB
Progress (1): 7.8/11 MB
Progress (1): 7.8/11 MB
Progress (1): 7.8/11 MB
Progress (1): 7.8/11 MB
Progress (1): 7.9/11 MB
Progress (1): 7.9/11 MB
Progress (1): 7.9/11 MB
Progress (1): 7.9/11 MB
Progress (1): 7.9/11 MB
Progress (1): 7.9/11 MB
Progress (1): 8.0/11 MB
Progress (2): 8.0/11 MB | 4.1/923 kB
Progress (2): 8.0/11 MB | 4.1/923 kB
Progress (2): 8.0/11 MB | 4.1/923 kB
Progress (2): 8.0/11 MB | 4.1/923 kB
Progress (2): 8.0/11 MB | 12/923 kB 
Progress (2): 8.0/11 MB | 12/923 kB
Progress (2): 8.0/11 MB | 12/923 kB
Progress (2): 8.1/11 MB | 12/923 kB
Progress (2): 8.1/11 MB | 12/923 kB
Progress (2): 8.1/11 MB | 12/923 kB
Progress (2): 8.1/11 MB | 12/923 kB
Progress (2): 8.1/11 MB | 12/923 kB
Progress (2): 8.1/11 MB | 12/923 kB
Progress (2): 8.2/11 MB | 12/923 kB
Progress (2): 8.2/11 MB | 29/923 kB
Progress (2): 8.2/11 MB | 29/923 kB
Progress (2): 8.2/11 MB | 29/923 kB
Progress (2): 8.2/11 MB | 29/923 kB
Progress (2): 8.2/11 MB | 29/923 kB
Progress (2): 8.2/11 MB | 29/923 kB
Progress (2): 8.3/11 MB | 29/923 kB
Progress (2): 8.3/11 MB | 29/923 kB
Progress (2): 8.3/11 MB | 29/923 kB
Progress (2): 8.3/11 MB | 29/923 kB
Progress (2): 8.3/11 MB | 29/923 kB
Progress (2): 8.3/11 MB | 29/923 kB
Progress (2): 8.3/11 MB | 45/923 kB
Progress (2): 8.4/11 MB | 45/923 kB
Progress (2): 8.4/11 MB | 45/923 kB
Progress (2): 8.4/11 MB | 45/923 kB
Progress (2): 8.4/11 MB | 45/923 kB
Progress (2): 8.4/11 MB | 45/923 kB
Progress (2): 8.4/11 MB | 45/923 kB
Progress (2): 8.4/11 MB | 45/923 kB
Progress (2): 8.5/11 MB | 45/923 kB
Progress (2): 8.5/11 MB | 61/923 kB
Progress (2): 8.5/11 MB | 61/923 kB
Progress (2): 8.5/11 MB | 61/923 kB
Progress (2): 8.5/11 MB | 61/923 kB
Progress (2): 8.5/11 MB | 66/923 kB
Progress (2): 8.5/11 MB | 66/923 kB
Progress (2): 8.5/11 MB | 66/923 kB
Progress (2): 8.6/11 MB | 66/923 kB
Progress (2): 8.6/11 MB | 66/923 kB
Progress (2): 8.6/11 MB | 66/923 kB
Progress (2): 8.6/11 MB | 66/923 kB
Progress (2): 8.6/11 MB | 66/923 kB
Progress (2): 8.6/11 MB | 66/923 kB
Progress (2): 8.7/11 MB | 66/923 kB
Progress (2): 8.7/11 MB | 66/923 kB
Progress (2): 8.7/11 MB | 82/923 kB
Progress (2): 8.7/11 MB | 82/923 kB
Progress (2): 8.7/11 MB | 82/923 kB
Progress (2): 8.7/11 MB | 82/923 kB
Progress (2): 8.7/11 MB | 82/923 kB
Progress (2): 8.8/11 MB | 82/923 kB
Progress (2): 8.8/11 MB | 82/923 kB
Progress (2): 8.8/11 MB | 82/923 kB
Progress (2): 8.8/11 MB | 82/923 kB
Progress (2): 8.8/11 MB | 82/923 kB
Progress (2): 8.8/11 MB | 82/923 kB
Progress (2): 8.9/11 MB | 82/923 kB
Progress (2): 8.9/11 MB | 82/923 kB
Progress (2): 8.9/11 MB | 82/923 kB
Progress (2): 8.9/11 MB | 98/923 kB
Progress (2): 8.9/11 MB | 98/923 kB
Progress (2): 8.9/11 MB | 98/923 kB
Progress (2): 8.9/11 MB | 98/923 kB
Progress (2): 9.0/11 MB | 98/923 kB
Progress (2): 9.0/11 MB | 98/923 kB
Progress (2): 9.0/11 MB | 98/923 kB
Progress (2): 9.0/11 MB | 98/923 kB
Progress (2): 9.0/11 MB | 98/923 kB
Progress (2): 9.0/11 MB | 98/923 kB
Progress (2): 9.1/11 MB | 98/923 kB
Progress (2): 9.1/11 MB | 98/923 kB
Progress (2): 9.1/11 MB | 98/923 kB
Progress (2): 9.1/11 MB | 115/923 kB
Progress (2): 9.1/11 MB | 115/923 kB
Progress (2): 9.1/11 MB | 115/923 kB
Progress (2): 9.1/11 MB | 115/923 kB
Progress (2): 9.2/11 MB | 115/923 kB
Progress (2): 9.2/11 MB | 115/923 kB
Progress (2): 9.2/11 MB | 115/923 kB
Progress (2): 9.2/11 MB | 115/923 kB
Progress (2): 9.2/11 MB | 115/923 kB
Progress (2): 9.2/11 MB | 115/923 kB
Progress (2): 9.3/11 MB | 115/923 kB
Progress (2): 9.3/11 MB | 131/923 kB
Progress (2): 9.3/11 MB | 131/923 kB
Progress (2): 9.3/11 MB | 131/923 kB
Progress (2): 9.3/11 MB | 131/923 kB
Progress (2): 9.3/11 MB | 131/923 kB
Progress (2): 9.3/11 MB | 131/923 kB
Progress (2): 9.4/11 MB | 131/923 kB
Progress (2): 9.4/11 MB | 131/923 kB
Progress (2): 9.4/11 MB | 131/923 kB
Progress (2): 9.4/11 MB | 131/923 kB
Progress (2): 9.4/11 MB | 131/923 kB
Progress (2): 9.4/11 MB | 131/923 kB
Progress (2): 9.4/11 MB | 131/923 kB
Progress (2): 9.5/11 MB | 131/923 kB
Progress (2): 9.5/11 MB | 131/923 kB
Progress (2): 9.5/11 MB | 147/923 kB
Progress (2): 9.5/11 MB | 147/923 kB
Progress (2): 9.5/11 MB | 147/923 kB
Progress (2): 9.5/11 MB | 147/923 kB
Progress (2): 9.5/11 MB | 147/923 kB
Progress (2): 9.6/11 MB | 147/923 kB
Progress (2): 9.6/11 MB | 147/923 kB
Progress (2): 9.6/11 MB | 147/923 kB
Progress (2): 9.6/11 MB | 147/923 kB
Progress (2): 9.6/11 MB | 147/923 kB
Progress (2): 9.6/11 MB | 147/923 kB
Progress (2): 9.7/11 MB | 147/923 kB
Progress (2): 9.7/11 MB | 147/923 kB
Progress (2): 9.7/11 MB | 147/923 kB
Progress (2): 9.7/11 MB | 164/923 kB
Progress (2): 9.7/11 MB | 164/923 kB
Progress (2): 9.7/11 MB | 164/923 kB
Progress (2): 9.7/11 MB | 164/923 kB
Progress (2): 9.8/11 MB | 164/923 kB
Progress (2): 9.8/11 MB | 164/923 kB
Progress (2): 9.8/11 MB | 164/923 kB
Progress (2): 9.8/11 MB | 164/923 kB
Progress (2): 9.8/11 MB | 164/923 kB
Progress (2): 9.8/11 MB | 164/923 kB
Progress (2): 9.9/11 MB | 164/923 kB
Progress (2): 9.9/11 MB | 164/923 kB
Progress (2): 9.9/11 MB | 180/923 kB
Progress (2): 9.9/11 MB | 180/923 kB
Progress (2): 9.9/11 MB | 180/923 kB
Progress (2): 9.9/11 MB | 180/923 kB
Progress (2): 9.9/11 MB | 180/923 kB
Progress (2): 10.0/11 MB | 180/923 kB
Progress (2): 10.0/11 MB | 180/923 kB
Progress (2): 10.0/11 MB | 180/923 kB
Progress (2): 10/11 MB | 180/923 kB  
Progress (2): 10/11 MB | 180/923 kB
Progress (2): 10/11 MB | 180/923 kB
Progress (2): 10/11 MB | 180/923 kB
Progress (2): 10/11 MB | 180/923 kB
Progress (2): 10/11 MB | 180/923 kB
Progress (2): 10/11 MB | 180/923 kB
Progress (2): 10/11 MB | 197/923 kB
Progress (2): 10/11 MB | 197/923 kB
Progress (2): 10/11 MB | 197/923 kB
Progress (2): 10/11 MB | 197/923 kB
Progress (2): 10/11 MB | 197/923 kB
Progress (2): 10/11 MB | 197/923 kB
Progress (2): 10/11 MB | 197/923 kB
Progress (2): 10/11 MB | 197/923 kB
Progress (2): 10/11 MB | 197/923 kB
Progress (2): 10/11 MB | 197/923 kB
Progress (2): 10/11 MB | 197/923 kB
Progress (2): 10/11 MB | 197/923 kB
Progress (2): 10/11 MB | 197/923 kB
Progress (2): 10/11 MB | 197/923 kB
Progress (2): 10/11 MB | 197/923 kB
Progress (2): 10/11 MB | 213/923 kB
Progress (2): 10/11 MB | 213/923 kB
Progress (2): 10/11 MB | 213/923 kB
Progress (3): 10/11 MB | 213/923 kB | 7.7/34 kB
Progress (3): 10/11 MB | 213/923 kB | 16/34 kB 
Progress (3): 10/11 MB | 213/923 kB | 16/34 kB
Progress (3): 10/11 MB | 213/923 kB | 16/34 kB
Progress (3): 10/11 MB | 213/923 kB | 16/34 kB
Progress (3): 10/11 MB | 213/923 kB | 16/34 kB
Progress (3): 10/11 MB | 213/923 kB | 16/34 kB
Progress (3): 10/11 MB | 213/923 kB | 16/34 kB
Progress (3): 10/11 MB | 213/923 kB | 16/34 kB
Progress (3): 10/11 MB | 213/923 kB | 32/34 kB
Progress (3): 10/11 MB | 213/923 kB | 34 kB   
Progress (3): 10/11 MB | 213/923 kB | 34 kB
Progress (3): 10/11 MB | 213/923 kB | 34 kB
                                           
Downloaded from oss.sonatype.org: https://oss.sonatype.org/content/groups/public/com/fasterxml/jackson/core/jackson-annotations/2.1.1/jackson-annotations-2.1.1.jar (34 kB at 13 kB/s)
Progress (2): 11/11 MB | 213/923 kB
                                   
Downloading from oss.sonatype.org: https://oss.sonatype.org/content/groups/public/org/codehaus/plexus/plexus-utils/3.0/plexus-utils-3.0.jar
Progress (2): 11/11 MB | 213/923 kB
Progress (2): 11/11 MB | 213/923 kB
Progress (2): 11/11 MB | 229/923 kB
Progress (2): 11/11 MB | 229/923 kB
Progress (2): 11/11 MB | 229/923 kB
Progress (2): 11/11 MB | 229/923 kB
Progress (2): 11/11 MB | 229/923 kB
Progress (2): 11/11 MB | 229/923 kB
Progress (2): 11/11 MB | 229/923 kB
Progress (2): 11/11 MB | 229/923 kB
Progress (2): 11/11 MB | 229/923 kB
Progress (2): 11/11 MB | 229/923 kB
Progress (2): 11/11 MB | 229/923 kB
Progress (2): 11/11 MB | 229/923 kB
Progress (2): 11/11 MB | 229/923 kB
Progress (2): 11/11 MB | 229/923 kB
Progress (2): 11/11 MB | 229/923 kB
Progress (2): 11/11 MB | 229/923 kB
Progress (2): 11/11 MB | 229/923 kB
Progress (2): 11/11 MB | 229/923 kB
Progress (2): 11/11 MB | 229/923 kB
Progress (2): 11/11 MB | 246/923 kB
Progress (2): 11/11 MB | 246/923 kB
Progress (2): 11/11 MB | 246/923 kB
Progress (2): 11/11 MB | 246/923 kB
Progress (2): 11/11 MB | 246/923 kB
Progress (2): 11/11 MB | 246/923 kB
Progress (2): 11/11 MB | 246/923 kB
Progress (2): 11/11 MB | 246/923 kB
Progress (2): 11/11 MB | 246/923 kB
Progress (2): 11 MB | 246/923 kB   
                                
Downloaded from oss.sonatype.org: https://oss.sonatype.org/content/groups/public/com/amazonaws/aws-java-sdk/1.6.4/aws-java-sdk-1.6.4.jar (11 MB at 4.0 MB/s)
Downloading from oss.sonatype.org: https://oss.sonatype.org/content/groups/public/commons-io/commons-io/2.4/commons-io-2.4.jar
Progress (1): 262/923 kB
Progress (1): 279/923 kB
Progress (1): 295/923 kB
Progress (1): 311/923 kB
Progress (1): 328/923 kB
Progress (1): 344/923 kB
Progress (1): 360/923 kB
Progress (1): 377/923 kB
Progress (1): 393/923 kB
Progress (1): 410/923 kB
Progress (1): 426/923 kB
Progress (1): 442/923 kB
Progress (1): 459/923 kB
Progress (1): 475/923 kB
Progress (1): 492/923 kB
Progress (1): 508/923 kB
Progress (1): 524/923 kB
Progress (1): 541/923 kB
Progress (1): 557/923 kB
Progress (1): 573/923 kB
Progress (1): 590/923 kB
Progress (1): 606/923 kB
Progress (1): 623/923 kB
Progress (1): 639/923 kB
Progress (1): 655/923 kB
Progress (1): 672/923 kB
Progress (1): 688/923 kB
Progress (1): 705/923 kB
Progress (1): 721/923 kB
Progress (1): 737/923 kB
Progress (1): 754/923 kB
Progress (1): 770/923 kB
Progress (1): 786/923 kB
Progress (1): 803/923 kB
Progress (1): 819/923 kB
Progress (1): 836/923 kB
Progress (1): 852/923 kB
Progress (1): 868/923 kB
Progress (1): 885/923 kB
Progress (1): 901/923 kB
Progress (1): 918/923 kB
Progress (1): 923 kB    
                    
Downloaded from oss.sonatype.org: https://oss.sonatype.org/content/groups/public/com/fasterxml/jackson/core/jackson-databind/2.1.1/jackson-databind-2.1.1.jar (923 kB at 308 kB/s)
Downloading from oss.sonatype.org: https://oss.sonatype.org/content/groups/public/org/kuali/common/kuali-threads/1.0.10/kuali-threads-1.0.10.jar
Progress (1): 7.7/871 kB
Progress (1): 16/871 kB 
Progress (1): 32/871 kB
Progress (1): 49/871 kB
Progress (1): 65/871 kB
Progress (1): 81/871 kB
Progress (1): 98/871 kB
Progress (1): 114/871 kB
Progress (1): 131/871 kB
Progress (1): 147/871 kB
Progress (2): 147/871 kB | 7.7/53 kB
Progress (2): 147/871 kB | 16/53 kB 
Progress (2): 163/871 kB | 16/53 kB
Progress (2): 163/871 kB | 28/53 kB
Progress (2): 163/871 kB | 44/53 kB
Progress (2): 163/871 kB | 53 kB   
                                
Downloaded from oss.sonatype.org: https://oss.sonatype.org/content/groups/public/org/apache/maven/wagon/wagon-provider-api/2.2/wagon-provider-api-2.2.jar (53 kB at 17 kB/s)
Downloading from oss.sonatype.org: https://oss.sonatype.org/content/groups/public/org/slf4j/slf4j-log4j12/1.7.5/slf4j-log4j12-1.7.5.jar
Progress (1): 180/871 kB
Progress (1): 196/871 kB
Progress (1): 212/871 kB
Progress (1): 229/871 kB
Progress (1): 245/871 kB
Progress (1): 262/871 kB
Progress (1): 278/871 kB
Progress (1): 294/871 kB
Progress (1): 311/871 kB
Progress (1): 327/871 kB
Progress (1): 344/871 kB
Progress (1): 360/871 kB
Progress (1): 376/871 kB
Progress (1): 393/871 kB
Progress (1): 409/871 kB
Progress (1): 425/871 kB
Progress (1): 442/871 kB
Progress (1): 454/871 kB
Progress (1): 470/871 kB
Progress (1): 486/871 kB
Progress (1): 503/871 kB
Progress (1): 519/871 kB
Progress (1): 536/871 kB
Progress (1): 552/871 kB
Progress (1): 568/871 kB
Progress (2): 568/871 kB | 7.7/226 kB
Progress (2): 568/871 kB | 16/226 kB 
Progress (2): 568/871 kB | 32/226 kB
Progress (2): 568/871 kB | 49/226 kB
Progress (2): 568/871 kB | 65/226 kB
Progress (2): 568/871 kB | 81/226 kB
Progress (2): 568/871 kB | 98/226 kB
Progress (2): 568/871 kB | 114/226 kB
Progress (2): 568/871 kB | 127/226 kB
Progress (2): 568/871 kB | 143/226 kB
Progress (2): 568/871 kB | 160/226 kB
Progress (2): 568/871 kB | 176/226 kB
Progress (2): 568/871 kB | 193/226 kB
Progress (2): 568/871 kB | 209/226 kB
Progress (2): 568/871 kB | 225/226 kB
Progress (2): 568/871 kB | 226 kB    
Progress (2): 585/871 kB | 226 kB
                                 
Downloaded from oss.sonatype.org: https://oss.sonatype.org/content/groups/public/org/codehaus/plexus/plexus-utils/3.0/plexus-utils-3.0.jar (226 kB at 68 kB/s)
Downloading from oss.sonatype.org: https://oss.sonatype.org/content/groups/public/log4j/log4j/1.2.17/log4j-1.2.17.jar
Progress (2): 585/871 kB | 8.2/185 kB
Progress (2): 585/871 kB | 25/185 kB 
Progress (2): 585/871 kB | 41/185 kB
Progress (2): 585/871 kB | 57/185 kB
Progress (2): 585/871 kB | 66/185 kB
Progress (2): 601/871 kB | 66/185 kB
Progress (2): 601/871 kB | 82/185 kB
Progress (2): 601/871 kB | 98/185 kB
Progress (2): 601/871 kB | 115/185 kB
Progress (2): 601/871 kB | 131/185 kB
Progress (2): 601/871 kB | 147/185 kB
Progress (2): 601/871 kB | 164/185 kB
Progress (2): 618/871 kB | 164/185 kB
Progress (2): 618/871 kB | 180/185 kB
Progress (2): 618/871 kB | 185 kB    
                                 
Downloaded from oss.sonatype.org: https://oss.sonatype.org/content/groups/public/commons-io/commons-io/2.4/commons-io-2.4.jar (185 kB at 55 kB/s)
Downloading from oss.sonatype.org: https://oss.sonatype.org/content/groups/public/org/slf4j/jcl-over-slf4j/1.7.5/jcl-over-slf4j-1.7.5.jar
Progress (1): 634/871 kB
Progress (1): 650/871 kB
Progress (1): 667/871 kB
Progress (1): 683/871 kB
Progress (1): 699/871 kB
Progress (1): 716/871 kB
Progress (1): 732/871 kB
Progress (1): 749/871 kB
Progress (1): 765/871 kB
Progress (1): 781/871 kB
Progress (1): 798/871 kB
Progress (1): 814/871 kB
Progress (1): 831/871 kB
Progress (1): 847/871 kB
Progress (1): 863/871 kB
Progress (1): 871 kB    
                    
Downloaded from oss.sonatype.org: https://oss.sonatype.org/content/groups/public/org/springframework/spring-core/3.2.5.RELEASE/spring-core-3.2.5.RELEASE.jar (871 kB at 256 kB/s)
Progress (1): 7.7/22 kB
Progress (1): 7.7/22 kB
Progress (1): 22 kB    
                   
Downloaded from oss.sonatype.org: https://oss.sonatype.org/content/groups/public/org/kuali/common/kuali-threads/1.0.10/kuali-threads-1.0.10.jar (22 kB at 6.0 kB/s)
Progress (1): 7.7/8.9 kB
Progress (1): 8.9 kB    
                    
Downloaded from oss.sonatype.org: https://oss.sonatype.org/content/groups/public/org/slf4j/slf4j-log4j12/1.7.5/slf4j-log4j12-1.7.5.jar (8.9 kB at 2.4 kB/s)
Progress (1): 3.2/17 kB
Progress (1): 17 kB    
Progress (2): 17 kB | 7.7/490 kB
Progress (2): 17 kB | 16/490 kB 
                               
Downloaded from oss.sonatype.org: https://oss.sonatype.org/content/groups/public/org/slf4j/jcl-over-slf4j/1.7.5/jcl-over-slf4j-1.7.5.jar (17 kB at 3.9 kB/s)
Progress (1): 32/490 kB
Progress (1): 49/490 kB
Progress (1): 65/490 kB
Progress (1): 81/490 kB
Progress (1): 98/490 kB
Progress (1): 114/490 kB
Progress (1): 131/490 kB
Progress (1): 147/490 kB
Progress (1): 163/490 kB
Progress (1): 180/490 kB
Progress (1): 196/490 kB
Progress (1): 212/490 kB
Progress (1): 229/490 kB
Progress (1): 245/490 kB
Progress (1): 262/490 kB
Progress (1): 278/490 kB
Progress (1): 294/490 kB
Progress (1): 311/490 kB
Progress (1): 327/490 kB
Progress (1): 344/490 kB
Progress (1): 360/490 kB
Progress (1): 376/490 kB
Progress (1): 393/490 kB
Progress (1): 409/490 kB
Progress (1): 425/490 kB
Progress (1): 442/490 kB
Progress (1): 458/490 kB
Progress (1): 475/490 kB
Progress (1): 490 kB    
                    
Downloaded from oss.sonatype.org: https://oss.sonatype.org/content/groups/public/log4j/log4j/1.2.17/log4j-1.2.17.jar (490 kB at 116 kB/s)
Downloading from oss.sonatype.org: https://oss.sonatype.org/content/groups/public/org/apache/felix/maven-bundle-plugin/5.1.8/maven-bundle-plugin-5.1.8.pom
Progress (1): 782 B
Progress (1): 2.0 kB
Progress (1): 4.1 kB
Progress (1): 7.4 kB
Progress (1): 9.8 kB
Progress (1): 11 kB 
                   
Downloaded from oss.sonatype.org: https://oss.sonatype.org/content/groups/public/org/apache/felix/maven-bundle-plugin/5.1.8/maven-bundle-plugin-5.1.8.pom (11 kB at 16 kB/s)
Downloading from oss.sonatype.org: https://oss.sonatype.org/content/groups/public/org/apache/felix/felix-parent/7/felix-parent-7.pom
Progress (1): 778 B
Progress (1): 2.1 kB
Progress (1): 4.2 kB
Progress (1): 8.7 kB
Progress (1): 12 kB 
Progress (1): 17 kB
Progress (1): 21 kB
                   
Downloaded from oss.sonatype.org: https://oss.sonatype.org/content/groups/public/org/apache/felix/felix-parent/7/felix-parent-7.pom (21 kB at 35 kB/s)
Downloading from oss.sonatype.org: https://oss.sonatype.org/content/groups/public/org/osgi/org.osgi.core/6.0.0/org.osgi.core-6.0.0.pom
Progress (1): 1.1 kB
                    
Downloaded from oss.sonatype.org: https://oss.sonatype.org/content/groups/public/org/osgi/org.osgi.core/6.0.0/org.osgi.core-6.0.0.pom (1.1 kB at 1.7 kB/s)
Downloading from oss.sonatype.org: https://oss.sonatype.org/content/groups/public/biz/aQute/bnd/biz.aQute.bndlib/6.3.1/biz.aQute.bndlib-6.3.1.pom
Progress (1): 1.0 kB
Progress (1): 4.4 kB
Progress (1): 5.2 kB
                    
Downloaded from oss.sonatype.org: https://oss.sonatype.org/content/groups/public/biz/aQute/bnd/biz.aQute.bndlib/6.3.1/biz.aQute.bndlib-6.3.1.pom (5.2 kB at 8.5 kB/s)
Downloading from oss.sonatype.org: https://oss.sonatype.org/content/groups/public/org/osgi/org.osgi.dto/1.0.0/org.osgi.dto-1.0.0.pom
Progress (1): 1.3 kB
                    
Downloaded from oss.sonatype.org: https://oss.sonatype.org/content/groups/public/org/osgi/org.osgi.dto/1.0.0/org.osgi.dto-1.0.0.pom (1.3 kB at 2.1 kB/s)
Downloading from oss.sonatype.org: https://oss.sonatype.org/content/groups/public/org/osgi/org.osgi.resource/1.0.0/org.osgi.resource-1.0.0.pom
Progress (1): 1.3 kB
                    
Downloaded from oss.sonatype.org: https://oss.sonatype.org/content/groups/public/org/osgi/org.osgi.resource/1.0.0/org.osgi.resource-1.0.0.pom (1.3 kB at 2.1 kB/s)
Downloading from oss.sonatype.org: https://oss.sonatype.org/content/groups/public/org/osgi/org.osgi.framework/1.8.0/org.osgi.framework-1.8.0.pom
Progress (1): 1.3 kB
                    
Downloaded from oss.sonatype.org: https://oss.sonatype.org/content/groups/public/org/osgi/org.osgi.framework/1.8.0/org.osgi.framework-1.8.0.pom (1.3 kB at 2.0 kB/s)
Downloading from oss.sonatype.org: https://oss.sonatype.org/content/groups/public/org/osgi/org.osgi.util.tracker/1.5.4/org.osgi.util.tracker-1.5.4.pom
Progress (1): 1.1 kB
Progress (1): 1.9 kB
                    
Downloaded from oss.sonatype.org: https://oss.sonatype.org/content/groups/public/org/osgi/org.osgi.util.tracker/1.5.4/org.osgi.util.tracker-1.5.4.pom (1.9 kB at 3.1 kB/s)
Downloading from oss.sonatype.org: https://oss.sonatype.org/content/groups/public/org/osgi/osgi.annotation/8.0.1/osgi.annotation-8.0.1.pom
Progress (1): 1.1 kB
Progress (1): 1.5 kB
                    
Downloaded from oss.sonatype.org: https://oss.sonatype.org/content/groups/public/org/osgi/osgi.annotation/8.0.1/osgi.annotation-8.0.1.pom (1.5 kB at 2.5 kB/s)
Downloading from oss.sonatype.org: https://oss.sonatype.org/content/groups/public/org/osgi/org.osgi.service.log/1.3.0/org.osgi.service.log-1.3.0.pom
Progress (1): 1.3 kB
                    
Downloaded from oss.sonatype.org: https://oss.sonatype.org/content/groups/public/org/osgi/org.osgi.service.log/1.3.0/org.osgi.service.log-1.3.0.pom (1.3 kB at 2.2 kB/s)
Downloading from oss.sonatype.org: https://oss.sonatype.org/content/groups/public/org/osgi/org.osgi.service.repository/1.1.0/org.osgi.service.repository-1.1.0.pom
Progress (1): 1.3 kB
                    
Downloaded from oss.sonatype.org: https://oss.sonatype.org/content/groups/public/org/osgi/org.osgi.service.repository/1.1.0/org.osgi.service.repository-1.1.0.pom (1.3 kB at 2.2 kB/s)
Downloading from oss.sonatype.org: https://oss.sonatype.org/content/groups/public/org/osgi/org.osgi.util.function/1.2.0/org.osgi.util.function-1.2.0.pom
Progress (1): 1.1 kB
Progress (1): 1.7 kB
                    
Downloaded from oss.sonatype.org: https://oss.sonatype.org/content/groups/public/org/osgi/org.osgi.util.function/1.2.0/org.osgi.util.function-1.2.0.pom (1.7 kB at 2.8 kB/s)
Downloading from oss.sonatype.org: https://oss.sonatype.org/content/groups/public/org/osgi/org.osgi.util.promise/1.2.0/org.osgi.util.promise-1.2.0.pom
Progress (1): 1.1 kB
Progress (1): 1.9 kB
                    
Downloaded from oss.sonatype.org: https://oss.sonatype.org/content/groups/public/org/osgi/org.osgi.util.promise/1.2.0/org.osgi.util.promise-1.2.0.pom (1.9 kB at 3.0 kB/s)
Downloading from oss.sonatype.org: https://oss.sonatype.org/content/groups/public/org/osgi/org.osgi.util.function/1.1.0/org.osgi.util.function-1.1.0.pom
Progress (1): 1.3 kB
Progress (1): 1.4 kB
                    
Downloaded from oss.sonatype.org: https://oss.sonatype.org/content/groups/public/org/osgi/org.osgi.util.function/1.1.0/org.osgi.util.function-1.1.0.pom (1.4 kB at 2.4 kB/s)
Downloading from oss.sonatype.org: https://oss.sonatype.org/content/groups/public/biz/aQute/bnd/biz.aQute.bnd.util/6.3.1/biz.aQute.bnd.util-6.3.1.pom
Progress (1): 1.1 kB
Progress (1): 2.7 kB
                    
Downloaded from oss.sonatype.org: https://oss.sonatype.org/content/groups/public/biz/aQute/bnd/biz.aQute.bnd.util/6.3.1/biz.aQute.bnd.util-6.3.1.pom (2.7 kB at 4.2 kB/s)
Downloading from oss.sonatype.org: https://oss.sonatype.org/content/groups/public/org/apache/felix/org.apache.felix.bundlerepository/1.6.6/org.apache.felix.bundlerepository-1.6.6.pom
Progress (1): 804 B
Progress (1): 3.1 kB
Progress (1): 5.2 kB
Progress (1): 5.9 kB
                    
Downloaded from oss.sonatype.org: https://oss.sonatype.org/content/groups/public/org/apache/felix/org.apache.felix.bundlerepository/1.6.6/org.apache.felix.bundlerepository-1.6.6.pom (5.9 kB at 9.6 kB/s)
Downloading from oss.sonatype.org: https://oss.sonatype.org/content/groups/public/org/apache/felix/felix-parent/2.1/felix-parent-2.1.pom
Progress (1): 799 B
Progress (1): 2.6 kB
Progress (1): 5.6 kB
Progress (1): 7.7 kB
Progress (1): 9.7 kB
                    
Downloaded from oss.sonatype.org: https://oss.sonatype.org/content/groups/public/org/apache/felix/felix-parent/2.1/felix-parent-2.1.pom (9.7 kB at 15 kB/s)
Downloading from oss.sonatype.org: https://oss.sonatype.org/content/groups/public/org/osgi/org.osgi.core/4.1.0/org.osgi.core-4.1.0.pom
Progress (1): 193 B
                   
Downloaded from oss.sonatype.org: https://oss.sonatype.org/content/groups/public/org/osgi/org.osgi.core/4.1.0/org.osgi.core-4.1.0.pom (193 B at 312 B/s)
Downloading from oss.sonatype.org: https://oss.sonatype.org/content/groups/public/org/easymock/easymock/2.4/easymock-2.4.pom
Progress (1): 1.2 kB
Progress (1): 3.4 kB
Progress (1): 5.3 kB
                    
Downloaded from oss.sonatype.org: https://oss.sonatype.org/content/groups/public/org/easymock/easymock/2.4/easymock-2.4.pom (5.3 kB at 8.7 kB/s)
Downloading from oss.sonatype.org: https://oss.sonatype.org/content/groups/public/org/apache/felix/org.apache.felix.utils/1.6.0/org.apache.felix.utils-1.6.0.pom
Progress (1): 829 B
Progress (1): 2.8 kB
Progress (1): 3.3 kB
                    
Downloaded from oss.sonatype.org: https://oss.sonatype.org/content/groups/public/org/apache/felix/org.apache.felix.utils/1.6.0/org.apache.felix.utils-1.6.0.pom (3.3 kB at 5.4 kB/s)
Downloading from oss.sonatype.org: https://oss.sonatype.org/content/groups/public/org/osgi/org.osgi.compendium/4.2.0/org.osgi.compendium-4.2.0.pom
Progress (1): 463 B
                   
Downloaded from oss.sonatype.org: https://oss.sonatype.org/content/groups/public/org/osgi/org.osgi.compendium/4.2.0/org.osgi.compendium-4.2.0.pom (463 B at 778 B/s)
Downloading from oss.sonatype.org: https://oss.sonatype.org/content/groups/public/org/apache/maven/maven-core/3.3.9/maven-core-3.3.9.pom
Progress (1): 794 B
Progress (1): 3.1 kB
Progress (1): 5.5 kB
Progress (1): 8.3 kB
                    
Downloaded from oss.sonatype.org: https://oss.sonatype.org/content/groups/public/org/apache/maven/maven-core/3.3.9/maven-core-3.3.9.pom (8.3 kB at 14 kB/s)
Downloading from oss.sonatype.org: https://oss.sonatype.org/content/groups/public/org/apache/maven/maven/3.3.9/maven-3.3.9.pom
Progress (1): 735 B
Progress (1): 1.9 kB
Progress (1): 3.4 kB
Progress (1): 5.3 kB
Progress (1): 9.7 kB
Progress (1): 15 kB 
Progress (1): 19 kB
Progress (1): 21 kB
Progress (1): 24 kB
                   
Downloaded from oss.sonatype.org: https://oss.sonatype.org/content/groups/public/org/apache/maven/maven/3.3.9/maven-3.3.9.pom (24 kB at 39 kB/s)
Downloading from oss.sonatype.org: https://oss.sonatype.org/content/groups/public/org/apache/maven/maven-parent/27/maven-parent-27.pom
Progress (1): 730 B
Progress (1): 2.0 kB
Progress (1): 5.9 kB
Progress (1): 10 kB 
Progress (1): 15 kB
Progress (1): 19 kB
Progress (1): 23 kB
Progress (1): 24 kB
Progress (1): 27 kB
Progress (1): 31 kB
Progress (1): 34 kB
Progress (1): 37 kB
Progress (1): 41 kB
                   
Downloaded from oss.sonatype.org: https://oss.sonatype.org/content/groups/public/org/apache/maven/maven-parent/27/maven-parent-27.pom (41 kB at 68 kB/s)
Downloading from oss.sonatype.org: https://oss.sonatype.org/content/groups/public/org/apache/apache/17/apache-17.pom
Progress (1): 749 B
Progress (1): 2.1 kB
Progress (1): 3.9 kB
Progress (1): 8.1 kB
Progress (1): 12 kB 
Progress (1): 15 kB
Progress (1): 16 kB
                   
Downloaded from oss.sonatype.org: https://oss.sonatype.org/content/groups/public/org/apache/apache/17/apache-17.pom (16 kB at 27 kB/s)
Downloading from oss.sonatype.org: https://oss.sonatype.org/content/groups/public/org/apache/maven/maven-model/3.3.9/maven-model-3.3.9.pom
Progress (1): 811 B
Progress (1): 2.6 kB
Progress (1): 4.0 kB
                    
Downloaded from oss.sonatype.org: https://oss.sonatype.org/content/groups/public/org/apache/maven/maven-model/3.3.9/maven-model-3.3.9.pom (4.0 kB at 6.6 kB/s)
Downloading from oss.sonatype.org: https://oss.sonatype.org/content/groups/public/org/codehaus/plexus/plexus-utils/3.0.22/plexus-utils-3.0.22.pom
Progress (1): 812 B
Progress (1): 2.3 kB
Progress (1): 3.8 kB
                    
Downloaded from oss.sonatype.org: https://oss.sonatype.org/content/groups/public/org/codehaus/plexus/plexus-utils/3.0.22/plexus-utils-3.0.22.pom (3.8 kB at 6.1 kB/s)
Downloading from oss.sonatype.org: https://oss.sonatype.org/content/groups/public/org/apache/commons/commons-lang3/3.4/commons-lang3-3.4.pom
Progress (1): 759 B
Progress (1): 2.2 kB
Progress (1): 5.5 kB
Progress (1): 8.9 kB
Progress (1): 12 kB 
Progress (1): 14 kB
Progress (1): 16 kB
Progress (1): 19 kB
Progress (1): 22 kB
Progress (1): 22 kB
                   
Downloaded from oss.sonatype.org: https://oss.sonatype.org/content/groups/public/org/apache/commons/commons-lang3/3.4/commons-lang3-3.4.pom (22 kB at 36 kB/s)
Downloading from oss.sonatype.org: https://oss.sonatype.org/content/groups/public/org/apache/commons/commons-parent/37/commons-parent-37.pom
Progress (1): 708 B
Progress (1): 1.8 kB
Progress (1): 3.0 kB
Progress (1): 4.3 kB
Progress (1): 5.8 kB
Progress (1): 9.3 kB
Progress (1): 13 kB 
Progress (1): 16 kB
Progress (1): 19 kB
Progress (1): 22 kB
Progress (1): 25 kB
Progress (1): 27 kB
Progress (1): 30 kB
Progress (1): 34 kB
Progress (1): 36 kB
Progress (1): 36 kB
Progress (1): 39 kB
Progress (1): 43 kB
Progress (1): 49 kB
Progress (1): 51 kB
Progress (1): 54 kB
Progress (1): 57 kB
Progress (1): 59 kB
Progress (1): 61 kB
Progress (1): 63 kB
Progress (1): 63 kB
                   
Downloaded from oss.sonatype.org: https://oss.sonatype.org/content/groups/public/org/apache/commons/commons-parent/37/commons-parent-37.pom (63 kB at 105 kB/s)
Downloading from oss.sonatype.org: https://oss.sonatype.org/content/groups/public/org/apache/maven/maven-settings/3.3.9/maven-settings-3.3.9.pom
Progress (1): 832 B
Progress (1): 1.8 kB
                    
Downloaded from oss.sonatype.org: https://oss.sonatype.org/content/groups/public/org/apache/maven/maven-settings/3.3.9/maven-settings-3.3.9.pom (1.8 kB at 3.1 kB/s)
Downloading from oss.sonatype.org: https://oss.sonatype.org/content/groups/public/org/apache/maven/maven-settings-builder/3.3.9/maven-settings-builder-3.3.9.pom
Progress (1): 823 B
Progress (1): 2.6 kB
                    
Downloaded from oss.sonatype.org: https://oss.sonatype.org/content/groups/public/org/apache/maven/maven-settings-builder/3.3.9/maven-settings-builder-3.3.9.pom (2.6 kB at 4.2 kB/s)
Downloading from oss.sonatype.org: https://oss.sonatype.org/content/groups/public/org/apache/maven/maven-builder-support/3.3.9/maven-builder-support-3.3.9.pom
Progress (1): 835 B
Progress (1): 1.7 kB
                    
Downloaded from oss.sonatype.org: https://oss.sonatype.org/content/groups/public/org/apache/maven/maven-builder-support/3.3.9/maven-builder-support-3.3.9.pom (1.7 kB at 2.8 kB/s)
Downloading from oss.sonatype.org: https://oss.sonatype.org/content/groups/public/org/codehaus/plexus/plexus-component-annotations/1.6/plexus-component-annotations-1.6.pom
Progress (1): 748 B
                   
Downloaded from oss.sonatype.org: https://oss.sonatype.org/content/groups/public/org/codehaus/plexus/plexus-component-annotations/1.6/plexus-component-annotations-1.6.pom (748 B at 1.3 kB/s)
Downloading from oss.sonatype.org: https://oss.sonatype.org/content/groups/public/org/codehaus/plexus/plexus-containers/1.6/plexus-containers-1.6.pom
Progress (1): 1.2 kB
Progress (1): 3.8 kB
                    
Downloaded from oss.sonatype.org: https://oss.sonatype.org/content/groups/public/org/codehaus/plexus/plexus-containers/1.6/plexus-containers-1.6.pom (3.8 kB at 5.9 kB/s)
Downloading from oss.sonatype.org: https://oss.sonatype.org/content/groups/public/org/codehaus/plexus/plexus/3.3.2/plexus-3.3.2.pom
Progress (1): 703 B
Progress (1): 2.5 kB
Progress (1): 6.2 kB
Progress (1): 8.8 kB
Progress (1): 11 kB 
Progress (1): 15 kB
Progress (1): 20 kB
Progress (1): 22 kB
                   
Downloaded from oss.sonatype.org: https://oss.sonatype.org/content/groups/public/org/codehaus/plexus/plexus/3.3.2/plexus-3.3.2.pom (22 kB at 36 kB/s)
Downloading from oss.sonatype.org: https://oss.sonatype.org/content/groups/public/org/apache/maven/maven-repository-metadata/3.3.9/maven-repository-metadata-3.3.9.pom
Progress (1): 831 B
Progress (1): 1.9 kB
                    
Downloaded from oss.sonatype.org: https://oss.sonatype.org/content/groups/public/org/apache/maven/maven-repository-metadata/3.3.9/maven-repository-metadata-3.3.9.pom (1.9 kB at 2.6 kB/s)
Downloading from oss.sonatype.org: https://oss.sonatype.org/content/groups/public/org/apache/maven/maven-artifact/3.3.9/maven-artifact-3.3.9.pom
Progress (1): 852 B
Progress (1): 2.1 kB
                    
Downloaded from oss.sonatype.org: https://oss.sonatype.org/content/groups/public/org/apache/maven/maven-artifact/3.3.9/maven-artifact-3.3.9.pom (2.1 kB at 3.2 kB/s)
Downloading from oss.sonatype.org: https://oss.sonatype.org/content/groups/public/org/apache/maven/maven-plugin-api/3.3.9/maven-plugin-api-3.3.9.pom
Progress (1): 821 B
Progress (1): 2.7 kB
                    
Downloaded from oss.sonatype.org: https://oss.sonatype.org/content/groups/public/org/apache/maven/maven-plugin-api/3.3.9/maven-plugin-api-3.3.9.pom (2.7 kB at 4.4 kB/s)
Downloading from oss.sonatype.org: https://oss.sonatype.org/content/groups/public/org/eclipse/sisu/org.eclipse.sisu.plexus/0.3.2/org.eclipse.sisu.plexus-0.3.2.pom
Progress (1): 904 B
Progress (1): 3.1 kB
Progress (1): 4.2 kB
                    
Downloaded from oss.sonatype.org: https://oss.sonatype.org/content/groups/public/org/eclipse/sisu/org.eclipse.sisu.plexus/0.3.2/org.eclipse.sisu.plexus-0.3.2.pom (4.2 kB at 6.3 kB/s)
Downloading from oss.sonatype.org: https://oss.sonatype.org/content/groups/public/org/eclipse/sisu/sisu-plexus/0.3.2/sisu-plexus-0.3.2.pom
Progress (1): 861 B
Progress (1): 2.9 kB
Progress (1): 5.2 kB
Progress (1): 9.8 kB
Progress (1): 11 kB 
Progress (1): 14 kB
                   
Downloaded from oss.sonatype.org: https://oss.sonatype.org/content/groups/public/org/eclipse/sisu/sisu-plexus/0.3.2/sisu-plexus-0.3.2.pom (14 kB at 23 kB/s)
Downloading from oss.sonatype.org: https://oss.sonatype.org/content/groups/public/org/eclipse/sisu/org.eclipse.sisu.inject/0.3.2/org.eclipse.sisu.inject-0.3.2.pom
Progress (1): 914 B
Progress (1): 2.6 kB
                    
Downloaded from oss.sonatype.org: https://oss.sonatype.org/content/groups/public/org/eclipse/sisu/org.eclipse.sisu.inject/0.3.2/org.eclipse.sisu.inject-0.3.2.pom (2.6 kB at 4.4 kB/s)
Downloading from oss.sonatype.org: https://oss.sonatype.org/content/groups/public/org/eclipse/sisu/sisu-inject/0.3.2/sisu-inject-0.3.2.pom
Progress (1): 860 B
Progress (1): 2.8 kB
Progress (1): 5.1 kB
Progress (1): 9.6 kB
Progress (1): 11 kB 
Progress (1): 14 kB
                   
Downloaded from oss.sonatype.org: https://oss.sonatype.org/content/groups/public/org/eclipse/sisu/sisu-inject/0.3.2/sisu-inject-0.3.2.pom (14 kB at 24 kB/s)
Downloading from oss.sonatype.org: https://oss.sonatype.org/content/groups/public/org/apache/maven/maven-model-builder/3.3.9/maven-model-builder-3.3.9.pom
Progress (1): 836 B
Progress (1): 3.1 kB
                    
Downloaded from oss.sonatype.org: https://oss.sonatype.org/content/groups/public/org/apache/maven/maven-model-builder/3.3.9/maven-model-builder-3.3.9.pom (3.1 kB at 5.1 kB/s)
Downloading from oss.sonatype.org: https://oss.sonatype.org/content/groups/public/org/apache/maven/maven-aether-provider/3.3.9/maven-aether-provider-3.3.9.pom
Progress (1): 815 B
Progress (1): 3.6 kB
Progress (1): 4.0 kB
                    
Downloaded from oss.sonatype.org: https://oss.sonatype.org/content/groups/public/org/apache/maven/maven-aether-provider/3.3.9/maven-aether-provider-3.3.9.pom (4.0 kB at 6.7 kB/s)
Downloading from oss.sonatype.org: https://oss.sonatype.org/content/groups/public/org/eclipse/aether/aether-api/1.0.2.v20150114/aether-api-1.0.2.v20150114.pom
Progress (1): 922 B
Progress (1): 1.8 kB
                    
Downloaded from oss.sonatype.org: https://oss.sonatype.org/content/groups/public/org/eclipse/aether/aether-api/1.0.2.v20150114/aether-api-1.0.2.v20150114.pom (1.8 kB at 2.6 kB/s)
Downloading from oss.sonatype.org: https://oss.sonatype.org/content/groups/public/org/eclipse/aether/aether/1.0.2.v20150114/aether-1.0.2.v20150114.pom
Progress (1): 855 B
Progress (1): 3.3 kB
Progress (1): 5.3 kB
Progress (1): 7.7 kB
Progress (1): 9.8 kB
Progress (1): 14 kB 
Progress (1): 18 kB
Progress (1): 21 kB
Progress (1): 24 kB
Progress (1): 29 kB
Progress (1): 29 kB
                   
Downloaded from oss.sonatype.org: https://oss.sonatype.org/content/groups/public/org/eclipse/aether/aether/1.0.2.v20150114/aether-1.0.2.v20150114.pom (29 kB at 24 kB/s)
Downloading from oss.sonatype.org: https://oss.sonatype.org/content/groups/public/org/eclipse/aether/aether-spi/1.0.2.v20150114/aether-spi-1.0.2.v20150114.pom
Progress (1): 916 B
Progress (1): 2.0 kB
                    
Downloaded from oss.sonatype.org: https://oss.sonatype.org/content/groups/public/org/eclipse/aether/aether-spi/1.0.2.v20150114/aether-spi-1.0.2.v20150114.pom (2.0 kB at 3.2 kB/s)
Downloading from oss.sonatype.org: https://oss.sonatype.org/content/groups/public/org/eclipse/aether/aether-util/1.0.2.v20150114/aether-util-1.0.2.v20150114.pom
Progress (1): 918 B
Progress (1): 2.1 kB
                    
Downloaded from oss.sonatype.org: https://oss.sonatype.org/content/groups/public/org/eclipse/aether/aether-util/1.0.2.v20150114/aether-util-1.0.2.v20150114.pom (2.1 kB at 3.5 kB/s)
Downloading from oss.sonatype.org: https://oss.sonatype.org/content/groups/public/org/eclipse/aether/aether-impl/1.0.2.v20150114/aether-impl-1.0.2.v20150114.pom
Progress (1): 921 B
Progress (1): 3.4 kB
                    
Downloaded from oss.sonatype.org: https://oss.sonatype.org/content/groups/public/org/eclipse/aether/aether-impl/1.0.2.v20150114/aether-impl-1.0.2.v20150114.pom (3.4 kB at 5.7 kB/s)
Downloading from oss.sonatype.org: https://oss.sonatype.org/content/groups/public/com/google/inject/guice/4.0/guice-4.0.pom
Progress (1): 1.6 kB
Progress (1): 3.6 kB
Progress (1): 6.3 kB
Progress (1): 9.9 kB
Progress (1): 11 kB 
                   
Downloaded from oss.sonatype.org: https://oss.sonatype.org/content/groups/public/com/google/inject/guice/4.0/guice-4.0.pom (11 kB at 17 kB/s)
Downloading from oss.sonatype.org: https://oss.sonatype.org/content/groups/public/com/google/inject/guice-parent/4.0/guice-parent-4.0.pom
Progress (1): 796 B
Progress (1): 2.8 kB
Progress (1): 4.4 kB
Progress (1): 7.1 kB
Progress (1): 10 kB 
Progress (1): 12 kB
Progress (1): 15 kB
                   
Downloaded from oss.sonatype.org: https://oss.sonatype.org/content/groups/public/com/google/inject/guice-parent/4.0/guice-parent-4.0.pom (15 kB at 26 kB/s)
Downloading from oss.sonatype.org: https://oss.sonatype.org/content/groups/public/com/google/google/5/google-5.pom
Progress (1): 1.2 kB
Progress (1): 2.5 kB
                    
Downloaded from oss.sonatype.org: https://oss.sonatype.org/content/groups/public/com/google/google/5/google-5.pom (2.5 kB at 4.0 kB/s)
Downloading from oss.sonatype.org: https://oss.sonatype.org/content/groups/public/org/apache/maven/maven-compat/3.3.9/maven-compat-3.3.9.pom
Progress (1): 834 B
Progress (1): 3.5 kB
Progress (1): 3.8 kB
                    
Downloaded from oss.sonatype.org: https://oss.sonatype.org/content/groups/public/org/apache/maven/maven-compat/3.3.9/maven-compat-3.3.9.pom (3.8 kB at 5.8 kB/s)
Downloading from oss.sonatype.org: https://oss.sonatype.org/content/groups/public/org/apache/maven/wagon/wagon-provider-api/2.10/wagon-provider-api-2.10.pom
Progress (1): 843 B
Progress (1): 1.7 kB
                    
Downloaded from oss.sonatype.org: https://oss.sonatype.org/content/groups/public/org/apache/maven/wagon/wagon-provider-api/2.10/wagon-provider-api-2.10.pom (1.7 kB at 2.9 kB/s)
Downloading from oss.sonatype.org: https://oss.sonatype.org/content/groups/public/org/apache/maven/wagon/wagon/2.10/wagon-2.10.pom
Progress (1): 739 B
Progress (1): 2.3 kB
Progress (1): 5.0 kB
Progress (1): 8.1 kB
Progress (1): 12 kB 
Progress (1): 15 kB
Progress (1): 18 kB
Progress (1): 21 kB
                   
Downloaded from oss.sonatype.org: https://oss.sonatype.org/content/groups/public/org/apache/maven/wagon/wagon/2.10/wagon-2.10.pom (21 kB at 35 kB/s)
Downloading from oss.sonatype.org: https://oss.sonatype.org/content/groups/public/org/apache/maven/maven-parent/26/maven-parent-26.pom
Progress (1): 729 B
Progress (1): 2.0 kB
Progress (1): 6.0 kB
Progress (1): 10 kB 
Progress (1): 15 kB
Progress (1): 18 kB
Progress (1): 23 kB
Progress (1): 24 kB
Progress (1): 27 kB
Progress (1): 30 kB
Progress (1): 32 kB
Progress (1): 36 kB
Progress (1): 40 kB
                   
Downloaded from oss.sonatype.org: https://oss.sonatype.org/content/groups/public/org/apache/maven/maven-parent/26/maven-parent-26.pom (40 kB at 65 kB/s)
Downloading from oss.sonatype.org: https://oss.sonatype.org/content/groups/public/org/codehaus/plexus/plexus-utils/3.0.15/plexus-utils-3.0.15.pom
Progress (1): 817 B
Progress (1): 2.3 kB
Progress (1): 3.1 kB
                    
Downloaded from oss.sonatype.org: https://oss.sonatype.org/content/groups/public/org/codehaus/plexus/plexus-utils/3.0.15/plexus-utils-3.0.15.pom (3.1 kB at 5.2 kB/s)
Downloading from oss.sonatype.org: https://oss.sonatype.org/content/groups/public/org/apache/maven/maven-archiver/3.5.2/maven-archiver-3.5.2.pom
Progress (1): 796 B
Progress (1): 2.2 kB
Progress (1): 4.9 kB
Progress (1): 5.5 kB
                    
Downloaded from oss.sonatype.org: https://oss.sonatype.org/content/groups/public/org/apache/maven/maven-archiver/3.5.2/maven-archiver-3.5.2.pom (5.5 kB at 9.2 kB/s)
Downloading from oss.sonatype.org: https://oss.sonatype.org/content/groups/public/org/apache/maven/maven-artifact/3.1.1/maven-artifact-3.1.1.pom
Progress (1): 845 B
Progress (1): 2.0 kB
                    
Downloaded from oss.sonatype.org: https://oss.sonatype.org/content/groups/public/org/apache/maven/maven-artifact/3.1.1/maven-artifact-3.1.1.pom (2.0 kB at 3.3 kB/s)
Downloading from oss.sonatype.org: https://oss.sonatype.org/content/groups/public/org/apache/maven/maven/3.1.1/maven-3.1.1.pom
Progress (1): 770 B
Progress (1): 1.9 kB
Progress (1): 3.7 kB
Progress (1): 7.6 kB
Progress (1): 13 kB 
Progress (1): 16 kB
Progress (1): 19 kB
Progress (1): 22 kB
                   
Downloaded from oss.sonatype.org: https://oss.sonatype.org/content/groups/public/org/apache/maven/maven/3.1.1/maven-3.1.1.pom (22 kB at 38 kB/s)
Downloading from oss.sonatype.org: https://oss.sonatype.org/content/groups/public/org/apache/maven/maven-model/3.1.1/maven-model-3.1.1.pom
Progress (1): 809 B
Progress (1): 2.3 kB
Progress (1): 4.1 kB
                    
Downloaded from oss.sonatype.org: https://oss.sonatype.org/content/groups/public/org/apache/maven/maven-model/3.1.1/maven-model-3.1.1.pom (4.1 kB at 4.2 kB/s)
Downloading from oss.sonatype.org: https://oss.sonatype.org/content/groups/public/org/apache/maven/maven-core/3.1.1/maven-core-3.1.1.pom
Progress (1): 795 B
Progress (1): 3.6 kB
Progress (1): 5.8 kB
Progress (1): 7.3 kB
                    
Downloaded from oss.sonatype.org: https://oss.sonatype.org/content/groups/public/org/apache/maven/maven-core/3.1.1/maven-core-3.1.1.pom (7.3 kB at 12 kB/s)
Downloading from oss.sonatype.org: https://oss.sonatype.org/content/groups/public/org/apache/maven/maven-settings/3.1.1/maven-settings-3.1.1.pom
Progress (1): 830 B
Progress (1): 2.2 kB
                    
Downloaded from oss.sonatype.org: https://oss.sonatype.org/content/groups/public/org/apache/maven/maven-settings/3.1.1/maven-settings-3.1.1.pom (2.2 kB at 3.6 kB/s)
Downloading from oss.sonatype.org: https://oss.sonatype.org/content/groups/public/org/apache/maven/maven-settings-builder/3.1.1/maven-settings-builder-3.1.1.pom
Progress (1): 823 B
Progress (1): 2.6 kB
                    
Downloaded from oss.sonatype.org: https://oss.sonatype.org/content/groups/public/org/apache/maven/maven-settings-builder/3.1.1/maven-settings-builder-3.1.1.pom (2.6 kB at 4.3 kB/s)
Downloading from oss.sonatype.org: https://oss.sonatype.org/content/groups/public/org/codehaus/plexus/plexus-interpolation/1.19/plexus-interpolation-1.19.pom
Progress (1): 1.0 kB
                    
Downloaded from oss.sonatype.org: https://oss.sonatype.org/content/groups/public/org/codehaus/plexus/plexus-interpolation/1.19/plexus-interpolation-1.19.pom (1.0 kB at 1.7 kB/s)
Downloading from oss.sonatype.org: https://oss.sonatype.org/content/groups/public/org/apache/maven/maven-repository-metadata/3.1.1/maven-repository-metadata-3.1.1.pom
Progress (1): 823 B
Progress (1): 2.2 kB
                    
Downloaded from oss.sonatype.org: https://oss.sonatype.org/content/groups/public/org/apache/maven/maven-repository-metadata/3.1.1/maven-repository-metadata-3.1.1.pom (2.2 kB at 3.8 kB/s)
Downloading from oss.sonatype.org: https://oss.sonatype.org/content/groups/public/org/apache/maven/maven-plugin-api/3.1.1/maven-plugin-api-3.1.1.pom
Progress (1): 816 B
Progress (1): 2.5 kB
Progress (1): 3.4 kB
                    
Downloaded from oss.sonatype.org: https://oss.sonatype.org/content/groups/public/org/apache/maven/maven-plugin-api/3.1.1/maven-plugin-api-3.1.1.pom (3.4 kB at 5.7 kB/s)
Downloading from oss.sonatype.org: https://oss.sonatype.org/content/groups/public/org/eclipse/sisu/org.eclipse.sisu.plexus/0.0.0.M5/org.eclipse.sisu.plexus-0.0.0.M5.pom
Progress (1): 894 B
Progress (1): 3.6 kB
Progress (1): 4.8 kB
                    
Downloaded from oss.sonatype.org: https://oss.sonatype.org/content/groups/public/org/eclipse/sisu/org.eclipse.sisu.plexus/0.0.0.M5/org.eclipse.sisu.plexus-0.0.0.M5.pom (4.8 kB at 8.2 kB/s)
Downloading from oss.sonatype.org: https://oss.sonatype.org/content/groups/public/org/eclipse/sisu/sisu-plexus/0.0.0.M5/sisu-plexus-0.0.0.M5.pom
Progress (1): 861 B
Progress (1): 2.8 kB
Progress (1): 5.1 kB
Progress (1): 9.4 kB
Progress (1): 11 kB 
Progress (1): 13 kB
                   
Downloaded from oss.sonatype.org: https://oss.sonatype.org/content/groups/public/org/eclipse/sisu/sisu-plexus/0.0.0.M5/sisu-plexus-0.0.0.M5.pom (13 kB at 22 kB/s)
Downloading from oss.sonatype.org: https://oss.sonatype.org/content/groups/public/org/eclipse/sisu/org.eclipse.sisu.inject/0.0.0.M5/org.eclipse.sisu.inject-0.0.0.M5.pom
Progress (1): 922 B
Progress (1): 2.5 kB
                    
Downloaded from oss.sonatype.org: https://oss.sonatype.org/content/groups/public/org/eclipse/sisu/org.eclipse.sisu.inject/0.0.0.M5/org.eclipse.sisu.inject-0.0.0.M5.pom (2.5 kB at 4.2 kB/s)
Downloading from oss.sonatype.org: https://oss.sonatype.org/content/groups/public/org/eclipse/sisu/sisu-inject/0.0.0.M5/sisu-inject-0.0.0.M5.pom
Progress (1): 860 B
Progress (1): 2.8 kB
Progress (1): 5.0 kB
Progress (1): 9.3 kB
Progress (1): 11 kB 
Progress (1): 14 kB
                   
Downloaded from oss.sonatype.org: https://oss.sonatype.org/content/groups/public/org/eclipse/sisu/sisu-inject/0.0.0.M5/sisu-inject-0.0.0.M5.pom (14 kB at 23 kB/s)
Downloading from oss.sonatype.org: https://oss.sonatype.org/content/groups/public/org/apache/maven/maven-model-builder/3.1.1/maven-model-builder-3.1.1.pom
Progress (1): 838 B
Progress (1): 2.7 kB
Progress (1): 2.8 kB
                    
Downloaded from oss.sonatype.org: https://oss.sonatype.org/content/groups/public/org/apache/maven/maven-model-builder/3.1.1/maven-model-builder-3.1.1.pom (2.8 kB at 4.7 kB/s)
Downloading from oss.sonatype.org: https://oss.sonatype.org/content/groups/public/org/apache/maven/maven-aether-provider/3.1.1/maven-aether-provider-3.1.1.pom
Progress (1): 819 B
Progress (1): 3.0 kB
Progress (1): 4.1 kB
                    
Downloaded from oss.sonatype.org: https://oss.sonatype.org/content/groups/public/org/apache/maven/maven-aether-provider/3.1.1/maven-aether-provider-3.1.1.pom (4.1 kB at 6.9 kB/s)
Downloading from oss.sonatype.org: https://oss.sonatype.org/content/groups/public/org/eclipse/aether/aether-api/0.9.0.M2/aether-api-0.9.0.M2.pom
Progress (1): 941 B
Progress (1): 1.7 kB
                    
Downloaded from oss.sonatype.org: https://oss.sonatype.org/content/groups/public/org/eclipse/aether/aether-api/0.9.0.M2/aether-api-0.9.0.M2.pom (1.7 kB at 2.9 kB/s)
Downloading from oss.sonatype.org: https://oss.sonatype.org/content/groups/public/org/eclipse/aether/aether/0.9.0.M2/aether-0.9.0.M2.pom
Progress (1): 807 B
Progress (1): 3.2 kB
Progress (1): 5.9 kB
Progress (1): 9.8 kB
Progress (1): 13 kB 
Progress (1): 17 kB
Progress (1): 20 kB
Progress (1): 24 kB
Progress (1): 28 kB
                   
Downloaded from oss.sonatype.org: https://oss.sonatype.org/content/groups/public/org/eclipse/aether/aether/0.9.0.M2/aether-0.9.0.M2.pom (28 kB at 47 kB/s)
Downloading from oss.sonatype.org: https://oss.sonatype.org/content/groups/public/org/eclipse/aether/aether-spi/0.9.0.M2/aether-spi-0.9.0.M2.pom
Progress (1): 938 B
Progress (1): 1.8 kB
                    
Downloaded from oss.sonatype.org: https://oss.sonatype.org/content/groups/public/org/eclipse/aether/aether-spi/0.9.0.M2/aether-spi-0.9.0.M2.pom (1.8 kB at 3.0 kB/s)
Downloading from oss.sonatype.org: https://oss.sonatype.org/content/groups/public/org/eclipse/aether/aether-util/0.9.0.M2/aether-util-0.9.0.M2.pom
Progress (1): 935 B
Progress (1): 2.0 kB
                    
Downloaded from oss.sonatype.org: https://oss.sonatype.org/content/groups/public/org/eclipse/aether/aether-util/0.9.0.M2/aether-util-0.9.0.M2.pom (2.0 kB at 3.5 kB/s)
Downloading from oss.sonatype.org: https://oss.sonatype.org/content/groups/public/org/eclipse/aether/aether-impl/0.9.0.M2/aether-impl-0.9.0.M2.pom
Progress (1): 944 B
Progress (1): 3.3 kB
                    
Downloaded from oss.sonatype.org: https://oss.sonatype.org/content/groups/public/org/eclipse/aether/aether-impl/0.9.0.M2/aether-impl-0.9.0.M2.pom (3.3 kB at 5.4 kB/s)
Downloading from oss.sonatype.org: https://oss.sonatype.org/content/groups/public/org/codehaus/plexus/plexus-classworlds/2.5.1/plexus-classworlds-2.5.1.pom
Progress (1): 931 B
Progress (1): 3.0 kB
Progress (1): 5.0 kB
                    
Downloaded from oss.sonatype.org: https://oss.sonatype.org/content/groups/public/org/codehaus/plexus/plexus-classworlds/2.5.1/plexus-classworlds-2.5.1.pom (5.0 kB at 6.9 kB/s)
Downloading from oss.sonatype.org: https://oss.sonatype.org/content/groups/public/org/apache/maven/shared/maven-shared-utils/3.3.3/maven-shared-utils-3.3.3.pom
Progress (1): 807 B
Progress (1): 2.3 kB
Progress (1): 4.7 kB
Progress (1): 5.8 kB
                    
Downloaded from oss.sonatype.org: https://oss.sonatype.org/content/groups/public/org/apache/maven/shared/maven-shared-utils/3.3.3/maven-shared-utils-3.3.3.pom (5.8 kB at 9.4 kB/s)
Downloading from oss.sonatype.org: https://oss.sonatype.org/content/groups/public/org/apache/commons/commons-compress/1.20/commons-compress-1.20.pom
Progress (1): 781 B
Progress (1): 2.0 kB
Progress (1): 3.6 kB
Progress (1): 6.8 kB
Progress (1): 7.7 kB
Progress (1): 9.6 kB
Progress (1): 13 kB 
Progress (1): 16 kB
Progress (1): 18 kB
                   
Downloaded from oss.sonatype.org: https://oss.sonatype.org/content/groups/public/org/apache/commons/commons-compress/1.20/commons-compress-1.20.pom (18 kB at 30 kB/s)
Downloading from oss.sonatype.org: https://oss.sonatype.org/content/groups/public/org/apache/commons/commons-parent/48/commons-parent-48.pom
Progress (1): 704 B
Progress (1): 1.9 kB
Progress (1): 3.2 kB
Progress (1): 4.7 kB
Progress (1): 8.4 kB
Progress (1): 11 kB 
Progress (1): 14 kB
Progress (1): 17 kB
Progress (1): 21 kB
Progress (1): 24 kB
Progress (1): 26 kB
Progress (1): 29 kB
Progress (1): 32 kB
Progress (1): 36 kB
Progress (1): 38 kB
Progress (1): 39 kB
Progress (1): 41 kB
Progress (1): 45 kB
Progress (1): 50 kB
Progress (1): 55 kB
Progress (1): 59 kB
Progress (1): 62 kB
Progress (1): 64 kB
Progress (1): 66 kB
Progress (1): 68 kB
Progress (1): 70 kB
Progress (1): 72 kB
Progress (1): 72 kB
                   
Downloaded from oss.sonatype.org: https://oss.sonatype.org/content/groups/public/org/apache/commons/commons-parent/48/commons-parent-48.pom (72 kB at 120 kB/s)
Downloading from oss.sonatype.org: https://oss.sonatype.org/content/groups/public/org/codehaus/plexus/plexus-archiver/4.2.7/plexus-archiver-4.2.7.pom
Progress (1): 1.3 kB
Progress (1): 3.7 kB
Progress (1): 4.9 kB
                    
Downloaded from oss.sonatype.org: https://oss.sonatype.org/content/groups/public/org/codehaus/plexus/plexus-archiver/4.2.7/plexus-archiver-4.2.7.pom (4.9 kB at 8.2 kB/s)
Downloading from oss.sonatype.org: https://oss.sonatype.org/content/groups/public/org/codehaus/plexus/plexus/8/plexus-8.pom
Progress (1): 696 B
Progress (1): 2.7 kB
Progress (1): 6.4 kB
Progress (1): 9.2 kB
Progress (1): 11 kB 
Progress (1): 15 kB
Progress (1): 20 kB
Progress (1): 24 kB
Progress (1): 25 kB
                   
Downloaded from oss.sonatype.org: https://oss.sonatype.org/content/groups/public/org/codehaus/plexus/plexus/8/plexus-8.pom (25 kB at 42 kB/s)
Downloading from oss.sonatype.org: https://oss.sonatype.org/content/groups/public/org/codehaus/plexus/plexus-utils/3.4.1/plexus-utils-3.4.1.pom
Progress (1): 817 B
Progress (1): 2.6 kB
Progress (1): 3.2 kB
Progress (1): 5.3 kB
Progress (1): 8.0 kB
                    
Downloaded from oss.sonatype.org: https://oss.sonatype.org/content/groups/public/org/codehaus/plexus/plexus-utils/3.4.1/plexus-utils-3.4.1.pom (8.0 kB at 13 kB/s)
Downloading from oss.sonatype.org: https://oss.sonatype.org/content/groups/public/org/codehaus/plexus/plexus-io/3.2.0/plexus-io-3.2.0.pom
Progress (1): 1.4 kB
Progress (1): 4.4 kB
Progress (1): 4.5 kB
                    
Downloaded from oss.sonatype.org: https://oss.sonatype.org/content/groups/public/org/codehaus/plexus/plexus-io/3.2.0/plexus-io-3.2.0.pom (4.5 kB at 7.2 kB/s)
Downloading from oss.sonatype.org: https://oss.sonatype.org/content/groups/public/org/apache/commons/commons-compress/1.21/commons-compress-1.21.pom
Progress (1): 753 B
Progress (1): 1.9 kB
Progress (1): 3.5 kB
Progress (1): 6.8 kB
Progress (1): 9.1 kB
Progress (1): 11 kB 
Progress (1): 14 kB
Progress (1): 18 kB
Progress (1): 20 kB
                   
Downloaded from oss.sonatype.org: https://oss.sonatype.org/content/groups/public/org/apache/commons/commons-compress/1.21/commons-compress-1.21.pom (20 kB at 33 kB/s)
Downloading from oss.sonatype.org: https://oss.sonatype.org/content/groups/public/org/apache/maven/shared/maven-dependency-tree/3.0/maven-dependency-tree-3.0.pom
Progress (1): 807 B
Progress (1): 2.3 kB
Progress (1): 4.1 kB
Progress (1): 5.9 kB
Progress (1): 7.4 kB
                    
Downloaded from oss.sonatype.org: https://oss.sonatype.org/content/groups/public/org/apache/maven/shared/maven-dependency-tree/3.0/maven-dependency-tree-3.0.pom (7.4 kB at 12 kB/s)
Downloading from oss.sonatype.org: https://oss.sonatype.org/content/groups/public/org/apache/maven/shared/maven-shared-components/21/maven-shared-components-21.pom
Progress (1): 798 B
Progress (1): 2.4 kB
Progress (1): 4.2 kB
Progress (1): 5.1 kB
                    
Downloaded from oss.sonatype.org: https://oss.sonatype.org/content/groups/public/org/apache/maven/shared/maven-shared-components/21/maven-shared-components-21.pom (5.1 kB at 8.6 kB/s)
Downloading from oss.sonatype.org: https://oss.sonatype.org/content/groups/public/org/jdom/jdom/1.1/jdom-1.1.pom
Progress (1): 905 B
Progress (1): 2.2 kB
                    
Downloaded from oss.sonatype.org: https://oss.sonatype.org/content/groups/public/org/jdom/jdom/1.1/jdom-1.1.pom (2.2 kB at 3.6 kB/s)
Downloading from oss.sonatype.org: https://oss.sonatype.org/content/groups/public/org/apache/felix/maven-bundle-plugin/5.1.8/maven-bundle-plugin-5.1.8.jar
Progress (1): 7.7/212 kB
Progress (1): 16/212 kB 
Progress (1): 32/212 kB
Progress (1): 49/212 kB
Progress (1): 65/212 kB
Progress (1): 81/212 kB
Progress (1): 98/212 kB
Progress (1): 114/212 kB
Progress (1): 131/212 kB
Progress (1): 147/212 kB
Progress (1): 147/212 kB
Progress (1): 164/212 kB
Progress (1): 180/212 kB
Progress (1): 197/212 kB
Progress (1): 212 kB    
                    
Downloaded from oss.sonatype.org: https://oss.sonatype.org/content/groups/public/org/apache/felix/maven-bundle-plugin/5.1.8/maven-bundle-plugin-5.1.8.jar (212 kB at 337 kB/s)
Downloading from oss.sonatype.org: https://oss.sonatype.org/content/groups/public/org/osgi/org.osgi.core/6.0.0/org.osgi.core-6.0.0.jar
Downloading from oss.sonatype.org: https://oss.sonatype.org/content/groups/public/biz/aQute/bnd/biz.aQute.bndlib/6.3.1/biz.aQute.bndlib-6.3.1.jar
Downloading from oss.sonatype.org: https://oss.sonatype.org/content/groups/public/org/osgi/org.osgi.dto/1.0.0/org.osgi.dto-1.0.0.jar
Downloading from oss.sonatype.org: https://oss.sonatype.org/content/groups/public/org/osgi/org.osgi.resource/1.0.0/org.osgi.resource-1.0.0.jar
Downloading from oss.sonatype.org: https://oss.sonatype.org/content/groups/public/org/osgi/org.osgi.framework/1.8.0/org.osgi.framework-1.8.0.jar
Progress (1): 7.7/345 kB
Progress (1): 16/345 kB 
Progress (1): 32/345 kB
Progress (1): 49/345 kB
Progress (2): 49/345 kB | 7.7/33 kB
Progress (2): 49/345 kB | 11/33 kB 
Progress (2): 49/345 kB | 28/33 kB
Progress (2): 49/345 kB | 33 kB   
Progress (2): 65/345 kB | 33 kB
                               
Downloaded from oss.sonatype.org: https://oss.sonatype.org/content/groups/public/org/osgi/org.osgi.resource/1.0.0/org.osgi.resource-1.0.0.jar (33 kB at 53 kB/s)
Downloading from oss.sonatype.org: https://oss.sonatype.org/content/groups/public/org/osgi/org.osgi.util.tracker/1.5.4/org.osgi.util.tracker-1.5.4.jar
Progress (1): 81/345 kB
Progress (1): 82/345 kB
Progress (1): 98/345 kB
Progress (1): 115/345 kB
Progress (1): 131/345 kB
Progress (1): 147/345 kB
Progress (1): 164/345 kB
Progress (1): 180/345 kB
Progress (1): 197/345 kB
Progress (1): 213/345 kB
Progress (1): 229/345 kB
Progress (1): 246/345 kB
Progress (1): 262/345 kB
Progress (1): 279/345 kB
Progress (1): 295/345 kB
Progress (1): 306/345 kB
Progress (1): 323/345 kB
Progress (1): 339/345 kB
Progress (1): 345 kB    
                    
Downloaded from oss.sonatype.org: https://oss.sonatype.org/content/groups/public/org/osgi/org.osgi.framework/1.8.0/org.osgi.framework-1.8.0.jar (345 kB at 529 kB/s)
Downloading from oss.sonatype.org: https://oss.sonatype.org/content/groups/public/org/osgi/osgi.annotation/8.0.1/osgi.annotation-8.0.1.jar
Progress (1): 0/3.2 MB
Progress (1): 0/3.2 MB
Progress (1): 0/3.2 MB
Progress (1): 0.1/3.2 MB
Progress (1): 0.1/3.2 MB
Progress (1): 0.1/3.2 MB
Progress (1): 0.1/3.2 MB
Progress (1): 0.1/3.2 MB
Progress (2): 0.1/3.2 MB | 7.7/15 kB
Progress (2): 0.1/3.2 MB | 15 kB    
                                
Downloaded from oss.sonatype.org: https://oss.sonatype.org/content/groups/public/org/osgi/org.osgi.dto/1.0.0/org.osgi.dto-1.0.0.jar (15 kB at 21 kB/s)
Downloading from oss.sonatype.org: https://oss.sonatype.org/content/groups/public/org/osgi/org.osgi.service.log/1.3.0/org.osgi.service.log-1.3.0.jar
Progress (1): 0.1/3.2 MB
Progress (1): 0.1/3.2 MB
Progress (1): 0.2/3.2 MB
Progress (1): 0.2/3.2 MB
Progress (1): 0.2/3.2 MB
Progress (1): 0.2/3.2 MB
Progress (2): 0.2/3.2 MB | 3.2/475 kB
Progress (2): 0.2/3.2 MB | 3.2/475 kB
Progress (2): 0.2/3.2 MB | 20/475 kB 
Progress (2): 0.2/3.2 MB | 36/475 kB
Progress (2): 0.2/3.2 MB | 52/475 kB
Progress (2): 0.2/3.2 MB | 61/475 kB
Progress (2): 0.2/3.2 MB | 77/475 kB
Progress (2): 0.2/3.2 MB | 93/475 kB
Progress (2): 0.2/3.2 MB | 110/475 kB
Progress (2): 0.2/3.2 MB | 126/475 kB
Progress (2): 0.2/3.2 MB | 142/475 kB
Progress (2): 0.2/3.2 MB | 159/475 kB
Progress (2): 0.2/3.2 MB | 175/475 kB
Progress (2): 0.2/3.2 MB | 192/475 kB
Progress (2): 0.2/3.2 MB | 208/475 kB
Progress (2): 0.2/3.2 MB | 224/475 kB
Progress (2): 0.2/3.2 MB | 230/475 kB
Progress (2): 0.2/3.2 MB | 230/475 kB
Progress (2): 0.2/3.2 MB | 246/475 kB
Progress (2): 0.2/3.2 MB | 263/475 kB
Progress (2): 0.2/3.2 MB | 279/475 kB
Progress (2): 0.2/3.2 MB | 296/475 kB
Progress (2): 0.2/3.2 MB | 312/475 kB
Progress (2): 0.2/3.2 MB | 328/475 kB
Progress (2): 0.2/3.2 MB | 345/475 kB
Progress (2): 0.2/3.2 MB | 361/475 kB
Progress (2): 0.2/3.2 MB | 378/475 kB
Progress (2): 0.2/3.2 MB | 394/475 kB
Progress (2): 0.2/3.2 MB | 410/475 kB
Progress (2): 0.2/3.2 MB | 427/475 kB
Progress (2): 0.2/3.2 MB | 443/475 kB
Progress (2): 0.3/3.2 MB | 443/475 kB
Progress (2): 0.3/3.2 MB | 459/475 kB
Progress (2): 0.3/3.2 MB | 475 kB    
                                 
Downloaded from oss.sonatype.org: https://oss.sonatype.org/content/groups/public/org/osgi/org.osgi.core/6.0.0/org.osgi.core-6.0.0.jar (475 kB at 637 kB/s)
Downloading from oss.sonatype.org: https://oss.sonatype.org/content/groups/public/org/osgi/org.osgi.service.repository/1.1.0/org.osgi.service.repository-1.1.0.jar
Progress (1): 0.3/3.2 MB
Progress (1): 0.3/3.2 MB
Progress (1): 0.3/3.2 MB
Progress (1): 0.3/3.2 MB
Progress (1): 0.3/3.2 MB
Progress (1): 0.4/3.2 MB
Progress (1): 0.4/3.2 MB
Progress (1): 0.4/3.2 MB
Progress (1): 0.4/3.2 MB
Progress (1): 0.4/3.2 MB
Progress (1): 0.4/3.2 MB
Progress (1): 0.5/3.2 MB
Progress (1): 0.5/3.2 MB
Progress (1): 0.5/3.2 MB
Progress (1): 0.5/3.2 MB
Progress (1): 0.5/3.2 MB
Progress (1): 0.5/3.2 MB
Progress (1): 0.6/3.2 MB
Progress (1): 0.6/3.2 MB
Progress (1): 0.6/3.2 MB
Progress (1): 0.6/3.2 MB
Progress (1): 0.6/3.2 MB
Progress (1): 0.6/3.2 MB
Progress (1): 0.7/3.2 MB
Progress (1): 0.7/3.2 MB
Progress (1): 0.7/3.2 MB
Progress (1): 0.7/3.2 MB
Progress (1): 0.7/3.2 MB
Progress (1): 0.7/3.2 MB
Progress (1): 0.7/3.2 MB
Progress (1): 0.7/3.2 MB
Progress (1): 0.8/3.2 MB
Progress (1): 0.8/3.2 MB
Progress (1): 0.8/3.2 MB
Progress (1): 0.8/3.2 MB
Progress (1): 0.8/3.2 MB
Progress (1): 0.8/3.2 MB
Progress (1): 0.9/3.2 MB
Progress (1): 0.9/3.2 MB
Progress (1): 0.9/3.2 MB
Progress (1): 0.9/3.2 MB
Progress (1): 0.9/3.2 MB
Progress (1): 0.9/3.2 MB
Progress (1): 1.0/3.2 MB
Progress (1): 1.0/3.2 MB
Progress (1): 1.0/3.2 MB
Progress (1): 1.0/3.2 MB
Progress (1): 1.0/3.2 MB
Progress (1): 1.0/3.2 MB
Progress (1): 1.0/3.2 MB
Progress (1): 1.1/3.2 MB
Progress (1): 1.1/3.2 MB
Progress (1): 1.1/3.2 MB
Progress (1): 1.1/3.2 MB
Progress (1): 1.1/3.2 MB
Progress (1): 1.1/3.2 MB
Progress (1): 1.2/3.2 MB
Progress (1): 1.2/3.2 MB
Progress (1): 1.2/3.2 MB
Progress (1): 1.2/3.2 MB
Progress (1): 1.2/3.2 MB
Progress (1): 1.2/3.2 MB
Progress (1): 1.3/3.2 MB
Progress (1): 1.3/3.2 MB
Progress (1): 1.3/3.2 MB
Progress (1): 1.3/3.2 MB
Progress (1): 1.3/3.2 MB
Progress (1): 1.3/3.2 MB
Progress (1): 1.4/3.2 MB
Progress (1): 1.4/3.2 MB
Progress (1): 1.4/3.2 MB
Progress (1): 1.4/3.2 MB
Progress (1): 1.4/3.2 MB
Progress (1): 1.4/3.2 MB
Progress (1): 1.5/3.2 MB
Progress (1): 1.5/3.2 MB
Progress (1): 1.5/3.2 MB
Progress (1): 1.5/3.2 MB
Progress (1): 1.5/3.2 MB
Progress (1): 1.5/3.2 MB
Progress (1): 1.6/3.2 MB
Progress (1): 1.6/3.2 MB
Progress (1): 1.6/3.2 MB
Progress (1): 1.6/3.2 MB
Progress (1): 1.6/3.2 MB
Progress (1): 1.6/3.2 MB
Progress (1): 1.7/3.2 MB
Progress (1): 1.7/3.2 MB
Progress (1): 1.7/3.2 MB
Progress (1): 1.7/3.2 MB
Progress (1): 1.7/3.2 MB
Progress (1): 1.7/3.2 MB
Progress (1): 1.8/3.2 MB
Progress (1): 1.8/3.2 MB
Progress (1): 1.8/3.2 MB
Progress (1): 1.8/3.2 MB
Progress (1): 1.8/3.2 MB
Progress (1): 1.8/3.2 MB
Progress (1): 1.9/3.2 MB
Progress (1): 1.9/3.2 MB
Progress (1): 1.9/3.2 MB
Progress (1): 1.9/3.2 MB
Progress (1): 1.9/3.2 MB
Progress (1): 1.9/3.2 MB
Progress (1): 2.0/3.2 MB
Progress (1): 2.0/3.2 MB
Progress (1): 2.0/3.2 MB
Progress (1): 2.0/3.2 MB
Progress (1): 2.0/3.2 MB
Progress (1): 2.0/3.2 MB
Progress (1): 2.0/3.2 MB
Progress (1): 2.1/3.2 MB
Progress (1): 2.1/3.2 MB
Progress (1): 2.1/3.2 MB
Progress (1): 2.1/3.2 MB
Progress (1): 2.1/3.2 MB
Progress (1): 2.1/3.2 MB
Progress (1): 2.2/3.2 MB
Progress (1): 2.2/3.2 MB
Progress (1): 2.2/3.2 MB
Progress (1): 2.2/3.2 MB
Progress (1): 2.2/3.2 MB
Progress (1): 2.2/3.2 MB
Progress (1): 2.3/3.2 MB
Progress (1): 2.3/3.2 MB
Progress (1): 2.3/3.2 MB
Progress (1): 2.3/3.2 MB
Progress (1): 2.3/3.2 MB
Progress (1): 2.3/3.2 MB
Progress (1): 2.4/3.2 MB
Progress (1): 2.4/3.2 MB
Progress (1): 2.4/3.2 MB
Progress (1): 2.4/3.2 MB
Progress (1): 2.4/3.2 MB
Progress (1): 2.4/3.2 MB
Progress (1): 2.5/3.2 MB
Progress (1): 2.5/3.2 MB
Progress (1): 2.5/3.2 MB
Progress (1): 2.5/3.2 MB
Progress (1): 2.5/3.2 MB
Progress (1): 2.5/3.2 MB
Progress (1): 2.6/3.2 MB
Progress (1): 2.6/3.2 MB
Progress (1): 2.6/3.2 MB
Progress (1): 2.6/3.2 MB
Progress (1): 2.6/3.2 MB
Progress (1): 2.6/3.2 MB
Progress (1): 2.7/3.2 MB
Progress (1): 2.7/3.2 MB
Progress (1): 2.7/3.2 MB
Progress (1): 2.7/3.2 MB
Progress (1): 2.7/3.2 MB
Progress (1): 2.7/3.2 MB
Progress (1): 2.8/3.2 MB
Progress (1): 2.8/3.2 MB
Progress (1): 2.8/3.2 MB
Progress (1): 2.8/3.2 MB
Progress (1): 2.8/3.2 MB
Progress (1): 2.8/3.2 MB
Progress (1): 2.9/3.2 MB
Progress (1): 2.9/3.2 MB
Progress (1): 2.9/3.2 MB
Progress (1): 2.9/3.2 MB
Progress (1): 2.9/3.2 MB
Progress (1): 2.9/3.2 MB
Progress (1): 2.9/3.2 MB
Progress (1): 3.0/3.2 MB
Progress (1): 3.0/3.2 MB
Progress (1): 3.0/3.2 MB
Progress (1): 3.0/3.2 MB
Progress (1): 3.0/3.2 MB
Progress (1): 3.0/3.2 MB
Progress (1): 3.1/3.2 MB
Progress (1): 3.1/3.2 MB
Progress (1): 3.1/3.2 MB
Progress (1): 3.1/3.2 MB
Progress (1): 3.1/3.2 MB
Progress (1): 3.1/3.2 MB
Progress (1): 3.2/3.2 MB
Progress (1): 3.2/3.2 MB
Progress (1): 3.2 MB    
                    
Downloaded from oss.sonatype.org: https://oss.sonatype.org/content/groups/public/biz/aQute/bnd/biz.aQute.bndlib/6.3.1/biz.aQute.bndlib-6.3.1.jar (3.2 MB at 2.7 MB/s)
Downloading from oss.sonatype.org: https://oss.sonatype.org/content/groups/public/org/osgi/org.osgi.util.function/1.2.0/org.osgi.util.function-1.2.0.jar
Progress (1): 8.2/44 kB
Progress (1): 16/44 kB 
Progress (1): 33/44 kB
Progress (1): 41/44 kB
Progress (1): 44 kB   
                   
Downloaded from oss.sonatype.org: https://oss.sonatype.org/content/groups/public/org/osgi/org.osgi.util.tracker/1.5.4/org.osgi.util.tracker-1.5.4.jar (44 kB at 36 kB/s)
Downloading from oss.sonatype.org: https://oss.sonatype.org/content/groups/public/org/osgi/org.osgi.util.promise/1.2.0/org.osgi.util.promise-1.2.0.jar
Progress (1): 7.3/37 kB
Progress (1): 15/37 kB 
Progress (1): 32/37 kB
Progress (1): 37 kB   
                   
Downloaded from oss.sonatype.org: https://oss.sonatype.org/content/groups/public/org/osgi/osgi.annotation/8.0.1/osgi.annotation-8.0.1.jar (37 kB at 29 kB/s)
Downloading from oss.sonatype.org: https://oss.sonatype.org/content/groups/public/biz/aQute/bnd/biz.aQute.bnd.util/6.3.1/biz.aQute.bnd.util-6.3.1.jar
Progress (1): 7.7/17 kB
Progress (1): 7.7/17 kB
Progress (1): 17 kB    
                   
Downloaded from oss.sonatype.org: https://oss.sonatype.org/content/groups/public/org/osgi/org.osgi.service.log/1.3.0/org.osgi.service.log-1.3.0.jar (17 kB at 13 kB/s)
Downloading from oss.sonatype.org: https://oss.sonatype.org/content/groups/public/org/apache/felix/org.apache.felix.bundlerepository/1.6.6/org.apache.felix.bundlerepository-1.6.6.jar
Progress (1): 7.7/25 kB
Progress (1): 16/25 kB 
Progress (1): 25 kB   
                   
Downloaded from oss.sonatype.org: https://oss.sonatype.org/content/groups/public/org/osgi/org.osgi.service.repository/1.1.0/org.osgi.service.repository-1.1.0.jar (25 kB at 19 kB/s)
Downloading from oss.sonatype.org: https://oss.sonatype.org/content/groups/public/org/easymock/easymock/2.4/easymock-2.4.jar
Progress (1): 7.7/24 kB
Progress (1): 11/24 kB 
Progress (1): 24 kB   
                   
Downloaded from oss.sonatype.org: https://oss.sonatype.org/content/groups/public/org/osgi/org.osgi.util.function/1.2.0/org.osgi.util.function-1.2.0.jar (24 kB at 13 kB/s)
Downloading from oss.sonatype.org: https://oss.sonatype.org/content/groups/public/org/apache/felix/org.apache.felix.utils/1.6.0/org.apache.felix.utils-1.6.0.jar
Progress (1): 7.7/83 kB
Progress (1): 7.7/83 kB
Progress (1): 24/83 kB 
Progress (1): 40/83 kB
Progress (1): 57/83 kB
Progress (1): 73/83 kB
Progress (1): 83 kB   
                   
Downloaded from oss.sonatype.org: https://oss.sonatype.org/content/groups/public/org/osgi/org.osgi.util.promise/1.2.0/org.osgi.util.promise-1.2.0.jar (83 kB at 44 kB/s)
Downloading from oss.sonatype.org: https://oss.sonatype.org/content/groups/public/org/osgi/org.osgi.compendium/4.2.0/org.osgi.compendium-4.2.0.jar
Progress (1): 7.7/168 kB
Progress (1): 16/168 kB 
Progress (1): 24/168 kB
Progress (1): 40/168 kB
Progress (1): 57/168 kB
Progress (1): 73/168 kB
Progress (1): 90/168 kB
Progress (1): 106/168 kB
Progress (1): 122/168 kB
Progress (1): 139/168 kB
Progress (1): 155/168 kB
Progress (1): 168 kB    
                    
Downloaded from oss.sonatype.org: https://oss.sonatype.org/content/groups/public/org/apache/felix/org.apache.felix.bundlerepository/1.6.6/org.apache.felix.bundlerepository-1.6.6.jar (168 kB at 88 kB/s)
Downloading from oss.sonatype.org: https://oss.sonatype.org/content/groups/public/org/apache/maven/maven-core/3.3.9/maven-core-3.3.9.jar
Progress (1): 7.7/424 kB
Progress (1): 7.7/424 kB
Progress (1): 24/424 kB 
Progress (1): 40/424 kB
Progress (1): 57/424 kB
Progress (1): 73/424 kB
Progress (1): 90/424 kB
Progress (1): 106/424 kB
Progress (1): 122/424 kB
Progress (1): 139/424 kB
Progress (1): 155/424 kB
Progress (1): 172/424 kB
Progress (1): 188/424 kB
Progress (1): 204/424 kB
Progress (2): 204/424 kB | 7.7/81 kB
Progress (2): 204/424 kB | 16/81 kB 
Progress (2): 204/424 kB | 24/81 kB
Progress (2): 204/424 kB | 40/81 kB
Progress (2): 204/424 kB | 57/81 kB
Progress (2): 204/424 kB | 66/81 kB
Progress (2): 204/424 kB | 81 kB   
Progress (2): 221/424 kB | 81 kB
                                
Downloaded from oss.sonatype.org: https://oss.sonatype.org/content/groups/public/org/easymock/easymock/2.4/easymock-2.4.jar (81 kB at 41 kB/s)
Downloading from oss.sonatype.org: https://oss.sonatype.org/content/groups/public/org/apache/maven/maven-model/3.3.9/maven-model-3.3.9.jar
Progress (1): 237/424 kB
Progress (1): 253/424 kB
Progress (1): 270/424 kB
Progress (1): 286/424 kB
Progress (1): 303/424 kB
Progress (1): 319/424 kB
Progress (1): 335/424 kB
Progress (1): 352/424 kB
Progress (1): 368/424 kB
Progress (1): 385/424 kB
Progress (1): 401/424 kB
Progress (1): 417/424 kB
Progress (1): 424 kB    
                    
Downloaded from oss.sonatype.org: https://oss.sonatype.org/content/groups/public/biz/aQute/bnd/biz.aQute.bnd.util/6.3.1/biz.aQute.bnd.util-6.3.1.jar (424 kB at 211 kB/s)
Downloading from oss.sonatype.org: https://oss.sonatype.org/content/groups/public/org/apache/maven/maven-settings/3.3.9/maven-settings-3.3.9.jar
Progress (1): 7.7/68 kB
Progress (1): 11/68 kB 
Progress (1): 28/68 kB
Progress (1): 44/68 kB
Progress (1): 61/68 kB
Progress (1): 68 kB   
                   
Downloaded from oss.sonatype.org: https://oss.sonatype.org/content/groups/public/org/apache/felix/org.apache.felix.utils/1.6.0/org.apache.felix.utils-1.6.0.jar (68 kB at 28 kB/s)
Downloading from oss.sonatype.org: https://oss.sonatype.org/content/groups/public/org/apache/maven/maven-settings-builder/3.3.9/maven-settings-builder-3.3.9.jar
Progress (1): 7.7/614 kB
Progress (1): 16/614 kB 
Progress (1): 32/614 kB
Progress (1): 49/614 kB
Progress (1): 57/614 kB
Progress (1): 73/614 kB
Progress (1): 90/614 kB
Progress (1): 106/614 kB
Progress (1): 122/614 kB
Progress (1): 139/614 kB
Progress (1): 155/614 kB
Progress (1): 172/614 kB
Progress (1): 188/614 kB
Progress (1): 204/614 kB
Progress (1): 221/614 kB
Progress (1): 237/614 kB
Progress (1): 253/614 kB
Progress (1): 270/614 kB
Progress (1): 286/614 kB
Progress (1): 302/614 kB
Progress (1): 319/614 kB
Progress (1): 335/614 kB
Progress (1): 352/614 kB
Progress (1): 368/614 kB
Progress (1): 384/614 kB
Progress (1): 401/614 kB
Progress (1): 417/614 kB
Progress (1): 434/614 kB
Progress (1): 450/614 kB
Progress (1): 466/614 kB
Progress (1): 483/614 kB
Progress (1): 499/614 kB
Progress (1): 515/614 kB
Progress (1): 532/614 kB
Progress (1): 548/614 kB
Progress (1): 565/614 kB
Progress (1): 581/614 kB
Progress (1): 597/614 kB
Progress (1): 614/614 kB
Progress (1): 614 kB    
                    
Downloaded from oss.sonatype.org: https://oss.sonatype.org/content/groups/public/org/osgi/org.osgi.compendium/4.2.0/org.osgi.compendium-4.2.0.jar (614 kB at 244 kB/s)
Downloading from oss.sonatype.org: https://oss.sonatype.org/content/groups/public/org/apache/maven/maven-builder-support/3.3.9/maven-builder-support-3.3.9.jar
Progress (1): 7.7/638 kB
Progress (1): 16/638 kB 
Progress (1): 32/638 kB
Progress (1): 49/638 kB
Progress (1): 65/638 kB
Progress (1): 81/638 kB
Progress (1): 98/638 kB
Progress (1): 114/638 kB
Progress (1): 131/638 kB
Progress (1): 147/638 kB
Progress (1): 163/638 kB
Progress (1): 180/638 kB
Progress (1): 196/638 kB
Progress (1): 212/638 kB
Progress (1): 217/638 kB
Progress (1): 233/638 kB
Progress (1): 250/638 kB
Progress (1): 266/638 kB
Progress (1): 282/638 kB
Progress (1): 299/638 kB
Progress (1): 315/638 kB
Progress (1): 331/638 kB
Progress (1): 348/638 kB
Progress (1): 364/638 kB
Progress (1): 381/638 kB
Progress (1): 397/638 kB
Progress (1): 413/638 kB
Progress (1): 430/638 kB
Progress (1): 436/638 kB
Progress (1): 452/638 kB
Progress (1): 469/638 kB
Progress (1): 485/638 kB
Progress (1): 502/638 kB
Progress (1): 518/638 kB
Progress (1): 534/638 kB
Progress (1): 551/638 kB
Progress (1): 567/638 kB
Progress (1): 583/638 kB
Progress (1): 600/638 kB
Progress (1): 616/638 kB
Progress (1): 633/638 kB
Progress (1): 638 kB    
                    
Downloaded from oss.sonatype.org: https://oss.sonatype.org/content/groups/public/org/apache/maven/maven-core/3.3.9/maven-core-3.3.9.jar (638 kB at 251 kB/s)
Downloading from oss.sonatype.org: https://oss.sonatype.org/content/groups/public/org/apache/maven/maven-repository-metadata/3.3.9/maven-repository-metadata-3.3.9.jar
Progress (1): 8.2/44 kB
Progress (1): 25/44 kB 
Progress (1): 41/44 kB
Progress (1): 44 kB   
                   
Downloaded from oss.sonatype.org: https://oss.sonatype.org/content/groups/public/org/apache/maven/maven-settings/3.3.9/maven-settings-3.3.9.jar (44 kB at 17 kB/s)
Downloading from oss.sonatype.org: https://oss.sonatype.org/content/groups/public/org/apache/maven/maven-artifact/3.3.9/maven-artifact-3.3.9.jar
Progress (1): 7.7/164 kB
Progress (1): 16/164 kB 
Progress (1): 32/164 kB
Progress (1): 47/164 kB
Progress (1): 63/164 kB
Progress (1): 79/164 kB
Progress (1): 96/164 kB
Progress (1): 112/164 kB
Progress (1): 129/164 kB
Progress (1): 131/164 kB
Progress (1): 147/164 kB
Progress (1): 164/164 kB
Progress (1): 164 kB    
                    
Downloaded from oss.sonatype.org: https://oss.sonatype.org/content/groups/public/org/apache/maven/maven-model/3.3.9/maven-model-3.3.9.jar (164 kB at 62 kB/s)
Downloading from oss.sonatype.org: https://oss.sonatype.org/content/groups/public/org/apache/maven/maven-plugin-api/3.3.9/maven-plugin-api-3.3.9.jar
Progress (1): 7.7/43 kB
Progress (1): 16/43 kB 
Progress (1): 32/43 kB
Progress (1): 43 kB   
                   
Downloaded from oss.sonatype.org: https://oss.sonatype.org/content/groups/public/org/apache/maven/maven-settings-builder/3.3.9/maven-settings-builder-3.3.9.jar (43 kB at 14 kB/s)
Downloading from oss.sonatype.org: https://oss.sonatype.org/content/groups/public/org/apache/maven/maven-model-builder/3.3.9/maven-model-builder-3.3.9.jar
Progress (1): 7.7/15 kB
Progress (1): 15 kB    
                   
Downloaded from oss.sonatype.org: https://oss.sonatype.org/content/groups/public/org/apache/maven/maven-builder-support/3.3.9/maven-builder-support-3.3.9.jar (15 kB at 4.7 kB/s)
Downloading from oss.sonatype.org: https://oss.sonatype.org/content/groups/public/org/apache/maven/maven-aether-provider/3.3.9/maven-aether-provider-3.3.9.jar
Progress (1): 7.7/27 kB
Progress (1): 11/27 kB 
Progress (1): 27 kB   
                   
Downloaded from oss.sonatype.org: https://oss.sonatype.org/content/groups/public/org/apache/maven/maven-repository-metadata/3.3.9/maven-repository-metadata-3.3.9.jar (27 kB at 8.7 kB/s)
Downloading from oss.sonatype.org: https://oss.sonatype.org/content/groups/public/org/eclipse/aether/aether-spi/1.0.2.v20150114/aether-spi-1.0.2.v20150114.jar
Progress (1): 7.7/55 kB
Progress (1): 16/55 kB 
Progress (1): 24/55 kB
Progress (1): 40/55 kB
Progress (1): 55 kB   
                   
Downloaded from oss.sonatype.org: https://oss.sonatype.org/content/groups/public/org/apache/maven/maven-artifact/3.3.9/maven-artifact-3.3.9.jar (55 kB at 17 kB/s)
Downloading from oss.sonatype.org: https://oss.sonatype.org/content/groups/public/org/eclipse/aether/aether-impl/1.0.2.v20150114/aether-impl-1.0.2.v20150114.jar
Progress (1): 3.2/47 kB
Progress (1): 11/47 kB 
Progress (1): 28/47 kB
Progress (1): 44/47 kB
Progress (1): 47 kB   
                   
Downloaded from oss.sonatype.org: https://oss.sonatype.org/content/groups/public/org/apache/maven/maven-plugin-api/3.3.9/maven-plugin-api-3.3.9.jar (47 kB at 14 kB/s)
Downloading from oss.sonatype.org: https://oss.sonatype.org/content/groups/public/org/eclipse/aether/aether-api/1.0.2.v20150114/aether-api-1.0.2.v20150114.jar
Progress (1): 7.7/67 kB
Progress (1): 16/67 kB 
Progress (1): 29/67 kB
Progress (1): 45/67 kB
Progress (1): 61/67 kB
Progress (1): 67 kB   
                   
Downloaded from oss.sonatype.org: https://oss.sonatype.org/content/groups/public/org/apache/maven/maven-aether-provider/3.3.9/maven-aether-provider-3.3.9.jar (67 kB at 18 kB/s)
Downloading from oss.sonatype.org: https://oss.sonatype.org/content/groups/public/org/eclipse/aether/aether-util/1.0.2.v20150114/aether-util-1.0.2.v20150114.jar
Progress (1): 7.7/177 kB
Progress (1): 16/177 kB 
Progress (1): 24/177 kB
Progress (1): 40/177 kB
Progress (1): 57/177 kB
Progress (1): 73/177 kB
Progress (1): 90/177 kB
Progress (1): 106/177 kB
Progress (1): 122/177 kB
Progress (2): 122/177 kB | 7.7/31 kB
Progress (2): 122/177 kB | 16/31 kB 
Progress (2): 122/177 kB | 31 kB   
Progress (2): 139/177 kB | 31 kB
                                
Downloaded from oss.sonatype.org: https://oss.sonatype.org/content/groups/public/org/eclipse/aether/aether-spi/1.0.2.v20150114/aether-spi-1.0.2.v20150114.jar (31 kB at 8.1 kB/s)
Downloading from oss.sonatype.org: https://oss.sonatype.org/content/groups/public/org/eclipse/sisu/org.eclipse.sisu.plexus/0.3.2/org.eclipse.sisu.plexus-0.3.2.jar
Progress (1): 155/177 kB
Progress (1): 172/177 kB
Progress (1): 177 kB    
                    
Downloaded from oss.sonatype.org: https://oss.sonatype.org/content/groups/public/org/apache/maven/maven-model-builder/3.3.9/maven-model-builder-3.3.9.jar (177 kB at 47 kB/s)
Downloading from oss.sonatype.org: https://oss.sonatype.org/content/groups/public/org/eclipse/sisu/org.eclipse.sisu.inject/0.3.2/org.eclipse.sisu.inject-0.3.2.jar
Progress (1): 7.7/173 kB
Progress (1): 15/173 kB 
Progress (1): 32/173 kB
Progress (1): 48/173 kB
Progress (1): 65/173 kB
Progress (1): 81/173 kB
Progress (1): 97/173 kB
Progress (1): 114/173 kB
Progress (1): 130/173 kB
Progress (1): 147/173 kB
Progress (1): 163/173 kB
Progress (1): 173 kB    
                    
Downloaded from oss.sonatype.org: https://oss.sonatype.org/content/groups/public/org/eclipse/aether/aether-impl/1.0.2.v20150114/aether-impl-1.0.2.v20150114.jar (173 kB at 45 kB/s)
Downloading from oss.sonatype.org: https://oss.sonatype.org/content/groups/public/com/google/inject/guice/4.0/guice-4.0-no_aop.jar
Progress (1): 7.7/136 kB
Progress (1): 12/136 kB 
Progress (1): 29/136 kB
Progress (1): 45/136 kB
Progress (1): 61/136 kB
Progress (1): 78/136 kB
Progress (1): 94/136 kB
Progress (1): 111/136 kB
Progress (1): 127/136 kB
Progress (1): 136 kB    
                    
Downloaded from oss.sonatype.org: https://oss.sonatype.org/content/groups/public/org/eclipse/aether/aether-api/1.0.2.v20150114/aether-api-1.0.2.v20150114.jar (136 kB at 35 kB/s)
Downloading from oss.sonatype.org: https://oss.sonatype.org/content/groups/public/org/codehaus/plexus/plexus-interpolation/1.21/plexus-interpolation-1.21.jar
Progress (1): 7.7/147 kB
Progress (1): 11/147 kB 
Progress (1): 28/147 kB
Progress (1): 44/147 kB
Progress (2): 44/147 kB | 7.7/205 kB
Progress (2): 44/147 kB | 16/205 kB 
Progress (2): 44/147 kB | 24/205 kB
Progress (2): 61/147 kB | 24/205 kB
Progress (2): 61/147 kB | 40/205 kB
Progress (2): 61/147 kB | 57/205 kB
Progress (2): 77/147 kB | 57/205 kB
Progress (2): 77/147 kB | 73/205 kB
Progress (2): 77/147 kB | 90/205 kB
Progress (2): 93/147 kB | 90/205 kB
Progress (2): 93/147 kB | 106/205 kB
Progress (2): 93/147 kB | 122/205 kB
Progress (2): 110/147 kB | 122/205 kB
Progress (2): 110/147 kB | 139/205 kB
Progress (2): 110/147 kB | 155/205 kB
Progress (2): 126/147 kB | 155/205 kB
Progress (2): 131/147 kB | 155/205 kB
Progress (2): 131/147 kB | 172/205 kB
Progress (2): 131/147 kB | 188/205 kB
Progress (2): 147 kB | 188/205 kB    
Progress (2): 147 kB | 204/205 kB
Progress (2): 147 kB | 205 kB    
                             
Downloaded from oss.sonatype.org: https://oss.sonatype.org/content/groups/public/org/eclipse/aether/aether-util/1.0.2.v20150114/aether-util-1.0.2.v20150114.jar (147 kB at 33 kB/s)
Downloading from oss.sonatype.org: https://oss.sonatype.org/content/groups/public/org/codehaus/plexus/plexus-component-annotations/1.6/plexus-component-annotations-1.6.jar
Downloaded from oss.sonatype.org: https://oss.sonatype.org/content/groups/public/org/eclipse/sisu/org.eclipse.sisu.plexus/0.3.2/org.eclipse.sisu.plexus-0.3.2.jar (205 kB at 47 kB/s)
Downloading from oss.sonatype.org: https://oss.sonatype.org/content/groups/public/org/apache/commons/commons-lang3/3.4/commons-lang3-3.4.jar
Progress (1): 3.2/378 kB
Progress (1): 11/378 kB 
Progress (1): 28/378 kB
Progress (1): 44/378 kB
Progress (1): 61/378 kB
Progress (1): 77/378 kB
Progress (1): 93/378 kB
Progress (1): 110/378 kB
Progress (1): 126/378 kB
Progress (2): 126/378 kB | 7.7/424 kB
Progress (2): 126/378 kB | 16/424 kB 
Progress (2): 126/378 kB | 32/424 kB
Progress (2): 126/378 kB | 48/424 kB
Progress (2): 126/378 kB | 65/424 kB
Progress (2): 126/378 kB | 81/424 kB
Progress (2): 126/378 kB | 97/424 kB
Progress (2): 126/378 kB | 114/424 kB
Progress (2): 126/378 kB | 130/424 kB
Progress (2): 126/378 kB | 147/424 kB
Progress (2): 142/378 kB | 147/424 kB
Progress (2): 142/378 kB | 163/424 kB
Progress (2): 142/378 kB | 179/424 kB
Progress (2): 142/378 kB | 196/424 kB
Progress (2): 142/378 kB | 212/424 kB
Progress (2): 142/378 kB | 228/424 kB
Progress (2): 142/378 kB | 229/424 kB
Progress (2): 159/378 kB | 229/424 kB
Progress (2): 159/378 kB | 246/424 kB
Progress (2): 159/378 kB | 262/424 kB
Progress (2): 159/378 kB | 279/424 kB
Progress (2): 159/378 kB | 295/424 kB
Progress (2): 159/378 kB | 311/424 kB
Progress (2): 175/378 kB | 311/424 kB
Progress (2): 175/378 kB | 328/424 kB
Progress (2): 175/378 kB | 344/424 kB
Progress (2): 175/378 kB | 360/424 kB
Progress (2): 175/378 kB | 377/424 kB
Progress (2): 175/378 kB | 393/424 kB
Progress (2): 175/378 kB | 410/424 kB
Progress (2): 175/378 kB | 424 kB    
Progress (2): 192/378 kB | 424 kB
                                 
Downloaded from oss.sonatype.org: https://oss.sonatype.org/content/groups/public/com/google/inject/guice/4.0/guice-4.0-no_aop.jar (424 kB at 94 kB/s)
Downloading from oss.sonatype.org: https://oss.sonatype.org/content/groups/public/org/apache/maven/maven-compat/3.3.9/maven-compat-3.3.9.jar
Progress (1): 208/378 kB
Progress (1): 224/378 kB
Progress (1): 241/378 kB
Progress (1): 257/378 kB
Progress (1): 273/378 kB
Progress (1): 290/378 kB
Progress (1): 306/378 kB
Progress (1): 323/378 kB
Progress (1): 339/378 kB
Progress (1): 355/378 kB
Progress (1): 372/378 kB
Progress (1): 378 kB    
                    
Downloaded from oss.sonatype.org: https://oss.sonatype.org/content/groups/public/org/eclipse/sisu/org.eclipse.sisu.inject/0.3.2/org.eclipse.sisu.inject-0.3.2.jar (378 kB at 84 kB/s)
Downloading from oss.sonatype.org: https://oss.sonatype.org/content/groups/public/org/apache/maven/wagon/wagon-provider-api/2.10/wagon-provider-api-2.10.jar
Progress (1): 7.7/62 kB
Progress (1): 16/62 kB 
Progress (1): 32/62 kB
Progress (1): 48/62 kB
Progress (1): 62 kB   
                   
Downloaded from oss.sonatype.org: https://oss.sonatype.org/content/groups/public/org/codehaus/plexus/plexus-interpolation/1.21/plexus-interpolation-1.21.jar (62 kB at 14 kB/s)
Downloading from oss.sonatype.org: https://oss.sonatype.org/content/groups/public/org/apache/maven/reporting/maven-reporting-api/3.0/maven-reporting-api-3.0.jar
Progress (1): 4.3 kB
                    
Downloaded from oss.sonatype.org: https://oss.sonatype.org/content/groups/public/org/codehaus/plexus/plexus-component-annotations/1.6/plexus-component-annotations-1.6.jar (4.3 kB at 851 B/s)
Downloading from oss.sonatype.org: https://oss.sonatype.org/content/groups/public/org/apache/maven/maven-archiver/3.5.2/maven-archiver-3.5.2.jar
Progress (1): 7.7/435 kB
Progress (1): 7.7/435 kB
Progress (1): 24/435 kB 
Progress (1): 40/435 kB
Progress (1): 57/435 kB
Progress (1): 73/435 kB
Progress (1): 90/435 kB
Progress (1): 106/435 kB
Progress (1): 122/435 kB
Progress (1): 139/435 kB
Progress (1): 155/435 kB
Progress (1): 172/435 kB
Progress (1): 188/435 kB
Progress (1): 204/435 kB
Progress (1): 221/435 kB
Progress (1): 237/435 kB
Progress (1): 253/435 kB
Progress (1): 270/435 kB
Progress (1): 286/435 kB
Progress (1): 303/435 kB
Progress (2): 303/435 kB | 7.7/290 kB
Progress (2): 303/435 kB | 11/290 kB 
Progress (2): 303/435 kB | 28/290 kB
Progress (2): 303/435 kB | 44/290 kB
Progress (2): 319/435 kB | 44/290 kB
Progress (2): 319/435 kB | 61/290 kB
Progress (2): 319/435 kB | 77/290 kB
Progress (2): 319/435 kB | 93/290 kB
Progress (2): 319/435 kB | 110/290 kB
Progress (2): 319/435 kB | 126/290 kB
Progress (2): 319/435 kB | 142/290 kB
Progress (2): 319/435 kB | 159/290 kB
Progress (2): 335/435 kB | 159/290 kB
Progress (2): 335/435 kB | 175/290 kB
Progress (2): 335/435 kB | 192/290 kB
Progress (2): 335/435 kB | 208/290 kB
Progress (2): 335/435 kB | 224/290 kB
Progress (2): 335/435 kB | 233/290 kB
Progress (2): 335/435 kB | 250/290 kB
Progress (2): 352/435 kB | 250/290 kB
Progress (2): 352/435 kB | 266/290 kB
Progress (2): 352/435 kB | 282/290 kB
Progress (2): 352/435 kB | 290 kB    
                                 
Downloaded from oss.sonatype.org: https://oss.sonatype.org/content/groups/public/org/apache/maven/maven-compat/3.3.9/maven-compat-3.3.9.jar (290 kB at 57 kB/s)
Downloading from oss.sonatype.org: https://oss.sonatype.org/content/groups/public/org/apache/maven/shared/maven-shared-utils/3.3.3/maven-shared-utils-3.3.3.jar
Progress (1): 368/435 kB
Progress (1): 385/435 kB
Progress (1): 401/435 kB
Progress (1): 417/435 kB
Progress (1): 434/435 kB
Progress (1): 435 kB    
                    
Downloaded from oss.sonatype.org: https://oss.sonatype.org/content/groups/public/org/apache/commons/commons-lang3/3.4/commons-lang3-3.4.jar (435 kB at 85 kB/s)
Downloading from oss.sonatype.org: https://oss.sonatype.org/content/groups/public/org/apache/commons/commons-compress/1.20/commons-compress-1.20.jar
Progress (1): 7.7/54 kB
Progress (1): 16/54 kB 
Progress (1): 24/54 kB
Progress (1): 40/54 kB
Progress (1): 54 kB   
                   
Downloaded from oss.sonatype.org: https://oss.sonatype.org/content/groups/public/org/apache/maven/wagon/wagon-provider-api/2.10/wagon-provider-api-2.10.jar (54 kB at 10 kB/s)
Downloading from oss.sonatype.org: https://oss.sonatype.org/content/groups/public/org/codehaus/plexus/plexus-archiver/4.2.7/plexus-archiver-4.2.7.jar
Progress (1): 4.1/11 kB
Progress (1): 11 kB    
                   
Downloaded from oss.sonatype.org: https://oss.sonatype.org/content/groups/public/org/apache/maven/reporting/maven-reporting-api/3.0/maven-reporting-api-3.0.jar (11 kB at 2.1 kB/s)
Downloading from oss.sonatype.org: https://oss.sonatype.org/content/groups/public/org/codehaus/plexus/plexus-io/3.2.0/plexus-io-3.2.0.jar
Progress (1): 8.2/26 kB
Progress (1): 25/26 kB 
Progress (1): 26 kB   
                   
Downloaded from oss.sonatype.org: https://oss.sonatype.org/content/groups/public/org/apache/maven/maven-archiver/3.5.2/maven-archiver-3.5.2.jar (26 kB at 4.6 kB/s)
Downloading from oss.sonatype.org: https://oss.sonatype.org/content/groups/public/org/apache/maven/shared/maven-dependency-tree/3.0/maven-dependency-tree-3.0.jar
Progress (1): 7.7/154 kB
Progress (1): 8.2/154 kB
Progress (1): 25/154 kB 
Progress (1): 41/154 kB
Progress (1): 57/154 kB
Progress (1): 74/154 kB
Progress (1): 90/154 kB
Progress (1): 106/154 kB
Progress (1): 123/154 kB
Progress (1): 139/154 kB
Progress (1): 154 kB    
                    
Downloaded from oss.sonatype.org: https://oss.sonatype.org/content/groups/public/org/apache/maven/shared/maven-shared-utils/3.3.3/maven-shared-utils-3.3.3.jar (154 kB at 27 kB/s)
Downloading from oss.sonatype.org: https://oss.sonatype.org/content/groups/public/org/apache/maven/doxia/doxia-sink-api/1.0/doxia-sink-api-1.0.jar
Progress (1): 7.7/195 kB
Progress (1): 8.2/195 kB
Progress (1): 25/195 kB 
Progress (1): 41/195 kB
Progress (1): 57/195 kB
Progress (1): 74/195 kB
Progress (1): 90/195 kB
Progress (1): 106/195 kB
Progress (2): 106/195 kB | 7.7/632 kB
Progress (2): 123/195 kB | 7.7/632 kB
Progress (2): 123/195 kB | 16/632 kB 
Progress (2): 123/195 kB | 24/632 kB
Progress (2): 139/195 kB | 24/632 kB
Progress (2): 156/195 kB | 24/632 kB
Progress (2): 172/195 kB | 24/632 kB
Progress (2): 188/195 kB | 24/632 kB
Progress (2): 195 kB | 24/632 kB    
Progress (2): 195 kB | 40/632 kB
                                
Downloaded from oss.sonatype.org: https://oss.sonatype.org/content/groups/public/org/codehaus/plexus/plexus-archiver/4.2.7/plexus-archiver-4.2.7.jar (195 kB at 34 kB/s)
Downloading from oss.sonatype.org: https://oss.sonatype.org/content/groups/public/org/apache/maven/doxia/doxia-site-renderer/1.0/doxia-site-renderer-1.0.jar
Progress (1): 57/632 kB
Progress (1): 73/632 kB
Progress (1): 90/632 kB
Progress (1): 106/632 kB
Progress (1): 122/632 kB
Progress (2): 122/632 kB | 7.7/76 kB
Progress (2): 122/632 kB | 16/76 kB 
Progress (2): 122/632 kB | 29/76 kB
Progress (2): 122/632 kB | 45/76 kB
Progress (2): 139/632 kB | 45/76 kB
Progress (2): 139/632 kB | 61/76 kB
Progress (2): 139/632 kB | 76 kB   
                                
Downloaded from oss.sonatype.org: https://oss.sonatype.org/content/groups/public/org/codehaus/plexus/plexus-io/3.2.0/plexus-io-3.2.0.jar (76 kB at 13 kB/s)
Downloading from oss.sonatype.org: https://oss.sonatype.org/content/groups/public/org/apache/maven/doxia/doxia-core/1.0/doxia-core-1.0.jar
Progress (1): 155/632 kB
Progress (1): 172/632 kB
Progress (1): 188/632 kB
Progress (1): 204/632 kB
Progress (1): 221/632 kB
Progress (1): 237/632 kB
Progress (1): 253/632 kB
Progress (1): 270/632 kB
Progress (1): 286/632 kB
Progress (1): 303/632 kB
Progress (1): 319/632 kB
Progress (1): 335/632 kB
Progress (1): 352/632 kB
Progress (1): 368/632 kB
Progress (1): 385/632 kB
Progress (1): 401/632 kB
Progress (1): 417/632 kB
Progress (1): 434/632 kB
Progress (1): 450/632 kB
Progress (1): 466/632 kB
Progress (1): 483/632 kB
Progress (1): 499/632 kB
Progress (1): 516/632 kB
Progress (1): 532/632 kB
Progress (1): 548/632 kB
Progress (1): 565/632 kB
Progress (1): 581/632 kB
Progress (1): 598/632 kB
Progress (1): 614/632 kB
Progress (1): 630/632 kB
Progress (1): 632 kB    
                    
Downloaded from oss.sonatype.org: https://oss.sonatype.org/content/groups/public/org/apache/commons/commons-compress/1.20/commons-compress-1.20.jar (632 kB at 109 kB/s)
Downloading from oss.sonatype.org: https://oss.sonatype.org/content/groups/public/org/codehaus/plexus/plexus-i18n/1.0-beta-7/plexus-i18n-1.0-beta-7.jar
Progress (1): 7.7/10 kB
Progress (1): 10 kB    
                   
Downloaded from oss.sonatype.org: https://oss.sonatype.org/content/groups/public/org/apache/maven/doxia/doxia-sink-api/1.0/doxia-sink-api-1.0.jar (10 kB at 1.6 kB/s)
Downloading from oss.sonatype.org: https://oss.sonatype.org/content/groups/public/org/codehaus/plexus/plexus-container-default/1.0-alpha-30/plexus-container-default-1.0-alpha-30.jar
Progress (1): 7.7/37 kB
Progress (1): 16/37 kB 
Progress (1): 24/37 kB
Progress (1): 37 kB   
                   
Downloaded from oss.sonatype.org: https://oss.sonatype.org/content/groups/public/org/apache/maven/shared/maven-dependency-tree/3.0/maven-dependency-tree-3.0.jar (37 kB at 5.8 kB/s)
Downloading from oss.sonatype.org: https://oss.sonatype.org/content/groups/public/junit/junit/3.8.1/junit-3.8.1.jar
Progress (1): 7.7/47 kB
Progress (1): 16/47 kB 
Progress (1): 32/47 kB
Progress (1): 47 kB   
                   
Downloaded from oss.sonatype.org: https://oss.sonatype.org/content/groups/public/org/apache/maven/doxia/doxia-site-renderer/1.0/doxia-site-renderer-1.0.jar (47 kB at 7.3 kB/s)
Downloading from oss.sonatype.org: https://oss.sonatype.org/content/groups/public/org/codehaus/plexus/plexus-velocity/1.1.7/plexus-velocity-1.1.7.jar
Progress (1): 7.7/55 kB
Progress (1): 16/55 kB 
Progress (1): 32/55 kB
Progress (1): 49/55 kB
Progress (1): 55 kB   
                   
Downloaded from oss.sonatype.org: https://oss.sonatype.org/content/groups/public/org/apache/maven/doxia/doxia-core/1.0/doxia-core-1.0.jar (55 kB at 8.6 kB/s)
Downloading from oss.sonatype.org: https://oss.sonatype.org/content/groups/public/org/apache/velocity/velocity/1.5/velocity-1.5.jar
Progress (1): 7.7/11 kB
Progress (1): 8.2/11 kB
Progress (1): 11 kB    
                   
Downloaded from oss.sonatype.org: https://oss.sonatype.org/content/groups/public/org/codehaus/plexus/plexus-i18n/1.0-beta-7/plexus-i18n-1.0-beta-7.jar (11 kB at 1.6 kB/s)
Downloading from oss.sonatype.org: https://oss.sonatype.org/content/groups/public/commons-lang/commons-lang/2.1/commons-lang-2.1.jar
Progress (1): 3.2/121 kB
Progress (2): 3.2/121 kB | 7.7/208 kB
Progress (2): 20/121 kB | 7.7/208 kB 
Progress (2): 20/121 kB | 16/208 kB 
Progress (2): 20/121 kB | 16/208 kB
Progress (2): 36/121 kB | 16/208 kB
Progress (2): 36/121 kB | 33/208 kB
Progress (2): 52/121 kB | 33/208 kB
Progress (2): 61/121 kB | 33/208 kB
Progress (2): 61/121 kB | 49/208 kB
Progress (2): 77/121 kB | 49/208 kB
Progress (2): 93/121 kB | 49/208 kB
Progress (2): 93/121 kB | 66/208 kB
Progress (2): 110/121 kB | 66/208 kB
Progress (2): 121 kB | 66/208 kB    
Progress (2): 121 kB | 82/208 kB
Progress (2): 121 kB | 98/208 kB
Progress (2): 121 kB | 115/208 kB
                                 
Downloaded from oss.sonatype.org: https://oss.sonatype.org/content/groups/public/junit/junit/3.8.1/junit-3.8.1.jar (121 kB at 17 kB/s)
Downloading from oss.sonatype.org: https://oss.sonatype.org/content/groups/public/org/apache/maven/doxia/doxia-decoration-model/1.0/doxia-decoration-model-1.0.jar
Progress (1): 131/208 kB
Progress (1): 147/208 kB
Progress (1): 164/208 kB
Progress (1): 180/208 kB
Progress (1): 197/208 kB
Progress (1): 208 kB    
                    
Downloaded from oss.sonatype.org: https://oss.sonatype.org/content/groups/public/commons-lang/commons-lang/2.1/commons-lang-2.1.jar (208 kB at 29 kB/s)
Downloading from oss.sonatype.org: https://oss.sonatype.org/content/groups/public/commons-collections/commons-collections/3.2/commons-collections-3.2.jar
Progress (1): 7.7/237 kB
Progress (2): 7.7/237 kB | 7.7 kB
Progress (3): 7.7/237 kB | 7.7 kB | 7.7/392 kB
Progress (3): 16/237 kB | 7.7 kB | 7.7/392 kB 
Progress (3): 16/237 kB | 7.7 kB | 16/392 kB 
Progress (3): 24/237 kB | 7.7 kB | 16/392 kB
Progress (3): 24/237 kB | 7.7 kB | 25/392 kB
Progress (3): 40/237 kB | 7.7 kB | 25/392 kB
Progress (3): 40/237 kB | 7.7 kB | 41/392 kB
Progress (3): 57/237 kB | 7.7 kB | 41/392 kB
                                            
Downloaded from oss.sonatype.org: https://oss.sonatype.org/content/groups/public/org/codehaus/plexus/plexus-velocity/1.1.7/plexus-velocity-1.1.7.jar (7.7 kB at 1.0 kB/s)
Downloading from oss.sonatype.org: https://oss.sonatype.org/content/groups/public/org/apache/maven/doxia/doxia-module-apt/1.0/doxia-module-apt-1.0.jar
Progress (2): 57/237 kB | 57/392 kB
Progress (2): 73/237 kB | 57/392 kB
Progress (2): 73/237 kB | 74/392 kB
Progress (2): 90/237 kB | 74/392 kB
Progress (2): 90/237 kB | 90/392 kB
Progress (2): 106/237 kB | 90/392 kB
Progress (2): 106/237 kB | 106/392 kB
Progress (2): 122/237 kB | 106/392 kB
Progress (2): 122/237 kB | 123/392 kB
Progress (2): 122/237 kB | 123/392 kB
Progress (2): 139/237 kB | 123/392 kB
Progress (2): 139/237 kB | 139/392 kB
Progress (2): 147/237 kB | 139/392 kB
Progress (2): 147/237 kB | 156/392 kB
Progress (2): 164/237 kB | 156/392 kB
Progress (2): 164/237 kB | 172/392 kB
Progress (2): 180/237 kB | 172/392 kB
Progress (2): 180/237 kB | 188/392 kB
Progress (2): 197/237 kB | 188/392 kB
Progress (2): 197/237 kB | 205/392 kB
Progress (2): 213/237 kB | 205/392 kB
Progress (2): 213/237 kB | 221/392 kB
Progress (2): 229/237 kB | 221/392 kB
Progress (2): 237 kB | 221/392 kB    
Progress (2): 237 kB | 238/392 kB
Progress (2): 237 kB | 254/392 kB
Progress (2): 237 kB | 270/392 kB
                                 
Downloaded from oss.sonatype.org: https://oss.sonatype.org/content/groups/public/org/codehaus/plexus/plexus-container-default/1.0-alpha-30/plexus-container-default-1.0-alpha-30.jar (237 kB at 32 kB/s)
Downloading from oss.sonatype.org: https://oss.sonatype.org/content/groups/public/org/apache/maven/doxia/doxia-module-fml/1.0/doxia-module-fml-1.0.jar
Progress (1): 287/392 kB
Progress (1): 303/392 kB
Progress (1): 319/392 kB
Progress (1): 336/392 kB
Progress (1): 352/392 kB
Progress (1): 369/392 kB
Progress (1): 385/392 kB
Progress (1): 392 kB    
                    
Downloaded from oss.sonatype.org: https://oss.sonatype.org/content/groups/public/org/apache/velocity/velocity/1.5/velocity-1.5.jar (392 kB at 53 kB/s)
Downloading from oss.sonatype.org: https://oss.sonatype.org/content/groups/public/org/apache/maven/doxia/doxia-module-xdoc/1.0/doxia-module-xdoc-1.0.jar
Progress (1): 7.7/49 kB
Progress (1): 16/49 kB 
Progress (1): 29/49 kB
Progress (1): 45/49 kB
Progress (1): 49 kB   
                   
Downloaded from oss.sonatype.org: https://oss.sonatype.org/content/groups/public/org/apache/maven/doxia/doxia-decoration-model/1.0/doxia-decoration-model-1.0.jar (49 kB at 6.4 kB/s)
Downloading from oss.sonatype.org: https://oss.sonatype.org/content/groups/public/org/apache/maven/doxia/doxia-module-xhtml/1.0/doxia-module-xhtml-1.0.jar
Progress (1): 7.7/571 kB
Progress (1): 11/571 kB 
Progress (1): 28/571 kB
Progress (1): 44/571 kB
Progress (1): 61/571 kB
Progress (1): 77/571 kB
Progress (1): 93/571 kB
Progress (1): 110/571 kB
Progress (1): 126/571 kB
Progress (1): 142/571 kB
Progress (1): 159/571 kB
Progress (1): 175/571 kB
Progress (1): 192/571 kB
Progress (1): 208/571 kB
Progress (1): 224/571 kB
Progress (1): 241/571 kB
Progress (1): 257/571 kB
Progress (1): 274/571 kB
Progress (1): 290/571 kB
Progress (1): 306/571 kB
Progress (1): 323/571 kB
Progress (1): 339/571 kB
Progress (1): 355/571 kB
Progress (1): 372/571 kB
Progress (1): 388/571 kB
Progress (1): 405/571 kB
Progress (1): 421/571 kB
Progress (1): 437/571 kB
Progress (1): 454/571 kB
Progress (1): 470/571 kB
Progress (1): 487/571 kB
Progress (1): 503/571 kB
Progress (1): 519/571 kB
Progress (1): 536/571 kB
Progress (1): 552/571 kB
Progress (1): 568/571 kB
Progress (1): 571 kB    
                    
Downloaded from oss.sonatype.org: https://oss.sonatype.org/content/groups/public/commons-collections/commons-collections/3.2/commons-collections-3.2.jar (571 kB at 74 kB/s)
Downloading from oss.sonatype.org: https://oss.sonatype.org/content/groups/public/org/jdom/jdom/1.1/jdom-1.1.jar
Progress (1): 3.2/47 kB
Progress (1): 20/47 kB 
Progress (1): 36/47 kB
Progress (1): 47 kB   
                   
Downloaded from oss.sonatype.org: https://oss.sonatype.org/content/groups/public/org/apache/maven/doxia/doxia-module-apt/1.0/doxia-module-apt-1.0.jar (47 kB at 5.9 kB/s)
Progress (1): 7.7/28 kB
Progress (1): 16/28 kB 
Progress (1): 28 kB   
                   
Downloaded from oss.sonatype.org: https://oss.sonatype.org/content/groups/public/org/apache/maven/doxia/doxia-module-xdoc/1.0/doxia-module-xdoc-1.0.jar (28 kB at 3.5 kB/s)
Progress (1): 4.1/19 kB
Progress (1): 19 kB    
                   
Downloaded from oss.sonatype.org: https://oss.sonatype.org/content/groups/public/org/apache/maven/doxia/doxia-module-fml/1.0/doxia-module-fml-1.0.jar (19 kB at 2.3 kB/s)
Progress (1): 16/22 kB
Progress (1): 22 kB   
                   
Downloaded from oss.sonatype.org: https://oss.sonatype.org/content/groups/public/org/apache/maven/doxia/doxia-module-xhtml/1.0/doxia-module-xhtml-1.0.jar (22 kB at 2.6 kB/s)
Progress (1): 7.7/153 kB
Progress (1): 16/153 kB 
Progress (1): 24/153 kB
Progress (1): 40/153 kB
Progress (1): 57/153 kB
Progress (1): 73/153 kB
Progress (1): 90/153 kB
Progress (1): 106/153 kB
Progress (1): 122/153 kB
Progress (1): 139/153 kB
Progress (1): 153 kB    
                    
Downloaded from oss.sonatype.org: https://oss.sonatype.org/content/groups/public/org/jdom/jdom/1.1/jdom-1.1.jar (153 kB at 18 kB/s)
Downloading from central: https://repo.maven.apache.org/maven2/org/junit/junit-bom/5.6.2/junit-bom-5.6.2.pom
Progress (1): 925 B
Progress (1): 2.3 kB
Progress (1): 4.9 kB
                    
Downloaded from central: https://repo.maven.apache.org/maven2/org/junit/junit-bom/5.6.2/junit-bom-5.6.2.pom (4.9 kB at 26 kB/s)
Downloading from oss.sonatype.org: https://oss.sonatype.org/content/groups/public/org/apache/felix/maven-bundle-plugin/5.1.1/maven-bundle-plugin-5.1.1.pom
Progress (1): 788 B
Progress (1): 2.0 kB
Progress (1): 4.5 kB
Progress (1): 7.9 kB
Progress (1): 10 kB 
Progress (1): 11 kB
                   
Downloaded from oss.sonatype.org: https://oss.sonatype.org/content/groups/public/org/apache/felix/maven-bundle-plugin/5.1.1/maven-bundle-plugin-5.1.1.pom (11 kB at 18 kB/s)
Downloading from oss.sonatype.org: https://oss.sonatype.org/content/groups/public/org/apache/felix/felix-parent/6/felix-parent-6.pom
Progress (1): 781 B
Progress (1): 2.1 kB
Progress (1): 4.3 kB
Progress (1): 8.2 kB
Progress (1): 12 kB 
Progress (1): 15 kB
Progress (1): 22 kB
                   
Downloaded from oss.sonatype.org: https://oss.sonatype.org/content/groups/public/org/apache/felix/felix-parent/6/felix-parent-6.pom (22 kB at 37 kB/s)
Downloading from oss.sonatype.org: https://oss.sonatype.org/content/groups/public/biz/aQute/bnd/biz.aQute.bndlib/5.1.1/biz.aQute.bndlib-5.1.1.pom
Progress (1): 1.1 kB
Progress (1): 4.1 kB
                    
Downloaded from oss.sonatype.org: https://oss.sonatype.org/content/groups/public/biz/aQute/bnd/biz.aQute.bndlib/5.1.1/biz.aQute.bndlib-5.1.1.pom (4.1 kB at 7.0 kB/s)
Downloading from oss.sonatype.org: https://oss.sonatype.org/content/groups/public/org/apache/maven/maven-archiver/3.5.0/maven-archiver-3.5.0.pom
Progress (1): 799 B
Progress (1): 2.2 kB
Progress (1): 4.5 kB
                    
Downloaded from oss.sonatype.org: https://oss.sonatype.org/content/groups/public/org/apache/maven/maven-archiver/3.5.0/maven-archiver-3.5.0.pom (4.5 kB at 7.4 kB/s)
Downloading from oss.sonatype.org: https://oss.sonatype.org/content/groups/public/org/codehaus/plexus/plexus-archiver/4.2.0/plexus-archiver-4.2.0.pom
Progress (1): 1.3 kB
Progress (1): 3.7 kB
Progress (1): 4.8 kB
                    
Downloaded from oss.sonatype.org: https://oss.sonatype.org/content/groups/public/org/codehaus/plexus/plexus-archiver/4.2.0/plexus-archiver-4.2.0.pom (4.8 kB at 8.0 kB/s)
Downloading from oss.sonatype.org: https://oss.sonatype.org/content/groups/public/org/apache/commons/commons-compress/1.19/commons-compress-1.19.pom
Progress (1): 765 B
Progress (1): 1.9 kB
Progress (1): 3.5 kB
Progress (1): 6.7 kB
Progress (1): 9.2 kB
Progress (1): 12 kB 
Progress (1): 15 kB
Progress (1): 18 kB
                   
Downloaded from oss.sonatype.org: https://oss.sonatype.org/content/groups/public/org/apache/commons/commons-compress/1.19/commons-compress-1.19.pom (18 kB at 30 kB/s)
Downloading from oss.sonatype.org: https://oss.sonatype.org/content/groups/public/org/tukaani/xz/1.8/xz-1.8.pom
Progress (1): 1.1 kB
Progress (1): 1.9 kB
                    
Downloaded from oss.sonatype.org: https://oss.sonatype.org/content/groups/public/org/tukaani/xz/1.8/xz-1.8.pom (1.9 kB at 3.1 kB/s)
Downloading from oss.sonatype.org: https://oss.sonatype.org/content/groups/public/org/codehaus/plexus/plexus-interpolation/1.25/plexus-interpolation-1.25.pom
Progress (1): 1.4 kB
Progress (1): 2.6 kB
                    
Downloaded from oss.sonatype.org: https://oss.sonatype.org/content/groups/public/org/codehaus/plexus/plexus-interpolation/1.25/plexus-interpolation-1.25.pom (2.6 kB at 4.4 kB/s)
Downloading from oss.sonatype.org: https://oss.sonatype.org/content/groups/public/org/apache/felix/maven-bundle-plugin/5.1.1/maven-bundle-plugin-5.1.1.jar
Progress (1): 7.7/213 kB
Progress (1): 16/213 kB 
Progress (1): 24/213 kB
Progress (1): 40/213 kB
Progress (1): 57/213 kB
Progress (1): 73/213 kB
Progress (1): 90/213 kB
Progress (1): 106/213 kB
Progress (1): 122/213 kB
Progress (1): 139/213 kB
Progress (1): 155/213 kB
Progress (1): 172/213 kB
Progress (1): 188/213 kB
Progress (1): 204/213 kB
Progress (1): 213 kB    
                    
Downloaded from oss.sonatype.org: https://oss.sonatype.org/content/groups/public/org/apache/felix/maven-bundle-plugin/5.1.1/maven-bundle-plugin-5.1.1.jar (213 kB at 356 kB/s)
Downloading from oss.sonatype.org: https://oss.sonatype.org/content/groups/public/biz/aQute/bnd/biz.aQute.bndlib/5.1.1/biz.aQute.bndlib-5.1.1.jar
Downloading from oss.sonatype.org: https://oss.sonatype.org/content/groups/public/org/apache/maven/maven-archiver/3.5.0/maven-archiver-3.5.0.jar
Downloading from oss.sonatype.org: https://oss.sonatype.org/content/groups/public/org/codehaus/plexus/plexus-archiver/4.2.0/plexus-archiver-4.2.0.jar
Downloading from oss.sonatype.org: https://oss.sonatype.org/content/groups/public/org/apache/commons/commons-compress/1.19/commons-compress-1.19.jar
Downloading from oss.sonatype.org: https://oss.sonatype.org/content/groups/public/org/tukaani/xz/1.8/xz-1.8.jar
Progress (1): 7.7/615 kB
Progress (1): 7.7/615 kB
Progress (1): 24/615 kB 
Progress (1): 40/615 kB
Progress (1): 57/615 kB
Progress (1): 73/615 kB
Progress (1): 90/615 kB
Progress (1): 106/615 kB
Progress (2): 106/615 kB | 7.7/196 kB
Progress (2): 106/615 kB | 16/196 kB 
Progress (2): 106/615 kB | 32/196 kB
Progress (2): 106/615 kB | 49/196 kB
Progress (2): 122/615 kB | 49/196 kB
Progress (2): 122/615 kB | 65/196 kB
Progress (2): 122/615 kB | 66/196 kB
Progress (2): 122/615 kB | 82/196 kB
Progress (2): 122/615 kB | 98/196 kB
Progress (2): 122/615 kB | 115/196 kB
Progress (2): 122/615 kB | 131/196 kB
Progress (2): 139/615 kB | 131/196 kB
Progress (2): 139/615 kB | 147/196 kB
Progress (2): 139/615 kB | 164/196 kB
Progress (2): 139/615 kB | 180/196 kB
Progress (2): 155/615 kB | 180/196 kB
Progress (2): 155/615 kB | 196 kB    
                                 
Downloaded from oss.sonatype.org: https://oss.sonatype.org/content/groups/public/org/codehaus/plexus/plexus-archiver/4.2.0/plexus-archiver-4.2.0.jar (196 kB at 324 kB/s)
Progress (1): 172/615 kB
Progress (1): 188/615 kB
Progress (1): 204/615 kB
Progress (1): 213/615 kB
Progress (1): 229/615 kB
Progress (1): 246/615 kB
Progress (1): 262/615 kB
Progress (1): 279/615 kB
Progress (1): 295/615 kB
Progress (1): 311/615 kB
Progress (1): 328/615 kB
Progress (1): 344/615 kB
Progress (1): 360/615 kB
Progress (2): 360/615 kB | 8.2/26 kB
Progress (2): 360/615 kB | 16/26 kB 
Progress (2): 360/615 kB | 26 kB   
Progress (2): 377/615 kB | 26 kB
                                
Downloaded from oss.sonatype.org: https://oss.sonatype.org/content/groups/public/org/apache/maven/maven-archiver/3.5.0/maven-archiver-3.5.0.jar (26 kB at 40 kB/s)
Progress (1): 393/615 kB
Progress (1): 410/615 kB
Progress (2): 410/615 kB | 0/3.7 MB
Progress (2): 410/615 kB | 0/3.7 MB
Progress (2): 426/615 kB | 0/3.7 MB
Progress (2): 426/615 kB | 0/3.7 MB
Progress (2): 426/615 kB | 0/3.7 MB
Progress (2): 426/615 kB | 0.1/3.7 MB
Progress (2): 426/615 kB | 0.1/3.7 MB
Progress (2): 426/615 kB | 0.1/3.7 MB
Progress (2): 426/615 kB | 0.1/3.7 MB
Progress (2): 426/615 kB | 0.1/3.7 MB
Progress (2): 442/615 kB | 0.1/3.7 MB
Progress (2): 442/615 kB | 0.1/3.7 MB
Progress (2): 442/615 kB | 0.2/3.7 MB
Progress (2): 442/615 kB | 0.2/3.7 MB
Progress (2): 442/615 kB | 0.2/3.7 MB
Progress (2): 442/615 kB | 0.2/3.7 MB
Progress (2): 442/615 kB | 0.2/3.7 MB
Progress (2): 459/615 kB | 0.2/3.7 MB
Progress (2): 459/615 kB | 0.2/3.7 MB
Progress (2): 459/615 kB | 0.3/3.7 MB
Progress (2): 459/615 kB | 0.3/3.7 MB
Progress (2): 459/615 kB | 0.3/3.7 MB
Progress (3): 459/615 kB | 0.3/3.7 MB | 7.7/109 kB
Progress (3): 459/615 kB | 0.3/3.7 MB | 11/109 kB 
Progress (3): 459/615 kB | 0.3/3.7 MB | 11/109 kB
Progress (3): 459/615 kB | 0.3/3.7 MB | 11/109 kB
Progress (3): 475/615 kB | 0.3/3.7 MB | 11/109 kB
Progress (3): 475/615 kB | 0.3/3.7 MB | 11/109 kB
Progress (3): 475/615 kB | 0.4/3.7 MB | 11/109 kB
Progress (3): 475/615 kB | 0.4/3.7 MB | 11/109 kB
Progress (3): 475/615 kB | 0.4/3.7 MB | 11/109 kB
Progress (3): 475/615 kB | 0.4/3.7 MB | 11/109 kB
Progress (3): 475/615 kB | 0.4/3.7 MB | 11/109 kB
Progress (3): 492/615 kB | 0.4/3.7 MB | 11/109 kB
Progress (3): 492/615 kB | 0.4/3.7 MB | 28/109 kB
Progress (3): 492/615 kB | 0.4/3.7 MB | 28/109 kB
Progress (3): 492/615 kB | 0.4/3.7 MB | 28/109 kB
Progress (3): 492/615 kB | 0.5/3.7 MB | 28/109 kB
Progress (3): 492/615 kB | 0.5/3.7 MB | 28/109 kB
Progress (3): 492/615 kB | 0.5/3.7 MB | 44/109 kB
Progress (3): 492/615 kB | 0.5/3.7 MB | 44/109 kB
Progress (3): 492/615 kB | 0.5/3.7 MB | 44/109 kB
Progress (3): 508/615 kB | 0.5/3.7 MB | 44/109 kB
Progress (3): 508/615 kB | 0.5/3.7 MB | 44/109 kB
Progress (3): 508/615 kB | 0.5/3.7 MB | 44/109 kB
Progress (3): 508/615 kB | 0.6/3.7 MB | 44/109 kB
Progress (3): 508/615 kB | 0.6/3.7 MB | 44/109 kB
Progress (3): 508/615 kB | 0.6/3.7 MB | 61/109 kB
Progress (3): 508/615 kB | 0.6/3.7 MB | 61/109 kB
Progress (3): 508/615 kB | 0.6/3.7 MB | 61/109 kB
Progress (3): 524/615 kB | 0.6/3.7 MB | 61/109 kB
Progress (3): 524/615 kB | 0.6/3.7 MB | 61/109 kB
Progress (3): 524/615 kB | 0.6/3.7 MB | 61/109 kB
Progress (3): 524/615 kB | 0.6/3.7 MB | 61/109 kB
Progress (3): 524/615 kB | 0.7/3.7 MB | 61/109 kB
Progress (3): 524/615 kB | 0.7/3.7 MB | 61/109 kB
Progress (3): 524/615 kB | 0.7/3.7 MB | 61/109 kB
Progress (3): 541/615 kB | 0.7/3.7 MB | 61/109 kB
Progress (3): 541/615 kB | 0.7/3.7 MB | 77/109 kB
Progress (3): 541/615 kB | 0.7/3.7 MB | 77/109 kB
Progress (3): 541/615 kB | 0.7/3.7 MB | 77/109 kB
Progress (3): 541/615 kB | 0.7/3.7 MB | 77/109 kB
Progress (3): 541/615 kB | 0.8/3.7 MB | 77/109 kB
Progress (3): 541/615 kB | 0.8/3.7 MB | 77/109 kB
Progress (3): 557/615 kB | 0.8/3.7 MB | 77/109 kB
Progress (3): 557/615 kB | 0.8/3.7 MB | 93/109 kB
Progress (3): 557/615 kB | 0.8/3.7 MB | 93/109 kB
Progress (3): 557/615 kB | 0.8/3.7 MB | 93/109 kB
Progress (3): 557/615 kB | 0.8/3.7 MB | 93/109 kB
Progress (3): 557/615 kB | 0.8/3.7 MB | 93/109 kB
Progress (3): 557/615 kB | 0.9/3.7 MB | 93/109 kB
Progress (3): 557/615 kB | 0.9/3.7 MB | 109 kB   
Progress (3): 557/615 kB | 0.9/3.7 MB | 109 kB
Progress (3): 573/615 kB | 0.9/3.7 MB | 109 kB
Progress (3): 573/615 kB | 0.9/3.7 MB | 109 kB
Progress (3): 573/615 kB | 0.9/3.7 MB | 109 kB
                                              
Downloaded from oss.sonatype.org: https://oss.sonatype.org/content/groups/public/org/tukaani/xz/1.8/xz-1.8.jar (109 kB at 166 kB/s)
Progress (2): 573/615 kB | 0.9/3.7 MB
Progress (2): 573/615 kB | 0.9/3.7 MB
Progress (2): 590/615 kB | 0.9/3.7 MB
Progress (2): 590/615 kB | 1.0/3.7 MB
Progress (2): 590/615 kB | 1.0/3.7 MB
Progress (2): 590/615 kB | 1.0/3.7 MB
Progress (2): 590/615 kB | 1.0/3.7 MB
Progress (2): 590/615 kB | 1.0/3.7 MB
Progress (2): 606/615 kB | 1.0/3.7 MB
Progress (2): 606/615 kB | 1.0/3.7 MB
Progress (2): 606/615 kB | 1.1/3.7 MB
Progress (2): 606/615 kB | 1.1/3.7 MB
Progress (2): 615 kB | 1.1/3.7 MB    
Progress (2): 615 kB | 1.1/3.7 MB
Progress (2): 615 kB | 1.1/3.7 MB
Progress (2): 615 kB | 1.1/3.7 MB
                                 
Downloaded from oss.sonatype.org: https://oss.sonatype.org/content/groups/public/org/apache/commons/commons-compress/1.19/commons-compress-1.19.jar (615 kB at 931 kB/s)
Progress (1): 1.1/3.7 MB
Progress (1): 1.1/3.7 MB
Progress (1): 1.2/3.7 MB
Progress (1): 1.2/3.7 MB
Progress (1): 1.2/3.7 MB
Progress (1): 1.2/3.7 MB
Progress (1): 1.2/3.7 MB
Progress (1): 1.2/3.7 MB
Progress (1): 1.3/3.7 MB
Progress (1): 1.3/3.7 MB
Progress (1): 1.3/3.7 MB
Progress (1): 1.3/3.7 MB
Progress (1): 1.3/3.7 MB
Progress (1): 1.3/3.7 MB
Progress (1): 1.4/3.7 MB
Progress (1): 1.4/3.7 MB
Progress (1): 1.4/3.7 MB
Progress (1): 1.4/3.7 MB
Progress (1): 1.4/3.7 MB
Progress (1): 1.4/3.7 MB
Progress (1): 1.5/3.7 MB
Progress (1): 1.5/3.7 MB
Progress (1): 1.5/3.7 MB
Progress (1): 1.5/3.7 MB
Progress (1): 1.5/3.7 MB
Progress (1): 1.5/3.7 MB
Progress (1): 1.6/3.7 MB
Progress (1): 1.6/3.7 MB
Progress (1): 1.6/3.7 MB
Progress (1): 1.6/3.7 MB
Progress (1): 1.6/3.7 MB
Progress (1): 1.6/3.7 MB
Progress (1): 1.7/3.7 MB
Progress (1): 1.7/3.7 MB
Progress (1): 1.7/3.7 MB
Progress (1): 1.7/3.7 MB
Progress (1): 1.7/3.7 MB
Progress (1): 1.7/3.7 MB
Progress (1): 1.8/3.7 MB
Progress (1): 1.8/3.7 MB
Progress (1): 1.8/3.7 MB
Progress (1): 1.8/3.7 MB
Progress (1): 1.8/3.7 MB
Progress (1): 1.8/3.7 MB
Progress (1): 1.9/3.7 MB
Progress (1): 1.9/3.7 MB
Progress (1): 1.9/3.7 MB
Progress (1): 1.9/3.7 MB
Progress (1): 1.9/3.7 MB
Progress (1): 1.9/3.7 MB
Progress (1): 1.9/3.7 MB
Progress (1): 2.0/3.7 MB
Progress (1): 2.0/3.7 MB
Progress (1): 2.0/3.7 MB
Progress (1): 2.0/3.7 MB
Progress (1): 2.0/3.7 MB
Progress (1): 2.0/3.7 MB
Progress (1): 2.0/3.7 MB
Progress (1): 2.1/3.7 MB
Progress (1): 2.1/3.7 MB
Progress (1): 2.1/3.7 MB
Progress (1): 2.1/3.7 MB
Progress (1): 2.1/3.7 MB
Progress (1): 2.1/3.7 MB
Progress (1): 2.2/3.7 MB
Progress (1): 2.2/3.7 MB
Progress (1): 2.2/3.7 MB
Progress (1): 2.2/3.7 MB
Progress (1): 2.2/3.7 MB
Progress (1): 2.2/3.7 MB
Progress (1): 2.3/3.7 MB
Progress (1): 2.3/3.7 MB
Progress (1): 2.3/3.7 MB
Progress (1): 2.3/3.7 MB
Progress (1): 2.3/3.7 MB
Progress (1): 2.3/3.7 MB
Progress (1): 2.4/3.7 MB
Progress (1): 2.4/3.7 MB
Progress (1): 2.4/3.7 MB
Progress (1): 2.4/3.7 MB
Progress (1): 2.4/3.7 MB
Progress (1): 2.4/3.7 MB
Progress (1): 2.5/3.7 MB
Progress (1): 2.5/3.7 MB
Progress (1): 2.5/3.7 MB
Progress (1): 2.5/3.7 MB
Progress (1): 2.5/3.7 MB
Progress (1): 2.5/3.7 MB
Progress (1): 2.6/3.7 MB
Progress (1): 2.6/3.7 MB
Progress (1): 2.6/3.7 MB
Progress (1): 2.6/3.7 MB
Progress (1): 2.6/3.7 MB
Progress (1): 2.6/3.7 MB
Progress (1): 2.7/3.7 MB
Progress (1): 2.7/3.7 MB
Progress (1): 2.7/3.7 MB
Progress (1): 2.7/3.7 MB
Progress (1): 2.7/3.7 MB
Progress (1): 2.7/3.7 MB
Progress (1): 2.8/3.7 MB
Progress (1): 2.8/3.7 MB
Progress (1): 2.8/3.7 MB
Progress (1): 2.8/3.7 MB
Progress (1): 2.8/3.7 MB
Progress (1): 2.8/3.7 MB
Progress (1): 2.9/3.7 MB
Progress (1): 2.9/3.7 MB
Progress (1): 2.9/3.7 MB
Progress (1): 2.9/3.7 MB
Progress (1): 2.9/3.7 MB
Progress (1): 2.9/3.7 MB
Progress (1): 2.9/3.7 MB
Progress (1): 3.0/3.7 MB
Progress (1): 3.0/3.7 MB
Progress (1): 3.0/3.7 MB
Progress (1): 3.0/3.7 MB
Progress (1): 3.0/3.7 MB
Progress (1): 3.0/3.7 MB
Progress (1): 3.0/3.7 MB
Progress (1): 3.1/3.7 MB
Progress (1): 3.1/3.7 MB
Progress (1): 3.1/3.7 MB
Progress (1): 3.1/3.7 MB
Progress (1): 3.1/3.7 MB
Progress (1): 3.1/3.7 MB
Progress (1): 3.2/3.7 MB
Progress (1): 3.2/3.7 MB
Progress (1): 3.2/3.7 MB
Progress (1): 3.2/3.7 MB
Progress (1): 3.2/3.7 MB
Progress (1): 3.2/3.7 MB
Progress (1): 3.3/3.7 MB
Progress (1): 3.3/3.7 MB
Progress (1): 3.3/3.7 MB
Progress (1): 3.3/3.7 MB
Progress (1): 3.3/3.7 MB
Progress (1): 3.3/3.7 MB
Progress (1): 3.4/3.7 MB
Progress (1): 3.4/3.7 MB
Progress (1): 3.4/3.7 MB
Progress (1): 3.4/3.7 MB
Progress (1): 3.4/3.7 MB
Progress (1): 3.4/3.7 MB
Progress (1): 3.5/3.7 MB
Progress (1): 3.5/3.7 MB
Progress (1): 3.5/3.7 MB
Progress (1): 3.5/3.7 MB
Progress (1): 3.5/3.7 MB
Progress (1): 3.5/3.7 MB
Progress (1): 3.6/3.7 MB
Progress (1): 3.6/3.7 MB
Progress (1): 3.6/3.7 MB
Progress (1): 3.6/3.7 MB
Progress (1): 3.6/3.7 MB
Progress (1): 3.6/3.7 MB
Progress (1): 3.7 MB    
                    
Downloaded from oss.sonatype.org: https://oss.sonatype.org/content/groups/public/biz/aQute/bnd/biz.aQute.bndlib/5.1.1/biz.aQute.bndlib-5.1.1.jar (3.7 MB at 5.1 MB/s)
Downloading from oss.sonatype.org: https://oss.sonatype.org/content/groups/public/org/apache/maven/plugins/maven-install-plugin/3.1.3/maven-install-plugin-3.1.3.pom
Progress (1): 792 B
Progress (1): 2.2 kB
Progress (1): 5.0 kB
Progress (1): 8.1 kB
Progress (1): 8.1 kB
                    
Downloaded from oss.sonatype.org: https://oss.sonatype.org/content/groups/public/org/apache/maven/plugins/maven-install-plugin/3.1.3/maven-install-plugin-3.1.3.pom (8.1 kB at 13 kB/s)
Downloading from oss.sonatype.org: https://oss.sonatype.org/content/groups/public/org/apache/maven/plugins/maven-plugins/43/maven-plugins-43.pom
Progress (1): 773 B
Progress (1): 2.3 kB
Progress (1): 5.1 kB
Progress (1): 7.5 kB
                    
Downloaded from oss.sonatype.org: https://oss.sonatype.org/content/groups/public/org/apache/maven/plugins/maven-plugins/43/maven-plugins-43.pom (7.5 kB at 12 kB/s)
Downloading from oss.sonatype.org: https://oss.sonatype.org/content/groups/public/org/apache/maven/maven-parent/43/maven-parent-43.pom
Progress (1): 805 B
Progress (1): 2.1 kB
Progress (1): 4.1 kB
Progress (1): 7.7 kB
Progress (1): 12 kB 
Progress (1): 17 kB
Progress (1): 22 kB
Progress (1): 26 kB
Progress (1): 27 kB
Progress (1): 30 kB
Progress (1): 33 kB
Progress (1): 36 kB
Progress (1): 39 kB
Progress (1): 42 kB
Progress (1): 46 kB
Progress (1): 50 kB
                   
Downloaded from oss.sonatype.org: https://oss.sonatype.org/content/groups/public/org/apache/maven/maven-parent/43/maven-parent-43.pom (50 kB at 81 kB/s)
Downloading from oss.sonatype.org: https://oss.sonatype.org/content/groups/public/org/apache/apache/33/apache-33.pom
Progress (1): 741 B
Progress (1): 2.1 kB
Progress (1): 4.0 kB
Progress (1): 6.0 kB
Progress (1): 10 kB 
Progress (1): 16 kB
Progress (1): 19 kB
Progress (1): 22 kB
Progress (1): 24 kB
                   
Downloaded from oss.sonatype.org: https://oss.sonatype.org/content/groups/public/org/apache/apache/33/apache-33.pom (24 kB at 38 kB/s)
Downloading from oss.sonatype.org: https://oss.sonatype.org/content/groups/public/org/junit/junit-bom/5.10.3/junit-bom-5.10.3.pom
Progress (1): 908 B
Progress (1): 4.1 kB
Progress (1): 5.6 kB
                    
Downloaded from oss.sonatype.org: https://oss.sonatype.org/content/groups/public/org/junit/junit-bom/5.10.3/junit-bom-5.10.3.pom (5.6 kB at 9.2 kB/s)
Downloading from oss.sonatype.org: https://oss.sonatype.org/content/groups/public/org/apache/maven/plugins/maven-install-plugin/3.1.3/maven-install-plugin-3.1.3.jar
Progress (1): 7.7/33 kB
Progress (1): 16/33 kB 
Progress (1): 32/33 kB
Progress (1): 33 kB   
                   
Downloaded from oss.sonatype.org: https://oss.sonatype.org/content/groups/public/org/apache/maven/plugins/maven-install-plugin/3.1.3/maven-install-plugin-3.1.3.jar (33 kB at 53 kB/s)
[INFO] 
[INFO] ----------------------< com.jcabi:jcabi-aspects >-----------------------
[INFO] Building jcabi-aspects 0.24.1
[INFO]   from pom.xml
[INFO] -------------------------------[ bundle ]-------------------------------
[WARNING] Parameter 'createChecksum' is unknown for plugin 'maven-install-plugin:3.1.3:install-file (default-cli)'
[INFO] 
[INFO] --- install:3.1.3:install-file (default-cli) @ jcabi-aspects ---
Downloading from oss.sonatype.org: https://oss.sonatype.org/content/groups/public/org/apache/maven/resolver/maven-resolver-util/1.9.18/maven-resolver-util-1.9.18.pom
Progress (1): 830 B
Progress (1): 2.7 kB
Progress (1): 2.9 kB
                    
Downloaded from oss.sonatype.org: https://oss.sonatype.org/content/groups/public/org/apache/maven/resolver/maven-resolver-util/1.9.18/maven-resolver-util-1.9.18.pom (2.9 kB at 4.8 kB/s)
Downloading from oss.sonatype.org: https://oss.sonatype.org/content/groups/public/org/apache/maven/resolver/maven-resolver/1.9.18/maven-resolver-1.9.18.pom
Progress (1): 827 B
Progress (1): 2.6 kB
Progress (1): 3.2 kB
Progress (1): 6.3 kB
Progress (1): 9.8 kB
Progress (1): 13 kB 
Progress (1): 18 kB
Progress (1): 21 kB
Progress (1): 22 kB
                   
Downloaded from oss.sonatype.org: https://oss.sonatype.org/content/groups/public/org/apache/maven/resolver/maven-resolver/1.9.18/maven-resolver-1.9.18.pom (22 kB at 35 kB/s)
Downloading from oss.sonatype.org: https://oss.sonatype.org/content/groups/public/org/apache/maven/resolver/maven-resolver-api/1.9.18/maven-resolver-api-1.9.18.pom
Progress (1): 831 B
Progress (1): 2.6 kB
Progress (1): 2.7 kB
                    
Downloaded from oss.sonatype.org: https://oss.sonatype.org/content/groups/public/org/apache/maven/resolver/maven-resolver-api/1.9.18/maven-resolver-api-1.9.18.pom (2.7 kB at 4.4 kB/s)
Downloading from oss.sonatype.org: https://oss.sonatype.org/content/groups/public/org/codehaus/plexus/plexus-xml/3.0.1/plexus-xml-3.0.1.pom
Progress (1): 814 B
Progress (1): 2.6 kB
Progress (1): 3.7 kB
                    
Downloaded from oss.sonatype.org: https://oss.sonatype.org/content/groups/public/org/codehaus/plexus/plexus-xml/3.0.1/plexus-xml-3.0.1.pom (3.7 kB at 6.1 kB/s)
Downloading from oss.sonatype.org: https://oss.sonatype.org/content/groups/public/org/codehaus/plexus/plexus/18/plexus-18.pom
Progress (1): 692 B
Progress (1): 2.5 kB
Progress (1): 6.4 kB
Progress (1): 8.9 kB
Progress (1): 10 kB 
Progress (1): 14 kB
Progress (1): 18 kB
Progress (1): 21 kB
Progress (1): 25 kB
Progress (1): 29 kB
Progress (1): 29 kB
                   
Downloaded from oss.sonatype.org: https://oss.sonatype.org/content/groups/public/org/codehaus/plexus/plexus/18/plexus-18.pom (29 kB at 48 kB/s)
Downloading from oss.sonatype.org: https://oss.sonatype.org/content/groups/public/org/apache/maven/resolver/maven-resolver-util/1.9.18/maven-resolver-util-1.9.18.jar
Progress (1): 3.2/196 kB
Progress (1): 20/196 kB 
Progress (1): 36/196 kB
Progress (1): 52/196 kB
Progress (1): 69/196 kB
Progress (1): 85/196 kB
Progress (1): 101/196 kB
Progress (1): 118/196 kB
Progress (1): 134/196 kB
Progress (1): 151/196 kB
Progress (1): 167/196 kB
Progress (1): 183/196 kB
Progress (1): 196 kB    
                    
Downloaded from oss.sonatype.org: https://oss.sonatype.org/content/groups/public/org/apache/maven/resolver/maven-resolver-util/1.9.18/maven-resolver-util-1.9.18.jar (196 kB at 320 kB/s)
Downloading from oss.sonatype.org: https://oss.sonatype.org/content/groups/public/org/apache/maven/resolver/maven-resolver-api/1.9.18/maven-resolver-api-1.9.18.jar
Downloading from oss.sonatype.org: https://oss.sonatype.org/content/groups/public/org/codehaus/plexus/plexus-xml/3.0.1/plexus-xml-3.0.1.jar
Progress (1): 7.7/157 kB
Progress (1): 16/157 kB 
Progress (1): 29/157 kB
Progress (1): 45/157 kB
Progress (1): 61/157 kB
Progress (1): 78/157 kB
Progress (1): 94/157 kB
Progress (1): 111/157 kB
Progress (1): 127/157 kB
Progress (1): 143/157 kB
Progress (1): 157 kB    
                    
Downloaded from oss.sonatype.org: https://oss.sonatype.org/content/groups/public/org/apache/maven/resolver/maven-resolver-api/1.9.18/maven-resolver-api-1.9.18.jar (157 kB at 261 kB/s)
Progress (1): 7.7/94 kB
Progress (1): 16/94 kB 
Progress (1): 24/94 kB
Progress (1): 40/94 kB
Progress (1): 57/94 kB
Progress (1): 73/94 kB
Progress (1): 90/94 kB
Progress (1): 94 kB   
                   
Downloaded from oss.sonatype.org: https://oss.sonatype.org/content/groups/public/org/codehaus/plexus/plexus-xml/3.0.1/plexus-xml-3.0.1.jar (94 kB at 99 kB/s)
[INFO] Installing /home/zhihao/hdd/marshal/benchmarks/cross-repo-pr-impact/results/single-case-pipeline-jcabi-s3-v2-2026-08-27/replay-work/formal-github-jcabi-aspects-336--target-jcabi-s3-tv-removal/source-a1/target/jcabi-aspects-0.24.1.jar to /home/zhihao/hdd/marshal/benchmarks/cross-repo-pr-impact/results/single-case-pipeline-jcabi-s3-v2-2026-08-27/replay-work/formal-github-jcabi-aspects-336--target-jcabi-s3-tv-removal/m2-a2/com/jcabi/jcabi-aspects/0.24.1/jcabi-aspects-0.24.1.jar
[INFO] Installing /home/zhihao/hdd/marshal/benchmarks/cross-repo-pr-impact/results/single-case-pipeline-jcabi-s3-v2-2026-08-27/replay-work/formal-github-jcabi-aspects-336--target-jcabi-s3-tv-removal/source-a2/pom.xml to /home/zhihao/hdd/marshal/benchmarks/cross-repo-pr-impact/results/single-case-pipeline-jcabi-s3-v2-2026-08-27/replay-work/formal-github-jcabi-aspects-336--target-jcabi-s3-tv-removal/m2-a2/com/jcabi/jcabi-aspects/0.24.1/jcabi-aspects-0.24.1.pom
[INFO] ------------------------------------------------------------------------
[INFO] BUILD SUCCESS
[INFO] ------------------------------------------------------------------------
[INFO] Total time:  02:03 min
[INFO] Finished at: 2026-08-27T05:14:20+08:00
[INFO] ------------------------------------------------------------------------
