[INFO] Scanning for projects...
Downloading from central: https://repo.maven.apache.org/maven2/com/jcabi/jcabi/1.33.0/jcabi-1.33.0.pom
Progress (1): 856 B
Progress (1): 1.5 kB
Progress (1): 2.9 kB
Progress (1): 5.1 kB
Progress (1): 5.8 kB
                    
Downloaded from central: https://repo.maven.apache.org/maven2/com/jcabi/jcabi/1.33.0/jcabi-1.33.0.pom (5.8 kB at 6.7 kB/s)
Downloading from central: https://repo.maven.apache.org/maven2/com/jcabi/parent/0.59.0/parent-0.59.0.pom
Progress (1): 856 B
Progress (1): 1.5 kB
Progress (1): 2.9 kB
Progress (1): 4.7 kB
Progress (1): 6.4 kB
Progress (1): 7.7 kB
Progress (1): 9.7 kB
Progress (1): 13 kB 
Progress (1): 15 kB
Progress (1): 18 kB
Progress (1): 22 kB
Progress (1): 24 kB
Progress (1): 28 kB
Progress (1): 31 kB
Progress (1): 34 kB
Progress (1): 38 kB
Progress (1): 43 kB
Progress (1): 45 kB
Progress (1): 49 kB
Progress (1): 52 kB
Progress (1): 54 kB
Progress (1): 57 kB
Progress (1): 59 kB
Progress (1): 62 kB
Progress (1): 64 kB
                   
Downloaded from central: https://repo.maven.apache.org/maven2/com/jcabi/parent/0.59.0/parent-0.59.0.pom (64 kB at 261 kB/s)
Downloading from oss.sonatype.org: https://oss.sonatype.org/content/groups/public/org/kuali/maven/wagons/maven-s3-wagon/1.2.1/maven-s3-wagon-1.2.1.pom
Progress (1): 823 B
Progress (1): 1.7 kB
Progress (1): 3.9 kB
Progress (1): 5.7 kB
                    
Downloaded from oss.sonatype.org: https://oss.sonatype.org/content/groups/public/org/kuali/maven/wagons/maven-s3-wagon/1.2.1/maven-s3-wagon-1.2.1.pom (5.7 kB at 4.2 kB/s)
Downloading from oss.sonatype.org: https://oss.sonatype.org/content/groups/public/org/kuali/pom/kuali-common/3.3.35/kuali-common-3.3.35.pom
Progress (1): 695 B
Progress (1): 1.6 kB
Progress (1): 3.6 kB
Progress (1): 5.8 kB
Progress (1): 7.1 kB
Progress (1): 11 kB 
Progress (1): 15 kB
Progress (1): 18 kB
Progress (1): 22 kB
Progress (1): 27 kB
Progress (1): 33 kB
Progress (1): 38 kB
Progress (1): 42 kB
                   
Downloaded from oss.sonatype.org: https://oss.sonatype.org/content/groups/public/org/kuali/pom/kuali-common/3.3.35/kuali-common-3.3.35.pom (42 kB at 65 kB/s)
Downloading from oss.sonatype.org: https://oss.sonatype.org/content/groups/public/org/kuali/pom/kuali-pom/3.3.35/kuali-pom-3.3.35.pom
Progress (1): 704 B
Progress (1): 1.8 kB
Progress (1): 3.3 kB
Progress (1): 5.4 kB
Progress (1): 6.3 kB
Progress (1): 7.7 kB
Progress (1): 9.7 kB
Progress (1): 11 kB 
Progress (1): 14 kB
Progress (1): 16 kB
Progress (1): 19 kB
Progress (1): 24 kB
Progress (1): 26 kB
Progress (1): 28 kB
Progress (1): 34 kB
Progress (1): 36 kB
Progress (1): 38 kB
Progress (1): 42 kB
Progress (1): 48 kB
Progress (1): 51 kB
Progress (1): 57 kB
Progress (1): 62 kB
Progress (1): 64 kB
                   
Downloaded from oss.sonatype.org: https://oss.sonatype.org/content/groups/public/org/kuali/pom/kuali-pom/3.3.35/kuali-pom-3.3.35.pom (64 kB at 104 kB/s)
Downloading from oss.sonatype.org: https://oss.sonatype.org/content/groups/public/com/google/guava/guava/15.0/guava-15.0.pom
Progress (1): 982 B
Progress (1): 2.3 kB
Progress (1): 4.6 kB
Progress (1): 6.3 kB
                    
Downloaded from oss.sonatype.org: https://oss.sonatype.org/content/groups/public/com/google/guava/guava/15.0/guava-15.0.pom (6.3 kB at 6.0 kB/s)
Downloading from oss.sonatype.org: https://oss.sonatype.org/content/groups/public/com/google/guava/guava-parent/15.0/guava-parent-15.0.pom
Progress (1): 1.1 kB
Progress (1): 2.3 kB
Progress (1): 5.5 kB
Progress (1): 7.3 kB
                    
Downloaded from oss.sonatype.org: https://oss.sonatype.org/content/groups/public/com/google/guava/guava-parent/15.0/guava-parent-15.0.pom (7.3 kB at 12 kB/s)
Downloading from oss.sonatype.org: https://oss.sonatype.org/content/groups/public/org/kuali/common/kuali-s3/1.0.1/kuali-s3-1.0.1.pom
Progress (1): 1.2 kB
Progress (1): 2.6 kB
                    
Downloaded from oss.sonatype.org: https://oss.sonatype.org/content/groups/public/org/kuali/common/kuali-s3/1.0.1/kuali-s3-1.0.1.pom (2.6 kB at 3.9 kB/s)
Downloading from oss.sonatype.org: https://oss.sonatype.org/content/groups/public/org/kuali/pom/kuali-common/2.0.0/kuali-common-2.0.0.pom
Progress (1): 812 B
Progress (1): 1.7 kB
Progress (1): 3.6 kB
Progress (1): 5.8 kB
Progress (1): 7.7 kB
Progress (1): 13 kB 
Progress (1): 16 kB
Progress (1): 21 kB
Progress (1): 24 kB
Progress (1): 30 kB
Progress (1): 35 kB
Progress (1): 35 kB
                   
Downloaded from oss.sonatype.org: https://oss.sonatype.org/content/groups/public/org/kuali/pom/kuali-common/2.0.0/kuali-common-2.0.0.pom (35 kB at 47 kB/s)
Downloading from oss.sonatype.org: https://oss.sonatype.org/content/groups/public/org/kuali/pom/kuali-pom/2.0.0/kuali-pom-2.0.0.pom
Progress (1): 821 B
Progress (1): 2.3 kB
Progress (1): 3.8 kB
Progress (1): 5.7 kB
Progress (1): 7.5 kB
Progress (1): 10 kB 
Progress (1): 14 kB
Progress (1): 14 kB
Progress (1): 18 kB
Progress (1): 21 kB
Progress (1): 24 kB
Progress (1): 29 kB
Progress (1): 30 kB
Progress (1): 34 kB
Progress (1): 38 kB
Progress (1): 44 kB
Progress (1): 50 kB
Progress (1): 54 kB
Progress (1): 56 kB
                   
Downloaded from oss.sonatype.org: https://oss.sonatype.org/content/groups/public/org/kuali/pom/kuali-pom/2.0.0/kuali-pom-2.0.0.pom (56 kB at 77 kB/s)
Downloading from oss.sonatype.org: https://oss.sonatype.org/content/groups/public/com/amazonaws/aws-java-sdk/1.3.22/aws-java-sdk-1.3.22.pom
Progress (1): 908 B
Progress (1): 3.9 kB
Progress (1): 5.6 kB
                    
Downloaded from oss.sonatype.org: https://oss.sonatype.org/content/groups/public/com/amazonaws/aws-java-sdk/1.3.22/aws-java-sdk-1.3.22.pom (5.6 kB at 8.2 kB/s)
Downloading from oss.sonatype.org: https://oss.sonatype.org/content/groups/public/org/apache/httpcomponents/httpclient/4.1/httpclient-4.1.pom
Progress (1): 869 B
Progress (1): 3.1 kB
Progress (1): 5.4 kB
Progress (1): 6.0 kB
                    
Downloaded from oss.sonatype.org: https://oss.sonatype.org/content/groups/public/org/apache/httpcomponents/httpclient/4.1/httpclient-4.1.pom (6.0 kB at 9.1 kB/s)
Downloading from oss.sonatype.org: https://oss.sonatype.org/content/groups/public/org/apache/httpcomponents/httpcomponents-client/4.1/httpcomponents-client-4.1.pom
Progress (1): 853 B
Progress (1): 2.3 kB
Progress (1): 4.7 kB
Progress (1): 8.2 kB
Progress (1): 11 kB 
Progress (1): 11 kB
                   
Downloaded from oss.sonatype.org: https://oss.sonatype.org/content/groups/public/org/apache/httpcomponents/httpcomponents-client/4.1/httpcomponents-client-4.1.pom (11 kB at 19 kB/s)
Downloading from oss.sonatype.org: https://oss.sonatype.org/content/groups/public/org/apache/httpcomponents/project/4.1.1/project-4.1.1.pom
Progress (1): 871 B
Progress (1): 2.2 kB
Progress (1): 5.4 kB
Progress (1): 7.7 kB
Progress (1): 9.8 kB
Progress (1): 15 kB 
Progress (1): 17 kB
                   
Downloaded from oss.sonatype.org: https://oss.sonatype.org/content/groups/public/org/apache/httpcomponents/project/4.1.1/project-4.1.1.pom (17 kB at 26 kB/s)
Downloading from oss.sonatype.org: https://oss.sonatype.org/content/groups/public/org/apache/httpcomponents/httpcore/4.1/httpcore-4.1.pom
Progress (1): 855 B
Progress (1): 2.3 kB
Progress (1): 4.9 kB
Progress (1): 7.2 kB
Progress (1): 8.4 kB
                    
Downloaded from oss.sonatype.org: https://oss.sonatype.org/content/groups/public/org/apache/httpcomponents/httpcore/4.1/httpcore-4.1.pom (8.4 kB at 13 kB/s)
Downloading from oss.sonatype.org: https://oss.sonatype.org/content/groups/public/org/apache/httpcomponents/httpcomponents-core/4.1/httpcomponents-core-4.1.pom
Progress (1): 856 B
Progress (1): 2.3 kB
Progress (1): 4.9 kB
Progress (1): 7.7 kB
Progress (1): 9.0 kB
                    
Downloaded from oss.sonatype.org: https://oss.sonatype.org/content/groups/public/org/apache/httpcomponents/httpcomponents-core/4.1/httpcomponents-core-4.1.pom (9.0 kB at 15 kB/s)
Downloading from oss.sonatype.org: https://oss.sonatype.org/content/groups/public/commons-codec/commons-codec/1.3/commons-codec-1.3.pom
Progress (1): 957 B
Progress (1): 3.1 kB
Progress (1): 5.1 kB
Progress (1): 6.1 kB
                    
Downloaded from oss.sonatype.org: https://oss.sonatype.org/content/groups/public/commons-codec/commons-codec/1.3/commons-codec-1.3.pom (6.1 kB at 8.3 kB/s)
Downloading from oss.sonatype.org: https://oss.sonatype.org/content/groups/public/org/codehaus/jackson/jackson-core-asl/1.8.9/jackson-core-asl-1.8.9.pom
Progress (1): 1.0 kB
                    
Downloaded from oss.sonatype.org: https://oss.sonatype.org/content/groups/public/org/codehaus/jackson/jackson-core-asl/1.8.9/jackson-core-asl-1.8.9.pom (1.0 kB at 1.6 kB/s)
Downloading from oss.sonatype.org: https://oss.sonatype.org/content/groups/public/org/codehaus/jackson/jackson-mapper-asl/1.8.9/jackson-mapper-asl-1.8.9.pom
Progress (1): 1.1 kB
Progress (1): 1.2 kB
                    
Downloaded from oss.sonatype.org: https://oss.sonatype.org/content/groups/public/org/codehaus/jackson/jackson-mapper-asl/1.8.9/jackson-mapper-asl-1.8.9.pom (1.2 kB at 1.9 kB/s)
Downloading from oss.sonatype.org: https://oss.sonatype.org/content/groups/public/org/kuali/common/kuali-threads/1.0.9/kuali-threads-1.0.9.pom
Progress (1): 765 B
Progress (1): 2.6 kB
                    
Downloaded from oss.sonatype.org: https://oss.sonatype.org/content/groups/public/org/kuali/common/kuali-threads/1.0.9/kuali-threads-1.0.9.pom (2.6 kB at 4.0 kB/s)
Downloading from oss.sonatype.org: https://oss.sonatype.org/content/groups/public/org/kuali/pom/kuali-common/1.2.2/kuali-common-1.2.2.pom
Progress (1): 715 B
Progress (1): 2.0 kB
Progress (1): 4.0 kB
Progress (1): 6.3 kB
Progress (1): 8.6 kB
Progress (1): 12 kB 
Progress (1): 16 kB
Progress (1): 25 kB
Progress (1): 30 kB
Progress (1): 31 kB
                   
Downloaded from oss.sonatype.org: https://oss.sonatype.org/content/groups/public/org/kuali/pom/kuali-common/1.2.2/kuali-common-1.2.2.pom (31 kB at 47 kB/s)
Downloading from oss.sonatype.org: https://oss.sonatype.org/content/groups/public/org/kuali/pom/kuali-pom/1.2.2/kuali-pom-1.2.2.pom
Progress (1): 691 B
Progress (1): 2.1 kB
Progress (1): 3.5 kB
Progress (1): 5.6 kB
Progress (1): 7.9 kB
Progress (1): 11 kB 
Progress (1): 14 kB
Progress (1): 17 kB
Progress (1): 21 kB
Progress (1): 24 kB
Progress (1): 27 kB
Progress (1): 31 kB
Progress (1): 36 kB
Progress (1): 43 kB
                   
Downloaded from oss.sonatype.org: https://oss.sonatype.org/content/groups/public/org/kuali/pom/kuali-pom/1.2.2/kuali-pom-1.2.2.pom (43 kB at 66 kB/s)
Downloading from oss.sonatype.org: https://oss.sonatype.org/content/groups/public/org/slf4j/slf4j-api/1.6.4/slf4j-api-1.6.4.pom
Progress (1): 1.4 kB
Progress (1): 2.7 kB
                    
Downloaded from oss.sonatype.org: https://oss.sonatype.org/content/groups/public/org/slf4j/slf4j-api/1.6.4/slf4j-api-1.6.4.pom (2.7 kB at 4.3 kB/s)
Downloading from oss.sonatype.org: https://oss.sonatype.org/content/groups/public/org/slf4j/slf4j-parent/1.6.4/slf4j-parent-1.6.4.pom
Progress (1): 1.1 kB
Progress (1): 3.8 kB
Progress (1): 6.9 kB
Progress (1): 10 kB 
Progress (1): 12 kB
                   
Downloaded from oss.sonatype.org: https://oss.sonatype.org/content/groups/public/org/slf4j/slf4j-parent/1.6.4/slf4j-parent-1.6.4.pom (12 kB at 20 kB/s)
Downloading from oss.sonatype.org: https://oss.sonatype.org/content/groups/public/org/slf4j/slf4j-log4j12/1.6.4/slf4j-log4j12-1.6.4.pom
Progress (1): 1.4 kB
Progress (1): 1.7 kB
                    
Downloaded from oss.sonatype.org: https://oss.sonatype.org/content/groups/public/org/slf4j/slf4j-log4j12/1.6.4/slf4j-log4j12-1.6.4.pom (1.7 kB at 2.8 kB/s)
Downloading from oss.sonatype.org: https://oss.sonatype.org/content/groups/public/log4j/log4j/1.2.16/log4j-1.2.16.pom
Progress (1): 806 B
Progress (1): 2.1 kB
Progress (1): 4.4 kB
Progress (1): 7.7 kB
Progress (1): 11 kB 
Progress (1): 14 kB
Progress (1): 16 kB
Progress (1): 19 kB
Progress (1): 20 kB
                   
Downloaded from oss.sonatype.org: https://oss.sonatype.org/content/groups/public/log4j/log4j/1.2.16/log4j-1.2.16.pom (20 kB at 31 kB/s)
Downloading from oss.sonatype.org: https://oss.sonatype.org/content/groups/public/commons-io/commons-io/2.4/commons-io-2.4.pom
Progress (1): 807 B
Progress (1): 2.1 kB
Progress (1): 5.6 kB
Progress (1): 8.0 kB
Progress (1): 10 kB 
                   
Downloaded from oss.sonatype.org: https://oss.sonatype.org/content/groups/public/commons-io/commons-io/2.4/commons-io-2.4.pom (10 kB at 17 kB/s)
Downloading from oss.sonatype.org: https://oss.sonatype.org/content/groups/public/org/apache/commons/commons-parent/25/commons-parent-25.pom
Progress (1): 780 B
Progress (1): 2.0 kB
Progress (1): 3.5 kB
Progress (1): 6.3 kB
Progress (1): 8.9 kB
Progress (1): 12 kB 
Progress (1): 16 kB
Progress (1): 19 kB
Progress (1): 21 kB
Progress (1): 24 kB
Progress (1): 29 kB
Progress (1): 36 kB
Progress (1): 38 kB
Progress (1): 41 kB
Progress (1): 43 kB
Progress (1): 43 kB
Progress (1): 46 kB
Progress (1): 48 kB
Progress (1): 48 kB
                   
Downloaded from oss.sonatype.org: https://oss.sonatype.org/content/groups/public/org/apache/commons/commons-parent/25/commons-parent-25.pom (48 kB at 75 kB/s)
Downloading from oss.sonatype.org: https://oss.sonatype.org/content/groups/public/org/apache/apache/9/apache-9.pom
Progress (1): 799 B
Progress (1): 2.1 kB
Progress (1): 3.2 kB
Progress (1): 4.9 kB
Progress (1): 10 kB 
Progress (1): 13 kB
Progress (1): 15 kB
                   
Downloaded from oss.sonatype.org: https://oss.sonatype.org/content/groups/public/org/apache/apache/9/apache-9.pom (15 kB at 24 kB/s)
Downloading from oss.sonatype.org: https://oss.sonatype.org/content/groups/public/org/slf4j/jcl-over-slf4j/1.6.4/jcl-over-slf4j-1.6.4.pom
Progress (1): 1.4 kB
Progress (1): 2.5 kB
                    
Downloaded from oss.sonatype.org: https://oss.sonatype.org/content/groups/public/org/slf4j/jcl-over-slf4j/1.6.4/jcl-over-slf4j-1.6.4.pom (2.5 kB at 3.9 kB/s)
Downloading from oss.sonatype.org: https://oss.sonatype.org/content/groups/public/com/amazonaws/aws-java-sdk/1.6.4/aws-java-sdk-1.6.4.pom
Progress (1): 902 B
Progress (1): 4.3 kB
Progress (1): 6.5 kB
                    
Downloaded from oss.sonatype.org: https://oss.sonatype.org/content/groups/public/com/amazonaws/aws-java-sdk/1.6.4/aws-java-sdk-1.6.4.pom (6.5 kB at 11 kB/s)
Downloading from oss.sonatype.org: https://oss.sonatype.org/content/groups/public/org/apache/httpcomponents/httpclient/4.2/httpclient-4.2.pom
Progress (1): 868 B
Progress (1): 2.8 kB
Progress (1): 5.0 kB
Progress (1): 5.9 kB
                    
Downloaded from oss.sonatype.org: https://oss.sonatype.org/content/groups/public/org/apache/httpcomponents/httpclient/4.2/httpclient-4.2.pom (5.9 kB at 9.8 kB/s)
Downloading from oss.sonatype.org: https://oss.sonatype.org/content/groups/public/org/apache/httpcomponents/httpcomponents-client/4.2/httpcomponents-client-4.2.pom
Progress (1): 843 B
Progress (1): 2.3 kB
Progress (1): 4.5 kB
Progress (1): 8.5 kB
Progress (1): 11 kB 
Progress (1): 14 kB
Progress (1): 14 kB
                   
Downloaded from oss.sonatype.org: https://oss.sonatype.org/content/groups/public/org/apache/httpcomponents/httpcomponents-client/4.2/httpcomponents-client-4.2.pom (14 kB at 23 kB/s)
Downloading from oss.sonatype.org: https://oss.sonatype.org/content/groups/public/org/apache/httpcomponents/httpcore/4.2/httpcore-4.2.pom
Progress (1): 865 B
Progress (1): 2.4 kB
Progress (1): 4.6 kB
Progress (1): 5.7 kB
                    
Downloaded from oss.sonatype.org: https://oss.sonatype.org/content/groups/public/org/apache/httpcomponents/httpcore/4.2/httpcore-4.2.pom (5.7 kB at 9.0 kB/s)
Downloading from oss.sonatype.org: https://oss.sonatype.org/content/groups/public/org/apache/httpcomponents/httpcomponents-core/4.2/httpcomponents-core-4.2.pom
Progress (1): 865 B
Progress (1): 2.3 kB
Progress (1): 4.7 kB
Progress (1): 7.7 kB
Progress (1): 10 kB 
Progress (1): 11 kB
                   
Downloaded from oss.sonatype.org: https://oss.sonatype.org/content/groups/public/org/apache/httpcomponents/httpcomponents-core/4.2/httpcomponents-core-4.2.pom (11 kB at 19 kB/s)
Downloading from oss.sonatype.org: https://oss.sonatype.org/content/groups/public/org/apache/httpcomponents/project/6/project-6.pom
Progress (1): 807 B
Progress (1): 2.1 kB
Progress (1): 3.8 kB
Progress (1): 7.1 kB
Progress (1): 10 kB 
Progress (1): 14 kB
Progress (1): 18 kB
Progress (1): 21 kB
Progress (1): 23 kB
Progress (1): 24 kB
                   
Downloaded from oss.sonatype.org: https://oss.sonatype.org/content/groups/public/org/apache/httpcomponents/project/6/project-6.pom (24 kB at 40 kB/s)
Downloading from oss.sonatype.org: https://oss.sonatype.org/content/groups/public/commons-codec/commons-codec/1.6/commons-codec-1.6.pom
Progress (1): 752 B
Progress (1): 2.1 kB
Progress (1): 4.4 kB
Progress (1): 6.6 kB
Progress (1): 9.2 kB
Progress (1): 11 kB 
                   
Downloaded from oss.sonatype.org: https://oss.sonatype.org/content/groups/public/commons-codec/commons-codec/1.6/commons-codec-1.6.pom (11 kB at 19 kB/s)
Downloading from oss.sonatype.org: https://oss.sonatype.org/content/groups/public/org/apache/commons/commons-parent/22/commons-parent-22.pom
Progress (1): 790 B
Progress (1): 2.0 kB
Progress (1): 3.6 kB
Progress (1): 7.2 kB
Progress (1): 7.7 kB
Progress (1): 11 kB 
Progress (1): 15 kB
Progress (1): 18 kB
Progress (1): 20 kB
Progress (1): 24 kB
Progress (1): 32 kB
Progress (1): 35 kB
Progress (1): 37 kB
Progress (1): 39 kB
Progress (1): 41 kB
Progress (1): 42 kB
                   
Downloaded from oss.sonatype.org: https://oss.sonatype.org/content/groups/public/org/apache/commons/commons-parent/22/commons-parent-22.pom (42 kB at 67 kB/s)
Downloading from oss.sonatype.org: https://oss.sonatype.org/content/groups/public/com/fasterxml/jackson/core/jackson-core/2.1.1/jackson-core-2.1.1.pom
Progress (1): 1.2 kB
Progress (1): 3.4 kB
Progress (1): 5.6 kB
                    
Downloaded from oss.sonatype.org: https://oss.sonatype.org/content/groups/public/com/fasterxml/jackson/core/jackson-core/2.1.1/jackson-core-2.1.1.pom (5.6 kB at 8.0 kB/s)
Downloading from oss.sonatype.org: https://oss.sonatype.org/content/groups/public/com/fasterxml/oss-parent/4/oss-parent-4.pom
Progress (1): 764 B
Progress (1): 2.6 kB
Progress (1): 4.5 kB
Progress (1): 7.6 kB
Progress (1): 9.2 kB
Progress (1): 13 kB 
Progress (1): 16 kB
Progress (1): 18 kB
                   
Downloaded from oss.sonatype.org: https://oss.sonatype.org/content/groups/public/com/fasterxml/oss-parent/4/oss-parent-4.pom (18 kB at 30 kB/s)
Downloading from oss.sonatype.org: https://oss.sonatype.org/content/groups/public/com/fasterxml/jackson/core/jackson-databind/2.1.1/jackson-databind-2.1.1.pom
Progress (1): 802 B
Progress (1): 2.9 kB
Progress (1): 5.2 kB
Progress (1): 5.6 kB
                    
Downloaded from oss.sonatype.org: https://oss.sonatype.org/content/groups/public/com/fasterxml/jackson/core/jackson-databind/2.1.1/jackson-databind-2.1.1.pom (5.6 kB at 9.3 kB/s)
Downloading from oss.sonatype.org: https://oss.sonatype.org/content/groups/public/com/fasterxml/jackson/core/jackson-annotations/2.1.1/jackson-annotations-2.1.1.pom
Progress (1): 858 B
Progress (1): 1.9 kB
                    
Downloaded from oss.sonatype.org: https://oss.sonatype.org/content/groups/public/com/fasterxml/jackson/core/jackson-annotations/2.1.1/jackson-annotations-2.1.1.pom (1.9 kB at 3.1 kB/s)
Downloading from oss.sonatype.org: https://oss.sonatype.org/content/groups/public/org/springframework/spring-core/3.2.5.RELEASE/spring-core-3.2.5.RELEASE.pom
Progress (1): 1.3 kB
Progress (1): 2.1 kB
                    
Downloaded from oss.sonatype.org: https://oss.sonatype.org/content/groups/public/org/springframework/spring-core/3.2.5.RELEASE/spring-core-3.2.5.RELEASE.pom (2.1 kB at 3.4 kB/s)
Downloading from oss.sonatype.org: https://oss.sonatype.org/content/groups/public/org/apache/maven/wagon/wagon-provider-api/2.2/wagon-provider-api-2.2.pom
Progress (1): 831 B
Progress (1): 1.7 kB
                    
Downloaded from oss.sonatype.org: https://oss.sonatype.org/content/groups/public/org/apache/maven/wagon/wagon-provider-api/2.2/wagon-provider-api-2.2.pom (1.7 kB at 2.6 kB/s)
Downloading from oss.sonatype.org: https://oss.sonatype.org/content/groups/public/org/apache/maven/wagon/wagon/2.2/wagon-2.2.pom
Progress (1): 773 B
Progress (1): 2.5 kB
Progress (1): 5.8 kB
Progress (1): 7.7 kB
Progress (1): 11 kB 
Progress (1): 14 kB
Progress (1): 16 kB
                   
Downloaded from oss.sonatype.org: https://oss.sonatype.org/content/groups/public/org/apache/maven/wagon/wagon/2.2/wagon-2.2.pom (16 kB at 26 kB/s)
Downloading from oss.sonatype.org: https://oss.sonatype.org/content/groups/public/org/codehaus/plexus/plexus-utils/3.0/plexus-utils-3.0.pom
Progress (1): 811 B
Progress (1): 2.3 kB
Progress (1): 4.1 kB
                    
Downloaded from oss.sonatype.org: https://oss.sonatype.org/content/groups/public/org/codehaus/plexus/plexus-utils/3.0/plexus-utils-3.0.pom (4.1 kB at 6.7 kB/s)
Downloading from oss.sonatype.org: https://oss.sonatype.org/content/groups/public/org/kuali/common/kuali-threads/1.0.10/kuali-threads-1.0.10.pom
Progress (1): 765 B
Progress (1): 2.6 kB
                    
Downloaded from oss.sonatype.org: https://oss.sonatype.org/content/groups/public/org/kuali/common/kuali-threads/1.0.10/kuali-threads-1.0.10.pom (2.6 kB at 4.2 kB/s)
Downloading from oss.sonatype.org: https://oss.sonatype.org/content/groups/public/org/kuali/pom/kuali-common/2.3.9/kuali-common-2.3.9.pom
Progress (1): 694 B
Progress (1): 2.0 kB
Progress (1): 3.9 kB
Progress (1): 6.3 kB
Progress (1): 8.1 kB
Progress (1): 13 kB 
Progress (1): 17 kB
Progress (1): 21 kB
Progress (1): 28 kB
Progress (1): 35 kB
Progress (1): 39 kB
Progress (1): 41 kB
                   
Downloaded from oss.sonatype.org: https://oss.sonatype.org/content/groups/public/org/kuali/pom/kuali-common/2.3.9/kuali-common-2.3.9.pom (41 kB at 67 kB/s)
Downloading from oss.sonatype.org: https://oss.sonatype.org/content/groups/public/org/kuali/pom/kuali-pom/2.3.9/kuali-pom-2.3.9.pom
Progress (1): 722 B
Progress (1): 2.3 kB
Progress (1): 3.8 kB
Progress (1): 5.1 kB
Progress (1): 7.0 kB
Progress (1): 9.1 kB
Progress (1): 11 kB 
Progress (1): 15 kB
Progress (1): 19 kB
Progress (1): 22 kB
Progress (1): 25 kB
Progress (1): 30 kB
Progress (1): 32 kB
Progress (1): 36 kB
Progress (1): 40 kB
Progress (1): 46 kB
Progress (1): 53 kB
Progress (1): 57 kB
Progress (1): 59 kB
                   
Downloaded from oss.sonatype.org: https://oss.sonatype.org/content/groups/public/org/kuali/pom/kuali-pom/2.3.9/kuali-pom-2.3.9.pom (59 kB at 93 kB/s)
Downloading from oss.sonatype.org: https://oss.sonatype.org/content/groups/public/org/slf4j/slf4j-log4j12/1.7.5/slf4j-log4j12-1.7.5.pom
Progress (1): 1.5 kB
Progress (1): 1.6 kB
                    
Downloaded from oss.sonatype.org: https://oss.sonatype.org/content/groups/public/org/slf4j/slf4j-log4j12/1.7.5/slf4j-log4j12-1.7.5.pom (1.6 kB at 2.6 kB/s)
Downloading from oss.sonatype.org: https://oss.sonatype.org/content/groups/public/log4j/log4j/1.2.17/log4j-1.2.17.pom
Progress (1): 747 B
Progress (1): 1.9 kB
Progress (1): 4.2 kB
Progress (1): 7.6 kB
Progress (1): 11 kB 
Progress (1): 14 kB
Progress (1): 16 kB
Progress (1): 19 kB
Progress (1): 22 kB
Progress (1): 22 kB
                   
Downloaded from oss.sonatype.org: https://oss.sonatype.org/content/groups/public/log4j/log4j/1.2.17/log4j-1.2.17.pom (22 kB at 36 kB/s)
Downloading from oss.sonatype.org: https://oss.sonatype.org/content/groups/public/org/slf4j/jcl-over-slf4j/1.7.5/jcl-over-slf4j-1.7.5.pom
Progress (1): 1.5 kB
Progress (1): 1.9 kB
                    
Downloaded from oss.sonatype.org: https://oss.sonatype.org/content/groups/public/org/slf4j/jcl-over-slf4j/1.7.5/jcl-over-slf4j-1.7.5.pom (1.9 kB at 3.0 kB/s)
Downloading from oss.sonatype.org: https://oss.sonatype.org/content/groups/public/org/kuali/maven/wagons/maven-s3-wagon/1.2.1/maven-s3-wagon-1.2.1.jar
Progress (1): 7.7/42 kB
Progress (1): 7.7/42 kB
Progress (1): 24/42 kB 
Progress (1): 40/42 kB
Progress (1): 42 kB   
                   
Downloaded from oss.sonatype.org: https://oss.sonatype.org/content/groups/public/org/kuali/maven/wagons/maven-s3-wagon/1.2.1/maven-s3-wagon-1.2.1.jar (42 kB at 62 kB/s)
Downloading from oss.sonatype.org: https://oss.sonatype.org/content/groups/public/com/google/guava/guava/15.0/guava-15.0.jar
Downloading from oss.sonatype.org: https://oss.sonatype.org/content/groups/public/org/kuali/common/kuali-s3/1.0.1/kuali-s3-1.0.1.jar
Downloading from oss.sonatype.org: https://oss.sonatype.org/content/groups/public/org/slf4j/slf4j-api/1.6.4/slf4j-api-1.6.4.jar
Downloading from oss.sonatype.org: https://oss.sonatype.org/content/groups/public/com/amazonaws/aws-java-sdk/1.6.4/aws-java-sdk-1.6.4.jar
Downloading from oss.sonatype.org: https://oss.sonatype.org/content/groups/public/org/apache/httpcomponents/httpclient/4.2/httpclient-4.2.jar
Progress (1): 0/2.2 MB
Progress (1): 0/2.2 MB
Progress (1): 0/2.2 MB
Progress (1): 0/2.2 MB
Progress (1): 0.1/2.2 MB
Progress (1): 0.1/2.2 MB
Progress (1): 0.1/2.2 MB
Progress (1): 0.1/2.2 MB
Progress (1): 0.1/2.2 MB
Progress (1): 0.1/2.2 MB
Progress (1): 0.1/2.2 MB
Progress (1): 0.2/2.2 MB
Progress (1): 0.2/2.2 MB
Progress (1): 0.2/2.2 MB
Progress (1): 0.2/2.2 MB
Progress (1): 0.2/2.2 MB
Progress (1): 0.2/2.2 MB
Progress (1): 0.3/2.2 MB
Progress (1): 0.3/2.2 MB
Progress (1): 0.3/2.2 MB
Progress (1): 0.3/2.2 MB
Progress (1): 0.3/2.2 MB
Progress (1): 0.3/2.2 MB
Progress (1): 0.4/2.2 MB
Progress (1): 0.4/2.2 MB
Progress (1): 0.4/2.2 MB
Progress (1): 0.4/2.2 MB
Progress (1): 0.4/2.2 MB
Progress (1): 0.4/2.2 MB
Progress (1): 0.5/2.2 MB
Progress (1): 0.5/2.2 MB
Progress (1): 0.5/2.2 MB
Progress (1): 0.5/2.2 MB
Progress (1): 0.5/2.2 MB
Progress (1): 0.5/2.2 MB
Progress (1): 0.5/2.2 MB
Progress (1): 0.6/2.2 MB
Progress (1): 0.6/2.2 MB
Progress (1): 0.6/2.2 MB
Progress (1): 0.6/2.2 MB
Progress (1): 0.6/2.2 MB
Progress (1): 0.6/2.2 MB
Progress (1): 0.7/2.2 MB
Progress (1): 0.7/2.2 MB
Progress (1): 0.7/2.2 MB
Progress (1): 0.7/2.2 MB
Progress (1): 0.7/2.2 MB
Progress (1): 0.7/2.2 MB
Progress (1): 0.8/2.2 MB
Progress (1): 0.8/2.2 MB
Progress (1): 0.8/2.2 MB
Progress (1): 0.8/2.2 MB
Progress (1): 0.8/2.2 MB
Progress (1): 0.8/2.2 MB
Progress (1): 0.9/2.2 MB
Progress (1): 0.9/2.2 MB
Progress (1): 0.9/2.2 MB
Progress (1): 0.9/2.2 MB
Progress (1): 0.9/2.2 MB
Progress (1): 0.9/2.2 MB
Progress (1): 1.0/2.2 MB
Progress (1): 1.0/2.2 MB
Progress (1): 1.0/2.2 MB
Progress (1): 1.0/2.2 MB
Progress (1): 1.0/2.2 MB
Progress (1): 1.0/2.2 MB
Progress (1): 1.1/2.2 MB
Progress (1): 1.1/2.2 MB
Progress (1): 1.1/2.2 MB
Progress (1): 1.1/2.2 MB
Progress (2): 1.1/2.2 MB | 0/11 MB
Progress (2): 1.1/2.2 MB | 0/11 MB
Progress (2): 1.1/2.2 MB | 0/11 MB
Progress (2): 1.1/2.2 MB | 0/11 MB
Progress (2): 1.1/2.2 MB | 0/11 MB
Progress (2): 1.1/2.2 MB | 0/11 MB
Progress (2): 1.1/2.2 MB | 0/11 MB
Progress (2): 1.1/2.2 MB | 0/11 MB
Progress (2): 1.1/2.2 MB | 0/11 MB
Progress (2): 1.1/2.2 MB | 0/11 MB
Progress (2): 1.1/2.2 MB | 0/11 MB
Progress (2): 1.1/2.2 MB | 0/11 MB
Progress (2): 1.1/2.2 MB | 0/11 MB
Progress (2): 1.1/2.2 MB | 0/11 MB
Progress (2): 1.1/2.2 MB | 0/11 MB
Progress (2): 1.1/2.2 MB | 0/11 MB
Progress (2): 1.1/2.2 MB | 0/11 MB
Progress (2): 1.1/2.2 MB | 0/11 MB
Progress (2): 1.1/2.2 MB | 0/11 MB
Progress (2): 1.1/2.2 MB | 0/11 MB
Progress (2): 1.1/2.2 MB | 0/11 MB
Progress (2): 1.1/2.2 MB | 0/11 MB
Progress (3): 1.1/2.2 MB | 0/11 MB | 0.9/425 kB
Progress (3): 1.1/2.2 MB | 0/11 MB | 2.3/425 kB
Progress (3): 1.1/2.2 MB | 0/11 MB | 3.6/425 kB
Progress (3): 1.1/2.2 MB | 0/11 MB | 5.0/425 kB
Progress (3): 1.1/2.2 MB | 0/11 MB | 6.4/425 kB
Progress (3): 1.1/2.2 MB | 0/11 MB | 7.7/425 kB
Progress (3): 1.1/2.2 MB | 0/11 MB | 7.7/425 kB
Progress (3): 1.1/2.2 MB | 0/11 MB | 7.7/425 kB
Progress (3): 1.1/2.2 MB | 0/11 MB | 9.1/425 kB
Progress (3): 1.1/2.2 MB | 0/11 MB | 10/425 kB 
Progress (3): 1.1/2.2 MB | 0/11 MB | 10/425 kB
Progress (3): 1.1/2.2 MB | 0/11 MB | 10/425 kB
Progress (3): 1.1/2.2 MB | 0/11 MB | 12/425 kB
Progress (3): 1.1/2.2 MB | 0/11 MB | 13/425 kB
Progress (3): 1.1/2.2 MB | 0/11 MB | 13/425 kB
Progress (3): 1.1/2.2 MB | 0/11 MB | 13/425 kB
Progress (4): 1.1/2.2 MB | 0/11 MB | 13/425 kB | 0.9/26 kB
Progress (4): 1.1/2.2 MB | 0/11 MB | 13/425 kB | 2.3/26 kB
Progress (4): 1.1/2.2 MB | 0/11 MB | 13/425 kB | 3.6/26 kB
Progress (4): 1.1/2.2 MB | 0/11 MB | 13/425 kB | 5.0/26 kB
Progress (4): 1.1/2.2 MB | 0/11 MB | 13/425 kB | 6.4/26 kB
Progress (4): 1.1/2.2 MB | 0/11 MB | 15/425 kB | 6.4/26 kB
Progress (4): 1.1/2.2 MB | 0/11 MB | 15/425 kB | 7.7/26 kB
Progress (4): 1.1/2.2 MB | 0/11 MB | 15/425 kB | 9.1/26 kB
Progress (4): 1.1/2.2 MB | 0/11 MB | 16/425 kB | 9.1/26 kB
Progress (4): 1.1/2.2 MB | 0/11 MB | 16/425 kB | 10/26 kB 
Progress (4): 1.1/2.2 MB | 0/11 MB | 16/425 kB | 12/26 kB
Progress (4): 1.1/2.2 MB | 0/11 MB | 16/425 kB | 12/26 kB
Progress (4): 1.1/2.2 MB | 0/11 MB | 16/425 kB | 12/26 kB
Progress (4): 1.1/2.2 MB | 0/11 MB | 17/425 kB | 12/26 kB
Progress (4): 1.1/2.2 MB | 0/11 MB | 19/425 kB | 12/26 kB
Progress (4): 1.1/2.2 MB | 0/11 MB | 19/425 kB | 13/26 kB
Progress (4): 1.1/2.2 MB | 0/11 MB | 19/425 kB | 15/26 kB
Progress (4): 1.1/2.2 MB | 0/11 MB | 19/425 kB | 15/26 kB
Progress (4): 1.1/2.2 MB | 0/11 MB | 19/425 kB | 15/26 kB
Progress (4): 1.1/2.2 MB | 0/11 MB | 20/425 kB | 15/26 kB
Progress (4): 1.1/2.2 MB | 0/11 MB | 21/425 kB | 15/26 kB
Progress (4): 1.1/2.2 MB | 0/11 MB | 21/425 kB | 16/26 kB
Progress (4): 1.1/2.2 MB | 0/11 MB | 21/425 kB | 17/26 kB
Progress (4): 1.1/2.2 MB | 0/11 MB | 21/425 kB | 17/26 kB
Progress (4): 1.1/2.2 MB | 0/11 MB | 21/425 kB | 17/26 kB
Progress (4): 1.1/2.2 MB | 0/11 MB | 21/425 kB | 17/26 kB
Progress (4): 1.1/2.2 MB | 0/11 MB | 23/425 kB | 17/26 kB
Progress (4): 1.1/2.2 MB | 0/11 MB | 24/425 kB | 17/26 kB
Progress (4): 1.1/2.2 MB | 0/11 MB | 24/425 kB | 19/26 kB
Progress (4): 1.1/2.2 MB | 0/11 MB | 24/425 kB | 20/26 kB
Progress (4): 1.1/2.2 MB | 0/11 MB | 24/425 kB | 20/26 kB
Progress (4): 1.1/2.2 MB | 0.1/11 MB | 24/425 kB | 20/26 kB
Progress (4): 1.1/2.2 MB | 0.1/11 MB | 26/425 kB | 20/26 kB
Progress (4): 1.1/2.2 MB | 0.1/11 MB | 27/425 kB | 20/26 kB
Progress (4): 1.1/2.2 MB | 0.1/11 MB | 27/425 kB | 21/26 kB
Progress (4): 1.1/2.2 MB | 0.1/11 MB | 27/425 kB | 23/26 kB
Progress (4): 1.1/2.2 MB | 0.1/11 MB | 27/425 kB | 23/26 kB
Progress (4): 1.1/2.2 MB | 0.1/11 MB | 28/425 kB | 23/26 kB
Progress (4): 1.1/2.2 MB | 0.1/11 MB | 30/425 kB | 23/26 kB
Progress (4): 1.1/2.2 MB | 0.1/11 MB | 30/425 kB | 24/26 kB
Progress (4): 1.1/2.2 MB | 0.1/11 MB | 30/425 kB | 26/26 kB
Progress (4): 1.1/2.2 MB | 0.1/11 MB | 30/425 kB | 26 kB   
Progress (4): 1.1/2.2 MB | 0.1/11 MB | 30/425 kB | 26 kB
Progress (4): 1.1/2.2 MB | 0.1/11 MB | 31/425 kB | 26 kB
Progress (4): 1.1/2.2 MB | 0.1/11 MB | 32/425 kB | 26 kB
                                                        
Downloaded from oss.sonatype.org: https://oss.sonatype.org/content/groups/public/org/slf4j/slf4j-api/1.6.4/slf4j-api-1.6.4.jar (26 kB at 18 kB/s)
Downloading from oss.sonatype.org: https://oss.sonatype.org/content/groups/public/org/apache/httpcomponents/httpcore/4.2/httpcore-4.2.jar
Progress (3): 1.1/2.2 MB | 0.1/11 MB | 34/425 kB
Progress (3): 1.1/2.2 MB | 0.1/11 MB | 35/425 kB
Progress (3): 1.1/2.2 MB | 0.1/11 MB | 35/425 kB
Progress (3): 1.1/2.2 MB | 0.1/11 MB | 36/425 kB
Progress (3): 1.1/2.2 MB | 0.1/11 MB | 38/425 kB
Progress (3): 1.1/2.2 MB | 0.1/11 MB | 39/425 kB
Progress (3): 1.1/2.2 MB | 0.1/11 MB | 41/425 kB
Progress (3): 1.1/2.2 MB | 0.1/11 MB | 42/425 kB
Progress (3): 1.1/2.2 MB | 0.1/11 MB | 42/425 kB
Progress (3): 1.1/2.2 MB | 0.1/11 MB | 43/425 kB
Progress (3): 1.1/2.2 MB | 0.1/11 MB | 43/425 kB
Progress (3): 1.1/2.2 MB | 0.1/11 MB | 45/425 kB
Progress (3): 1.2/2.2 MB | 0.1/11 MB | 45/425 kB
Progress (3): 1.2/2.2 MB | 0.1/11 MB | 45/425 kB
Progress (3): 1.2/2.2 MB | 0.1/11 MB | 46/425 kB
Progress (3): 1.2/2.2 MB | 0.1/11 MB | 47/425 kB
Progress (3): 1.2/2.2 MB | 0.1/11 MB | 47/425 kB
Progress (3): 1.2/2.2 MB | 0.1/11 MB | 47/425 kB
Progress (3): 1.2/2.2 MB | 0.1/11 MB | 47/425 kB
Progress (3): 1.2/2.2 MB | 0.1/11 MB | 49/425 kB
Progress (3): 1.2/2.2 MB | 0.1/11 MB | 50/425 kB
Progress (3): 1.2/2.2 MB | 0.1/11 MB | 50/425 kB
Progress (3): 1.3/2.2 MB | 0.1/11 MB | 50/425 kB
Progress (3): 1.3/2.2 MB | 0.1/11 MB | 50/425 kB
Progress (3): 1.3/2.2 MB | 0.1/11 MB | 52/425 kB
Progress (3): 1.3/2.2 MB | 0.1/11 MB | 53/425 kB
Progress (3): 1.3/2.2 MB | 0.1/11 MB | 53/425 kB
Progress (3): 1.3/2.2 MB | 0.1/11 MB | 53/425 kB
Progress (3): 1.3/2.2 MB | 0.1/11 MB | 53/425 kB
Progress (3): 1.3/2.2 MB | 0.1/11 MB | 53/425 kB
Progress (3): 1.4/2.2 MB | 0.1/11 MB | 53/425 kB
Progress (3): 1.4/2.2 MB | 0.1/11 MB | 53/425 kB
Progress (3): 1.4/2.2 MB | 0.1/11 MB | 57/425 kB
Progress (3): 1.4/2.2 MB | 0.1/11 MB | 57/425 kB
Progress (3): 1.4/2.2 MB | 0.1/11 MB | 57/425 kB
Progress (3): 1.4/2.2 MB | 0.1/11 MB | 57/425 kB
Progress (3): 1.4/2.2 MB | 0.1/11 MB | 61/425 kB
Progress (3): 1.4/2.2 MB | 0.1/11 MB | 61/425 kB
Progress (3): 1.4/2.2 MB | 0.1/11 MB | 61/425 kB
Progress (3): 1.5/2.2 MB | 0.1/11 MB | 61/425 kB
Progress (3): 1.5/2.2 MB | 0.1/11 MB | 61/425 kB
Progress (3): 1.5/2.2 MB | 0.1/11 MB | 61/425 kB
Progress (3): 1.5/2.2 MB | 0.1/11 MB | 61/425 kB
Progress (3): 1.5/2.2 MB | 0.1/11 MB | 65/425 kB
Progress (3): 1.5/2.2 MB | 0.1/11 MB | 65/425 kB
Progress (3): 1.5/2.2 MB | 0.1/11 MB | 65/425 kB
Progress (3): 1.6/2.2 MB | 0.1/11 MB | 65/425 kB
Progress (3): 1.6/2.2 MB | 0.1/11 MB | 65/425 kB
Progress (3): 1.6/2.2 MB | 0.1/11 MB | 70/425 kB
Progress (3): 1.6/2.2 MB | 0.1/11 MB | 70/425 kB
Progress (3): 1.6/2.2 MB | 0.1/11 MB | 70/425 kB
Progress (3): 1.6/2.2 MB | 0.1/11 MB | 70/425 kB
Progress (3): 1.6/2.2 MB | 0.1/11 MB | 70/425 kB
Progress (3): 1.7/2.2 MB | 0.1/11 MB | 70/425 kB
Progress (3): 1.7/2.2 MB | 0.1/11 MB | 70/425 kB
Progress (3): 1.7/2.2 MB | 0.1/11 MB | 70/425 kB
Progress (3): 1.7/2.2 MB | 0.1/11 MB | 70/425 kB
Progress (3): 1.7/2.2 MB | 0.1/11 MB | 70/425 kB
Progress (3): 1.7/2.2 MB | 0.1/11 MB | 70/425 kB
Progress (3): 1.8/2.2 MB | 0.1/11 MB | 70/425 kB
Progress (3): 1.8/2.2 MB | 0.1/11 MB | 70/425 kB
Progress (3): 1.8/2.2 MB | 0.1/11 MB | 70/425 kB
Progress (3): 1.8/2.2 MB | 0.1/11 MB | 70/425 kB
Progress (3): 1.8/2.2 MB | 0.1/11 MB | 70/425 kB
Progress (3): 1.8/2.2 MB | 0.1/11 MB | 70/425 kB
Progress (3): 1.9/2.2 MB | 0.1/11 MB | 70/425 kB
Progress (3): 1.9/2.2 MB | 0.1/11 MB | 70/425 kB
Progress (3): 1.9/2.2 MB | 0.1/11 MB | 70/425 kB
Progress (3): 1.9/2.2 MB | 0.1/11 MB | 70/425 kB
Progress (3): 1.9/2.2 MB | 0.1/11 MB | 70/425 kB
Progress (3): 1.9/2.2 MB | 0.1/11 MB | 70/425 kB
Progress (3): 2.0/2.2 MB | 0.1/11 MB | 70/425 kB
Progress (3): 2.0/2.2 MB | 0.1/11 MB | 70/425 kB
Progress (3): 2.0/2.2 MB | 0.1/11 MB | 70/425 kB
Progress (3): 2.0/2.2 MB | 0.1/11 MB | 70/425 kB
Progress (3): 2.0/2.2 MB | 0.1/11 MB | 70/425 kB
Progress (3): 2.0/2.2 MB | 0.1/11 MB | 70/425 kB
Progress (3): 2.1/2.2 MB | 0.1/11 MB | 70/425 kB
Progress (3): 2.1/2.2 MB | 0.1/11 MB | 70/425 kB
Progress (3): 2.1/2.2 MB | 0.1/11 MB | 70/425 kB
Progress (3): 2.1/2.2 MB | 0.1/11 MB | 70/425 kB
Progress (3): 2.1/2.2 MB | 0.1/11 MB | 70/425 kB
Progress (3): 2.1/2.2 MB | 0.1/11 MB | 70/425 kB
Progress (3): 2.1/2.2 MB | 0.1/11 MB | 70/425 kB
Progress (3): 2.2/2.2 MB | 0.1/11 MB | 70/425 kB
Progress (3): 2.2 MB | 0.1/11 MB | 70/425 kB    
                                            
Downloaded from oss.sonatype.org: https://oss.sonatype.org/content/groups/public/com/google/guava/guava/15.0/guava-15.0.jar (2.2 MB at 1.5 MB/s)
Downloading from oss.sonatype.org: https://oss.sonatype.org/content/groups/public/commons-codec/commons-codec/1.3/commons-codec-1.3.jar
Progress (2): 0.1/11 MB | 70/425 kB
Progress (2): 0.1/11 MB | 70/425 kB
Progress (2): 0.1/11 MB | 70/425 kB
Progress (2): 0.1/11 MB | 70/425 kB
Progress (2): 0.1/11 MB | 70/425 kB
Progress (2): 0.1/11 MB | 70/425 kB
Progress (2): 0.1/11 MB | 70/425 kB
Progress (2): 0.1/11 MB | 70/425 kB
Progress (2): 0.1/11 MB | 70/425 kB
Progress (2): 0.1/11 MB | 74/425 kB
Progress (2): 0.1/11 MB | 74/425 kB
Progress (2): 0.1/11 MB | 78/425 kB
Progress (2): 0.1/11 MB | 78/425 kB
Progress (2): 0.1/11 MB | 82/425 kB
Progress (2): 0.1/11 MB | 82/425 kB
Progress (2): 0.1/11 MB | 86/425 kB
Progress (2): 0.1/11 MB | 86/425 kB
Progress (2): 0.1/11 MB | 91/425 kB
Progress (2): 0.1/11 MB | 91/425 kB
Progress (2): 0.1/11 MB | 95/425 kB
Progress (2): 0.1/11 MB | 95/425 kB
Progress (2): 0.1/11 MB | 99/425 kB
Progress (2): 0.1/11 MB | 99/425 kB
Progress (2): 0.1/11 MB | 103/425 kB
Progress (2): 0.1/11 MB | 103/425 kB
Progress (2): 0.1/11 MB | 108/425 kB
Progress (2): 0.1/11 MB | 108/425 kB
Progress (2): 0.1/11 MB | 108/425 kB
Progress (2): 0.1/11 MB | 112/425 kB
Progress (2): 0.1/11 MB | 116/425 kB
Progress (2): 0.1/11 MB | 120/425 kB
Progress (2): 0.1/11 MB | 125/425 kB
Progress (2): 0.1/11 MB | 129/425 kB
Progress (2): 0.1/11 MB | 133/425 kB
Progress (2): 0.1/11 MB | 137/425 kB
Progress (2): 0.1/11 MB | 141/425 kB
Progress (2): 0.1/11 MB | 146/425 kB
Progress (3): 0.1/11 MB | 146/425 kB | 0.9/27 kB
Progress (3): 0.1/11 MB | 146/425 kB | 2.3/27 kB
Progress (3): 0.1/11 MB | 146/425 kB | 3.6/27 kB
Progress (3): 0.1/11 MB | 146/425 kB | 5.0/27 kB
Progress (3): 0.1/11 MB | 146/425 kB | 6.4/27 kB
Progress (3): 0.1/11 MB | 146/425 kB | 7.7/27 kB
Progress (3): 0.1/11 MB | 150/425 kB | 7.7/27 kB
Progress (3): 0.1/11 MB | 150/425 kB | 9.1/27 kB
Progress (3): 0.1/11 MB | 150/425 kB | 10/27 kB 
Progress (3): 0.1/11 MB | 150/425 kB | 12/27 kB
Progress (3): 0.1/11 MB | 154/425 kB | 12/27 kB
Progress (3): 0.1/11 MB | 154/425 kB | 13/27 kB
Progress (3): 0.1/11 MB | 154/425 kB | 15/27 kB
Progress (3): 0.1/11 MB | 154/425 kB | 16/27 kB
Progress (3): 0.1/11 MB | 154/425 kB | 17/27 kB
Progress (3): 0.1/11 MB | 158/425 kB | 17/27 kB
Progress (3): 0.1/11 MB | 158/425 kB | 19/27 kB
Progress (3): 0.1/11 MB | 158/425 kB | 20/27 kB
Progress (3): 0.1/11 MB | 163/425 kB | 20/27 kB
Progress (3): 0.1/11 MB | 163/425 kB | 21/27 kB
Progress (3): 0.1/11 MB | 163/425 kB | 23/27 kB
Progress (3): 0.1/11 MB | 163/425 kB | 24/27 kB
Progress (3): 0.1/11 MB | 163/425 kB | 25/27 kB
Progress (3): 0.1/11 MB | 163/425 kB | 27 kB   
                                            
Downloaded from oss.sonatype.org: https://oss.sonatype.org/content/groups/public/org/kuali/common/kuali-s3/1.0.1/kuali-s3-1.0.1.jar (27 kB at 16 kB/s)
Downloading from oss.sonatype.org: https://oss.sonatype.org/content/groups/public/com/fasterxml/jackson/core/jackson-core/2.1.1/jackson-core-2.1.1.jar
Progress (2): 0.1/11 MB | 163/425 kB
Progress (2): 0.1/11 MB | 163/425 kB
Progress (2): 0.2/11 MB | 163/425 kB
Progress (2): 0.2/11 MB | 163/425 kB
Progress (2): 0.2/11 MB | 163/425 kB
Progress (2): 0.2/11 MB | 163/425 kB
Progress (2): 0.2/11 MB | 163/425 kB
Progress (2): 0.2/11 MB | 163/425 kB
Progress (2): 0.2/11 MB | 163/425 kB
Progress (2): 0.2/11 MB | 163/425 kB
Progress (2): 0.2/11 MB | 167/425 kB
Progress (2): 0.2/11 MB | 171/425 kB
Progress (2): 0.2/11 MB | 171/425 kB
Progress (2): 0.2/11 MB | 175/425 kB
Progress (2): 0.2/11 MB | 175/425 kB
Progress (2): 0.2/11 MB | 180/425 kB
Progress (2): 0.2/11 MB | 180/425 kB
Progress (2): 0.2/11 MB | 184/425 kB
Progress (2): 0.2/11 MB | 184/425 kB
Progress (2): 0.2/11 MB | 188/425 kB
Progress (2): 0.2/11 MB | 188/425 kB
Progress (2): 0.2/11 MB | 192/425 kB
Progress (2): 0.2/11 MB | 192/425 kB
Progress (2): 0.2/11 MB | 196/425 kB
Progress (2): 0.2/11 MB | 196/425 kB
Progress (2): 0.2/11 MB | 201/425 kB
Progress (2): 0.2/11 MB | 201/425 kB
Progress (2): 0.2/11 MB | 205/425 kB
Progress (2): 0.2/11 MB | 205/425 kB
Progress (2): 0.2/11 MB | 209/425 kB
Progress (2): 0.2/11 MB | 213/425 kB
Progress (2): 0.2/11 MB | 218/425 kB
Progress (2): 0.2/11 MB | 222/425 kB
Progress (2): 0.2/11 MB | 222/425 kB
Progress (2): 0.2/11 MB | 238/425 kB
Progress (2): 0.3/11 MB | 238/425 kB
Progress (2): 0.3/11 MB | 238/425 kB
Progress (2): 0.3/11 MB | 255/425 kB
Progress (2): 0.3/11 MB | 255/425 kB
Progress (2): 0.3/11 MB | 271/425 kB
Progress (2): 0.3/11 MB | 271/425 kB
Progress (2): 0.3/11 MB | 287/425 kB
Progress (2): 0.3/11 MB | 304/425 kB
Progress (2): 0.3/11 MB | 304/425 kB
Progress (2): 0.3/11 MB | 319/425 kB
Progress (2): 0.3/11 MB | 320/425 kB
Progress (2): 0.3/11 MB | 320/425 kB
Progress (2): 0.3/11 MB | 336/425 kB
Progress (2): 0.3/11 MB | 336/425 kB
Progress (2): 0.3/11 MB | 353/425 kB
Progress (2): 0.4/11 MB | 353/425 kB
Progress (2): 0.4/11 MB | 369/425 kB
Progress (2): 0.4/11 MB | 369/425 kB
Progress (2): 0.4/11 MB | 386/425 kB
Progress (2): 0.4/11 MB | 386/425 kB
Progress (2): 0.4/11 MB | 402/425 kB
Progress (2): 0.4/11 MB | 402/425 kB
Progress (2): 0.4/11 MB | 418/425 kB
Progress (2): 0.4/11 MB | 425 kB    
                                
Downloaded from oss.sonatype.org: https://oss.sonatype.org/content/groups/public/org/apache/httpcomponents/httpclient/4.2/httpclient-4.2.jar (425 kB at 219 kB/s)
Downloading from oss.sonatype.org: https://oss.sonatype.org/content/groups/public/com/fasterxml/jackson/core/jackson-databind/2.1.1/jackson-databind-2.1.1.jar
Progress (1): 0.4/11 MB
Progress (1): 0.4/11 MB
Progress (1): 0.5/11 MB
Progress (1): 0.5/11 MB
Progress (1): 0.5/11 MB
Progress (1): 0.5/11 MB
Progress (1): 0.5/11 MB
Progress (1): 0.5/11 MB
Progress (1): 0.6/11 MB
Progress (1): 0.6/11 MB
Progress (1): 0.6/11 MB
Progress (1): 0.6/11 MB
Progress (1): 0.6/11 MB
Progress (1): 0.6/11 MB
Progress (1): 0.7/11 MB
Progress (1): 0.7/11 MB
Progress (1): 0.7/11 MB
Progress (1): 0.7/11 MB
Progress (1): 0.7/11 MB
Progress (1): 0.7/11 MB
Progress (1): 0.8/11 MB
Progress (1): 0.8/11 MB
Progress (1): 0.8/11 MB
Progress (1): 0.8/11 MB
Progress (1): 0.8/11 MB
Progress (1): 0.8/11 MB
Progress (1): 0.9/11 MB
Progress (1): 0.9/11 MB
Progress (1): 0.9/11 MB
Progress (1): 0.9/11 MB
Progress (1): 0.9/11 MB
Progress (1): 0.9/11 MB
Progress (1): 1.0/11 MB
Progress (1): 1.0/11 MB
Progress (1): 1.0/11 MB
Progress (1): 1.0/11 MB
Progress (1): 1.0/11 MB
Progress (1): 1.0/11 MB
Progress (1): 1.0/11 MB
Progress (2): 1.0/11 MB | 0.9/223 kB
Progress (2): 1.0/11 MB | 2.3/223 kB
Progress (2): 1.0/11 MB | 3.6/223 kB
Progress (2): 1.1/11 MB | 3.6/223 kB
Progress (2): 1.1/11 MB | 5.0/223 kB
Progress (2): 1.1/11 MB | 6.4/223 kB
Progress (2): 1.1/11 MB | 7.7/223 kB
Progress (2): 1.1/11 MB | 7.7/223 kB
Progress (2): 1.1/11 MB | 9.1/223 kB
Progress (2): 1.1/11 MB | 10/223 kB 
Progress (2): 1.1/11 MB | 12/223 kB
Progress (2): 1.1/11 MB | 13/223 kB
Progress (2): 1.1/11 MB | 13/223 kB
Progress (2): 1.1/11 MB | 15/223 kB
Progress (2): 1.1/11 MB | 16/223 kB
Progress (2): 1.1/11 MB | 17/223 kB
Progress (2): 1.1/11 MB | 19/223 kB
Progress (2): 1.1/11 MB | 19/223 kB
Progress (2): 1.1/11 MB | 20/223 kB
Progress (2): 1.1/11 MB | 21/223 kB
Progress (2): 1.1/11 MB | 21/223 kB
Progress (2): 1.1/11 MB | 23/223 kB
Progress (2): 1.1/11 MB | 27/223 kB
Progress (2): 1.1/11 MB | 27/223 kB
Progress (2): 1.2/11 MB | 27/223 kB
Progress (2): 1.2/11 MB | 31/223 kB
Progress (2): 1.2/11 MB | 35/223 kB
Progress (2): 1.2/11 MB | 35/223 kB
Progress (2): 1.2/11 MB | 35/223 kB
Progress (2): 1.2/11 MB | 40/223 kB
Progress (2): 1.2/11 MB | 44/223 kB
Progress (2): 1.2/11 MB | 44/223 kB
Progress (2): 1.2/11 MB | 44/223 kB
Progress (2): 1.2/11 MB | 48/223 kB
Progress (2): 1.2/11 MB | 52/223 kB
Progress (2): 1.2/11 MB | 52/223 kB
Progress (2): 1.3/11 MB | 52/223 kB
Progress (2): 1.3/11 MB | 57/223 kB
Progress (2): 1.3/11 MB | 61/223 kB
Progress (2): 1.3/11 MB | 61/223 kB
Progress (2): 1.3/11 MB | 65/223 kB
Progress (2): 1.3/11 MB | 65/223 kB
Progress (2): 1.3/11 MB | 65/223 kB
Progress (2): 1.3/11 MB | 69/223 kB
Progress (2): 1.3/11 MB | 69/223 kB
Progress (2): 1.3/11 MB | 74/223 kB
Progress (2): 1.3/11 MB | 74/223 kB
Progress (2): 1.3/11 MB | 78/223 kB
Progress (2): 1.4/11 MB | 78/223 kB
Progress (2): 1.4/11 MB | 78/223 kB
Progress (2): 1.4/11 MB | 78/223 kB
Progress (2): 1.4/11 MB | 78/223 kB
Progress (2): 1.4/11 MB | 78/223 kB
Progress (2): 1.4/11 MB | 78/223 kB
Progress (2): 1.5/11 MB | 78/223 kB
Progress (2): 1.5/11 MB | 78/223 kB
Progress (2): 1.5/11 MB | 78/223 kB
Progress (2): 1.5/11 MB | 78/223 kB
Progress (3): 1.5/11 MB | 78/223 kB | 7.7/47 kB
Progress (3): 1.5/11 MB | 78/223 kB | 8.2/47 kB
Progress (3): 1.5/11 MB | 78/223 kB | 25/47 kB 
Progress (3): 1.5/11 MB | 78/223 kB | 41/47 kB
Progress (3): 1.5/11 MB | 78/223 kB | 47 kB   
Progress (3): 1.5/11 MB | 78/223 kB | 47 kB
                                           
Downloaded from oss.sonatype.org: https://oss.sonatype.org/content/groups/public/commons-codec/commons-codec/1.3/commons-codec-1.3.jar (47 kB at 20 kB/s)
Downloading from oss.sonatype.org: https://oss.sonatype.org/content/groups/public/com/fasterxml/jackson/core/jackson-annotations/2.1.1/jackson-annotations-2.1.1.jar
Progress (3): 1.5/11 MB | 78/223 kB | 0.9/206 kB
Progress (3): 1.5/11 MB | 78/223 kB | 2.3/206 kB
Progress (3): 1.5/11 MB | 78/223 kB | 3.6/206 kB
Progress (3): 1.5/11 MB | 78/223 kB | 3.6/206 kB
Progress (3): 1.5/11 MB | 78/223 kB | 5.0/206 kB
Progress (3): 1.5/11 MB | 78/223 kB | 6.4/206 kB
Progress (3): 1.5/11 MB | 78/223 kB | 7.7/206 kB
Progress (3): 1.6/11 MB | 78/223 kB | 7.7/206 kB
Progress (3): 1.6/11 MB | 78/223 kB | 9.1/206 kB
Progress (3): 1.6/11 MB | 78/223 kB | 9.1/206 kB
Progress (3): 1.6/11 MB | 78/223 kB | 10/206 kB 
Progress (3): 1.6/11 MB | 78/223 kB | 12/206 kB
Progress (3): 1.6/11 MB | 78/223 kB | 12/206 kB
Progress (3): 1.6/11 MB | 78/223 kB | 13/206 kB
Progress (3): 1.6/11 MB | 78/223 kB | 15/206 kB
Progress (3): 1.6/11 MB | 78/223 kB | 16/206 kB
Progress (3): 1.6/11 MB | 78/223 kB | 16/206 kB
Progress (3): 1.6/11 MB | 78/223 kB | 16/206 kB
Progress (3): 1.6/11 MB | 78/223 kB | 18/206 kB
Progress (3): 1.6/11 MB | 78/223 kB | 19/206 kB
Progress (3): 1.6/11 MB | 78/223 kB | 20/206 kB
Progress (3): 1.6/11 MB | 78/223 kB | 20/206 kB
Progress (3): 1.6/11 MB | 78/223 kB | 22/206 kB
Progress (3): 1.6/11 MB | 78/223 kB | 22/206 kB
Progress (3): 1.7/11 MB | 78/223 kB | 22/206 kB
Progress (3): 1.7/11 MB | 78/223 kB | 26/206 kB
Progress (3): 1.7/11 MB | 78/223 kB | 26/206 kB
Progress (3): 1.7/11 MB | 78/223 kB | 26/206 kB
Progress (3): 1.7/11 MB | 78/223 kB | 30/206 kB
Progress (3): 1.7/11 MB | 78/223 kB | 30/206 kB
Progress (3): 1.7/11 MB | 78/223 kB | 33/206 kB
Progress (3): 1.7/11 MB | 78/223 kB | 33/206 kB
Progress (3): 1.7/11 MB | 78/223 kB | 37/206 kB
Progress (3): 1.7/11 MB | 78/223 kB | 37/206 kB
Progress (3): 1.8/11 MB | 78/223 kB | 37/206 kB
Progress (3): 1.8/11 MB | 78/223 kB | 41/206 kB
Progress (3): 1.8/11 MB | 78/223 kB | 41/206 kB
Progress (3): 1.8/11 MB | 78/223 kB | 45/206 kB
Progress (3): 1.8/11 MB | 78/223 kB | 45/206 kB
Progress (3): 1.8/11 MB | 78/223 kB | 49/206 kB
Progress (3): 1.8/11 MB | 78/223 kB | 49/206 kB
Progress (3): 1.8/11 MB | 78/223 kB | 49/206 kB
Progress (3): 1.8/11 MB | 78/223 kB | 53/206 kB
Progress (3): 1.8/11 MB | 78/223 kB | 53/206 kB
Progress (3): 1.9/11 MB | 78/223 kB | 53/206 kB
Progress (3): 1.9/11 MB | 78/223 kB | 58/206 kB
Progress (3): 1.9/11 MB | 78/223 kB | 58/206 kB
Progress (3): 1.9/11 MB | 78/223 kB | 58/206 kB
Progress (3): 1.9/11 MB | 78/223 kB | 62/206 kB
Progress (3): 1.9/11 MB | 78/223 kB | 62/206 kB
Progress (3): 1.9/11 MB | 78/223 kB | 66/206 kB
Progress (3): 1.9/11 MB | 78/223 kB | 66/206 kB
Progress (3): 1.9/11 MB | 78/223 kB | 66/206 kB
Progress (3): 1.9/11 MB | 78/223 kB | 70/206 kB
Progress (3): 1.9/11 MB | 78/223 kB | 70/206 kB
Progress (3): 2.0/11 MB | 78/223 kB | 70/206 kB
Progress (3): 2.0/11 MB | 78/223 kB | 74/206 kB
Progress (3): 2.0/11 MB | 78/223 kB | 74/206 kB
Progress (3): 2.0/11 MB | 78/223 kB | 78/206 kB
Progress (3): 2.0/11 MB | 78/223 kB | 78/206 kB
Progress (3): 2.0/11 MB | 78/223 kB | 78/206 kB
Progress (3): 2.0/11 MB | 78/223 kB | 78/206 kB
Progress (3): 2.0/11 MB | 78/223 kB | 78/206 kB
Progress (3): 2.1/11 MB | 78/223 kB | 78/206 kB
Progress (3): 2.1/11 MB | 78/223 kB | 78/206 kB
Progress (3): 2.1/11 MB | 78/223 kB | 78/206 kB
Progress (3): 2.1/11 MB | 78/223 kB | 78/206 kB
Progress (3): 2.1/11 MB | 78/223 kB | 78/206 kB
Progress (3): 2.1/11 MB | 78/223 kB | 78/206 kB
Progress (3): 2.2/11 MB | 78/223 kB | 78/206 kB
Progress (3): 2.2/11 MB | 82/223 kB | 78/206 kB
Progress (3): 2.2/11 MB | 82/223 kB | 78/206 kB
Progress (3): 2.2/11 MB | 82/223 kB | 78/206 kB
Progress (3): 2.2/11 MB | 82/223 kB | 78/206 kB
Progress (3): 2.2/11 MB | 86/223 kB | 78/206 kB
Progress (3): 2.2/11 MB | 86/223 kB | 78/206 kB
Progress (3): 2.2/11 MB | 90/223 kB | 78/206 kB
Progress (3): 2.2/11 MB | 90/223 kB | 78/206 kB
Progress (3): 2.3/11 MB | 90/223 kB | 78/206 kB
Progress (3): 2.3/11 MB | 90/223 kB | 78/206 kB
Progress (3): 2.3/11 MB | 95/223 kB | 78/206 kB
Progress (3): 2.3/11 MB | 95/223 kB | 78/206 kB
Progress (3): 2.3/11 MB | 99/223 kB | 78/206 kB
Progress (3): 2.3/11 MB | 99/223 kB | 78/206 kB
Progress (3): 2.3/11 MB | 99/223 kB | 78/206 kB
Progress (3): 2.3/11 MB | 99/223 kB | 78/206 kB
Progress (3): 2.3/11 MB | 103/223 kB | 78/206 kB
Progress (3): 2.4/11 MB | 103/223 kB | 78/206 kB
Progress (3): 2.4/11 MB | 103/223 kB | 78/206 kB
Progress (3): 2.4/11 MB | 107/223 kB | 78/206 kB
Progress (3): 2.4/11 MB | 107/223 kB | 78/206 kB
Progress (3): 2.4/11 MB | 107/223 kB | 78/206 kB
Progress (3): 2.4/11 MB | 107/223 kB | 78/206 kB
Progress (3): 2.4/11 MB | 112/223 kB | 78/206 kB
Progress (3): 2.4/11 MB | 112/223 kB | 78/206 kB
Progress (3): 2.4/11 MB | 116/223 kB | 78/206 kB
Progress (3): 2.5/11 MB | 116/223 kB | 78/206 kB
Progress (3): 2.5/11 MB | 116/223 kB | 78/206 kB
Progress (3): 2.5/11 MB | 116/223 kB | 78/206 kB
Progress (3): 2.5/11 MB | 120/223 kB | 78/206 kB
Progress (3): 2.5/11 MB | 120/223 kB | 78/206 kB
Progress (3): 2.5/11 MB | 120/223 kB | 78/206 kB
Progress (3): 2.5/11 MB | 124/223 kB | 78/206 kB
Progress (3): 2.5/11 MB | 124/223 kB | 78/206 kB
Progress (3): 2.6/11 MB | 124/223 kB | 78/206 kB
Progress (3): 2.6/11 MB | 124/223 kB | 78/206 kB
Progress (3): 2.6/11 MB | 129/223 kB | 78/206 kB
Progress (3): 2.6/11 MB | 129/223 kB | 78/206 kB
Progress (3): 2.6/11 MB | 129/223 kB | 78/206 kB
Progress (3): 2.6/11 MB | 133/223 kB | 78/206 kB
Progress (3): 2.6/11 MB | 133/223 kB | 78/206 kB
Progress (3): 2.6/11 MB | 133/223 kB | 78/206 kB
Progress (3): 2.6/11 MB | 137/223 kB | 78/206 kB
Progress (3): 2.7/11 MB | 137/223 kB | 78/206 kB
Progress (3): 2.7/11 MB | 139/223 kB | 78/206 kB
Progress (3): 2.7/11 MB | 139/223 kB | 78/206 kB
Progress (3): 2.7/11 MB | 139/223 kB | 78/206 kB
Progress (3): 2.7/11 MB | 139/223 kB | 78/206 kB
Progress (3): 2.7/11 MB | 143/223 kB | 78/206 kB
Progress (3): 2.7/11 MB | 143/223 kB | 78/206 kB
Progress (3): 2.7/11 MB | 147/223 kB | 78/206 kB
Progress (3): 2.7/11 MB | 147/223 kB | 78/206 kB
Progress (3): 2.8/11 MB | 147/223 kB | 78/206 kB
Progress (3): 2.8/11 MB | 147/223 kB | 78/206 kB
Progress (3): 2.8/11 MB | 147/223 kB | 78/206 kB
Progress (3): 2.8/11 MB | 151/223 kB | 78/206 kB
Progress (3): 2.8/11 MB | 151/223 kB | 78/206 kB
Progress (3): 2.8/11 MB | 156/223 kB | 78/206 kB
Progress (3): 2.8/11 MB | 156/223 kB | 78/206 kB
Progress (3): 2.8/11 MB | 156/223 kB | 78/206 kB
Progress (3): 2.8/11 MB | 156/223 kB | 78/206 kB
Progress (3): 2.9/11 MB | 156/223 kB | 78/206 kB
Progress (3): 2.9/11 MB | 160/223 kB | 78/206 kB
Progress (3): 2.9/11 MB | 160/223 kB | 78/206 kB
Progress (3): 2.9/11 MB | 160/223 kB | 78/206 kB
Progress (3): 2.9/11 MB | 164/223 kB | 78/206 kB
Progress (3): 2.9/11 MB | 164/223 kB | 78/206 kB
Progress (3): 2.9/11 MB | 168/223 kB | 78/206 kB
Progress (3): 2.9/11 MB | 168/223 kB | 78/206 kB
Progress (3): 2.9/11 MB | 168/223 kB | 78/206 kB
Progress (3): 3.0/11 MB | 168/223 kB | 78/206 kB
Progress (3): 3.0/11 MB | 168/223 kB | 78/206 kB
Progress (3): 3.0/11 MB | 168/223 kB | 78/206 kB
Progress (3): 3.0/11 MB | 173/223 kB | 78/206 kB
Progress (3): 3.0/11 MB | 173/223 kB | 78/206 kB
Progress (3): 3.0/11 MB | 177/223 kB | 78/206 kB
Progress (3): 3.0/11 MB | 177/223 kB | 78/206 kB
Progress (3): 3.0/11 MB | 177/223 kB | 78/206 kB
Progress (3): 3.1/11 MB | 177/223 kB | 78/206 kB
Progress (3): 3.1/11 MB | 177/223 kB | 78/206 kB
Progress (3): 3.1/11 MB | 181/223 kB | 78/206 kB
Progress (3): 3.1/11 MB | 181/223 kB | 78/206 kB
Progress (3): 3.1/11 MB | 181/223 kB | 82/206 kB
Progress (3): 3.1/11 MB | 181/223 kB | 82/206 kB
Progress (3): 3.1/11 MB | 185/223 kB | 82/206 kB
Progress (3): 3.1/11 MB | 185/223 kB | 82/206 kB
Progress (3): 3.1/11 MB | 185/223 kB | 82/206 kB
Progress (3): 3.1/11 MB | 185/223 kB | 87/206 kB
Progress (3): 3.2/11 MB | 185/223 kB | 87/206 kB
Progress (3): 3.2/11 MB | 185/223 kB | 87/206 kB
Progress (3): 3.2/11 MB | 190/223 kB | 87/206 kB
Progress (3): 3.2/11 MB | 190/223 kB | 91/206 kB
Progress (3): 3.2/11 MB | 190/223 kB | 91/206 kB
Progress (3): 3.2/11 MB | 190/223 kB | 91/206 kB
Progress (3): 3.2/11 MB | 190/223 kB | 95/206 kB
Progress (3): 3.2/11 MB | 190/223 kB | 95/206 kB
Progress (3): 3.2/11 MB | 190/223 kB | 95/206 kB
Progress (3): 3.2/11 MB | 190/223 kB | 98/206 kB
Progress (3): 3.3/11 MB | 190/223 kB | 98/206 kB
Progress (3): 3.3/11 MB | 190/223 kB | 98/206 kB
Progress (3): 3.3/11 MB | 190/223 kB | 98/206 kB
Progress (3): 3.3/11 MB | 190/223 kB | 98/206 kB
Progress (3): 3.3/11 MB | 190/223 kB | 98/206 kB
Progress (3): 3.3/11 MB | 190/223 kB | 103/206 kB
Progress (3): 3.3/11 MB | 190/223 kB | 103/206 kB
Progress (3): 3.3/11 MB | 190/223 kB | 103/206 kB
Progress (3): 3.3/11 MB | 190/223 kB | 107/206 kB
Progress (3): 3.3/11 MB | 206/223 kB | 107/206 kB
Progress (3): 3.4/11 MB | 206/223 kB | 107/206 kB
Progress (3): 3.4/11 MB | 206/223 kB | 107/206 kB
Progress (3): 3.4/11 MB | 206/223 kB | 111/206 kB
Progress (3): 3.4/11 MB | 206/223 kB | 111/206 kB
Progress (3): 3.4/11 MB | 206/223 kB | 111/206 kB
Progress (3): 3.4/11 MB | 206/223 kB | 111/206 kB
Progress (3): 3.4/11 MB | 206/223 kB | 111/206 kB
Progress (3): 3.4/11 MB | 206/223 kB | 115/206 kB
Progress (3): 3.4/11 MB | 206/223 kB | 115/206 kB
Progress (3): 3.5/11 MB | 206/223 kB | 115/206 kB
Progress (3): 3.5/11 MB | 206/223 kB | 119/206 kB
Progress (3): 3.5/11 MB | 206/223 kB | 119/206 kB
Progress (3): 3.5/11 MB | 206/223 kB | 119/206 kB
Progress (3): 3.5/11 MB | 206/223 kB | 119/206 kB
Progress (3): 3.5/11 MB | 206/223 kB | 119/206 kB
Progress (3): 3.5/11 MB | 206/223 kB | 124/206 kB
Progress (3): 3.5/11 MB | 206/223 kB | 124/206 kB
Progress (3): 3.6/11 MB | 206/223 kB | 124/206 kB
Progress (3): 3.6/11 MB | 206/223 kB | 128/206 kB
Progress (3): 3.6/11 MB | 206/223 kB | 128/206 kB
Progress (3): 3.6/11 MB | 206/223 kB | 128/206 kB
Progress (3): 3.6/11 MB | 206/223 kB | 128/206 kB
Progress (3): 3.6/11 MB | 206/223 kB | 128/206 kB
Progress (3): 3.6/11 MB | 206/223 kB | 132/206 kB
Progress (3): 3.6/11 MB | 206/223 kB | 132/206 kB
Progress (3): 3.7/11 MB | 206/223 kB | 132/206 kB
Progress (3): 3.7/11 MB | 206/223 kB | 132/206 kB
Progress (3): 3.7/11 MB | 206/223 kB | 136/206 kB
Progress (3): 3.7/11 MB | 206/223 kB | 136/206 kB
Progress (3): 3.7/11 MB | 206/223 kB | 136/206 kB
Progress (3): 3.7/11 MB | 206/223 kB | 136/206 kB
Progress (3): 3.7/11 MB | 206/223 kB | 136/206 kB
Progress (3): 3.7/11 MB | 206/223 kB | 141/206 kB
Progress (3): 3.8/11 MB | 206/223 kB | 141/206 kB
Progress (3): 3.8/11 MB | 206/223 kB | 141/206 kB
Progress (3): 3.8/11 MB | 206/223 kB | 145/206 kB
Progress (3): 3.8/11 MB | 206/223 kB | 145/206 kB
Progress (3): 3.8/11 MB | 206/223 kB | 145/206 kB
Progress (3): 3.8/11 MB | 206/223 kB | 145/206 kB
Progress (3): 3.8/11 MB | 206/223 kB | 147/206 kB
Progress (3): 3.8/11 MB | 206/223 kB | 147/206 kB
Progress (3): 3.9/11 MB | 206/223 kB | 147/206 kB
Progress (3): 3.9/11 MB | 206/223 kB | 147/206 kB
Progress (3): 3.9/11 MB | 206/223 kB | 147/206 kB
Progress (3): 3.9/11 MB | 206/223 kB | 152/206 kB
Progress (3): 3.9/11 MB | 206/223 kB | 152/206 kB
Progress (3): 3.9/11 MB | 206/223 kB | 152/206 kB
Progress (3): 3.9/11 MB | 206/223 kB | 156/206 kB
Progress (3): 3.9/11 MB | 206/223 kB | 156/206 kB
Progress (3): 4.0/11 MB | 206/223 kB | 156/206 kB
Progress (3): 4.0/11 MB | 206/223 kB | 156/206 kB
Progress (3): 4.0/11 MB | 206/223 kB | 156/206 kB
Progress (3): 4.0/11 MB | 206/223 kB | 156/206 kB
Progress (3): 4.0/11 MB | 206/223 kB | 156/206 kB
Progress (3): 4.0/11 MB | 206/223 kB | 160/206 kB
Progress (3): 4.0/11 MB | 206/223 kB | 160/206 kB
Progress (3): 4.0/11 MB | 206/223 kB | 164/206 kB
Progress (3): 4.0/11 MB | 206/223 kB | 164/206 kB
Progress (3): 4.1/11 MB | 206/223 kB | 164/206 kB
Progress (3): 4.1/11 MB | 206/223 kB | 164/206 kB
Progress (3): 4.1/11 MB | 206/223 kB | 168/206 kB
Progress (3): 4.1/11 MB | 206/223 kB | 168/206 kB
Progress (3): 4.1/11 MB | 206/223 kB | 168/206 kB
Progress (3): 4.1/11 MB | 206/223 kB | 168/206 kB
Progress (3): 4.1/11 MB | 206/223 kB | 168/206 kB
Progress (3): 4.2/11 MB | 206/223 kB | 168/206 kB
Progress (3): 4.2/11 MB | 206/223 kB | 172/206 kB
Progress (3): 4.2/11 MB | 206/223 kB | 172/206 kB
Progress (3): 4.2/11 MB | 206/223 kB | 172/206 kB
Progress (3): 4.2/11 MB | 206/223 kB | 172/206 kB
Progress (3): 4.2/11 MB | 206/223 kB | 177/206 kB
Progress (3): 4.2/11 MB | 206/223 kB | 177/206 kB
Progress (3): 4.2/11 MB | 206/223 kB | 177/206 kB
Progress (3): 4.3/11 MB | 206/223 kB | 177/206 kB
Progress (3): 4.3/11 MB | 206/223 kB | 177/206 kB
Progress (3): 4.3/11 MB | 206/223 kB | 177/206 kB
Progress (3): 4.3/11 MB | 206/223 kB | 181/206 kB
Progress (3): 4.3/11 MB | 206/223 kB | 181/206 kB
Progress (3): 4.3/11 MB | 206/223 kB | 181/206 kB
Progress (3): 4.3/11 MB | 206/223 kB | 185/206 kB
Progress (3): 4.3/11 MB | 206/223 kB | 185/206 kB
Progress (3): 4.4/11 MB | 206/223 kB | 185/206 kB
Progress (3): 4.4/11 MB | 206/223 kB | 185/206 kB
Progress (3): 4.4/11 MB | 206/223 kB | 185/206 kB
Progress (3): 4.4/11 MB | 206/223 kB | 185/206 kB
Progress (3): 4.4/11 MB | 206/223 kB | 185/206 kB
Progress (3): 4.4/11 MB | 206/223 kB | 185/206 kB
Progress (3): 4.5/11 MB | 206/223 kB | 185/206 kB
Progress (3): 4.5/11 MB | 206/223 kB | 185/206 kB
Progress (3): 4.5/11 MB | 206/223 kB | 185/206 kB
Progress (3): 4.5/11 MB | 206/223 kB | 185/206 kB
Progress (3): 4.5/11 MB | 206/223 kB | 185/206 kB
Progress (3): 4.5/11 MB | 206/223 kB | 185/206 kB
Progress (3): 4.6/11 MB | 206/223 kB | 185/206 kB
Progress (3): 4.6/11 MB | 206/223 kB | 185/206 kB
Progress (3): 4.6/11 MB | 222/223 kB | 185/206 kB
Progress (3): 4.6/11 MB | 223 kB | 185/206 kB    
Progress (3): 4.6/11 MB | 223 kB | 185/206 kB
Progress (3): 4.6/11 MB | 223 kB | 185/206 kB
                                             
Downloaded from oss.sonatype.org: https://oss.sonatype.org/content/groups/public/org/apache/httpcomponents/httpcore/4.2/httpcore-4.2.jar (223 kB at 87 kB/s)
Downloading from oss.sonatype.org: https://oss.sonatype.org/content/groups/public/org/springframework/spring-core/3.2.5.RELEASE/spring-core-3.2.5.RELEASE.jar
Progress (2): 4.6/11 MB | 201/206 kB
Progress (2): 4.6/11 MB | 201/206 kB
Progress (2): 4.6/11 MB | 201/206 kB
Progress (2): 4.7/11 MB | 201/206 kB
Progress (2): 4.7/11 MB | 201/206 kB
Progress (2): 4.7/11 MB | 201/206 kB
Progress (2): 4.7/11 MB | 206 kB    
Progress (2): 4.7/11 MB | 206 kB
                                
Downloaded from oss.sonatype.org: https://oss.sonatype.org/content/groups/public/com/fasterxml/jackson/core/jackson-core/2.1.1/jackson-core-2.1.1.jar (206 kB at 81 kB/s)
Downloading from oss.sonatype.org: https://oss.sonatype.org/content/groups/public/org/apache/maven/wagon/wagon-provider-api/2.2/wagon-provider-api-2.2.jar
Progress (1): 4.7/11 MB
Progress (1): 4.7/11 MB
Progress (1): 4.8/11 MB
Progress (1): 4.8/11 MB
Progress (1): 4.8/11 MB
Progress (1): 4.8/11 MB
Progress (1): 4.8/11 MB
Progress (1): 4.8/11 MB
Progress (1): 4.9/11 MB
Progress (1): 4.9/11 MB
Progress (1): 4.9/11 MB
Progress (1): 4.9/11 MB
Progress (1): 4.9/11 MB
Progress (1): 4.9/11 MB
Progress (1): 5.0/11 MB
Progress (1): 5.0/11 MB
Progress (1): 5.0/11 MB
Progress (1): 5.0/11 MB
Progress (1): 5.0/11 MB
Progress (1): 5.0/11 MB
Progress (1): 5.0/11 MB
Progress (1): 5.1/11 MB
Progress (1): 5.1/11 MB
Progress (1): 5.1/11 MB
Progress (1): 5.1/11 MB
Progress (1): 5.1/11 MB
Progress (1): 5.1/11 MB
Progress (1): 5.2/11 MB
Progress (2): 5.2/11 MB | 8.2/923 kB
Progress (2): 5.2/11 MB | 8.2/923 kB
Progress (2): 5.2/11 MB | 8.2/923 kB
Progress (2): 5.2/11 MB | 8.2/923 kB
Progress (2): 5.2/11 MB | 8.2/923 kB
Progress (2): 5.2/11 MB | 8.2/923 kB
Progress (2): 5.3/11 MB | 8.2/923 kB
Progress (2): 5.3/11 MB | 25/923 kB 
Progress (2): 5.3/11 MB | 25/923 kB
Progress (2): 5.3/11 MB | 25/923 kB
Progress (2): 5.3/11 MB | 25/923 kB
Progress (2): 5.3/11 MB | 25/923 kB
Progress (2): 5.3/11 MB | 25/923 kB
Progress (2): 5.4/11 MB | 25/923 kB
Progress (2): 5.4/11 MB | 41/923 kB
Progress (2): 5.4/11 MB | 41/923 kB
Progress (2): 5.4/11 MB | 41/923 kB
Progress (2): 5.4/11 MB | 41/923 kB
Progress (2): 5.4/11 MB | 41/923 kB
Progress (2): 5.4/11 MB | 41/923 kB
Progress (2): 5.5/11 MB | 41/923 kB
Progress (2): 5.5/11 MB | 57/923 kB
Progress (2): 5.5/11 MB | 57/923 kB
Progress (2): 5.5/11 MB | 57/923 kB
Progress (2): 5.5/11 MB | 57/923 kB
Progress (2): 5.5/11 MB | 57/923 kB
Progress (2): 5.5/11 MB | 57/923 kB
Progress (2): 5.5/11 MB | 57/923 kB
Progress (2): 5.6/11 MB | 57/923 kB
Progress (2): 5.6/11 MB | 74/923 kB
Progress (2): 5.6/11 MB | 74/923 kB
Progress (2): 5.6/11 MB | 74/923 kB
Progress (2): 5.6/11 MB | 74/923 kB
Progress (2): 5.6/11 MB | 74/923 kB
Progress (2): 5.6/11 MB | 74/923 kB
Progress (2): 5.7/11 MB | 74/923 kB
Progress (2): 5.7/11 MB | 90/923 kB
Progress (2): 5.7/11 MB | 90/923 kB
Progress (2): 5.7/11 MB | 90/923 kB
Progress (2): 5.7/11 MB | 90/923 kB
Progress (2): 5.7/11 MB | 90/923 kB
Progress (2): 5.7/11 MB | 90/923 kB
Progress (2): 5.7/11 MB | 106/923 kB
Progress (2): 5.8/11 MB | 106/923 kB
Progress (2): 5.8/11 MB | 106/923 kB
Progress (2): 5.8/11 MB | 106/923 kB
Progress (2): 5.8/11 MB | 115/923 kB
Progress (2): 5.8/11 MB | 115/923 kB
Progress (2): 5.8/11 MB | 115/923 kB
Progress (2): 5.8/11 MB | 115/923 kB
Progress (2): 5.9/11 MB | 115/923 kB
Progress (2): 5.9/11 MB | 115/923 kB
Progress (2): 5.9/11 MB | 115/923 kB
Progress (2): 5.9/11 MB | 131/923 kB
Progress (2): 5.9/11 MB | 131/923 kB
Progress (2): 5.9/11 MB | 131/923 kB
Progress (2): 5.9/11 MB | 131/923 kB
Progress (2): 5.9/11 MB | 131/923 kB
Progress (2): 6.0/11 MB | 131/923 kB
Progress (2): 6.0/11 MB | 131/923 kB
Progress (2): 6.0/11 MB | 131/923 kB
Progress (2): 6.0/11 MB | 131/923 kB
Progress (2): 6.0/11 MB | 147/923 kB
Progress (2): 6.0/11 MB | 147/923 kB
Progress (2): 6.0/11 MB | 147/923 kB
Progress (2): 6.1/11 MB | 147/923 kB
Progress (2): 6.1/11 MB | 147/923 kB
Progress (2): 6.1/11 MB | 147/923 kB
Progress (2): 6.1/11 MB | 147/923 kB
Progress (2): 6.1/11 MB | 147/923 kB
Progress (2): 6.1/11 MB | 164/923 kB
Progress (2): 6.1/11 MB | 164/923 kB
Progress (2): 6.1/11 MB | 164/923 kB
Progress (2): 6.2/11 MB | 164/923 kB
Progress (2): 6.2/11 MB | 164/923 kB
Progress (2): 6.2/11 MB | 164/923 kB
Progress (2): 6.2/11 MB | 164/923 kB
Progress (2): 6.2/11 MB | 180/923 kB
Progress (2): 6.2/11 MB | 180/923 kB
Progress (2): 6.2/11 MB | 180/923 kB
Progress (2): 6.3/11 MB | 180/923 kB
Progress (2): 6.3/11 MB | 180/923 kB
Progress (2): 6.3/11 MB | 180/923 kB
Progress (2): 6.3/11 MB | 180/923 kB
Progress (2): 6.3/11 MB | 180/923 kB
Progress (2): 6.3/11 MB | 197/923 kB
Progress (2): 6.3/11 MB | 197/923 kB
Progress (2): 6.4/11 MB | 197/923 kB
Progress (2): 6.4/11 MB | 197/923 kB
Progress (2): 6.4/11 MB | 197/923 kB
Progress (2): 6.4/11 MB | 197/923 kB
Progress (2): 6.4/11 MB | 197/923 kB
Progress (2): 6.4/11 MB | 213/923 kB
Progress (2): 6.4/11 MB | 213/923 kB
Progress (2): 6.5/11 MB | 213/923 kB
Progress (2): 6.5/11 MB | 213/923 kB
Progress (2): 6.5/11 MB | 213/923 kB
Progress (2): 6.5/11 MB | 213/923 kB
Progress (2): 6.5/11 MB | 213/923 kB
Progress (2): 6.5/11 MB | 229/923 kB
Progress (2): 6.5/11 MB | 229/923 kB
Progress (2): 6.6/11 MB | 229/923 kB
Progress (2): 6.6/11 MB | 229/923 kB
Progress (2): 6.6/11 MB | 229/923 kB
Progress (2): 6.6/11 MB | 229/923 kB
Progress (2): 6.6/11 MB | 229/923 kB
Progress (2): 6.6/11 MB | 229/923 kB
Progress (2): 6.7/11 MB | 229/923 kB
Progress (2): 6.7/11 MB | 246/923 kB
Progress (2): 6.7/11 MB | 246/923 kB
Progress (2): 6.7/11 MB | 246/923 kB
Progress (2): 6.7/11 MB | 246/923 kB
Progress (2): 6.7/11 MB | 246/923 kB
Progress (2): 6.7/11 MB | 246/923 kB
Progress (2): 6.8/11 MB | 246/923 kB
Progress (2): 6.8/11 MB | 246/923 kB
Progress (2): 6.8/11 MB | 246/923 kB
Progress (2): 6.8/11 MB | 262/923 kB
Progress (2): 6.8/11 MB | 262/923 kB
Progress (2): 6.8/11 MB | 262/923 kB
Progress (2): 6.8/11 MB | 262/923 kB
Progress (2): 6.8/11 MB | 262/923 kB
Progress (2): 6.9/11 MB | 262/923 kB
Progress (2): 6.9/11 MB | 262/923 kB
Progress (2): 6.9/11 MB | 262/923 kB
Progress (2): 6.9/11 MB | 279/923 kB
Progress (2): 6.9/11 MB | 279/923 kB
Progress (2): 6.9/11 MB | 279/923 kB
Progress (2): 6.9/11 MB | 279/923 kB
Progress (2): 7.0/11 MB | 279/923 kB
Progress (2): 7.0/11 MB | 279/923 kB
Progress (2): 7.0/11 MB | 279/923 kB
Progress (2): 7.0/11 MB | 279/923 kB
Progress (2): 7.0/11 MB | 295/923 kB
Progress (2): 7.0/11 MB | 295/923 kB
Progress (2): 7.0/11 MB | 295/923 kB
Progress (2): 7.1/11 MB | 295/923 kB
Progress (2): 7.1/11 MB | 295/923 kB
Progress (2): 7.1/11 MB | 295/923 kB
Progress (2): 7.1/11 MB | 295/923 kB
Progress (2): 7.1/11 MB | 295/923 kB
Progress (2): 7.1/11 MB | 311/923 kB
Progress (2): 7.1/11 MB | 311/923 kB
Progress (2): 7.1/11 MB | 311/923 kB
Progress (2): 7.2/11 MB | 311/923 kB
Progress (2): 7.2/11 MB | 311/923 kB
Progress (2): 7.2/11 MB | 311/923 kB
Progress (2): 7.2/11 MB | 311/923 kB
Progress (2): 7.2/11 MB | 311/923 kB
Progress (2): 7.2/11 MB | 311/923 kB
Progress (2): 7.3/11 MB | 311/923 kB
Progress (2): 7.3/11 MB | 328/923 kB
Progress (2): 7.3/11 MB | 328/923 kB
Progress (2): 7.3/11 MB | 328/923 kB
Progress (2): 7.3/11 MB | 328/923 kB
Progress (2): 7.3/11 MB | 328/923 kB
Progress (2): 7.3/11 MB | 328/923 kB
Progress (2): 7.3/11 MB | 328/923 kB
Progress (2): 7.4/11 MB | 328/923 kB
Progress (2): 7.4/11 MB | 328/923 kB
Progress (2): 7.4/11 MB | 344/923 kB
Progress (2): 7.4/11 MB | 344/923 kB
Progress (2): 7.4/11 MB | 344/923 kB
Progress (2): 7.4/11 MB | 344/923 kB
Progress (2): 7.4/11 MB | 344/923 kB
Progress (2): 7.5/11 MB | 344/923 kB
Progress (2): 7.5/11 MB | 344/923 kB
Progress (2): 7.5/11 MB | 344/923 kB
Progress (2): 7.5/11 MB | 360/923 kB
Progress (2): 7.5/11 MB | 360/923 kB
Progress (2): 7.5/11 MB | 360/923 kB
Progress (2): 7.5/11 MB | 360/923 kB
Progress (2): 7.6/11 MB | 360/923 kB
Progress (2): 7.6/11 MB | 360/923 kB
Progress (2): 7.6/11 MB | 360/923 kB
Progress (2): 7.6/11 MB | 360/923 kB
Progress (2): 7.6/11 MB | 360/923 kB
Progress (2): 7.6/11 MB | 360/923 kB
Progress (2): 7.6/11 MB | 377/923 kB
Progress (2): 7.7/11 MB | 377/923 kB
Progress (2): 7.7/11 MB | 377/923 kB
Progress (2): 7.7/11 MB | 377/923 kB
Progress (2): 7.7/11 MB | 377/923 kB
Progress (2): 7.7/11 MB | 377/923 kB
Progress (2): 7.7/11 MB | 377/923 kB
Progress (2): 7.8/11 MB | 377/923 kB
Progress (2): 7.8/11 MB | 377/923 kB
Progress (2): 7.8/11 MB | 377/923 kB
Progress (2): 7.8/11 MB | 393/923 kB
Progress (2): 7.8/11 MB | 393/923 kB
Progress (2): 7.8/11 MB | 393/923 kB
Progress (2): 7.8/11 MB | 393/923 kB
Progress (2): 7.9/11 MB | 393/923 kB
Progress (2): 7.9/11 MB | 410/923 kB
Progress (2): 7.9/11 MB | 410/923 kB
Progress (2): 7.9/11 MB | 410/923 kB
Progress (2): 7.9/11 MB | 410/923 kB
Progress (2): 7.9/11 MB | 410/923 kB
Progress (2): 7.9/11 MB | 426/923 kB
Progress (2): 7.9/11 MB | 426/923 kB
Progress (2): 8.0/11 MB | 426/923 kB
Progress (2): 8.0/11 MB | 426/923 kB
Progress (2): 8.0/11 MB | 426/923 kB
Progress (2): 8.0/11 MB | 426/923 kB
Progress (2): 8.0/11 MB | 426/923 kB
Progress (2): 8.0/11 MB | 442/923 kB
Progress (2): 8.0/11 MB | 442/923 kB
Progress (2): 8.0/11 MB | 442/923 kB
Progress (2): 8.1/11 MB | 442/923 kB
Progress (2): 8.1/11 MB | 442/923 kB
Progress (2): 8.1/11 MB | 459/923 kB
Progress (2): 8.1/11 MB | 459/923 kB
Progress (2): 8.1/11 MB | 459/923 kB
Progress (2): 8.1/11 MB | 459/923 kB
Progress (2): 8.1/11 MB | 459/923 kB
Progress (2): 8.2/11 MB | 459/923 kB
Progress (2): 8.2/11 MB | 459/923 kB
Progress (2): 8.2/11 MB | 459/923 kB
Progress (2): 8.2/11 MB | 459/923 kB
Progress (2): 8.2/11 MB | 459/923 kB
Progress (2): 8.2/11 MB | 459/923 kB
Progress (2): 8.3/11 MB | 459/923 kB
Progress (2): 8.3/11 MB | 459/923 kB
Progress (2): 8.3/11 MB | 459/923 kB
Progress (2): 8.3/11 MB | 459/923 kB
Progress (2): 8.3/11 MB | 459/923 kB
Progress (2): 8.3/11 MB | 459/923 kB
Progress (2): 8.4/11 MB | 459/923 kB
Progress (2): 8.4/11 MB | 459/923 kB
Progress (2): 8.4/11 MB | 459/923 kB
Progress (2): 8.4/11 MB | 459/923 kB
Progress (2): 8.4/11 MB | 459/923 kB
Progress (2): 8.4/11 MB | 459/923 kB
Progress (2): 8.5/11 MB | 459/923 kB
Progress (2): 8.5/11 MB | 459/923 kB
Progress (2): 8.5/11 MB | 459/923 kB
Progress (2): 8.5/11 MB | 459/923 kB
Progress (2): 8.5/11 MB | 459/923 kB
Progress (2): 8.5/11 MB | 459/923 kB
Progress (2): 8.6/11 MB | 459/923 kB
Progress (2): 8.6/11 MB | 459/923 kB
Progress (2): 8.6/11 MB | 459/923 kB
Progress (2): 8.6/11 MB | 459/923 kB
Progress (2): 8.6/11 MB | 459/923 kB
Progress (2): 8.6/11 MB | 459/923 kB
Progress (2): 8.6/11 MB | 459/923 kB
Progress (2): 8.7/11 MB | 459/923 kB
Progress (2): 8.7/11 MB | 459/923 kB
Progress (2): 8.7/11 MB | 459/923 kB
Progress (2): 8.7/11 MB | 459/923 kB
Progress (2): 8.7/11 MB | 459/923 kB
Progress (2): 8.7/11 MB | 459/923 kB
Progress (2): 8.8/11 MB | 459/923 kB
Progress (2): 8.8/11 MB | 459/923 kB
Progress (2): 8.8/11 MB | 459/923 kB
Progress (2): 8.8/11 MB | 459/923 kB
Progress (2): 8.8/11 MB | 459/923 kB
Progress (2): 8.8/11 MB | 459/923 kB
Progress (2): 8.9/11 MB | 459/923 kB
Progress (2): 8.9/11 MB | 459/923 kB
Progress (2): 8.9/11 MB | 459/923 kB
Progress (2): 8.9/11 MB | 459/923 kB
Progress (2): 8.9/11 MB | 459/923 kB
Progress (2): 8.9/11 MB | 459/923 kB
Progress (2): 8.9/11 MB | 459/923 kB
Progress (2): 9.0/11 MB | 459/923 kB
Progress (2): 9.0/11 MB | 459/923 kB
Progress (2): 9.0/11 MB | 459/923 kB
Progress (2): 9.0/11 MB | 459/923 kB
Progress (2): 9.0/11 MB | 459/923 kB
Progress (2): 9.0/11 MB | 459/923 kB
Progress (2): 9.1/11 MB | 459/923 kB
Progress (2): 9.1/11 MB | 459/923 kB
Progress (2): 9.1/11 MB | 459/923 kB
Progress (2): 9.1/11 MB | 459/923 kB
Progress (2): 9.1/11 MB | 459/923 kB
Progress (2): 9.1/11 MB | 459/923 kB
Progress (2): 9.2/11 MB | 459/923 kB
Progress (2): 9.2/11 MB | 459/923 kB
Progress (2): 9.2/11 MB | 475/923 kB
Progress (2): 9.2/11 MB | 475/923 kB
Progress (2): 9.2/11 MB | 475/923 kB
Progress (2): 9.2/11 MB | 475/923 kB
Progress (2): 9.2/11 MB | 475/923 kB
Progress (2): 9.3/11 MB | 475/923 kB
Progress (2): 9.3/11 MB | 475/923 kB
Progress (2): 9.3/11 MB | 492/923 kB
Progress (2): 9.3/11 MB | 492/923 kB
Progress (2): 9.3/11 MB | 492/923 kB
Progress (2): 9.3/11 MB | 492/923 kB
Progress (2): 9.3/11 MB | 492/923 kB
Progress (2): 9.4/11 MB | 492/923 kB
Progress (2): 9.4/11 MB | 492/923 kB
Progress (2): 9.4/11 MB | 492/923 kB
Progress (2): 9.4/11 MB | 508/923 kB
Progress (2): 9.4/11 MB | 508/923 kB
Progress (2): 9.4/11 MB | 508/923 kB
Progress (2): 9.4/11 MB | 508/923 kB
Progress (2): 9.5/11 MB | 508/923 kB
Progress (2): 9.5/11 MB | 508/923 kB
Progress (2): 9.5/11 MB | 524/923 kB
Progress (2): 9.5/11 MB | 524/923 kB
Progress (2): 9.5/11 MB | 524/923 kB
Progress (2): 9.5/11 MB | 524/923 kB
Progress (2): 9.5/11 MB | 524/923 kB
Progress (2): 9.5/11 MB | 524/923 kB
Progress (2): 9.5/11 MB | 541/923 kB
Progress (2): 9.6/11 MB | 541/923 kB
Progress (2): 9.6/11 MB | 541/923 kB
Progress (2): 9.6/11 MB | 541/923 kB
Progress (2): 9.6/11 MB | 541/923 kB
Progress (2): 9.6/11 MB | 541/923 kB
Progress (2): 9.6/11 MB | 541/923 kB
Progress (2): 9.7/11 MB | 541/923 kB
Progress (2): 9.7/11 MB | 557/923 kB
Progress (2): 9.7/11 MB | 557/923 kB
Progress (2): 9.7/11 MB | 557/923 kB
Progress (2): 9.7/11 MB | 557/923 kB
Progress (2): 9.7/11 MB | 557/923 kB
Progress (2): 9.7/11 MB | 573/923 kB
Progress (2): 9.7/11 MB | 573/923 kB
Progress (2): 9.8/11 MB | 573/923 kB
Progress (2): 9.8/11 MB | 573/923 kB
Progress (2): 9.8/11 MB | 573/923 kB
Progress (2): 9.8/11 MB | 573/923 kB
Progress (2): 9.8/11 MB | 573/923 kB
Progress (2): 9.8/11 MB | 590/923 kB
Progress (2): 9.8/11 MB | 590/923 kB
Progress (2): 9.8/11 MB | 590/923 kB
Progress (2): 9.9/11 MB | 590/923 kB
Progress (2): 9.9/11 MB | 590/923 kB
Progress (2): 9.9/11 MB | 590/923 kB
Progress (2): 9.9/11 MB | 590/923 kB
Progress (2): 9.9/11 MB | 590/923 kB
Progress (2): 9.9/11 MB | 590/923 kB
Progress (2): 10.0/11 MB | 590/923 kB
Progress (2): 10.0/11 MB | 606/923 kB
Progress (2): 10.0/11 MB | 606/923 kB
Progress (2): 10.0/11 MB | 606/923 kB
Progress (2): 10/11 MB | 606/923 kB  
Progress (2): 10/11 MB | 606/923 kB
Progress (2): 10/11 MB | 606/923 kB
Progress (2): 10/11 MB | 606/923 kB
Progress (2): 10/11 MB | 623/923 kB
Progress (2): 10/11 MB | 623/923 kB
Progress (2): 10/11 MB | 623/923 kB
Progress (2): 10/11 MB | 623/923 kB
Progress (2): 10/11 MB | 623/923 kB
Progress (2): 10/11 MB | 623/923 kB
Progress (2): 10/11 MB | 639/923 kB
Progress (2): 10/11 MB | 639/923 kB
Progress (2): 10/11 MB | 639/923 kB
Progress (2): 10/11 MB | 639/923 kB
Progress (2): 10/11 MB | 639/923 kB
Progress (2): 10/11 MB | 639/923 kB
Progress (2): 10/11 MB | 639/923 kB
Progress (2): 10/11 MB | 639/923 kB
Progress (2): 10/11 MB | 655/923 kB
Progress (2): 10/11 MB | 655/923 kB
Progress (2): 10/11 MB | 655/923 kB
Progress (2): 10/11 MB | 655/923 kB
Progress (2): 10/11 MB | 655/923 kB
Progress (2): 10/11 MB | 655/923 kB
Progress (2): 10/11 MB | 655/923 kB
Progress (2): 10/11 MB | 655/923 kB
Progress (2): 10/11 MB | 672/923 kB
Progress (2): 10/11 MB | 672/923 kB
Progress (2): 10/11 MB | 672/923 kB
Progress (2): 10/11 MB | 672/923 kB
Progress (2): 10/11 MB | 672/923 kB
Progress (2): 10/11 MB | 672/923 kB
Progress (2): 10/11 MB | 672/923 kB
Progress (2): 10/11 MB | 672/923 kB
Progress (2): 10/11 MB | 672/923 kB
Progress (2): 10/11 MB | 688/923 kB
Progress (2): 11/11 MB | 688/923 kB
Progress (2): 11/11 MB | 688/923 kB
Progress (2): 11/11 MB | 688/923 kB
Progress (2): 11/11 MB | 688/923 kB
Progress (2): 11/11 MB | 688/923 kB
Progress (2): 11/11 MB | 688/923 kB
Progress (2): 11/11 MB | 705/923 kB
Progress (2): 11/11 MB | 705/923 kB
Progress (2): 11/11 MB | 705/923 kB
Progress (2): 11/11 MB | 705/923 kB
Progress (2): 11/11 MB | 705/923 kB
Progress (2): 11/11 MB | 705/923 kB
Progress (2): 11/11 MB | 705/923 kB
Progress (2): 11/11 MB | 705/923 kB
Progress (2): 11/11 MB | 721/923 kB
Progress (2): 11/11 MB | 721/923 kB
Progress (2): 11/11 MB | 721/923 kB
Progress (2): 11/11 MB | 721/923 kB
Progress (2): 11/11 MB | 721/923 kB
Progress (2): 11/11 MB | 721/923 kB
Progress (2): 11/11 MB | 721/923 kB
Progress (2): 11/11 MB | 721/923 kB
Progress (2): 11/11 MB | 721/923 kB
Progress (2): 11/11 MB | 737/923 kB
Progress (2): 11/11 MB | 737/923 kB
Progress (2): 11/11 MB | 737/923 kB
Progress (2): 11/11 MB | 737/923 kB
Progress (2): 11/11 MB | 737/923 kB
Progress (2): 11/11 MB | 737/923 kB
Progress (2): 11/11 MB | 737/923 kB
Progress (2): 11/11 MB | 754/923 kB
Progress (2): 11/11 MB | 754/923 kB
Progress (2): 11 MB | 754/923 kB   
                                
Downloaded from oss.sonatype.org: https://oss.sonatype.org/content/groups/public/com/amazonaws/aws-java-sdk/1.6.4/aws-java-sdk-1.6.4.jar (11 MB at 3.8 MB/s)
Downloading from oss.sonatype.org: https://oss.sonatype.org/content/groups/public/org/codehaus/plexus/plexus-utils/3.0/plexus-utils-3.0.jar
Progress (1): 770/923 kB
Progress (1): 786/923 kB
Progress (1): 803/923 kB
Progress (1): 819/923 kB
Progress (1): 836/923 kB
Progress (1): 852/923 kB
Progress (1): 868/923 kB
Progress (1): 885/923 kB
Progress (1): 901/923 kB
Progress (1): 905/923 kB
Progress (1): 918/923 kB
Progress (1): 923 kB    
                    
Downloaded from oss.sonatype.org: https://oss.sonatype.org/content/groups/public/com/fasterxml/jackson/core/jackson-databind/2.1.1/jackson-databind-2.1.1.jar (923 kB at 320 kB/s)
Downloading from oss.sonatype.org: https://oss.sonatype.org/content/groups/public/commons-io/commons-io/2.4/commons-io-2.4.jar
Progress (1): 7.7/34 kB
Progress (1): 16/34 kB 
Progress (1): 32/34 kB
Progress (1): 34 kB   
                   
Downloaded from oss.sonatype.org: https://oss.sonatype.org/content/groups/public/com/fasterxml/jackson/core/jackson-annotations/2.1.1/jackson-annotations-2.1.1.jar (34 kB at 12 kB/s)
Downloading from oss.sonatype.org: https://oss.sonatype.org/content/groups/public/org/kuali/common/kuali-threads/1.0.10/kuali-threads-1.0.10.jar
Progress (1): 7.7/53 kB
Progress (1): 7.7/53 kB
Progress (1): 24/53 kB 
Progress (1): 40/53 kB
Progress (1): 53 kB   
                   
Downloaded from oss.sonatype.org: https://oss.sonatype.org/content/groups/public/org/apache/maven/wagon/wagon-provider-api/2.2/wagon-provider-api-2.2.jar (53 kB at 16 kB/s)
Downloading from oss.sonatype.org: https://oss.sonatype.org/content/groups/public/org/slf4j/slf4j-log4j12/1.7.5/slf4j-log4j12-1.7.5.jar
Progress (1): 7.7/871 kB
Progress (1): 16/871 kB 
Progress (1): 16/871 kB
Progress (1): 33/871 kB
Progress (1): 49/871 kB
Progress (1): 66/871 kB
Progress (1): 82/871 kB
Progress (1): 98/871 kB
Progress (1): 115/871 kB
Progress (1): 131/871 kB
Progress (1): 147/871 kB
Progress (1): 164/871 kB
Progress (1): 180/871 kB
Progress (1): 197/871 kB
Progress (1): 213/871 kB
Progress (1): 229/871 kB
Progress (1): 246/871 kB
Progress (2): 246/871 kB | 7.7/226 kB
Progress (2): 246/871 kB | 16/226 kB 
Progress (2): 246/871 kB | 32/226 kB
Progress (2): 246/871 kB | 49/226 kB
Progress (2): 246/871 kB | 57/226 kB
Progress (2): 246/871 kB | 73/226 kB
Progress (2): 246/871 kB | 90/226 kB
Progress (2): 246/871 kB | 106/226 kB
Progress (2): 246/871 kB | 122/226 kB
Progress (2): 246/871 kB | 139/226 kB
Progress (2): 246/871 kB | 155/226 kB
Progress (2): 246/871 kB | 172/226 kB
Progress (2): 246/871 kB | 188/226 kB
Progress (2): 246/871 kB | 204/226 kB
Progress (2): 246/871 kB | 221/226 kB
Progress (2): 246/871 kB | 226 kB    
                                 
Downloaded from oss.sonatype.org: https://oss.sonatype.org/content/groups/public/org/codehaus/plexus/plexus-utils/3.0/plexus-utils-3.0.jar (226 kB at 65 kB/s)
Downloading from oss.sonatype.org: https://oss.sonatype.org/content/groups/public/log4j/log4j/1.2.17/log4j-1.2.17.jar
Progress (2): 246/871 kB | 7.7/185 kB
Progress (2): 246/871 kB | 7.7/185 kB
Progress (2): 246/871 kB | 24/185 kB 
Progress (2): 246/871 kB | 40/185 kB
Progress (2): 246/871 kB | 57/185 kB
Progress (2): 246/871 kB | 73/185 kB
Progress (2): 246/871 kB | 90/185 kB
Progress (2): 246/871 kB | 106/185 kB
Progress (2): 246/871 kB | 122/185 kB
Progress (2): 246/871 kB | 139/185 kB
Progress (2): 246/871 kB | 155/185 kB
Progress (2): 246/871 kB | 172/185 kB
Progress (2): 246/871 kB | 185 kB    
                                 
Downloaded from oss.sonatype.org: https://oss.sonatype.org/content/groups/public/commons-io/commons-io/2.4/commons-io-2.4.jar (185 kB at 52 kB/s)
Downloading from oss.sonatype.org: https://oss.sonatype.org/content/groups/public/org/slf4j/jcl-over-slf4j/1.7.5/jcl-over-slf4j-1.7.5.jar
Progress (2): 246/871 kB | 7.7/22 kB
Progress (2): 246/871 kB | 16/22 kB 
Progress (2): 246/871 kB | 22 kB   
                                
Downloaded from oss.sonatype.org: https://oss.sonatype.org/content/groups/public/org/kuali/common/kuali-threads/1.0.10/kuali-threads-1.0.10.jar (22 kB at 6.1 kB/s)
Progress (1): 262/871 kB
Progress (1): 279/871 kB
Progress (1): 295/871 kB
Progress (1): 311/871 kB
Progress (1): 328/871 kB
Progress (1): 344/871 kB
Progress (1): 360/871 kB
Progress (1): 377/871 kB
Progress (1): 393/871 kB
Progress (1): 410/871 kB
Progress (1): 426/871 kB
Progress (1): 442/871 kB
Progress (1): 459/871 kB
Progress (1): 475/871 kB
Progress (1): 492/871 kB
Progress (1): 508/871 kB
Progress (1): 524/871 kB
Progress (1): 541/871 kB
Progress (1): 557/871 kB
Progress (1): 573/871 kB
Progress (1): 590/871 kB
Progress (1): 606/871 kB
Progress (1): 623/871 kB
Progress (1): 639/871 kB
Progress (1): 655/871 kB
Progress (1): 672/871 kB
Progress (1): 688/871 kB
Progress (1): 705/871 kB
Progress (1): 721/871 kB
Progress (1): 737/871 kB
Progress (1): 754/871 kB
Progress (1): 770/871 kB
Progress (1): 786/871 kB
Progress (1): 803/871 kB
Progress (1): 819/871 kB
Progress (1): 836/871 kB
Progress (1): 852/871 kB
Progress (1): 868/871 kB
Progress (1): 871 kB    
                    
Downloaded from oss.sonatype.org: https://oss.sonatype.org/content/groups/public/org/springframework/spring-core/3.2.5.RELEASE/spring-core-3.2.5.RELEASE.jar (871 kB at 232 kB/s)
Progress (1): 7.7/8.9 kB
Progress (1): 8.9 kB    
                    
Downloaded from oss.sonatype.org: https://oss.sonatype.org/content/groups/public/org/slf4j/slf4j-log4j12/1.7.5/slf4j-log4j12-1.7.5.jar (8.9 kB at 2.3 kB/s)
Progress (1): 7.3/490 kB
Progress (1): 24/490 kB 
Progress (1): 40/490 kB
Progress (1): 56/490 kB
Progress (1): 73/490 kB
Progress (1): 89/490 kB
Progress (1): 106/490 kB
Progress (1): 122/490 kB
Progress (1): 138/490 kB
Progress (1): 155/490 kB
Progress (1): 171/490 kB
Progress (1): 187/490 kB
Progress (1): 204/490 kB
Progress (1): 220/490 kB
Progress (1): 237/490 kB
Progress (1): 240/490 kB
Progress (1): 256/490 kB
Progress (1): 273/490 kB
Progress (1): 289/490 kB
Progress (1): 305/490 kB
Progress (1): 322/490 kB
Progress (1): 338/490 kB
Progress (1): 354/490 kB
Progress (1): 371/490 kB
Progress (1): 387/490 kB
Progress (1): 404/490 kB
Progress (1): 420/490 kB
Progress (1): 436/490 kB
Progress (1): 453/490 kB
Progress (1): 469/490 kB
Progress (1): 486/490 kB
Progress (1): 490 kB    
                    
Downloaded from oss.sonatype.org: https://oss.sonatype.org/content/groups/public/log4j/log4j/1.2.17/log4j-1.2.17.jar (490 kB at 119 kB/s)
Progress (1): 7.7/17 kB
Progress (1): 7.7/17 kB
Progress (1): 17 kB    
                   
Downloaded from oss.sonatype.org: https://oss.sonatype.org/content/groups/public/org/slf4j/jcl-over-slf4j/1.7.5/jcl-over-slf4j-1.7.5.jar (17 kB at 3.9 kB/s)
Downloading from oss.sonatype.org: https://oss.sonatype.org/content/groups/public/org/apache/felix/maven-bundle-plugin/5.1.8/maven-bundle-plugin-5.1.8.pom
Progress (1): 782 B
Progress (1): 2.0 kB
Progress (1): 4.1 kB
Progress (1): 7.4 kB
Progress (1): 9.8 kB
Progress (1): 11 kB 
                   
Downloaded from oss.sonatype.org: https://oss.sonatype.org/content/groups/public/org/apache/felix/maven-bundle-plugin/5.1.8/maven-bundle-plugin-5.1.8.pom (11 kB at 16 kB/s)
Downloading from oss.sonatype.org: https://oss.sonatype.org/content/groups/public/org/apache/felix/felix-parent/7/felix-parent-7.pom
Progress (1): 778 B
Progress (1): 2.1 kB
Progress (1): 4.2 kB
Progress (1): 8.7 kB
Progress (1): 12 kB 
Progress (1): 17 kB
Progress (1): 21 kB
                   
Downloaded from oss.sonatype.org: https://oss.sonatype.org/content/groups/public/org/apache/felix/felix-parent/7/felix-parent-7.pom (21 kB at 30 kB/s)
Downloading from oss.sonatype.org: https://oss.sonatype.org/content/groups/public/org/osgi/org.osgi.core/6.0.0/org.osgi.core-6.0.0.pom
Progress (1): 1.1 kB
                    
Downloaded from oss.sonatype.org: https://oss.sonatype.org/content/groups/public/org/osgi/org.osgi.core/6.0.0/org.osgi.core-6.0.0.pom (1.1 kB at 1.7 kB/s)
Downloading from oss.sonatype.org: https://oss.sonatype.org/content/groups/public/biz/aQute/bnd/biz.aQute.bndlib/6.3.1/biz.aQute.bndlib-6.3.1.pom
Progress (1): 1.0 kB
Progress (1): 4.4 kB
Progress (1): 5.2 kB
                    
Downloaded from oss.sonatype.org: https://oss.sonatype.org/content/groups/public/biz/aQute/bnd/biz.aQute.bndlib/6.3.1/biz.aQute.bndlib-6.3.1.pom (5.2 kB at 7.9 kB/s)
Downloading from oss.sonatype.org: https://oss.sonatype.org/content/groups/public/org/osgi/org.osgi.dto/1.0.0/org.osgi.dto-1.0.0.pom
Progress (1): 1.3 kB
                    
Downloaded from oss.sonatype.org: https://oss.sonatype.org/content/groups/public/org/osgi/org.osgi.dto/1.0.0/org.osgi.dto-1.0.0.pom (1.3 kB at 1.9 kB/s)
Downloading from oss.sonatype.org: https://oss.sonatype.org/content/groups/public/org/osgi/org.osgi.resource/1.0.0/org.osgi.resource-1.0.0.pom
Progress (1): 1.3 kB
                    
Downloaded from oss.sonatype.org: https://oss.sonatype.org/content/groups/public/org/osgi/org.osgi.resource/1.0.0/org.osgi.resource-1.0.0.pom (1.3 kB at 1.9 kB/s)
Downloading from oss.sonatype.org: https://oss.sonatype.org/content/groups/public/org/osgi/org.osgi.framework/1.8.0/org.osgi.framework-1.8.0.pom
Progress (1): 1.3 kB
                    
Downloaded from oss.sonatype.org: https://oss.sonatype.org/content/groups/public/org/osgi/org.osgi.framework/1.8.0/org.osgi.framework-1.8.0.pom (1.3 kB at 1.9 kB/s)
Downloading from oss.sonatype.org: https://oss.sonatype.org/content/groups/public/org/osgi/org.osgi.util.tracker/1.5.4/org.osgi.util.tracker-1.5.4.pom
Progress (1): 1.1 kB
Progress (1): 1.9 kB
                    
Downloaded from oss.sonatype.org: https://oss.sonatype.org/content/groups/public/org/osgi/org.osgi.util.tracker/1.5.4/org.osgi.util.tracker-1.5.4.pom (1.9 kB at 2.8 kB/s)
Downloading from oss.sonatype.org: https://oss.sonatype.org/content/groups/public/org/osgi/osgi.annotation/8.0.1/osgi.annotation-8.0.1.pom
Progress (1): 1.1 kB
Progress (1): 1.5 kB
                    
Downloaded from oss.sonatype.org: https://oss.sonatype.org/content/groups/public/org/osgi/osgi.annotation/8.0.1/osgi.annotation-8.0.1.pom (1.5 kB at 2.2 kB/s)
Downloading from oss.sonatype.org: https://oss.sonatype.org/content/groups/public/org/osgi/org.osgi.service.log/1.3.0/org.osgi.service.log-1.3.0.pom
Progress (1): 1.3 kB
                    
Downloaded from oss.sonatype.org: https://oss.sonatype.org/content/groups/public/org/osgi/org.osgi.service.log/1.3.0/org.osgi.service.log-1.3.0.pom (1.3 kB at 1.9 kB/s)
Downloading from oss.sonatype.org: https://oss.sonatype.org/content/groups/public/org/osgi/org.osgi.service.repository/1.1.0/org.osgi.service.repository-1.1.0.pom
Progress (1): 1.3 kB
                    
Downloaded from oss.sonatype.org: https://oss.sonatype.org/content/groups/public/org/osgi/org.osgi.service.repository/1.1.0/org.osgi.service.repository-1.1.0.pom (1.3 kB at 1.9 kB/s)
Downloading from oss.sonatype.org: https://oss.sonatype.org/content/groups/public/org/osgi/org.osgi.util.function/1.2.0/org.osgi.util.function-1.2.0.pom
Progress (1): 1.1 kB
Progress (1): 1.7 kB
                    
Downloaded from oss.sonatype.org: https://oss.sonatype.org/content/groups/public/org/osgi/org.osgi.util.function/1.2.0/org.osgi.util.function-1.2.0.pom (1.7 kB at 2.5 kB/s)
Downloading from oss.sonatype.org: https://oss.sonatype.org/content/groups/public/org/osgi/org.osgi.util.promise/1.2.0/org.osgi.util.promise-1.2.0.pom
Progress (1): 1.1 kB
Progress (1): 1.9 kB
                    
Downloaded from oss.sonatype.org: https://oss.sonatype.org/content/groups/public/org/osgi/org.osgi.util.promise/1.2.0/org.osgi.util.promise-1.2.0.pom (1.9 kB at 2.4 kB/s)
Downloading from oss.sonatype.org: https://oss.sonatype.org/content/groups/public/org/osgi/org.osgi.util.function/1.1.0/org.osgi.util.function-1.1.0.pom
Progress (1): 1.3 kB
Progress (1): 1.4 kB
                    
Downloaded from oss.sonatype.org: https://oss.sonatype.org/content/groups/public/org/osgi/org.osgi.util.function/1.1.0/org.osgi.util.function-1.1.0.pom (1.4 kB at 2.2 kB/s)
Downloading from oss.sonatype.org: https://oss.sonatype.org/content/groups/public/biz/aQute/bnd/biz.aQute.bnd.util/6.3.1/biz.aQute.bnd.util-6.3.1.pom
Progress (1): 1.1 kB
Progress (1): 2.7 kB
                    
Downloaded from oss.sonatype.org: https://oss.sonatype.org/content/groups/public/biz/aQute/bnd/biz.aQute.bnd.util/6.3.1/biz.aQute.bnd.util-6.3.1.pom (2.7 kB at 4.1 kB/s)
Downloading from oss.sonatype.org: https://oss.sonatype.org/content/groups/public/org/apache/felix/org.apache.felix.bundlerepository/1.6.6/org.apache.felix.bundlerepository-1.6.6.pom
Progress (1): 804 B
Progress (1): 3.1 kB
Progress (1): 5.2 kB
Progress (1): 5.9 kB
                    
Downloaded from oss.sonatype.org: https://oss.sonatype.org/content/groups/public/org/apache/felix/org.apache.felix.bundlerepository/1.6.6/org.apache.felix.bundlerepository-1.6.6.pom (5.9 kB at 8.9 kB/s)
Downloading from oss.sonatype.org: https://oss.sonatype.org/content/groups/public/org/apache/felix/felix-parent/2.1/felix-parent-2.1.pom
Progress (1): 797 B
Progress (1): 2.6 kB
Progress (1): 5.6 kB
Progress (1): 9.4 kB
Progress (1): 9.7 kB
                    
Downloaded from oss.sonatype.org: https://oss.sonatype.org/content/groups/public/org/apache/felix/felix-parent/2.1/felix-parent-2.1.pom (9.7 kB at 15 kB/s)
Downloading from oss.sonatype.org: https://oss.sonatype.org/content/groups/public/org/osgi/org.osgi.core/4.1.0/org.osgi.core-4.1.0.pom
Progress (1): 193 B
                   
Downloaded from oss.sonatype.org: https://oss.sonatype.org/content/groups/public/org/osgi/org.osgi.core/4.1.0/org.osgi.core-4.1.0.pom (193 B at 298 B/s)
Downloading from oss.sonatype.org: https://oss.sonatype.org/content/groups/public/org/easymock/easymock/2.4/easymock-2.4.pom
Progress (1): 1.2 kB
Progress (1): 3.4 kB
Progress (1): 5.3 kB
                    
Downloaded from oss.sonatype.org: https://oss.sonatype.org/content/groups/public/org/easymock/easymock/2.4/easymock-2.4.pom (5.3 kB at 7.7 kB/s)
Downloading from oss.sonatype.org: https://oss.sonatype.org/content/groups/public/org/apache/felix/org.apache.felix.utils/1.6.0/org.apache.felix.utils-1.6.0.pom
Progress (1): 829 B
Progress (1): 2.8 kB
Progress (1): 3.3 kB
                    
Downloaded from oss.sonatype.org: https://oss.sonatype.org/content/groups/public/org/apache/felix/org.apache.felix.utils/1.6.0/org.apache.felix.utils-1.6.0.pom (3.3 kB at 4.6 kB/s)
Downloading from oss.sonatype.org: https://oss.sonatype.org/content/groups/public/org/osgi/org.osgi.compendium/4.2.0/org.osgi.compendium-4.2.0.pom
Progress (1): 463 B
                   
Downloaded from oss.sonatype.org: https://oss.sonatype.org/content/groups/public/org/osgi/org.osgi.compendium/4.2.0/org.osgi.compendium-4.2.0.pom (463 B at 676 B/s)
Downloading from oss.sonatype.org: https://oss.sonatype.org/content/groups/public/org/apache/maven/maven-core/3.3.9/maven-core-3.3.9.pom
Progress (1): 794 B
Progress (1): 3.1 kB
Progress (1): 5.5 kB
Progress (1): 8.3 kB
                    
Downloaded from oss.sonatype.org: https://oss.sonatype.org/content/groups/public/org/apache/maven/maven-core/3.3.9/maven-core-3.3.9.pom (8.3 kB at 12 kB/s)
Downloading from oss.sonatype.org: https://oss.sonatype.org/content/groups/public/org/apache/maven/maven/3.3.9/maven-3.3.9.pom
Progress (1): 735 B
Progress (1): 1.9 kB
Progress (1): 3.4 kB
Progress (1): 5.3 kB
Progress (1): 9.7 kB
Progress (1): 15 kB 
Progress (1): 19 kB
Progress (1): 21 kB
Progress (1): 24 kB
                   
Downloaded from oss.sonatype.org: https://oss.sonatype.org/content/groups/public/org/apache/maven/maven/3.3.9/maven-3.3.9.pom (24 kB at 24 kB/s)
Downloading from oss.sonatype.org: https://oss.sonatype.org/content/groups/public/org/apache/maven/maven-parent/27/maven-parent-27.pom
Progress (1): 730 B
Progress (1): 2.0 kB
Progress (1): 5.9 kB
Progress (1): 10 kB 
Progress (1): 15 kB
Progress (1): 19 kB
Progress (1): 23 kB
Progress (1): 24 kB
Progress (1): 27 kB
Progress (1): 31 kB
Progress (1): 34 kB
Progress (1): 37 kB
Progress (1): 41 kB
                   
Downloaded from oss.sonatype.org: https://oss.sonatype.org/content/groups/public/org/apache/maven/maven-parent/27/maven-parent-27.pom (41 kB at 60 kB/s)
Downloading from oss.sonatype.org: https://oss.sonatype.org/content/groups/public/org/apache/apache/17/apache-17.pom
Progress (1): 772 B
Progress (1): 2.2 kB
Progress (1): 4.0 kB
Progress (1): 7.3 kB
Progress (1): 11 kB 
Progress (1): 14 kB
Progress (1): 16 kB
                   
Downloaded from oss.sonatype.org: https://oss.sonatype.org/content/groups/public/org/apache/apache/17/apache-17.pom (16 kB at 25 kB/s)
Downloading from oss.sonatype.org: https://oss.sonatype.org/content/groups/public/org/apache/maven/maven-model/3.3.9/maven-model-3.3.9.pom
Progress (1): 811 B
Progress (1): 2.6 kB
Progress (1): 4.0 kB
                    
Downloaded from oss.sonatype.org: https://oss.sonatype.org/content/groups/public/org/apache/maven/maven-model/3.3.9/maven-model-3.3.9.pom (4.0 kB at 6.3 kB/s)
Downloading from oss.sonatype.org: https://oss.sonatype.org/content/groups/public/org/codehaus/plexus/plexus-utils/3.0.22/plexus-utils-3.0.22.pom
Progress (1): 812 B
Progress (1): 2.3 kB
Progress (1): 3.8 kB
                    
Downloaded from oss.sonatype.org: https://oss.sonatype.org/content/groups/public/org/codehaus/plexus/plexus-utils/3.0.22/plexus-utils-3.0.22.pom (3.8 kB at 5.4 kB/s)
Downloading from oss.sonatype.org: https://oss.sonatype.org/content/groups/public/org/apache/commons/commons-lang3/3.4/commons-lang3-3.4.pom
Progress (1): 759 B
Progress (1): 2.2 kB
Progress (1): 5.5 kB
Progress (1): 8.9 kB
Progress (1): 12 kB 
Progress (1): 14 kB
Progress (1): 16 kB
Progress (1): 19 kB
Progress (1): 22 kB
Progress (1): 22 kB
                   
Downloaded from oss.sonatype.org: https://oss.sonatype.org/content/groups/public/org/apache/commons/commons-lang3/3.4/commons-lang3-3.4.pom (22 kB at 32 kB/s)
Downloading from oss.sonatype.org: https://oss.sonatype.org/content/groups/public/org/apache/commons/commons-parent/37/commons-parent-37.pom
Progress (1): 708 B
Progress (1): 1.8 kB
Progress (1): 3.0 kB
Progress (1): 4.3 kB
Progress (1): 5.8 kB
Progress (1): 9.3 kB
Progress (1): 13 kB 
Progress (1): 16 kB
Progress (1): 19 kB
Progress (1): 22 kB
Progress (1): 25 kB
Progress (1): 27 kB
Progress (1): 30 kB
Progress (1): 34 kB
Progress (1): 36 kB
Progress (1): 36 kB
Progress (1): 39 kB
Progress (1): 43 kB
Progress (1): 49 kB
Progress (1): 51 kB
Progress (1): 54 kB
Progress (1): 57 kB
Progress (1): 59 kB
Progress (1): 61 kB
Progress (1): 63 kB
Progress (1): 63 kB
                   
Downloaded from oss.sonatype.org: https://oss.sonatype.org/content/groups/public/org/apache/commons/commons-parent/37/commons-parent-37.pom (63 kB at 93 kB/s)
Downloading from oss.sonatype.org: https://oss.sonatype.org/content/groups/public/org/apache/maven/maven-settings/3.3.9/maven-settings-3.3.9.pom
Progress (1): 832 B
Progress (1): 1.8 kB
                    
Downloaded from oss.sonatype.org: https://oss.sonatype.org/content/groups/public/org/apache/maven/maven-settings/3.3.9/maven-settings-3.3.9.pom (1.8 kB at 2.7 kB/s)
Downloading from oss.sonatype.org: https://oss.sonatype.org/content/groups/public/org/apache/maven/maven-settings-builder/3.3.9/maven-settings-builder-3.3.9.pom
Progress (1): 823 B
Progress (1): 2.6 kB
                    
Downloaded from oss.sonatype.org: https://oss.sonatype.org/content/groups/public/org/apache/maven/maven-settings-builder/3.3.9/maven-settings-builder-3.3.9.pom (2.6 kB at 4.0 kB/s)
Downloading from oss.sonatype.org: https://oss.sonatype.org/content/groups/public/org/apache/maven/maven-builder-support/3.3.9/maven-builder-support-3.3.9.pom
Progress (1): 835 B
Progress (1): 1.7 kB
                    
Downloaded from oss.sonatype.org: https://oss.sonatype.org/content/groups/public/org/apache/maven/maven-builder-support/3.3.9/maven-builder-support-3.3.9.pom (1.7 kB at 2.5 kB/s)
Downloading from oss.sonatype.org: https://oss.sonatype.org/content/groups/public/org/codehaus/plexus/plexus-component-annotations/1.6/plexus-component-annotations-1.6.pom
Progress (1): 748 B
                   
Downloaded from oss.sonatype.org: https://oss.sonatype.org/content/groups/public/org/codehaus/plexus/plexus-component-annotations/1.6/plexus-component-annotations-1.6.pom (748 B at 1.1 kB/s)
Downloading from oss.sonatype.org: https://oss.sonatype.org/content/groups/public/org/codehaus/plexus/plexus-containers/1.6/plexus-containers-1.6.pom
Progress (1): 1.2 kB
Progress (1): 3.8 kB
                    
Downloaded from oss.sonatype.org: https://oss.sonatype.org/content/groups/public/org/codehaus/plexus/plexus-containers/1.6/plexus-containers-1.6.pom (3.8 kB at 5.6 kB/s)
Downloading from oss.sonatype.org: https://oss.sonatype.org/content/groups/public/org/codehaus/plexus/plexus/3.3.2/plexus-3.3.2.pom
Progress (1): 703 B
Progress (1): 2.5 kB
Progress (1): 6.2 kB
Progress (1): 8.8 kB
Progress (1): 11 kB 
Progress (1): 15 kB
Progress (1): 20 kB
Progress (1): 22 kB
                   
Downloaded from oss.sonatype.org: https://oss.sonatype.org/content/groups/public/org/codehaus/plexus/plexus/3.3.2/plexus-3.3.2.pom (22 kB at 33 kB/s)
Downloading from oss.sonatype.org: https://oss.sonatype.org/content/groups/public/org/apache/maven/maven-repository-metadata/3.3.9/maven-repository-metadata-3.3.9.pom
Progress (1): 831 B
Progress (1): 1.9 kB
                    
Downloaded from oss.sonatype.org: https://oss.sonatype.org/content/groups/public/org/apache/maven/maven-repository-metadata/3.3.9/maven-repository-metadata-3.3.9.pom (1.9 kB at 2.7 kB/s)
Downloading from oss.sonatype.org: https://oss.sonatype.org/content/groups/public/org/apache/maven/maven-artifact/3.3.9/maven-artifact-3.3.9.pom
Progress (1): 852 B
Progress (1): 2.1 kB
                    
Downloaded from oss.sonatype.org: https://oss.sonatype.org/content/groups/public/org/apache/maven/maven-artifact/3.3.9/maven-artifact-3.3.9.pom (2.1 kB at 2.6 kB/s)
Downloading from oss.sonatype.org: https://oss.sonatype.org/content/groups/public/org/apache/maven/maven-plugin-api/3.3.9/maven-plugin-api-3.3.9.pom
Progress (1): 821 B
Progress (1): 2.7 kB
                    
Downloaded from oss.sonatype.org: https://oss.sonatype.org/content/groups/public/org/apache/maven/maven-plugin-api/3.3.9/maven-plugin-api-3.3.9.pom (2.7 kB at 3.8 kB/s)
Downloading from oss.sonatype.org: https://oss.sonatype.org/content/groups/public/org/eclipse/sisu/org.eclipse.sisu.plexus/0.3.2/org.eclipse.sisu.plexus-0.3.2.pom
Progress (1): 904 B
Progress (1): 3.1 kB
Progress (1): 4.2 kB
                    
Downloaded from oss.sonatype.org: https://oss.sonatype.org/content/groups/public/org/eclipse/sisu/org.eclipse.sisu.plexus/0.3.2/org.eclipse.sisu.plexus-0.3.2.pom (4.2 kB at 6.4 kB/s)
Downloading from oss.sonatype.org: https://oss.sonatype.org/content/groups/public/org/eclipse/sisu/sisu-plexus/0.3.2/sisu-plexus-0.3.2.pom
Progress (1): 883 B
Progress (1): 2.9 kB
Progress (1): 5.2 kB
Progress (1): 7.7 kB
Progress (1): 10 kB 
Progress (1): 13 kB
Progress (1): 14 kB
                   
Downloaded from oss.sonatype.org: https://oss.sonatype.org/content/groups/public/org/eclipse/sisu/sisu-plexus/0.3.2/sisu-plexus-0.3.2.pom (14 kB at 20 kB/s)
Downloading from oss.sonatype.org: https://oss.sonatype.org/content/groups/public/org/eclipse/sisu/org.eclipse.sisu.inject/0.3.2/org.eclipse.sisu.inject-0.3.2.pom
Progress (1): 914 B
Progress (1): 2.6 kB
                    
Downloaded from oss.sonatype.org: https://oss.sonatype.org/content/groups/public/org/eclipse/sisu/org.eclipse.sisu.inject/0.3.2/org.eclipse.sisu.inject-0.3.2.pom (2.6 kB at 3.8 kB/s)
Downloading from oss.sonatype.org: https://oss.sonatype.org/content/groups/public/org/eclipse/sisu/sisu-inject/0.3.2/sisu-inject-0.3.2.pom
Progress (1): 860 B
Progress (1): 2.8 kB
Progress (1): 5.1 kB
Progress (1): 9.6 kB
Progress (1): 11 kB 
Progress (1): 14 kB
                   
Downloaded from oss.sonatype.org: https://oss.sonatype.org/content/groups/public/org/eclipse/sisu/sisu-inject/0.3.2/sisu-inject-0.3.2.pom (14 kB at 22 kB/s)
Downloading from oss.sonatype.org: https://oss.sonatype.org/content/groups/public/org/apache/maven/maven-model-builder/3.3.9/maven-model-builder-3.3.9.pom
Progress (1): 836 B
Progress (1): 3.1 kB
                    
Downloaded from oss.sonatype.org: https://oss.sonatype.org/content/groups/public/org/apache/maven/maven-model-builder/3.3.9/maven-model-builder-3.3.9.pom (3.1 kB at 4.8 kB/s)
Downloading from oss.sonatype.org: https://oss.sonatype.org/content/groups/public/org/apache/maven/maven-aether-provider/3.3.9/maven-aether-provider-3.3.9.pom
Progress (1): 815 B
Progress (1): 3.6 kB
Progress (1): 4.0 kB
                    
Downloaded from oss.sonatype.org: https://oss.sonatype.org/content/groups/public/org/apache/maven/maven-aether-provider/3.3.9/maven-aether-provider-3.3.9.pom (4.0 kB at 6.0 kB/s)
Downloading from oss.sonatype.org: https://oss.sonatype.org/content/groups/public/org/eclipse/aether/aether-api/1.0.2.v20150114/aether-api-1.0.2.v20150114.pom
Progress (1): 922 B
Progress (1): 1.8 kB
                    
Downloaded from oss.sonatype.org: https://oss.sonatype.org/content/groups/public/org/eclipse/aether/aether-api/1.0.2.v20150114/aether-api-1.0.2.v20150114.pom (1.8 kB at 2.6 kB/s)
Downloading from oss.sonatype.org: https://oss.sonatype.org/content/groups/public/org/eclipse/aether/aether/1.0.2.v20150114/aether-1.0.2.v20150114.pom
Progress (1): 795 B
Progress (1): 3.2 kB
Progress (1): 5.1 kB
Progress (1): 8.9 kB
Progress (1): 12 kB 
Progress (1): 16 kB
Progress (1): 19 kB
Progress (1): 22 kB
Progress (1): 27 kB
Progress (1): 29 kB
                   
Downloaded from oss.sonatype.org: https://oss.sonatype.org/content/groups/public/org/eclipse/aether/aether/1.0.2.v20150114/aether-1.0.2.v20150114.pom (29 kB at 40 kB/s)
Downloading from oss.sonatype.org: https://oss.sonatype.org/content/groups/public/org/eclipse/aether/aether-spi/1.0.2.v20150114/aether-spi-1.0.2.v20150114.pom
Progress (1): 916 B
Progress (1): 2.0 kB
                    
Downloaded from oss.sonatype.org: https://oss.sonatype.org/content/groups/public/org/eclipse/aether/aether-spi/1.0.2.v20150114/aether-spi-1.0.2.v20150114.pom (2.0 kB at 3.0 kB/s)
Downloading from oss.sonatype.org: https://oss.sonatype.org/content/groups/public/org/eclipse/aether/aether-util/1.0.2.v20150114/aether-util-1.0.2.v20150114.pom
Progress (1): 918 B
Progress (1): 2.1 kB
                    
Downloaded from oss.sonatype.org: https://oss.sonatype.org/content/groups/public/org/eclipse/aether/aether-util/1.0.2.v20150114/aether-util-1.0.2.v20150114.pom (2.1 kB at 3.2 kB/s)
Downloading from oss.sonatype.org: https://oss.sonatype.org/content/groups/public/org/eclipse/aether/aether-impl/1.0.2.v20150114/aether-impl-1.0.2.v20150114.pom
Progress (1): 925 B
Progress (1): 3.4 kB
                    
Downloaded from oss.sonatype.org: https://oss.sonatype.org/content/groups/public/org/eclipse/aether/aether-impl/1.0.2.v20150114/aether-impl-1.0.2.v20150114.pom (3.4 kB at 5.1 kB/s)
Downloading from oss.sonatype.org: https://oss.sonatype.org/content/groups/public/com/google/inject/guice/4.0/guice-4.0.pom
Progress (1): 1.6 kB
Progress (1): 3.7 kB
Progress (1): 6.3 kB
Progress (1): 9.7 kB
Progress (1): 11 kB 
                   
Downloaded from oss.sonatype.org: https://oss.sonatype.org/content/groups/public/com/google/inject/guice/4.0/guice-4.0.pom (11 kB at 14 kB/s)
Downloading from oss.sonatype.org: https://oss.sonatype.org/content/groups/public/com/google/inject/guice-parent/4.0/guice-parent-4.0.pom
Progress (1): 801 B
Progress (1): 2.8 kB
Progress (1): 4.5 kB
Progress (1): 7.2 kB
Progress (1): 7.7 kB
Progress (1): 11 kB 
Progress (1): 13 kB
Progress (1): 15 kB
                   
Downloaded from oss.sonatype.org: https://oss.sonatype.org/content/groups/public/com/google/inject/guice-parent/4.0/guice-parent-4.0.pom (15 kB at 23 kB/s)
Downloading from oss.sonatype.org: https://oss.sonatype.org/content/groups/public/com/google/google/5/google-5.pom
Progress (1): 1.2 kB
Progress (1): 2.5 kB
                    
Downloaded from oss.sonatype.org: https://oss.sonatype.org/content/groups/public/com/google/google/5/google-5.pom (2.5 kB at 2.9 kB/s)
Downloading from oss.sonatype.org: https://oss.sonatype.org/content/groups/public/org/apache/maven/maven-compat/3.3.9/maven-compat-3.3.9.pom
Progress (1): 834 B
Progress (1): 3.5 kB
Progress (1): 3.8 kB
                    
Downloaded from oss.sonatype.org: https://oss.sonatype.org/content/groups/public/org/apache/maven/maven-compat/3.3.9/maven-compat-3.3.9.pom (3.8 kB at 5.7 kB/s)
Downloading from oss.sonatype.org: https://oss.sonatype.org/content/groups/public/org/apache/maven/wagon/wagon-provider-api/2.10/wagon-provider-api-2.10.pom
Progress (1): 843 B
Progress (1): 1.7 kB
                    
Downloaded from oss.sonatype.org: https://oss.sonatype.org/content/groups/public/org/apache/maven/wagon/wagon-provider-api/2.10/wagon-provider-api-2.10.pom (1.7 kB at 2.6 kB/s)
Downloading from oss.sonatype.org: https://oss.sonatype.org/content/groups/public/org/apache/maven/wagon/wagon/2.10/wagon-2.10.pom
Progress (1): 772 B
Progress (1): 2.5 kB
Progress (1): 5.2 kB
Progress (1): 7.9 kB
Progress (1): 12 kB 
Progress (1): 15 kB
Progress (1): 18 kB
Progress (1): 21 kB
                   
Downloaded from oss.sonatype.org: https://oss.sonatype.org/content/groups/public/org/apache/maven/wagon/wagon/2.10/wagon-2.10.pom (21 kB at 30 kB/s)
Downloading from oss.sonatype.org: https://oss.sonatype.org/content/groups/public/org/apache/maven/maven-parent/26/maven-parent-26.pom
Progress (1): 729 B
Progress (1): 2.0 kB
Progress (1): 6.0 kB
Progress (1): 10 kB 
Progress (1): 15 kB
Progress (1): 18 kB
Progress (1): 23 kB
Progress (1): 24 kB
Progress (1): 27 kB
Progress (1): 30 kB
Progress (1): 32 kB
Progress (1): 36 kB
Progress (1): 40 kB
                   
Downloaded from oss.sonatype.org: https://oss.sonatype.org/content/groups/public/org/apache/maven/maven-parent/26/maven-parent-26.pom (40 kB at 60 kB/s)
Downloading from oss.sonatype.org: https://oss.sonatype.org/content/groups/public/org/codehaus/plexus/plexus-utils/3.0.15/plexus-utils-3.0.15.pom
Progress (1): 817 B
Progress (1): 2.3 kB
Progress (1): 3.1 kB
                    
Downloaded from oss.sonatype.org: https://oss.sonatype.org/content/groups/public/org/codehaus/plexus/plexus-utils/3.0.15/plexus-utils-3.0.15.pom (3.1 kB at 4.7 kB/s)
Downloading from oss.sonatype.org: https://oss.sonatype.org/content/groups/public/org/apache/maven/maven-archiver/3.5.2/maven-archiver-3.5.2.pom
Progress (1): 796 B
Progress (1): 2.2 kB
Progress (1): 4.9 kB
Progress (1): 5.5 kB
                    
Downloaded from oss.sonatype.org: https://oss.sonatype.org/content/groups/public/org/apache/maven/maven-archiver/3.5.2/maven-archiver-3.5.2.pom (5.5 kB at 8.4 kB/s)
Downloading from oss.sonatype.org: https://oss.sonatype.org/content/groups/public/org/apache/maven/maven-artifact/3.1.1/maven-artifact-3.1.1.pom
Progress (1): 845 B
Progress (1): 2.0 kB
                    
Downloaded from oss.sonatype.org: https://oss.sonatype.org/content/groups/public/org/apache/maven/maven-artifact/3.1.1/maven-artifact-3.1.1.pom (2.0 kB at 2.9 kB/s)
Downloading from oss.sonatype.org: https://oss.sonatype.org/content/groups/public/org/apache/maven/maven/3.1.1/maven-3.1.1.pom
Progress (1): 793 B
Progress (1): 2.0 kB
Progress (1): 3.8 kB
Progress (1): 7.7 kB
Progress (1): 13 kB 
Progress (1): 16 kB
Progress (1): 19 kB
Progress (1): 22 kB
Progress (1): 22 kB
                   
Downloaded from oss.sonatype.org: https://oss.sonatype.org/content/groups/public/org/apache/maven/maven/3.1.1/maven-3.1.1.pom (22 kB at 32 kB/s)
Downloading from oss.sonatype.org: https://oss.sonatype.org/content/groups/public/org/apache/maven/maven-model/3.1.1/maven-model-3.1.1.pom
Progress (1): 809 B
Progress (1): 2.3 kB
Progress (1): 4.1 kB
                    
Downloaded from oss.sonatype.org: https://oss.sonatype.org/content/groups/public/org/apache/maven/maven-model/3.1.1/maven-model-3.1.1.pom (4.1 kB at 6.2 kB/s)
Downloading from oss.sonatype.org: https://oss.sonatype.org/content/groups/public/org/apache/maven/maven-core/3.1.1/maven-core-3.1.1.pom
Progress (1): 795 B
Progress (1): 3.6 kB
Progress (1): 5.8 kB
Progress (1): 7.3 kB
                    
Downloaded from oss.sonatype.org: https://oss.sonatype.org/content/groups/public/org/apache/maven/maven-core/3.1.1/maven-core-3.1.1.pom (7.3 kB at 11 kB/s)
Downloading from oss.sonatype.org: https://oss.sonatype.org/content/groups/public/org/apache/maven/maven-settings/3.1.1/maven-settings-3.1.1.pom
Progress (1): 830 B
Progress (1): 2.2 kB
                    
Downloaded from oss.sonatype.org: https://oss.sonatype.org/content/groups/public/org/apache/maven/maven-settings/3.1.1/maven-settings-3.1.1.pom (2.2 kB at 3.3 kB/s)
Downloading from oss.sonatype.org: https://oss.sonatype.org/content/groups/public/org/apache/maven/maven-settings-builder/3.1.1/maven-settings-builder-3.1.1.pom
Progress (1): 823 B
Progress (1): 2.6 kB
                    
Downloaded from oss.sonatype.org: https://oss.sonatype.org/content/groups/public/org/apache/maven/maven-settings-builder/3.1.1/maven-settings-builder-3.1.1.pom (2.6 kB at 3.9 kB/s)
Downloading from oss.sonatype.org: https://oss.sonatype.org/content/groups/public/org/codehaus/plexus/plexus-interpolation/1.19/plexus-interpolation-1.19.pom
Progress (1): 1.0 kB
                    
Downloaded from oss.sonatype.org: https://oss.sonatype.org/content/groups/public/org/codehaus/plexus/plexus-interpolation/1.19/plexus-interpolation-1.19.pom (1.0 kB at 1.6 kB/s)
Downloading from oss.sonatype.org: https://oss.sonatype.org/content/groups/public/org/apache/maven/maven-repository-metadata/3.1.1/maven-repository-metadata-3.1.1.pom
Progress (1): 823 B
Progress (1): 2.2 kB
                    
Downloaded from oss.sonatype.org: https://oss.sonatype.org/content/groups/public/org/apache/maven/maven-repository-metadata/3.1.1/maven-repository-metadata-3.1.1.pom (2.2 kB at 3.3 kB/s)
Downloading from oss.sonatype.org: https://oss.sonatype.org/content/groups/public/org/apache/maven/maven-plugin-api/3.1.1/maven-plugin-api-3.1.1.pom
Progress (1): 816 B
Progress (1): 2.5 kB
Progress (1): 3.4 kB
                    
Downloaded from oss.sonatype.org: https://oss.sonatype.org/content/groups/public/org/apache/maven/maven-plugin-api/3.1.1/maven-plugin-api-3.1.1.pom (3.4 kB at 5.3 kB/s)
Downloading from oss.sonatype.org: https://oss.sonatype.org/content/groups/public/org/eclipse/sisu/org.eclipse.sisu.plexus/0.0.0.M5/org.eclipse.sisu.plexus-0.0.0.M5.pom
Progress (1): 894 B
Progress (1): 3.6 kB
Progress (1): 4.8 kB
                    
Downloaded from oss.sonatype.org: https://oss.sonatype.org/content/groups/public/org/eclipse/sisu/org.eclipse.sisu.plexus/0.0.0.M5/org.eclipse.sisu.plexus-0.0.0.M5.pom (4.8 kB at 7.2 kB/s)
Downloading from oss.sonatype.org: https://oss.sonatype.org/content/groups/public/org/eclipse/sisu/sisu-plexus/0.0.0.M5/sisu-plexus-0.0.0.M5.pom
Progress (1): 861 B
Progress (1): 2.8 kB
Progress (1): 5.1 kB
Progress (1): 9.4 kB
Progress (1): 11 kB 
Progress (1): 13 kB
                   
Downloaded from oss.sonatype.org: https://oss.sonatype.org/content/groups/public/org/eclipse/sisu/sisu-plexus/0.0.0.M5/sisu-plexus-0.0.0.M5.pom (13 kB at 20 kB/s)
Downloading from oss.sonatype.org: https://oss.sonatype.org/content/groups/public/org/eclipse/sisu/org.eclipse.sisu.inject/0.0.0.M5/org.eclipse.sisu.inject-0.0.0.M5.pom
Progress (1): 922 B
Progress (1): 2.5 kB
                    
Downloaded from oss.sonatype.org: https://oss.sonatype.org/content/groups/public/org/eclipse/sisu/org.eclipse.sisu.inject/0.0.0.M5/org.eclipse.sisu.inject-0.0.0.M5.pom (2.5 kB at 3.7 kB/s)
Downloading from oss.sonatype.org: https://oss.sonatype.org/content/groups/public/org/eclipse/sisu/sisu-inject/0.0.0.M5/sisu-inject-0.0.0.M5.pom
Progress (1): 893 B
Progress (1): 2.9 kB
Progress (1): 5.1 kB
Progress (1): 7.7 kB
Progress (1): 10 kB 
Progress (1): 13 kB
Progress (1): 14 kB
                   
Downloaded from oss.sonatype.org: https://oss.sonatype.org/content/groups/public/org/eclipse/sisu/sisu-inject/0.0.0.M5/sisu-inject-0.0.0.M5.pom (14 kB at 19 kB/s)
Downloading from oss.sonatype.org: https://oss.sonatype.org/content/groups/public/org/apache/maven/maven-model-builder/3.1.1/maven-model-builder-3.1.1.pom
Progress (1): 838 B
Progress (1): 2.7 kB
Progress (1): 2.8 kB
                    
Downloaded from oss.sonatype.org: https://oss.sonatype.org/content/groups/public/org/apache/maven/maven-model-builder/3.1.1/maven-model-builder-3.1.1.pom (2.8 kB at 4.3 kB/s)
Downloading from oss.sonatype.org: https://oss.sonatype.org/content/groups/public/org/apache/maven/maven-aether-provider/3.1.1/maven-aether-provider-3.1.1.pom
Progress (1): 813 B
Progress (1): 3.0 kB
Progress (1): 4.1 kB
                    
Downloaded from oss.sonatype.org: https://oss.sonatype.org/content/groups/public/org/apache/maven/maven-aether-provider/3.1.1/maven-aether-provider-3.1.1.pom (4.1 kB at 6.0 kB/s)
Downloading from oss.sonatype.org: https://oss.sonatype.org/content/groups/public/org/eclipse/aether/aether-api/0.9.0.M2/aether-api-0.9.0.M2.pom
Progress (1): 941 B
Progress (1): 1.7 kB
                    
Downloaded from oss.sonatype.org: https://oss.sonatype.org/content/groups/public/org/eclipse/aether/aether-api/0.9.0.M2/aether-api-0.9.0.M2.pom (1.7 kB at 2.5 kB/s)
Downloading from oss.sonatype.org: https://oss.sonatype.org/content/groups/public/org/eclipse/aether/aether/0.9.0.M2/aether-0.9.0.M2.pom
Progress (1): 860 B
Progress (1): 3.3 kB
Progress (1): 6.6 kB
Progress (1): 7.7 kB
Progress (1): 11 kB 
Progress (1): 14 kB
Progress (1): 18 kB
Progress (1): 21 kB
Progress (1): 26 kB
Progress (1): 28 kB
                   
Downloaded from oss.sonatype.org: https://oss.sonatype.org/content/groups/public/org/eclipse/aether/aether/0.9.0.M2/aether-0.9.0.M2.pom (28 kB at 39 kB/s)
Downloading from oss.sonatype.org: https://oss.sonatype.org/content/groups/public/org/eclipse/aether/aether-spi/0.9.0.M2/aether-spi-0.9.0.M2.pom
Progress (1): 938 B
Progress (1): 1.8 kB
                    
Downloaded from oss.sonatype.org: https://oss.sonatype.org/content/groups/public/org/eclipse/aether/aether-spi/0.9.0.M2/aether-spi-0.9.0.M2.pom (1.8 kB at 2.6 kB/s)
Downloading from oss.sonatype.org: https://oss.sonatype.org/content/groups/public/org/eclipse/aether/aether-util/0.9.0.M2/aether-util-0.9.0.M2.pom
Progress (1): 935 B
Progress (1): 2.0 kB
                    
Downloaded from oss.sonatype.org: https://oss.sonatype.org/content/groups/public/org/eclipse/aether/aether-util/0.9.0.M2/aether-util-0.9.0.M2.pom (2.0 kB at 2.9 kB/s)
Downloading from oss.sonatype.org: https://oss.sonatype.org/content/groups/public/org/eclipse/aether/aether-impl/0.9.0.M2/aether-impl-0.9.0.M2.pom
Progress (1): 944 B
Progress (1): 3.3 kB
                    
Downloaded from oss.sonatype.org: https://oss.sonatype.org/content/groups/public/org/eclipse/aether/aether-impl/0.9.0.M2/aether-impl-0.9.0.M2.pom (3.3 kB at 4.9 kB/s)
Downloading from oss.sonatype.org: https://oss.sonatype.org/content/groups/public/org/codehaus/plexus/plexus-classworlds/2.5.1/plexus-classworlds-2.5.1.pom
Progress (1): 931 B
Progress (1): 3.0 kB
Progress (1): 5.0 kB
                    
Downloaded from oss.sonatype.org: https://oss.sonatype.org/content/groups/public/org/codehaus/plexus/plexus-classworlds/2.5.1/plexus-classworlds-2.5.1.pom (5.0 kB at 7.4 kB/s)
Downloading from oss.sonatype.org: https://oss.sonatype.org/content/groups/public/org/apache/maven/shared/maven-shared-utils/3.3.3/maven-shared-utils-3.3.3.pom
Progress (1): 807 B
Progress (1): 2.3 kB
Progress (1): 4.7 kB
Progress (1): 5.8 kB
                    
Downloaded from oss.sonatype.org: https://oss.sonatype.org/content/groups/public/org/apache/maven/shared/maven-shared-utils/3.3.3/maven-shared-utils-3.3.3.pom (5.8 kB at 8.5 kB/s)
Downloading from oss.sonatype.org: https://oss.sonatype.org/content/groups/public/org/apache/commons/commons-compress/1.20/commons-compress-1.20.pom
Progress (1): 781 B
Progress (1): 2.0 kB
Progress (1): 3.6 kB
Progress (1): 6.8 kB
Progress (1): 7.7 kB
Progress (1): 9.6 kB
Progress (1): 13 kB 
Progress (1): 16 kB
Progress (1): 18 kB
                   
Downloaded from oss.sonatype.org: https://oss.sonatype.org/content/groups/public/org/apache/commons/commons-compress/1.20/commons-compress-1.20.pom (18 kB at 26 kB/s)
Downloading from oss.sonatype.org: https://oss.sonatype.org/content/groups/public/org/apache/commons/commons-parent/48/commons-parent-48.pom
Progress (1): 779 B
Progress (1): 2.1 kB
Progress (1): 3.5 kB
Progress (1): 5.8 kB
Progress (1): 7.7 kB
Progress (1): 10 kB 
Progress (1): 13 kB
Progress (1): 16 kB
Progress (1): 20 kB
Progress (1): 23 kB
Progress (1): 26 kB
Progress (1): 28 kB
Progress (1): 31 kB
Progress (1): 35 kB
Progress (1): 38 kB
Progress (1): 40 kB
Progress (1): 44 kB
Progress (1): 48 kB
Progress (1): 55 kB
Progress (1): 58 kB
Progress (1): 61 kB
Progress (1): 63 kB
Progress (1): 65 kB
Progress (1): 67 kB
Progress (1): 69 kB
Progress (1): 71 kB
Progress (1): 72 kB
                   
Downloaded from oss.sonatype.org: https://oss.sonatype.org/content/groups/public/org/apache/commons/commons-parent/48/commons-parent-48.pom (72 kB at 96 kB/s)
Downloading from oss.sonatype.org: https://oss.sonatype.org/content/groups/public/org/codehaus/plexus/plexus-archiver/4.2.7/plexus-archiver-4.2.7.pom
Progress (1): 1.3 kB
Progress (1): 3.7 kB
Progress (1): 4.9 kB
                    
Downloaded from oss.sonatype.org: https://oss.sonatype.org/content/groups/public/org/codehaus/plexus/plexus-archiver/4.2.7/plexus-archiver-4.2.7.pom (4.9 kB at 7.5 kB/s)
Downloading from oss.sonatype.org: https://oss.sonatype.org/content/groups/public/org/codehaus/plexus/plexus/8/plexus-8.pom
Progress (1): 767 B
Progress (1): 2.9 kB
Progress (1): 6.7 kB
Progress (1): 7.7 kB
Progress (1): 9.7 kB
Progress (1): 13 kB 
Progress (1): 17 kB
Progress (1): 22 kB
Progress (1): 25 kB
Progress (1): 25 kB
                   
Downloaded from oss.sonatype.org: https://oss.sonatype.org/content/groups/public/org/codehaus/plexus/plexus/8/plexus-8.pom (25 kB at 38 kB/s)
Downloading from oss.sonatype.org: https://oss.sonatype.org/content/groups/public/org/codehaus/plexus/plexus-utils/3.4.1/plexus-utils-3.4.1.pom
Progress (1): 731 B
Progress (1): 2.3 kB
Progress (1): 4.6 kB
Progress (1): 8.0 kB
                    
Downloaded from oss.sonatype.org: https://oss.sonatype.org/content/groups/public/org/codehaus/plexus/plexus-utils/3.4.1/plexus-utils-3.4.1.pom (8.0 kB at 12 kB/s)
Downloading from oss.sonatype.org: https://oss.sonatype.org/content/groups/public/org/codehaus/plexus/plexus-io/3.2.0/plexus-io-3.2.0.pom
Progress (1): 1.4 kB
Progress (1): 4.3 kB
Progress (1): 4.5 kB
                    
Downloaded from oss.sonatype.org: https://oss.sonatype.org/content/groups/public/org/codehaus/plexus/plexus-io/3.2.0/plexus-io-3.2.0.pom (4.5 kB at 6.3 kB/s)
Downloading from oss.sonatype.org: https://oss.sonatype.org/content/groups/public/org/apache/commons/commons-compress/1.21/commons-compress-1.21.pom
Progress (1): 753 B
Progress (1): 1.9 kB
Progress (1): 3.5 kB
Progress (1): 6.8 kB
Progress (1): 9.1 kB
Progress (1): 11 kB 
Progress (1): 14 kB
Progress (1): 18 kB
Progress (1): 20 kB
                   
Downloaded from oss.sonatype.org: https://oss.sonatype.org/content/groups/public/org/apache/commons/commons-compress/1.21/commons-compress-1.21.pom (20 kB at 30 kB/s)
Downloading from oss.sonatype.org: https://oss.sonatype.org/content/groups/public/org/apache/maven/shared/maven-dependency-tree/3.0/maven-dependency-tree-3.0.pom
Progress (1): 786 B
Progress (1): 2.3 kB
Progress (1): 4.8 kB
Progress (1): 7.3 kB
Progress (1): 7.4 kB
                    
Downloaded from oss.sonatype.org: https://oss.sonatype.org/content/groups/public/org/apache/maven/shared/maven-dependency-tree/3.0/maven-dependency-tree-3.0.pom (7.4 kB at 11 kB/s)
Downloading from oss.sonatype.org: https://oss.sonatype.org/content/groups/public/org/apache/maven/shared/maven-shared-components/21/maven-shared-components-21.pom
Progress (1): 798 B
Progress (1): 2.4 kB
Progress (1): 4.2 kB
Progress (1): 5.1 kB
                    
Downloaded from oss.sonatype.org: https://oss.sonatype.org/content/groups/public/org/apache/maven/shared/maven-shared-components/21/maven-shared-components-21.pom (5.1 kB at 7.5 kB/s)
Downloading from oss.sonatype.org: https://oss.sonatype.org/content/groups/public/org/jdom/jdom/1.1/jdom-1.1.pom
Progress (1): 905 B
Progress (1): 2.2 kB
                    
Downloaded from oss.sonatype.org: https://oss.sonatype.org/content/groups/public/org/jdom/jdom/1.1/jdom-1.1.pom (2.2 kB at 3.2 kB/s)
Downloading from oss.sonatype.org: https://oss.sonatype.org/content/groups/public/org/apache/felix/maven-bundle-plugin/5.1.8/maven-bundle-plugin-5.1.8.jar
Progress (1): 7.7/212 kB
Progress (1): 7.7/212 kB
Progress (1): 24/212 kB 
Progress (1): 40/212 kB
Progress (1): 57/212 kB
Progress (1): 73/212 kB
Progress (1): 90/212 kB
Progress (1): 106/212 kB
Progress (1): 122/212 kB
Progress (1): 139/212 kB
Progress (1): 155/212 kB
Progress (1): 172/212 kB
Progress (1): 188/212 kB
Progress (1): 204/212 kB
Progress (1): 212 kB    
                    
Downloaded from oss.sonatype.org: https://oss.sonatype.org/content/groups/public/org/apache/felix/maven-bundle-plugin/5.1.8/maven-bundle-plugin-5.1.8.jar (212 kB at 295 kB/s)
Downloading from oss.sonatype.org: https://oss.sonatype.org/content/groups/public/org/osgi/org.osgi.core/6.0.0/org.osgi.core-6.0.0.jar
Downloading from oss.sonatype.org: https://oss.sonatype.org/content/groups/public/biz/aQute/bnd/biz.aQute.bndlib/6.3.1/biz.aQute.bndlib-6.3.1.jar
Downloading from oss.sonatype.org: https://oss.sonatype.org/content/groups/public/org/osgi/org.osgi.dto/1.0.0/org.osgi.dto-1.0.0.jar
Downloading from oss.sonatype.org: https://oss.sonatype.org/content/groups/public/org/osgi/org.osgi.resource/1.0.0/org.osgi.resource-1.0.0.jar
Downloading from oss.sonatype.org: https://oss.sonatype.org/content/groups/public/org/osgi/org.osgi.framework/1.8.0/org.osgi.framework-1.8.0.jar
Progress (1): 7.7/33 kB
Progress (1): 16/33 kB 
Progress (1): 30/33 kB
Progress (1): 33 kB   
                   
Downloaded from oss.sonatype.org: https://oss.sonatype.org/content/groups/public/org/osgi/org.osgi.resource/1.0.0/org.osgi.resource-1.0.0.jar (33 kB at 49 kB/s)
Downloading from oss.sonatype.org: https://oss.sonatype.org/content/groups/public/org/osgi/org.osgi.util.tracker/1.5.4/org.osgi.util.tracker-1.5.4.jar
Progress (1): 7.7/345 kB
Progress (1): 15/345 kB 
Progress (1): 32/345 kB
Progress (1): 48/345 kB
Progress (1): 65/345 kB
Progress (1): 81/345 kB
Progress (1): 97/345 kB
Progress (1): 114/345 kB
Progress (1): 130/345 kB
Progress (1): 147/345 kB
Progress (1): 163/345 kB
Progress (1): 164/345 kB
Progress (1): 180/345 kB
Progress (1): 197/345 kB
Progress (1): 213/345 kB
Progress (1): 229/345 kB
Progress (1): 246/345 kB
Progress (1): 262/345 kB
Progress (1): 279/345 kB
Progress (1): 295/345 kB
Progress (1): 311/345 kB
Progress (1): 328/345 kB
Progress (1): 344/345 kB
Progress (1): 345 kB    
                    
Downloaded from oss.sonatype.org: https://oss.sonatype.org/content/groups/public/org/osgi/org.osgi.framework/1.8.0/org.osgi.framework-1.8.0.jar (345 kB at 498 kB/s)
Downloading from oss.sonatype.org: https://oss.sonatype.org/content/groups/public/org/osgi/osgi.annotation/8.0.1/osgi.annotation-8.0.1.jar
Progress (1): 7.7/475 kB
Progress (1): 16/475 kB 
Progress (1): 32/475 kB
Progress (1): 49/475 kB
Progress (1): 57/475 kB
Progress (1): 73/475 kB
Progress (1): 90/475 kB
Progress (1): 106/475 kB
Progress (1): 122/475 kB
Progress (1): 139/475 kB
Progress (1): 155/475 kB
Progress (1): 172/475 kB
Progress (1): 188/475 kB
Progress (1): 204/475 kB
Progress (1): 221/475 kB
Progress (1): 237/475 kB
Progress (1): 253/475 kB
Progress (1): 270/475 kB
Progress (1): 286/475 kB
Progress (1): 303/475 kB
Progress (1): 319/475 kB
Progress (1): 335/475 kB
Progress (1): 352/475 kB
Progress (1): 368/475 kB
Progress (1): 385/475 kB
Progress (1): 401/475 kB
Progress (1): 417/475 kB
Progress (2): 417/475 kB | 7.7/15 kB
Progress (2): 434/475 kB | 7.7/15 kB
Progress (2): 434/475 kB | 7.7/15 kB
Progress (2): 434/475 kB | 15 kB    
Progress (2): 450/475 kB | 15 kB
Progress (2): 466/475 kB | 15 kB
                                
Downloaded from oss.sonatype.org: https://oss.sonatype.org/content/groups/public/org/osgi/org.osgi.dto/1.0.0/org.osgi.dto-1.0.0.jar (15 kB at 19 kB/s)
Downloading from oss.sonatype.org: https://oss.sonatype.org/content/groups/public/org/osgi/org.osgi.service.log/1.3.0/org.osgi.service.log-1.3.0.jar
Progress (1): 475 kB
                    
Downloaded from oss.sonatype.org: https://oss.sonatype.org/content/groups/public/org/osgi/org.osgi.core/6.0.0/org.osgi.core-6.0.0.jar (475 kB at 614 kB/s)
Downloading from oss.sonatype.org: https://oss.sonatype.org/content/groups/public/org/osgi/org.osgi.service.repository/1.1.0/org.osgi.service.repository-1.1.0.jar
Progress (1): 0/3.2 MB
Progress (1): 0/3.2 MB
Progress (1): 0/3.2 MB
Progress (1): 0/3.2 MB
Progress (1): 0.1/3.2 MB
Progress (1): 0.1/3.2 MB
Progress (1): 0.1/3.2 MB
Progress (1): 0.1/3.2 MB
Progress (1): 0.1/3.2 MB
Progress (1): 0.1/3.2 MB
Progress (1): 0.2/3.2 MB
Progress (1): 0.2/3.2 MB
Progress (1): 0.2/3.2 MB
Progress (1): 0.2/3.2 MB
Progress (1): 0.2/3.2 MB
Progress (1): 0.2/3.2 MB
Progress (1): 0.2/3.2 MB
Progress (1): 0.3/3.2 MB
Progress (1): 0.3/3.2 MB
Progress (1): 0.3/3.2 MB
Progress (1): 0.3/3.2 MB
Progress (1): 0.3/3.2 MB
Progress (1): 0.3/3.2 MB
Progress (1): 0.4/3.2 MB
Progress (1): 0.4/3.2 MB
Progress (1): 0.4/3.2 MB
Progress (1): 0.4/3.2 MB
Progress (1): 0.4/3.2 MB
Progress (1): 0.4/3.2 MB
Progress (1): 0.5/3.2 MB
Progress (1): 0.5/3.2 MB
Progress (1): 0.5/3.2 MB
Progress (1): 0.5/3.2 MB
Progress (1): 0.5/3.2 MB
Progress (1): 0.5/3.2 MB
Progress (1): 0.6/3.2 MB
Progress (1): 0.6/3.2 MB
Progress (1): 0.6/3.2 MB
Progress (1): 0.6/3.2 MB
Progress (1): 0.6/3.2 MB
Progress (1): 0.6/3.2 MB
Progress (2): 0.6/3.2 MB | 16/44 kB
Progress (2): 0.6/3.2 MB | 33/44 kB
Progress (2): 0.6/3.2 MB | 44 kB   
                                
Downloaded from oss.sonatype.org: https://oss.sonatype.org/content/groups/public/org/osgi/org.osgi.util.tracker/1.5.4/org.osgi.util.tracker-1.5.4.jar (44 kB at 34 kB/s)
Downloading from oss.sonatype.org: https://oss.sonatype.org/content/groups/public/org/osgi/org.osgi.util.function/1.2.0/org.osgi.util.function-1.2.0.jar
Progress (1): 0.7/3.2 MB
Progress (1): 0.7/3.2 MB
Progress (1): 0.7/3.2 MB
Progress (2): 0.7/3.2 MB | 7.7/37 kB
Progress (2): 0.7/3.2 MB | 16/37 kB 
Progress (2): 0.7/3.2 MB | 24/37 kB
Progress (2): 0.7/3.2 MB | 24/37 kB
Progress (2): 0.7/3.2 MB | 37 kB   
                                
Downloaded from oss.sonatype.org: https://oss.sonatype.org/content/groups/public/org/osgi/osgi.annotation/8.0.1/osgi.annotation-8.0.1.jar (37 kB at 28 kB/s)
Downloading from oss.sonatype.org: https://oss.sonatype.org/content/groups/public/org/osgi/org.osgi.util.promise/1.2.0/org.osgi.util.promise-1.2.0.jar
Progress (1): 0.7/3.2 MB
Progress (1): 0.7/3.2 MB
Progress (1): 0.8/3.2 MB
Progress (1): 0.8/3.2 MB
Progress (1): 0.8/3.2 MB
Progress (1): 0.8/3.2 MB
Progress (1): 0.8/3.2 MB
Progress (1): 0.8/3.2 MB
Progress (1): 0.8/3.2 MB
Progress (1): 0.9/3.2 MB
Progress (1): 0.9/3.2 MB
Progress (1): 0.9/3.2 MB
Progress (1): 0.9/3.2 MB
Progress (2): 0.9/3.2 MB | 7.3/25 kB
Progress (2): 0.9/3.2 MB | 24/25 kB 
Progress (2): 0.9/3.2 MB | 24/25 kB
Progress (2): 0.9/3.2 MB | 25 kB   
                                
Downloaded from oss.sonatype.org: https://oss.sonatype.org/content/groups/public/org/osgi/org.osgi.service.repository/1.1.0/org.osgi.service.repository-1.1.0.jar (25 kB at 19 kB/s)
Downloading from oss.sonatype.org: https://oss.sonatype.org/content/groups/public/biz/aQute/bnd/biz.aQute.bnd.util/6.3.1/biz.aQute.bnd.util-6.3.1.jar
Progress (1): 0.9/3.2 MB
Progress (1): 0.9/3.2 MB
Progress (1): 1.0/3.2 MB
Progress (1): 1.0/3.2 MB
Progress (1): 1.0/3.2 MB
Progress (1): 1.0/3.2 MB
Progress (1): 1.0/3.2 MB
Progress (1): 1.0/3.2 MB
Progress (1): 1.1/3.2 MB
Progress (1): 1.1/3.2 MB
Progress (1): 1.1/3.2 MB
Progress (1): 1.1/3.2 MB
Progress (1): 1.1/3.2 MB
Progress (1): 1.1/3.2 MB
Progress (1): 1.2/3.2 MB
Progress (1): 1.2/3.2 MB
Progress (1): 1.2/3.2 MB
Progress (1): 1.2/3.2 MB
Progress (1): 1.2/3.2 MB
Progress (1): 1.2/3.2 MB
Progress (2): 1.2/3.2 MB | 7.7/17 kB
Progress (2): 1.2/3.2 MB | 16/17 kB 
Progress (2): 1.2/3.2 MB | 17 kB   
                                
Downloaded from oss.sonatype.org: https://oss.sonatype.org/content/groups/public/org/osgi/org.osgi.service.log/1.3.0/org.osgi.service.log-1.3.0.jar (17 kB at 12 kB/s)
Downloading from oss.sonatype.org: https://oss.sonatype.org/content/groups/public/org/apache/felix/org.apache.felix.bundlerepository/1.6.6/org.apache.felix.bundlerepository-1.6.6.jar
Progress (1): 1.3/3.2 MB
Progress (1): 1.3/3.2 MB
Progress (1): 1.3/3.2 MB
Progress (1): 1.3/3.2 MB
Progress (1): 1.3/3.2 MB
Progress (1): 1.3/3.2 MB
Progress (1): 1.4/3.2 MB
Progress (1): 1.4/3.2 MB
Progress (1): 1.4/3.2 MB
Progress (1): 1.4/3.2 MB
Progress (1): 1.4/3.2 MB
Progress (1): 1.4/3.2 MB
Progress (1): 1.5/3.2 MB
Progress (1): 1.5/3.2 MB
Progress (1): 1.5/3.2 MB
Progress (1): 1.5/3.2 MB
Progress (1): 1.5/3.2 MB
Progress (1): 1.5/3.2 MB
Progress (1): 1.6/3.2 MB
Progress (1): 1.6/3.2 MB
Progress (1): 1.6/3.2 MB
Progress (1): 1.6/3.2 MB
Progress (1): 1.6/3.2 MB
Progress (1): 1.6/3.2 MB
Progress (1): 1.6/3.2 MB
Progress (1): 1.7/3.2 MB
Progress (1): 1.7/3.2 MB
Progress (1): 1.7/3.2 MB
Progress (1): 1.7/3.2 MB
Progress (1): 1.7/3.2 MB
Progress (1): 1.7/3.2 MB
Progress (1): 1.8/3.2 MB
Progress (1): 1.8/3.2 MB
Progress (1): 1.8/3.2 MB
Progress (1): 1.8/3.2 MB
Progress (1): 1.8/3.2 MB
Progress (1): 1.8/3.2 MB
Progress (1): 1.9/3.2 MB
Progress (1): 1.9/3.2 MB
Progress (1): 1.9/3.2 MB
Progress (1): 1.9/3.2 MB
Progress (1): 1.9/3.2 MB
Progress (1): 1.9/3.2 MB
Progress (1): 2.0/3.2 MB
Progress (1): 2.0/3.2 MB
Progress (1): 2.0/3.2 MB
Progress (1): 2.0/3.2 MB
Progress (1): 2.0/3.2 MB
Progress (1): 2.0/3.2 MB
Progress (1): 2.1/3.2 MB
Progress (1): 2.1/3.2 MB
Progress (1): 2.1/3.2 MB
Progress (1): 2.1/3.2 MB
Progress (1): 2.1/3.2 MB
Progress (1): 2.1/3.2 MB
Progress (1): 2.2/3.2 MB
Progress (1): 2.2/3.2 MB
Progress (1): 2.2/3.2 MB
Progress (1): 2.2/3.2 MB
Progress (1): 2.2/3.2 MB
Progress (1): 2.2/3.2 MB
Progress (1): 2.3/3.2 MB
Progress (1): 2.3/3.2 MB
Progress (1): 2.3/3.2 MB
Progress (1): 2.3/3.2 MB
Progress (1): 2.3/3.2 MB
Progress (1): 2.3/3.2 MB
Progress (1): 2.4/3.2 MB
Progress (1): 2.4/3.2 MB
Progress (1): 2.4/3.2 MB
Progress (1): 2.4/3.2 MB
Progress (1): 2.4/3.2 MB
Progress (1): 2.4/3.2 MB
Progress (1): 2.5/3.2 MB
Progress (1): 2.5/3.2 MB
Progress (1): 2.5/3.2 MB
Progress (1): 2.5/3.2 MB
Progress (1): 2.5/3.2 MB
Progress (1): 2.5/3.2 MB
Progress (1): 2.5/3.2 MB
Progress (1): 2.6/3.2 MB
Progress (1): 2.6/3.2 MB
Progress (1): 2.6/3.2 MB
Progress (1): 2.6/3.2 MB
Progress (1): 2.6/3.2 MB
Progress (1): 2.6/3.2 MB
Progress (1): 2.7/3.2 MB
Progress (1): 2.7/3.2 MB
Progress (1): 2.7/3.2 MB
Progress (1): 2.7/3.2 MB
Progress (1): 2.7/3.2 MB
Progress (1): 2.7/3.2 MB
Progress (1): 2.8/3.2 MB
Progress (1): 2.8/3.2 MB
Progress (1): 2.8/3.2 MB
Progress (1): 2.8/3.2 MB
Progress (1): 2.8/3.2 MB
Progress (1): 2.8/3.2 MB
Progress (1): 2.9/3.2 MB
Progress (1): 2.9/3.2 MB
Progress (1): 2.9/3.2 MB
Progress (1): 2.9/3.2 MB
Progress (1): 2.9/3.2 MB
Progress (1): 2.9/3.2 MB
Progress (1): 3.0/3.2 MB
Progress (1): 3.0/3.2 MB
Progress (1): 3.0/3.2 MB
Progress (1): 3.0/3.2 MB
Progress (1): 3.0/3.2 MB
Progress (1): 3.0/3.2 MB
Progress (1): 3.1/3.2 MB
Progress (1): 3.1/3.2 MB
Progress (1): 3.1/3.2 MB
Progress (1): 3.1/3.2 MB
Progress (1): 3.1/3.2 MB
Progress (1): 3.1/3.2 MB
Progress (1): 3.2/3.2 MB
Progress (1): 3.2/3.2 MB
Progress (1): 3.2 MB    
                    
Downloaded from oss.sonatype.org: https://oss.sonatype.org/content/groups/public/biz/aQute/bnd/biz.aQute.bndlib/6.3.1/biz.aQute.bndlib-6.3.1.jar (3.2 MB at 1.9 MB/s)
Downloading from oss.sonatype.org: https://oss.sonatype.org/content/groups/public/org/easymock/easymock/2.4/easymock-2.4.jar
Progress (1): 8.2/83 kB
Progress (1): 25/83 kB 
Progress (1): 41/83 kB
Progress (1): 57/83 kB
Progress (1): 74/83 kB
Progress (1): 83 kB   
                   
Downloaded from oss.sonatype.org: https://oss.sonatype.org/content/groups/public/org/osgi/org.osgi.util.promise/1.2.0/org.osgi.util.promise-1.2.0.jar (83 kB at 43 kB/s)
Downloading from oss.sonatype.org: https://oss.sonatype.org/content/groups/public/org/apache/felix/org.apache.felix.utils/1.6.0/org.apache.felix.utils-1.6.0.jar
Progress (1): 7.7/24 kB
Progress (1): 7.7/24 kB
Progress (1): 24 kB    
                   
Downloaded from oss.sonatype.org: https://oss.sonatype.org/content/groups/public/org/osgi/org.osgi.util.function/1.2.0/org.osgi.util.function-1.2.0.jar (24 kB at 12 kB/s)
Downloading from oss.sonatype.org: https://oss.sonatype.org/content/groups/public/org/osgi/org.osgi.compendium/4.2.0/org.osgi.compendium-4.2.0.jar
Progress (1): 7.7/424 kB
Progress (1): 16/424 kB 
Progress (1): 32/424 kB
Progress (1): 49/424 kB
Progress (1): 57/424 kB
Progress (1): 73/424 kB
Progress (1): 90/424 kB
Progress (1): 106/424 kB
Progress (1): 122/424 kB
Progress (1): 139/424 kB
Progress (1): 155/424 kB
Progress (1): 172/424 kB
Progress (1): 188/424 kB
Progress (1): 204/424 kB
Progress (1): 221/424 kB
Progress (1): 237/424 kB
Progress (1): 253/424 kB
Progress (1): 270/424 kB
Progress (1): 286/424 kB
Progress (1): 303/424 kB
Progress (1): 319/424 kB
Progress (1): 335/424 kB
Progress (1): 352/424 kB
Progress (1): 368/424 kB
Progress (1): 385/424 kB
Progress (1): 401/424 kB
Progress (1): 417/424 kB
Progress (1): 424 kB    
                    
Downloaded from oss.sonatype.org: https://oss.sonatype.org/content/groups/public/biz/aQute/bnd/biz.aQute.bnd.util/6.3.1/biz.aQute.bnd.util-6.3.1.jar (424 kB at 204 kB/s)
Downloading from oss.sonatype.org: https://oss.sonatype.org/content/groups/public/org/apache/maven/maven-core/3.3.9/maven-core-3.3.9.jar
Progress (1): 7.7/168 kB
Progress (1): 16/168 kB 
Progress (1): 32/168 kB
Progress (1): 49/168 kB
Progress (1): 65/168 kB
Progress (1): 81/168 kB
Progress (1): 97/168 kB
Progress (1): 114/168 kB
Progress (1): 130/168 kB
Progress (1): 147/168 kB
Progress (1): 163/168 kB
Progress (1): 168 kB    
                    
Downloaded from oss.sonatype.org: https://oss.sonatype.org/content/groups/public/org/apache/felix/org.apache.felix.bundlerepository/1.6.6/org.apache.felix.bundlerepository-1.6.6.jar (168 kB at 77 kB/s)
Downloading from oss.sonatype.org: https://oss.sonatype.org/content/groups/public/org/apache/maven/maven-model/3.3.9/maven-model-3.3.9.jar
Progress (1): 7.7/81 kB
Progress (1): 7.7/81 kB
Progress (1): 24/81 kB 
Progress (1): 40/81 kB
Progress (1): 57/81 kB
Progress (1): 73/81 kB
Progress (1): 81 kB   
                   
Downloaded from oss.sonatype.org: https://oss.sonatype.org/content/groups/public/org/easymock/easymock/2.4/easymock-2.4.jar (81 kB at 35 kB/s)
Downloading from oss.sonatype.org: https://oss.sonatype.org/content/groups/public/org/apache/maven/maven-settings/3.3.9/maven-settings-3.3.9.jar
Progress (1): 7.7/68 kB
Progress (1): 16/68 kB 
Progress (1): 32/68 kB
Progress (1): 49/68 kB
Progress (1): 65/68 kB
Progress (1): 68 kB   
                   
Downloaded from oss.sonatype.org: https://oss.sonatype.org/content/groups/public/org/apache/felix/org.apache.felix.utils/1.6.0/org.apache.felix.utils-1.6.0.jar (68 kB at 26 kB/s)
Downloading from oss.sonatype.org: https://oss.sonatype.org/content/groups/public/org/apache/maven/maven-settings-builder/3.3.9/maven-settings-builder-3.3.9.jar
Progress (1): 7.7/614 kB
Progress (1): 11/614 kB 
Progress (1): 28/614 kB
Progress (1): 44/614 kB
Progress (1): 61/614 kB
Progress (1): 77/614 kB
Progress (1): 93/614 kB
Progress (1): 110/614 kB
Progress (1): 126/614 kB
Progress (1): 142/614 kB
Progress (1): 159/614 kB
Progress (1): 175/614 kB
Progress (1): 192/614 kB
Progress (1): 197/614 kB
Progress (1): 214/614 kB
Progress (1): 230/614 kB
Progress (1): 246/614 kB
Progress (1): 263/614 kB
Progress (1): 279/614 kB
Progress (1): 296/614 kB
Progress (1): 312/614 kB
Progress (1): 328/614 kB
Progress (1): 345/614 kB
Progress (1): 361/614 kB
Progress (1): 377/614 kB
Progress (1): 394/614 kB
Progress (1): 410/614 kB
Progress (1): 427/614 kB
Progress (1): 443/614 kB
Progress (1): 459/614 kB
Progress (1): 476/614 kB
Progress (1): 492/614 kB
Progress (1): 509/614 kB
Progress (1): 525/614 kB
Progress (1): 541/614 kB
Progress (1): 558/614 kB
Progress (1): 574/614 kB
Progress (1): 590/614 kB
Progress (1): 607/614 kB
Progress (1): 614 kB    
                    
Downloaded from oss.sonatype.org: https://oss.sonatype.org/content/groups/public/org/osgi/org.osgi.compendium/4.2.0/org.osgi.compendium-4.2.0.jar (614 kB at 232 kB/s)
Downloading from oss.sonatype.org: https://oss.sonatype.org/content/groups/public/org/apache/maven/maven-builder-support/3.3.9/maven-builder-support-3.3.9.jar
Progress (1): 7.7/638 kB
Progress (1): 16/638 kB 
Progress (1): 32/638 kB
Progress (1): 49/638 kB
Progress (1): 57/638 kB
Progress (1): 74/638 kB
Progress (1): 90/638 kB
Progress (1): 106/638 kB
Progress (1): 123/638 kB
Progress (1): 139/638 kB
Progress (1): 156/638 kB
Progress (1): 172/638 kB
Progress (1): 188/638 kB
Progress (1): 197/638 kB
Progress (1): 213/638 kB
Progress (1): 229/638 kB
Progress (1): 246/638 kB
Progress (1): 262/638 kB
Progress (1): 279/638 kB
Progress (1): 295/638 kB
Progress (1): 311/638 kB
Progress (1): 328/638 kB
Progress (1): 344/638 kB
Progress (1): 360/638 kB
Progress (1): 377/638 kB
Progress (1): 393/638 kB
Progress (1): 410/638 kB
Progress (1): 426/638 kB
Progress (1): 442/638 kB
Progress (1): 459/638 kB
Progress (1): 475/638 kB
Progress (1): 492/638 kB
Progress (1): 508/638 kB
Progress (1): 524/638 kB
Progress (1): 541/638 kB
Progress (1): 557/638 kB
Progress (1): 573/638 kB
Progress (1): 590/638 kB
Progress (1): 606/638 kB
Progress (1): 623/638 kB
Progress (1): 638 kB    
                    
Downloaded from oss.sonatype.org: https://oss.sonatype.org/content/groups/public/org/apache/maven/maven-core/3.3.9/maven-core-3.3.9.jar (638 kB at 235 kB/s)
Downloading from oss.sonatype.org: https://oss.sonatype.org/content/groups/public/org/apache/maven/maven-repository-metadata/3.3.9/maven-repository-metadata-3.3.9.jar
Progress (1): 7.7/164 kB
Progress (1): 16/164 kB 
Progress (1): 24/164 kB
Progress (1): 40/164 kB
Progress (1): 57/164 kB
Progress (1): 66/164 kB
Progress (1): 82/164 kB
Progress (1): 98/164 kB
Progress (1): 115/164 kB
Progress (1): 131/164 kB
Progress (1): 147/164 kB
Progress (1): 164/164 kB
Progress (1): 164 kB    
                    
Downloaded from oss.sonatype.org: https://oss.sonatype.org/content/groups/public/org/apache/maven/maven-model/3.3.9/maven-model-3.3.9.jar (164 kB at 57 kB/s)
Downloading from oss.sonatype.org: https://oss.sonatype.org/content/groups/public/org/apache/maven/maven-artifact/3.3.9/maven-artifact-3.3.9.jar
Progress (1): 7.7/44 kB
Progress (1): 7.7/44 kB
Progress (1): 24/44 kB 
Progress (1): 40/44 kB
Progress (1): 44 kB   
                   
Downloaded from oss.sonatype.org: https://oss.sonatype.org/content/groups/public/org/apache/maven/maven-settings/3.3.9/maven-settings-3.3.9.jar (44 kB at 15 kB/s)
Downloading from oss.sonatype.org: https://oss.sonatype.org/content/groups/public/org/apache/maven/maven-plugin-api/3.3.9/maven-plugin-api-3.3.9.jar
Progress (1): 7.7/43 kB
Progress (1): 16/43 kB 
Progress (1): 24/43 kB
Progress (1): 40/43 kB
Progress (1): 43 kB   
                   
Downloaded from oss.sonatype.org: https://oss.sonatype.org/content/groups/public/org/apache/maven/maven-settings-builder/3.3.9/maven-settings-builder-3.3.9.jar (43 kB at 13 kB/s)
Downloading from oss.sonatype.org: https://oss.sonatype.org/content/groups/public/org/apache/maven/maven-model-builder/3.3.9/maven-model-builder-3.3.9.jar
Progress (1): 3.2/27 kB
Progress (1): 11/27 kB 
Progress (1): 27 kB   
                   
Downloaded from oss.sonatype.org: https://oss.sonatype.org/content/groups/public/org/apache/maven/maven-repository-metadata/3.3.9/maven-repository-metadata-3.3.9.jar (27 kB at 8.2 kB/s)
Downloading from oss.sonatype.org: https://oss.sonatype.org/content/groups/public/org/apache/maven/maven-aether-provider/3.3.9/maven-aether-provider-3.3.9.jar
Progress (1): 7.7/15 kB
Progress (1): 15 kB    
                   
Downloaded from oss.sonatype.org: https://oss.sonatype.org/content/groups/public/org/apache/maven/maven-builder-support/3.3.9/maven-builder-support-3.3.9.jar (15 kB at 4.5 kB/s)
Downloading from oss.sonatype.org: https://oss.sonatype.org/content/groups/public/org/eclipse/aether/aether-spi/1.0.2.v20150114/aether-spi-1.0.2.v20150114.jar
Progress (1): 7.7/55 kB
Progress (1): 16/55 kB 
Progress (1): 24/55 kB
Progress (1): 40/55 kB
Progress (1): 55 kB   
                   
Downloaded from oss.sonatype.org: https://oss.sonatype.org/content/groups/public/org/apache/maven/maven-artifact/3.3.9/maven-artifact-3.3.9.jar (55 kB at 16 kB/s)
Downloading from oss.sonatype.org: https://oss.sonatype.org/content/groups/public/org/eclipse/aether/aether-impl/1.0.2.v20150114/aether-impl-1.0.2.v20150114.jar
Progress (1): 7.7/47 kB
Progress (1): 16/47 kB 
Progress (1): 24/47 kB
Progress (1): 40/47 kB
Progress (1): 47 kB   
                   
Downloaded from oss.sonatype.org: https://oss.sonatype.org/content/groups/public/org/apache/maven/maven-plugin-api/3.3.9/maven-plugin-api-3.3.9.jar (47 kB at 13 kB/s)
Downloading from oss.sonatype.org: https://oss.sonatype.org/content/groups/public/org/eclipse/aether/aether-api/1.0.2.v20150114/aether-api-1.0.2.v20150114.jar
Progress (1): 7.7/177 kB
Progress (1): 16/177 kB 
Progress (1): 32/177 kB
Progress (1): 49/177 kB
Progress (1): 49/177 kB
Progress (1): 66/177 kB
Progress (1): 82/177 kB
Progress (1): 98/177 kB
Progress (1): 115/177 kB
Progress (1): 131/177 kB
Progress (1): 147/177 kB
Progress (1): 164/177 kB
Progress (1): 177 kB    
                    
Downloaded from oss.sonatype.org: https://oss.sonatype.org/content/groups/public/org/apache/maven/maven-model-builder/3.3.9/maven-model-builder-3.3.9.jar (177 kB at 45 kB/s)
Downloading from oss.sonatype.org: https://oss.sonatype.org/content/groups/public/org/eclipse/aether/aether-util/1.0.2.v20150114/aether-util-1.0.2.v20150114.jar
Progress (1): 7.7/31 kB
Progress (1): 16/31 kB 
Progress (2): 16/31 kB | 7.7/67 kB
Progress (2): 16/31 kB | 7.7/67 kB
Progress (2): 31 kB | 7.7/67 kB   
                               
Downloaded from oss.sonatype.org: https://oss.sonatype.org/content/groups/public/org/eclipse/aether/aether-spi/1.0.2.v20150114/aether-spi-1.0.2.v20150114.jar (31 kB at 7.7 kB/s)
Downloading from oss.sonatype.org: https://oss.sonatype.org/content/groups/public/org/eclipse/sisu/org.eclipse.sisu.plexus/0.3.2/org.eclipse.sisu.plexus-0.3.2.jar
Progress (1): 24/67 kB
Progress (1): 40/67 kB
Progress (1): 41/67 kB
Progress (1): 57/67 kB
Progress (1): 67 kB   
                   
Downloaded from oss.sonatype.org: https://oss.sonatype.org/content/groups/public/org/apache/maven/maven-aether-provider/3.3.9/maven-aether-provider-3.3.9.jar (67 kB at 17 kB/s)
Downloading from oss.sonatype.org: https://oss.sonatype.org/content/groups/public/org/eclipse/sisu/org.eclipse.sisu.inject/0.3.2/org.eclipse.sisu.inject-0.3.2.jar
Progress (1): 7.7/173 kB
Progress (1): 15/173 kB 
Progress (1): 32/173 kB
Progress (1): 48/173 kB
Progress (1): 65/173 kB
Progress (1): 81/173 kB
Progress (1): 97/173 kB
Progress (1): 114/173 kB
Progress (1): 130/173 kB
Progress (1): 147/173 kB
Progress (1): 163/173 kB
Progress (1): 173 kB    
                    
Downloaded from oss.sonatype.org: https://oss.sonatype.org/content/groups/public/org/eclipse/aether/aether-impl/1.0.2.v20150114/aether-impl-1.0.2.v20150114.jar (173 kB at 42 kB/s)
Downloading from oss.sonatype.org: https://oss.sonatype.org/content/groups/public/com/google/inject/guice/4.0/guice-4.0-no_aop.jar
Progress (1): 7.7/136 kB
Progress (1): 16/136 kB 
Progress (1): 32/136 kB
Progress (1): 49/136 kB
Progress (1): 65/136 kB
Progress (1): 81/136 kB
Progress (1): 98/136 kB
Progress (1): 114/136 kB
Progress (1): 131/136 kB
Progress (1): 136 kB    
                    
Downloaded from oss.sonatype.org: https://oss.sonatype.org/content/groups/public/org/eclipse/aether/aether-api/1.0.2.v20150114/aether-api-1.0.2.v20150114.jar (136 kB at 33 kB/s)
Downloading from oss.sonatype.org: https://oss.sonatype.org/content/groups/public/org/codehaus/plexus/plexus-interpolation/1.21/plexus-interpolation-1.21.jar
Progress (1): 7.7/147 kB
Progress (1): 16/147 kB 
Progress (1): 24/147 kB
Progress (1): 40/147 kB
Progress (1): 49/147 kB
Progress (1): 66/147 kB
Progress (1): 82/147 kB
Progress (1): 98/147 kB
Progress (1): 115/147 kB
Progress (1): 131/147 kB
Progress (1): 147 kB    
                    
Downloaded from oss.sonatype.org: https://oss.sonatype.org/content/groups/public/org/eclipse/aether/aether-util/1.0.2.v20150114/aether-util-1.0.2.v20150114.jar (147 kB at 32 kB/s)
Downloading from oss.sonatype.org: https://oss.sonatype.org/content/groups/public/org/codehaus/plexus/plexus-component-annotations/1.6/plexus-component-annotations-1.6.jar
Progress (1): 7.7/205 kB
Progress (1): 16/205 kB 
Progress (1): 32/205 kB
Progress (1): 49/205 kB
Progress (1): 65/205 kB
Progress (1): 81/205 kB
Progress (1): 98/205 kB
Progress (1): 114/205 kB
Progress (1): 122/205 kB
Progress (1): 139/205 kB
Progress (1): 155/205 kB
Progress (1): 172/205 kB
Progress (1): 188/205 kB
Progress (1): 204/205 kB
Progress (1): 205 kB    
                    
Downloaded from oss.sonatype.org: https://oss.sonatype.org/content/groups/public/org/eclipse/sisu/org.eclipse.sisu.plexus/0.3.2/org.eclipse.sisu.plexus-0.3.2.jar (205 kB at 45 kB/s)
Downloading from oss.sonatype.org: https://oss.sonatype.org/content/groups/public/org/apache/commons/commons-lang3/3.4/commons-lang3-3.4.jar
Progress (1): 7.7/378 kB
Progress (1): 16/378 kB 
Progress (1): 32/378 kB
Progress (1): 49/378 kB
Progress (1): 65/378 kB
Progress (1): 81/378 kB
Progress (1): 98/378 kB
Progress (1): 114/378 kB
Progress (1): 122/378 kB
Progress (1): 139/378 kB
Progress (1): 155/378 kB
Progress (1): 172/378 kB
Progress (1): 188/378 kB
Progress (1): 204/378 kB
Progress (1): 221/378 kB
Progress (1): 237/378 kB
Progress (1): 253/378 kB
Progress (1): 270/378 kB
Progress (1): 286/378 kB
Progress (1): 303/378 kB
Progress (1): 319/378 kB
Progress (1): 335/378 kB
Progress (1): 352/378 kB
Progress (1): 368/378 kB
Progress (1): 378 kB    
                    
Downloaded from oss.sonatype.org: https://oss.sonatype.org/content/groups/public/org/eclipse/sisu/org.eclipse.sisu.inject/0.3.2/org.eclipse.sisu.inject-0.3.2.jar (378 kB at 81 kB/s)
Downloading from oss.sonatype.org: https://oss.sonatype.org/content/groups/public/org/apache/maven/maven-compat/3.3.9/maven-compat-3.3.9.jar
Progress (1): 8.2/424 kB
Progress (1): 25/424 kB 
Progress (1): 41/424 kB
Progress (1): 57/424 kB
Progress (1): 74/424 kB
Progress (1): 90/424 kB
Progress (1): 106/424 kB
Progress (1): 123/424 kB
Progress (1): 131/424 kB
Progress (1): 147/424 kB
Progress (1): 164/424 kB
Progress (1): 168/424 kB
Progress (1): 184/424 kB
Progress (1): 200/424 kB
Progress (1): 217/424 kB
Progress (1): 229/424 kB
Progress (1): 246/424 kB
Progress (1): 262/424 kB
Progress (1): 279/424 kB
Progress (1): 295/424 kB
Progress (1): 311/424 kB
Progress (1): 328/424 kB
Progress (1): 344/424 kB
Progress (1): 360/424 kB
Progress (1): 377/424 kB
Progress (1): 393/424 kB
Progress (1): 410/424 kB
Progress (1): 424 kB    
                    
Downloaded from oss.sonatype.org: https://oss.sonatype.org/content/groups/public/com/google/inject/guice/4.0/guice-4.0-no_aop.jar (424 kB at 88 kB/s)
Downloading from oss.sonatype.org: https://oss.sonatype.org/content/groups/public/org/apache/maven/wagon/wagon-provider-api/2.10/wagon-provider-api-2.10.jar
Progress (1): 7.7/62 kB
Progress (1): 16/62 kB 
Progress (1): 32/62 kB
Progress (1): 49/62 kB
Progress (1): 62 kB   
                   
Downloaded from oss.sonatype.org: https://oss.sonatype.org/content/groups/public/org/codehaus/plexus/plexus-interpolation/1.21/plexus-interpolation-1.21.jar (62 kB at 13 kB/s)
Downloading from oss.sonatype.org: https://oss.sonatype.org/content/groups/public/org/apache/maven/reporting/maven-reporting-api/3.0/maven-reporting-api-3.0.jar
Progress (1): 4.3 kB
                    
Downloaded from oss.sonatype.org: https://oss.sonatype.org/content/groups/public/org/codehaus/plexus/plexus-component-annotations/1.6/plexus-component-annotations-1.6.jar (4.3 kB at 827 B/s)
Downloading from oss.sonatype.org: https://oss.sonatype.org/content/groups/public/org/apache/maven/maven-archiver/3.5.2/maven-archiver-3.5.2.jar
Progress (1): 7.7/435 kB
Progress (1): 16/435 kB 
Progress (1): 32/435 kB
Progress (1): 49/435 kB
Progress (1): 65/435 kB
Progress (1): 81/435 kB
Progress (1): 98/435 kB
Progress (1): 114/435 kB
Progress (1): 122/435 kB
Progress (1): 139/435 kB
Progress (1): 155/435 kB
Progress (1): 172/435 kB
Progress (1): 188/435 kB
Progress (1): 197/435 kB
Progress (1): 214/435 kB
Progress (1): 230/435 kB
Progress (1): 246/435 kB
Progress (1): 263/435 kB
Progress (1): 279/435 kB
Progress (1): 296/435 kB
Progress (1): 312/435 kB
Progress (1): 328/435 kB
Progress (1): 345/435 kB
Progress (1): 361/435 kB
Progress (1): 378/435 kB
Progress (1): 394/435 kB
Progress (1): 410/435 kB
Progress (1): 427/435 kB
Progress (1): 435 kB    
                    
Downloaded from oss.sonatype.org: https://oss.sonatype.org/content/groups/public/org/apache/commons/commons-lang3/3.4/commons-lang3-3.4.jar (435 kB at 83 kB/s)
Downloading from oss.sonatype.org: https://oss.sonatype.org/content/groups/public/org/apache/maven/shared/maven-shared-utils/3.3.3/maven-shared-utils-3.3.3.jar
Progress (1): 7.7/54 kB
Progress (1): 7.7/54 kB
Progress (1): 24/54 kB 
Progress (1): 40/54 kB
Progress (1): 54 kB   
                   
Downloaded from oss.sonatype.org: https://oss.sonatype.org/content/groups/public/org/apache/maven/wagon/wagon-provider-api/2.10/wagon-provider-api-2.10.jar (54 kB at 9.9 kB/s)
Downloading from oss.sonatype.org: https://oss.sonatype.org/content/groups/public/org/apache/commons/commons-compress/1.20/commons-compress-1.20.jar
Progress (1): 7.7/290 kB
Progress (1): 16/290 kB 
Progress (1): 32/290 kB
Progress (1): 49/290 kB
Progress (1): 65/290 kB
Progress (1): 81/290 kB
Progress (1): 98/290 kB
Progress (1): 114/290 kB
Progress (1): 131/290 kB
Progress (1): 147/290 kB
Progress (1): 163/290 kB
Progress (1): 180/290 kB
Progress (1): 196/290 kB
Progress (1): 212/290 kB
Progress (1): 229/290 kB
Progress (1): 245/290 kB
Progress (1): 262/290 kB
Progress (1): 278/290 kB
Progress (1): 290 kB    
                    
Downloaded from oss.sonatype.org: https://oss.sonatype.org/content/groups/public/org/apache/maven/maven-compat/3.3.9/maven-compat-3.3.9.jar (290 kB at 53 kB/s)
Downloading from oss.sonatype.org: https://oss.sonatype.org/content/groups/public/org/codehaus/plexus/plexus-archiver/4.2.7/plexus-archiver-4.2.7.jar
Progress (1): 7.7/11 kB
Progress (1): 11 kB    
                   
Downloaded from oss.sonatype.org: https://oss.sonatype.org/content/groups/public/org/apache/maven/reporting/maven-reporting-api/3.0/maven-reporting-api-3.0.jar (11 kB at 2.0 kB/s)
Downloading from oss.sonatype.org: https://oss.sonatype.org/content/groups/public/org/codehaus/plexus/plexus-io/3.2.0/plexus-io-3.2.0.jar
Progress (1): 7.7/26 kB
Progress (1): 16/26 kB 
Progress (1): 26 kB   
                   
Downloaded from oss.sonatype.org: https://oss.sonatype.org/content/groups/public/org/apache/maven/maven-archiver/3.5.2/maven-archiver-3.5.2.jar (26 kB at 4.5 kB/s)
Downloading from oss.sonatype.org: https://oss.sonatype.org/content/groups/public/org/apache/maven/shared/maven-dependency-tree/3.0/maven-dependency-tree-3.0.jar
Progress (1): 7.7/154 kB
Progress (1): 16/154 kB 
Progress (1): 24/154 kB
Progress (1): 40/154 kB
Progress (1): 57/154 kB
Progress (1): 73/154 kB
Progress (1): 90/154 kB
Progress (1): 106/154 kB
Progress (1): 122/154 kB
Progress (1): 139/154 kB
Progress (1): 154 kB    
                    
Downloaded from oss.sonatype.org: https://oss.sonatype.org/content/groups/public/org/apache/maven/shared/maven-shared-utils/3.3.3/maven-shared-utils-3.3.3.jar (154 kB at 26 kB/s)
Downloading from oss.sonatype.org: https://oss.sonatype.org/content/groups/public/org/apache/maven/doxia/doxia-sink-api/1.0/doxia-sink-api-1.0.jar
Progress (1): 7.7/632 kB
Progress (1): 16/632 kB 
Progress (1): 32/632 kB
Progress (1): 49/632 kB
Progress (1): 55/632 kB
Progress (1): 71/632 kB
Progress (1): 88/632 kB
Progress (1): 104/632 kB
Progress (1): 120/632 kB
Progress (1): 137/632 kB
Progress (1): 153/632 kB
Progress (1): 170/632 kB
Progress (1): 186/632 kB
Progress (1): 202/632 kB
Progress (1): 219/632 kB
Progress (1): 233/632 kB
Progress (1): 250/632 kB
Progress (1): 266/632 kB
Progress (1): 282/632 kB
Progress (1): 299/632 kB
Progress (1): 315/632 kB
Progress (1): 328/632 kB
Progress (1): 344/632 kB
Progress (1): 360/632 kB
Progress (1): 377/632 kB
Progress (1): 393/632 kB
Progress (1): 410/632 kB
Progress (1): 426/632 kB
Progress (1): 442/632 kB
Progress (1): 459/632 kB
Progress (1): 475/632 kB
Progress (1): 492/632 kB
Progress (1): 508/632 kB
Progress (1): 524/632 kB
Progress (1): 527/632 kB
Progress (1): 544/632 kB
Progress (1): 560/632 kB
Progress (1): 561/632 kB
Progress (1): 577/632 kB
Progress (1): 594/632 kB
Progress (1): 610/632 kB
Progress (1): 626/632 kB
Progress (1): 632 kB    
                    
Downloaded from oss.sonatype.org: https://oss.sonatype.org/content/groups/public/org/apache/commons/commons-compress/1.20/commons-compress-1.20.jar (632 kB at 104 kB/s)
Downloading from oss.sonatype.org: https://oss.sonatype.org/content/groups/public/org/apache/maven/doxia/doxia-site-renderer/1.0/doxia-site-renderer-1.0.jar
Progress (1): 7.7/195 kB
Progress (1): 16/195 kB 
Progress (1): 32/195 kB
Progress (1): 49/195 kB
Progress (1): 65/195 kB
Progress (1): 81/195 kB
Progress (1): 98/195 kB
Progress (1): 114/195 kB
Progress (1): 131/195 kB
Progress (1): 147/195 kB
Progress (1): 163/195 kB
Progress (1): 180/195 kB
Progress (1): 195 kB    
                    
Downloaded from oss.sonatype.org: https://oss.sonatype.org/content/groups/public/org/codehaus/plexus/plexus-archiver/4.2.7/plexus-archiver-4.2.7.jar (195 kB at 32 kB/s)
Downloading from oss.sonatype.org: https://oss.sonatype.org/content/groups/public/org/apache/maven/doxia/doxia-core/1.0/doxia-core-1.0.jar
Progress (1): 7.7/76 kB
Progress (1): 16/76 kB 
Progress (1): 32/76 kB
Progress (1): 49/76 kB
Progress (1): 65/76 kB
Progress (1): 76 kB   
                   
Downloaded from oss.sonatype.org: https://oss.sonatype.org/content/groups/public/org/codehaus/plexus/plexus-io/3.2.0/plexus-io-3.2.0.jar (76 kB at 12 kB/s)
Downloading from oss.sonatype.org: https://oss.sonatype.org/content/groups/public/org/codehaus/plexus/plexus-i18n/1.0-beta-7/plexus-i18n-1.0-beta-7.jar
Progress (1): 7.7/37 kB
Progress (1): 16/37 kB 
Progress (1): 32/37 kB
Progress (1): 37 kB   
                   
Downloaded from oss.sonatype.org: https://oss.sonatype.org/content/groups/public/org/apache/maven/shared/maven-dependency-tree/3.0/maven-dependency-tree-3.0.jar (37 kB at 5.7 kB/s)
Downloading from oss.sonatype.org: https://oss.sonatype.org/content/groups/public/org/codehaus/plexus/plexus-container-default/1.0-alpha-30/plexus-container-default-1.0-alpha-30.jar
Progress (1): 7.7/10 kB
Progress (1): 10 kB    
                   
Downloaded from oss.sonatype.org: https://oss.sonatype.org/content/groups/public/org/apache/maven/doxia/doxia-sink-api/1.0/doxia-sink-api-1.0.jar (10 kB at 1.5 kB/s)
Downloading from oss.sonatype.org: https://oss.sonatype.org/content/groups/public/junit/junit/3.8.1/junit-3.8.1.jar
Progress (1): 7.7/47 kB
Progress (1): 7.7/47 kB
Progress (1): 24/47 kB 
Progress (1): 25/47 kB
Progress (1): 41/47 kB
Progress (1): 47 kB   
                   
Downloaded from oss.sonatype.org: https://oss.sonatype.org/content/groups/public/org/apache/maven/doxia/doxia-site-renderer/1.0/doxia-site-renderer-1.0.jar (47 kB at 7.0 kB/s)
Downloading from oss.sonatype.org: https://oss.sonatype.org/content/groups/public/org/codehaus/plexus/plexus-velocity/1.1.7/plexus-velocity-1.1.7.jar
Progress (1): 7.7/55 kB
Progress (1): 7.7/55 kB
Progress (1): 24/55 kB 
Progress (1): 40/55 kB
Progress (1): 55 kB   
                   
Downloaded from oss.sonatype.org: https://oss.sonatype.org/content/groups/public/org/apache/maven/doxia/doxia-core/1.0/doxia-core-1.0.jar (55 kB at 8.1 kB/s)
Downloading from oss.sonatype.org: https://oss.sonatype.org/content/groups/public/org/apache/velocity/velocity/1.5/velocity-1.5.jar
Progress (1): 7.7/11 kB
Progress (1): 11 kB    
                   
Downloaded from oss.sonatype.org: https://oss.sonatype.org/content/groups/public/org/codehaus/plexus/plexus-i18n/1.0-beta-7/plexus-i18n-1.0-beta-7.jar (11 kB at 1.5 kB/s)
Downloading from oss.sonatype.org: https://oss.sonatype.org/content/groups/public/commons-lang/commons-lang/2.1/commons-lang-2.1.jar
Progress (1): 7.7/237 kB
Progress (1): 7.7/237 kB
Progress (1): 24/237 kB 
Progress (1): 40/237 kB
Progress (1): 57/237 kB
Progress (1): 73/237 kB
Progress (1): 90/237 kB
Progress (1): 106/237 kB
Progress (1): 122/237 kB
Progress (1): 139/237 kB
Progress (2): 139/237 kB | 7.7/121 kB
Progress (2): 139/237 kB | 16/121 kB 
Progress (2): 139/237 kB | 24/121 kB
Progress (2): 139/237 kB | 40/121 kB
Progress (2): 139/237 kB | 57/121 kB
Progress (2): 139/237 kB | 73/121 kB
Progress (2): 139/237 kB | 90/121 kB
Progress (2): 139/237 kB | 106/121 kB
Progress (2): 139/237 kB | 121 kB    
                                 
Downloaded from oss.sonatype.org: https://oss.sonatype.org/content/groups/public/junit/junit/3.8.1/junit-3.8.1.jar (121 kB at 17 kB/s)
Downloading from oss.sonatype.org: https://oss.sonatype.org/content/groups/public/org/apache/maven/doxia/doxia-decoration-model/1.0/doxia-decoration-model-1.0.jar
Progress (1): 155/237 kB
Progress (1): 172/237 kB
Progress (1): 188/237 kB
Progress (1): 197/237 kB
Progress (1): 213/237 kB
Progress (1): 229/237 kB
Progress (1): 237 kB    
                    
Downloaded from oss.sonatype.org: https://oss.sonatype.org/content/groups/public/org/codehaus/plexus/plexus-container-default/1.0-alpha-30/plexus-container-default-1.0-alpha-30.jar (237 kB at 33 kB/s)
Downloading from oss.sonatype.org: https://oss.sonatype.org/content/groups/public/commons-collections/commons-collections/3.2/commons-collections-3.2.jar
Progress (1): 7.7 kB
                    
Downloaded from oss.sonatype.org: https://oss.sonatype.org/content/groups/public/org/codehaus/plexus/plexus-velocity/1.1.7/plexus-velocity-1.1.7.jar (7.7 kB at 1.1 kB/s)
Downloading from oss.sonatype.org: https://oss.sonatype.org/content/groups/public/org/apache/maven/doxia/doxia-module-apt/1.0/doxia-module-apt-1.0.jar
Progress (1): 8.2/392 kB
Progress (1): 25/392 kB 
Progress (1): 41/392 kB
Progress (1): 57/392 kB
Progress (1): 74/392 kB
Progress (1): 90/392 kB
Progress (1): 106/392 kB
Progress (1): 123/392 kB
Progress (1): 139/392 kB
Progress (1): 156/392 kB
Progress (1): 172/392 kB
Progress (1): 188/392 kB
Progress (1): 205/392 kB
Progress (1): 221/392 kB
Progress (1): 238/392 kB
Progress (1): 254/392 kB
Progress (1): 270/392 kB
Progress (1): 287/392 kB
Progress (1): 303/392 kB
Progress (1): 319/392 kB
Progress (1): 336/392 kB
Progress (1): 352/392 kB
Progress (1): 369/392 kB
Progress (1): 385/392 kB
Progress (1): 392 kB    
                    
Downloaded from oss.sonatype.org: https://oss.sonatype.org/content/groups/public/org/apache/velocity/velocity/1.5/velocity-1.5.jar (392 kB at 53 kB/s)
Downloading from oss.sonatype.org: https://oss.sonatype.org/content/groups/public/org/apache/maven/doxia/doxia-module-fml/1.0/doxia-module-fml-1.0.jar
Progress (1): 7.7/208 kB
Progress (1): 16/208 kB 
Progress (1): 32/208 kB
Progress (1): 49/208 kB
Progress (1): 57/208 kB
Progress (1): 73/208 kB
Progress (1): 90/208 kB
Progress (1): 106/208 kB
Progress (1): 122/208 kB
Progress (1): 139/208 kB
Progress (1): 155/208 kB
Progress (1): 172/208 kB
Progress (1): 188/208 kB
Progress (1): 204/208 kB
Progress (1): 208 kB    
                    
Downloaded from oss.sonatype.org: https://oss.sonatype.org/content/groups/public/commons-lang/commons-lang/2.1/commons-lang-2.1.jar (208 kB at 28 kB/s)
Downloading from oss.sonatype.org: https://oss.sonatype.org/content/groups/public/org/apache/maven/doxia/doxia-module-xdoc/1.0/doxia-module-xdoc-1.0.jar
Progress (1): 7.7/49 kB
Progress (1): 16/49 kB 
Progress (1): 32/49 kB
Progress (1): 49/49 kB
Progress (1): 49 kB   
                   
Downloaded from oss.sonatype.org: https://oss.sonatype.org/content/groups/public/org/apache/maven/doxia/doxia-decoration-model/1.0/doxia-decoration-model-1.0.jar (49 kB at 6.2 kB/s)
Downloading from oss.sonatype.org: https://oss.sonatype.org/content/groups/public/org/apache/maven/doxia/doxia-module-xhtml/1.0/doxia-module-xhtml-1.0.jar
Progress (1): 7.7/571 kB
Progress (1): 16/571 kB 
Progress (1): 24/571 kB
Progress (1): 40/571 kB
Progress (1): 57/571 kB
Progress (1): 73/571 kB
Progress (1): 90/571 kB
Progress (1): 106/571 kB
Progress (1): 122/571 kB
Progress (1): 131/571 kB
Progress (1): 147/571 kB
Progress (1): 164/571 kB
Progress (1): 180/571 kB
Progress (1): 197/571 kB
Progress (1): 213/571 kB
Progress (1): 229/571 kB
Progress (1): 246/571 kB
Progress (1): 262/571 kB
Progress (1): 279/571 kB
Progress (1): 295/571 kB
Progress (1): 311/571 kB
Progress (1): 328/571 kB
Progress (1): 344/571 kB
Progress (1): 352/571 kB
Progress (1): 360/571 kB
Progress (1): 377/571 kB
Progress (1): 393/571 kB
Progress (1): 410/571 kB
Progress (1): 426/571 kB
Progress (1): 442/571 kB
Progress (1): 459/571 kB
Progress (1): 475/571 kB
Progress (1): 492/571 kB
Progress (1): 508/571 kB
Progress (1): 524/571 kB
Progress (1): 541/571 kB
Progress (1): 557/571 kB
Progress (1): 571 kB    
                    
Downloaded from oss.sonatype.org: https://oss.sonatype.org/content/groups/public/commons-collections/commons-collections/3.2/commons-collections-3.2.jar (571 kB at 72 kB/s)
Downloading from oss.sonatype.org: https://oss.sonatype.org/content/groups/public/org/jdom/jdom/1.1/jdom-1.1.jar
Progress (1): 7.7/47 kB
Progress (1): 7.7/47 kB
Progress (1): 24/47 kB 
Progress (1): 40/47 kB
Progress (1): 47 kB   
                   
Downloaded from oss.sonatype.org: https://oss.sonatype.org/content/groups/public/org/apache/maven/doxia/doxia-module-apt/1.0/doxia-module-apt-1.0.jar (47 kB at 5.9 kB/s)
Progress (1): 7.7/19 kB
Progress (1): 8.2/19 kB
Progress (1): 19 kB    
                   
Downloaded from oss.sonatype.org: https://oss.sonatype.org/content/groups/public/org/apache/maven/doxia/doxia-module-fml/1.0/doxia-module-fml-1.0.jar (19 kB at 2.3 kB/s)
Progress (1): 7.7/28 kB
Progress (1): 16/28 kB 
Progress (1): 28 kB   
                   
Downloaded from oss.sonatype.org: https://oss.sonatype.org/content/groups/public/org/apache/maven/doxia/doxia-module-xdoc/1.0/doxia-module-xdoc-1.0.jar (28 kB at 3.4 kB/s)
Progress (1): 7.7/22 kB
Progress (1): 7.7/22 kB
Progress (1): 22 kB    
                   
Downloaded from oss.sonatype.org: https://oss.sonatype.org/content/groups/public/org/apache/maven/doxia/doxia-module-xhtml/1.0/doxia-module-xhtml-1.0.jar (22 kB at 2.6 kB/s)
Progress (1): 7.7/153 kB
Progress (1): 16/153 kB 
Progress (1): 32/153 kB
Progress (1): 49/153 kB
Progress (1): 65/153 kB
Progress (1): 81/153 kB
Progress (1): 98/153 kB
Progress (1): 98/153 kB
Progress (1): 115/153 kB
Progress (1): 131/153 kB
Progress (1): 147/153 kB
Progress (1): 153 kB    
                    
Downloaded from oss.sonatype.org: https://oss.sonatype.org/content/groups/public/org/jdom/jdom/1.1/jdom-1.1.jar (153 kB at 18 kB/s)
Downloading from central: https://repo.maven.apache.org/maven2/org/junit/junit-bom/5.6.2/junit-bom-5.6.2.pom
Progress (1): 916 B
Progress (1): 2.3 kB
Progress (1): 4.9 kB
                    
Downloaded from central: https://repo.maven.apache.org/maven2/org/junit/junit-bom/5.6.2/junit-bom-5.6.2.pom (4.9 kB at 23 kB/s)
Downloading from oss.sonatype.org: https://oss.sonatype.org/content/groups/public/org/apache/felix/maven-bundle-plugin/5.1.1/maven-bundle-plugin-5.1.1.pom
Progress (1): 788 B
Progress (1): 2.0 kB
Progress (1): 4.5 kB
Progress (1): 7.9 kB
Progress (1): 10 kB 
Progress (1): 11 kB
                   
Downloaded from oss.sonatype.org: https://oss.sonatype.org/content/groups/public/org/apache/felix/maven-bundle-plugin/5.1.1/maven-bundle-plugin-5.1.1.pom (11 kB at 18 kB/s)
Downloading from oss.sonatype.org: https://oss.sonatype.org/content/groups/public/org/apache/felix/felix-parent/6/felix-parent-6.pom
Progress (1): 781 B
Progress (1): 2.1 kB
Progress (1): 4.3 kB
Progress (1): 8.2 kB
Progress (1): 12 kB 
Progress (1): 15 kB
Progress (1): 22 kB
                   
Downloaded from oss.sonatype.org: https://oss.sonatype.org/content/groups/public/org/apache/felix/felix-parent/6/felix-parent-6.pom (22 kB at 34 kB/s)
Downloading from oss.sonatype.org: https://oss.sonatype.org/content/groups/public/biz/aQute/bnd/biz.aQute.bndlib/5.1.1/biz.aQute.bndlib-5.1.1.pom
Progress (1): 1.1 kB
Progress (1): 4.1 kB
                    
Downloaded from oss.sonatype.org: https://oss.sonatype.org/content/groups/public/biz/aQute/bnd/biz.aQute.bndlib/5.1.1/biz.aQute.bndlib-5.1.1.pom (4.1 kB at 6.7 kB/s)
Downloading from oss.sonatype.org: https://oss.sonatype.org/content/groups/public/org/apache/maven/maven-archiver/3.5.0/maven-archiver-3.5.0.pom
Progress (1): 799 B
Progress (1): 2.2 kB
Progress (1): 4.5 kB
                    
Downloaded from oss.sonatype.org: https://oss.sonatype.org/content/groups/public/org/apache/maven/maven-archiver/3.5.0/maven-archiver-3.5.0.pom (4.5 kB at 7.1 kB/s)
Downloading from oss.sonatype.org: https://oss.sonatype.org/content/groups/public/org/codehaus/plexus/plexus-archiver/4.2.0/plexus-archiver-4.2.0.pom
Progress (1): 1.3 kB
Progress (1): 3.7 kB
Progress (1): 4.8 kB
                    
Downloaded from oss.sonatype.org: https://oss.sonatype.org/content/groups/public/org/codehaus/plexus/plexus-archiver/4.2.0/plexus-archiver-4.2.0.pom (4.8 kB at 7.5 kB/s)
Downloading from oss.sonatype.org: https://oss.sonatype.org/content/groups/public/org/apache/commons/commons-compress/1.19/commons-compress-1.19.pom
Progress (1): 781 B
Progress (1): 2.0 kB
Progress (1): 3.6 kB
Progress (1): 6.8 kB
Progress (1): 7.7 kB
Progress (1): 9.6 kB
Progress (1): 13 kB 
Progress (1): 16 kB
Progress (1): 18 kB
                   
Downloaded from oss.sonatype.org: https://oss.sonatype.org/content/groups/public/org/apache/commons/commons-compress/1.19/commons-compress-1.19.pom (18 kB at 27 kB/s)
Downloading from oss.sonatype.org: https://oss.sonatype.org/content/groups/public/org/tukaani/xz/1.8/xz-1.8.pom
Progress (1): 1.1 kB
Progress (1): 1.9 kB
                    
Downloaded from oss.sonatype.org: https://oss.sonatype.org/content/groups/public/org/tukaani/xz/1.8/xz-1.8.pom (1.9 kB at 3.1 kB/s)
Downloading from oss.sonatype.org: https://oss.sonatype.org/content/groups/public/org/codehaus/plexus/plexus-interpolation/1.25/plexus-interpolation-1.25.pom
Progress (1): 1.4 kB
Progress (1): 2.6 kB
                    
Downloaded from oss.sonatype.org: https://oss.sonatype.org/content/groups/public/org/codehaus/plexus/plexus-interpolation/1.25/plexus-interpolation-1.25.pom (2.6 kB at 4.1 kB/s)
Downloading from oss.sonatype.org: https://oss.sonatype.org/content/groups/public/org/apache/felix/maven-bundle-plugin/5.1.1/maven-bundle-plugin-5.1.1.jar
Progress (1): 7.7/213 kB
Progress (1): 16/213 kB 
Progress (1): 32/213 kB
Progress (1): 49/213 kB
Progress (1): 57/213 kB
Progress (1): 73/213 kB
Progress (1): 90/213 kB
Progress (1): 106/213 kB
Progress (1): 122/213 kB
Progress (1): 139/213 kB
Progress (1): 155/213 kB
Progress (1): 172/213 kB
Progress (1): 188/213 kB
Progress (1): 204/213 kB
Progress (1): 213 kB    
                    
Downloaded from oss.sonatype.org: https://oss.sonatype.org/content/groups/public/org/apache/felix/maven-bundle-plugin/5.1.1/maven-bundle-plugin-5.1.1.jar (213 kB at 345 kB/s)
Downloading from oss.sonatype.org: https://oss.sonatype.org/content/groups/public/biz/aQute/bnd/biz.aQute.bndlib/5.1.1/biz.aQute.bndlib-5.1.1.jar
Downloading from oss.sonatype.org: https://oss.sonatype.org/content/groups/public/org/apache/maven/maven-archiver/3.5.0/maven-archiver-3.5.0.jar
Downloading from oss.sonatype.org: https://oss.sonatype.org/content/groups/public/org/codehaus/plexus/plexus-archiver/4.2.0/plexus-archiver-4.2.0.jar
Downloading from oss.sonatype.org: https://oss.sonatype.org/content/groups/public/org/apache/commons/commons-compress/1.19/commons-compress-1.19.jar
Downloading from oss.sonatype.org: https://oss.sonatype.org/content/groups/public/org/tukaani/xz/1.8/xz-1.8.jar
Progress (1): 7.7/109 kB
Progress (1): 16/109 kB 
Progress (1): 24/109 kB
Progress (1): 40/109 kB
Progress (1): 57/109 kB
Progress (1): 73/109 kB
Progress (1): 90/109 kB
Progress (1): 106/109 kB
Progress (1): 109 kB    
                    
Downloaded from oss.sonatype.org: https://oss.sonatype.org/content/groups/public/org/tukaani/xz/1.8/xz-1.8.jar (109 kB at 179 kB/s)
Progress (1): 7.7/196 kB
Progress (1): 16/196 kB 
Progress (1): 32/196 kB
Progress (1): 49/196 kB
Progress (1): 65/196 kB
Progress (1): 81/196 kB
Progress (1): 98/196 kB
Progress (1): 114/196 kB
Progress (1): 131/196 kB
Progress (1): 147/196 kB
Progress (1): 163/196 kB
Progress (1): 180/196 kB
Progress (1): 196/196 kB
Progress (1): 196 kB    
                    
Downloaded from oss.sonatype.org: https://oss.sonatype.org/content/groups/public/org/codehaus/plexus/plexus-archiver/4.2.0/plexus-archiver-4.2.0.jar (196 kB at 309 kB/s)
Progress (1): 7.7/26 kB
Progress (1): 16/26 kB 
Progress (1): 24/26 kB
Progress (1): 26 kB   
                   
Downloaded from oss.sonatype.org: https://oss.sonatype.org/content/groups/public/org/apache/maven/maven-archiver/3.5.0/maven-archiver-3.5.0.jar (26 kB at 38 kB/s)
Progress (1): 7.7/615 kB
Progress (1): 16/615 kB 
Progress (1): 32/615 kB
Progress (1): 49/615 kB
Progress (1): 57/615 kB
Progress (1): 73/615 kB
Progress (1): 90/615 kB
Progress (1): 106/615 kB
Progress (1): 122/615 kB
Progress (1): 139/615 kB
Progress (1): 155/615 kB
Progress (1): 172/615 kB
Progress (1): 188/615 kB
Progress (1): 204/615 kB
Progress (1): 221/615 kB
Progress (1): 237/615 kB
Progress (1): 253/615 kB
Progress (1): 270/615 kB
Progress (1): 286/615 kB
Progress (1): 303/615 kB
Progress (1): 319/615 kB
Progress (1): 335/615 kB
Progress (1): 352/615 kB
Progress (1): 368/615 kB
Progress (1): 385/615 kB
Progress (1): 401/615 kB
Progress (1): 417/615 kB
Progress (1): 434/615 kB
Progress (1): 450/615 kB
Progress (1): 466/615 kB
Progress (1): 483/615 kB
Progress (1): 499/615 kB
Progress (1): 516/615 kB
Progress (1): 532/615 kB
Progress (1): 548/615 kB
Progress (1): 565/615 kB
Progress (1): 581/615 kB
Progress (1): 598/615 kB
Progress (1): 614/615 kB
Progress (1): 615 kB    
                    
Downloaded from oss.sonatype.org: https://oss.sonatype.org/content/groups/public/org/apache/commons/commons-compress/1.19/commons-compress-1.19.jar (615 kB at 742 kB/s)
Progress (1): 0/3.7 MB
Progress (1): 0/3.7 MB
Progress (1): 0/3.7 MB
Progress (1): 0/3.7 MB
Progress (1): 0.1/3.7 MB
Progress (1): 0.1/3.7 MB
Progress (1): 0.1/3.7 MB
Progress (1): 0.1/3.7 MB
Progress (1): 0.1/3.7 MB
Progress (1): 0.1/3.7 MB
Progress (1): 0.2/3.7 MB
Progress (1): 0.2/3.7 MB
Progress (1): 0.2/3.7 MB
Progress (1): 0.2/3.7 MB
Progress (1): 0.2/3.7 MB
Progress (1): 0.2/3.7 MB
Progress (1): 0.3/3.7 MB
Progress (1): 0.3/3.7 MB
Progress (1): 0.3/3.7 MB
Progress (1): 0.3/3.7 MB
Progress (1): 0.3/3.7 MB
Progress (1): 0.3/3.7 MB
Progress (1): 0.4/3.7 MB
Progress (1): 0.4/3.7 MB
Progress (1): 0.4/3.7 MB
Progress (1): 0.4/3.7 MB
Progress (1): 0.4/3.7 MB
Progress (1): 0.4/3.7 MB
Progress (1): 0.5/3.7 MB
Progress (1): 0.5/3.7 MB
Progress (1): 0.5/3.7 MB
Progress (1): 0.5/3.7 MB
Progress (1): 0.5/3.7 MB
Progress (1): 0.5/3.7 MB
Progress (1): 0.6/3.7 MB
Progress (1): 0.6/3.7 MB
Progress (1): 0.6/3.7 MB
Progress (1): 0.6/3.7 MB
Progress (1): 0.6/3.7 MB
Progress (1): 0.6/3.7 MB
Progress (1): 0.7/3.7 MB
Progress (1): 0.7/3.7 MB
Progress (1): 0.7/3.7 MB
Progress (1): 0.7/3.7 MB
Progress (1): 0.7/3.7 MB
Progress (1): 0.7/3.7 MB
Progress (1): 0.8/3.7 MB
Progress (1): 0.8/3.7 MB
Progress (1): 0.8/3.7 MB
Progress (1): 0.8/3.7 MB
Progress (1): 0.8/3.7 MB
Progress (1): 0.8/3.7 MB
Progress (1): 0.8/3.7 MB
Progress (1): 0.9/3.7 MB
Progress (1): 0.9/3.7 MB
Progress (1): 0.9/3.7 MB
Progress (1): 0.9/3.7 MB
Progress (1): 0.9/3.7 MB
Progress (1): 0.9/3.7 MB
Progress (1): 1.0/3.7 MB
Progress (1): 1.0/3.7 MB
Progress (1): 1.0/3.7 MB
Progress (1): 1.0/3.7 MB
Progress (1): 1.0/3.7 MB
Progress (1): 1.0/3.7 MB
Progress (1): 1.1/3.7 MB
Progress (1): 1.1/3.7 MB
Progress (1): 1.1/3.7 MB
Progress (1): 1.1/3.7 MB
Progress (1): 1.1/3.7 MB
Progress (1): 1.1/3.7 MB
Progress (1): 1.2/3.7 MB
Progress (1): 1.2/3.7 MB
Progress (1): 1.2/3.7 MB
Progress (1): 1.2/3.7 MB
Progress (1): 1.2/3.7 MB
Progress (1): 1.2/3.7 MB
Progress (1): 1.3/3.7 MB
Progress (1): 1.3/3.7 MB
Progress (1): 1.3/3.7 MB
Progress (1): 1.3/3.7 MB
Progress (1): 1.3/3.7 MB
Progress (1): 1.3/3.7 MB
Progress (1): 1.4/3.7 MB
Progress (1): 1.4/3.7 MB
Progress (1): 1.4/3.7 MB
Progress (1): 1.4/3.7 MB
Progress (1): 1.4/3.7 MB
Progress (1): 1.4/3.7 MB
Progress (1): 1.5/3.7 MB
Progress (1): 1.5/3.7 MB
Progress (1): 1.5/3.7 MB
Progress (1): 1.5/3.7 MB
Progress (1): 1.5/3.7 MB
Progress (1): 1.5/3.7 MB
Progress (1): 1.6/3.7 MB
Progress (1): 1.6/3.7 MB
Progress (1): 1.6/3.7 MB
Progress (1): 1.6/3.7 MB
Progress (1): 1.6/3.7 MB
Progress (1): 1.6/3.7 MB
Progress (1): 1.7/3.7 MB
Progress (1): 1.7/3.7 MB
Progress (1): 1.7/3.7 MB
Progress (1): 1.7/3.7 MB
Progress (1): 1.7/3.7 MB
Progress (1): 1.7/3.7 MB
Progress (1): 1.8/3.7 MB
Progress (1): 1.8/3.7 MB
Progress (1): 1.8/3.7 MB
Progress (1): 1.8/3.7 MB
Progress (1): 1.8/3.7 MB
Progress (1): 1.8/3.7 MB
Progress (1): 1.8/3.7 MB
Progress (1): 1.9/3.7 MB
Progress (1): 1.9/3.7 MB
Progress (1): 1.9/3.7 MB
Progress (1): 1.9/3.7 MB
Progress (1): 1.9/3.7 MB
Progress (1): 1.9/3.7 MB
Progress (1): 2.0/3.7 MB
Progress (1): 2.0/3.7 MB
Progress (1): 2.0/3.7 MB
Progress (1): 2.0/3.7 MB
Progress (1): 2.0/3.7 MB
Progress (1): 2.0/3.7 MB
Progress (1): 2.1/3.7 MB
Progress (1): 2.1/3.7 MB
Progress (1): 2.1/3.7 MB
Progress (1): 2.1/3.7 MB
Progress (1): 2.1/3.7 MB
Progress (1): 2.1/3.7 MB
Progress (1): 2.2/3.7 MB
Progress (1): 2.2/3.7 MB
Progress (1): 2.2/3.7 MB
Progress (1): 2.2/3.7 MB
Progress (1): 2.2/3.7 MB
Progress (1): 2.2/3.7 MB
Progress (1): 2.3/3.7 MB
Progress (1): 2.3/3.7 MB
Progress (1): 2.3/3.7 MB
Progress (1): 2.3/3.7 MB
Progress (1): 2.3/3.7 MB
Progress (1): 2.3/3.7 MB
Progress (1): 2.4/3.7 MB
Progress (1): 2.4/3.7 MB
Progress (1): 2.4/3.7 MB
Progress (1): 2.4/3.7 MB
Progress (1): 2.4/3.7 MB
Progress (1): 2.4/3.7 MB
Progress (1): 2.5/3.7 MB
Progress (1): 2.5/3.7 MB
Progress (1): 2.5/3.7 MB
Progress (1): 2.5/3.7 MB
Progress (1): 2.5/3.7 MB
Progress (1): 2.5/3.7 MB
Progress (1): 2.6/3.7 MB
Progress (1): 2.6/3.7 MB
Progress (1): 2.6/3.7 MB
Progress (1): 2.6/3.7 MB
Progress (1): 2.6/3.7 MB
Progress (1): 2.6/3.7 MB
Progress (1): 2.6/3.7 MB
Progress (1): 2.7/3.7 MB
Progress (1): 2.7/3.7 MB
Progress (1): 2.7/3.7 MB
Progress (1): 2.7/3.7 MB
Progress (1): 2.7/3.7 MB
Progress (1): 2.7/3.7 MB
Progress (1): 2.7/3.7 MB
Progress (1): 2.8/3.7 MB
Progress (1): 2.8/3.7 MB
Progress (1): 2.8/3.7 MB
Progress (1): 2.8/3.7 MB
Progress (1): 2.8/3.7 MB
Progress (1): 2.8/3.7 MB
Progress (1): 2.9/3.7 MB
Progress (1): 2.9/3.7 MB
Progress (1): 2.9/3.7 MB
Progress (1): 2.9/3.7 MB
Progress (1): 2.9/3.7 MB
Progress (1): 2.9/3.7 MB
Progress (1): 3.0/3.7 MB
Progress (1): 3.0/3.7 MB
Progress (1): 3.0/3.7 MB
Progress (1): 3.0/3.7 MB
Progress (1): 3.0/3.7 MB
Progress (1): 3.0/3.7 MB
Progress (1): 3.1/3.7 MB
Progress (1): 3.1/3.7 MB
Progress (1): 3.1/3.7 MB
Progress (1): 3.1/3.7 MB
Progress (1): 3.1/3.7 MB
Progress (1): 3.1/3.7 MB
Progress (1): 3.2/3.7 MB
Progress (1): 3.2/3.7 MB
Progress (1): 3.2/3.7 MB
Progress (1): 3.2/3.7 MB
Progress (1): 3.2/3.7 MB
Progress (1): 3.2/3.7 MB
Progress (1): 3.3/3.7 MB
Progress (1): 3.3/3.7 MB
Progress (1): 3.3/3.7 MB
Progress (1): 3.3/3.7 MB
Progress (1): 3.3/3.7 MB
Progress (1): 3.3/3.7 MB
Progress (1): 3.4/3.7 MB
Progress (1): 3.4/3.7 MB
Progress (1): 3.4/3.7 MB
Progress (1): 3.4/3.7 MB
Progress (1): 3.4/3.7 MB
Progress (1): 3.4/3.7 MB
Progress (1): 3.5/3.7 MB
Progress (1): 3.5/3.7 MB
Progress (1): 3.5/3.7 MB
Progress (1): 3.5/3.7 MB
Progress (1): 3.5/3.7 MB
Progress (1): 3.5/3.7 MB
Progress (1): 3.5/3.7 MB
Progress (1): 3.6/3.7 MB
Progress (1): 3.6/3.7 MB
Progress (1): 3.6/3.7 MB
Progress (1): 3.6/3.7 MB
Progress (1): 3.6/3.7 MB
Progress (1): 3.6/3.7 MB
Progress (1): 3.7 MB    
                    
Downloaded from oss.sonatype.org: https://oss.sonatype.org/content/groups/public/biz/aQute/bnd/biz.aQute.bndlib/5.1.1/biz.aQute.bndlib-5.1.1.jar (3.7 MB at 2.2 MB/s)
Downloading from oss.sonatype.org: https://oss.sonatype.org/content/groups/public/org/apache/maven/plugins/maven-install-plugin/3.1.3/maven-install-plugin-3.1.3.pom
Progress (1): 792 B
Progress (1): 2.2 kB
Progress (1): 5.0 kB
Progress (1): 8.1 kB
Progress (1): 8.1 kB
                    
Downloaded from oss.sonatype.org: https://oss.sonatype.org/content/groups/public/org/apache/maven/plugins/maven-install-plugin/3.1.3/maven-install-plugin-3.1.3.pom (8.1 kB at 12 kB/s)
Downloading from oss.sonatype.org: https://oss.sonatype.org/content/groups/public/org/apache/maven/plugins/maven-plugins/43/maven-plugins-43.pom
Progress (1): 773 B
Progress (1): 2.3 kB
Progress (1): 5.1 kB
Progress (1): 7.5 kB
                    
Downloaded from oss.sonatype.org: https://oss.sonatype.org/content/groups/public/org/apache/maven/plugins/maven-plugins/43/maven-plugins-43.pom (7.5 kB at 11 kB/s)
Downloading from oss.sonatype.org: https://oss.sonatype.org/content/groups/public/org/apache/maven/maven-parent/43/maven-parent-43.pom
Progress (1): 720 B
Progress (1): 1.9 kB
Progress (1): 5.5 kB
Progress (1): 9.9 kB
Progress (1): 14 kB 
Progress (1): 19 kB
Progress (1): 23 kB
Progress (1): 26 kB
Progress (1): 28 kB
Progress (1): 31 kB
Progress (1): 34 kB
Progress (1): 38 kB
Progress (1): 41 kB
Progress (1): 43 kB
Progress (1): 48 kB
Progress (1): 48 kB
Progress (1): 50 kB
                   
Downloaded from oss.sonatype.org: https://oss.sonatype.org/content/groups/public/org/apache/maven/maven-parent/43/maven-parent-43.pom (50 kB at 74 kB/s)
Downloading from oss.sonatype.org: https://oss.sonatype.org/content/groups/public/org/apache/apache/33/apache-33.pom
Progress (1): 741 B
Progress (1): 2.1 kB
Progress (1): 4.0 kB
Progress (1): 6.0 kB
Progress (1): 10 kB 
Progress (1): 16 kB
Progress (1): 19 kB
Progress (1): 22 kB
Progress (1): 24 kB
                   
Downloaded from oss.sonatype.org: https://oss.sonatype.org/content/groups/public/org/apache/apache/33/apache-33.pom (24 kB at 36 kB/s)
Downloading from oss.sonatype.org: https://oss.sonatype.org/content/groups/public/org/junit/junit-bom/5.10.3/junit-bom-5.10.3.pom
Progress (1): 908 B
Progress (1): 4.1 kB
Progress (1): 5.6 kB
                    
Downloaded from oss.sonatype.org: https://oss.sonatype.org/content/groups/public/org/junit/junit-bom/5.10.3/junit-bom-5.10.3.pom (5.6 kB at 8.5 kB/s)
Downloading from oss.sonatype.org: https://oss.sonatype.org/content/groups/public/org/apache/maven/plugins/maven-install-plugin/3.1.3/maven-install-plugin-3.1.3.jar
Progress (1): 7.7/33 kB
Progress (1): 16/33 kB 
Progress (1): 32/33 kB
Progress (1): 33 kB   
                   
Downloaded from oss.sonatype.org: https://oss.sonatype.org/content/groups/public/org/apache/maven/plugins/maven-install-plugin/3.1.3/maven-install-plugin-3.1.3.jar (33 kB at 48 kB/s)
[INFO] 
[INFO] ----------------------< com.jcabi:jcabi-aspects >-----------------------
[INFO] Building jcabi-aspects 0.24.1
[INFO]   from pom.xml
[INFO] -------------------------------[ bundle ]-------------------------------
[WARNING] Parameter 'createChecksum' is unknown for plugin 'maven-install-plugin:3.1.3:install-file (default-cli)'
[INFO] 
[INFO] --- install:3.1.3:install-file (default-cli) @ jcabi-aspects ---
Downloading from oss.sonatype.org: https://oss.sonatype.org/content/groups/public/org/apache/maven/resolver/maven-resolver-util/1.9.18/maven-resolver-util-1.9.18.pom
Progress (1): 830 B
Progress (1): 2.7 kB
Progress (1): 2.9 kB
                    
Downloaded from oss.sonatype.org: https://oss.sonatype.org/content/groups/public/org/apache/maven/resolver/maven-resolver-util/1.9.18/maven-resolver-util-1.9.18.pom (2.9 kB at 3.5 kB/s)
Downloading from oss.sonatype.org: https://oss.sonatype.org/content/groups/public/org/apache/maven/resolver/maven-resolver/1.9.18/maven-resolver-1.9.18.pom
Progress (1): 796 B
Progress (1): 2.5 kB
Progress (1): 4.1 kB
Progress (1): 7.7 kB
Progress (1): 10 kB 
Progress (1): 14 kB
Progress (1): 18 kB
Progress (1): 21 kB
Progress (1): 22 kB
                   
Downloaded from oss.sonatype.org: https://oss.sonatype.org/content/groups/public/org/apache/maven/resolver/maven-resolver/1.9.18/maven-resolver-1.9.18.pom (22 kB at 28 kB/s)
Downloading from oss.sonatype.org: https://oss.sonatype.org/content/groups/public/org/apache/maven/resolver/maven-resolver-api/1.9.18/maven-resolver-api-1.9.18.pom
Progress (1): 831 B
Progress (1): 2.6 kB
Progress (1): 2.7 kB
                    
Downloaded from oss.sonatype.org: https://oss.sonatype.org/content/groups/public/org/apache/maven/resolver/maven-resolver-api/1.9.18/maven-resolver-api-1.9.18.pom (2.7 kB at 4.0 kB/s)
Downloading from oss.sonatype.org: https://oss.sonatype.org/content/groups/public/org/codehaus/plexus/plexus-xml/3.0.1/plexus-xml-3.0.1.pom
Progress (1): 814 B
Progress (1): 2.6 kB
Progress (1): 3.7 kB
                    
Downloaded from oss.sonatype.org: https://oss.sonatype.org/content/groups/public/org/codehaus/plexus/plexus-xml/3.0.1/plexus-xml-3.0.1.pom (3.7 kB at 4.5 kB/s)
Downloading from oss.sonatype.org: https://oss.sonatype.org/content/groups/public/org/codehaus/plexus/plexus/18/plexus-18.pom
Progress (1): 692 B
Progress (1): 2.5 kB
Progress (1): 6.4 kB
Progress (1): 8.9 kB
Progress (1): 10 kB 
Progress (1): 14 kB
Progress (1): 18 kB
Progress (1): 21 kB
Progress (1): 25 kB
Progress (1): 29 kB
Progress (1): 29 kB
                   
Downloaded from oss.sonatype.org: https://oss.sonatype.org/content/groups/public/org/codehaus/plexus/plexus/18/plexus-18.pom (29 kB at 43 kB/s)
Downloading from oss.sonatype.org: https://oss.sonatype.org/content/groups/public/org/apache/maven/resolver/maven-resolver-util/1.9.18/maven-resolver-util-1.9.18.jar
Progress (1): 7.7/196 kB
Progress (1): 16/196 kB 
Progress (1): 32/196 kB
Progress (1): 49/196 kB
Progress (1): 65/196 kB
Progress (1): 81/196 kB
Progress (1): 98/196 kB
Progress (1): 114/196 kB
Progress (1): 122/196 kB
Progress (1): 139/196 kB
Progress (1): 155/196 kB
Progress (1): 172/196 kB
Progress (1): 188/196 kB
Progress (1): 196 kB    
                    
Downloaded from oss.sonatype.org: https://oss.sonatype.org/content/groups/public/org/apache/maven/resolver/maven-resolver-util/1.9.18/maven-resolver-util-1.9.18.jar (196 kB at 301 kB/s)
Downloading from oss.sonatype.org: https://oss.sonatype.org/content/groups/public/org/apache/maven/resolver/maven-resolver-api/1.9.18/maven-resolver-api-1.9.18.jar
Downloading from oss.sonatype.org: https://oss.sonatype.org/content/groups/public/org/codehaus/plexus/plexus-xml/3.0.1/plexus-xml-3.0.1.jar
Progress (1): 7.7/94 kB
Progress (1): 16/94 kB 
Progress (1): 32/94 kB
Progress (1): 49/94 kB
Progress (1): 65/94 kB
Progress (1): 81/94 kB
Progress (1): 94 kB   
                   
Downloaded from oss.sonatype.org: https://oss.sonatype.org/content/groups/public/org/codehaus/plexus/plexus-xml/3.0.1/plexus-xml-3.0.1.jar (94 kB at 145 kB/s)
Progress (1): 8.2/157 kB
Progress (1): 25/157 kB 
Progress (1): 41/157 kB
Progress (1): 57/157 kB
Progress (1): 74/157 kB
Progress (1): 90/157 kB
Progress (1): 106/157 kB
Progress (1): 123/157 kB
Progress (1): 139/157 kB
Progress (1): 156/157 kB
Progress (1): 157 kB    
                    
Downloaded from oss.sonatype.org: https://oss.sonatype.org/content/groups/public/org/apache/maven/resolver/maven-resolver-api/1.9.18/maven-resolver-api-1.9.18.jar (157 kB at 236 kB/s)
[INFO] Installing /home/zhihao/hdd/marshal/benchmarks/cross-repo-pr-impact/results/single-case-pipeline-jcabi-simpledb-v1-2026-08-27/replay-work/formal-github-jcabi-aspects-336--target-jcabi-simpledb-155/source-a1/target/jcabi-aspects-0.24.1.jar to /home/zhihao/hdd/marshal/benchmarks/cross-repo-pr-impact/results/single-case-pipeline-jcabi-simpledb-v1-2026-08-27/replay-work/formal-github-jcabi-aspects-336--target-jcabi-simpledb-155/m2-a2/com/jcabi/jcabi-aspects/0.24.1/jcabi-aspects-0.24.1.jar
[INFO] Installing /home/zhihao/hdd/marshal/benchmarks/cross-repo-pr-impact/results/single-case-pipeline-jcabi-simpledb-v1-2026-08-27/replay-work/formal-github-jcabi-aspects-336--target-jcabi-simpledb-155/source-a2/pom.xml to /home/zhihao/hdd/marshal/benchmarks/cross-repo-pr-impact/results/single-case-pipeline-jcabi-simpledb-v1-2026-08-27/replay-work/formal-github-jcabi-aspects-336--target-jcabi-simpledb-155/m2-a2/com/jcabi/jcabi-aspects/0.24.1/jcabi-aspects-0.24.1.pom
[INFO] ------------------------------------------------------------------------
[INFO] BUILD SUCCESS
[INFO] ------------------------------------------------------------------------
[INFO] Total time:  02:09 min
[INFO] Finished at: 2026-08-27T05:15:42+08:00
[INFO] ------------------------------------------------------------------------
