[INFO] Scanning for projects...
Downloading from central: https://repo.maven.apache.org/maven2/com/jcabi/jcabi/1.33.0/jcabi-1.33.0.pom
Progress (1): 856 B
Progress (1): 1.8 kB
Progress (1): 2.8 kB
Progress (1): 4.9 kB
Progress (1): 5.8 kB
                    
Downloaded from central: https://repo.maven.apache.org/maven2/com/jcabi/jcabi/1.33.0/jcabi-1.33.0.pom (5.8 kB at 6.4 kB/s)
Downloading from central: https://repo.maven.apache.org/maven2/com/jcabi/parent/0.59.0/parent-0.59.0.pom
Progress (1): 813 B
Progress (1): 1.4 kB
Progress (1): 2.7 kB
Progress (1): 4.4 kB
Progress (1): 5.8 kB
Progress (1): 8.1 kB
Progress (1): 10 kB 
Progress (1): 13 kB
Progress (1): 17 kB
Progress (1): 20 kB
Progress (1): 22 kB
Progress (1): 27 kB
Progress (1): 30 kB
Progress (1): 33 kB
Progress (1): 37 kB
Progress (1): 41 kB
Progress (1): 44 kB
Progress (1): 48 kB
Progress (1): 51 kB
Progress (1): 53 kB
Progress (1): 56 kB
Progress (1): 58 kB
Progress (1): 61 kB
Progress (1): 64 kB
                   
Downloaded from central: https://repo.maven.apache.org/maven2/com/jcabi/parent/0.59.0/parent-0.59.0.pom (64 kB at 271 kB/s)
Downloading from oss.sonatype.org: https://oss.sonatype.org/content/groups/public/org/kuali/maven/wagons/maven-s3-wagon/1.2.1/maven-s3-wagon-1.2.1.pom
Progress (1): 823 B
Progress (1): 1.7 kB
Progress (1): 3.9 kB
Progress (1): 5.7 kB
                    
Downloaded from oss.sonatype.org: https://oss.sonatype.org/content/groups/public/org/kuali/maven/wagons/maven-s3-wagon/1.2.1/maven-s3-wagon-1.2.1.pom (5.7 kB at 4.1 kB/s)
Downloading from oss.sonatype.org: https://oss.sonatype.org/content/groups/public/org/kuali/pom/kuali-common/3.3.35/kuali-common-3.3.35.pom
Progress (1): 695 B
Progress (1): 1.6 kB
Progress (1): 3.6 kB
Progress (1): 5.8 kB
Progress (1): 7.1 kB
Progress (1): 11 kB 
Progress (1): 15 kB
Progress (1): 18 kB
Progress (1): 22 kB
Progress (1): 27 kB
Progress (1): 33 kB
Progress (1): 38 kB
Progress (1): 42 kB
                   
Downloaded from oss.sonatype.org: https://oss.sonatype.org/content/groups/public/org/kuali/pom/kuali-common/3.3.35/kuali-common-3.3.35.pom (42 kB at 70 kB/s)
Downloading from oss.sonatype.org: https://oss.sonatype.org/content/groups/public/org/kuali/pom/kuali-pom/3.3.35/kuali-pom-3.3.35.pom
Progress (1): 704 B
Progress (1): 1.8 kB
Progress (1): 3.3 kB
Progress (1): 5.4 kB
Progress (1): 6.3 kB
Progress (1): 7.7 kB
Progress (1): 9.7 kB
Progress (1): 11 kB 
Progress (1): 14 kB
Progress (1): 16 kB
Progress (1): 19 kB
Progress (1): 24 kB
Progress (1): 26 kB
Progress (1): 28 kB
Progress (1): 34 kB
Progress (1): 36 kB
Progress (1): 38 kB
Progress (1): 42 kB
Progress (1): 48 kB
Progress (1): 51 kB
Progress (1): 57 kB
Progress (1): 62 kB
Progress (1): 64 kB
                   
Downloaded from oss.sonatype.org: https://oss.sonatype.org/content/groups/public/org/kuali/pom/kuali-pom/3.3.35/kuali-pom-3.3.35.pom (64 kB at 104 kB/s)
Downloading from oss.sonatype.org: https://oss.sonatype.org/content/groups/public/com/google/guava/guava/15.0/guava-15.0.pom
Progress (1): 982 B
Progress (1): 2.3 kB
Progress (1): 4.6 kB
Progress (1): 6.3 kB
                    
Downloaded from oss.sonatype.org: https://oss.sonatype.org/content/groups/public/com/google/guava/guava/15.0/guava-15.0.pom (6.3 kB at 10 kB/s)
Downloading from oss.sonatype.org: https://oss.sonatype.org/content/groups/public/com/google/guava/guava-parent/15.0/guava-parent-15.0.pom
Progress (1): 1.1 kB
Progress (1): 2.3 kB
Progress (1): 5.5 kB
Progress (1): 7.3 kB
                    
Downloaded from oss.sonatype.org: https://oss.sonatype.org/content/groups/public/com/google/guava/guava-parent/15.0/guava-parent-15.0.pom (7.3 kB at 12 kB/s)
Downloading from oss.sonatype.org: https://oss.sonatype.org/content/groups/public/org/kuali/common/kuali-s3/1.0.1/kuali-s3-1.0.1.pom
Progress (1): 1.2 kB
Progress (1): 2.6 kB
                    
Downloaded from oss.sonatype.org: https://oss.sonatype.org/content/groups/public/org/kuali/common/kuali-s3/1.0.1/kuali-s3-1.0.1.pom (2.6 kB at 4.3 kB/s)
Downloading from oss.sonatype.org: https://oss.sonatype.org/content/groups/public/org/kuali/pom/kuali-common/2.0.0/kuali-common-2.0.0.pom
Progress (1): 725 B
Progress (1): 1.7 kB
Progress (1): 3.6 kB
Progress (1): 5.7 kB
Progress (1): 7.7 kB
Progress (1): 13 kB 
Progress (1): 16 kB
Progress (1): 20 kB
Progress (1): 29 kB
Progress (1): 34 kB
Progress (1): 35 kB
                   
Downloaded from oss.sonatype.org: https://oss.sonatype.org/content/groups/public/org/kuali/pom/kuali-common/2.0.0/kuali-common-2.0.0.pom (35 kB at 58 kB/s)
Downloading from oss.sonatype.org: https://oss.sonatype.org/content/groups/public/org/kuali/pom/kuali-pom/2.0.0/kuali-pom-2.0.0.pom
Progress (1): 709 B
Progress (1): 2.2 kB
Progress (1): 3.5 kB
Progress (1): 5.4 kB
Progress (1): 7.5 kB
Progress (1): 10 kB 
Progress (1): 13 kB
Progress (1): 15 kB
Progress (1): 19 kB
Progress (1): 21 kB
Progress (1): 26 kB
Progress (1): 29 kB
Progress (1): 33 kB
Progress (1): 38 kB
Progress (1): 43 kB
Progress (1): 49 kB
Progress (1): 51 kB
Progress (1): 55 kB
Progress (1): 56 kB
                   
Downloaded from oss.sonatype.org: https://oss.sonatype.org/content/groups/public/org/kuali/pom/kuali-pom/2.0.0/kuali-pom-2.0.0.pom (56 kB at 93 kB/s)
Downloading from oss.sonatype.org: https://oss.sonatype.org/content/groups/public/com/amazonaws/aws-java-sdk/1.3.22/aws-java-sdk-1.3.22.pom
Progress (1): 908 B
Progress (1): 3.9 kB
Progress (1): 5.6 kB
                    
Downloaded from oss.sonatype.org: https://oss.sonatype.org/content/groups/public/com/amazonaws/aws-java-sdk/1.3.22/aws-java-sdk-1.3.22.pom (5.6 kB at 9.1 kB/s)
Downloading from oss.sonatype.org: https://oss.sonatype.org/content/groups/public/org/apache/httpcomponents/httpclient/4.1/httpclient-4.1.pom
Progress (1): 869 B
Progress (1): 3.1 kB
Progress (1): 5.4 kB
Progress (1): 6.0 kB
                    
Downloaded from oss.sonatype.org: https://oss.sonatype.org/content/groups/public/org/apache/httpcomponents/httpclient/4.1/httpclient-4.1.pom (6.0 kB at 10 kB/s)
Downloading from oss.sonatype.org: https://oss.sonatype.org/content/groups/public/org/apache/httpcomponents/httpcomponents-client/4.1/httpcomponents-client-4.1.pom
Progress (1): 853 B
Progress (1): 2.3 kB
Progress (1): 4.7 kB
Progress (1): 8.2 kB
Progress (1): 11 kB 
Progress (1): 11 kB
                   
Downloaded from oss.sonatype.org: https://oss.sonatype.org/content/groups/public/org/apache/httpcomponents/httpcomponents-client/4.1/httpcomponents-client-4.1.pom (11 kB at 19 kB/s)
Downloading from oss.sonatype.org: https://oss.sonatype.org/content/groups/public/org/apache/httpcomponents/project/4.1.1/project-4.1.1.pom
Progress (1): 835 B
Progress (1): 2.1 kB
Progress (1): 5.3 kB
Progress (1): 8.1 kB
Progress (1): 11 kB 
Progress (1): 16 kB
Progress (1): 17 kB
                   
Downloaded from oss.sonatype.org: https://oss.sonatype.org/content/groups/public/org/apache/httpcomponents/project/4.1.1/project-4.1.1.pom (17 kB at 28 kB/s)
Downloading from oss.sonatype.org: https://oss.sonatype.org/content/groups/public/org/apache/httpcomponents/httpcore/4.1/httpcore-4.1.pom
Progress (1): 855 B
Progress (1): 2.3 kB
Progress (1): 4.9 kB
Progress (1): 7.2 kB
Progress (1): 8.4 kB
                    
Downloaded from oss.sonatype.org: https://oss.sonatype.org/content/groups/public/org/apache/httpcomponents/httpcore/4.1/httpcore-4.1.pom (8.4 kB at 14 kB/s)
Downloading from oss.sonatype.org: https://oss.sonatype.org/content/groups/public/org/apache/httpcomponents/httpcomponents-core/4.1/httpcomponents-core-4.1.pom
Progress (1): 856 B
Progress (1): 2.3 kB
Progress (1): 4.9 kB
Progress (1): 7.7 kB
Progress (1): 9.0 kB
                    
Downloaded from oss.sonatype.org: https://oss.sonatype.org/content/groups/public/org/apache/httpcomponents/httpcomponents-core/4.1/httpcomponents-core-4.1.pom (9.0 kB at 15 kB/s)
Downloading from oss.sonatype.org: https://oss.sonatype.org/content/groups/public/commons-codec/commons-codec/1.3/commons-codec-1.3.pom
Progress (1): 957 B
Progress (1): 3.1 kB
Progress (1): 5.1 kB
Progress (1): 6.1 kB
                    
Downloaded from oss.sonatype.org: https://oss.sonatype.org/content/groups/public/commons-codec/commons-codec/1.3/commons-codec-1.3.pom (6.1 kB at 10 kB/s)
Downloading from oss.sonatype.org: https://oss.sonatype.org/content/groups/public/org/codehaus/jackson/jackson-core-asl/1.8.9/jackson-core-asl-1.8.9.pom
Progress (1): 1.0 kB
                    
Downloaded from oss.sonatype.org: https://oss.sonatype.org/content/groups/public/org/codehaus/jackson/jackson-core-asl/1.8.9/jackson-core-asl-1.8.9.pom (1.0 kB at 1.7 kB/s)
Downloading from oss.sonatype.org: https://oss.sonatype.org/content/groups/public/org/codehaus/jackson/jackson-mapper-asl/1.8.9/jackson-mapper-asl-1.8.9.pom
Progress (1): 1.1 kB
Progress (1): 1.2 kB
                    
Downloaded from oss.sonatype.org: https://oss.sonatype.org/content/groups/public/org/codehaus/jackson/jackson-mapper-asl/1.8.9/jackson-mapper-asl-1.8.9.pom (1.2 kB at 2.1 kB/s)
Downloading from oss.sonatype.org: https://oss.sonatype.org/content/groups/public/org/kuali/common/kuali-threads/1.0.9/kuali-threads-1.0.9.pom
Progress (1): 765 B
Progress (1): 2.6 kB
                    
Downloaded from oss.sonatype.org: https://oss.sonatype.org/content/groups/public/org/kuali/common/kuali-threads/1.0.9/kuali-threads-1.0.9.pom (2.6 kB at 4.3 kB/s)
Downloading from oss.sonatype.org: https://oss.sonatype.org/content/groups/public/org/kuali/pom/kuali-common/1.2.2/kuali-common-1.2.2.pom
Progress (1): 715 B
Progress (1): 2.0 kB
Progress (1): 4.0 kB
Progress (1): 6.3 kB
Progress (1): 8.6 kB
Progress (1): 12 kB 
Progress (1): 16 kB
Progress (1): 25 kB
Progress (1): 30 kB
Progress (1): 31 kB
                   
Downloaded from oss.sonatype.org: https://oss.sonatype.org/content/groups/public/org/kuali/pom/kuali-common/1.2.2/kuali-common-1.2.2.pom (31 kB at 52 kB/s)
Downloading from oss.sonatype.org: https://oss.sonatype.org/content/groups/public/org/kuali/pom/kuali-pom/1.2.2/kuali-pom-1.2.2.pom
Progress (1): 680 B
Progress (1): 2.1 kB
Progress (1): 3.5 kB
Progress (1): 5.4 kB
Progress (1): 7.8 kB
Progress (1): 10 kB 
Progress (1): 14 kB
Progress (1): 17 kB
Progress (1): 21 kB
Progress (1): 26 kB
Progress (1): 30 kB
Progress (1): 33 kB
Progress (1): 40 kB
Progress (1): 43 kB
                   
Downloaded from oss.sonatype.org: https://oss.sonatype.org/content/groups/public/org/kuali/pom/kuali-pom/1.2.2/kuali-pom-1.2.2.pom (43 kB at 70 kB/s)
Downloading from oss.sonatype.org: https://oss.sonatype.org/content/groups/public/org/slf4j/slf4j-api/1.6.4/slf4j-api-1.6.4.pom
Progress (1): 1.4 kB
Progress (1): 2.7 kB
                    
Downloaded from oss.sonatype.org: https://oss.sonatype.org/content/groups/public/org/slf4j/slf4j-api/1.6.4/slf4j-api-1.6.4.pom (2.7 kB at 4.5 kB/s)
Downloading from oss.sonatype.org: https://oss.sonatype.org/content/groups/public/org/slf4j/slf4j-parent/1.6.4/slf4j-parent-1.6.4.pom
Progress (1): 1.1 kB
Progress (1): 3.8 kB
Progress (1): 6.9 kB
Progress (1): 10 kB 
Progress (1): 12 kB
                   
Downloaded from oss.sonatype.org: https://oss.sonatype.org/content/groups/public/org/slf4j/slf4j-parent/1.6.4/slf4j-parent-1.6.4.pom (12 kB at 20 kB/s)
Downloading from oss.sonatype.org: https://oss.sonatype.org/content/groups/public/org/slf4j/slf4j-log4j12/1.6.4/slf4j-log4j12-1.6.4.pom
Progress (1): 1.4 kB
Progress (1): 1.7 kB
                    
Downloaded from oss.sonatype.org: https://oss.sonatype.org/content/groups/public/org/slf4j/slf4j-log4j12/1.6.4/slf4j-log4j12-1.6.4.pom (1.7 kB at 2.7 kB/s)
Downloading from oss.sonatype.org: https://oss.sonatype.org/content/groups/public/log4j/log4j/1.2.16/log4j-1.2.16.pom
Progress (1): 753 B
Progress (1): 2.0 kB
Progress (1): 4.3 kB
Progress (1): 7.9 kB
Progress (1): 11 kB 
Progress (1): 14 kB
Progress (1): 16 kB
Progress (1): 19 kB
Progress (1): 20 kB
                   
Downloaded from oss.sonatype.org: https://oss.sonatype.org/content/groups/public/log4j/log4j/1.2.16/log4j-1.2.16.pom (20 kB at 34 kB/s)
Downloading from oss.sonatype.org: https://oss.sonatype.org/content/groups/public/commons-io/commons-io/2.4/commons-io-2.4.pom
Progress (1): 807 B
Progress (1): 2.1 kB
Progress (1): 5.6 kB
Progress (1): 8.0 kB
Progress (1): 10 kB 
                   
Downloaded from oss.sonatype.org: https://oss.sonatype.org/content/groups/public/commons-io/commons-io/2.4/commons-io-2.4.pom (10 kB at 13 kB/s)
Downloading from oss.sonatype.org: https://oss.sonatype.org/content/groups/public/org/apache/commons/commons-parent/25/commons-parent-25.pom
Progress (1): 718 B
Progress (1): 1.9 kB
Progress (1): 3.3 kB
Progress (1): 5.1 kB
Progress (1): 8.9 kB
Progress (1): 12 kB 
Progress (1): 16 kB
Progress (1): 19 kB
Progress (1): 21 kB
Progress (1): 24 kB
Progress (1): 29 kB
Progress (1): 36 kB
Progress (1): 38 kB
Progress (1): 41 kB
Progress (1): 43 kB
Progress (1): 43 kB
Progress (1): 46 kB
Progress (1): 48 kB
Progress (1): 48 kB
                   
Downloaded from oss.sonatype.org: https://oss.sonatype.org/content/groups/public/org/apache/commons/commons-parent/25/commons-parent-25.pom (48 kB at 80 kB/s)
Downloading from oss.sonatype.org: https://oss.sonatype.org/content/groups/public/org/apache/apache/9/apache-9.pom
Progress (1): 753 B
Progress (1): 2.0 kB
Progress (1): 3.7 kB
Progress (1): 7.1 kB
Progress (1): 11 kB 
Progress (1): 14 kB
Progress (1): 15 kB
                   
Downloaded from oss.sonatype.org: https://oss.sonatype.org/content/groups/public/org/apache/apache/9/apache-9.pom (15 kB at 25 kB/s)
Downloading from oss.sonatype.org: https://oss.sonatype.org/content/groups/public/org/slf4j/jcl-over-slf4j/1.6.4/jcl-over-slf4j-1.6.4.pom
Progress (1): 1.4 kB
Progress (1): 2.5 kB
                    
Downloaded from oss.sonatype.org: https://oss.sonatype.org/content/groups/public/org/slf4j/jcl-over-slf4j/1.6.4/jcl-over-slf4j-1.6.4.pom (2.5 kB at 4.1 kB/s)
Downloading from oss.sonatype.org: https://oss.sonatype.org/content/groups/public/com/amazonaws/aws-java-sdk/1.6.4/aws-java-sdk-1.6.4.pom
Progress (1): 902 B
Progress (1): 4.3 kB
Progress (1): 6.5 kB
                    
Downloaded from oss.sonatype.org: https://oss.sonatype.org/content/groups/public/com/amazonaws/aws-java-sdk/1.6.4/aws-java-sdk-1.6.4.pom (6.5 kB at 11 kB/s)
Downloading from oss.sonatype.org: https://oss.sonatype.org/content/groups/public/org/apache/httpcomponents/httpclient/4.2/httpclient-4.2.pom
Progress (1): 868 B
Progress (1): 2.8 kB
Progress (1): 5.0 kB
Progress (1): 5.9 kB
                    
Downloaded from oss.sonatype.org: https://oss.sonatype.org/content/groups/public/org/apache/httpcomponents/httpclient/4.2/httpclient-4.2.pom (5.9 kB at 9.9 kB/s)
Downloading from oss.sonatype.org: https://oss.sonatype.org/content/groups/public/org/apache/httpcomponents/httpcomponents-client/4.2/httpcomponents-client-4.2.pom
Progress (1): 843 B
Progress (1): 2.3 kB
Progress (1): 4.5 kB
Progress (1): 8.5 kB
Progress (1): 11 kB 
Progress (1): 14 kB
Progress (1): 14 kB
                   
Downloaded from oss.sonatype.org: https://oss.sonatype.org/content/groups/public/org/apache/httpcomponents/httpcomponents-client/4.2/httpcomponents-client-4.2.pom (14 kB at 24 kB/s)
Downloading from oss.sonatype.org: https://oss.sonatype.org/content/groups/public/org/apache/httpcomponents/httpcore/4.2/httpcore-4.2.pom
Progress (1): 865 B
Progress (1): 2.4 kB
Progress (1): 4.6 kB
Progress (1): 5.7 kB
                    
Downloaded from oss.sonatype.org: https://oss.sonatype.org/content/groups/public/org/apache/httpcomponents/httpcore/4.2/httpcore-4.2.pom (5.7 kB at 9.6 kB/s)
Downloading from oss.sonatype.org: https://oss.sonatype.org/content/groups/public/org/apache/httpcomponents/httpcomponents-core/4.2/httpcomponents-core-4.2.pom
Progress (1): 849 B
Progress (1): 2.3 kB
Progress (1): 4.6 kB
Progress (1): 8.0 kB
Progress (1): 11 kB 
Progress (1): 11 kB
                   
Downloaded from oss.sonatype.org: https://oss.sonatype.org/content/groups/public/org/apache/httpcomponents/httpcomponents-core/4.2/httpcomponents-core-4.2.pom (11 kB at 12 kB/s)
Downloading from oss.sonatype.org: https://oss.sonatype.org/content/groups/public/org/apache/httpcomponents/project/6/project-6.pom
Progress (1): 807 B
Progress (1): 2.1 kB
Progress (1): 3.8 kB
Progress (1): 7.1 kB
Progress (1): 10 kB 
Progress (1): 14 kB
Progress (1): 18 kB
Progress (1): 21 kB
Progress (1): 23 kB
Progress (1): 24 kB
                   
Downloaded from oss.sonatype.org: https://oss.sonatype.org/content/groups/public/org/apache/httpcomponents/project/6/project-6.pom (24 kB at 40 kB/s)
Downloading from oss.sonatype.org: https://oss.sonatype.org/content/groups/public/commons-codec/commons-codec/1.6/commons-codec-1.6.pom
Progress (1): 752 B
Progress (1): 2.1 kB
Progress (1): 4.4 kB
Progress (1): 6.6 kB
Progress (1): 9.2 kB
Progress (1): 11 kB 
                   
Downloaded from oss.sonatype.org: https://oss.sonatype.org/content/groups/public/commons-codec/commons-codec/1.6/commons-codec-1.6.pom (11 kB at 19 kB/s)
Downloading from oss.sonatype.org: https://oss.sonatype.org/content/groups/public/org/apache/commons/commons-parent/22/commons-parent-22.pom
Progress (1): 724 B
Progress (1): 1.9 kB
Progress (1): 3.4 kB
Progress (1): 7.0 kB
Progress (1): 9.8 kB
Progress (1): 14 kB 
Progress (1): 17 kB
Progress (1): 19 kB
Progress (1): 23 kB
Progress (1): 30 kB
Progress (1): 33 kB
Progress (1): 36 kB
Progress (1): 38 kB
Progress (1): 41 kB
Progress (1): 42 kB
                   
Downloaded from oss.sonatype.org: https://oss.sonatype.org/content/groups/public/org/apache/commons/commons-parent/22/commons-parent-22.pom (42 kB at 62 kB/s)
Downloading from oss.sonatype.org: https://oss.sonatype.org/content/groups/public/com/fasterxml/jackson/core/jackson-core/2.1.1/jackson-core-2.1.1.pom
Progress (1): 1.2 kB
Progress (1): 3.4 kB
Progress (1): 5.6 kB
                    
Downloaded from oss.sonatype.org: https://oss.sonatype.org/content/groups/public/com/fasterxml/jackson/core/jackson-core/2.1.1/jackson-core-2.1.1.pom (5.6 kB at 9.3 kB/s)
Downloading from oss.sonatype.org: https://oss.sonatype.org/content/groups/public/com/fasterxml/oss-parent/4/oss-parent-4.pom
Progress (1): 744 B
Progress (1): 2.5 kB
Progress (1): 4.4 kB
Progress (1): 7.4 kB
Progress (1): 9.4 kB
Progress (1): 13 kB 
Progress (1): 16 kB
Progress (1): 18 kB
                   
Downloaded from oss.sonatype.org: https://oss.sonatype.org/content/groups/public/com/fasterxml/oss-parent/4/oss-parent-4.pom (18 kB at 31 kB/s)
Downloading from oss.sonatype.org: https://oss.sonatype.org/content/groups/public/com/fasterxml/jackson/core/jackson-databind/2.1.1/jackson-databind-2.1.1.pom
Progress (1): 802 B
Progress (1): 2.9 kB
Progress (1): 5.2 kB
Progress (1): 5.6 kB
                    
Downloaded from oss.sonatype.org: https://oss.sonatype.org/content/groups/public/com/fasterxml/jackson/core/jackson-databind/2.1.1/jackson-databind-2.1.1.pom (5.6 kB at 9.4 kB/s)
Downloading from oss.sonatype.org: https://oss.sonatype.org/content/groups/public/com/fasterxml/jackson/core/jackson-annotations/2.1.1/jackson-annotations-2.1.1.pom
Progress (1): 858 B
Progress (1): 1.9 kB
                    
Downloaded from oss.sonatype.org: https://oss.sonatype.org/content/groups/public/com/fasterxml/jackson/core/jackson-annotations/2.1.1/jackson-annotations-2.1.1.pom (1.9 kB at 3.1 kB/s)
Downloading from oss.sonatype.org: https://oss.sonatype.org/content/groups/public/org/springframework/spring-core/3.2.5.RELEASE/spring-core-3.2.5.RELEASE.pom
Progress (1): 1.3 kB
Progress (1): 2.1 kB
                    
Downloaded from oss.sonatype.org: https://oss.sonatype.org/content/groups/public/org/springframework/spring-core/3.2.5.RELEASE/spring-core-3.2.5.RELEASE.pom (2.1 kB at 3.6 kB/s)
Downloading from oss.sonatype.org: https://oss.sonatype.org/content/groups/public/org/apache/maven/wagon/wagon-provider-api/2.2/wagon-provider-api-2.2.pom
Progress (1): 831 B
Progress (1): 1.7 kB
                    
Downloaded from oss.sonatype.org: https://oss.sonatype.org/content/groups/public/org/apache/maven/wagon/wagon-provider-api/2.2/wagon-provider-api-2.2.pom (1.7 kB at 2.8 kB/s)
Downloading from oss.sonatype.org: https://oss.sonatype.org/content/groups/public/org/apache/maven/wagon/wagon/2.2/wagon-2.2.pom
Progress (1): 752 B
Progress (1): 2.4 kB
Progress (1): 5.5 kB
Progress (1): 8.9 kB
Progress (1): 12 kB 
Progress (1): 15 kB
Progress (1): 16 kB
                   
Downloaded from oss.sonatype.org: https://oss.sonatype.org/content/groups/public/org/apache/maven/wagon/wagon/2.2/wagon-2.2.pom (16 kB at 27 kB/s)
Downloading from oss.sonatype.org: https://oss.sonatype.org/content/groups/public/org/codehaus/plexus/plexus-utils/3.0/plexus-utils-3.0.pom
Progress (1): 811 B
Progress (1): 2.3 kB
Progress (1): 4.1 kB
                    
Downloaded from oss.sonatype.org: https://oss.sonatype.org/content/groups/public/org/codehaus/plexus/plexus-utils/3.0/plexus-utils-3.0.pom (4.1 kB at 6.8 kB/s)
Downloading from oss.sonatype.org: https://oss.sonatype.org/content/groups/public/org/kuali/common/kuali-threads/1.0.10/kuali-threads-1.0.10.pom
Progress (1): 765 B
Progress (1): 2.6 kB
                    
Downloaded from oss.sonatype.org: https://oss.sonatype.org/content/groups/public/org/kuali/common/kuali-threads/1.0.10/kuali-threads-1.0.10.pom (2.6 kB at 4.3 kB/s)
Downloading from oss.sonatype.org: https://oss.sonatype.org/content/groups/public/org/kuali/pom/kuali-common/2.3.9/kuali-common-2.3.9.pom
Progress (1): 694 B
Progress (1): 2.0 kB
Progress (1): 3.9 kB
Progress (1): 6.3 kB
Progress (1): 8.1 kB
Progress (1): 13 kB 
Progress (1): 17 kB
Progress (1): 21 kB
Progress (1): 28 kB
Progress (1): 35 kB
Progress (1): 39 kB
Progress (1): 41 kB
                   
Downloaded from oss.sonatype.org: https://oss.sonatype.org/content/groups/public/org/kuali/pom/kuali-common/2.3.9/kuali-common-2.3.9.pom (41 kB at 68 kB/s)
Downloading from oss.sonatype.org: https://oss.sonatype.org/content/groups/public/org/kuali/pom/kuali-pom/2.3.9/kuali-pom-2.3.9.pom
Progress (1): 712 B
Progress (1): 2.2 kB
Progress (1): 3.7 kB
Progress (1): 5.0 kB
Progress (1): 6.8 kB
Progress (1): 8.9 kB
Progress (1): 11 kB 
Progress (1): 14 kB
Progress (1): 18 kB
Progress (1): 22 kB
Progress (1): 25 kB
Progress (1): 31 kB
Progress (1): 34 kB
Progress (1): 38 kB
Progress (1): 41 kB
Progress (1): 41 kB
Progress (1): 48 kB
Progress (1): 53 kB
Progress (1): 58 kB
Progress (1): 59 kB
                   
Downloaded from oss.sonatype.org: https://oss.sonatype.org/content/groups/public/org/kuali/pom/kuali-pom/2.3.9/kuali-pom-2.3.9.pom (59 kB at 99 kB/s)
Downloading from oss.sonatype.org: https://oss.sonatype.org/content/groups/public/org/slf4j/slf4j-log4j12/1.7.5/slf4j-log4j12-1.7.5.pom
Progress (1): 1.5 kB
Progress (1): 1.6 kB
                    
Downloaded from oss.sonatype.org: https://oss.sonatype.org/content/groups/public/org/slf4j/slf4j-log4j12/1.7.5/slf4j-log4j12-1.7.5.pom (1.6 kB at 2.7 kB/s)
Downloading from oss.sonatype.org: https://oss.sonatype.org/content/groups/public/log4j/log4j/1.2.17/log4j-1.2.17.pom
Progress (1): 747 B
Progress (1): 1.9 kB
Progress (1): 4.2 kB
Progress (1): 7.6 kB
Progress (1): 11 kB 
Progress (1): 14 kB
Progress (1): 16 kB
Progress (1): 19 kB
Progress (1): 22 kB
Progress (1): 22 kB
                   
Downloaded from oss.sonatype.org: https://oss.sonatype.org/content/groups/public/log4j/log4j/1.2.17/log4j-1.2.17.pom (22 kB at 36 kB/s)
Downloading from oss.sonatype.org: https://oss.sonatype.org/content/groups/public/org/slf4j/jcl-over-slf4j/1.7.5/jcl-over-slf4j-1.7.5.pom
Progress (1): 1.5 kB
Progress (1): 1.9 kB
                    
Downloaded from oss.sonatype.org: https://oss.sonatype.org/content/groups/public/org/slf4j/jcl-over-slf4j/1.7.5/jcl-over-slf4j-1.7.5.pom (1.9 kB at 3.1 kB/s)
Downloading from oss.sonatype.org: https://oss.sonatype.org/content/groups/public/org/kuali/maven/wagons/maven-s3-wagon/1.2.1/maven-s3-wagon-1.2.1.jar
Progress (1): 7.7/42 kB
Progress (1): 7.7/42 kB
Progress (1): 16/42 kB 
Progress (1): 33/42 kB
Progress (1): 42 kB   
                   
Downloaded from oss.sonatype.org: https://oss.sonatype.org/content/groups/public/org/kuali/maven/wagons/maven-s3-wagon/1.2.1/maven-s3-wagon-1.2.1.jar (42 kB at 65 kB/s)
Downloading from oss.sonatype.org: https://oss.sonatype.org/content/groups/public/com/google/guava/guava/15.0/guava-15.0.jar
Downloading from oss.sonatype.org: https://oss.sonatype.org/content/groups/public/org/kuali/common/kuali-s3/1.0.1/kuali-s3-1.0.1.jar
Downloading from oss.sonatype.org: https://oss.sonatype.org/content/groups/public/org/slf4j/slf4j-api/1.6.4/slf4j-api-1.6.4.jar
Downloading from oss.sonatype.org: https://oss.sonatype.org/content/groups/public/com/amazonaws/aws-java-sdk/1.6.4/aws-java-sdk-1.6.4.jar
Downloading from oss.sonatype.org: https://oss.sonatype.org/content/groups/public/org/apache/httpcomponents/httpclient/4.2/httpclient-4.2.jar
Progress (1): 0/2.2 MB
Progress (1): 0/2.2 MB
Progress (1): 0/2.2 MB
Progress (1): 0/2.2 MB
Progress (1): 0.1/2.2 MB
Progress (1): 0.1/2.2 MB
Progress (1): 0.1/2.2 MB
Progress (1): 0.1/2.2 MB
Progress (1): 0.1/2.2 MB
Progress (1): 0.1/2.2 MB
Progress (1): 0.2/2.2 MB
Progress (1): 0.2/2.2 MB
Progress (1): 0.2/2.2 MB
Progress (1): 0.2/2.2 MB
Progress (1): 0.2/2.2 MB
Progress (1): 0.2/2.2 MB
Progress (1): 0.3/2.2 MB
Progress (1): 0.3/2.2 MB
Progress (1): 0.3/2.2 MB
Progress (1): 0.3/2.2 MB
Progress (1): 0.3/2.2 MB
Progress (1): 0.3/2.2 MB
Progress (1): 0.4/2.2 MB
Progress (1): 0.4/2.2 MB
Progress (1): 0.4/2.2 MB
Progress (1): 0.4/2.2 MB
Progress (1): 0.4/2.2 MB
Progress (1): 0.4/2.2 MB
Progress (1): 0.5/2.2 MB
Progress (1): 0.5/2.2 MB
Progress (1): 0.5/2.2 MB
Progress (1): 0.5/2.2 MB
Progress (1): 0.5/2.2 MB
Progress (1): 0.5/2.2 MB
Progress (1): 0.5/2.2 MB
Progress (1): 0.6/2.2 MB
Progress (1): 0.6/2.2 MB
Progress (1): 0.6/2.2 MB
Progress (1): 0.6/2.2 MB
Progress (1): 0.6/2.2 MB
Progress (1): 0.6/2.2 MB
Progress (1): 0.7/2.2 MB
Progress (1): 0.7/2.2 MB
Progress (1): 0.7/2.2 MB
Progress (1): 0.7/2.2 MB
Progress (1): 0.7/2.2 MB
Progress (1): 0.7/2.2 MB
Progress (1): 0.8/2.2 MB
Progress (1): 0.8/2.2 MB
Progress (1): 0.8/2.2 MB
Progress (1): 0.8/2.2 MB
Progress (1): 0.8/2.2 MB
Progress (1): 0.8/2.2 MB
Progress (1): 0.9/2.2 MB
Progress (1): 0.9/2.2 MB
Progress (1): 0.9/2.2 MB
Progress (1): 0.9/2.2 MB
Progress (1): 0.9/2.2 MB
Progress (1): 0.9/2.2 MB
Progress (1): 1.0/2.2 MB
Progress (1): 1.0/2.2 MB
Progress (1): 1.0/2.2 MB
Progress (1): 1.0/2.2 MB
Progress (1): 1.0/2.2 MB
Progress (1): 1.0/2.2 MB
Progress (1): 1.1/2.2 MB
Progress (1): 1.1/2.2 MB
Progress (1): 1.1/2.2 MB
Progress (1): 1.1/2.2 MB
Progress (1): 1.1/2.2 MB
Progress (1): 1.1/2.2 MB
Progress (1): 1.2/2.2 MB
Progress (1): 1.2/2.2 MB
Progress (1): 1.2/2.2 MB
Progress (1): 1.2/2.2 MB
Progress (1): 1.2/2.2 MB
Progress (1): 1.2/2.2 MB
Progress (1): 1.3/2.2 MB
Progress (1): 1.3/2.2 MB
Progress (1): 1.3/2.2 MB
Progress (1): 1.3/2.2 MB
Progress (1): 1.3/2.2 MB
Progress (1): 1.3/2.2 MB
Progress (1): 1.4/2.2 MB
Progress (1): 1.4/2.2 MB
Progress (1): 1.4/2.2 MB
Progress (1): 1.4/2.2 MB
Progress (1): 1.4/2.2 MB
Progress (1): 1.4/2.2 MB
Progress (1): 1.5/2.2 MB
Progress (1): 1.5/2.2 MB
Progress (1): 1.5/2.2 MB
Progress (1): 1.5/2.2 MB
Progress (1): 1.5/2.2 MB
Progress (1): 1.5/2.2 MB
Progress (1): 1.5/2.2 MB
Progress (1): 1.6/2.2 MB
Progress (1): 1.6/2.2 MB
Progress (1): 1.6/2.2 MB
Progress (1): 1.6/2.2 MB
Progress (1): 1.6/2.2 MB
Progress (1): 1.6/2.2 MB
Progress (1): 1.7/2.2 MB
Progress (1): 1.7/2.2 MB
Progress (1): 1.7/2.2 MB
Progress (1): 1.7/2.2 MB
Progress (1): 1.7/2.2 MB
Progress (1): 1.7/2.2 MB
Progress (1): 1.8/2.2 MB
Progress (1): 1.8/2.2 MB
Progress (1): 1.8/2.2 MB
Progress (1): 1.8/2.2 MB
Progress (1): 1.8/2.2 MB
Progress (1): 1.8/2.2 MB
Progress (1): 1.9/2.2 MB
Progress (1): 1.9/2.2 MB
Progress (1): 1.9/2.2 MB
Progress (1): 1.9/2.2 MB
Progress (1): 1.9/2.2 MB
Progress (1): 1.9/2.2 MB
Progress (1): 2.0/2.2 MB
Progress (1): 2.0/2.2 MB
Progress (1): 2.0/2.2 MB
Progress (1): 2.0/2.2 MB
Progress (1): 2.0/2.2 MB
Progress (1): 2.0/2.2 MB
Progress (1): 2.1/2.2 MB
Progress (1): 2.1/2.2 MB
Progress (1): 2.1/2.2 MB
Progress (1): 2.1/2.2 MB
Progress (1): 2.1/2.2 MB
Progress (1): 2.1/2.2 MB
Progress (1): 2.2/2.2 MB
Progress (1): 2.2/2.2 MB
Progress (1): 2.2 MB    
                    
Downloaded from oss.sonatype.org: https://oss.sonatype.org/content/groups/public/com/google/guava/guava/15.0/guava-15.0.jar (2.2 MB at 1.6 MB/s)
Downloading from oss.sonatype.org: https://oss.sonatype.org/content/groups/public/org/apache/httpcomponents/httpcore/4.2/httpcore-4.2.jar
Progress (1): 0.9/425 kB
Progress (1): 2.3/425 kB
Progress (1): 3.6/425 kB
Progress (1): 5.0/425 kB
Progress (1): 6.4/425 kB
Progress (1): 7.7/425 kB
Progress (1): 9.1/425 kB
Progress (1): 10/425 kB 
Progress (1): 12/425 kB
Progress (1): 13/425 kB
Progress (1): 15/425 kB
Progress (1): 16/425 kB
Progress (1): 17/425 kB
Progress (1): 19/425 kB
Progress (1): 20/425 kB
Progress (1): 21/425 kB
Progress (1): 23/425 kB
Progress (1): 24/425 kB
Progress (1): 25/425 kB
Progress (1): 27/425 kB
Progress (1): 28/425 kB
Progress (1): 30/425 kB
Progress (1): 31/425 kB
Progress (1): 32/425 kB
Progress (1): 34/425 kB
Progress (1): 35/425 kB
Progress (1): 36/425 kB
Progress (1): 38/425 kB
Progress (1): 39/425 kB
Progress (1): 41/425 kB
Progress (1): 42/425 kB
Progress (1): 43/425 kB
Progress (1): 45/425 kB
Progress (1): 46/425 kB
Progress (1): 47/425 kB
Progress (1): 49/425 kB
Progress (1): 50/425 kB
Progress (1): 51/425 kB
Progress (1): 53/425 kB
Progress (1): 57/425 kB
Progress (1): 61/425 kB
Progress (1): 66/425 kB
Progress (1): 70/425 kB
Progress (2): 70/425 kB | 0.9/26 kB
Progress (2): 70/425 kB | 2.3/26 kB
Progress (2): 70/425 kB | 3.6/26 kB
Progress (2): 70/425 kB | 5.0/26 kB
Progress (2): 70/425 kB | 6.4/26 kB
Progress (2): 70/425 kB | 7.7/26 kB
Progress (2): 70/425 kB | 9.1/26 kB
Progress (2): 70/425 kB | 10/26 kB 
Progress (2): 70/425 kB | 12/26 kB
Progress (2): 70/425 kB | 13/26 kB
Progress (3): 70/425 kB | 13/26 kB | 0/11 MB
Progress (3): 70/425 kB | 13/26 kB | 0/11 MB
Progress (3): 70/425 kB | 13/26 kB | 0/11 MB
Progress (3): 70/425 kB | 13/26 kB | 0/11 MB
Progress (3): 70/425 kB | 13/26 kB | 0/11 MB
Progress (3): 70/425 kB | 15/26 kB | 0/11 MB
Progress (3): 70/425 kB | 15/26 kB | 0/11 MB
Progress (3): 70/425 kB | 16/26 kB | 0/11 MB
Progress (3): 70/425 kB | 16/26 kB | 0/11 MB
Progress (3): 70/425 kB | 16/26 kB | 0/11 MB
Progress (3): 70/425 kB | 16/26 kB | 0/11 MB
Progress (3): 70/425 kB | 17/26 kB | 0/11 MB
Progress (3): 70/425 kB | 19/26 kB | 0/11 MB
Progress (3): 70/425 kB | 19/26 kB | 0/11 MB
Progress (3): 70/425 kB | 19/26 kB | 0/11 MB
Progress (3): 70/425 kB | 20/26 kB | 0/11 MB
Progress (3): 70/425 kB | 21/26 kB | 0/11 MB
Progress (3): 70/425 kB | 21/26 kB | 0/11 MB
Progress (3): 70/425 kB | 23/26 kB | 0/11 MB
Progress (3): 70/425 kB | 23/26 kB | 0/11 MB
Progress (3): 70/425 kB | 24/26 kB | 0/11 MB
Progress (3): 70/425 kB | 26/26 kB | 0/11 MB
Progress (3): 70/425 kB | 26/26 kB | 0/11 MB
Progress (3): 70/425 kB | 26 kB | 0/11 MB   
Progress (3): 70/425 kB | 26 kB | 0/11 MB
                                         
Downloaded from oss.sonatype.org: https://oss.sonatype.org/content/groups/public/org/slf4j/slf4j-api/1.6.4/slf4j-api-1.6.4.jar (26 kB at 18 kB/s)
Downloading from oss.sonatype.org: https://oss.sonatype.org/content/groups/public/commons-codec/commons-codec/1.3/commons-codec-1.3.jar
Progress (2): 70/425 kB | 0/11 MB
Progress (2): 70/425 kB | 0/11 MB
Progress (2): 70/425 kB | 0/11 MB
Progress (2): 70/425 kB | 0/11 MB
Progress (2): 70/425 kB | 0/11 MB
Progress (2): 70/425 kB | 0/11 MB
Progress (2): 70/425 kB | 0/11 MB
Progress (2): 70/425 kB | 0/11 MB
Progress (2): 70/425 kB | 0/11 MB
Progress (2): 70/425 kB | 0/11 MB
Progress (2): 70/425 kB | 0/11 MB
Progress (2): 70/425 kB | 0/11 MB
Progress (2): 70/425 kB | 0/11 MB
Progress (2): 70/425 kB | 0/11 MB
Progress (2): 70/425 kB | 0/11 MB
Progress (2): 70/425 kB | 0/11 MB
Progress (2): 70/425 kB | 0/11 MB
Progress (2): 70/425 kB | 0/11 MB
Progress (2): 70/425 kB | 0/11 MB
Progress (2): 70/425 kB | 0/11 MB
Progress (2): 70/425 kB | 0/11 MB
Progress (2): 70/425 kB | 0.1/11 MB
Progress (2): 70/425 kB | 0.1/11 MB
Progress (3): 70/425 kB | 0.1/11 MB | 0.9/27 kB
Progress (3): 70/425 kB | 0.1/11 MB | 2.3/27 kB
Progress (3): 70/425 kB | 0.1/11 MB | 2.3/27 kB
Progress (3): 70/425 kB | 0.1/11 MB | 3.6/27 kB
Progress (3): 70/425 kB | 0.1/11 MB | 5.0/27 kB
Progress (3): 70/425 kB | 0.1/11 MB | 6.4/27 kB
Progress (3): 70/425 kB | 0.1/11 MB | 7.7/27 kB
Progress (3): 70/425 kB | 0.1/11 MB | 9.1/27 kB
Progress (3): 70/425 kB | 0.1/11 MB | 10/27 kB 
Progress (3): 70/425 kB | 0.1/11 MB | 12/27 kB
Progress (3): 70/425 kB | 0.1/11 MB | 13/27 kB
Progress (3): 70/425 kB | 0.1/11 MB | 15/27 kB
Progress (3): 70/425 kB | 0.1/11 MB | 15/27 kB
Progress (3): 70/425 kB | 0.1/11 MB | 16/27 kB
Progress (3): 70/425 kB | 0.1/11 MB | 17/27 kB
Progress (3): 70/425 kB | 0.1/11 MB | 19/27 kB
Progress (3): 70/425 kB | 0.1/11 MB | 20/27 kB
Progress (3): 70/425 kB | 0.1/11 MB | 20/27 kB
Progress (3): 70/425 kB | 0.1/11 MB | 21/27 kB
Progress (3): 70/425 kB | 0.1/11 MB | 23/27 kB
Progress (3): 70/425 kB | 0.1/11 MB | 24/27 kB
Progress (3): 70/425 kB | 0.1/11 MB | 24/27 kB
Progress (3): 70/425 kB | 0.1/11 MB | 26/27 kB
Progress (3): 70/425 kB | 0.1/11 MB | 27 kB   
                                           
Downloaded from oss.sonatype.org: https://oss.sonatype.org/content/groups/public/org/kuali/common/kuali-s3/1.0.1/kuali-s3-1.0.1.jar (27 kB at 18 kB/s)
Downloading from oss.sonatype.org: https://oss.sonatype.org/content/groups/public/com/fasterxml/jackson/core/jackson-core/2.1.1/jackson-core-2.1.1.jar
Progress (2): 70/425 kB | 0.1/11 MB
Progress (2): 74/425 kB | 0.1/11 MB
Progress (2): 78/425 kB | 0.1/11 MB
Progress (2): 82/425 kB | 0.1/11 MB
Progress (2): 87/425 kB | 0.1/11 MB
Progress (2): 91/425 kB | 0.1/11 MB
Progress (2): 95/425 kB | 0.1/11 MB
Progress (2): 99/425 kB | 0.1/11 MB
Progress (2): 104/425 kB | 0.1/11 MB
Progress (2): 108/425 kB | 0.1/11 MB
Progress (2): 112/425 kB | 0.1/11 MB
Progress (2): 116/425 kB | 0.1/11 MB
Progress (2): 121/425 kB | 0.1/11 MB
Progress (2): 125/425 kB | 0.1/11 MB
Progress (2): 129/425 kB | 0.1/11 MB
Progress (2): 133/425 kB | 0.1/11 MB
Progress (2): 137/425 kB | 0.1/11 MB
Progress (2): 142/425 kB | 0.1/11 MB
Progress (2): 146/425 kB | 0.1/11 MB
Progress (2): 150/425 kB | 0.1/11 MB
Progress (2): 154/425 kB | 0.1/11 MB
Progress (2): 155/425 kB | 0.1/11 MB
Progress (2): 159/425 kB | 0.1/11 MB
Progress (2): 164/425 kB | 0.1/11 MB
Progress (2): 164/425 kB | 0.1/11 MB
Progress (2): 164/425 kB | 0.1/11 MB
Progress (2): 164/425 kB | 0.1/11 MB
Progress (2): 164/425 kB | 0.1/11 MB
Progress (2): 164/425 kB | 0.1/11 MB
Progress (2): 164/425 kB | 0.1/11 MB
Progress (2): 164/425 kB | 0.1/11 MB
Progress (2): 164/425 kB | 0.1/11 MB
Progress (2): 164/425 kB | 0.1/11 MB
Progress (2): 164/425 kB | 0.1/11 MB
Progress (2): 164/425 kB | 0.1/11 MB
Progress (2): 164/425 kB | 0.1/11 MB
Progress (2): 164/425 kB | 0.1/11 MB
Progress (2): 164/425 kB | 0.1/11 MB
Progress (2): 164/425 kB | 0.1/11 MB
Progress (2): 164/425 kB | 0.1/11 MB
Progress (2): 164/425 kB | 0.1/11 MB
Progress (2): 164/425 kB | 0.1/11 MB
Progress (2): 164/425 kB | 0.1/11 MB
Progress (2): 164/425 kB | 0.2/11 MB
Progress (2): 164/425 kB | 0.2/11 MB
Progress (2): 164/425 kB | 0.2/11 MB
Progress (2): 164/425 kB | 0.2/11 MB
Progress (2): 168/425 kB | 0.2/11 MB
Progress (2): 172/425 kB | 0.2/11 MB
Progress (2): 176/425 kB | 0.2/11 MB
Progress (2): 176/425 kB | 0.2/11 MB
Progress (2): 181/425 kB | 0.2/11 MB
Progress (2): 185/425 kB | 0.2/11 MB
Progress (2): 189/425 kB | 0.2/11 MB
Progress (2): 193/425 kB | 0.2/11 MB
Progress (2): 197/425 kB | 0.2/11 MB
Progress (2): 202/425 kB | 0.2/11 MB
Progress (2): 206/425 kB | 0.2/11 MB
Progress (2): 210/425 kB | 0.2/11 MB
Progress (2): 214/425 kB | 0.2/11 MB
Progress (2): 219/425 kB | 0.2/11 MB
Progress (2): 235/425 kB | 0.2/11 MB
Progress (2): 251/425 kB | 0.2/11 MB
Progress (2): 268/425 kB | 0.2/11 MB
Progress (2): 284/425 kB | 0.2/11 MB
Progress (2): 286/425 kB | 0.2/11 MB
Progress (2): 286/425 kB | 0.2/11 MB
Progress (2): 286/425 kB | 0.2/11 MB
Progress (2): 286/425 kB | 0.2/11 MB
Progress (2): 303/425 kB | 0.2/11 MB
Progress (2): 303/425 kB | 0.2/11 MB
Progress (2): 303/425 kB | 0.2/11 MB
Progress (2): 303/425 kB | 0.2/11 MB
Progress (2): 303/425 kB | 0.2/11 MB
Progress (2): 319/425 kB | 0.2/11 MB
Progress (2): 319/425 kB | 0.2/11 MB
Progress (2): 319/425 kB | 0.2/11 MB
Progress (2): 335/425 kB | 0.2/11 MB
Progress (2): 335/425 kB | 0.2/11 MB
Progress (2): 335/425 kB | 0.2/11 MB
Progress (2): 335/425 kB | 0.2/11 MB
Progress (2): 352/425 kB | 0.2/11 MB
Progress (2): 352/425 kB | 0.2/11 MB
Progress (2): 368/425 kB | 0.2/11 MB
Progress (2): 385/425 kB | 0.2/11 MB
Progress (2): 385/425 kB | 0.3/11 MB
Progress (2): 385/425 kB | 0.3/11 MB
Progress (2): 401/425 kB | 0.3/11 MB
Progress (2): 417/425 kB | 0.3/11 MB
Progress (2): 417/425 kB | 0.3/11 MB
Progress (2): 425 kB | 0.3/11 MB    
                                
Downloaded from oss.sonatype.org: https://oss.sonatype.org/content/groups/public/org/apache/httpcomponents/httpclient/4.2/httpclient-4.2.jar (425 kB at 226 kB/s)
Downloading from oss.sonatype.org: https://oss.sonatype.org/content/groups/public/com/fasterxml/jackson/core/jackson-databind/2.1.1/jackson-databind-2.1.1.jar
Progress (1): 0.3/11 MB
Progress (1): 0.3/11 MB
Progress (1): 0.3/11 MB
Progress (1): 0.3/11 MB
Progress (1): 0.4/11 MB
Progress (1): 0.4/11 MB
Progress (1): 0.4/11 MB
Progress (2): 0.4/11 MB | 0.9/223 kB
Progress (2): 0.4/11 MB | 2.3/223 kB
Progress (2): 0.4/11 MB | 3.6/223 kB
Progress (2): 0.4/11 MB | 5.0/223 kB
Progress (2): 0.4/11 MB | 5.0/223 kB
Progress (2): 0.4/11 MB | 6.4/223 kB
Progress (2): 0.4/11 MB | 7.7/223 kB
Progress (2): 0.4/11 MB | 9.1/223 kB
Progress (2): 0.4/11 MB | 10/223 kB 
Progress (2): 0.4/11 MB | 12/223 kB
Progress (2): 0.4/11 MB | 13/223 kB
Progress (2): 0.4/11 MB | 15/223 kB
Progress (2): 0.4/11 MB | 16/223 kB
Progress (2): 0.4/11 MB | 16/223 kB
Progress (2): 0.4/11 MB | 17/223 kB
Progress (2): 0.4/11 MB | 19/223 kB
Progress (2): 0.4/11 MB | 20/223 kB
Progress (2): 0.4/11 MB | 21/223 kB
Progress (2): 0.4/11 MB | 23/223 kB
Progress (2): 0.4/11 MB | 27/223 kB
Progress (2): 0.4/11 MB | 27/223 kB
Progress (2): 0.4/11 MB | 31/223 kB
Progress (2): 0.4/11 MB | 35/223 kB
Progress (2): 0.5/11 MB | 35/223 kB
Progress (2): 0.5/11 MB | 40/223 kB
Progress (2): 0.5/11 MB | 44/223 kB
Progress (2): 0.5/11 MB | 48/223 kB
Progress (2): 0.5/11 MB | 48/223 kB
Progress (2): 0.5/11 MB | 52/223 kB
Progress (2): 0.5/11 MB | 57/223 kB
Progress (2): 0.5/11 MB | 61/223 kB
Progress (2): 0.5/11 MB | 61/223 kB
Progress (2): 0.5/11 MB | 65/223 kB
Progress (2): 0.5/11 MB | 69/223 kB
Progress (2): 0.5/11 MB | 74/223 kB
Progress (2): 0.5/11 MB | 74/223 kB
Progress (2): 0.5/11 MB | 78/223 kB
Progress (2): 0.5/11 MB | 78/223 kB
Progress (3): 0.5/11 MB | 78/223 kB | 7.7/206 kB
Progress (3): 0.5/11 MB | 78/223 kB | 7.7/206 kB
Progress (3): 0.5/11 MB | 78/223 kB | 24/206 kB 
Progress (3): 0.5/11 MB | 78/223 kB | 40/206 kB
Progress (3): 0.5/11 MB | 78/223 kB | 57/206 kB
Progress (3): 0.5/11 MB | 78/223 kB | 73/206 kB
Progress (3): 0.5/11 MB | 78/223 kB | 90/206 kB
Progress (3): 0.5/11 MB | 78/223 kB | 106/206 kB
Progress (3): 0.5/11 MB | 78/223 kB | 106/206 kB
Progress (3): 0.5/11 MB | 78/223 kB | 122/206 kB
Progress (3): 0.5/11 MB | 78/223 kB | 131/206 kB
Progress (3): 0.5/11 MB | 78/223 kB | 147/206 kB
Progress (3): 0.5/11 MB | 78/223 kB | 164/206 kB
Progress (3): 0.5/11 MB | 78/223 kB | 180/206 kB
Progress (3): 0.5/11 MB | 78/223 kB | 197/206 kB
Progress (3): 0.5/11 MB | 78/223 kB | 206 kB    
                                            
Downloaded from oss.sonatype.org: https://oss.sonatype.org/content/groups/public/com/fasterxml/jackson/core/jackson-core/2.1.1/jackson-core-2.1.1.jar (206 kB at 100 kB/s)
Progress (2): 0.6/11 MB | 78/223 kB
                                   
Downloading from oss.sonatype.org: https://oss.sonatype.org/content/groups/public/com/fasterxml/jackson/core/jackson-annotations/2.1.1/jackson-annotations-2.1.1.jar
Progress (2): 0.6/11 MB | 78/223 kB
Progress (2): 0.6/11 MB | 78/223 kB
Progress (2): 0.6/11 MB | 78/223 kB
Progress (2): 0.6/11 MB | 78/223 kB
Progress (2): 0.6/11 MB | 78/223 kB
Progress (2): 0.7/11 MB | 78/223 kB
Progress (3): 0.7/11 MB | 78/223 kB | 0.9/47 kB
Progress (3): 0.7/11 MB | 78/223 kB | 2.3/47 kB
Progress (3): 0.7/11 MB | 78/223 kB | 3.6/47 kB
Progress (3): 0.7/11 MB | 78/223 kB | 5.0/47 kB
Progress (3): 0.7/11 MB | 78/223 kB | 5.0/47 kB
Progress (3): 0.7/11 MB | 78/223 kB | 6.4/47 kB
Progress (3): 0.7/11 MB | 78/223 kB | 7.7/47 kB
Progress (3): 0.7/11 MB | 78/223 kB | 9.1/47 kB
Progress (3): 0.7/11 MB | 78/223 kB | 10/47 kB 
Progress (3): 0.7/11 MB | 78/223 kB | 12/47 kB
Progress (3): 0.7/11 MB | 78/223 kB | 13/47 kB
Progress (3): 0.7/11 MB | 78/223 kB | 13/47 kB
Progress (3): 0.7/11 MB | 78/223 kB | 15/47 kB
Progress (3): 0.7/11 MB | 78/223 kB | 16/47 kB
Progress (3): 0.7/11 MB | 78/223 kB | 17/47 kB
Progress (3): 0.7/11 MB | 78/223 kB | 19/47 kB
Progress (3): 0.7/11 MB | 78/223 kB | 20/47 kB
Progress (3): 0.7/11 MB | 78/223 kB | 21/47 kB
Progress (3): 0.7/11 MB | 78/223 kB | 21/47 kB
Progress (3): 0.7/11 MB | 78/223 kB | 23/47 kB
Progress (3): 0.7/11 MB | 78/223 kB | 24/47 kB
Progress (3): 0.7/11 MB | 78/223 kB | 28/47 kB
Progress (3): 0.7/11 MB | 78/223 kB | 28/47 kB
Progress (3): 0.7/11 MB | 78/223 kB | 28/47 kB
Progress (3): 0.7/11 MB | 78/223 kB | 33/47 kB
Progress (3): 0.7/11 MB | 82/223 kB | 33/47 kB
Progress (3): 0.7/11 MB | 82/223 kB | 37/47 kB
Progress (3): 0.7/11 MB | 86/223 kB | 37/47 kB
Progress (3): 0.7/11 MB | 86/223 kB | 41/47 kB
Progress (3): 0.7/11 MB | 86/223 kB | 41/47 kB
Progress (3): 0.7/11 MB | 90/223 kB | 41/47 kB
Progress (3): 0.7/11 MB | 95/223 kB | 41/47 kB
Progress (3): 0.7/11 MB | 95/223 kB | 45/47 kB
Progress (3): 0.7/11 MB | 95/223 kB | 47 kB   
Progress (3): 0.8/11 MB | 95/223 kB | 47 kB
                                           
Downloaded from oss.sonatype.org: https://oss.sonatype.org/content/groups/public/commons-codec/commons-codec/1.3/commons-codec-1.3.jar (47 kB at 22 kB/s)
Downloading from oss.sonatype.org: https://oss.sonatype.org/content/groups/public/org/springframework/spring-core/3.2.5.RELEASE/spring-core-3.2.5.RELEASE.jar
Progress (2): 0.8/11 MB | 99/223 kB
Progress (2): 0.8/11 MB | 103/223 kB
Progress (2): 0.8/11 MB | 103/223 kB
Progress (2): 0.8/11 MB | 107/223 kB
Progress (2): 0.8/11 MB | 107/223 kB
Progress (2): 0.8/11 MB | 112/223 kB
Progress (2): 0.8/11 MB | 112/223 kB
Progress (2): 0.8/11 MB | 116/223 kB
Progress (2): 0.8/11 MB | 120/223 kB
Progress (2): 0.8/11 MB | 120/223 kB
Progress (2): 0.8/11 MB | 122/223 kB
Progress (2): 0.8/11 MB | 127/223 kB
Progress (2): 0.8/11 MB | 127/223 kB
Progress (2): 0.8/11 MB | 131/223 kB
Progress (2): 0.9/11 MB | 131/223 kB
Progress (2): 0.9/11 MB | 135/223 kB
Progress (2): 0.9/11 MB | 135/223 kB
Progress (2): 0.9/11 MB | 139/223 kB
Progress (2): 0.9/11 MB | 144/223 kB
Progress (2): 0.9/11 MB | 144/223 kB
Progress (2): 0.9/11 MB | 148/223 kB
Progress (2): 0.9/11 MB | 148/223 kB
Progress (2): 0.9/11 MB | 152/223 kB
Progress (2): 0.9/11 MB | 152/223 kB
Progress (2): 0.9/11 MB | 156/223 kB
Progress (2): 0.9/11 MB | 156/223 kB
Progress (2): 0.9/11 MB | 160/223 kB
Progress (2): 1.0/11 MB | 160/223 kB
Progress (2): 1.0/11 MB | 165/223 kB
Progress (2): 1.0/11 MB | 169/223 kB
Progress (2): 1.0/11 MB | 169/223 kB
Progress (2): 1.0/11 MB | 173/223 kB
Progress (2): 1.0/11 MB | 173/223 kB
Progress (2): 1.0/11 MB | 177/223 kB
Progress (2): 1.0/11 MB | 177/223 kB
Progress (2): 1.0/11 MB | 182/223 kB
Progress (2): 1.0/11 MB | 182/223 kB
Progress (2): 1.0/11 MB | 186/223 kB
Progress (2): 1.0/11 MB | 186/223 kB
Progress (2): 1.0/11 MB | 190/223 kB
Progress (2): 1.1/11 MB | 190/223 kB
Progress (2): 1.1/11 MB | 190/223 kB
Progress (2): 1.1/11 MB | 190/223 kB
Progress (2): 1.1/11 MB | 206/223 kB
Progress (2): 1.1/11 MB | 206/223 kB
Progress (2): 1.1/11 MB | 206/223 kB
Progress (2): 1.1/11 MB | 206/223 kB
Progress (2): 1.2/11 MB | 206/223 kB
Progress (2): 1.2/11 MB | 206/223 kB
Progress (2): 1.2/11 MB | 206/223 kB
Progress (2): 1.2/11 MB | 206/223 kB
Progress (2): 1.2/11 MB | 206/223 kB
Progress (2): 1.2/11 MB | 206/223 kB
Progress (2): 1.2/11 MB | 206/223 kB
Progress (2): 1.2/11 MB | 206/223 kB
Progress (2): 1.3/11 MB | 206/223 kB
Progress (2): 1.3/11 MB | 206/223 kB
Progress (2): 1.3/11 MB | 206/223 kB
Progress (2): 1.3/11 MB | 206/223 kB
Progress (2): 1.3/11 MB | 206/223 kB
Progress (2): 1.3/11 MB | 206/223 kB
Progress (2): 1.3/11 MB | 206/223 kB
Progress (2): 1.4/11 MB | 206/223 kB
Progress (2): 1.4/11 MB | 206/223 kB
Progress (2): 1.4/11 MB | 206/223 kB
Progress (2): 1.4/11 MB | 223/223 kB
Progress (2): 1.4/11 MB | 223 kB    
Progress (2): 1.4/11 MB | 223 kB
                                
Downloaded from oss.sonatype.org: https://oss.sonatype.org/content/groups/public/org/apache/httpcomponents/httpcore/4.2/httpcore-4.2.jar (223 kB at 96 kB/s)
Downloading from oss.sonatype.org: https://oss.sonatype.org/content/groups/public/org/apache/maven/wagon/wagon-provider-api/2.2/wagon-provider-api-2.2.jar
Progress (1): 1.4/11 MB
Progress (1): 1.4/11 MB
Progress (1): 1.5/11 MB
Progress (1): 1.5/11 MB
Progress (1): 1.5/11 MB
Progress (1): 1.5/11 MB
Progress (1): 1.5/11 MB
Progress (1): 1.5/11 MB
Progress (1): 1.6/11 MB
Progress (1): 1.6/11 MB
Progress (1): 1.6/11 MB
Progress (1): 1.6/11 MB
Progress (1): 1.6/11 MB
Progress (1): 1.6/11 MB
Progress (1): 1.7/11 MB
Progress (1): 1.7/11 MB
Progress (1): 1.7/11 MB
Progress (1): 1.7/11 MB
Progress (1): 1.7/11 MB
Progress (1): 1.7/11 MB
Progress (1): 1.8/11 MB
Progress (1): 1.8/11 MB
Progress (1): 1.8/11 MB
Progress (1): 1.8/11 MB
Progress (1): 1.8/11 MB
Progress (1): 1.8/11 MB
Progress (1): 1.9/11 MB
Progress (1): 1.9/11 MB
Progress (1): 1.9/11 MB
Progress (1): 1.9/11 MB
Progress (1): 1.9/11 MB
Progress (1): 1.9/11 MB
Progress (1): 2.0/11 MB
Progress (1): 2.0/11 MB
Progress (1): 2.0/11 MB
Progress (1): 2.0/11 MB
Progress (1): 2.0/11 MB
Progress (1): 2.0/11 MB
Progress (1): 2.0/11 MB
Progress (1): 2.0/11 MB
Progress (1): 2.1/11 MB
Progress (1): 2.1/11 MB
Progress (1): 2.1/11 MB
Progress (1): 2.1/11 MB
Progress (1): 2.1/11 MB
Progress (1): 2.1/11 MB
Progress (1): 2.2/11 MB
Progress (1): 2.2/11 MB
Progress (1): 2.2/11 MB
Progress (1): 2.2/11 MB
Progress (1): 2.2/11 MB
Progress (1): 2.2/11 MB
Progress (1): 2.3/11 MB
Progress (1): 2.3/11 MB
Progress (1): 2.3/11 MB
Progress (1): 2.3/11 MB
Progress (1): 2.3/11 MB
Progress (1): 2.3/11 MB
Progress (1): 2.3/11 MB
Progress (1): 2.4/11 MB
Progress (2): 2.4/11 MB | 7.7/923 kB
Progress (2): 2.4/11 MB | 15/923 kB 
Progress (2): 2.4/11 MB | 15/923 kB
Progress (2): 2.4/11 MB | 32/923 kB
Progress (2): 2.4/11 MB | 48/923 kB
Progress (2): 2.4/11 MB | 65/923 kB
Progress (2): 2.4/11 MB | 65/923 kB
Progress (2): 2.4/11 MB | 81/923 kB
Progress (2): 2.4/11 MB | 97/923 kB
Progress (2): 2.4/11 MB | 97/923 kB
Progress (2): 2.4/11 MB | 114/923 kB
Progress (2): 2.4/11 MB | 130/923 kB
Progress (2): 2.4/11 MB | 130/923 kB
Progress (2): 2.4/11 MB | 147/923 kB
Progress (2): 2.4/11 MB | 163/923 kB
Progress (2): 2.4/11 MB | 179/923 kB
Progress (2): 2.4/11 MB | 179/923 kB
Progress (2): 2.4/11 MB | 196/923 kB
Progress (2): 2.4/11 MB | 197/923 kB
Progress (2): 2.4/11 MB | 213/923 kB
Progress (2): 2.5/11 MB | 213/923 kB
Progress (2): 2.5/11 MB | 229/923 kB
Progress (2): 2.5/11 MB | 246/923 kB
Progress (2): 2.5/11 MB | 246/923 kB
Progress (2): 2.5/11 MB | 262/923 kB
Progress (2): 2.5/11 MB | 279/923 kB
Progress (2): 2.5/11 MB | 279/923 kB
Progress (2): 2.5/11 MB | 295/923 kB
Progress (2): 2.5/11 MB | 311/923 kB
Progress (2): 2.5/11 MB | 311/923 kB
Progress (2): 2.5/11 MB | 328/923 kB
Progress (2): 2.5/11 MB | 344/923 kB
Progress (2): 2.5/11 MB | 344/923 kB
Progress (2): 2.5/11 MB | 360/923 kB
Progress (2): 2.5/11 MB | 377/923 kB
Progress (2): 2.5/11 MB | 377/923 kB
Progress (2): 2.5/11 MB | 393/923 kB
Progress (2): 2.6/11 MB | 393/923 kB
Progress (2): 2.6/11 MB | 410/923 kB
Progress (2): 2.6/11 MB | 426/923 kB
Progress (2): 2.6/11 MB | 442/923 kB
Progress (2): 2.6/11 MB | 442/923 kB
Progress (2): 2.6/11 MB | 459/923 kB
Progress (2): 2.6/11 MB | 475/923 kB
Progress (2): 2.6/11 MB | 475/923 kB
Progress (2): 2.6/11 MB | 492/923 kB
Progress (2): 2.6/11 MB | 508/923 kB
Progress (2): 2.6/11 MB | 508/923 kB
Progress (2): 2.6/11 MB | 524/923 kB
Progress (2): 2.6/11 MB | 541/923 kB
Progress (2): 2.6/11 MB | 541/923 kB
Progress (2): 2.6/11 MB | 557/923 kB
Progress (2): 2.6/11 MB | 573/923 kB
Progress (2): 2.6/11 MB | 573/923 kB
Progress (2): 2.6/11 MB | 590/923 kB
Progress (2): 2.6/11 MB | 606/923 kB
Progress (2): 2.7/11 MB | 606/923 kB
Progress (2): 2.7/11 MB | 623/923 kB
Progress (2): 2.7/11 MB | 623/923 kB
Progress (2): 2.7/11 MB | 639/923 kB
Progress (2): 2.7/11 MB | 655/923 kB
Progress (2): 2.7/11 MB | 655/923 kB
Progress (2): 2.7/11 MB | 672/923 kB
Progress (2): 2.7/11 MB | 688/923 kB
Progress (2): 2.7/11 MB | 705/923 kB
Progress (2): 2.7/11 MB | 705/923 kB
Progress (2): 2.7/11 MB | 721/923 kB
Progress (2): 2.7/11 MB | 721/923 kB
Progress (2): 2.7/11 MB | 737/923 kB
Progress (2): 2.7/11 MB | 754/923 kB
Progress (2): 2.7/11 MB | 754/923 kB
Progress (2): 2.7/11 MB | 770/923 kB
Progress (2): 2.7/11 MB | 786/923 kB
Progress (2): 2.8/11 MB | 786/923 kB
Progress (2): 2.8/11 MB | 803/923 kB
Progress (2): 2.8/11 MB | 819/923 kB
Progress (2): 2.8/11 MB | 819/923 kB
Progress (2): 2.8/11 MB | 836/923 kB
Progress (2): 2.8/11 MB | 852/923 kB
Progress (2): 2.8/11 MB | 852/923 kB
Progress (2): 2.8/11 MB | 868/923 kB
Progress (2): 2.8/11 MB | 868/923 kB
Progress (2): 2.8/11 MB | 885/923 kB
Progress (2): 2.8/11 MB | 901/923 kB
Progress (2): 2.8/11 MB | 901/923 kB
Progress (2): 2.8/11 MB | 918/923 kB
Progress (2): 2.8/11 MB | 923 kB    
Progress (2): 2.8/11 MB | 923 kB
                                
Downloaded from oss.sonatype.org: https://oss.sonatype.org/content/groups/public/com/fasterxml/jackson/core/jackson-databind/2.1.1/jackson-databind-2.1.1.jar (923 kB at 369 kB/s)
Downloading from oss.sonatype.org: https://oss.sonatype.org/content/groups/public/org/codehaus/plexus/plexus-utils/3.0/plexus-utils-3.0.jar
Progress (1): 2.9/11 MB
Progress (1): 2.9/11 MB
Progress (1): 2.9/11 MB
Progress (1): 2.9/11 MB
Progress (1): 2.9/11 MB
Progress (1): 2.9/11 MB
Progress (1): 3.0/11 MB
Progress (1): 3.0/11 MB
Progress (1): 3.0/11 MB
Progress (1): 3.0/11 MB
Progress (1): 3.0/11 MB
Progress (1): 3.0/11 MB
Progress (1): 3.1/11 MB
Progress (1): 3.1/11 MB
Progress (1): 3.1/11 MB
Progress (1): 3.1/11 MB
Progress (1): 3.1/11 MB
Progress (1): 3.1/11 MB
Progress (1): 3.2/11 MB
Progress (1): 3.2/11 MB
Progress (1): 3.2/11 MB
Progress (1): 3.2/11 MB
Progress (1): 3.2/11 MB
Progress (1): 3.2/11 MB
Progress (1): 3.2/11 MB
Progress (1): 3.3/11 MB
Progress (1): 3.3/11 MB
Progress (1): 3.3/11 MB
Progress (1): 3.3/11 MB
Progress (1): 3.3/11 MB
Progress (1): 3.3/11 MB
Progress (1): 3.4/11 MB
Progress (1): 3.4/11 MB
Progress (1): 3.4/11 MB
Progress (1): 3.4/11 MB
Progress (1): 3.4/11 MB
Progress (1): 3.4/11 MB
Progress (1): 3.5/11 MB
Progress (1): 3.5/11 MB
Progress (1): 3.5/11 MB
Progress (1): 3.5/11 MB
Progress (1): 3.5/11 MB
Progress (1): 3.5/11 MB
Progress (1): 3.6/11 MB
Progress (1): 3.6/11 MB
Progress (1): 3.6/11 MB
Progress (1): 3.6/11 MB
Progress (1): 3.6/11 MB
Progress (1): 3.6/11 MB
Progress (1): 3.7/11 MB
Progress (1): 3.7/11 MB
Progress (1): 3.7/11 MB
Progress (1): 3.7/11 MB
Progress (1): 3.7/11 MB
Progress (1): 3.7/11 MB
Progress (1): 3.8/11 MB
Progress (1): 3.8/11 MB
Progress (1): 3.8/11 MB
Progress (1): 3.8/11 MB
Progress (1): 3.8/11 MB
Progress (1): 3.8/11 MB
Progress (1): 3.9/11 MB
Progress (1): 3.9/11 MB
Progress (1): 3.9/11 MB
Progress (1): 3.9/11 MB
Progress (1): 3.9/11 MB
Progress (1): 3.9/11 MB
Progress (1): 4.0/11 MB
Progress (1): 4.0/11 MB
Progress (1): 4.0/11 MB
Progress (1): 4.0/11 MB
Progress (1): 4.0/11 MB
Progress (1): 4.0/11 MB
Progress (1): 4.1/11 MB
Progress (1): 4.1/11 MB
Progress (1): 4.1/11 MB
Progress (1): 4.1/11 MB
Progress (1): 4.1/11 MB
Progress (1): 4.1/11 MB
Progress (1): 4.2/11 MB
Progress (1): 4.2/11 MB
Progress (1): 4.2/11 MB
Progress (1): 4.2/11 MB
Progress (1): 4.2/11 MB
Progress (1): 4.2/11 MB
Progress (1): 4.2/11 MB
Progress (1): 4.3/11 MB
Progress (1): 4.3/11 MB
Progress (1): 4.3/11 MB
Progress (1): 4.3/11 MB
Progress (1): 4.3/11 MB
Progress (1): 4.3/11 MB
Progress (1): 4.4/11 MB
Progress (1): 4.4/11 MB
Progress (1): 4.4/11 MB
Progress (1): 4.4/11 MB
Progress (1): 4.4/11 MB
Progress (1): 4.4/11 MB
Progress (1): 4.5/11 MB
Progress (1): 4.5/11 MB
Progress (1): 4.5/11 MB
Progress (1): 4.5/11 MB
Progress (1): 4.5/11 MB
Progress (1): 4.5/11 MB
Progress (1): 4.6/11 MB
Progress (1): 4.6/11 MB
Progress (1): 4.6/11 MB
Progress (1): 4.6/11 MB
Progress (1): 4.6/11 MB
Progress (1): 4.6/11 MB
Progress (1): 4.7/11 MB
Progress (1): 4.7/11 MB
Progress (1): 4.7/11 MB
Progress (1): 4.7/11 MB
Progress (1): 4.7/11 MB
Progress (1): 4.7/11 MB
Progress (1): 4.8/11 MB
Progress (1): 4.8/11 MB
Progress (1): 4.8/11 MB
Progress (1): 4.8/11 MB
Progress (1): 4.8/11 MB
Progress (1): 4.8/11 MB
Progress (1): 4.9/11 MB
Progress (1): 4.9/11 MB
Progress (1): 4.9/11 MB
Progress (1): 4.9/11 MB
Progress (1): 4.9/11 MB
Progress (1): 4.9/11 MB
Progress (1): 5.0/11 MB
Progress (1): 5.0/11 MB
Progress (1): 5.0/11 MB
Progress (1): 5.0/11 MB
Progress (1): 5.0/11 MB
Progress (1): 5.0/11 MB
Progress (1): 5.1/11 MB
Progress (1): 5.1/11 MB
Progress (1): 5.1/11 MB
Progress (1): 5.1/11 MB
Progress (1): 5.1/11 MB
Progress (1): 5.1/11 MB
Progress (1): 5.2/11 MB
Progress (1): 5.2/11 MB
Progress (1): 5.2/11 MB
Progress (1): 5.2/11 MB
Progress (1): 5.2/11 MB
Progress (1): 5.2/11 MB
Progress (1): 5.2/11 MB
Progress (1): 5.3/11 MB
Progress (1): 5.3/11 MB
Progress (1): 5.3/11 MB
Progress (1): 5.3/11 MB
Progress (1): 5.3/11 MB
Progress (1): 5.3/11 MB
Progress (1): 5.4/11 MB
Progress (1): 5.4/11 MB
Progress (1): 5.4/11 MB
Progress (1): 5.4/11 MB
Progress (1): 5.4/11 MB
Progress (1): 5.4/11 MB
Progress (1): 5.5/11 MB
Progress (1): 5.5/11 MB
Progress (1): 5.5/11 MB
Progress (1): 5.5/11 MB
Progress (1): 5.5/11 MB
Progress (1): 5.5/11 MB
Progress (1): 5.6/11 MB
Progress (1): 5.6/11 MB
Progress (1): 5.6/11 MB
Progress (1): 5.6/11 MB
Progress (1): 5.6/11 MB
Progress (1): 5.6/11 MB
Progress (1): 5.7/11 MB
Progress (1): 5.7/11 MB
Progress (1): 5.7/11 MB
Progress (1): 5.7/11 MB
Progress (1): 5.7/11 MB
Progress (1): 5.7/11 MB
Progress (1): 5.8/11 MB
Progress (1): 5.8/11 MB
Progress (1): 5.8/11 MB
Progress (1): 5.8/11 MB
Progress (1): 5.8/11 MB
Progress (1): 5.8/11 MB
Progress (1): 5.9/11 MB
Progress (1): 5.9/11 MB
Progress (1): 5.9/11 MB
Progress (1): 5.9/11 MB
Progress (1): 5.9/11 MB
Progress (1): 5.9/11 MB
Progress (1): 6.0/11 MB
Progress (1): 6.0/11 MB
Progress (1): 6.0/11 MB
Progress (1): 6.0/11 MB
Progress (1): 6.0/11 MB
Progress (1): 6.0/11 MB
Progress (1): 6.1/11 MB
Progress (1): 6.1/11 MB
Progress (1): 6.1/11 MB
Progress (1): 6.1/11 MB
Progress (1): 6.1/11 MB
Progress (1): 6.1/11 MB
Progress (1): 6.1/11 MB
Progress (1): 6.2/11 MB
Progress (1): 6.2/11 MB
Progress (1): 6.2/11 MB
Progress (1): 6.2/11 MB
Progress (1): 6.2/11 MB
Progress (1): 6.2/11 MB
Progress (1): 6.3/11 MB
Progress (1): 6.3/11 MB
Progress (1): 6.3/11 MB
Progress (1): 6.3/11 MB
Progress (1): 6.3/11 MB
Progress (1): 6.3/11 MB
Progress (1): 6.3/11 MB
Progress (1): 6.4/11 MB
Progress (1): 6.4/11 MB
Progress (1): 6.4/11 MB
Progress (1): 6.4/11 MB
Progress (1): 6.4/11 MB
Progress (1): 6.4/11 MB
Progress (2): 6.4/11 MB | 3.8/34 kB
Progress (2): 6.5/11 MB | 3.8/34 kB
Progress (2): 6.5/11 MB | 5.7/34 kB
Progress (2): 6.5/11 MB | 5.7/34 kB
Progress (2): 6.5/11 MB | 5.7/34 kB
Progress (2): 6.5/11 MB | 5.7/34 kB
Progress (2): 6.5/11 MB | 5.7/34 kB
Progress (2): 6.5/11 MB | 5.7/34 kB
Progress (2): 6.6/11 MB | 5.7/34 kB
Progress (2): 6.6/11 MB | 9.9/34 kB
Progress (2): 6.6/11 MB | 9.9/34 kB
Progress (2): 6.6/11 MB | 9.9/34 kB
Progress (2): 6.6/11 MB | 9.9/34 kB
Progress (2): 6.6/11 MB | 9.9/34 kB
Progress (2): 6.6/11 MB | 14/34 kB 
Progress (2): 6.6/11 MB | 14/34 kB
Progress (2): 6.7/11 MB | 14/34 kB
Progress (2): 6.7/11 MB | 14/34 kB
Progress (2): 6.7/11 MB | 14/34 kB
Progress (2): 6.7/11 MB | 14/34 kB
Progress (2): 6.7/11 MB | 14/34 kB
Progress (2): 6.7/11 MB | 14/34 kB
Progress (2): 6.8/11 MB | 14/34 kB
Progress (2): 6.8/11 MB | 18/34 kB
Progress (2): 6.8/11 MB | 18/34 kB
Progress (2): 6.8/11 MB | 18/34 kB
Progress (2): 6.8/11 MB | 18/34 kB
Progress (2): 6.8/11 MB | 18/34 kB
Progress (2): 6.8/11 MB | 22/34 kB
Progress (2): 6.8/11 MB | 22/34 kB
Progress (2): 6.9/11 MB | 22/34 kB
Progress (2): 6.9/11 MB | 22/34 kB
Progress (2): 6.9/11 MB | 22/34 kB
Progress (2): 6.9/11 MB | 22/34 kB
Progress (2): 6.9/11 MB | 22/34 kB
Progress (2): 6.9/11 MB | 22/34 kB
Progress (2): 7.0/11 MB | 22/34 kB
Progress (2): 7.0/11 MB | 27/34 kB
Progress (2): 7.0/11 MB | 27/34 kB
Progress (2): 7.0/11 MB | 27/34 kB
Progress (2): 7.0/11 MB | 27/34 kB
Progress (2): 7.0/11 MB | 27/34 kB
Progress (2): 7.0/11 MB | 27/34 kB
Progress (2): 7.0/11 MB | 30/34 kB
Progress (2): 7.0/11 MB | 30/34 kB
Progress (2): 7.1/11 MB | 30/34 kB
Progress (2): 7.1/11 MB | 30/34 kB
Progress (2): 7.1/11 MB | 34 kB   
Progress (2): 7.1/11 MB | 34 kB
Progress (2): 7.1/11 MB | 34 kB
                               
Downloaded from oss.sonatype.org: https://oss.sonatype.org/content/groups/public/com/fasterxml/jackson/core/jackson-annotations/2.1.1/jackson-annotations-2.1.1.jar (34 kB at 13 kB/s)
Downloading from oss.sonatype.org: https://oss.sonatype.org/content/groups/public/commons-io/commons-io/2.4/commons-io-2.4.jar
Progress (1): 7.1/11 MB
Progress (1): 7.1/11 MB
Progress (1): 7.2/11 MB
Progress (1): 7.2/11 MB
Progress (1): 7.2/11 MB
Progress (1): 7.2/11 MB
Progress (1): 7.2/11 MB
Progress (1): 7.2/11 MB
Progress (1): 7.3/11 MB
Progress (1): 7.3/11 MB
Progress (1): 7.3/11 MB
Progress (1): 7.3/11 MB
Progress (1): 7.3/11 MB
Progress (1): 7.3/11 MB
Progress (1): 7.4/11 MB
Progress (1): 7.4/11 MB
Progress (1): 7.4/11 MB
Progress (1): 7.4/11 MB
Progress (1): 7.4/11 MB
Progress (1): 7.4/11 MB
Progress (1): 7.5/11 MB
Progress (1): 7.5/11 MB
Progress (1): 7.5/11 MB
Progress (1): 7.5/11 MB
Progress (1): 7.5/11 MB
Progress (1): 7.5/11 MB
Progress (1): 7.6/11 MB
Progress (1): 7.6/11 MB
Progress (1): 7.6/11 MB
Progress (1): 7.6/11 MB
Progress (1): 7.6/11 MB
Progress (1): 7.6/11 MB
Progress (1): 7.7/11 MB
Progress (1): 7.7/11 MB
Progress (1): 7.7/11 MB
Progress (1): 7.7/11 MB
Progress (1): 7.7/11 MB
Progress (1): 7.7/11 MB
Progress (1): 7.8/11 MB
Progress (1): 7.8/11 MB
Progress (1): 7.8/11 MB
Progress (1): 7.8/11 MB
Progress (1): 7.8/11 MB
Progress (1): 7.8/11 MB
Progress (1): 7.8/11 MB
Progress (1): 7.9/11 MB
Progress (1): 7.9/11 MB
Progress (1): 7.9/11 MB
Progress (1): 7.9/11 MB
Progress (1): 7.9/11 MB
Progress (1): 7.9/11 MB
Progress (1): 7.9/11 MB
Progress (1): 8.0/11 MB
Progress (1): 8.0/11 MB
Progress (1): 8.0/11 MB
Progress (1): 8.0/11 MB
Progress (1): 8.0/11 MB
Progress (1): 8.0/11 MB
Progress (1): 8.1/11 MB
Progress (1): 8.1/11 MB
Progress (1): 8.1/11 MB
Progress (1): 8.1/11 MB
Progress (1): 8.1/11 MB
Progress (1): 8.1/11 MB
Progress (1): 8.2/11 MB
Progress (1): 8.2/11 MB
Progress (1): 8.2/11 MB
Progress (1): 8.2/11 MB
Progress (1): 8.2/11 MB
Progress (1): 8.2/11 MB
Progress (1): 8.3/11 MB
Progress (1): 8.3/11 MB
Progress (1): 8.3/11 MB
Progress (1): 8.3/11 MB
Progress (1): 8.3/11 MB
Progress (1): 8.3/11 MB
Progress (1): 8.4/11 MB
Progress (1): 8.4/11 MB
Progress (1): 8.4/11 MB
Progress (1): 8.4/11 MB
Progress (1): 8.4/11 MB
Progress (1): 8.4/11 MB
Progress (1): 8.4/11 MB
Progress (1): 8.5/11 MB
Progress (1): 8.5/11 MB
Progress (1): 8.5/11 MB
Progress (1): 8.5/11 MB
Progress (1): 8.5/11 MB
Progress (1): 8.5/11 MB
Progress (1): 8.6/11 MB
Progress (1): 8.6/11 MB
Progress (1): 8.6/11 MB
Progress (1): 8.6/11 MB
Progress (1): 8.6/11 MB
Progress (1): 8.6/11 MB
Progress (1): 8.7/11 MB
Progress (1): 8.7/11 MB
Progress (1): 8.7/11 MB
Progress (1): 8.7/11 MB
Progress (1): 8.7/11 MB
Progress (1): 8.7/11 MB
Progress (1): 8.8/11 MB
Progress (1): 8.8/11 MB
Progress (1): 8.8/11 MB
Progress (1): 8.8/11 MB
Progress (1): 8.8/11 MB
Progress (1): 8.8/11 MB
Progress (1): 8.8/11 MB
Progress (1): 8.9/11 MB
Progress (1): 8.9/11 MB
Progress (1): 8.9/11 MB
Progress (1): 8.9/11 MB
Progress (1): 8.9/11 MB
Progress (1): 8.9/11 MB
Progress (1): 9.0/11 MB
Progress (2): 9.0/11 MB | 7.7/871 kB
Progress (2): 9.0/11 MB | 7.7/871 kB
Progress (2): 9.0/11 MB | 7.7/871 kB
Progress (2): 9.0/11 MB | 7.7/871 kB
Progress (2): 9.0/11 MB | 7.7/871 kB
Progress (2): 9.0/11 MB | 7.7/871 kB
Progress (2): 9.0/11 MB | 7.7/871 kB
Progress (2): 9.1/11 MB | 7.7/871 kB
Progress (2): 9.1/11 MB | 7.7/871 kB
Progress (2): 9.1/11 MB | 24/871 kB 
Progress (2): 9.1/11 MB | 24/871 kB
Progress (2): 9.1/11 MB | 24/871 kB
Progress (2): 9.1/11 MB | 24/871 kB
Progress (2): 9.1/11 MB | 24/871 kB
Progress (2): 9.2/11 MB | 24/871 kB
Progress (2): 9.2/11 MB | 24/871 kB
Progress (2): 9.2/11 MB | 24/871 kB
Progress (2): 9.2/11 MB | 24/871 kB
Progress (2): 9.2/11 MB | 24/871 kB
Progress (2): 9.2/11 MB | 40/871 kB
Progress (2): 9.2/11 MB | 40/871 kB
Progress (2): 9.3/11 MB | 40/871 kB
Progress (2): 9.3/11 MB | 40/871 kB
Progress (2): 9.3/11 MB | 40/871 kB
Progress (2): 9.3/11 MB | 40/871 kB
Progress (2): 9.3/11 MB | 40/871 kB
Progress (2): 9.3/11 MB | 40/871 kB
Progress (2): 9.4/11 MB | 40/871 kB
Progress (2): 9.4/11 MB | 57/871 kB
Progress (2): 9.4/11 MB | 57/871 kB
Progress (2): 9.4/11 MB | 57/871 kB
Progress (2): 9.4/11 MB | 57/871 kB
Progress (2): 9.4/11 MB | 57/871 kB
Progress (2): 9.4/11 MB | 57/871 kB
Progress (2): 9.5/11 MB | 57/871 kB
Progress (2): 9.5/11 MB | 57/871 kB
Progress (2): 9.5/11 MB | 57/871 kB
Progress (2): 9.5/11 MB | 73/871 kB
Progress (2): 9.5/11 MB | 73/871 kB
Progress (2): 9.5/11 MB | 73/871 kB
Progress (2): 9.5/11 MB | 73/871 kB
Progress (2): 9.5/11 MB | 73/871 kB
Progress (2): 9.6/11 MB | 73/871 kB
Progress (2): 9.6/11 MB | 73/871 kB
Progress (2): 9.6/11 MB | 73/871 kB
Progress (2): 9.6/11 MB | 73/871 kB
Progress (2): 9.6/11 MB | 73/871 kB
Progress (2): 9.6/11 MB | 90/871 kB
Progress (2): 9.6/11 MB | 90/871 kB
Progress (2): 9.7/11 MB | 90/871 kB
Progress (2): 9.7/11 MB | 90/871 kB
Progress (2): 9.7/11 MB | 90/871 kB
Progress (2): 9.7/11 MB | 90/871 kB
Progress (2): 9.7/11 MB | 90/871 kB
Progress (2): 9.7/11 MB | 90/871 kB
Progress (2): 9.7/11 MB | 106/871 kB
Progress (2): 9.8/11 MB | 106/871 kB
Progress (2): 9.8/11 MB | 106/871 kB
Progress (2): 9.8/11 MB | 106/871 kB
Progress (2): 9.8/11 MB | 106/871 kB
Progress (2): 9.8/11 MB | 106/871 kB
Progress (2): 9.8/11 MB | 106/871 kB
Progress (2): 9.9/11 MB | 106/871 kB
Progress (2): 9.9/11 MB | 106/871 kB
Progress (2): 9.9/11 MB | 106/871 kB
Progress (2): 9.9/11 MB | 106/871 kB
Progress (2): 9.9/11 MB | 122/871 kB
Progress (2): 9.9/11 MB | 122/871 kB
Progress (3): 9.9/11 MB | 122/871 kB | 7.7/53 kB
Progress (3): 9.9/11 MB | 122/871 kB | 7.7/53 kB
Progress (3): 9.9/11 MB | 122/871 kB | 11/53 kB 
Progress (3): 9.9/11 MB | 122/871 kB | 28/53 kB
Progress (3): 10.0/11 MB | 122/871 kB | 28/53 kB
Progress (3): 10.0/11 MB | 122/871 kB | 28/53 kB
Progress (3): 10.0/11 MB | 122/871 kB | 44/53 kB
Progress (3): 10.0/11 MB | 122/871 kB | 44/53 kB
Progress (3): 10.0/11 MB | 122/871 kB | 53 kB   
Progress (3): 10/11 MB | 122/871 kB | 53 kB  
                                           
Downloaded from oss.sonatype.org: https://oss.sonatype.org/content/groups/public/org/apache/maven/wagon/wagon-provider-api/2.2/wagon-provider-api-2.2.jar (53 kB at 18 kB/s)
Downloading from oss.sonatype.org: https://oss.sonatype.org/content/groups/public/org/kuali/common/kuali-threads/1.0.10/kuali-threads-1.0.10.jar
Progress (2): 10/11 MB | 122/871 kB
Progress (2): 10/11 MB | 122/871 kB
Progress (2): 10/11 MB | 122/871 kB
Progress (2): 10/11 MB | 122/871 kB
Progress (2): 10/11 MB | 122/871 kB
Progress (2): 10/11 MB | 139/871 kB
Progress (2): 10/11 MB | 139/871 kB
Progress (2): 10/11 MB | 139/871 kB
Progress (2): 10/11 MB | 139/871 kB
Progress (2): 10/11 MB | 139/871 kB
Progress (2): 10/11 MB | 139/871 kB
Progress (2): 10/11 MB | 139/871 kB
Progress (2): 10/11 MB | 139/871 kB
Progress (2): 10/11 MB | 139/871 kB
Progress (2): 10/11 MB | 139/871 kB
Progress (2): 10/11 MB | 155/871 kB
Progress (2): 10/11 MB | 155/871 kB
Progress (2): 10/11 MB | 155/871 kB
Progress (2): 10/11 MB | 155/871 kB
Progress (2): 10/11 MB | 155/871 kB
Progress (2): 10/11 MB | 155/871 kB
Progress (2): 10/11 MB | 155/871 kB
Progress (2): 10/11 MB | 155/871 kB
Progress (2): 10/11 MB | 155/871 kB
Progress (2): 10/11 MB | 155/871 kB
Progress (2): 10/11 MB | 155/871 kB
Progress (2): 10/11 MB | 155/871 kB
Progress (2): 10/11 MB | 172/871 kB
Progress (2): 10/11 MB | 172/871 kB
Progress (2): 10/11 MB | 172/871 kB
Progress (2): 10/11 MB | 172/871 kB
Progress (2): 10/11 MB | 172/871 kB
Progress (2): 10/11 MB | 172/871 kB
Progress (2): 11/11 MB | 172/871 kB
Progress (2): 11/11 MB | 172/871 kB
Progress (2): 11/11 MB | 172/871 kB
Progress (2): 11/11 MB | 172/871 kB
Progress (2): 11/11 MB | 172/871 kB
Progress (2): 11/11 MB | 188/871 kB
Progress (2): 11/11 MB | 188/871 kB
Progress (2): 11/11 MB | 188/871 kB
Progress (2): 11/11 MB | 188/871 kB
Progress (2): 11/11 MB | 188/871 kB
Progress (2): 11/11 MB | 188/871 kB
Progress (2): 11/11 MB | 188/871 kB
Progress (2): 11/11 MB | 188/871 kB
Progress (2): 11/11 MB | 188/871 kB
Progress (2): 11/11 MB | 188/871 kB
Progress (2): 11/11 MB | 204/871 kB
Progress (2): 11/11 MB | 204/871 kB
Progress (2): 11/11 MB | 204/871 kB
Progress (2): 11/11 MB | 204/871 kB
Progress (2): 11/11 MB | 204/871 kB
Progress (2): 11/11 MB | 204/871 kB
Progress (2): 11/11 MB | 204/871 kB
Progress (2): 11/11 MB | 204/871 kB
Progress (2): 11/11 MB | 204/871 kB
Progress (2): 11/11 MB | 204/871 kB
Progress (2): 11/11 MB | 204/871 kB
Progress (2): 11/11 MB | 204/871 kB
Progress (2): 11/11 MB | 221/871 kB
Progress (2): 11/11 MB | 221/871 kB
Progress (2): 11/11 MB | 221/871 kB
Progress (2): 11/11 MB | 221/871 kB
Progress (2): 11/11 MB | 221/871 kB
Progress (2): 11 MB | 221/871 kB   
                                
Downloaded from oss.sonatype.org: https://oss.sonatype.org/content/groups/public/com/amazonaws/aws-java-sdk/1.6.4/aws-java-sdk-1.6.4.jar (11 MB at 3.7 MB/s)
Downloading from oss.sonatype.org: https://oss.sonatype.org/content/groups/public/org/slf4j/slf4j-log4j12/1.7.5/slf4j-log4j12-1.7.5.jar
Progress (1): 237/871 kB
Progress (1): 253/871 kB
Progress (1): 270/871 kB
Progress (1): 286/871 kB
Progress (1): 303/871 kB
Progress (1): 319/871 kB
Progress (1): 335/871 kB
Progress (1): 352/871 kB
Progress (1): 368/871 kB
Progress (1): 385/871 kB
Progress (1): 401/871 kB
Progress (1): 417/871 kB
Progress (1): 434/871 kB
Progress (1): 450/871 kB
Progress (1): 466/871 kB
Progress (1): 483/871 kB
Progress (1): 486/871 kB
Progress (1): 502/871 kB
Progress (1): 519/871 kB
Progress (1): 535/871 kB
Progress (1): 551/871 kB
Progress (1): 568/871 kB
Progress (1): 584/871 kB
Progress (1): 601/871 kB
Progress (1): 617/871 kB
Progress (1): 633/871 kB
Progress (2): 633/871 kB | 7.7/226 kB
Progress (2): 633/871 kB | 16/226 kB 
Progress (2): 650/871 kB | 16/226 kB
Progress (2): 650/871 kB | 32/226 kB
Progress (2): 666/871 kB | 32/226 kB
Progress (2): 666/871 kB | 49/226 kB
Progress (2): 666/871 kB | 65/226 kB
Progress (2): 682/871 kB | 65/226 kB
Progress (2): 682/871 kB | 81/226 kB
Progress (2): 699/871 kB | 81/226 kB
Progress (2): 699/871 kB | 98/226 kB
Progress (2): 715/871 kB | 98/226 kB
Progress (2): 715/871 kB | 114/226 kB
Progress (2): 715/871 kB | 131/226 kB
Progress (2): 732/871 kB | 131/226 kB
Progress (2): 732/871 kB | 147/226 kB
Progress (2): 748/871 kB | 147/226 kB
Progress (2): 748/871 kB | 163/226 kB
Progress (2): 764/871 kB | 163/226 kB
Progress (2): 781/871 kB | 163/226 kB
Progress (2): 781/871 kB | 180/226 kB
Progress (2): 797/871 kB | 180/226 kB
Progress (2): 797/871 kB | 196/226 kB
Progress (2): 814/871 kB | 196/226 kB
Progress (2): 814/871 kB | 212/226 kB
Progress (2): 830/871 kB | 212/226 kB
Progress (2): 830/871 kB | 226 kB    
Progress (2): 846/871 kB | 226 kB
                                 
Downloaded from oss.sonatype.org: https://oss.sonatype.org/content/groups/public/org/codehaus/plexus/plexus-utils/3.0/plexus-utils-3.0.jar (226 kB at 71 kB/s)
Downloading from oss.sonatype.org: https://oss.sonatype.org/content/groups/public/log4j/log4j/1.2.17/log4j-1.2.17.jar
Progress (1): 863/871 kB
Progress (1): 871 kB    
                    
Downloaded from oss.sonatype.org: https://oss.sonatype.org/content/groups/public/org/springframework/spring-core/3.2.5.RELEASE/spring-core-3.2.5.RELEASE.jar (871 kB at 272 kB/s)
Downloading from oss.sonatype.org: https://oss.sonatype.org/content/groups/public/org/slf4j/jcl-over-slf4j/1.7.5/jcl-over-slf4j-1.7.5.jar
Progress (1): 7.7/185 kB
Progress (1): 16/185 kB 
Progress (1): 32/185 kB
Progress (1): 49/185 kB
Progress (1): 65/185 kB
Progress (1): 66/185 kB
Progress (1): 82/185 kB
Progress (1): 98/185 kB
Progress (1): 115/185 kB
Progress (1): 131/185 kB
Progress (1): 147/185 kB
Progress (1): 164/185 kB
Progress (1): 180/185 kB
Progress (1): 185 kB    
                    
Downloaded from oss.sonatype.org: https://oss.sonatype.org/content/groups/public/commons-io/commons-io/2.4/commons-io-2.4.jar (185 kB at 54 kB/s)
Progress (1): 3.2/22 kB
Progress (1): 20/22 kB 
Progress (1): 22 kB   
                   
Downloaded from oss.sonatype.org: https://oss.sonatype.org/content/groups/public/org/kuali/common/kuali-threads/1.0.10/kuali-threads-1.0.10.jar (22 kB at 6.3 kB/s)
Progress (1): 3.8/8.9 kB
Progress (1): 8.0/8.9 kB
Progress (1): 8.9 kB    
                    
Downloaded from oss.sonatype.org: https://oss.sonatype.org/content/groups/public/org/slf4j/slf4j-log4j12/1.7.5/slf4j-log4j12-1.7.5.jar (8.9 kB at 2.5 kB/s)
Progress (1): 7.7/490 kB
Progress (1): 16/490 kB 
Progress (1): 24/490 kB
Progress (1): 40/490 kB
Progress (1): 57/490 kB
Progress (1): 73/490 kB
Progress (1): 90/490 kB
Progress (1): 106/490 kB
Progress (1): 122/490 kB
Progress (1): 139/490 kB
Progress (1): 155/490 kB
Progress (1): 172/490 kB
Progress (1): 188/490 kB
Progress (1): 197/490 kB
Progress (1): 213/490 kB
Progress (1): 229/490 kB
Progress (2): 229/490 kB | 7.7/17 kB
Progress (2): 229/490 kB | 16/17 kB 
Progress (2): 229/490 kB | 17 kB   
Progress (2): 246/490 kB | 17 kB
Progress (2): 262/490 kB | 17 kB
                                
Downloaded from oss.sonatype.org: https://oss.sonatype.org/content/groups/public/org/slf4j/jcl-over-slf4j/1.7.5/jcl-over-slf4j-1.7.5.jar (17 kB at 4.3 kB/s)
Progress (1): 279/490 kB
Progress (1): 295/490 kB
Progress (1): 311/490 kB
Progress (1): 328/490 kB
Progress (1): 344/490 kB
Progress (1): 360/490 kB
Progress (1): 377/490 kB
Progress (1): 393/490 kB
Progress (1): 410/490 kB
Progress (1): 426/490 kB
Progress (1): 442/490 kB
Progress (1): 459/490 kB
Progress (1): 475/490 kB
Progress (1): 490 kB    
                    
Downloaded from oss.sonatype.org: https://oss.sonatype.org/content/groups/public/log4j/log4j/1.2.17/log4j-1.2.17.jar (490 kB at 127 kB/s)
Downloading from oss.sonatype.org: https://oss.sonatype.org/content/groups/public/org/apache/felix/maven-bundle-plugin/5.1.8/maven-bundle-plugin-5.1.8.pom
Progress (1): 782 B
Progress (1): 2.0 kB
Progress (1): 4.1 kB
Progress (1): 7.4 kB
Progress (1): 9.8 kB
Progress (1): 11 kB 
                   
Downloaded from oss.sonatype.org: https://oss.sonatype.org/content/groups/public/org/apache/felix/maven-bundle-plugin/5.1.8/maven-bundle-plugin-5.1.8.pom (11 kB at 16 kB/s)
Downloading from oss.sonatype.org: https://oss.sonatype.org/content/groups/public/org/apache/felix/felix-parent/7/felix-parent-7.pom
Progress (1): 808 B
Progress (1): 2.2 kB
Progress (1): 4.7 kB
Progress (1): 7.3 kB
Progress (1): 10 kB 
Progress (1): 13 kB
Progress (1): 21 kB
                   
Downloaded from oss.sonatype.org: https://oss.sonatype.org/content/groups/public/org/apache/felix/felix-parent/7/felix-parent-7.pom (21 kB at 32 kB/s)
Downloading from oss.sonatype.org: https://oss.sonatype.org/content/groups/public/org/osgi/org.osgi.core/6.0.0/org.osgi.core-6.0.0.pom
Progress (1): 1.1 kB
                    
Downloaded from oss.sonatype.org: https://oss.sonatype.org/content/groups/public/org/osgi/org.osgi.core/6.0.0/org.osgi.core-6.0.0.pom (1.1 kB at 1.7 kB/s)
Downloading from oss.sonatype.org: https://oss.sonatype.org/content/groups/public/biz/aQute/bnd/biz.aQute.bndlib/6.3.1/biz.aQute.bndlib-6.3.1.pom
Progress (1): 1.0 kB
Progress (1): 3.6 kB
Progress (1): 5.2 kB
                    
Downloaded from oss.sonatype.org: https://oss.sonatype.org/content/groups/public/biz/aQute/bnd/biz.aQute.bndlib/6.3.1/biz.aQute.bndlib-6.3.1.pom (5.2 kB at 7.7 kB/s)
Downloading from oss.sonatype.org: https://oss.sonatype.org/content/groups/public/org/osgi/org.osgi.dto/1.0.0/org.osgi.dto-1.0.0.pom
Progress (1): 1.3 kB
                    
Downloaded from oss.sonatype.org: https://oss.sonatype.org/content/groups/public/org/osgi/org.osgi.dto/1.0.0/org.osgi.dto-1.0.0.pom (1.3 kB at 1.8 kB/s)
Downloading from oss.sonatype.org: https://oss.sonatype.org/content/groups/public/org/osgi/org.osgi.resource/1.0.0/org.osgi.resource-1.0.0.pom
Progress (1): 1.3 kB
                    
Downloaded from oss.sonatype.org: https://oss.sonatype.org/content/groups/public/org/osgi/org.osgi.resource/1.0.0/org.osgi.resource-1.0.0.pom (1.3 kB at 1.9 kB/s)
Downloading from oss.sonatype.org: https://oss.sonatype.org/content/groups/public/org/osgi/org.osgi.framework/1.8.0/org.osgi.framework-1.8.0.pom
Progress (1): 1.3 kB
                    
Downloaded from oss.sonatype.org: https://oss.sonatype.org/content/groups/public/org/osgi/org.osgi.framework/1.8.0/org.osgi.framework-1.8.0.pom (1.3 kB at 1.7 kB/s)
Downloading from oss.sonatype.org: https://oss.sonatype.org/content/groups/public/org/osgi/org.osgi.util.tracker/1.5.4/org.osgi.util.tracker-1.5.4.pom
Progress (1): 1.1 kB
Progress (1): 1.9 kB
                    
Downloaded from oss.sonatype.org: https://oss.sonatype.org/content/groups/public/org/osgi/org.osgi.util.tracker/1.5.4/org.osgi.util.tracker-1.5.4.pom (1.9 kB at 2.8 kB/s)
Downloading from oss.sonatype.org: https://oss.sonatype.org/content/groups/public/org/osgi/osgi.annotation/8.0.1/osgi.annotation-8.0.1.pom
Progress (1): 1.1 kB
Progress (1): 1.5 kB
                    
Downloaded from oss.sonatype.org: https://oss.sonatype.org/content/groups/public/org/osgi/osgi.annotation/8.0.1/osgi.annotation-8.0.1.pom (1.5 kB at 2.2 kB/s)
Downloading from oss.sonatype.org: https://oss.sonatype.org/content/groups/public/org/osgi/org.osgi.service.log/1.3.0/org.osgi.service.log-1.3.0.pom
Progress (1): 1.3 kB
                    
Downloaded from oss.sonatype.org: https://oss.sonatype.org/content/groups/public/org/osgi/org.osgi.service.log/1.3.0/org.osgi.service.log-1.3.0.pom (1.3 kB at 1.9 kB/s)
Downloading from oss.sonatype.org: https://oss.sonatype.org/content/groups/public/org/osgi/org.osgi.service.repository/1.1.0/org.osgi.service.repository-1.1.0.pom
Progress (1): 1.3 kB
                    
Downloaded from oss.sonatype.org: https://oss.sonatype.org/content/groups/public/org/osgi/org.osgi.service.repository/1.1.0/org.osgi.service.repository-1.1.0.pom (1.3 kB at 2.0 kB/s)
Downloading from oss.sonatype.org: https://oss.sonatype.org/content/groups/public/org/osgi/org.osgi.util.function/1.2.0/org.osgi.util.function-1.2.0.pom
Progress (1): 1.1 kB
Progress (1): 1.7 kB
                    
Downloaded from oss.sonatype.org: https://oss.sonatype.org/content/groups/public/org/osgi/org.osgi.util.function/1.2.0/org.osgi.util.function-1.2.0.pom (1.7 kB at 2.6 kB/s)
Downloading from oss.sonatype.org: https://oss.sonatype.org/content/groups/public/org/osgi/org.osgi.util.promise/1.2.0/org.osgi.util.promise-1.2.0.pom
Progress (1): 1.1 kB
Progress (1): 1.9 kB
                    
Downloaded from oss.sonatype.org: https://oss.sonatype.org/content/groups/public/org/osgi/org.osgi.util.promise/1.2.0/org.osgi.util.promise-1.2.0.pom (1.9 kB at 2.9 kB/s)
Downloading from oss.sonatype.org: https://oss.sonatype.org/content/groups/public/org/osgi/org.osgi.util.function/1.1.0/org.osgi.util.function-1.1.0.pom
Progress (1): 1.3 kB
Progress (1): 1.4 kB
                    
Downloaded from oss.sonatype.org: https://oss.sonatype.org/content/groups/public/org/osgi/org.osgi.util.function/1.1.0/org.osgi.util.function-1.1.0.pom (1.4 kB at 2.2 kB/s)
Downloading from oss.sonatype.org: https://oss.sonatype.org/content/groups/public/biz/aQute/bnd/biz.aQute.bnd.util/6.3.1/biz.aQute.bnd.util-6.3.1.pom
Progress (1): 1.1 kB
Progress (1): 2.7 kB
                    
Downloaded from oss.sonatype.org: https://oss.sonatype.org/content/groups/public/biz/aQute/bnd/biz.aQute.bnd.util/6.3.1/biz.aQute.bnd.util-6.3.1.pom (2.7 kB at 4.0 kB/s)
Downloading from oss.sonatype.org: https://oss.sonatype.org/content/groups/public/org/apache/felix/org.apache.felix.bundlerepository/1.6.6/org.apache.felix.bundlerepository-1.6.6.pom
Progress (1): 804 B
Progress (1): 3.1 kB
Progress (1): 5.2 kB
Progress (1): 5.9 kB
                    
Downloaded from oss.sonatype.org: https://oss.sonatype.org/content/groups/public/org/apache/felix/org.apache.felix.bundlerepository/1.6.6/org.apache.felix.bundlerepository-1.6.6.pom (5.9 kB at 8.8 kB/s)
Downloading from oss.sonatype.org: https://oss.sonatype.org/content/groups/public/org/apache/felix/felix-parent/2.1/felix-parent-2.1.pom
Progress (1): 797 B
Progress (1): 2.6 kB
Progress (1): 5.6 kB
Progress (1): 9.4 kB
Progress (1): 9.7 kB
                    
Downloaded from oss.sonatype.org: https://oss.sonatype.org/content/groups/public/org/apache/felix/felix-parent/2.1/felix-parent-2.1.pom (9.7 kB at 15 kB/s)
Downloading from oss.sonatype.org: https://oss.sonatype.org/content/groups/public/org/osgi/org.osgi.core/4.1.0/org.osgi.core-4.1.0.pom
Progress (1): 193 B
                   
Downloaded from oss.sonatype.org: https://oss.sonatype.org/content/groups/public/org/osgi/org.osgi.core/4.1.0/org.osgi.core-4.1.0.pom (193 B at 295 B/s)
Downloading from oss.sonatype.org: https://oss.sonatype.org/content/groups/public/org/easymock/easymock/2.4/easymock-2.4.pom
Progress (1): 1.2 kB
Progress (1): 3.2 kB
Progress (1): 5.3 kB
                    
Downloaded from oss.sonatype.org: https://oss.sonatype.org/content/groups/public/org/easymock/easymock/2.4/easymock-2.4.pom (5.3 kB at 8.0 kB/s)
Downloading from oss.sonatype.org: https://oss.sonatype.org/content/groups/public/org/apache/felix/org.apache.felix.utils/1.6.0/org.apache.felix.utils-1.6.0.pom
Progress (1): 829 B
Progress (1): 2.8 kB
Progress (1): 3.3 kB
                    
Downloaded from oss.sonatype.org: https://oss.sonatype.org/content/groups/public/org/apache/felix/org.apache.felix.utils/1.6.0/org.apache.felix.utils-1.6.0.pom (3.3 kB at 5.1 kB/s)
Downloading from oss.sonatype.org: https://oss.sonatype.org/content/groups/public/org/osgi/org.osgi.compendium/4.2.0/org.osgi.compendium-4.2.0.pom
Progress (1): 463 B
                   
Downloaded from oss.sonatype.org: https://oss.sonatype.org/content/groups/public/org/osgi/org.osgi.compendium/4.2.0/org.osgi.compendium-4.2.0.pom (463 B at 691 B/s)
Downloading from oss.sonatype.org: https://oss.sonatype.org/content/groups/public/org/apache/maven/maven-core/3.3.9/maven-core-3.3.9.pom
Progress (1): 794 B
Progress (1): 3.1 kB
Progress (1): 5.5 kB
Progress (1): 8.3 kB
                    
Downloaded from oss.sonatype.org: https://oss.sonatype.org/content/groups/public/org/apache/maven/maven-core/3.3.9/maven-core-3.3.9.pom (8.3 kB at 12 kB/s)
Downloading from oss.sonatype.org: https://oss.sonatype.org/content/groups/public/org/apache/maven/maven/3.3.9/maven-3.3.9.pom
Progress (1): 735 B
Progress (1): 1.9 kB
Progress (1): 3.4 kB
Progress (1): 5.3 kB
Progress (1): 9.7 kB
Progress (1): 15 kB 
Progress (1): 19 kB
Progress (1): 21 kB
Progress (1): 24 kB
                   
Downloaded from oss.sonatype.org: https://oss.sonatype.org/content/groups/public/org/apache/maven/maven/3.3.9/maven-3.3.9.pom (24 kB at 36 kB/s)
Downloading from oss.sonatype.org: https://oss.sonatype.org/content/groups/public/org/apache/maven/maven-parent/27/maven-parent-27.pom
Progress (1): 730 B
Progress (1): 2.0 kB
Progress (1): 5.9 kB
Progress (1): 10 kB 
Progress (1): 15 kB
Progress (1): 19 kB
Progress (1): 23 kB
Progress (1): 24 kB
Progress (1): 27 kB
Progress (1): 31 kB
Progress (1): 34 kB
Progress (1): 37 kB
Progress (1): 41 kB
                   
Downloaded from oss.sonatype.org: https://oss.sonatype.org/content/groups/public/org/apache/maven/maven-parent/27/maven-parent-27.pom (41 kB at 63 kB/s)
Downloading from oss.sonatype.org: https://oss.sonatype.org/content/groups/public/org/apache/apache/17/apache-17.pom
Progress (1): 749 B
Progress (1): 2.1 kB
Progress (1): 3.9 kB
Progress (1): 8.1 kB
Progress (1): 12 kB 
Progress (1): 15 kB
Progress (1): 16 kB
                   
Downloaded from oss.sonatype.org: https://oss.sonatype.org/content/groups/public/org/apache/apache/17/apache-17.pom (16 kB at 24 kB/s)
Downloading from oss.sonatype.org: https://oss.sonatype.org/content/groups/public/org/apache/maven/maven-model/3.3.9/maven-model-3.3.9.pom
Progress (1): 811 B
Progress (1): 2.6 kB
Progress (1): 4.0 kB
                    
Downloaded from oss.sonatype.org: https://oss.sonatype.org/content/groups/public/org/apache/maven/maven-model/3.3.9/maven-model-3.3.9.pom (4.0 kB at 6.3 kB/s)
Downloading from oss.sonatype.org: https://oss.sonatype.org/content/groups/public/org/codehaus/plexus/plexus-utils/3.0.22/plexus-utils-3.0.22.pom
Progress (1): 812 B
Progress (1): 2.3 kB
Progress (1): 3.8 kB
                    
Downloaded from oss.sonatype.org: https://oss.sonatype.org/content/groups/public/org/codehaus/plexus/plexus-utils/3.0.22/plexus-utils-3.0.22.pom (3.8 kB at 5.7 kB/s)
Downloading from oss.sonatype.org: https://oss.sonatype.org/content/groups/public/org/apache/commons/commons-lang3/3.4/commons-lang3-3.4.pom
Progress (1): 791 B
Progress (1): 2.2 kB
Progress (1): 5.7 kB
Progress (1): 7.7 kB
Progress (1): 11 kB 
Progress (1): 13 kB
Progress (1): 15 kB
Progress (1): 17 kB
Progress (1): 21 kB
Progress (1): 22 kB
                   
Downloaded from oss.sonatype.org: https://oss.sonatype.org/content/groups/public/org/apache/commons/commons-lang3/3.4/commons-lang3-3.4.pom (22 kB at 34 kB/s)
Downloading from oss.sonatype.org: https://oss.sonatype.org/content/groups/public/org/apache/commons/commons-parent/37/commons-parent-37.pom
Progress (1): 708 B
Progress (1): 1.8 kB
Progress (1): 3.0 kB
Progress (1): 4.3 kB
Progress (1): 5.8 kB
Progress (1): 9.3 kB
Progress (1): 13 kB 
Progress (1): 16 kB
Progress (1): 19 kB
Progress (1): 22 kB
Progress (1): 25 kB
Progress (1): 27 kB
Progress (1): 30 kB
Progress (1): 34 kB
Progress (1): 36 kB
Progress (1): 36 kB
Progress (1): 39 kB
Progress (1): 43 kB
Progress (1): 49 kB
Progress (1): 51 kB
Progress (1): 54 kB
Progress (1): 57 kB
Progress (1): 59 kB
Progress (1): 61 kB
Progress (1): 63 kB
Progress (1): 63 kB
                   
Downloaded from oss.sonatype.org: https://oss.sonatype.org/content/groups/public/org/apache/commons/commons-parent/37/commons-parent-37.pom (63 kB at 96 kB/s)
Downloading from oss.sonatype.org: https://oss.sonatype.org/content/groups/public/org/apache/maven/maven-settings/3.3.9/maven-settings-3.3.9.pom
Progress (1): 832 B
Progress (1): 1.8 kB
                    
Downloaded from oss.sonatype.org: https://oss.sonatype.org/content/groups/public/org/apache/maven/maven-settings/3.3.9/maven-settings-3.3.9.pom (1.8 kB at 2.8 kB/s)
Downloading from oss.sonatype.org: https://oss.sonatype.org/content/groups/public/org/apache/maven/maven-settings-builder/3.3.9/maven-settings-builder-3.3.9.pom
Progress (1): 823 B
Progress (1): 2.6 kB
                    
Downloaded from oss.sonatype.org: https://oss.sonatype.org/content/groups/public/org/apache/maven/maven-settings-builder/3.3.9/maven-settings-builder-3.3.9.pom (2.6 kB at 3.9 kB/s)
Downloading from oss.sonatype.org: https://oss.sonatype.org/content/groups/public/org/apache/maven/maven-builder-support/3.3.9/maven-builder-support-3.3.9.pom
Progress (1): 835 B
Progress (1): 1.7 kB
                    
Downloaded from oss.sonatype.org: https://oss.sonatype.org/content/groups/public/org/apache/maven/maven-builder-support/3.3.9/maven-builder-support-3.3.9.pom (1.7 kB at 2.5 kB/s)
Downloading from oss.sonatype.org: https://oss.sonatype.org/content/groups/public/org/codehaus/plexus/plexus-component-annotations/1.6/plexus-component-annotations-1.6.pom
Progress (1): 748 B
                   
Downloaded from oss.sonatype.org: https://oss.sonatype.org/content/groups/public/org/codehaus/plexus/plexus-component-annotations/1.6/plexus-component-annotations-1.6.pom (748 B at 1.1 kB/s)
Downloading from oss.sonatype.org: https://oss.sonatype.org/content/groups/public/org/codehaus/plexus/plexus-containers/1.6/plexus-containers-1.6.pom
Progress (1): 1.2 kB
Progress (1): 3.8 kB
                    
Downloaded from oss.sonatype.org: https://oss.sonatype.org/content/groups/public/org/codehaus/plexus/plexus-containers/1.6/plexus-containers-1.6.pom (3.8 kB at 5.7 kB/s)
Downloading from oss.sonatype.org: https://oss.sonatype.org/content/groups/public/org/codehaus/plexus/plexus/3.3.2/plexus-3.3.2.pom
Progress (1): 794 B
Progress (1): 2.6 kB
Progress (1): 6.3 kB
Progress (1): 7.7 kB
Progress (1): 9.0 kB
Progress (1): 12 kB 
Progress (1): 17 kB
Progress (1): 21 kB
Progress (1): 22 kB
                   
Downloaded from oss.sonatype.org: https://oss.sonatype.org/content/groups/public/org/codehaus/plexus/plexus/3.3.2/plexus-3.3.2.pom (22 kB at 32 kB/s)
Downloading from oss.sonatype.org: https://oss.sonatype.org/content/groups/public/org/apache/maven/maven-repository-metadata/3.3.9/maven-repository-metadata-3.3.9.pom
Progress (1): 831 B
Progress (1): 1.9 kB
                    
Downloaded from oss.sonatype.org: https://oss.sonatype.org/content/groups/public/org/apache/maven/maven-repository-metadata/3.3.9/maven-repository-metadata-3.3.9.pom (1.9 kB at 2.8 kB/s)
Downloading from oss.sonatype.org: https://oss.sonatype.org/content/groups/public/org/apache/maven/maven-artifact/3.3.9/maven-artifact-3.3.9.pom
Progress (1): 852 B
Progress (1): 2.1 kB
                    
Downloaded from oss.sonatype.org: https://oss.sonatype.org/content/groups/public/org/apache/maven/maven-artifact/3.3.9/maven-artifact-3.3.9.pom (2.1 kB at 3.3 kB/s)
Downloading from oss.sonatype.org: https://oss.sonatype.org/content/groups/public/org/apache/maven/maven-plugin-api/3.3.9/maven-plugin-api-3.3.9.pom
Progress (1): 821 B
Progress (1): 2.7 kB
                    
Downloaded from oss.sonatype.org: https://oss.sonatype.org/content/groups/public/org/apache/maven/maven-plugin-api/3.3.9/maven-plugin-api-3.3.9.pom (2.7 kB at 4.1 kB/s)
Downloading from oss.sonatype.org: https://oss.sonatype.org/content/groups/public/org/eclipse/sisu/org.eclipse.sisu.plexus/0.3.2/org.eclipse.sisu.plexus-0.3.2.pom
Progress (1): 904 B
Progress (1): 3.1 kB
Progress (1): 4.2 kB
                    
Downloaded from oss.sonatype.org: https://oss.sonatype.org/content/groups/public/org/eclipse/sisu/org.eclipse.sisu.plexus/0.3.2/org.eclipse.sisu.plexus-0.3.2.pom (4.2 kB at 6.2 kB/s)
Downloading from oss.sonatype.org: https://oss.sonatype.org/content/groups/public/org/eclipse/sisu/sisu-plexus/0.3.2/sisu-plexus-0.3.2.pom
Progress (1): 883 B
Progress (1): 2.9 kB
Progress (1): 5.2 kB
Progress (1): 7.7 kB
Progress (1): 10 kB 
Progress (1): 13 kB
Progress (1): 14 kB
                   
Downloaded from oss.sonatype.org: https://oss.sonatype.org/content/groups/public/org/eclipse/sisu/sisu-plexus/0.3.2/sisu-plexus-0.3.2.pom (14 kB at 21 kB/s)
Downloading from oss.sonatype.org: https://oss.sonatype.org/content/groups/public/org/eclipse/sisu/org.eclipse.sisu.inject/0.3.2/org.eclipse.sisu.inject-0.3.2.pom
Progress (1): 914 B
Progress (1): 2.6 kB
                    
Downloaded from oss.sonatype.org: https://oss.sonatype.org/content/groups/public/org/eclipse/sisu/org.eclipse.sisu.inject/0.3.2/org.eclipse.sisu.inject-0.3.2.pom (2.6 kB at 4.0 kB/s)
Downloading from oss.sonatype.org: https://oss.sonatype.org/content/groups/public/org/eclipse/sisu/sisu-inject/0.3.2/sisu-inject-0.3.2.pom
Progress (1): 895 B
Progress (1): 2.9 kB
Progress (1): 5.2 kB
Progress (1): 9.3 kB
Progress (1): 11 kB 
Progress (1): 14 kB
Progress (1): 14 kB
                   
Downloaded from oss.sonatype.org: https://oss.sonatype.org/content/groups/public/org/eclipse/sisu/sisu-inject/0.3.2/sisu-inject-0.3.2.pom (14 kB at 21 kB/s)
Downloading from oss.sonatype.org: https://oss.sonatype.org/content/groups/public/org/apache/maven/maven-model-builder/3.3.9/maven-model-builder-3.3.9.pom
Progress (1): 836 B
Progress (1): 3.1 kB
                    
Downloaded from oss.sonatype.org: https://oss.sonatype.org/content/groups/public/org/apache/maven/maven-model-builder/3.3.9/maven-model-builder-3.3.9.pom (3.1 kB at 4.5 kB/s)
Downloading from oss.sonatype.org: https://oss.sonatype.org/content/groups/public/org/apache/maven/maven-aether-provider/3.3.9/maven-aether-provider-3.3.9.pom
Progress (1): 815 B
Progress (1): 3.6 kB
Progress (1): 4.0 kB
                    
Downloaded from oss.sonatype.org: https://oss.sonatype.org/content/groups/public/org/apache/maven/maven-aether-provider/3.3.9/maven-aether-provider-3.3.9.pom (4.0 kB at 5.9 kB/s)
Downloading from oss.sonatype.org: https://oss.sonatype.org/content/groups/public/org/eclipse/aether/aether-api/1.0.2.v20150114/aether-api-1.0.2.v20150114.pom
Progress (1): 922 B
Progress (1): 1.8 kB
                    
Downloaded from oss.sonatype.org: https://oss.sonatype.org/content/groups/public/org/eclipse/aether/aether-api/1.0.2.v20150114/aether-api-1.0.2.v20150114.pom (1.8 kB at 2.7 kB/s)
Downloading from oss.sonatype.org: https://oss.sonatype.org/content/groups/public/org/eclipse/aether/aether/1.0.2.v20150114/aether-1.0.2.v20150114.pom
Progress (1): 795 B
Progress (1): 3.2 kB
Progress (1): 5.1 kB
Progress (1): 8.9 kB
Progress (1): 12 kB 
Progress (1): 16 kB
Progress (1): 19 kB
Progress (1): 22 kB
Progress (1): 27 kB
Progress (1): 29 kB
                   
Downloaded from oss.sonatype.org: https://oss.sonatype.org/content/groups/public/org/eclipse/aether/aether/1.0.2.v20150114/aether-1.0.2.v20150114.pom (29 kB at 44 kB/s)
Downloading from oss.sonatype.org: https://oss.sonatype.org/content/groups/public/org/eclipse/aether/aether-spi/1.0.2.v20150114/aether-spi-1.0.2.v20150114.pom
Progress (1): 916 B
Progress (1): 2.0 kB
                    
Downloaded from oss.sonatype.org: https://oss.sonatype.org/content/groups/public/org/eclipse/aether/aether-spi/1.0.2.v20150114/aether-spi-1.0.2.v20150114.pom (2.0 kB at 3.0 kB/s)
Downloading from oss.sonatype.org: https://oss.sonatype.org/content/groups/public/org/eclipse/aether/aether-util/1.0.2.v20150114/aether-util-1.0.2.v20150114.pom
Progress (1): 918 B
Progress (1): 2.1 kB
                    
Downloaded from oss.sonatype.org: https://oss.sonatype.org/content/groups/public/org/eclipse/aether/aether-util/1.0.2.v20150114/aether-util-1.0.2.v20150114.pom (2.1 kB at 3.2 kB/s)
Downloading from oss.sonatype.org: https://oss.sonatype.org/content/groups/public/org/eclipse/aether/aether-impl/1.0.2.v20150114/aether-impl-1.0.2.v20150114.pom
Progress (1): 921 B
Progress (1): 3.4 kB
                    
Downloaded from oss.sonatype.org: https://oss.sonatype.org/content/groups/public/org/eclipse/aether/aether-impl/1.0.2.v20150114/aether-impl-1.0.2.v20150114.pom (3.4 kB at 5.1 kB/s)
Downloading from oss.sonatype.org: https://oss.sonatype.org/content/groups/public/com/google/inject/guice/4.0/guice-4.0.pom
Progress (1): 1.6 kB
Progress (1): 3.6 kB
Progress (1): 6.3 kB
Progress (1): 9.9 kB
Progress (1): 11 kB 
                   
Downloaded from oss.sonatype.org: https://oss.sonatype.org/content/groups/public/com/google/inject/guice/4.0/guice-4.0.pom (11 kB at 15 kB/s)
Downloading from oss.sonatype.org: https://oss.sonatype.org/content/groups/public/com/google/inject/guice-parent/4.0/guice-parent-4.0.pom
Progress (1): 796 B
Progress (1): 2.8 kB
Progress (1): 4.4 kB
Progress (1): 7.1 kB
Progress (1): 10 kB 
Progress (1): 12 kB
Progress (1): 15 kB
                   
Downloaded from oss.sonatype.org: https://oss.sonatype.org/content/groups/public/com/google/inject/guice-parent/4.0/guice-parent-4.0.pom (15 kB at 22 kB/s)
Downloading from oss.sonatype.org: https://oss.sonatype.org/content/groups/public/com/google/google/5/google-5.pom
Progress (1): 1.2 kB
Progress (1): 2.5 kB
                    
Downloaded from oss.sonatype.org: https://oss.sonatype.org/content/groups/public/com/google/google/5/google-5.pom (2.5 kB at 3.7 kB/s)
Downloading from oss.sonatype.org: https://oss.sonatype.org/content/groups/public/org/apache/maven/maven-compat/3.3.9/maven-compat-3.3.9.pom
Progress (1): 834 B
Progress (1): 3.5 kB
Progress (1): 3.8 kB
                    
Downloaded from oss.sonatype.org: https://oss.sonatype.org/content/groups/public/org/apache/maven/maven-compat/3.3.9/maven-compat-3.3.9.pom (3.8 kB at 5.8 kB/s)
Downloading from oss.sonatype.org: https://oss.sonatype.org/content/groups/public/org/apache/maven/wagon/wagon-provider-api/2.10/wagon-provider-api-2.10.pom
Progress (1): 843 B
Progress (1): 1.7 kB
                    
Downloaded from oss.sonatype.org: https://oss.sonatype.org/content/groups/public/org/apache/maven/wagon/wagon-provider-api/2.10/wagon-provider-api-2.10.pom (1.7 kB at 2.5 kB/s)
Downloading from oss.sonatype.org: https://oss.sonatype.org/content/groups/public/org/apache/maven/wagon/wagon/2.10/wagon-2.10.pom
Progress (1): 772 B
Progress (1): 2.5 kB
Progress (1): 5.2 kB
Progress (1): 7.7 kB
Progress (1): 12 kB 
Progress (1): 14 kB
Progress (1): 17 kB
Progress (1): 21 kB
                   
Downloaded from oss.sonatype.org: https://oss.sonatype.org/content/groups/public/org/apache/maven/wagon/wagon/2.10/wagon-2.10.pom (21 kB at 30 kB/s)
Downloading from oss.sonatype.org: https://oss.sonatype.org/content/groups/public/org/apache/maven/maven-parent/26/maven-parent-26.pom
Progress (1): 795 B
Progress (1): 2.1 kB
Progress (1): 6.4 kB
Progress (1): 10 kB 
Progress (1): 15 kB
Progress (1): 18 kB
Progress (1): 23 kB
Progress (1): 24 kB
Progress (1): 24 kB
Progress (1): 27 kB
Progress (1): 30 kB
Progress (1): 32 kB
Progress (1): 36 kB
Progress (1): 40 kB
                   
Downloaded from oss.sonatype.org: https://oss.sonatype.org/content/groups/public/org/apache/maven/maven-parent/26/maven-parent-26.pom (40 kB at 59 kB/s)
Downloading from oss.sonatype.org: https://oss.sonatype.org/content/groups/public/org/codehaus/plexus/plexus-utils/3.0.15/plexus-utils-3.0.15.pom
Progress (1): 817 B
Progress (1): 2.3 kB
Progress (1): 3.1 kB
                    
Downloaded from oss.sonatype.org: https://oss.sonatype.org/content/groups/public/org/codehaus/plexus/plexus-utils/3.0.15/plexus-utils-3.0.15.pom (3.1 kB at 4.7 kB/s)
Downloading from oss.sonatype.org: https://oss.sonatype.org/content/groups/public/org/apache/maven/maven-archiver/3.5.2/maven-archiver-3.5.2.pom
Progress (1): 796 B
Progress (1): 2.2 kB
Progress (1): 4.9 kB
Progress (1): 5.5 kB
                    
Downloaded from oss.sonatype.org: https://oss.sonatype.org/content/groups/public/org/apache/maven/maven-archiver/3.5.2/maven-archiver-3.5.2.pom (5.5 kB at 8.5 kB/s)
Downloading from oss.sonatype.org: https://oss.sonatype.org/content/groups/public/org/apache/maven/maven-artifact/3.1.1/maven-artifact-3.1.1.pom
Progress (1): 845 B
Progress (1): 2.0 kB
                    
Downloaded from oss.sonatype.org: https://oss.sonatype.org/content/groups/public/org/apache/maven/maven-artifact/3.1.1/maven-artifact-3.1.1.pom (2.0 kB at 3.0 kB/s)
Downloading from oss.sonatype.org: https://oss.sonatype.org/content/groups/public/org/apache/maven/maven/3.1.1/maven-3.1.1.pom
Progress (1): 816 B
Progress (1): 2.1 kB
Progress (1): 3.7 kB
Progress (1): 7.7 kB
Progress (1): 13 kB 
Progress (1): 16 kB
Progress (1): 19 kB
Progress (1): 22 kB
Progress (1): 22 kB
                   
Downloaded from oss.sonatype.org: https://oss.sonatype.org/content/groups/public/org/apache/maven/maven/3.1.1/maven-3.1.1.pom (22 kB at 32 kB/s)
Downloading from oss.sonatype.org: https://oss.sonatype.org/content/groups/public/org/apache/maven/maven-model/3.1.1/maven-model-3.1.1.pom
Progress (1): 809 B
Progress (1): 2.3 kB
Progress (1): 4.1 kB
                    
Downloaded from oss.sonatype.org: https://oss.sonatype.org/content/groups/public/org/apache/maven/maven-model/3.1.1/maven-model-3.1.1.pom (4.1 kB at 6.4 kB/s)
Downloading from oss.sonatype.org: https://oss.sonatype.org/content/groups/public/org/apache/maven/maven-core/3.1.1/maven-core-3.1.1.pom
Progress (1): 795 B
Progress (1): 3.6 kB
Progress (1): 5.8 kB
Progress (1): 7.3 kB
                    
Downloaded from oss.sonatype.org: https://oss.sonatype.org/content/groups/public/org/apache/maven/maven-core/3.1.1/maven-core-3.1.1.pom (7.3 kB at 11 kB/s)
Downloading from oss.sonatype.org: https://oss.sonatype.org/content/groups/public/org/apache/maven/maven-settings/3.1.1/maven-settings-3.1.1.pom
Progress (1): 830 B
Progress (1): 2.2 kB
                    
Downloaded from oss.sonatype.org: https://oss.sonatype.org/content/groups/public/org/apache/maven/maven-settings/3.1.1/maven-settings-3.1.1.pom (2.2 kB at 3.3 kB/s)
Downloading from oss.sonatype.org: https://oss.sonatype.org/content/groups/public/org/apache/maven/maven-settings-builder/3.1.1/maven-settings-builder-3.1.1.pom
Progress (1): 823 B
Progress (1): 2.6 kB
                    
Downloaded from oss.sonatype.org: https://oss.sonatype.org/content/groups/public/org/apache/maven/maven-settings-builder/3.1.1/maven-settings-builder-3.1.1.pom (2.6 kB at 3.8 kB/s)
Downloading from oss.sonatype.org: https://oss.sonatype.org/content/groups/public/org/codehaus/plexus/plexus-interpolation/1.19/plexus-interpolation-1.19.pom
Progress (1): 1.0 kB
                    
Downloaded from oss.sonatype.org: https://oss.sonatype.org/content/groups/public/org/codehaus/plexus/plexus-interpolation/1.19/plexus-interpolation-1.19.pom (1.0 kB at 1.6 kB/s)
Downloading from oss.sonatype.org: https://oss.sonatype.org/content/groups/public/org/apache/maven/maven-repository-metadata/3.1.1/maven-repository-metadata-3.1.1.pom
Progress (1): 823 B
Progress (1): 2.2 kB
                    
Downloaded from oss.sonatype.org: https://oss.sonatype.org/content/groups/public/org/apache/maven/maven-repository-metadata/3.1.1/maven-repository-metadata-3.1.1.pom (2.2 kB at 3.0 kB/s)
Downloading from oss.sonatype.org: https://oss.sonatype.org/content/groups/public/org/apache/maven/maven-plugin-api/3.1.1/maven-plugin-api-3.1.1.pom
Progress (1): 816 B
Progress (1): 2.5 kB
Progress (1): 3.4 kB
                    
Downloaded from oss.sonatype.org: https://oss.sonatype.org/content/groups/public/org/apache/maven/maven-plugin-api/3.1.1/maven-plugin-api-3.1.1.pom (3.4 kB at 5.3 kB/s)
Downloading from oss.sonatype.org: https://oss.sonatype.org/content/groups/public/org/eclipse/sisu/org.eclipse.sisu.plexus/0.0.0.M5/org.eclipse.sisu.plexus-0.0.0.M5.pom
Progress (1): 894 B
Progress (1): 3.6 kB
Progress (1): 4.8 kB
                    
Downloaded from oss.sonatype.org: https://oss.sonatype.org/content/groups/public/org/eclipse/sisu/org.eclipse.sisu.plexus/0.0.0.M5/org.eclipse.sisu.plexus-0.0.0.M5.pom (4.8 kB at 6.6 kB/s)
Downloading from oss.sonatype.org: https://oss.sonatype.org/content/groups/public/org/eclipse/sisu/sisu-plexus/0.0.0.M5/sisu-plexus-0.0.0.M5.pom
Progress (1): 861 B
Progress (1): 2.8 kB
Progress (1): 5.1 kB
Progress (1): 9.4 kB
Progress (1): 11 kB 
Progress (1): 13 kB
                   
Downloaded from oss.sonatype.org: https://oss.sonatype.org/content/groups/public/org/eclipse/sisu/sisu-plexus/0.0.0.M5/sisu-plexus-0.0.0.M5.pom (13 kB at 18 kB/s)
Downloading from oss.sonatype.org: https://oss.sonatype.org/content/groups/public/org/eclipse/sisu/org.eclipse.sisu.inject/0.0.0.M5/org.eclipse.sisu.inject-0.0.0.M5.pom
Progress (1): 922 B
Progress (1): 2.5 kB
                    
Downloaded from oss.sonatype.org: https://oss.sonatype.org/content/groups/public/org/eclipse/sisu/org.eclipse.sisu.inject/0.0.0.M5/org.eclipse.sisu.inject-0.0.0.M5.pom (2.5 kB at 3.7 kB/s)
Downloading from oss.sonatype.org: https://oss.sonatype.org/content/groups/public/org/eclipse/sisu/sisu-inject/0.0.0.M5/sisu-inject-0.0.0.M5.pom
Progress (1): 860 B
Progress (1): 2.8 kB
Progress (1): 5.0 kB
Progress (1): 9.3 kB
Progress (1): 11 kB 
Progress (1): 14 kB
                   
Downloaded from oss.sonatype.org: https://oss.sonatype.org/content/groups/public/org/eclipse/sisu/sisu-inject/0.0.0.M5/sisu-inject-0.0.0.M5.pom (14 kB at 21 kB/s)
Downloading from oss.sonatype.org: https://oss.sonatype.org/content/groups/public/org/apache/maven/maven-model-builder/3.1.1/maven-model-builder-3.1.1.pom
Progress (1): 838 B
Progress (1): 2.7 kB
Progress (1): 2.8 kB
                    
Downloaded from oss.sonatype.org: https://oss.sonatype.org/content/groups/public/org/apache/maven/maven-model-builder/3.1.1/maven-model-builder-3.1.1.pom (2.8 kB at 4.1 kB/s)
Downloading from oss.sonatype.org: https://oss.sonatype.org/content/groups/public/org/apache/maven/maven-aether-provider/3.1.1/maven-aether-provider-3.1.1.pom
Progress (1): 813 B
Progress (1): 3.0 kB
Progress (1): 4.1 kB
                    
Downloaded from oss.sonatype.org: https://oss.sonatype.org/content/groups/public/org/apache/maven/maven-aether-provider/3.1.1/maven-aether-provider-3.1.1.pom (4.1 kB at 6.1 kB/s)
Downloading from oss.sonatype.org: https://oss.sonatype.org/content/groups/public/org/eclipse/aether/aether-api/0.9.0.M2/aether-api-0.9.0.M2.pom
Progress (1): 941 B
Progress (1): 1.7 kB
                    
Downloaded from oss.sonatype.org: https://oss.sonatype.org/content/groups/public/org/eclipse/aether/aether-api/0.9.0.M2/aether-api-0.9.0.M2.pom (1.7 kB at 2.7 kB/s)
Downloading from oss.sonatype.org: https://oss.sonatype.org/content/groups/public/org/eclipse/aether/aether/0.9.0.M2/aether-0.9.0.M2.pom
Progress (1): 807 B
Progress (1): 3.2 kB
Progress (1): 5.9 kB
Progress (1): 9.8 kB
Progress (1): 13 kB 
Progress (1): 17 kB
Progress (1): 20 kB
Progress (1): 24 kB
Progress (1): 28 kB
                   
Downloaded from oss.sonatype.org: https://oss.sonatype.org/content/groups/public/org/eclipse/aether/aether/0.9.0.M2/aether-0.9.0.M2.pom (28 kB at 41 kB/s)
Downloading from oss.sonatype.org: https://oss.sonatype.org/content/groups/public/org/eclipse/aether/aether-spi/0.9.0.M2/aether-spi-0.9.0.M2.pom
Progress (1): 938 B
Progress (1): 1.8 kB
                    
Downloaded from oss.sonatype.org: https://oss.sonatype.org/content/groups/public/org/eclipse/aether/aether-spi/0.9.0.M2/aether-spi-0.9.0.M2.pom (1.8 kB at 2.7 kB/s)
Downloading from oss.sonatype.org: https://oss.sonatype.org/content/groups/public/org/eclipse/aether/aether-util/0.9.0.M2/aether-util-0.9.0.M2.pom
Progress (1): 935 B
Progress (1): 2.0 kB
                    
Downloaded from oss.sonatype.org: https://oss.sonatype.org/content/groups/public/org/eclipse/aether/aether-util/0.9.0.M2/aether-util-0.9.0.M2.pom (2.0 kB at 3.1 kB/s)
Downloading from oss.sonatype.org: https://oss.sonatype.org/content/groups/public/org/eclipse/aether/aether-impl/0.9.0.M2/aether-impl-0.9.0.M2.pom
Progress (1): 944 B
Progress (1): 3.3 kB
                    
Downloaded from oss.sonatype.org: https://oss.sonatype.org/content/groups/public/org/eclipse/aether/aether-impl/0.9.0.M2/aether-impl-0.9.0.M2.pom (3.3 kB at 5.2 kB/s)
Downloading from oss.sonatype.org: https://oss.sonatype.org/content/groups/public/org/codehaus/plexus/plexus-classworlds/2.5.1/plexus-classworlds-2.5.1.pom
Progress (1): 931 B
Progress (1): 3.0 kB
Progress (1): 5.0 kB
                    
Downloaded from oss.sonatype.org: https://oss.sonatype.org/content/groups/public/org/codehaus/plexus/plexus-classworlds/2.5.1/plexus-classworlds-2.5.1.pom (5.0 kB at 7.5 kB/s)
Downloading from oss.sonatype.org: https://oss.sonatype.org/content/groups/public/org/apache/maven/shared/maven-shared-utils/3.3.3/maven-shared-utils-3.3.3.pom
Progress (1): 807 B
Progress (1): 2.3 kB
Progress (1): 4.7 kB
Progress (1): 5.8 kB
                    
Downloaded from oss.sonatype.org: https://oss.sonatype.org/content/groups/public/org/apache/maven/shared/maven-shared-utils/3.3.3/maven-shared-utils-3.3.3.pom (5.8 kB at 9.0 kB/s)
Downloading from oss.sonatype.org: https://oss.sonatype.org/content/groups/public/org/apache/commons/commons-compress/1.20/commons-compress-1.20.pom
Progress (1): 765 B
Progress (1): 1.9 kB
Progress (1): 3.5 kB
Progress (1): 6.7 kB
Progress (1): 9.2 kB
Progress (1): 12 kB 
Progress (1): 15 kB
Progress (1): 18 kB
                   
Downloaded from oss.sonatype.org: https://oss.sonatype.org/content/groups/public/org/apache/commons/commons-compress/1.20/commons-compress-1.20.pom (18 kB at 28 kB/s)
Downloading from oss.sonatype.org: https://oss.sonatype.org/content/groups/public/org/apache/commons/commons-parent/48/commons-parent-48.pom
Progress (1): 704 B
Progress (1): 1.9 kB
Progress (1): 3.2 kB
Progress (1): 4.7 kB
Progress (1): 8.4 kB
Progress (1): 11 kB 
Progress (1): 14 kB
Progress (1): 17 kB
Progress (1): 21 kB
Progress (1): 24 kB
Progress (1): 26 kB
Progress (1): 29 kB
Progress (1): 32 kB
Progress (1): 36 kB
Progress (1): 38 kB
Progress (1): 39 kB
Progress (1): 41 kB
Progress (1): 45 kB
Progress (1): 50 kB
Progress (1): 55 kB
Progress (1): 59 kB
Progress (1): 62 kB
Progress (1): 64 kB
Progress (1): 66 kB
Progress (1): 68 kB
Progress (1): 70 kB
Progress (1): 72 kB
Progress (1): 72 kB
                   
Downloaded from oss.sonatype.org: https://oss.sonatype.org/content/groups/public/org/apache/commons/commons-parent/48/commons-parent-48.pom (72 kB at 110 kB/s)
Downloading from oss.sonatype.org: https://oss.sonatype.org/content/groups/public/org/codehaus/plexus/plexus-archiver/4.2.7/plexus-archiver-4.2.7.pom
Progress (1): 1.3 kB
Progress (1): 3.7 kB
Progress (1): 4.9 kB
                    
Downloaded from oss.sonatype.org: https://oss.sonatype.org/content/groups/public/org/codehaus/plexus/plexus-archiver/4.2.7/plexus-archiver-4.2.7.pom (4.9 kB at 7.6 kB/s)
Downloading from oss.sonatype.org: https://oss.sonatype.org/content/groups/public/org/codehaus/plexus/plexus/8/plexus-8.pom
Progress (1): 696 B
Progress (1): 2.7 kB
Progress (1): 6.4 kB
Progress (1): 9.2 kB
Progress (1): 11 kB 
Progress (1): 15 kB
Progress (1): 20 kB
Progress (1): 24 kB
Progress (1): 25 kB
                   
Downloaded from oss.sonatype.org: https://oss.sonatype.org/content/groups/public/org/codehaus/plexus/plexus/8/plexus-8.pom (25 kB at 38 kB/s)
Downloading from oss.sonatype.org: https://oss.sonatype.org/content/groups/public/org/codehaus/plexus/plexus-utils/3.4.1/plexus-utils-3.4.1.pom
Progress (1): 724 B
Progress (1): 2.3 kB
Progress (1): 4.6 kB
Progress (1): 7.7 kB
Progress (1): 8.0 kB
                    
Downloaded from oss.sonatype.org: https://oss.sonatype.org/content/groups/public/org/codehaus/plexus/plexus-utils/3.4.1/plexus-utils-3.4.1.pom (8.0 kB at 12 kB/s)
Downloading from oss.sonatype.org: https://oss.sonatype.org/content/groups/public/org/codehaus/plexus/plexus-io/3.2.0/plexus-io-3.2.0.pom
Progress (1): 1.4 kB
Progress (1): 4.4 kB
Progress (1): 4.5 kB
                    
Downloaded from oss.sonatype.org: https://oss.sonatype.org/content/groups/public/org/codehaus/plexus/plexus-io/3.2.0/plexus-io-3.2.0.pom (4.5 kB at 7.0 kB/s)
Downloading from oss.sonatype.org: https://oss.sonatype.org/content/groups/public/org/apache/commons/commons-compress/1.21/commons-compress-1.21.pom
Progress (1): 753 B
Progress (1): 1.9 kB
Progress (1): 3.5 kB
Progress (1): 6.8 kB
Progress (1): 9.1 kB
Progress (1): 11 kB 
Progress (1): 14 kB
Progress (1): 18 kB
Progress (1): 20 kB
                   
Downloaded from oss.sonatype.org: https://oss.sonatype.org/content/groups/public/org/apache/commons/commons-compress/1.21/commons-compress-1.21.pom (20 kB at 31 kB/s)
Downloading from oss.sonatype.org: https://oss.sonatype.org/content/groups/public/org/apache/maven/shared/maven-dependency-tree/3.0/maven-dependency-tree-3.0.pom
Progress (1): 786 B
Progress (1): 2.3 kB
Progress (1): 4.8 kB
Progress (1): 7.3 kB
Progress (1): 7.4 kB
                    
Downloaded from oss.sonatype.org: https://oss.sonatype.org/content/groups/public/org/apache/maven/shared/maven-dependency-tree/3.0/maven-dependency-tree-3.0.pom (7.4 kB at 11 kB/s)
Downloading from oss.sonatype.org: https://oss.sonatype.org/content/groups/public/org/apache/maven/shared/maven-shared-components/21/maven-shared-components-21.pom
Progress (1): 808 B
Progress (1): 2.4 kB
Progress (1): 3.2 kB
Progress (1): 5.1 kB
                    
Downloaded from oss.sonatype.org: https://oss.sonatype.org/content/groups/public/org/apache/maven/shared/maven-shared-components/21/maven-shared-components-21.pom (5.1 kB at 7.9 kB/s)
Downloading from oss.sonatype.org: https://oss.sonatype.org/content/groups/public/org/jdom/jdom/1.1/jdom-1.1.pom
Progress (1): 905 B
Progress (1): 2.2 kB
                    
Downloaded from oss.sonatype.org: https://oss.sonatype.org/content/groups/public/org/jdom/jdom/1.1/jdom-1.1.pom (2.2 kB at 3.3 kB/s)
Downloading from oss.sonatype.org: https://oss.sonatype.org/content/groups/public/org/apache/felix/maven-bundle-plugin/5.1.8/maven-bundle-plugin-5.1.8.jar
Progress (1): 7.7/212 kB
Progress (1): 16/212 kB 
Progress (1): 32/212 kB
Progress (1): 49/212 kB
Progress (1): 65/212 kB
Progress (1): 81/212 kB
Progress (1): 98/212 kB
Progress (1): 114/212 kB
Progress (1): 131/212 kB
Progress (1): 147/212 kB
Progress (1): 163/212 kB
Progress (1): 180/212 kB
Progress (1): 196/212 kB
Progress (1): 212 kB    
                    
Downloaded from oss.sonatype.org: https://oss.sonatype.org/content/groups/public/org/apache/felix/maven-bundle-plugin/5.1.8/maven-bundle-plugin-5.1.8.jar (212 kB at 245 kB/s)
Downloading from oss.sonatype.org: https://oss.sonatype.org/content/groups/public/org/osgi/org.osgi.core/6.0.0/org.osgi.core-6.0.0.jar
Downloading from oss.sonatype.org: https://oss.sonatype.org/content/groups/public/biz/aQute/bnd/biz.aQute.bndlib/6.3.1/biz.aQute.bndlib-6.3.1.jar
Downloading from oss.sonatype.org: https://oss.sonatype.org/content/groups/public/org/osgi/org.osgi.dto/1.0.0/org.osgi.dto-1.0.0.jar
Downloading from oss.sonatype.org: https://oss.sonatype.org/content/groups/public/org/osgi/org.osgi.resource/1.0.0/org.osgi.resource-1.0.0.jar
Downloading from oss.sonatype.org: https://oss.sonatype.org/content/groups/public/org/osgi/org.osgi.framework/1.8.0/org.osgi.framework-1.8.0.jar
Progress (1): 0/3.2 MB
Progress (1): 0/3.2 MB
Progress (1): 0/3.2 MB
Progress (1): 0/3.2 MB
Progress (1): 0.1/3.2 MB
Progress (1): 0.1/3.2 MB
Progress (1): 0.1/3.2 MB
Progress (1): 0.1/3.2 MB
Progress (1): 0.1/3.2 MB
Progress (1): 0.1/3.2 MB
Progress (1): 0.2/3.2 MB
Progress (1): 0.2/3.2 MB
Progress (1): 0.2/3.2 MB
Progress (1): 0.2/3.2 MB
Progress (1): 0.2/3.2 MB
Progress (1): 0.2/3.2 MB
Progress (1): 0.3/3.2 MB
Progress (1): 0.3/3.2 MB
Progress (1): 0.3/3.2 MB
Progress (1): 0.3/3.2 MB
Progress (1): 0.3/3.2 MB
Progress (1): 0.3/3.2 MB
Progress (2): 0.3/3.2 MB | 7.7/15 kB
Progress (2): 0.3/3.2 MB | 7.7/15 kB
Progress (2): 0.3/3.2 MB | 15 kB    
Progress (2): 0.4/3.2 MB | 15 kB
                                
Downloaded from oss.sonatype.org: https://oss.sonatype.org/content/groups/public/org/osgi/org.osgi.dto/1.0.0/org.osgi.dto-1.0.0.jar (15 kB at 23 kB/s)
Downloading from oss.sonatype.org: https://oss.sonatype.org/content/groups/public/org/osgi/org.osgi.util.tracker/1.5.4/org.osgi.util.tracker-1.5.4.jar
Progress (1): 0.4/3.2 MB
Progress (1): 0.4/3.2 MB
Progress (1): 0.4/3.2 MB
Progress (1): 0.4/3.2 MB
Progress (1): 0.4/3.2 MB
Progress (1): 0.5/3.2 MB
Progress (2): 0.5/3.2 MB | 3.8/345 kB
Progress (2): 0.5/3.2 MB | 3.8/345 kB
Progress (2): 0.5/3.2 MB | 3.8/345 kB
Progress (2): 0.5/3.2 MB | 3.8/345 kB
Progress (2): 0.5/3.2 MB | 3.8/345 kB
Progress (2): 0.5/3.2 MB | 3.8/345 kB
Progress (2): 0.5/3.2 MB | 3.8/345 kB
Progress (2): 0.6/3.2 MB | 3.8/345 kB
Progress (2): 0.6/3.2 MB | 3.8/345 kB
Progress (2): 0.6/3.2 MB | 3.8/345 kB
Progress (2): 0.6/3.2 MB | 3.8/345 kB
Progress (2): 0.6/3.2 MB | 3.8/345 kB
Progress (2): 0.6/3.2 MB | 3.8/345 kB
Progress (2): 0.7/3.2 MB | 3.8/345 kB
Progress (2): 0.7/3.2 MB | 3.8/345 kB
Progress (2): 0.7/3.2 MB | 3.8/345 kB
Progress (2): 0.7/3.2 MB | 3.8/345 kB
Progress (2): 0.7/3.2 MB | 3.8/345 kB
Progress (2): 0.7/3.2 MB | 3.8/345 kB
Progress (2): 0.8/3.2 MB | 3.8/345 kB
Progress (2): 0.8/3.2 MB | 3.8/345 kB
Progress (2): 0.8/3.2 MB | 3.8/345 kB
Progress (2): 0.8/3.2 MB | 3.8/345 kB
Progress (2): 0.8/3.2 MB | 3.8/345 kB
Progress (2): 0.8/3.2 MB | 3.8/345 kB
Progress (2): 0.9/3.2 MB | 3.8/345 kB
Progress (2): 0.9/3.2 MB | 3.8/345 kB
Progress (2): 0.9/3.2 MB | 3.8/345 kB
Progress (2): 0.9/3.2 MB | 3.8/345 kB
Progress (2): 0.9/3.2 MB | 3.8/345 kB
Progress (2): 0.9/3.2 MB | 3.8/345 kB
Progress (3): 0.9/3.2 MB | 3.8/345 kB | 7.7/33 kB
Progress (3): 0.9/3.2 MB | 3.8/345 kB | 16/33 kB 
Progress (3): 1.0/3.2 MB | 3.8/345 kB | 16/33 kB
Progress (3): 1.0/3.2 MB | 3.8/345 kB | 16/33 kB
Progress (3): 1.0/3.2 MB | 3.8/345 kB | 32/33 kB
Progress (3): 1.0/3.2 MB | 3.8/345 kB | 33 kB   
                                             
Downloaded from oss.sonatype.org: https://oss.sonatype.org/content/groups/public/org/osgi/org.osgi.resource/1.0.0/org.osgi.resource-1.0.0.jar (33 kB at 45 kB/s)
Downloading from oss.sonatype.org: https://oss.sonatype.org/content/groups/public/org/osgi/osgi.annotation/8.0.1/osgi.annotation-8.0.1.jar
Progress (2): 1.0/3.2 MB | 3.8/345 kB
Progress (2): 1.0/3.2 MB | 3.8/345 kB
Progress (2): 1.0/3.2 MB | 3.8/345 kB
Progress (2): 1.0/3.2 MB | 3.8/345 kB
Progress (2): 1.1/3.2 MB | 3.8/345 kB
Progress (2): 1.1/3.2 MB | 3.8/345 kB
Progress (2): 1.1/3.2 MB | 3.8/345 kB
Progress (2): 1.1/3.2 MB | 3.8/345 kB
Progress (2): 1.1/3.2 MB | 3.8/345 kB
Progress (2): 1.1/3.2 MB | 3.8/345 kB
Progress (2): 1.2/3.2 MB | 3.8/345 kB
Progress (2): 1.2/3.2 MB | 3.8/345 kB
Progress (2): 1.2/3.2 MB | 3.8/345 kB
Progress (2): 1.2/3.2 MB | 3.8/345 kB
Progress (2): 1.2/3.2 MB | 3.8/345 kB
Progress (2): 1.2/3.2 MB | 3.8/345 kB
Progress (2): 1.3/3.2 MB | 3.8/345 kB
Progress (2): 1.3/3.2 MB | 3.8/345 kB
Progress (2): 1.3/3.2 MB | 3.8/345 kB
Progress (2): 1.3/3.2 MB | 3.8/345 kB
Progress (2): 1.3/3.2 MB | 3.8/345 kB
Progress (2): 1.3/3.2 MB | 3.8/345 kB
Progress (2): 1.4/3.2 MB | 3.8/345 kB
Progress (2): 1.4/3.2 MB | 3.8/345 kB
Progress (2): 1.4/3.2 MB | 3.8/345 kB
Progress (2): 1.4/3.2 MB | 3.8/345 kB
Progress (2): 1.4/3.2 MB | 3.8/345 kB
Progress (2): 1.4/3.2 MB | 3.8/345 kB
Progress (2): 1.4/3.2 MB | 3.8/345 kB
Progress (2): 1.5/3.2 MB | 3.8/345 kB
Progress (2): 1.5/3.2 MB | 3.8/345 kB
Progress (2): 1.5/3.2 MB | 3.8/345 kB
Progress (2): 1.5/3.2 MB | 3.8/345 kB
Progress (2): 1.5/3.2 MB | 3.8/345 kB
Progress (2): 1.5/3.2 MB | 3.8/345 kB
Progress (2): 1.6/3.2 MB | 3.8/345 kB
Progress (2): 1.6/3.2 MB | 3.8/345 kB
Progress (2): 1.6/3.2 MB | 3.8/345 kB
Progress (2): 1.6/3.2 MB | 3.8/345 kB
Progress (2): 1.6/3.2 MB | 3.8/345 kB
Progress (2): 1.6/3.2 MB | 3.8/345 kB
Progress (2): 1.7/3.2 MB | 3.8/345 kB
Progress (2): 1.7/3.2 MB | 8.0/345 kB
Progress (2): 1.7/3.2 MB | 8.0/345 kB
Progress (2): 1.7/3.2 MB | 8.0/345 kB
Progress (2): 1.7/3.2 MB | 12/345 kB 
Progress (2): 1.7/3.2 MB | 12/345 kB
Progress (2): 1.7/3.2 MB | 16/345 kB
Progress (2): 1.7/3.2 MB | 16/345 kB
Progress (2): 1.7/3.2 MB | 21/345 kB
Progress (2): 1.7/3.2 MB | 24/345 kB
Progress (2): 1.7/3.2 MB | 24/345 kB
Progress (2): 1.8/3.2 MB | 24/345 kB
Progress (2): 1.8/3.2 MB | 24/345 kB
Progress (2): 1.8/3.2 MB | 24/345 kB
Progress (2): 1.8/3.2 MB | 24/345 kB
Progress (2): 1.8/3.2 MB | 24/345 kB
Progress (2): 1.8/3.2 MB | 28/345 kB
Progress (2): 1.8/3.2 MB | 28/345 kB
Progress (2): 1.8/3.2 MB | 33/345 kB
Progress (2): 1.8/3.2 MB | 37/345 kB
Progress (2): 1.8/3.2 MB | 41/345 kB
Progress (2): 1.9/3.2 MB | 41/345 kB
Progress (2): 1.9/3.2 MB | 41/345 kB
Progress (2): 1.9/3.2 MB | 41/345 kB
Progress (2): 1.9/3.2 MB | 45/345 kB
Progress (2): 1.9/3.2 MB | 49/345 kB
Progress (2): 1.9/3.2 MB | 54/345 kB
Progress (2): 1.9/3.2 MB | 54/345 kB
Progress (2): 1.9/3.2 MB | 54/345 kB
Progress (2): 1.9/3.2 MB | 54/345 kB
Progress (2): 2.0/3.2 MB | 54/345 kB
Progress (2): 2.0/3.2 MB | 54/345 kB
Progress (2): 2.0/3.2 MB | 58/345 kB
Progress (2): 2.0/3.2 MB | 58/345 kB
Progress (2): 2.0/3.2 MB | 62/345 kB
Progress (2): 2.0/3.2 MB | 62/345 kB
Progress (2): 2.0/3.2 MB | 62/345 kB
Progress (2): 2.0/3.2 MB | 62/345 kB
Progress (2): 2.1/3.2 MB | 62/345 kB
Progress (2): 2.1/3.2 MB | 62/345 kB
Progress (2): 2.1/3.2 MB | 62/345 kB
Progress (2): 2.1/3.2 MB | 62/345 kB
Progress (2): 2.1/3.2 MB | 62/345 kB
Progress (2): 2.1/3.2 MB | 62/345 kB
Progress (2): 2.1/3.2 MB | 79/345 kB
Progress (2): 2.2/3.2 MB | 79/345 kB
Progress (2): 2.2/3.2 MB | 79/345 kB
Progress (2): 2.2/3.2 MB | 79/345 kB
Progress (2): 2.2/3.2 MB | 79/345 kB
Progress (2): 2.2/3.2 MB | 95/345 kB
Progress (2): 2.2/3.2 MB | 111/345 kB
Progress (3): 2.2/3.2 MB | 111/345 kB | 7.7/475 kB
Progress (3): 2.2/3.2 MB | 111/345 kB | 11/475 kB 
Progress (3): 2.2/3.2 MB | 111/345 kB | 28/475 kB
Progress (3): 2.2/3.2 MB | 111/345 kB | 44/475 kB
Progress (3): 2.2/3.2 MB | 111/345 kB | 61/475 kB
Progress (3): 2.2/3.2 MB | 111/345 kB | 77/475 kB
Progress (3): 2.2/3.2 MB | 111/345 kB | 93/475 kB
Progress (3): 2.2/3.2 MB | 111/345 kB | 110/475 kB
Progress (3): 2.2/3.2 MB | 111/345 kB | 126/475 kB
Progress (3): 2.2/3.2 MB | 111/345 kB | 142/475 kB
Progress (3): 2.2/3.2 MB | 111/345 kB | 159/475 kB
Progress (3): 2.2/3.2 MB | 111/345 kB | 175/475 kB
Progress (3): 2.2/3.2 MB | 111/345 kB | 192/475 kB
Progress (3): 2.2/3.2 MB | 111/345 kB | 208/475 kB
Progress (3): 2.2/3.2 MB | 111/345 kB | 224/475 kB
Progress (3): 2.2/3.2 MB | 111/345 kB | 241/475 kB
Progress (3): 2.2/3.2 MB | 111/345 kB | 257/475 kB
Progress (3): 2.2/3.2 MB | 111/345 kB | 274/475 kB
Progress (3): 2.2/3.2 MB | 111/345 kB | 290/475 kB
Progress (3): 2.2/3.2 MB | 128/345 kB | 290/475 kB
Progress (3): 2.2/3.2 MB | 128/345 kB | 306/475 kB
Progress (3): 2.2/3.2 MB | 128/345 kB | 323/475 kB
Progress (3): 2.2/3.2 MB | 128/345 kB | 339/475 kB
Progress (3): 2.2/3.2 MB | 128/345 kB | 355/475 kB
Progress (3): 2.2/3.2 MB | 128/345 kB | 372/475 kB
Progress (3): 2.2/3.2 MB | 128/345 kB | 388/475 kB
Progress (3): 2.2/3.2 MB | 128/345 kB | 405/475 kB
Progress (3): 2.2/3.2 MB | 128/345 kB | 421/475 kB
Progress (3): 2.2/3.2 MB | 128/345 kB | 437/475 kB
Progress (3): 2.2/3.2 MB | 128/345 kB | 454/475 kB
Progress (3): 2.2/3.2 MB | 128/345 kB | 470/475 kB
Progress (3): 2.2/3.2 MB | 128/345 kB | 475 kB    
                                              
Downloaded from oss.sonatype.org: https://oss.sonatype.org/content/groups/public/org/osgi/org.osgi.core/6.0.0/org.osgi.core-6.0.0.jar (475 kB at 494 kB/s)
Downloading from oss.sonatype.org: https://oss.sonatype.org/content/groups/public/org/osgi/org.osgi.service.log/1.3.0/org.osgi.service.log-1.3.0.jar
Progress (2): 2.2/3.2 MB | 144/345 kB
Progress (2): 2.2/3.2 MB | 155/345 kB
Progress (2): 2.2/3.2 MB | 172/345 kB
Progress (2): 2.2/3.2 MB | 188/345 kB
Progress (2): 2.2/3.2 MB | 188/345 kB
Progress (2): 2.2/3.2 MB | 188/345 kB
Progress (2): 2.3/3.2 MB | 188/345 kB
Progress (2): 2.3/3.2 MB | 188/345 kB
Progress (2): 2.3/3.2 MB | 188/345 kB
Progress (2): 2.3/3.2 MB | 188/345 kB
Progress (2): 2.3/3.2 MB | 188/345 kB
Progress (2): 2.3/3.2 MB | 188/345 kB
Progress (2): 2.3/3.2 MB | 188/345 kB
Progress (2): 2.4/3.2 MB | 188/345 kB
Progress (2): 2.4/3.2 MB | 188/345 kB
Progress (2): 2.4/3.2 MB | 188/345 kB
Progress (2): 2.4/3.2 MB | 188/345 kB
Progress (2): 2.4/3.2 MB | 188/345 kB
Progress (2): 2.4/3.2 MB | 188/345 kB
Progress (2): 2.4/3.2 MB | 204/345 kB
Progress (2): 2.5/3.2 MB | 204/345 kB
Progress (2): 2.5/3.2 MB | 204/345 kB
Progress (2): 2.5/3.2 MB | 204/345 kB
Progress (2): 2.5/3.2 MB | 204/345 kB
Progress (2): 2.5/3.2 MB | 204/345 kB
Progress (2): 2.5/3.2 MB | 204/345 kB
Progress (2): 2.6/3.2 MB | 204/345 kB
Progress (2): 2.6/3.2 MB | 204/345 kB
Progress (2): 2.6/3.2 MB | 204/345 kB
Progress (2): 2.6/3.2 MB | 204/345 kB
Progress (2): 2.6/3.2 MB | 204/345 kB
Progress (2): 2.6/3.2 MB | 204/345 kB
Progress (2): 2.7/3.2 MB | 204/345 kB
Progress (2): 2.7/3.2 MB | 204/345 kB
Progress (2): 2.7/3.2 MB | 204/345 kB
Progress (2): 2.7/3.2 MB | 204/345 kB
Progress (2): 2.7/3.2 MB | 204/345 kB
Progress (2): 2.7/3.2 MB | 204/345 kB
Progress (2): 2.8/3.2 MB | 204/345 kB
Progress (2): 2.8/3.2 MB | 204/345 kB
Progress (2): 2.8/3.2 MB | 204/345 kB
Progress (2): 2.8/3.2 MB | 204/345 kB
Progress (2): 2.8/3.2 MB | 204/345 kB
Progress (2): 2.8/3.2 MB | 204/345 kB
Progress (2): 2.8/3.2 MB | 204/345 kB
Progress (2): 2.9/3.2 MB | 204/345 kB
Progress (2): 2.9/3.2 MB | 204/345 kB
Progress (2): 2.9/3.2 MB | 204/345 kB
Progress (2): 2.9/3.2 MB | 204/345 kB
Progress (2): 2.9/3.2 MB | 204/345 kB
Progress (2): 2.9/3.2 MB | 221/345 kB
Progress (2): 2.9/3.2 MB | 221/345 kB
Progress (2): 2.9/3.2 MB | 221/345 kB
Progress (2): 3.0/3.2 MB | 221/345 kB
Progress (2): 3.0/3.2 MB | 221/345 kB
Progress (2): 3.0/3.2 MB | 221/345 kB
Progress (2): 3.0/3.2 MB | 221/345 kB
Progress (2): 3.0/3.2 MB | 221/345 kB
Progress (2): 3.0/3.2 MB | 221/345 kB
Progress (2): 3.1/3.2 MB | 221/345 kB
Progress (2): 3.1/3.2 MB | 221/345 kB
Progress (2): 3.1/3.2 MB | 221/345 kB
Progress (2): 3.1/3.2 MB | 221/345 kB
Progress (2): 3.1/3.2 MB | 221/345 kB
Progress (2): 3.1/3.2 MB | 221/345 kB
Progress (2): 3.2/3.2 MB | 221/345 kB
Progress (2): 3.2/3.2 MB | 221/345 kB
Progress (2): 3.2 MB | 221/345 kB    
                                 
Downloaded from oss.sonatype.org: https://oss.sonatype.org/content/groups/public/biz/aQute/bnd/biz.aQute.bndlib/6.3.1/biz.aQute.bndlib-6.3.1.jar (3.2 MB at 2.9 MB/s)
Downloading from oss.sonatype.org: https://oss.sonatype.org/content/groups/public/org/osgi/org.osgi.service.repository/1.1.0/org.osgi.service.repository-1.1.0.jar
Progress (1): 237/345 kB
Progress (1): 253/345 kB
Progress (1): 270/345 kB
Progress (1): 286/345 kB
Progress (1): 303/345 kB
Progress (1): 319/345 kB
Progress (1): 335/345 kB
Progress (1): 345 kB    
                    
Downloaded from oss.sonatype.org: https://oss.sonatype.org/content/groups/public/org/osgi/org.osgi.framework/1.8.0/org.osgi.framework-1.8.0.jar (345 kB at 286 kB/s)
Downloading from oss.sonatype.org: https://oss.sonatype.org/content/groups/public/org/osgi/org.osgi.util.function/1.2.0/org.osgi.util.function-1.2.0.jar
Progress (1): 7.7/37 kB
Progress (1): 16/37 kB 
Progress (1): 24/37 kB
Progress (1): 37 kB   
                   
Downloaded from oss.sonatype.org: https://oss.sonatype.org/content/groups/public/org/osgi/osgi.annotation/8.0.1/osgi.annotation-8.0.1.jar (37 kB at 28 kB/s)
Downloading from oss.sonatype.org: https://oss.sonatype.org/content/groups/public/org/osgi/org.osgi.util.promise/1.2.0/org.osgi.util.promise-1.2.0.jar
Progress (1): 7.7/44 kB
Progress (1): 16/44 kB 
Progress (1): 24/44 kB
Progress (1): 40/44 kB
Progress (1): 44 kB   
                   
Downloaded from oss.sonatype.org: https://oss.sonatype.org/content/groups/public/org/osgi/org.osgi.util.tracker/1.5.4/org.osgi.util.tracker-1.5.4.jar (44 kB at 32 kB/s)
Downloading from oss.sonatype.org: https://oss.sonatype.org/content/groups/public/biz/aQute/bnd/biz.aQute.bnd.util/6.3.1/biz.aQute.bnd.util-6.3.1.jar
Progress (1): 7.7/17 kB
Progress (1): 16/17 kB 
Progress (1): 17 kB   
                   
Downloaded from oss.sonatype.org: https://oss.sonatype.org/content/groups/public/org/osgi/org.osgi.service.log/1.3.0/org.osgi.service.log-1.3.0.jar (17 kB at 10 kB/s)
Downloading from oss.sonatype.org: https://oss.sonatype.org/content/groups/public/org/apache/felix/org.apache.felix.bundlerepository/1.6.6/org.apache.felix.bundlerepository-1.6.6.jar
Progress (1): 7.7/25 kB
Progress (1): 16/25 kB 
Progress (1): 25 kB   
                   
Downloaded from oss.sonatype.org: https://oss.sonatype.org/content/groups/public/org/osgi/org.osgi.service.repository/1.1.0/org.osgi.service.repository-1.1.0.jar (25 kB at 15 kB/s)
Downloading from oss.sonatype.org: https://oss.sonatype.org/content/groups/public/org/easymock/easymock/2.4/easymock-2.4.jar
Progress (1): 16/24 kB
Progress (1): 24 kB   
                   
Downloaded from oss.sonatype.org: https://oss.sonatype.org/content/groups/public/org/osgi/org.osgi.util.function/1.2.0/org.osgi.util.function-1.2.0.jar (24 kB at 12 kB/s)
Downloading from oss.sonatype.org: https://oss.sonatype.org/content/groups/public/org/apache/felix/org.apache.felix.utils/1.6.0/org.apache.felix.utils-1.6.0.jar
Progress (1): 7.7/83 kB
Progress (1): 16/83 kB 
Progress (1): 32/83 kB
Progress (1): 49/83 kB
Progress (1): 57/83 kB
Progress (1): 73/83 kB
Progress (1): 83 kB   
                   
Downloaded from oss.sonatype.org: https://oss.sonatype.org/content/groups/public/org/osgi/org.osgi.util.promise/1.2.0/org.osgi.util.promise-1.2.0.jar (83 kB at 42 kB/s)
Downloading from oss.sonatype.org: https://oss.sonatype.org/content/groups/public/org/osgi/org.osgi.compendium/4.2.0/org.osgi.compendium-4.2.0.jar
Progress (1): 7.7/424 kB
Progress (1): 16/424 kB 
Progress (1): 32/424 kB
Progress (1): 49/424 kB
Progress (1): 65/424 kB
Progress (1): 81/424 kB
Progress (1): 98/424 kB
Progress (1): 114/424 kB
Progress (1): 131/424 kB
Progress (1): 147/424 kB
Progress (1): 163/424 kB
Progress (1): 180/424 kB
Progress (1): 196/424 kB
Progress (1): 212/424 kB
Progress (1): 229/424 kB
Progress (1): 245/424 kB
Progress (1): 262/424 kB
Progress (1): 278/424 kB
Progress (1): 294/424 kB
Progress (1): 311/424 kB
Progress (1): 327/424 kB
Progress (1): 344/424 kB
Progress (1): 360/424 kB
Progress (1): 376/424 kB
Progress (1): 393/424 kB
Progress (1): 409/424 kB
Progress (1): 424 kB    
                    
Downloaded from oss.sonatype.org: https://oss.sonatype.org/content/groups/public/biz/aQute/bnd/biz.aQute.bnd.util/6.3.1/biz.aQute.bnd.util-6.3.1.jar (424 kB at 204 kB/s)
Downloading from oss.sonatype.org: https://oss.sonatype.org/content/groups/public/org/apache/maven/maven-core/3.3.9/maven-core-3.3.9.jar
Progress (1): 7.7/168 kB
Progress (1): 16/168 kB 
Progress (1): 29/168 kB
Progress (1): 45/168 kB
Progress (1): 61/168 kB
Progress (1): 78/168 kB
Progress (1): 94/168 kB
Progress (1): 111/168 kB
Progress (1): 127/168 kB
Progress (1): 143/168 kB
Progress (1): 160/168 kB
Progress (1): 168 kB    
                    
Downloaded from oss.sonatype.org: https://oss.sonatype.org/content/groups/public/org/apache/felix/org.apache.felix.bundlerepository/1.6.6/org.apache.felix.bundlerepository-1.6.6.jar (168 kB at 76 kB/s)
Downloading from oss.sonatype.org: https://oss.sonatype.org/content/groups/public/org/apache/maven/maven-model/3.3.9/maven-model-3.3.9.jar
Progress (1): 5.7/81 kB
Progress (1): 14/81 kB 
Progress (1): 30/81 kB
Progress (1): 47/81 kB
Progress (1): 63/81 kB
Progress (1): 79/81 kB
Progress (1): 81 kB   
                   
Downloaded from oss.sonatype.org: https://oss.sonatype.org/content/groups/public/org/easymock/easymock/2.4/easymock-2.4.jar (81 kB at 32 kB/s)
Downloading from oss.sonatype.org: https://oss.sonatype.org/content/groups/public/org/apache/maven/maven-settings/3.3.9/maven-settings-3.3.9.jar
Progress (1): 7.7/68 kB
Progress (1): 16/68 kB 
Progress (1): 32/68 kB
Progress (1): 49/68 kB
Progress (1): 65/68 kB
Progress (1): 68 kB   
                   
Downloaded from oss.sonatype.org: https://oss.sonatype.org/content/groups/public/org/apache/felix/org.apache.felix.utils/1.6.0/org.apache.felix.utils-1.6.0.jar (68 kB at 26 kB/s)
Downloading from oss.sonatype.org: https://oss.sonatype.org/content/groups/public/org/apache/maven/maven-settings-builder/3.3.9/maven-settings-builder-3.3.9.jar
Progress (1): 7.7/614 kB
Progress (1): 16/614 kB 
Progress (1): 32/614 kB
Progress (1): 49/614 kB
Progress (1): 57/614 kB
Progress (1): 73/614 kB
Progress (1): 90/614 kB
Progress (1): 106/614 kB
Progress (1): 122/614 kB
Progress (1): 139/614 kB
Progress (1): 155/614 kB
Progress (1): 172/614 kB
Progress (1): 188/614 kB
Progress (1): 197/614 kB
Progress (1): 213/614 kB
Progress (1): 229/614 kB
Progress (1): 246/614 kB
Progress (1): 262/614 kB
Progress (1): 279/614 kB
Progress (1): 295/614 kB
Progress (1): 311/614 kB
Progress (1): 328/614 kB
Progress (1): 344/614 kB
Progress (1): 360/614 kB
Progress (1): 377/614 kB
Progress (1): 393/614 kB
Progress (1): 410/614 kB
Progress (1): 426/614 kB
Progress (1): 442/614 kB
Progress (1): 459/614 kB
Progress (1): 475/614 kB
Progress (1): 492/614 kB
Progress (1): 508/614 kB
Progress (1): 524/614 kB
Progress (1): 541/614 kB
Progress (1): 557/614 kB
Progress (1): 573/614 kB
Progress (1): 590/614 kB
Progress (1): 606/614 kB
Progress (1): 614 kB    
                    
Downloaded from oss.sonatype.org: https://oss.sonatype.org/content/groups/public/org/osgi/org.osgi.compendium/4.2.0/org.osgi.compendium-4.2.0.jar (614 kB at 236 kB/s)
Downloading from oss.sonatype.org: https://oss.sonatype.org/content/groups/public/org/apache/maven/maven-builder-support/3.3.9/maven-builder-support-3.3.9.jar
Progress (1): 7.7/638 kB
Progress (1): 16/638 kB 
Progress (1): 32/638 kB
Progress (1): 49/638 kB
Progress (1): 65/638 kB
Progress (1): 81/638 kB
Progress (1): 98/638 kB
Progress (1): 114/638 kB
Progress (1): 131/638 kB
Progress (1): 147/638 kB
Progress (1): 163/638 kB
Progress (1): 180/638 kB
Progress (1): 196/638 kB
Progress (1): 212/638 kB
Progress (1): 229/638 kB
Progress (1): 245/638 kB
Progress (1): 262/638 kB
Progress (1): 278/638 kB
Progress (1): 294/638 kB
Progress (1): 311/638 kB
Progress (1): 327/638 kB
Progress (1): 344/638 kB
Progress (1): 360/638 kB
Progress (1): 376/638 kB
Progress (1): 393/638 kB
Progress (1): 409/638 kB
Progress (1): 425/638 kB
Progress (1): 442/638 kB
Progress (1): 458/638 kB
Progress (1): 475/638 kB
Progress (1): 491/638 kB
Progress (1): 507/638 kB
Progress (2): 507/638 kB | 7.7/164 kB
Progress (2): 507/638 kB | 16/164 kB 
Progress (2): 507/638 kB | 24/164 kB
Progress (2): 507/638 kB | 40/164 kB
Progress (2): 507/638 kB | 57/164 kB
Progress (2): 507/638 kB | 73/164 kB
Progress (2): 507/638 kB | 90/164 kB
Progress (2): 507/638 kB | 106/164 kB
Progress (2): 507/638 kB | 122/164 kB
Progress (2): 524/638 kB | 122/164 kB
Progress (2): 524/638 kB | 139/164 kB
Progress (2): 524/638 kB | 155/164 kB
Progress (2): 524/638 kB | 164 kB    
                                 
Downloaded from oss.sonatype.org: https://oss.sonatype.org/content/groups/public/org/apache/maven/maven-model/3.3.9/maven-model-3.3.9.jar (164 kB at 57 kB/s)
Downloading from oss.sonatype.org: https://oss.sonatype.org/content/groups/public/org/apache/maven/maven-repository-metadata/3.3.9/maven-repository-metadata-3.3.9.jar
Progress (1): 540/638 kB
Progress (1): 557/638 kB
Progress (1): 573/638 kB
Progress (1): 589/638 kB
Progress (1): 606/638 kB
Progress (1): 622/638 kB
Progress (1): 638 kB    
                    
Downloaded from oss.sonatype.org: https://oss.sonatype.org/content/groups/public/org/apache/maven/maven-core/3.3.9/maven-core-3.3.9.jar (638 kB at 217 kB/s)
Downloading from oss.sonatype.org: https://oss.sonatype.org/content/groups/public/org/apache/maven/maven-artifact/3.3.9/maven-artifact-3.3.9.jar
Progress (1): 3.2/44 kB
Progress (1): 20/44 kB 
Progress (1): 28/44 kB
Progress (1): 44/44 kB
Progress (1): 44 kB   
                   
Downloaded from oss.sonatype.org: https://oss.sonatype.org/content/groups/public/org/apache/maven/maven-settings/3.3.9/maven-settings-3.3.9.jar (44 kB at 14 kB/s)
Downloading from oss.sonatype.org: https://oss.sonatype.org/content/groups/public/org/apache/maven/maven-plugin-api/3.3.9/maven-plugin-api-3.3.9.jar
Progress (1): 8.2/43 kB
Progress (1): 25/43 kB 
Progress (1): 41/43 kB
Progress (1): 43 kB   
                   
Downloaded from oss.sonatype.org: https://oss.sonatype.org/content/groups/public/org/apache/maven/maven-settings-builder/3.3.9/maven-settings-builder-3.3.9.jar (43 kB at 13 kB/s)
Downloading from oss.sonatype.org: https://oss.sonatype.org/content/groups/public/org/apache/maven/maven-model-builder/3.3.9/maven-model-builder-3.3.9.jar
Progress (1): 7.7/15 kB
Progress (1): 15 kB    
                   
Downloaded from oss.sonatype.org: https://oss.sonatype.org/content/groups/public/org/apache/maven/maven-builder-support/3.3.9/maven-builder-support-3.3.9.jar (15 kB at 4.4 kB/s)
Downloading from oss.sonatype.org: https://oss.sonatype.org/content/groups/public/org/apache/maven/maven-aether-provider/3.3.9/maven-aether-provider-3.3.9.jar
Progress (1): 3.2/27 kB
Progress (1): 20/27 kB 
Progress (1): 27 kB   
                   
Downloaded from oss.sonatype.org: https://oss.sonatype.org/content/groups/public/org/apache/maven/maven-repository-metadata/3.3.9/maven-repository-metadata-3.3.9.jar (27 kB at 7.8 kB/s)
Downloading from oss.sonatype.org: https://oss.sonatype.org/content/groups/public/org/eclipse/aether/aether-spi/1.0.2.v20150114/aether-spi-1.0.2.v20150114.jar
Progress (1): 7.7/55 kB
Progress (1): 12/55 kB 
Progress (1): 29/55 kB
Progress (1): 45/55 kB
Progress (1): 55 kB   
                   
Downloaded from oss.sonatype.org: https://oss.sonatype.org/content/groups/public/org/apache/maven/maven-artifact/3.3.9/maven-artifact-3.3.9.jar (55 kB at 15 kB/s)
Downloading from oss.sonatype.org: https://oss.sonatype.org/content/groups/public/org/eclipse/aether/aether-impl/1.0.2.v20150114/aether-impl-1.0.2.v20150114.jar
Progress (1): 7.7/47 kB
Progress (1): 7.7/47 kB
Progress (1): 24/47 kB 
Progress (1): 40/47 kB
Progress (1): 47 kB   
                   
Downloaded from oss.sonatype.org: https://oss.sonatype.org/content/groups/public/org/apache/maven/maven-plugin-api/3.3.9/maven-plugin-api-3.3.9.jar (47 kB at 13 kB/s)
Downloading from oss.sonatype.org: https://oss.sonatype.org/content/groups/public/org/eclipse/aether/aether-api/1.0.2.v20150114/aether-api-1.0.2.v20150114.jar
Progress (1): 7.7/177 kB
Progress (1): 12/177 kB 
Progress (1): 29/177 kB
Progress (1): 45/177 kB
Progress (1): 49/177 kB
Progress (1): 66/177 kB
Progress (1): 82/177 kB
Progress (1): 98/177 kB
Progress (1): 115/177 kB
Progress (1): 131/177 kB
Progress (1): 147/177 kB
Progress (1): 164/177 kB
Progress (1): 177 kB    
                    
Downloaded from oss.sonatype.org: https://oss.sonatype.org/content/groups/public/org/apache/maven/maven-model-builder/3.3.9/maven-model-builder-3.3.9.jar (177 kB at 46 kB/s)
Downloading from oss.sonatype.org: https://oss.sonatype.org/content/groups/public/org/eclipse/aether/aether-util/1.0.2.v20150114/aether-util-1.0.2.v20150114.jar
Progress (1): 7.7/67 kB
Progress (1): 7.7/67 kB
Progress (1): 24/67 kB 
Progress (1): 40/67 kB
Progress (1): 57/67 kB
Progress (1): 67 kB   
                   
Downloaded from oss.sonatype.org: https://oss.sonatype.org/content/groups/public/org/apache/maven/maven-aether-provider/3.3.9/maven-aether-provider-3.3.9.jar (67 kB at 17 kB/s)
Downloading from oss.sonatype.org: https://oss.sonatype.org/content/groups/public/org/eclipse/sisu/org.eclipse.sisu.plexus/0.3.2/org.eclipse.sisu.plexus-0.3.2.jar
Progress (1): 7.7/31 kB
Progress (1): 16/31 kB 
Progress (1): 31 kB   
                   
Downloaded from oss.sonatype.org: https://oss.sonatype.org/content/groups/public/org/eclipse/aether/aether-spi/1.0.2.v20150114/aether-spi-1.0.2.v20150114.jar (31 kB at 7.3 kB/s)
Downloading from oss.sonatype.org: https://oss.sonatype.org/content/groups/public/org/eclipse/sisu/org.eclipse.sisu.inject/0.3.2/org.eclipse.sisu.inject-0.3.2.jar
Progress (1): 7.7/173 kB
Progress (1): 16/173 kB 
Progress (1): 32/173 kB
Progress (1): 49/173 kB
Progress (1): 65/173 kB
Progress (1): 81/173 kB
Progress (1): 98/173 kB
Progress (1): 114/173 kB
Progress (1): 131/173 kB
Progress (1): 147/173 kB
Progress (1): 163/173 kB
Progress (1): 173 kB    
                    
Downloaded from oss.sonatype.org: https://oss.sonatype.org/content/groups/public/org/eclipse/aether/aether-impl/1.0.2.v20150114/aether-impl-1.0.2.v20150114.jar (173 kB at 41 kB/s)
Downloading from oss.sonatype.org: https://oss.sonatype.org/content/groups/public/com/google/inject/guice/4.0/guice-4.0-no_aop.jar
Progress (1): 7.7/136 kB
Progress (1): 7.7/136 kB
Progress (1): 24/136 kB 
Progress (1): 40/136 kB
Progress (1): 57/136 kB
Progress (1): 73/136 kB
Progress (1): 90/136 kB
Progress (1): 106/136 kB
Progress (1): 115/136 kB
Progress (1): 131/136 kB
Progress (1): 136 kB    
                    
Downloaded from oss.sonatype.org: https://oss.sonatype.org/content/groups/public/org/eclipse/aether/aether-api/1.0.2.v20150114/aether-api-1.0.2.v20150114.jar (136 kB at 31 kB/s)
Downloading from oss.sonatype.org: https://oss.sonatype.org/content/groups/public/org/codehaus/plexus/plexus-interpolation/1.21/plexus-interpolation-1.21.jar
Progress (1): 7.7/147 kB
Progress (1): 16/147 kB 
Progress (1): 24/147 kB
Progress (1): 40/147 kB
Progress (1): 57/147 kB
Progress (1): 73/147 kB
Progress (1): 90/147 kB
Progress (1): 106/147 kB
Progress (1): 122/147 kB
Progress (1): 131/147 kB
Progress (1): 147 kB    
                    
Downloaded from oss.sonatype.org: https://oss.sonatype.org/content/groups/public/org/eclipse/aether/aether-util/1.0.2.v20150114/aether-util-1.0.2.v20150114.jar (147 kB at 33 kB/s)
Downloading from oss.sonatype.org: https://oss.sonatype.org/content/groups/public/org/codehaus/plexus/plexus-component-annotations/1.6/plexus-component-annotations-1.6.jar
Progress (1): 7.7/205 kB
Progress (1): 16/205 kB 
Progress (1): 32/205 kB
Progress (1): 49/205 kB
Progress (1): 65/205 kB
Progress (1): 81/205 kB
Progress (1): 98/205 kB
Progress (1): 114/205 kB
Progress (1): 131/205 kB
Progress (1): 147/205 kB
Progress (1): 163/205 kB
Progress (1): 164/205 kB
Progress (1): 180/205 kB
Progress (1): 197/205 kB
Progress (1): 205 kB    
                    
Downloaded from oss.sonatype.org: https://oss.sonatype.org/content/groups/public/org/eclipse/sisu/org.eclipse.sisu.plexus/0.3.2/org.eclipse.sisu.plexus-0.3.2.jar (205 kB at 44 kB/s)
Downloading from oss.sonatype.org: https://oss.sonatype.org/content/groups/public/org/apache/commons/commons-lang3/3.4/commons-lang3-3.4.jar
Progress (1): 7.7/378 kB
Progress (1): 12/378 kB 
Progress (1): 29/378 kB
Progress (1): 45/378 kB
Progress (1): 61/378 kB
Progress (1): 66/378 kB
Progress (1): 82/378 kB
Progress (1): 98/378 kB
Progress (1): 115/378 kB
Progress (1): 131/378 kB
Progress (1): 147/378 kB
Progress (1): 164/378 kB
Progress (1): 180/378 kB
Progress (1): 197/378 kB
Progress (1): 213/378 kB
Progress (1): 229/378 kB
Progress (1): 246/378 kB
Progress (1): 262/378 kB
Progress (1): 279/378 kB
Progress (1): 295/378 kB
Progress (1): 311/378 kB
Progress (1): 328/378 kB
Progress (1): 344/378 kB
Progress (1): 360/378 kB
Progress (1): 377/378 kB
Progress (1): 378 kB    
                    
Downloaded from oss.sonatype.org: https://oss.sonatype.org/content/groups/public/org/eclipse/sisu/org.eclipse.sisu.inject/0.3.2/org.eclipse.sisu.inject-0.3.2.jar (378 kB at 79 kB/s)
Downloading from oss.sonatype.org: https://oss.sonatype.org/content/groups/public/org/apache/maven/maven-compat/3.3.9/maven-compat-3.3.9.jar
Progress (1): 7.7/424 kB
Progress (1): 7.7/424 kB
Progress (1): 24/424 kB 
Progress (1): 40/424 kB
Progress (1): 57/424 kB
Progress (1): 73/424 kB
Progress (1): 90/424 kB
Progress (1): 106/424 kB
Progress (1): 122/424 kB
Progress (1): 139/424 kB
Progress (1): 155/424 kB
Progress (1): 172/424 kB
Progress (1): 188/424 kB
Progress (1): 204/424 kB
Progress (1): 221/424 kB
Progress (1): 237/424 kB
Progress (1): 253/424 kB
Progress (1): 270/424 kB
Progress (1): 286/424 kB
Progress (1): 303/424 kB
Progress (1): 319/424 kB
Progress (1): 335/424 kB
Progress (1): 352/424 kB
Progress (1): 368/424 kB
Progress (1): 385/424 kB
Progress (1): 401/424 kB
Progress (1): 417/424 kB
Progress (1): 424 kB    
                    
Downloaded from oss.sonatype.org: https://oss.sonatype.org/content/groups/public/com/google/inject/guice/4.0/guice-4.0-no_aop.jar (424 kB at 85 kB/s)
Downloading from oss.sonatype.org: https://oss.sonatype.org/content/groups/public/org/apache/maven/wagon/wagon-provider-api/2.10/wagon-provider-api-2.10.jar
Progress (1): 7.7/62 kB
Progress (1): 16/62 kB 
Progress (1): 32/62 kB
Progress (1): 49/62 kB
Progress (1): 62 kB   
                   
Downloaded from oss.sonatype.org: https://oss.sonatype.org/content/groups/public/org/codehaus/plexus/plexus-interpolation/1.21/plexus-interpolation-1.21.jar (62 kB at 12 kB/s)
Downloading from oss.sonatype.org: https://oss.sonatype.org/content/groups/public/org/apache/maven/reporting/maven-reporting-api/3.0/maven-reporting-api-3.0.jar
Progress (1): 4.3 kB
                    
Downloaded from oss.sonatype.org: https://oss.sonatype.org/content/groups/public/org/codehaus/plexus/plexus-component-annotations/1.6/plexus-component-annotations-1.6.jar (4.3 kB at 818 B/s)
Downloading from oss.sonatype.org: https://oss.sonatype.org/content/groups/public/org/apache/maven/maven-archiver/3.5.2/maven-archiver-3.5.2.jar
Progress (1): 7.7/435 kB
Progress (1): 12/435 kB 
Progress (1): 29/435 kB
Progress (1): 45/435 kB
Progress (1): 61/435 kB
Progress (1): 78/435 kB
Progress (1): 94/435 kB
Progress (1): 98/435 kB
Progress (1): 115/435 kB
Progress (1): 131/435 kB
Progress (1): 147/435 kB
Progress (1): 164/435 kB
Progress (1): 180/435 kB
Progress (1): 197/435 kB
Progress (1): 213/435 kB
Progress (1): 229/435 kB
Progress (1): 246/435 kB
Progress (1): 262/435 kB
Progress (1): 279/435 kB
Progress (1): 295/435 kB
Progress (1): 311/435 kB
Progress (1): 328/435 kB
Progress (1): 344/435 kB
Progress (1): 360/435 kB
Progress (1): 377/435 kB
Progress (1): 393/435 kB
Progress (1): 410/435 kB
Progress (1): 426/435 kB
Progress (1): 435 kB    
                    
Downloaded from oss.sonatype.org: https://oss.sonatype.org/content/groups/public/org/apache/commons/commons-lang3/3.4/commons-lang3-3.4.jar (435 kB at 83 kB/s)
Downloading from oss.sonatype.org: https://oss.sonatype.org/content/groups/public/org/apache/maven/shared/maven-shared-utils/3.3.3/maven-shared-utils-3.3.3.jar
Progress (1): 5.7/290 kB
Progress (1): 22/290 kB 
Progress (1): 38/290 kB
Progress (1): 55/290 kB
Progress (1): 71/290 kB
Progress (1): 88/290 kB
Progress (1): 104/290 kB
Progress (1): 120/290 kB
Progress (1): 137/290 kB
Progress (1): 153/290 kB
Progress (1): 170/290 kB
Progress (1): 186/290 kB
Progress (1): 202/290 kB
Progress (1): 219/290 kB
Progress (1): 235/290 kB
Progress (1): 251/290 kB
Progress (1): 268/290 kB
Progress (1): 284/290 kB
Progress (1): 290 kB    
                    
Downloaded from oss.sonatype.org: https://oss.sonatype.org/content/groups/public/org/apache/maven/maven-compat/3.3.9/maven-compat-3.3.9.jar (290 kB at 53 kB/s)
Downloading from oss.sonatype.org: https://oss.sonatype.org/content/groups/public/org/apache/commons/commons-compress/1.20/commons-compress-1.20.jar
Progress (1): 7.7/54 kB
Progress (1): 16/54 kB 
Progress (1): 24/54 kB
Progress (1): 40/54 kB
Progress (1): 54 kB   
                   
Downloaded from oss.sonatype.org: https://oss.sonatype.org/content/groups/public/org/apache/maven/wagon/wagon-provider-api/2.10/wagon-provider-api-2.10.jar (54 kB at 9.5 kB/s)
Downloading from oss.sonatype.org: https://oss.sonatype.org/content/groups/public/org/codehaus/plexus/plexus-archiver/4.2.7/plexus-archiver-4.2.7.jar
Progress (1): 7.7/11 kB
Progress (1): 7.7/11 kB
Progress (1): 11 kB    
                   
Downloaded from oss.sonatype.org: https://oss.sonatype.org/content/groups/public/org/apache/maven/reporting/maven-reporting-api/3.0/maven-reporting-api-3.0.jar (11 kB at 1.9 kB/s)
Downloading from oss.sonatype.org: https://oss.sonatype.org/content/groups/public/org/codehaus/plexus/plexus-io/3.2.0/plexus-io-3.2.0.jar
Progress (1): 8.2/154 kB
Progress (1): 16/154 kB 
Progress (1): 33/154 kB
Progress (1): 41/154 kB
Progress (1): 49/154 kB
Progress (1): 66/154 kB
Progress (1): 82/154 kB
Progress (1): 98/154 kB
Progress (1): 115/154 kB
Progress (1): 131/154 kB
Progress (1): 147/154 kB
Progress (1): 154 kB    
                    
Downloaded from oss.sonatype.org: https://oss.sonatype.org/content/groups/public/org/apache/maven/shared/maven-shared-utils/3.3.3/maven-shared-utils-3.3.3.jar (154 kB at 26 kB/s)
Downloading from oss.sonatype.org: https://oss.sonatype.org/content/groups/public/org/apache/maven/shared/maven-dependency-tree/3.0/maven-dependency-tree-3.0.jar
Progress (1): 7.7/26 kB
Progress (1): 7.7/26 kB
Progress (1): 24/26 kB 
Progress (1): 26 kB   
                   
Downloaded from oss.sonatype.org: https://oss.sonatype.org/content/groups/public/org/apache/maven/maven-archiver/3.5.2/maven-archiver-3.5.2.jar (26 kB at 4.5 kB/s)
Downloading from oss.sonatype.org: https://oss.sonatype.org/content/groups/public/org/apache/maven/doxia/doxia-sink-api/1.0/doxia-sink-api-1.0.jar
Progress (1): 16/632 kB
Progress (1): 33/632 kB
Progress (1): 49/632 kB
Progress (1): 66/632 kB
Progress (1): 82/632 kB
Progress (1): 98/632 kB
Progress (1): 115/632 kB
Progress (1): 131/632 kB
Progress (1): 147/632 kB
Progress (1): 164/632 kB
Progress (1): 180/632 kB
Progress (1): 197/632 kB
Progress (1): 213/632 kB
Progress (1): 217/632 kB
Progress (1): 233/632 kB
Progress (1): 250/632 kB
Progress (1): 266/632 kB
Progress (1): 282/632 kB
Progress (1): 299/632 kB
Progress (1): 315/632 kB
Progress (1): 331/632 kB
Progress (1): 348/632 kB
Progress (1): 364/632 kB
Progress (1): 381/632 kB
Progress (1): 397/632 kB
Progress (1): 413/632 kB
Progress (1): 430/632 kB
Progress (1): 436/632 kB
Progress (1): 452/632 kB
Progress (1): 469/632 kB
Progress (1): 485/632 kB
Progress (1): 502/632 kB
Progress (1): 518/632 kB
Progress (1): 534/632 kB
Progress (1): 551/632 kB
Progress (1): 567/632 kB
Progress (1): 583/632 kB
Progress (1): 600/632 kB
Progress (1): 616/632 kB
Progress (1): 632 kB    
                    
Downloaded from oss.sonatype.org: https://oss.sonatype.org/content/groups/public/org/apache/commons/commons-compress/1.20/commons-compress-1.20.jar (632 kB at 103 kB/s)
Downloading from oss.sonatype.org: https://oss.sonatype.org/content/groups/public/org/apache/maven/doxia/doxia-site-renderer/1.0/doxia-site-renderer-1.0.jar
Progress (1): 7.7/76 kB
Progress (1): 11/76 kB 
Progress (1): 28/76 kB
Progress (1): 44/76 kB
Progress (1): 61/76 kB
Progress (1): 76 kB   
                   
Downloaded from oss.sonatype.org: https://oss.sonatype.org/content/groups/public/org/codehaus/plexus/plexus-io/3.2.0/plexus-io-3.2.0.jar (76 kB at 12 kB/s)
Downloading from oss.sonatype.org: https://oss.sonatype.org/content/groups/public/org/apache/maven/doxia/doxia-core/1.0/doxia-core-1.0.jar
Progress (1): 7.7/195 kB
Progress (1): 7.7/195 kB
Progress (1): 24/195 kB 
Progress (1): 40/195 kB
Progress (1): 57/195 kB
Progress (1): 73/195 kB
Progress (1): 90/195 kB
Progress (1): 106/195 kB
Progress (1): 122/195 kB
Progress (1): 139/195 kB
Progress (1): 155/195 kB
Progress (1): 172/195 kB
Progress (1): 188/195 kB
Progress (1): 195 kB    
                    
Downloaded from oss.sonatype.org: https://oss.sonatype.org/content/groups/public/org/codehaus/plexus/plexus-archiver/4.2.7/plexus-archiver-4.2.7.jar (195 kB at 31 kB/s)
Downloading from oss.sonatype.org: https://oss.sonatype.org/content/groups/public/org/codehaus/plexus/plexus-i18n/1.0-beta-7/plexus-i18n-1.0-beta-7.jar
Progress (1): 5.7/37 kB
Progress (1): 22/37 kB 
Progress (1): 37 kB   
                   
Downloaded from oss.sonatype.org: https://oss.sonatype.org/content/groups/public/org/apache/maven/shared/maven-dependency-tree/3.0/maven-dependency-tree-3.0.jar (37 kB at 5.6 kB/s)
Downloading from oss.sonatype.org: https://oss.sonatype.org/content/groups/public/org/codehaus/plexus/plexus-container-default/1.0-alpha-30/plexus-container-default-1.0-alpha-30.jar
Progress (1): 7.7/10 kB
Progress (1): 10 kB    
                   
Downloaded from oss.sonatype.org: https://oss.sonatype.org/content/groups/public/org/apache/maven/doxia/doxia-sink-api/1.0/doxia-sink-api-1.0.jar (10 kB at 1.5 kB/s)
Downloading from oss.sonatype.org: https://oss.sonatype.org/content/groups/public/junit/junit/3.8.1/junit-3.8.1.jar
Progress (1): 7.7/47 kB
Progress (1): 16/47 kB 
Progress (1): 32/47 kB
Progress (1): 47 kB   
                   
Downloaded from oss.sonatype.org: https://oss.sonatype.org/content/groups/public/org/apache/maven/doxia/doxia-site-renderer/1.0/doxia-site-renderer-1.0.jar (47 kB at 6.9 kB/s)
Downloading from oss.sonatype.org: https://oss.sonatype.org/content/groups/public/org/codehaus/plexus/plexus-velocity/1.1.7/plexus-velocity-1.1.7.jar
Progress (1): 7.7/55 kB
Progress (1): 11/55 kB 
Progress (1): 28/55 kB
Progress (1): 44/55 kB
Progress (1): 55 kB   
                   
Downloaded from oss.sonatype.org: https://oss.sonatype.org/content/groups/public/org/apache/maven/doxia/doxia-core/1.0/doxia-core-1.0.jar (55 kB at 8.1 kB/s)
Downloading from oss.sonatype.org: https://oss.sonatype.org/content/groups/public/org/apache/velocity/velocity/1.5/velocity-1.5.jar
Progress (1): 7.7/11 kB
Progress (1): 11 kB    
                   
Downloaded from oss.sonatype.org: https://oss.sonatype.org/content/groups/public/org/codehaus/plexus/plexus-i18n/1.0-beta-7/plexus-i18n-1.0-beta-7.jar (11 kB at 1.5 kB/s)
Downloading from oss.sonatype.org: https://oss.sonatype.org/content/groups/public/commons-lang/commons-lang/2.1/commons-lang-2.1.jar
Progress (1): 7.7/237 kB
Progress (1): 16/237 kB 
Progress (1): 32/237 kB
Progress (1): 49/237 kB
Progress (1): 57/237 kB
Progress (1): 73/237 kB
Progress (1): 90/237 kB
Progress (1): 106/237 kB
Progress (1): 122/237 kB
Progress (1): 139/237 kB
Progress (1): 155/237 kB
Progress (1): 172/237 kB
Progress (1): 188/237 kB
Progress (1): 204/237 kB
Progress (1): 221/237 kB
Progress (1): 237/237 kB
Progress (1): 237 kB    
                    
Downloaded from oss.sonatype.org: https://oss.sonatype.org/content/groups/public/org/codehaus/plexus/plexus-container-default/1.0-alpha-30/plexus-container-default-1.0-alpha-30.jar (237 kB at 33 kB/s)
Downloading from oss.sonatype.org: https://oss.sonatype.org/content/groups/public/org/apache/maven/doxia/doxia-decoration-model/1.0/doxia-decoration-model-1.0.jar
Progress (1): 7.7/121 kB
Progress (1): 16/121 kB 
Progress (1): 32/121 kB
Progress (1): 49/121 kB
Progress (1): 65/121 kB
Progress (1): 81/121 kB
Progress (1): 98/121 kB
Progress (1): 114/121 kB
Progress (1): 121 kB    
                    
Downloaded from oss.sonatype.org: https://oss.sonatype.org/content/groups/public/junit/junit/3.8.1/junit-3.8.1.jar (121 kB at 17 kB/s)
Downloading from oss.sonatype.org: https://oss.sonatype.org/content/groups/public/commons-collections/commons-collections/3.2/commons-collections-3.2.jar
Progress (1): 4.1/392 kB
Progress (1): 20/392 kB 
Progress (1): 29/392 kB
Progress (1): 45/392 kB
Progress (1): 61/392 kB
Progress (1): 78/392 kB
Progress (1): 94/392 kB
Progress (1): 111/392 kB
Progress (1): 127/392 kB
Progress (1): 143/392 kB
Progress (1): 160/392 kB
Progress (1): 176/392 kB
Progress (1): 193/392 kB
Progress (1): 209/392 kB
Progress (1): 225/392 kB
Progress (1): 242/392 kB
Progress (1): 258/392 kB
Progress (1): 274/392 kB
Progress (1): 291/392 kB
Progress (1): 307/392 kB
Progress (1): 324/392 kB
Progress (1): 340/392 kB
Progress (1): 356/392 kB
Progress (1): 373/392 kB
Progress (1): 389/392 kB
Progress (1): 392 kB    
                    
Downloaded from oss.sonatype.org: https://oss.sonatype.org/content/groups/public/org/apache/velocity/velocity/1.5/velocity-1.5.jar (392 kB at 53 kB/s)
Downloading from oss.sonatype.org: https://oss.sonatype.org/content/groups/public/org/apache/maven/doxia/doxia-module-apt/1.0/doxia-module-apt-1.0.jar
Progress (1): 7.7 kB
                    
Downloaded from oss.sonatype.org: https://oss.sonatype.org/content/groups/public/org/codehaus/plexus/plexus-velocity/1.1.7/plexus-velocity-1.1.7.jar (7.7 kB at 1.0 kB/s)
Downloading from oss.sonatype.org: https://oss.sonatype.org/content/groups/public/org/apache/maven/doxia/doxia-module-fml/1.0/doxia-module-fml-1.0.jar
Progress (1): 7.7/208 kB
Progress (1): 16/208 kB 
Progress (1): 32/208 kB
Progress (1): 49/208 kB
Progress (1): 65/208 kB
Progress (1): 81/208 kB
Progress (1): 98/208 kB
Progress (1): 114/208 kB
Progress (1): 131/208 kB
Progress (1): 147/208 kB
Progress (1): 163/208 kB
Progress (1): 180/208 kB
Progress (1): 196/208 kB
Progress (1): 208 kB    
                    
Downloaded from oss.sonatype.org: https://oss.sonatype.org/content/groups/public/commons-lang/commons-lang/2.1/commons-lang-2.1.jar (208 kB at 27 kB/s)
Downloading from oss.sonatype.org: https://oss.sonatype.org/content/groups/public/org/apache/maven/doxia/doxia-module-xdoc/1.0/doxia-module-xdoc-1.0.jar
Progress (1): 3.2/49 kB
Progress (1): 20/49 kB 
Progress (1): 36/49 kB
Progress (1): 49 kB   
                   
Downloaded from oss.sonatype.org: https://oss.sonatype.org/content/groups/public/org/apache/maven/doxia/doxia-decoration-model/1.0/doxia-decoration-model-1.0.jar (49 kB at 6.3 kB/s)
Downloading from oss.sonatype.org: https://oss.sonatype.org/content/groups/public/org/apache/maven/doxia/doxia-module-xhtml/1.0/doxia-module-xhtml-1.0.jar
Progress (1): 7.7/571 kB
Progress (1): 16/571 kB 
Progress (1): 24/571 kB
Progress (1): 40/571 kB
Progress (1): 57/571 kB
Progress (1): 73/571 kB
Progress (1): 90/571 kB
Progress (1): 106/571 kB
Progress (1): 122/571 kB
Progress (1): 139/571 kB
Progress (1): 155/571 kB
Progress (1): 172/571 kB
Progress (1): 188/571 kB
Progress (1): 196/571 kB
Progress (1): 213/571 kB
Progress (1): 229/571 kB
Progress (1): 245/571 kB
Progress (1): 262/571 kB
Progress (1): 278/571 kB
Progress (1): 295/571 kB
Progress (1): 311/571 kB
Progress (1): 327/571 kB
Progress (1): 344/571 kB
Progress (1): 360/571 kB
Progress (1): 377/571 kB
Progress (1): 393/571 kB
Progress (1): 409/571 kB
Progress (1): 426/571 kB
Progress (1): 428/571 kB
Progress (1): 444/571 kB
Progress (1): 461/571 kB
Progress (1): 477/571 kB
Progress (1): 493/571 kB
Progress (1): 510/571 kB
Progress (1): 526/571 kB
Progress (1): 543/571 kB
Progress (1): 559/571 kB
Progress (1): 571 kB    
                    
Downloaded from oss.sonatype.org: https://oss.sonatype.org/content/groups/public/commons-collections/commons-collections/3.2/commons-collections-3.2.jar (571 kB at 71 kB/s)
Downloading from oss.sonatype.org: https://oss.sonatype.org/content/groups/public/org/jdom/jdom/1.1/jdom-1.1.jar
Progress (1): 7.7/47 kB
Progress (1): 16/47 kB 
Progress (1): 32/47 kB
Progress (1): 47 kB   
                   
Downloaded from oss.sonatype.org: https://oss.sonatype.org/content/groups/public/org/apache/maven/doxia/doxia-module-apt/1.0/doxia-module-apt-1.0.jar (47 kB at 5.8 kB/s)
Progress (1): 8.2/19 kB
Progress (1): 19 kB    
                   
Downloaded from oss.sonatype.org: https://oss.sonatype.org/content/groups/public/org/apache/maven/doxia/doxia-module-fml/1.0/doxia-module-fml-1.0.jar (19 kB at 2.3 kB/s)
Progress (1): 7.7/28 kB
Progress (1): 16/28 kB 
Progress (1): 24/28 kB
Progress (1): 28 kB   
                   
Downloaded from oss.sonatype.org: https://oss.sonatype.org/content/groups/public/org/apache/maven/doxia/doxia-module-xdoc/1.0/doxia-module-xdoc-1.0.jar (28 kB at 3.4 kB/s)
Progress (1): 7.7/22 kB
Progress (1): 16/22 kB 
Progress (1): 22 kB   
                   
Downloaded from oss.sonatype.org: https://oss.sonatype.org/content/groups/public/org/apache/maven/doxia/doxia-module-xhtml/1.0/doxia-module-xhtml-1.0.jar (22 kB at 2.6 kB/s)
Progress (1): 7.7/153 kB
Progress (1): 7.7/153 kB
Progress (1): 24/153 kB 
Progress (1): 40/153 kB
Progress (1): 57/153 kB
Progress (1): 73/153 kB
Progress (1): 90/153 kB
Progress (1): 106/153 kB
Progress (1): 122/153 kB
Progress (1): 139/153 kB
Progress (1): 153 kB    
                    
Downloaded from oss.sonatype.org: https://oss.sonatype.org/content/groups/public/org/jdom/jdom/1.1/jdom-1.1.jar (153 kB at 18 kB/s)
Downloading from central: https://repo.maven.apache.org/maven2/org/junit/junit-bom/5.6.2/junit-bom-5.6.2.pom
Progress (1): 916 B
Progress (1): 2.3 kB
Progress (1): 4.9 kB
                    
Downloaded from central: https://repo.maven.apache.org/maven2/org/junit/junit-bom/5.6.2/junit-bom-5.6.2.pom (4.9 kB at 22 kB/s)
Downloading from oss.sonatype.org: https://oss.sonatype.org/content/groups/public/org/apache/felix/maven-bundle-plugin/5.1.1/maven-bundle-plugin-5.1.1.pom
Progress (1): 788 B
Progress (1): 2.0 kB
Progress (1): 4.5 kB
Progress (1): 7.9 kB
Progress (1): 10 kB 
Progress (1): 11 kB
                   
Downloaded from oss.sonatype.org: https://oss.sonatype.org/content/groups/public/org/apache/felix/maven-bundle-plugin/5.1.1/maven-bundle-plugin-5.1.1.pom (11 kB at 19 kB/s)
Downloading from oss.sonatype.org: https://oss.sonatype.org/content/groups/public/org/apache/felix/felix-parent/6/felix-parent-6.pom
Progress (1): 781 B
Progress (1): 2.1 kB
Progress (1): 4.3 kB
Progress (1): 8.2 kB
Progress (1): 12 kB 
Progress (1): 15 kB
Progress (1): 22 kB
                   
Downloaded from oss.sonatype.org: https://oss.sonatype.org/content/groups/public/org/apache/felix/felix-parent/6/felix-parent-6.pom (22 kB at 38 kB/s)
Downloading from oss.sonatype.org: https://oss.sonatype.org/content/groups/public/biz/aQute/bnd/biz.aQute.bndlib/5.1.1/biz.aQute.bndlib-5.1.1.pom
Progress (1): 1.1 kB
Progress (1): 4.1 kB
                    
Downloaded from oss.sonatype.org: https://oss.sonatype.org/content/groups/public/biz/aQute/bnd/biz.aQute.bndlib/5.1.1/biz.aQute.bndlib-5.1.1.pom (4.1 kB at 7.1 kB/s)
Downloading from oss.sonatype.org: https://oss.sonatype.org/content/groups/public/org/apache/maven/maven-archiver/3.5.0/maven-archiver-3.5.0.pom
Progress (1): 799 B
Progress (1): 2.2 kB
Progress (1): 4.5 kB
                    
Downloaded from oss.sonatype.org: https://oss.sonatype.org/content/groups/public/org/apache/maven/maven-archiver/3.5.0/maven-archiver-3.5.0.pom (4.5 kB at 7.8 kB/s)
Downloading from oss.sonatype.org: https://oss.sonatype.org/content/groups/public/org/codehaus/plexus/plexus-archiver/4.2.0/plexus-archiver-4.2.0.pom
Progress (1): 1.3 kB
Progress (1): 3.7 kB
Progress (1): 4.8 kB
                    
Downloaded from oss.sonatype.org: https://oss.sonatype.org/content/groups/public/org/codehaus/plexus/plexus-archiver/4.2.0/plexus-archiver-4.2.0.pom (4.8 kB at 8.4 kB/s)
Downloading from oss.sonatype.org: https://oss.sonatype.org/content/groups/public/org/apache/commons/commons-compress/1.19/commons-compress-1.19.pom
Progress (1): 765 B
Progress (1): 1.9 kB
Progress (1): 3.5 kB
Progress (1): 6.7 kB
Progress (1): 9.2 kB
Progress (1): 12 kB 
Progress (1): 15 kB
Progress (1): 18 kB
                   
Downloaded from oss.sonatype.org: https://oss.sonatype.org/content/groups/public/org/apache/commons/commons-compress/1.19/commons-compress-1.19.pom (18 kB at 32 kB/s)
Downloading from oss.sonatype.org: https://oss.sonatype.org/content/groups/public/org/tukaani/xz/1.8/xz-1.8.pom
Progress (1): 1.1 kB
Progress (1): 1.9 kB
                    
Downloaded from oss.sonatype.org: https://oss.sonatype.org/content/groups/public/org/tukaani/xz/1.8/xz-1.8.pom (1.9 kB at 3.3 kB/s)
Downloading from oss.sonatype.org: https://oss.sonatype.org/content/groups/public/org/codehaus/plexus/plexus-interpolation/1.25/plexus-interpolation-1.25.pom
Progress (1): 1.4 kB
Progress (1): 2.6 kB
                    
Downloaded from oss.sonatype.org: https://oss.sonatype.org/content/groups/public/org/codehaus/plexus/plexus-interpolation/1.25/plexus-interpolation-1.25.pom (2.6 kB at 4.6 kB/s)
Downloading from oss.sonatype.org: https://oss.sonatype.org/content/groups/public/org/apache/felix/maven-bundle-plugin/5.1.1/maven-bundle-plugin-5.1.1.jar
Progress (1): 7.7/213 kB
Progress (1): 16/213 kB 
Progress (1): 29/213 kB
Progress (1): 45/213 kB
Progress (1): 61/213 kB
Progress (1): 78/213 kB
Progress (1): 94/213 kB
Progress (1): 111/213 kB
Progress (1): 127/213 kB
Progress (1): 143/213 kB
Progress (1): 160/213 kB
Progress (1): 176/213 kB
Progress (1): 193/213 kB
Progress (1): 209/213 kB
Progress (1): 213 kB    
                    
Downloaded from oss.sonatype.org: https://oss.sonatype.org/content/groups/public/org/apache/felix/maven-bundle-plugin/5.1.1/maven-bundle-plugin-5.1.1.jar (213 kB at 371 kB/s)
Downloading from oss.sonatype.org: https://oss.sonatype.org/content/groups/public/biz/aQute/bnd/biz.aQute.bndlib/5.1.1/biz.aQute.bndlib-5.1.1.jar
Downloading from oss.sonatype.org: https://oss.sonatype.org/content/groups/public/org/apache/maven/maven-archiver/3.5.0/maven-archiver-3.5.0.jar
Downloading from oss.sonatype.org: https://oss.sonatype.org/content/groups/public/org/codehaus/plexus/plexus-archiver/4.2.0/plexus-archiver-4.2.0.jar
Downloading from oss.sonatype.org: https://oss.sonatype.org/content/groups/public/org/apache/commons/commons-compress/1.19/commons-compress-1.19.jar
Downloading from oss.sonatype.org: https://oss.sonatype.org/content/groups/public/org/tukaani/xz/1.8/xz-1.8.jar
Progress (1): 0/3.7 MB
Progress (1): 0/3.7 MB
Progress (1): 0/3.7 MB
Progress (1): 0.1/3.7 MB
Progress (1): 0.1/3.7 MB
Progress (1): 0.1/3.7 MB
Progress (1): 0.1/3.7 MB
Progress (1): 0.1/3.7 MB
Progress (1): 0.1/3.7 MB
Progress (1): 0.2/3.7 MB
Progress (1): 0.2/3.7 MB
Progress (1): 0.2/3.7 MB
Progress (1): 0.2/3.7 MB
Progress (1): 0.2/3.7 MB
Progress (1): 0.2/3.7 MB
Progress (1): 0.3/3.7 MB
Progress (1): 0.3/3.7 MB
Progress (1): 0.3/3.7 MB
Progress (1): 0.3/3.7 MB
Progress (1): 0.3/3.7 MB
Progress (1): 0.3/3.7 MB
Progress (1): 0.4/3.7 MB
Progress (1): 0.4/3.7 MB
Progress (1): 0.4/3.7 MB
Progress (1): 0.4/3.7 MB
Progress (1): 0.4/3.7 MB
Progress (1): 0.4/3.7 MB
Progress (1): 0.5/3.7 MB
Progress (1): 0.5/3.7 MB
Progress (1): 0.5/3.7 MB
Progress (1): 0.5/3.7 MB
Progress (1): 0.5/3.7 MB
Progress (1): 0.5/3.7 MB
Progress (1): 0.6/3.7 MB
Progress (1): 0.6/3.7 MB
Progress (1): 0.6/3.7 MB
Progress (1): 0.6/3.7 MB
Progress (1): 0.6/3.7 MB
Progress (1): 0.6/3.7 MB
Progress (1): 0.7/3.7 MB
Progress (1): 0.7/3.7 MB
Progress (1): 0.7/3.7 MB
Progress (1): 0.7/3.7 MB
Progress (1): 0.7/3.7 MB
Progress (1): 0.7/3.7 MB
Progress (1): 0.8/3.7 MB
Progress (1): 0.8/3.7 MB
Progress (1): 0.8/3.7 MB
Progress (1): 0.8/3.7 MB
Progress (1): 0.8/3.7 MB
Progress (1): 0.8/3.7 MB
Progress (1): 0.9/3.7 MB
Progress (1): 0.9/3.7 MB
Progress (1): 0.9/3.7 MB
Progress (1): 0.9/3.7 MB
Progress (1): 0.9/3.7 MB
Progress (1): 0.9/3.7 MB
Progress (1): 1.0/3.7 MB
Progress (1): 1.0/3.7 MB
Progress (1): 1.0/3.7 MB
Progress (1): 1.0/3.7 MB
Progress (1): 1.0/3.7 MB
Progress (1): 1.0/3.7 MB
Progress (1): 1.0/3.7 MB
Progress (1): 1.1/3.7 MB
Progress (1): 1.1/3.7 MB
Progress (1): 1.1/3.7 MB
Progress (1): 1.1/3.7 MB
Progress (1): 1.1/3.7 MB
Progress (2): 1.1/3.7 MB | 7.7/615 kB
Progress (2): 1.1/3.7 MB | 7.7/615 kB
Progress (2): 1.1/3.7 MB | 7.7/615 kB
Progress (2): 1.2/3.7 MB | 7.7/615 kB
Progress (2): 1.2/3.7 MB | 24/615 kB 
Progress (2): 1.2/3.7 MB | 24/615 kB
Progress (2): 1.2/3.7 MB | 40/615 kB
Progress (2): 1.2/3.7 MB | 40/615 kB
Progress (2): 1.2/3.7 MB | 49/615 kB
Progress (2): 1.2/3.7 MB | 49/615 kB
Progress (2): 1.2/3.7 MB | 49/615 kB
Progress (2): 1.2/3.7 MB | 49/615 kB
Progress (2): 1.2/3.7 MB | 66/615 kB
Progress (2): 1.3/3.7 MB | 66/615 kB
Progress (2): 1.3/3.7 MB | 66/615 kB
Progress (2): 1.3/3.7 MB | 66/615 kB
Progress (3): 1.3/3.7 MB | 66/615 kB | 7.7/196 kB
Progress (3): 1.3/3.7 MB | 66/615 kB | 7.7/196 kB
Progress (3): 1.3/3.7 MB | 82/615 kB | 7.7/196 kB
Progress (3): 1.3/3.7 MB | 82/615 kB | 7.7/196 kB
Progress (3): 1.3/3.7 MB | 82/615 kB | 7.7/196 kB
Progress (3): 1.3/3.7 MB | 98/615 kB | 7.7/196 kB
Progress (3): 1.3/3.7 MB | 98/615 kB | 7.7/196 kB
Progress (3): 1.4/3.7 MB | 98/615 kB | 7.7/196 kB
Progress (3): 1.4/3.7 MB | 98/615 kB | 7.7/196 kB
Progress (3): 1.4/3.7 MB | 98/615 kB | 24/196 kB 
Progress (3): 1.4/3.7 MB | 115/615 kB | 24/196 kB
Progress (3): 1.4/3.7 MB | 115/615 kB | 24/196 kB
Progress (3): 1.4/3.7 MB | 115/615 kB | 24/196 kB
Progress (3): 1.4/3.7 MB | 115/615 kB | 24/196 kB
Progress (3): 1.4/3.7 MB | 131/615 kB | 24/196 kB
Progress (3): 1.4/3.7 MB | 131/615 kB | 24/196 kB
Progress (3): 1.4/3.7 MB | 131/615 kB | 40/196 kB
Progress (3): 1.5/3.7 MB | 131/615 kB | 40/196 kB
Progress (3): 1.5/3.7 MB | 147/615 kB | 40/196 kB
Progress (3): 1.5/3.7 MB | 147/615 kB | 40/196 kB
Progress (3): 1.5/3.7 MB | 147/615 kB | 40/196 kB
Progress (3): 1.5/3.7 MB | 164/615 kB | 40/196 kB
Progress (3): 1.5/3.7 MB | 164/615 kB | 40/196 kB
Progress (3): 1.5/3.7 MB | 164/615 kB | 57/196 kB
Progress (3): 1.5/3.7 MB | 164/615 kB | 57/196 kB
Progress (3): 1.5/3.7 MB | 180/615 kB | 57/196 kB
Progress (3): 1.5/3.7 MB | 180/615 kB | 57/196 kB
Progress (3): 1.6/3.7 MB | 180/615 kB | 57/196 kB
Progress (3): 1.6/3.7 MB | 180/615 kB | 57/196 kB
Progress (3): 1.6/3.7 MB | 197/615 kB | 57/196 kB
Progress (3): 1.6/3.7 MB | 197/615 kB | 73/196 kB
Progress (3): 1.6/3.7 MB | 197/615 kB | 73/196 kB
Progress (3): 1.6/3.7 MB | 197/615 kB | 73/196 kB
Progress (3): 1.6/3.7 MB | 197/615 kB | 73/196 kB
Progress (3): 1.6/3.7 MB | 213/615 kB | 73/196 kB
Progress (3): 1.6/3.7 MB | 213/615 kB | 73/196 kB
Progress (3): 1.7/3.7 MB | 213/615 kB | 73/196 kB
Progress (3): 1.7/3.7 MB | 229/615 kB | 73/196 kB
Progress (3): 1.7/3.7 MB | 229/615 kB | 90/196 kB
Progress (3): 1.7/3.7 MB | 229/615 kB | 90/196 kB
Progress (3): 1.7/3.7 MB | 229/615 kB | 90/196 kB
Progress (3): 1.7/3.7 MB | 246/615 kB | 90/196 kB
Progress (3): 1.7/3.7 MB | 246/615 kB | 90/196 kB
Progress (4): 1.7/3.7 MB | 246/615 kB | 90/196 kB | 7.7/26 kB
Progress (4): 1.7/3.7 MB | 246/615 kB | 90/196 kB | 16/26 kB 
Progress (4): 1.7/3.7 MB | 246/615 kB | 90/196 kB | 25/26 kB
Progress (4): 1.7/3.7 MB | 246/615 kB | 90/196 kB | 26 kB   
Progress (4): 1.7/3.7 MB | 246/615 kB | 90/196 kB | 26 kB
Progress (4): 1.7/3.7 MB | 262/615 kB | 90/196 kB | 26 kB
Progress (4): 1.7/3.7 MB | 262/615 kB | 106/196 kB | 26 kB
Progress (4): 1.7/3.7 MB | 262/615 kB | 106/196 kB | 26 kB
                                                          
Downloaded from oss.sonatype.org: https://oss.sonatype.org/content/groups/public/org/apache/maven/maven-archiver/3.5.0/maven-archiver-3.5.0.jar (26 kB at 38 kB/s)
Progress (3): 1.8/3.7 MB | 262/615 kB | 106/196 kB
Progress (3): 1.8/3.7 MB | 262/615 kB | 106/196 kB
Progress (3): 1.8/3.7 MB | 279/615 kB | 106/196 kB
Progress (3): 1.8/3.7 MB | 279/615 kB | 106/196 kB
Progress (3): 1.8/3.7 MB | 279/615 kB | 106/196 kB
Progress (3): 1.8/3.7 MB | 295/615 kB | 106/196 kB
Progress (3): 1.8/3.7 MB | 295/615 kB | 122/196 kB
Progress (3): 1.8/3.7 MB | 295/615 kB | 122/196 kB
Progress (3): 1.8/3.7 MB | 295/615 kB | 122/196 kB
Progress (3): 1.8/3.7 MB | 311/615 kB | 122/196 kB
Progress (3): 1.9/3.7 MB | 311/615 kB | 122/196 kB
Progress (3): 1.9/3.7 MB | 311/615 kB | 122/196 kB
Progress (3): 1.9/3.7 MB | 311/615 kB | 122/196 kB
Progress (3): 1.9/3.7 MB | 311/615 kB | 139/196 kB
Progress (3): 1.9/3.7 MB | 328/615 kB | 139/196 kB
Progress (3): 1.9/3.7 MB | 328/615 kB | 139/196 kB
Progress (3): 1.9/3.7 MB | 328/615 kB | 139/196 kB
Progress (3): 1.9/3.7 MB | 344/615 kB | 139/196 kB
Progress (3): 1.9/3.7 MB | 344/615 kB | 139/196 kB
Progress (3): 1.9/3.7 MB | 344/615 kB | 139/196 kB
Progress (3): 1.9/3.7 MB | 344/615 kB | 155/196 kB
Progress (3): 1.9/3.7 MB | 360/615 kB | 155/196 kB
Progress (3): 2.0/3.7 MB | 360/615 kB | 155/196 kB
Progress (3): 2.0/3.7 MB | 360/615 kB | 155/196 kB
Progress (3): 2.0/3.7 MB | 360/615 kB | 155/196 kB
Progress (3): 2.0/3.7 MB | 360/615 kB | 155/196 kB
Progress (3): 2.0/3.7 MB | 377/615 kB | 155/196 kB
Progress (3): 2.0/3.7 MB | 377/615 kB | 155/196 kB
Progress (3): 2.0/3.7 MB | 377/615 kB | 155/196 kB
Progress (3): 2.0/3.7 MB | 377/615 kB | 172/196 kB
Progress (3): 2.0/3.7 MB | 377/615 kB | 172/196 kB
Progress (3): 2.0/3.7 MB | 393/615 kB | 172/196 kB
Progress (3): 2.1/3.7 MB | 393/615 kB | 172/196 kB
Progress (3): 2.1/3.7 MB | 393/615 kB | 172/196 kB
Progress (3): 2.1/3.7 MB | 410/615 kB | 172/196 kB
Progress (3): 2.1/3.7 MB | 410/615 kB | 172/196 kB
Progress (3): 2.1/3.7 MB | 410/615 kB | 188/196 kB
Progress (3): 2.1/3.7 MB | 410/615 kB | 188/196 kB
Progress (3): 2.1/3.7 MB | 426/615 kB | 188/196 kB
Progress (3): 2.1/3.7 MB | 426/615 kB | 188/196 kB
Progress (3): 2.1/3.7 MB | 426/615 kB | 188/196 kB
Progress (3): 2.1/3.7 MB | 426/615 kB | 196 kB    
Progress (3): 2.2/3.7 MB | 426/615 kB | 196 kB
                                              
Downloaded from oss.sonatype.org: https://oss.sonatype.org/content/groups/public/org/codehaus/plexus/plexus-archiver/4.2.0/plexus-archiver-4.2.0.jar (196 kB at 285 kB/s)
Progress (2): 2.2/3.7 MB | 442/615 kB
Progress (2): 2.2/3.7 MB | 442/615 kB
Progress (2): 2.2/3.7 MB | 442/615 kB
Progress (2): 2.2/3.7 MB | 459/615 kB
Progress (2): 2.2/3.7 MB | 459/615 kB
Progress (2): 2.2/3.7 MB | 459/615 kB
Progress (2): 2.2/3.7 MB | 459/615 kB
Progress (2): 2.2/3.7 MB | 475/615 kB
Progress (2): 2.3/3.7 MB | 475/615 kB
Progress (2): 2.3/3.7 MB | 475/615 kB
Progress (2): 2.3/3.7 MB | 492/615 kB
Progress (2): 2.3/3.7 MB | 492/615 kB
Progress (2): 2.3/3.7 MB | 492/615 kB
Progress (2): 2.3/3.7 MB | 492/615 kB
Progress (2): 2.3/3.7 MB | 508/615 kB
Progress (2): 2.3/3.7 MB | 508/615 kB
Progress (2): 2.4/3.7 MB | 508/615 kB
Progress (2): 2.4/3.7 MB | 524/615 kB
Progress (2): 2.4/3.7 MB | 524/615 kB
Progress (2): 2.4/3.7 MB | 524/615 kB
Progress (2): 2.4/3.7 MB | 541/615 kB
Progress (2): 2.4/3.7 MB | 541/615 kB
Progress (2): 2.4/3.7 MB | 541/615 kB
Progress (2): 2.4/3.7 MB | 557/615 kB
Progress (2): 2.4/3.7 MB | 557/615 kB
Progress (2): 2.5/3.7 MB | 557/615 kB
Progress (2): 2.5/3.7 MB | 557/615 kB
Progress (2): 2.5/3.7 MB | 557/615 kB
Progress (2): 2.5/3.7 MB | 573/615 kB
Progress (2): 2.5/3.7 MB | 573/615 kB
Progress (2): 2.5/3.7 MB | 573/615 kB
Progress (2): 2.5/3.7 MB | 573/615 kB
Progress (2): 2.5/3.7 MB | 590/615 kB
Progress (2): 2.5/3.7 MB | 590/615 kB
Progress (2): 2.6/3.7 MB | 590/615 kB
Progress (2): 2.6/3.7 MB | 606/615 kB
Progress (2): 2.6/3.7 MB | 606/615 kB
Progress (2): 2.6/3.7 MB | 615 kB    
Progress (2): 2.6/3.7 MB | 615 kB
                                 
Downloaded from oss.sonatype.org: https://oss.sonatype.org/content/groups/public/org/apache/commons/commons-compress/1.19/commons-compress-1.19.jar (615 kB at 864 kB/s)
Progress (1): 2.6/3.7 MB
Progress (1): 2.6/3.7 MB
Progress (1): 2.6/3.7 MB
Progress (1): 2.7/3.7 MB
Progress (1): 2.7/3.7 MB
Progress (1): 2.7/3.7 MB
Progress (1): 2.7/3.7 MB
Progress (1): 2.7/3.7 MB
Progress (1): 2.7/3.7 MB
Progress (1): 2.7/3.7 MB
Progress (1): 2.8/3.7 MB
Progress (1): 2.8/3.7 MB
Progress (1): 2.8/3.7 MB
Progress (1): 2.8/3.7 MB
Progress (1): 2.8/3.7 MB
Progress (1): 2.8/3.7 MB
Progress (1): 2.9/3.7 MB
Progress (1): 2.9/3.7 MB
Progress (1): 2.9/3.7 MB
Progress (1): 2.9/3.7 MB
Progress (1): 2.9/3.7 MB
Progress (1): 2.9/3.7 MB
Progress (1): 3.0/3.7 MB
Progress (1): 3.0/3.7 MB
Progress (2): 3.0/3.7 MB | 7.7/109 kB
Progress (2): 3.0/3.7 MB | 7.7/109 kB
Progress (2): 3.0/3.7 MB | 16/109 kB 
Progress (2): 3.0/3.7 MB | 32/109 kB
Progress (2): 3.0/3.7 MB | 49/109 kB
Progress (2): 3.0/3.7 MB | 49/109 kB
Progress (2): 3.0/3.7 MB | 65/109 kB
Progress (2): 3.0/3.7 MB | 81/109 kB
Progress (2): 3.0/3.7 MB | 98/109 kB
Progress (2): 3.0/3.7 MB | 109 kB   
Progress (2): 3.0/3.7 MB | 109 kB
                                 
Downloaded from oss.sonatype.org: https://oss.sonatype.org/content/groups/public/org/tukaani/xz/1.8/xz-1.8.jar (109 kB at 148 kB/s)
Progress (1): 3.0/3.7 MB
Progress (1): 3.1/3.7 MB
Progress (1): 3.1/3.7 MB
Progress (1): 3.1/3.7 MB
Progress (1): 3.1/3.7 MB
Progress (1): 3.1/3.7 MB
Progress (1): 3.1/3.7 MB
Progress (1): 3.2/3.7 MB
Progress (1): 3.2/3.7 MB
Progress (1): 3.2/3.7 MB
Progress (1): 3.2/3.7 MB
Progress (1): 3.2/3.7 MB
Progress (1): 3.2/3.7 MB
Progress (1): 3.3/3.7 MB
Progress (1): 3.3/3.7 MB
Progress (1): 3.3/3.7 MB
Progress (1): 3.3/3.7 MB
Progress (1): 3.3/3.7 MB
Progress (1): 3.3/3.7 MB
Progress (1): 3.4/3.7 MB
Progress (1): 3.4/3.7 MB
Progress (1): 3.4/3.7 MB
Progress (1): 3.4/3.7 MB
Progress (1): 3.4/3.7 MB
Progress (1): 3.4/3.7 MB
Progress (1): 3.5/3.7 MB
Progress (1): 3.5/3.7 MB
Progress (1): 3.5/3.7 MB
Progress (1): 3.5/3.7 MB
Progress (1): 3.5/3.7 MB
Progress (1): 3.5/3.7 MB
Progress (1): 3.6/3.7 MB
Progress (1): 3.6/3.7 MB
Progress (1): 3.6/3.7 MB
Progress (1): 3.6/3.7 MB
Progress (1): 3.6/3.7 MB
Progress (1): 3.6/3.7 MB
Progress (1): 3.6/3.7 MB
Progress (1): 3.7 MB    
                    
Downloaded from oss.sonatype.org: https://oss.sonatype.org/content/groups/public/biz/aQute/bnd/biz.aQute.bndlib/5.1.1/biz.aQute.bndlib-5.1.1.jar (3.7 MB at 4.8 MB/s)
[INFO] 
[INFO] ----------------------< com.jcabi:jcabi-aspects >-----------------------
[INFO] Building jcabi-aspects 0.24.1
[INFO]   from pom.xml
[INFO] -------------------------------[ bundle ]-------------------------------
Downloading from oss.sonatype.org: https://oss.sonatype.org/content/groups/public/org/apache/maven/plugins/maven-invoker-plugin/3.3.0/maven-invoker-plugin-3.3.0.pom
Progress (1): 749 B
Progress (1): 2.1 kB
Progress (1): 4.9 kB
Progress (1): 9.1 kB
Progress (1): 12 kB 
Progress (1): 14 kB
                   
Downloaded from oss.sonatype.org: https://oss.sonatype.org/content/groups/public/org/apache/maven/plugins/maven-invoker-plugin/3.3.0/maven-invoker-plugin-3.3.0.pom (14 kB at 24 kB/s)
Downloading from oss.sonatype.org: https://oss.sonatype.org/content/groups/public/org/apache/maven/plugins/maven-invoker-plugin/3.3.0/maven-invoker-plugin-3.3.0.jar
Progress (1): 8.2/135 kB
Progress (1): 25/135 kB 
Progress (1): 41/135 kB
Progress (1): 57/135 kB
Progress (1): 74/135 kB
Progress (1): 90/135 kB
Progress (1): 106/135 kB
Progress (1): 115/135 kB
Progress (1): 131/135 kB
Progress (1): 135 kB    
                    
Downloaded from oss.sonatype.org: https://oss.sonatype.org/content/groups/public/org/apache/maven/plugins/maven-invoker-plugin/3.3.0/maven-invoker-plugin-3.3.0.jar (135 kB at 236 kB/s)
Downloading from oss.sonatype.org: https://oss.sonatype.org/content/groups/public/com/jcabi/jcabi-maven-plugin/0.16.0/jcabi-maven-plugin-0.16.0.pom
Progress (1): 870 B
Progress (1): 1.9 kB
Progress (1): 4.3 kB
Progress (1): 8.0 kB
Progress (1): 10 kB 
                   
Downloaded from oss.sonatype.org: https://oss.sonatype.org/content/groups/public/com/jcabi/jcabi-maven-plugin/0.16.0/jcabi-maven-plugin-0.16.0.pom (10 kB at 18 kB/s)
Downloading from oss.sonatype.org: https://oss.sonatype.org/content/groups/public/com/jcabi/jcabi/1.31.0/jcabi-1.31.0.pom
Progress (1): 856 B
Progress (1): 1.8 kB
Progress (1): 3.4 kB
Progress (1): 5.7 kB
Progress (1): 5.8 kB
                    
Downloaded from oss.sonatype.org: https://oss.sonatype.org/content/groups/public/com/jcabi/jcabi/1.31.0/jcabi-1.31.0.pom (5.8 kB at 10 kB/s)
Downloading from oss.sonatype.org: https://oss.sonatype.org/content/groups/public/com/jcabi/parent/0.57.0/parent-0.57.0.pom
Progress (1): 814 B
Progress (1): 1.7 kB
Progress (1): 3.2 kB
Progress (1): 5.0 kB
Progress (1): 7.5 kB
Progress (1): 9.6 kB
Progress (1): 13 kB 
Progress (1): 17 kB
Progress (1): 19 kB
Progress (1): 23 kB
Progress (1): 28 kB
Progress (1): 31 kB
Progress (1): 35 kB
Progress (1): 40 kB
Progress (1): 44 kB
Progress (1): 44 kB
Progress (1): 48 kB
Progress (1): 51 kB
Progress (1): 53 kB
Progress (1): 57 kB
Progress (1): 59 kB
Progress (1): 63 kB
Progress (1): 63 kB
                   
Downloaded from oss.sonatype.org: https://oss.sonatype.org/content/groups/public/com/jcabi/parent/0.57.0/parent-0.57.0.pom (63 kB at 109 kB/s)
Downloading from oss.sonatype.org: https://oss.sonatype.org/content/groups/public/com/jcabi/jcabi-maven-plugin/0.16.0/jcabi-maven-plugin-0.16.0.jar
Progress (1): 3.2/22 kB
Progress (1): 20/22 kB 
Progress (1): 22 kB   
                   
Downloaded from oss.sonatype.org: https://oss.sonatype.org/content/groups/public/com/jcabi/jcabi-maven-plugin/0.16.0/jcabi-maven-plugin-0.16.0.jar (22 kB at 39 kB/s)
Downloading from oss.sonatype.org: https://oss.sonatype.org/content/groups/public/org/codehaus/mojo/aspectj-maven-plugin/1.14.0/aspectj-maven-plugin-1.14.0.pom
Progress (1): 947 B
Progress (1): 2.4 kB
Progress (1): 5.6 kB
Progress (1): 8.2 kB
Progress (1): 10 kB 
Progress (1): 13 kB
                   
Downloaded from oss.sonatype.org: https://oss.sonatype.org/content/groups/public/org/codehaus/mojo/aspectj-maven-plugin/1.14.0/aspectj-maven-plugin-1.14.0.pom (13 kB at 22 kB/s)
Downloading from oss.sonatype.org: https://oss.sonatype.org/content/groups/public/org/codehaus/mojo/mojo-parent/63/mojo-parent-63.pom
Progress (1): 721 B
Progress (1): 2.5 kB
Progress (1): 5.9 kB
Progress (1): 8.1 kB
Progress (1): 9.9 kB
Progress (1): 15 kB 
Progress (1): 19 kB
Progress (1): 21 kB
Progress (1): 25 kB
Progress (1): 30 kB
Progress (1): 31 kB
                   
Downloaded from oss.sonatype.org: https://oss.sonatype.org/content/groups/public/org/codehaus/mojo/mojo-parent/63/mojo-parent-63.pom (31 kB at 53 kB/s)
Downloading from oss.sonatype.org: https://oss.sonatype.org/content/groups/public/org/codehaus/mojo/aspectj-maven-plugin/1.14.0/aspectj-maven-plugin-1.14.0.jar
Progress (1): 7.7/59 kB
Progress (1): 11/59 kB 
Progress (1): 28/59 kB
Progress (1): 44/59 kB
Progress (1): 59 kB   
                   
Downloaded from oss.sonatype.org: https://oss.sonatype.org/content/groups/public/org/codehaus/mojo/aspectj-maven-plugin/1.14.0/aspectj-maven-plugin-1.14.0.jar (59 kB at 104 kB/s)
Downloading from oss.sonatype.org: https://oss.sonatype.org/content/groups/public/org/codehaus/mojo/buildnumber-maven-plugin/1.4/buildnumber-maven-plugin-1.4.pom
Progress (1): 941 B
Progress (1): 2.9 kB
Progress (1): 7.6 kB
Progress (1): 10 kB 
Progress (1): 14 kB
                   
Downloaded from oss.sonatype.org: https://oss.sonatype.org/content/groups/public/org/codehaus/mojo/buildnumber-maven-plugin/1.4/buildnumber-maven-plugin-1.4.pom (14 kB at 24 kB/s)
Downloading from oss.sonatype.org: https://oss.sonatype.org/content/groups/public/org/codehaus/mojo/mojo-parent/38/mojo-parent-38.pom
Progress (1): 722 B
Progress (1): 2.5 kB
Progress (1): 5.5 kB
Progress (1): 7.3 kB
Progress (1): 9.6 kB
Progress (1): 15 kB 
Progress (1): 18 kB
Progress (1): 21 kB
Progress (1): 24 kB
Progress (1): 28 kB
Progress (1): 33 kB
                   
Downloaded from oss.sonatype.org: https://oss.sonatype.org/content/groups/public/org/codehaus/mojo/mojo-parent/38/mojo-parent-38.pom (33 kB at 58 kB/s)
Downloading from oss.sonatype.org: https://oss.sonatype.org/content/groups/public/org/codehaus/mojo/buildnumber-maven-plugin/1.4/buildnumber-maven-plugin-1.4.jar
Progress (1): 7.7/40 kB
Progress (1): 15/40 kB 
Progress (1): 32/40 kB
Progress (1): 40 kB   
                   
Downloaded from oss.sonatype.org: https://oss.sonatype.org/content/groups/public/org/codehaus/mojo/buildnumber-maven-plugin/1.4/buildnumber-maven-plugin-1.4.jar (40 kB at 71 kB/s)
Downloading from oss.sonatype.org: https://oss.sonatype.org/content/groups/public/org/apache/maven/plugins/maven-resources-plugin/3.2.0/maven-resources-plugin-3.2.0.pom
Progress (1): 770 B
Progress (1): 2.2 kB
Progress (1): 4.7 kB
Progress (1): 7.6 kB
Progress (1): 8.1 kB
                    
Downloaded from oss.sonatype.org: https://oss.sonatype.org/content/groups/public/org/apache/maven/plugins/maven-resources-plugin/3.2.0/maven-resources-plugin-3.2.0.pom (8.1 kB at 14 kB/s)
Downloading from oss.sonatype.org: https://oss.sonatype.org/content/groups/public/org/apache/maven/plugins/maven-resources-plugin/3.2.0/maven-resources-plugin-3.2.0.jar
Progress (1): 7.7/33 kB
Progress (1): 11/33 kB 
Progress (1): 28/33 kB
Progress (1): 33 kB   
                   
Downloaded from oss.sonatype.org: https://oss.sonatype.org/content/groups/public/org/apache/maven/plugins/maven-resources-plugin/3.2.0/maven-resources-plugin-3.2.0.jar (33 kB at 58 kB/s)
Downloading from oss.sonatype.org: https://oss.sonatype.org/content/groups/public/org/codehaus/mojo/templating-maven-plugin/1.0.0/templating-maven-plugin-1.0.0.pom
Progress (1): 768 B
Progress (1): 2.3 kB
Progress (1): 4.4 kB
Progress (1): 7.7 kB
Progress (1): 7.7 kB
                    
Downloaded from oss.sonatype.org: https://oss.sonatype.org/content/groups/public/org/codehaus/mojo/templating-maven-plugin/1.0.0/templating-maven-plugin-1.0.0.pom (7.7 kB at 13 kB/s)
Downloading from oss.sonatype.org: https://oss.sonatype.org/content/groups/public/org/codehaus/mojo/templating-maven-plugin/1.0.0/templating-maven-plugin-1.0.0.jar
Progress (1): 7.7/22 kB
Progress (1): 7.7/22 kB
Progress (1): 22 kB    
                   
Downloaded from oss.sonatype.org: https://oss.sonatype.org/content/groups/public/org/codehaus/mojo/templating-maven-plugin/1.0.0/templating-maven-plugin-1.0.0.jar (22 kB at 40 kB/s)
Downloading from oss.sonatype.org: https://oss.sonatype.org/content/groups/public/org/apache/maven/plugins/maven-compiler-plugin/3.9.0/maven-compiler-plugin-3.9.0.pom
Progress (1): 758 B
Progress (1): 2.2 kB
Progress (1): 3.9 kB
Progress (1): 8.4 kB
Progress (1): 11 kB 
Progress (1): 12 kB
                   
Downloaded from oss.sonatype.org: https://oss.sonatype.org/content/groups/public/org/apache/maven/plugins/maven-compiler-plugin/3.9.0/maven-compiler-plugin-3.9.0.pom (12 kB at 22 kB/s)
Downloading from oss.sonatype.org: https://oss.sonatype.org/content/groups/public/org/apache/maven/plugins/maven-compiler-plugin/3.9.0/maven-compiler-plugin-3.9.0.jar
Progress (1): 3.2/62 kB
Progress (1): 20/62 kB 
Progress (1): 36/62 kB
Progress (1): 52/62 kB
Progress (1): 62 kB   
                   
Downloaded from oss.sonatype.org: https://oss.sonatype.org/content/groups/public/org/apache/maven/plugins/maven-compiler-plugin/3.9.0/maven-compiler-plugin-3.9.0.jar (62 kB at 109 kB/s)
Downloading from oss.sonatype.org: https://oss.sonatype.org/content/groups/public/org/apache/maven/plugins/maven-surefire-plugin/3.0.0-M7/maven-surefire-plugin-3.0.0-M7.pom
Progress (1): 817 B
Progress (1): 3.0 kB
Progress (1): 6.6 kB
Progress (1): 7.2 kB
                    
Downloaded from oss.sonatype.org: https://oss.sonatype.org/content/groups/public/org/apache/maven/plugins/maven-surefire-plugin/3.0.0-M7/maven-surefire-plugin-3.0.0-M7.pom (7.2 kB at 13 kB/s)
Downloading from oss.sonatype.org: https://oss.sonatype.org/content/groups/public/org/apache/maven/surefire/surefire/3.0.0-M7/surefire-3.0.0-M7.pom
Progress (1): 788 B
Progress (1): 2.5 kB
Progress (1): 4.1 kB
Progress (1): 8.2 kB
Progress (1): 12 kB 
Progress (1): 14 kB
Progress (1): 17 kB
Progress (1): 20 kB
Progress (1): 22 kB
                   
Downloaded from oss.sonatype.org: https://oss.sonatype.org/content/groups/public/org/apache/maven/surefire/surefire/3.0.0-M7/surefire-3.0.0-M7.pom (22 kB at 37 kB/s)
Downloading from oss.sonatype.org: https://oss.sonatype.org/content/groups/public/org/apache/maven/plugins/maven-surefire-plugin/3.0.0-M7/maven-surefire-plugin-3.0.0-M7.jar
Progress (1): 7.7/44 kB
Progress (1): 15/44 kB 
Progress (1): 32/44 kB
Progress (1): 44 kB   
                   
Downloaded from oss.sonatype.org: https://oss.sonatype.org/content/groups/public/org/apache/maven/plugins/maven-surefire-plugin/3.0.0-M7/maven-surefire-plugin-3.0.0-M7.jar (44 kB at 77 kB/s)
Downloading from oss.sonatype.org: https://oss.sonatype.org/content/groups/public/org/apache/maven/plugins/maven-assembly-plugin/3.4.0/maven-assembly-plugin-3.4.0.pom
Progress (1): 749 B
Progress (1): 2.1 kB
Progress (1): 4.6 kB
Progress (1): 8.7 kB
Progress (1): 11 kB 
Progress (1): 13 kB
Progress (1): 14 kB
                   
Downloaded from oss.sonatype.org: https://oss.sonatype.org/content/groups/public/org/apache/maven/plugins/maven-assembly-plugin/3.4.0/maven-assembly-plugin-3.4.0.pom (14 kB at 25 kB/s)
Downloading from oss.sonatype.org: https://oss.sonatype.org/content/groups/public/org/apache/maven/plugins/maven-assembly-plugin/3.4.0/maven-assembly-plugin-3.4.0.jar
Progress (1): 16/256 kB
Progress (1): 33/256 kB
Progress (1): 49/256 kB
Progress (1): 57/256 kB
Progress (1): 74/256 kB
Progress (1): 90/256 kB
Progress (1): 106/256 kB
Progress (1): 123/256 kB
Progress (1): 131/256 kB
Progress (1): 147/256 kB
Progress (1): 164/256 kB
Progress (1): 180/256 kB
Progress (1): 197/256 kB
Progress (1): 213/256 kB
Progress (1): 229/256 kB
Progress (1): 246/256 kB
Progress (1): 256 kB    
                    
Downloaded from oss.sonatype.org: https://oss.sonatype.org/content/groups/public/org/apache/maven/plugins/maven-assembly-plugin/3.4.0/maven-assembly-plugin-3.4.0.jar (256 kB at 448 kB/s)
Downloading from central: https://repo.maven.apache.org/maven2/com/jcabi/jcabi-log/0.22.0/jcabi-log-0.22.0.pom
Progress (1): 872 B
Progress (1): 1.6 kB
Progress (1): 3.0 kB
Progress (1): 5.1 kB
                    
Downloaded from central: https://repo.maven.apache.org/maven2/com/jcabi/jcabi-log/0.22.0/jcabi-log-0.22.0.pom (5.1 kB at 24 kB/s)
Downloading from central: https://repo.maven.apache.org/maven2/com/jcabi/jcabi/1.34.1/jcabi-1.34.1.pom
Progress (1): 856 B
Progress (1): 1.5 kB
Progress (1): 2.9 kB
Progress (1): 5.1 kB
Progress (1): 5.8 kB
                    
Downloaded from central: https://repo.maven.apache.org/maven2/com/jcabi/jcabi/1.34.1/jcabi-1.34.1.pom (5.8 kB at 28 kB/s)
Downloading from central: https://repo.maven.apache.org/maven2/com/jcabi/parent/0.60.5/parent-0.60.5.pom
Progress (1): 814 B
Progress (1): 1.4 kB
Progress (1): 2.6 kB
Progress (1): 4.4 kB
Progress (1): 5.8 kB
Progress (1): 8.1 kB
Progress (1): 10 kB 
Progress (1): 13 kB
Progress (1): 17 kB
Progress (1): 20 kB
Progress (1): 22 kB
Progress (1): 27 kB
Progress (1): 30 kB
Progress (1): 33 kB
Progress (1): 37 kB
Progress (1): 41 kB
Progress (1): 44 kB
Progress (1): 48 kB
Progress (1): 51 kB
Progress (1): 53 kB
Progress (1): 56 kB
Progress (1): 58 kB
Progress (1): 61 kB
Progress (1): 63 kB
                   
Downloaded from central: https://repo.maven.apache.org/maven2/com/jcabi/parent/0.60.5/parent-0.60.5.pom (63 kB at 303 kB/s)
Downloading from central: https://repo.maven.apache.org/maven2/org/junit/junit-bom/5.9.0/junit-bom-5.9.0.pom
Progress (1): 912 B
Progress (1): 4.1 kB
Progress (1): 5.6 kB
                    
Downloaded from central: https://repo.maven.apache.org/maven2/org/junit/junit-bom/5.9.0/junit-bom-5.9.0.pom (5.6 kB at 26 kB/s)
Downloading from central: https://repo.maven.apache.org/maven2/org/slf4j/slf4j-api/2.0.0-beta1/slf4j-api-2.0.0-beta1.pom
Progress (1): 1.3 kB
Progress (1): 1.6 kB
                    
Downloaded from central: https://repo.maven.apache.org/maven2/org/slf4j/slf4j-api/2.0.0-beta1/slf4j-api-2.0.0-beta1.pom (1.6 kB at 7.8 kB/s)
Downloading from central: https://repo.maven.apache.org/maven2/org/slf4j/slf4j-parent/2.0.0-beta1/slf4j-parent-2.0.0-beta1.pom
Progress (1): 1.0 kB
Progress (1): 2.2 kB
Progress (1): 5.0 kB
Progress (1): 7.9 kB
Progress (1): 10 kB 
Progress (1): 13 kB
Progress (1): 16 kB
                   
Downloaded from central: https://repo.maven.apache.org/maven2/org/slf4j/slf4j-parent/2.0.0-beta1/slf4j-parent-2.0.0-beta1.pom (16 kB at 73 kB/s)
Downloading from central: https://repo.maven.apache.org/maven2/org/mockito/mockito-core/4.6.1/mockito-core-4.6.1.pom
Progress (1): 1.5 kB
Progress (1): 2.5 kB
                    
Downloaded from central: https://repo.maven.apache.org/maven2/org/mockito/mockito-core/4.6.1/mockito-core-4.6.1.pom (2.5 kB at 11 kB/s)
Downloading from central: https://repo.maven.apache.org/maven2/net/bytebuddy/byte-buddy/1.12.10/byte-buddy-1.12.10.pom
Progress (1): 950 B
Progress (1): 3.6 kB
Progress (1): 7.5 kB
Progress (1): 15 kB 
Progress (1): 17 kB
                   
Downloaded from central: https://repo.maven.apache.org/maven2/net/bytebuddy/byte-buddy/1.12.10/byte-buddy-1.12.10.pom (17 kB at 75 kB/s)
Downloading from central: https://repo.maven.apache.org/maven2/net/bytebuddy/byte-buddy-parent/1.12.10/byte-buddy-parent-1.12.10.pom
Progress (1): 843 B
Progress (1): 2.1 kB
Progress (1): 4.0 kB
Progress (1): 6.2 kB
Progress (1): 8.3 kB
Progress (1): 11 kB 
Progress (1): 15 kB
Progress (1): 16 kB
Progress (1): 20 kB
Progress (1): 31 kB
Progress (1): 39 kB
Progress (1): 44 kB
Progress (1): 45 kB
                   
Downloaded from central: https://repo.maven.apache.org/maven2/net/bytebuddy/byte-buddy-parent/1.12.10/byte-buddy-parent-1.12.10.pom (45 kB at 219 kB/s)
Downloading from central: https://repo.maven.apache.org/maven2/net/bytebuddy/byte-buddy-agent/1.12.10/byte-buddy-agent-1.12.10.pom
Progress (1): 1.1 kB
Progress (1): 3.6 kB
Progress (1): 6.5 kB
Progress (1): 10 kB 
Progress (1): 11 kB
                   
Downloaded from central: https://repo.maven.apache.org/maven2/net/bytebuddy/byte-buddy-agent/1.12.10/byte-buddy-agent-1.12.10.pom (11 kB at 53 kB/s)
Downloading from central: https://repo.maven.apache.org/maven2/org/objenesis/objenesis/3.2/objenesis-3.2.pom
Progress (1): 795 B
Progress (1): 2.5 kB
Progress (1): 3.0 kB
                    
Downloaded from central: https://repo.maven.apache.org/maven2/org/objenesis/objenesis/3.2/objenesis-3.2.pom (3.0 kB at 15 kB/s)
Downloading from central: https://repo.maven.apache.org/maven2/org/objenesis/objenesis-parent/3.2/objenesis-parent-3.2.pom
Progress (1): 741 B
Progress (1): 2.4 kB
Progress (1): 4.2 kB
Progress (1): 6.5 kB
Progress (1): 10 kB 
Progress (1): 14 kB
Progress (1): 18 kB
Progress (1): 18 kB
                   
Downloaded from central: https://repo.maven.apache.org/maven2/org/objenesis/objenesis-parent/3.2/objenesis-parent-3.2.pom (18 kB at 89 kB/s)
Downloading from central: https://repo.maven.apache.org/maven2/org/aspectj/aspectjrt/1.9.9.1/aspectjrt-1.9.9.1.pom
Progress (1): 1.0 kB
Progress (1): 2.0 kB
                    
Downloaded from central: https://repo.maven.apache.org/maven2/org/aspectj/aspectjrt/1.9.9.1/aspectjrt-1.9.9.1.pom (2.0 kB at 9.4 kB/s)
Downloading from central: https://repo.maven.apache.org/maven2/javax/validation/validation-api/2.0.1.Final/validation-api-2.0.1.Final.pom
Progress (1): 997 B
Progress (1): 3.7 kB
Progress (1): 6.1 kB
Progress (1): 9.7 kB
Progress (1): 12 kB 
                   
Downloaded from central: https://repo.maven.apache.org/maven2/javax/validation/validation-api/2.0.1.Final/validation-api-2.0.1.Final.pom (12 kB at 52 kB/s)
Downloading from central: https://repo.maven.apache.org/maven2/org/hibernate/validator/hibernate-validator/6.0.20.Final/hibernate-validator-6.0.20.Final.pom
Progress (1): 986 B
Progress (1): 3.5 kB
Progress (1): 6.8 kB
Progress (1): 7.7 kB
Progress (1): 12 kB 
Progress (1): 12 kB
                   
Downloaded from central: https://repo.maven.apache.org/maven2/org/hibernate/validator/hibernate-validator/6.0.20.Final/hibernate-validator-6.0.20.Final.pom (12 kB at 58 kB/s)
Downloading from central: https://repo.maven.apache.org/maven2/org/hibernate/validator/hibernate-validator-parent/6.0.20.Final/hibernate-validator-parent-6.0.20.Final.pom
Progress (1): 886 B
Progress (1): 3.4 kB
Progress (1): 5.2 kB
Progress (1): 7.2 kB
Progress (1): 9.1 kB
Progress (1): 13 kB 
Progress (1): 18 kB
Progress (1): 20 kB
Progress (1): 24 kB
Progress (1): 26 kB
Progress (1): 31 kB
Progress (1): 35 kB
Progress (1): 39 kB
Progress (1): 43 kB
Progress (1): 49 kB
Progress (1): 52 kB
Progress (1): 53 kB
Progress (1): 57 kB
Progress (1): 61 kB
                   
Downloaded from central: https://repo.maven.apache.org/maven2/org/hibernate/validator/hibernate-validator-parent/6.0.20.Final/hibernate-validator-parent-6.0.20.Final.pom (61 kB at 279 kB/s)
Downloading from central: https://repo.maven.apache.org/maven2/org/jboss/arquillian/arquillian-bom/1.1.11.Final/arquillian-bom-1.1.11.Final.pom
Progress (1): 1.0 kB
Progress (1): 7.2 kB
Progress (1): 11 kB 
                   
Downloaded from central: https://repo.maven.apache.org/maven2/org/jboss/arquillian/arquillian-bom/1.1.11.Final/arquillian-bom-1.1.11.Final.pom (11 kB at 51 kB/s)
Downloading from central: https://repo.maven.apache.org/maven2/org/jboss/shrinkwrap/shrinkwrap-bom/1.2.3/shrinkwrap-bom-1.2.3.pom
Progress (1): 992 B
Progress (1): 4.0 kB
                    
Downloaded from central: https://repo.maven.apache.org/maven2/org/jboss/shrinkwrap/shrinkwrap-bom/1.2.3/shrinkwrap-bom-1.2.3.pom (4.0 kB at 20 kB/s)
Downloading from central: https://repo.maven.apache.org/maven2/org/jboss/shrinkwrap/resolver/shrinkwrap-resolver-bom/2.2.0/shrinkwrap-resolver-bom-2.2.0.pom
Progress (1): 981 B
Progress (1): 5.1 kB
Progress (1): 5.3 kB
                    
Downloaded from central: https://repo.maven.apache.org/maven2/org/jboss/shrinkwrap/resolver/shrinkwrap-resolver-bom/2.2.0/shrinkwrap-resolver-bom-2.2.0.pom (5.3 kB at 25 kB/s)
Downloading from central: https://repo.maven.apache.org/maven2/org/jboss/shrinkwrap/descriptors/shrinkwrap-descriptors-bom/2.0.0-alpha-8/shrinkwrap-descriptors-bom-2.0.0-alpha-8.pom
Progress (1): 1.1 kB
Progress (1): 5.2 kB
Progress (1): 5.2 kB
                    
Downloaded from central: https://repo.maven.apache.org/maven2/org/jboss/shrinkwrap/descriptors/shrinkwrap-descriptors-bom/2.0.0-alpha-8/shrinkwrap-descriptors-bom-2.0.0-alpha-8.pom (5.2 kB at 21 kB/s)
Downloading from central: https://repo.maven.apache.org/maven2/org/jboss/logging/jboss-logging/3.3.2.Final/jboss-logging-3.3.2.Final.pom
Progress (1): 1.3 kB
Progress (1): 4.3 kB
Progress (1): 6.4 kB
                    
Downloaded from central: https://repo.maven.apache.org/maven2/org/jboss/logging/jboss-logging/3.3.2.Final/jboss-logging-3.3.2.Final.pom (6.4 kB at 26 kB/s)
Downloading from central: https://repo.maven.apache.org/maven2/org/jboss/jboss-parent/15/jboss-parent-15.pom
Progress (1): 1.0 kB
Progress (1): 3.4 kB
Progress (1): 5.8 kB
Progress (1): 8.0 kB
Progress (1): 14 kB 
Progress (1): 23 kB
Progress (1): 26 kB
Progress (1): 27 kB
Progress (1): 30 kB
Progress (1): 32 kB
                   
Downloaded from central: https://repo.maven.apache.org/maven2/org/jboss/jboss-parent/15/jboss-parent-15.pom (32 kB at 145 kB/s)
Downloading from central: https://repo.maven.apache.org/maven2/com/fasterxml/classmate/1.3.4/classmate-1.3.4.pom
Progress (1): 1.2 kB
Progress (1): 3.0 kB
Progress (1): 5.8 kB
                    
Downloaded from central: https://repo.maven.apache.org/maven2/com/fasterxml/classmate/1.3.4/classmate-1.3.4.pom (5.8 kB at 29 kB/s)
Downloading from central: https://repo.maven.apache.org/maven2/com/fasterxml/oss-parent/24/oss-parent-24.pom
Progress (1): 964 B
Progress (1): 2.6 kB
Progress (1): 4.0 kB
Progress (1): 6.9 kB
Progress (1): 9.8 kB
Progress (1): 13 kB 
Progress (1): 16 kB
Progress (1): 19 kB
                   
Downloaded from central: https://repo.maven.apache.org/maven2/com/fasterxml/oss-parent/24/oss-parent-24.pom (19 kB at 91 kB/s)
Downloading from central: https://repo.maven.apache.org/maven2/org/glassfish/javax.el/3.0.0/javax.el-3.0.0.pom
Progress (1): 692 B
Progress (1): 2.0 kB
Progress (1): 3.4 kB
Progress (1): 5.3 kB
Progress (1): 8.2 kB
Progress (1): 12 kB 
Progress (1): 16 kB
Progress (1): 18 kB
                   
Downloaded from central: https://repo.maven.apache.org/maven2/org/glassfish/javax.el/3.0.0/javax.el-3.0.0.pom (18 kB at 83 kB/s)
Downloading from central: https://repo.maven.apache.org/maven2/org/slf4j/slf4j-log4j12/1.8.0-alpha2/slf4j-log4j12-1.8.0-alpha2.pom
Progress (1): 1.4 kB
Progress (1): 2.0 kB
                    
Downloaded from central: https://repo.maven.apache.org/maven2/org/slf4j/slf4j-log4j12/1.8.0-alpha2/slf4j-log4j12-1.8.0-alpha2.pom (2.0 kB at 9.5 kB/s)
Downloading from central: https://repo.maven.apache.org/maven2/org/slf4j/slf4j-parent/1.8.0-alpha2/slf4j-parent-1.8.0-alpha2.pom
Progress (1): 1.1 kB
Progress (1): 3.1 kB
Progress (1): 6.2 kB
Progress (1): 7.7 kB
Progress (1): 11 kB 
Progress (1): 14 kB
Progress (1): 15 kB
                   
Downloaded from central: https://repo.maven.apache.org/maven2/org/slf4j/slf4j-parent/1.8.0-alpha2/slf4j-parent-1.8.0-alpha2.pom (15 kB at 69 kB/s)
Downloading from central: https://repo.maven.apache.org/maven2/org/slf4j/slf4j-api/1.8.0-alpha2/slf4j-api-1.8.0-alpha2.pom
Progress (1): 1.3 kB
Progress (1): 1.6 kB
                    
Downloaded from central: https://repo.maven.apache.org/maven2/org/slf4j/slf4j-api/1.8.0-alpha2/slf4j-api-1.8.0-alpha2.pom (1.6 kB at 7.4 kB/s)
Downloading from central: https://repo.maven.apache.org/maven2/org/junit/jupiter/junit-jupiter-api/5.9.0/junit-jupiter-api-5.9.0.pom
Progress (1): 954 B
Progress (1): 3.2 kB
                    
Downloaded from central: https://repo.maven.apache.org/maven2/org/junit/jupiter/junit-jupiter-api/5.9.0/junit-jupiter-api-5.9.0.pom (3.2 kB at 16 kB/s)
Downloading from central: https://repo.maven.apache.org/maven2/org/opentest4j/opentest4j/1.2.0/opentest4j-1.2.0.pom
Progress (1): 1.2 kB
Progress (1): 1.7 kB
                    
Downloaded from central: https://repo.maven.apache.org/maven2/org/opentest4j/opentest4j/1.2.0/opentest4j-1.2.0.pom (1.7 kB at 7.9 kB/s)
Downloading from central: https://repo.maven.apache.org/maven2/org/junit/platform/junit-platform-commons/1.6.2/junit-platform-commons-1.6.2.pom
Progress (1): 963 B
Progress (1): 2.8 kB
                    
Downloaded from central: https://repo.maven.apache.org/maven2/org/junit/platform/junit-platform-commons/1.6.2/junit-platform-commons-1.6.2.pom (2.8 kB at 14 kB/s)
Downloading from central: https://repo.maven.apache.org/maven2/org/apiguardian/apiguardian-api/1.1.0/apiguardian-api-1.1.0.pom
Progress (1): 1.2 kB
                    
Downloaded from central: https://repo.maven.apache.org/maven2/org/apiguardian/apiguardian-api/1.1.0/apiguardian-api-1.1.0.pom (1.2 kB at 5.8 kB/s)
Downloading from central: https://repo.maven.apache.org/maven2/org/apiguardian/apiguardian-api/1.1.2/apiguardian-api-1.1.2.pom
Progress (1): 1.0 kB
Progress (1): 1.5 kB
                    
Downloaded from central: https://repo.maven.apache.org/maven2/org/apiguardian/apiguardian-api/1.1.2/apiguardian-api-1.1.2.pom (1.5 kB at 6.8 kB/s)
Downloading from central: https://repo.maven.apache.org/maven2/org/junit/jupiter/junit-jupiter-params/5.9.0/junit-jupiter-params-5.9.0.pom
Progress (1): 975 B
Progress (1): 3.0 kB
                    
Downloaded from central: https://repo.maven.apache.org/maven2/org/junit/jupiter/junit-jupiter-params/5.9.0/junit-jupiter-params-5.9.0.pom (3.0 kB at 14 kB/s)
Downloading from central: https://repo.maven.apache.org/maven2/org/junit/jupiter/junit-jupiter-api/5.6.2/junit-jupiter-api-5.6.2.pom
Progress (1): 951 B
Progress (1): 3.2 kB
                    
Downloaded from central: https://repo.maven.apache.org/maven2/org/junit/jupiter/junit-jupiter-api/5.6.2/junit-jupiter-api-5.6.2.pom (3.2 kB at 16 kB/s)
Downloading from central: https://repo.maven.apache.org/maven2/org/junit/jupiter/junit-jupiter-engine/5.6.2/junit-jupiter-engine-5.6.2.pom
Progress (1): 960 B
Progress (1): 3.2 kB
                    
Downloaded from central: https://repo.maven.apache.org/maven2/org/junit/jupiter/junit-jupiter-engine/5.6.2/junit-jupiter-engine-5.6.2.pom (3.2 kB at 15 kB/s)
Downloading from central: https://repo.maven.apache.org/maven2/org/junit/platform/junit-platform-engine/1.6.2/junit-platform-engine-1.6.2.pom
Progress (1): 957 B
Progress (1): 3.2 kB
                    
Downloaded from central: https://repo.maven.apache.org/maven2/org/junit/platform/junit-platform-engine/1.6.2/junit-platform-engine-1.6.2.pom (3.2 kB at 15 kB/s)
Downloading from central: https://repo.maven.apache.org/maven2/org/hamcrest/hamcrest/2.2/hamcrest-2.2.pom
Progress (1): 1.1 kB
                    
Downloaded from central: https://repo.maven.apache.org/maven2/org/hamcrest/hamcrest/2.2/hamcrest-2.2.pom (1.1 kB at 5.1 kB/s)
[INFO] Artifact log4j:log4j:jar:1.2.17 is present in the local repository, but cached from a remote repository ID that is unavailable in current build context, verifying that is downloadable from [central (https://repo.maven.apache.org/maven2, default, releases)]
[INFO] Artifact log4j:log4j:jar:1.2.17 is present in the local repository, but cached from a remote repository ID that is unavailable in current build context, verifying that is downloadable from [central (https://repo.maven.apache.org/maven2, default, releases)]
Downloading from central: https://repo.maven.apache.org/maven2/com/jcabi/jcabi-log/0.22.0/jcabi-log-0.22.0.jar
Progress (1): 7.7/51 kB
Progress (1): 16/51 kB 
Progress (1): 24/51 kB
Progress (1): 40/51 kB
Progress (1): 51 kB   
                   
Downloaded from central: https://repo.maven.apache.org/maven2/com/jcabi/jcabi-log/0.22.0/jcabi-log-0.22.0.jar (51 kB at 210 kB/s)
Downloading from central: https://repo.maven.apache.org/maven2/org/slf4j/slf4j-api/2.0.0-beta1/slf4j-api-2.0.0-beta1.jar
Downloading from central: https://repo.maven.apache.org/maven2/org/aspectj/aspectjrt/1.9.9.1/aspectjrt-1.9.9.1.jar
Downloading from central: https://repo.maven.apache.org/maven2/javax/validation/validation-api/2.0.1.Final/validation-api-2.0.1.Final.jar
Downloading from central: https://repo.maven.apache.org/maven2/org/hibernate/validator/hibernate-validator/6.0.20.Final/hibernate-validator-6.0.20.Final.jar
Downloading from central: https://repo.maven.apache.org/maven2/org/jboss/logging/jboss-logging/3.3.2.Final/jboss-logging-3.3.2.Final.jar
Progress (1): 7.7/61 kB
Progress (1): 7.7/61 kB
Progress (1): 24/61 kB 
Progress (1): 40/61 kB
Progress (1): 57/61 kB
Progress (1): 61 kB   
                   
Downloaded from central: https://repo.maven.apache.org/maven2/org/slf4j/slf4j-api/2.0.0-beta1/slf4j-api-2.0.0-beta1.jar (61 kB at 239 kB/s)
Downloading from central: https://repo.maven.apache.org/maven2/com/fasterxml/classmate/1.3.4/classmate-1.3.4.jar
Progress (1): 7.7/65 kB
Progress (1): 16/65 kB 
Progress (1): 32/65 kB
Progress (1): 49/65 kB
Progress (1): 65/65 kB
Progress (1): 65 kB   
                   
Downloaded from central: https://repo.maven.apache.org/maven2/com/fasterxml/classmate/1.3.4/classmate-1.3.4.jar (65 kB at 128 kB/s)
Downloading from central: https://repo.maven.apache.org/maven2/org/glassfish/javax.el/3.0.0/javax.el-3.0.0.jar
Progress (1): 0.9/66 kB
Progress (1): 2.3/66 kB
Progress (1): 3.6/66 kB
Progress (1): 5.0/66 kB
Progress (1): 6.4/66 kB
Progress (1): 7.7/66 kB
Progress (1): 9.1/66 kB
Progress (1): 10/66 kB 
Progress (1): 12/66 kB
Progress (1): 13/66 kB
Progress (1): 15/66 kB
Progress (1): 16/66 kB
Progress (1): 17/66 kB
Progress (1): 19/66 kB
Progress (1): 20/66 kB
Progress (1): 21/66 kB
Progress (1): 23/66 kB
Progress (1): 24/66 kB
Progress (1): 26/66 kB
Progress (1): 27/66 kB
Progress (1): 28/66 kB
Progress (1): 30/66 kB
Progress (1): 31/66 kB
Progress (1): 32/66 kB
Progress (1): 34/66 kB
Progress (1): 35/66 kB
Progress (1): 36/66 kB
Progress (1): 38/66 kB
Progress (1): 39/66 kB
Progress (1): 41/66 kB
Progress (1): 42/66 kB
Progress (1): 43/66 kB
Progress (1): 45/66 kB
Progress (1): 46/66 kB
Progress (1): 47/66 kB
Progress (1): 49/66 kB
Progress (1): 50/66 kB
Progress (1): 52/66 kB
Progress (1): 53/66 kB
Progress (1): 54/66 kB
Progress (1): 56/66 kB
Progress (1): 60/66 kB
Progress (2): 60/66 kB | 0.9/125 kB
Progress (2): 60/66 kB | 2.3/125 kB
Progress (2): 60/66 kB | 3.6/125 kB
Progress (2): 60/66 kB | 5.0/125 kB
Progress (2): 60/66 kB | 6.4/125 kB
Progress (2): 60/66 kB | 7.7/125 kB
Progress (2): 60/66 kB | 9.1/125 kB
Progress (2): 60/66 kB | 10/125 kB 
Progress (2): 60/66 kB | 12/125 kB
Progress (2): 60/66 kB | 13/125 kB
Progress (2): 60/66 kB | 15/125 kB
Progress (2): 60/66 kB | 16/125 kB
Progress (2): 60/66 kB | 17/125 kB
Progress (2): 60/66 kB | 19/125 kB
Progress (2): 60/66 kB | 20/125 kB
Progress (2): 60/66 kB | 21/125 kB
Progress (2): 60/66 kB | 23/125 kB
Progress (2): 60/66 kB | 24/125 kB
Progress (2): 60/66 kB | 25/125 kB
Progress (2): 60/66 kB | 27/125 kB
Progress (2): 60/66 kB | 28/125 kB
Progress (2): 60/66 kB | 30/125 kB
Progress (2): 60/66 kB | 31/125 kB
Progress (2): 60/66 kB | 32/125 kB
Progress (2): 60/66 kB | 34/125 kB
Progress (3): 60/66 kB | 34/125 kB | 0/1.2 MB
Progress (3): 60/66 kB | 34/125 kB | 0/1.2 MB
Progress (3): 60/66 kB | 34/125 kB | 0/1.2 MB
Progress (3): 60/66 kB | 34/125 kB | 0/1.2 MB
Progress (3): 60/66 kB | 34/125 kB | 0/1.2 MB
Progress (3): 60/66 kB | 34/125 kB | 0/1.2 MB
Progress (3): 60/66 kB | 34/125 kB | 0/1.2 MB
Progress (3): 60/66 kB | 34/125 kB | 0/1.2 MB
Progress (3): 60/66 kB | 34/125 kB | 0/1.2 MB
Progress (3): 60/66 kB | 35/125 kB | 0/1.2 MB
Progress (3): 60/66 kB | 36/125 kB | 0/1.2 MB
Progress (3): 60/66 kB | 38/125 kB | 0/1.2 MB
Progress (3): 60/66 kB | 38/125 kB | 0/1.2 MB
Progress (3): 60/66 kB | 38/125 kB | 0/1.2 MB
Progress (3): 60/66 kB | 39/125 kB | 0/1.2 MB
Progress (3): 60/66 kB | 41/125 kB | 0/1.2 MB
Progress (3): 60/66 kB | 41/125 kB | 0/1.2 MB
Progress (3): 60/66 kB | 42/125 kB | 0/1.2 MB
Progress (3): 60/66 kB | 42/125 kB | 0/1.2 MB
Progress (3): 60/66 kB | 43/125 kB | 0/1.2 MB
Progress (3): 60/66 kB | 45/125 kB | 0/1.2 MB
Progress (3): 60/66 kB | 45/125 kB | 0/1.2 MB
Progress (3): 60/66 kB | 46/125 kB | 0/1.2 MB
Progress (3): 60/66 kB | 46/125 kB | 0/1.2 MB
Progress (3): 60/66 kB | 47/125 kB | 0/1.2 MB
Progress (3): 60/66 kB | 49/125 kB | 0/1.2 MB
Progress (3): 60/66 kB | 49/125 kB | 0/1.2 MB
Progress (3): 60/66 kB | 49/125 kB | 0/1.2 MB
Progress (3): 60/66 kB | 50/125 kB | 0/1.2 MB
Progress (3): 60/66 kB | 51/125 kB | 0/1.2 MB
Progress (3): 60/66 kB | 51/125 kB | 0/1.2 MB
Progress (3): 60/66 kB | 51/125 kB | 0/1.2 MB
Progress (3): 60/66 kB | 53/125 kB | 0/1.2 MB
Progress (3): 60/66 kB | 54/125 kB | 0/1.2 MB
Progress (3): 60/66 kB | 54/125 kB | 0/1.2 MB
Progress (3): 60/66 kB | 54/125 kB | 0/1.2 MB
Progress (3): 60/66 kB | 56/125 kB | 0/1.2 MB
Progress (3): 60/66 kB | 56/125 kB | 0/1.2 MB
Progress (3): 60/66 kB | 56/125 kB | 0/1.2 MB
Progress (3): 60/66 kB | 60/125 kB | 0/1.2 MB
Progress (3): 60/66 kB | 60/125 kB | 0/1.2 MB
Progress (3): 60/66 kB | 60/125 kB | 0/1.2 MB
Progress (3): 60/66 kB | 60/125 kB | 0/1.2 MB
Progress (3): 60/66 kB | 60/125 kB | 0/1.2 MB
Progress (3): 60/66 kB | 64/125 kB | 0/1.2 MB
Progress (3): 60/66 kB | 66/125 kB | 0/1.2 MB
Progress (3): 60/66 kB | 66/125 kB | 0/1.2 MB
Progress (3): 60/66 kB | 66/125 kB | 0/1.2 MB
Progress (3): 60/66 kB | 66/125 kB | 0/1.2 MB
Progress (3): 60/66 kB | 66/125 kB | 0/1.2 MB
Progress (3): 60/66 kB | 70/125 kB | 0/1.2 MB
Progress (3): 60/66 kB | 70/125 kB | 0/1.2 MB
Progress (3): 60/66 kB | 70/125 kB | 0/1.2 MB
Progress (3): 60/66 kB | 70/125 kB | 0/1.2 MB
Progress (3): 60/66 kB | 70/125 kB | 0/1.2 MB
Progress (3): 60/66 kB | 70/125 kB | 0/1.2 MB
Progress (3): 60/66 kB | 70/125 kB | 0/1.2 MB
Progress (3): 60/66 kB | 70/125 kB | 0.1/1.2 MB
Progress (3): 60/66 kB | 70/125 kB | 0.1/1.2 MB
Progress (3): 60/66 kB | 70/125 kB | 0.1/1.2 MB
Progress (3): 60/66 kB | 70/125 kB | 0.1/1.2 MB
Progress (3): 60/66 kB | 70/125 kB | 0.1/1.2 MB
Progress (3): 60/66 kB | 70/125 kB | 0.1/1.2 MB
Progress (3): 60/66 kB | 70/125 kB | 0.1/1.2 MB
Progress (4): 60/66 kB | 70/125 kB | 0.1/1.2 MB | 1.4/93 kB
Progress (4): 60/66 kB | 70/125 kB | 0.1/1.2 MB | 2.7/93 kB
Progress (4): 60/66 kB | 70/125 kB | 0.1/1.2 MB | 4.1/93 kB
Progress (4): 60/66 kB | 70/125 kB | 0.1/1.2 MB | 5.5/93 kB
Progress (4): 60/66 kB | 70/125 kB | 0.1/1.2 MB | 6.8/93 kB
Progress (4): 60/66 kB | 70/125 kB | 0.1/1.2 MB | 8.2/93 kB
Progress (4): 60/66 kB | 70/125 kB | 0.1/1.2 MB | 9.6/93 kB
Progress (4): 60/66 kB | 70/125 kB | 0.1/1.2 MB | 11/93 kB 
Progress (4): 60/66 kB | 70/125 kB | 0.1/1.2 MB | 12/93 kB
Progress (4): 60/66 kB | 70/125 kB | 0.1/1.2 MB | 14/93 kB
Progress (4): 60/66 kB | 70/125 kB | 0.1/1.2 MB | 15/93 kB
Progress (4): 60/66 kB | 70/125 kB | 0.1/1.2 MB | 16/93 kB
Progress (4): 60/66 kB | 70/125 kB | 0.1/1.2 MB | 18/93 kB
Progress (4): 60/66 kB | 70/125 kB | 0.1/1.2 MB | 19/93 kB
Progress (4): 60/66 kB | 70/125 kB | 0.1/1.2 MB | 21/93 kB
Progress (4): 60/66 kB | 70/125 kB | 0.1/1.2 MB | 22/93 kB
Progress (4): 60/66 kB | 70/125 kB | 0.1/1.2 MB | 23/93 kB
Progress (4): 60/66 kB | 70/125 kB | 0.1/1.2 MB | 25/93 kB
Progress (4): 60/66 kB | 70/125 kB | 0.1/1.2 MB | 26/93 kB
Progress (4): 64/66 kB | 70/125 kB | 0.1/1.2 MB | 26/93 kB
Progress (4): 64/66 kB | 70/125 kB | 0.1/1.2 MB | 27/93 kB
Progress (4): 64/66 kB | 70/125 kB | 0.1/1.2 MB | 29/93 kB
Progress (4): 66 kB | 70/125 kB | 0.1/1.2 MB | 29/93 kB   
                                                       
Downloaded from central: https://repo.maven.apache.org/maven2/org/jboss/logging/jboss-logging/3.3.2.Final/jboss-logging-3.3.2.Final.jar (66 kB at 98 kB/s)
Downloading from central: https://repo.maven.apache.org/maven2/org/slf4j/slf4j-log4j12/1.8.0-alpha2/slf4j-log4j12-1.8.0-alpha2.jar
Progress (3): 70/125 kB | 0.1/1.2 MB | 30/93 kB
Progress (3): 70/125 kB | 0.1/1.2 MB | 31/93 kB
Progress (3): 70/125 kB | 0.1/1.2 MB | 33/93 kB
Progress (3): 70/125 kB | 0.1/1.2 MB | 34/93 kB
Progress (3): 70/125 kB | 0.1/1.2 MB | 36/93 kB
Progress (3): 70/125 kB | 0.1/1.2 MB | 37/93 kB
Progress (3): 70/125 kB | 0.1/1.2 MB | 38/93 kB
Progress (3): 70/125 kB | 0.1/1.2 MB | 40/93 kB
Progress (3): 70/125 kB | 0.1/1.2 MB | 41/93 kB
Progress (3): 70/125 kB | 0.1/1.2 MB | 42/93 kB
Progress (3): 70/125 kB | 0.1/1.2 MB | 44/93 kB
Progress (3): 70/125 kB | 0.1/1.2 MB | 45/93 kB
Progress (3): 70/125 kB | 0.1/1.2 MB | 47/93 kB
Progress (3): 70/125 kB | 0.1/1.2 MB | 48/93 kB
Progress (3): 70/125 kB | 0.1/1.2 MB | 49/93 kB
Progress (3): 70/125 kB | 0.1/1.2 MB | 51/93 kB
Progress (3): 70/125 kB | 0.1/1.2 MB | 52/93 kB
Progress (3): 70/125 kB | 0.1/1.2 MB | 53/93 kB
Progress (3): 70/125 kB | 0.1/1.2 MB | 55/93 kB
Progress (3): 70/125 kB | 0.1/1.2 MB | 59/93 kB
Progress (3): 70/125 kB | 0.1/1.2 MB | 63/93 kB
Progress (3): 70/125 kB | 0.1/1.2 MB | 67/93 kB
Progress (3): 74/125 kB | 0.1/1.2 MB | 67/93 kB
Progress (3): 78/125 kB | 0.1/1.2 MB | 67/93 kB
Progress (3): 82/125 kB | 0.1/1.2 MB | 67/93 kB
Progress (4): 82/125 kB | 0.1/1.2 MB | 67/93 kB | 7.7/224 kB
Progress (4): 82/125 kB | 0.1/1.2 MB | 67/93 kB | 16/224 kB 
Progress (4): 87/125 kB | 0.1/1.2 MB | 67/93 kB | 16/224 kB
Progress (4): 91/125 kB | 0.1/1.2 MB | 67/93 kB | 16/224 kB
Progress (4): 95/125 kB | 0.1/1.2 MB | 67/93 kB | 16/224 kB
Progress (4): 98/125 kB | 0.1/1.2 MB | 67/93 kB | 16/224 kB
Progress (4): 98/125 kB | 0.1/1.2 MB | 67/93 kB | 32/224 kB
Progress (4): 103/125 kB | 0.1/1.2 MB | 67/93 kB | 32/224 kB
Progress (4): 107/125 kB | 0.1/1.2 MB | 67/93 kB | 32/224 kB
Progress (4): 111/125 kB | 0.1/1.2 MB | 67/93 kB | 32/224 kB
Progress (4): 115/125 kB | 0.1/1.2 MB | 67/93 kB | 32/224 kB
Progress (4): 115/125 kB | 0.1/1.2 MB | 67/93 kB | 49/224 kB
Progress (4): 119/125 kB | 0.1/1.2 MB | 67/93 kB | 49/224 kB
Progress (4): 119/125 kB | 0.1/1.2 MB | 67/93 kB | 49/224 kB
Progress (4): 119/125 kB | 0.1/1.2 MB | 67/93 kB | 49/224 kB
Progress (4): 124/125 kB | 0.1/1.2 MB | 67/93 kB | 49/224 kB
Progress (4): 125 kB | 0.1/1.2 MB | 67/93 kB | 49/224 kB    
                                                        
Downloaded from central: https://repo.maven.apache.org/maven2/org/aspectj/aspectjrt/1.9.9.1/aspectjrt-1.9.9.1.jar (125 kB at 161 kB/s)
Downloading from central: https://repo.maven.apache.org/maven2/log4j/log4j/1.2.17/log4j-1.2.17.jar
Progress (3): 0.1/1.2 MB | 67/93 kB | 49/224 kB
Progress (3): 0.1/1.2 MB | 67/93 kB | 49/224 kB
Progress (3): 0.1/1.2 MB | 67/93 kB | 65/224 kB
Progress (3): 0.1/1.2 MB | 67/93 kB | 65/224 kB
Progress (3): 0.1/1.2 MB | 67/93 kB | 65/224 kB
Progress (3): 0.1/1.2 MB | 67/93 kB | 65/224 kB
Progress (3): 0.1/1.2 MB | 67/93 kB | 65/224 kB
Progress (3): 0.1/1.2 MB | 67/93 kB | 81/224 kB
Progress (3): 0.1/1.2 MB | 67/93 kB | 81/224 kB
Progress (3): 0.1/1.2 MB | 67/93 kB | 81/224 kB
Progress (3): 0.1/1.2 MB | 67/93 kB | 98/224 kB
Progress (3): 0.1/1.2 MB | 67/93 kB | 98/224 kB
Progress (3): 0.1/1.2 MB | 67/93 kB | 98/224 kB
Progress (3): 0.1/1.2 MB | 67/93 kB | 98/224 kB
Progress (3): 0.1/1.2 MB | 67/93 kB | 98/224 kB
Progress (3): 0.1/1.2 MB | 67/93 kB | 98/224 kB
Progress (3): 0.1/1.2 MB | 67/93 kB | 114/224 kB
Progress (3): 0.1/1.2 MB | 67/93 kB | 114/224 kB
Progress (3): 0.1/1.2 MB | 67/93 kB | 114/224 kB
Progress (3): 0.1/1.2 MB | 67/93 kB | 114/224 kB
Progress (3): 0.1/1.2 MB | 67/93 kB | 114/224 kB
Progress (3): 0.1/1.2 MB | 67/93 kB | 131/224 kB
Progress (3): 0.1/1.2 MB | 67/93 kB | 147/224 kB
Progress (3): 0.1/1.2 MB | 72/93 kB | 147/224 kB
Progress (3): 0.1/1.2 MB | 76/93 kB | 147/224 kB
Progress (3): 0.1/1.2 MB | 80/93 kB | 147/224 kB
Progress (3): 0.1/1.2 MB | 84/93 kB | 147/224 kB
Progress (3): 0.1/1.2 MB | 89/93 kB | 147/224 kB
Progress (3): 0.1/1.2 MB | 93/93 kB | 147/224 kB
Progress (3): 0.1/1.2 MB | 93 kB | 147/224 kB   
                                             
Downloaded from central: https://repo.maven.apache.org/maven2/javax/validation/validation-api/2.0.1.Final/validation-api-2.0.1.Final.jar (93 kB at 107 kB/s)
Downloading from central: https://repo.maven.apache.org/maven2/org/junit/jupiter/junit-jupiter-api/5.9.0/junit-jupiter-api-5.9.0.jar
Progress (3): 0.1/1.2 MB | 147/224 kB | 3.8/15 kB
Progress (3): 0.1/1.2 MB | 147/224 kB | 5.7/15 kB
Progress (3): 0.1/1.2 MB | 147/224 kB | 9.9/15 kB
Progress (3): 0.1/1.2 MB | 147/224 kB | 14/15 kB 
Progress (3): 0.1/1.2 MB | 147/224 kB | 15 kB   
                                             
Downloaded from central: https://repo.maven.apache.org/maven2/org/slf4j/slf4j-log4j12/1.8.0-alpha2/slf4j-log4j12-1.8.0-alpha2.jar (15 kB at 17 kB/s)
Downloading from central: https://repo.maven.apache.org/maven2/org/opentest4j/opentest4j/1.2.0/opentest4j-1.2.0.jar
Progress (2): 0.1/1.2 MB | 163/224 kB
Progress (2): 0.1/1.2 MB | 180/224 kB
Progress (2): 0.1/1.2 MB | 196/224 kB
Progress (2): 0.1/1.2 MB | 212/224 kB
Progress (2): 0.2/1.2 MB | 212/224 kB
Progress (2): 0.2/1.2 MB | 212/224 kB
Progress (2): 0.2/1.2 MB | 224 kB    
                                 
Downloaded from central: https://repo.maven.apache.org/maven2/org/glassfish/javax.el/3.0.0/javax.el-3.0.0.jar (224 kB at 235 kB/s)
Downloading from central: https://repo.maven.apache.org/maven2/org/junit/platform/junit-platform-commons/1.6.2/junit-platform-commons-1.6.2.jar
Progress (1): 0.2/1.2 MB
Progress (1): 0.2/1.2 MB
Progress (1): 0.2/1.2 MB
Progress (1): 0.2/1.2 MB
                        
Downloaded from central: https://repo.maven.apache.org/maven2/log4j/log4j/1.2.17/log4j-1.2.17.jar (0 B at 0 B/s)
Downloading from central: https://repo.maven.apache.org/maven2/org/apiguardian/apiguardian-api/1.1.2/apiguardian-api-1.1.2.jar
Progress (1): 0.2/1.2 MB
Progress (1): 0.2/1.2 MB
Progress (1): 0.2/1.2 MB
Progress (1): 0.2/1.2 MB
Progress (1): 0.2/1.2 MB
Progress (1): 0.2/1.2 MB
Progress (1): 0.2/1.2 MB
Progress (1): 0.2/1.2 MB
Progress (1): 0.2/1.2 MB
Progress (1): 0.2/1.2 MB
Progress (1): 0.2/1.2 MB
Progress (1): 0.2/1.2 MB
Progress (1): 0.2/1.2 MB
Progress (1): 0.3/1.2 MB
Progress (1): 0.3/1.2 MB
Progress (1): 0.3/1.2 MB
Progress (1): 0.3/1.2 MB
Progress (1): 0.3/1.2 MB
Progress (1): 0.3/1.2 MB
Progress (2): 0.3/1.2 MB | 3.8/7.7 kB
Progress (3): 0.3/1.2 MB | 3.8/7.7 kB | 3.8/203 kB
Progress (3): 0.3/1.2 MB | 7.7 kB | 3.8/203 kB    
Progress (3): 0.3/1.2 MB | 7.7 kB | 8.0/203 kB
                                              
Downloaded from central: https://repo.maven.apache.org/maven2/org/opentest4j/opentest4j/1.2.0/opentest4j-1.2.0.jar (7.7 kB at 6.9 kB/s)
Downloading from central: https://repo.maven.apache.org/maven2/org/junit/jupiter/junit-jupiter-params/5.9.0/junit-jupiter-params-5.9.0.jar
Progress (2): 0.3/1.2 MB | 11/203 kB
Progress (2): 0.3/1.2 MB | 16/203 kB
Progress (2): 0.3/1.2 MB | 16/203 kB
Progress (2): 0.3/1.2 MB | 20/203 kB
Progress (2): 0.3/1.2 MB | 24/203 kB
Progress (2): 0.3/1.2 MB | 28/203 kB
Progress (2): 0.3/1.2 MB | 33/203 kB
Progress (2): 0.4/1.2 MB | 33/203 kB
Progress (2): 0.4/1.2 MB | 37/203 kB
Progress (2): 0.4/1.2 MB | 41/203 kB
Progress (2): 0.4/1.2 MB | 45/203 kB
Progress (2): 0.4/1.2 MB | 49/203 kB
Progress (2): 0.4/1.2 MB | 49/203 kB
Progress (2): 0.4/1.2 MB | 54/203 kB
Progress (2): 0.4/1.2 MB | 58/203 kB
Progress (2): 0.4/1.2 MB | 62/203 kB
Progress (2): 0.4/1.2 MB | 66/203 kB
Progress (2): 0.4/1.2 MB | 66/203 kB
Progress (2): 0.4/1.2 MB | 71/203 kB
Progress (3): 0.4/1.2 MB | 71/203 kB | 7.7/97 kB
Progress (3): 0.4/1.2 MB | 71/203 kB | 16/97 kB 
Progress (3): 0.4/1.2 MB | 75/203 kB | 16/97 kB
Progress (3): 0.4/1.2 MB | 75/203 kB | 32/97 kB
Progress (3): 0.4/1.2 MB | 79/203 kB | 32/97 kB
Progress (3): 0.4/1.2 MB | 79/203 kB | 32/97 kB
Progress (4): 0.4/1.2 MB | 79/203 kB | 32/97 kB | 3.8/6.8 kB
Progress (4): 0.4/1.2 MB | 83/203 kB | 32/97 kB | 3.8/6.8 kB
Progress (4): 0.4/1.2 MB | 83/203 kB | 49/97 kB | 3.8/6.8 kB
Progress (4): 0.4/1.2 MB | 83/203 kB | 49/97 kB | 6.8 kB    
                                                        
Downloaded from central: https://repo.maven.apache.org/maven2/org/apiguardian/apiguardian-api/1.1.2/apiguardian-api-1.1.2.jar (6.8 kB at 5.8 kB/s)
Downloading from central: https://repo.maven.apache.org/maven2/org/junit/jupiter/junit-jupiter-engine/5.6.2/junit-jupiter-engine-5.6.2.jar
Progress (3): 0.4/1.2 MB | 87/203 kB | 49/97 kB
Progress (3): 0.4/1.2 MB | 87/203 kB | 57/97 kB
Progress (3): 0.4/1.2 MB | 92/203 kB | 57/97 kB
Progress (3): 0.4/1.2 MB | 92/203 kB | 57/97 kB
Progress (3): 0.4/1.2 MB | 92/203 kB | 73/97 kB
Progress (3): 0.4/1.2 MB | 96/203 kB | 73/97 kB
Progress (3): 0.4/1.2 MB | 100/203 kB | 73/97 kB
Progress (3): 0.4/1.2 MB | 104/203 kB | 73/97 kB
Progress (3): 0.4/1.2 MB | 104/203 kB | 90/97 kB
Progress (3): 0.4/1.2 MB | 104/203 kB | 97 kB   
                                             
Downloaded from central: https://repo.maven.apache.org/maven2/org/junit/platform/junit-platform-commons/1.6.2/junit-platform-commons-1.6.2.jar (97 kB at 81 kB/s)
Downloading from central: https://repo.maven.apache.org/maven2/org/junit/platform/junit-platform-engine/1.6.2/junit-platform-engine-1.6.2.jar
Progress (2): 0.4/1.2 MB | 104/203 kB
Progress (2): 0.4/1.2 MB | 109/203 kB
Progress (2): 0.4/1.2 MB | 113/203 kB
Progress (2): 0.4/1.2 MB | 117/203 kB
Progress (2): 0.4/1.2 MB | 121/203 kB
Progress (2): 0.5/1.2 MB | 121/203 kB
Progress (2): 0.5/1.2 MB | 126/203 kB
Progress (2): 0.5/1.2 MB | 126/203 kB
Progress (2): 0.5/1.2 MB | 142/203 kB
Progress (2): 0.5/1.2 MB | 142/203 kB
Progress (2): 0.5/1.2 MB | 142/203 kB
Progress (2): 0.5/1.2 MB | 142/203 kB
Progress (2): 0.5/1.2 MB | 142/203 kB
Progress (2): 0.5/1.2 MB | 142/203 kB
Progress (2): 0.6/1.2 MB | 142/203 kB
Progress (2): 0.6/1.2 MB | 142/203 kB
Progress (2): 0.6/1.2 MB | 142/203 kB
Progress (2): 0.6/1.2 MB | 142/203 kB
Progress (2): 0.6/1.2 MB | 158/203 kB
Progress (3): 0.6/1.2 MB | 158/203 kB | 3.8/578 kB
Progress (3): 0.6/1.2 MB | 158/203 kB | 3.8/578 kB
Progress (3): 0.6/1.2 MB | 158/203 kB | 8.0/578 kB
Progress (3): 0.6/1.2 MB | 158/203 kB | 12/578 kB 
Progress (3): 0.6/1.2 MB | 158/203 kB | 12/578 kB
Progress (3): 0.6/1.2 MB | 158/203 kB | 16/578 kB
Progress (3): 0.6/1.2 MB | 158/203 kB | 21/578 kB
Progress (3): 0.6/1.2 MB | 175/203 kB | 21/578 kB
Progress (3): 0.6/1.2 MB | 175/203 kB | 25/578 kB
Progress (3): 0.7/1.2 MB | 175/203 kB | 25/578 kB
Progress (3): 0.7/1.2 MB | 175/203 kB | 29/578 kB
Progress (3): 0.7/1.2 MB | 175/203 kB | 33/578 kB
Progress (3): 0.7/1.2 MB | 175/203 kB | 33/578 kB
Progress (3): 0.7/1.2 MB | 175/203 kB | 38/578 kB
Progress (3): 0.7/1.2 MB | 175/203 kB | 42/578 kB
Progress (3): 0.7/1.2 MB | 175/203 kB | 42/578 kB
Progress (3): 0.7/1.2 MB | 191/203 kB | 42/578 kB
Progress (3): 0.7/1.2 MB | 191/203 kB | 46/578 kB
Progress (3): 0.7/1.2 MB | 191/203 kB | 46/578 kB
Progress (3): 0.7/1.2 MB | 191/203 kB | 50/578 kB
Progress (3): 0.7/1.2 MB | 191/203 kB | 54/578 kB
Progress (3): 0.7/1.2 MB | 191/203 kB | 54/578 kB
Progress (3): 0.7/1.2 MB | 203 kB | 54/578 kB    
Progress (3): 0.7/1.2 MB | 203 kB | 57/578 kB
                                             
Downloaded from central: https://repo.maven.apache.org/maven2/org/junit/jupiter/junit-jupiter-api/5.9.0/junit-jupiter-api-5.9.0.jar (203 kB at 152 kB/s)
Downloading from central: https://repo.maven.apache.org/maven2/org/hamcrest/hamcrest/2.2/hamcrest-2.2.jar
Progress (2): 0.7/1.2 MB | 57/578 kB
Progress (2): 0.7/1.2 MB | 62/578 kB
Progress (2): 0.7/1.2 MB | 66/578 kB
Progress (2): 0.7/1.2 MB | 70/578 kB
Progress (2): 0.8/1.2 MB | 70/578 kB
Progress (2): 0.8/1.2 MB | 74/578 kB
Progress (2): 0.8/1.2 MB | 74/578 kB
Progress (2): 0.8/1.2 MB | 78/578 kB
Progress (2): 0.8/1.2 MB | 78/578 kB
Progress (2): 0.8/1.2 MB | 82/578 kB
Progress (2): 0.8/1.2 MB | 87/578 kB
Progress (2): 0.8/1.2 MB | 87/578 kB
Progress (2): 0.8/1.2 MB | 91/578 kB
Progress (2): 0.8/1.2 MB | 91/578 kB
Progress (2): 0.8/1.2 MB | 95/578 kB
Progress (2): 0.8/1.2 MB | 95/578 kB
Progress (2): 0.8/1.2 MB | 99/578 kB
Progress (2): 0.8/1.2 MB | 104/578 kB
Progress (2): 0.9/1.2 MB | 104/578 kB
Progress (2): 0.9/1.2 MB | 108/578 kB
Progress (3): 0.9/1.2 MB | 108/578 kB | 4.2/209 kB
Progress (3): 0.9/1.2 MB | 112/578 kB | 4.2/209 kB
Progress (3): 0.9/1.2 MB | 112/578 kB | 4.2/209 kB
Progress (3): 0.9/1.2 MB | 112/578 kB | 8.5/209 kB
Progress (3): 0.9/1.2 MB | 116/578 kB | 8.5/209 kB
Progress (4): 0.9/1.2 MB | 116/578 kB | 8.5/209 kB | 7.7/174 kB
Progress (4): 0.9/1.2 MB | 116/578 kB | 8.5/209 kB | 16/174 kB 
Progress (4): 0.9/1.2 MB | 116/578 kB | 13/209 kB | 16/174 kB 
Progress (4): 0.9/1.2 MB | 116/578 kB | 13/209 kB | 16/174 kB
Progress (4): 0.9/1.2 MB | 121/578 kB | 13/209 kB | 16/174 kB
Progress (4): 0.9/1.2 MB | 125/578 kB | 13/209 kB | 16/174 kB
Progress (4): 0.9/1.2 MB | 125/578 kB | 17/209 kB | 16/174 kB
Progress (4): 0.9/1.2 MB | 125/578 kB | 17/209 kB | 16/174 kB
Progress (4): 0.9/1.2 MB | 125/578 kB | 17/209 kB | 32/174 kB
Progress (4): 0.9/1.2 MB | 125/578 kB | 21/209 kB | 32/174 kB
Progress (4): 0.9/1.2 MB | 125/578 kB | 21/209 kB | 32/174 kB
Progress (4): 0.9/1.2 MB | 125/578 kB | 25/209 kB | 32/174 kB
Progress (4): 0.9/1.2 MB | 125/578 kB | 25/209 kB | 49/174 kB
Progress (4): 0.9/1.2 MB | 125/578 kB | 29/209 kB | 49/174 kB
Progress (4): 0.9/1.2 MB | 125/578 kB | 29/209 kB | 57/174 kB
Progress (4): 0.9/1.2 MB | 125/578 kB | 29/209 kB | 57/174 kB
Progress (4): 0.9/1.2 MB | 125/578 kB | 33/209 kB | 57/174 kB
Progress (4): 1.0/1.2 MB | 125/578 kB | 33/209 kB | 57/174 kB
Progress (4): 1.0/1.2 MB | 125/578 kB | 37/209 kB | 57/174 kB
Progress (4): 1.0/1.2 MB | 125/578 kB | 37/209 kB | 73/174 kB
Progress (4): 1.0/1.2 MB | 125/578 kB | 41/209 kB | 73/174 kB
Progress (4): 1.0/1.2 MB | 125/578 kB | 41/209 kB | 73/174 kB
Progress (4): 1.0/1.2 MB | 125/578 kB | 46/209 kB | 73/174 kB
Progress (4): 1.0/1.2 MB | 125/578 kB | 46/209 kB | 90/174 kB
Progress (4): 1.0/1.2 MB | 125/578 kB | 46/209 kB | 90/174 kB
Progress (4): 1.0/1.2 MB | 125/578 kB | 50/209 kB | 90/174 kB
Progress (4): 1.0/1.2 MB | 125/578 kB | 50/209 kB | 90/174 kB
Progress (4): 1.0/1.2 MB | 125/578 kB | 50/209 kB | 106/174 kB
Progress (4): 1.0/1.2 MB | 125/578 kB | 54/209 kB | 106/174 kB
Progress (4): 1.0/1.2 MB | 125/578 kB | 58/209 kB | 106/174 kB
Progress (4): 1.0/1.2 MB | 125/578 kB | 58/209 kB | 106/174 kB
Progress (4): 1.0/1.2 MB | 125/578 kB | 58/209 kB | 122/174 kB
Progress (4): 1.0/1.2 MB | 125/578 kB | 63/209 kB | 122/174 kB
Progress (4): 1.0/1.2 MB | 125/578 kB | 63/209 kB | 122/174 kB
Progress (4): 1.0/1.2 MB | 125/578 kB | 66/209 kB | 122/174 kB
Progress (4): 1.0/1.2 MB | 125/578 kB | 66/209 kB | 131/174 kB
Progress (4): 1.0/1.2 MB | 125/578 kB | 70/209 kB | 131/174 kB
Progress (4): 1.0/1.2 MB | 125/578 kB | 70/209 kB | 131/174 kB
Progress (4): 1.0/1.2 MB | 125/578 kB | 74/209 kB | 131/174 kB
Progress (4): 1.0/1.2 MB | 125/578 kB | 74/209 kB | 147/174 kB
Progress (4): 1.1/1.2 MB | 125/578 kB | 74/209 kB | 147/174 kB
Progress (4): 1.1/1.2 MB | 125/578 kB | 74/209 kB | 147/174 kB
Progress (4): 1.1/1.2 MB | 125/578 kB | 74/209 kB | 164/174 kB
Progress (4): 1.1/1.2 MB | 125/578 kB | 74/209 kB | 174 kB    
Progress (4): 1.1/1.2 MB | 125/578 kB | 74/209 kB | 174 kB
                                                          
Downloaded from central: https://repo.maven.apache.org/maven2/org/junit/platform/junit-platform-engine/1.6.2/junit-platform-engine-1.6.2.jar (174 kB at 120 kB/s)
Downloading from central: https://repo.maven.apache.org/maven2/org/mockito/mockito-core/4.6.1/mockito-core-4.6.1.jar
Progress (3): 1.1/1.2 MB | 125/578 kB | 90/209 kB
Progress (3): 1.1/1.2 MB | 125/578 kB | 90/209 kB
Progress (3): 1.1/1.2 MB | 125/578 kB | 90/209 kB
Progress (3): 1.1/1.2 MB | 141/578 kB | 90/209 kB
Progress (3): 1.1/1.2 MB | 141/578 kB | 90/209 kB
Progress (3): 1.1/1.2 MB | 141/578 kB | 107/209 kB
Progress (3): 1.2 MB | 141/578 kB | 107/209 kB    
                                              
Downloaded from central: https://repo.maven.apache.org/maven2/org/hibernate/validator/hibernate-validator/6.0.20.Final/hibernate-validator-6.0.20.Final.jar (1.2 MB at 789 kB/s)
Downloading from central: https://repo.maven.apache.org/maven2/net/bytebuddy/byte-buddy/1.12.10/byte-buddy-1.12.10.jar
Progress (2): 141/578 kB | 115/209 kB
Progress (2): 158/578 kB | 115/209 kB
Progress (2): 158/578 kB | 131/209 kB
Progress (2): 174/578 kB | 131/209 kB
Progress (2): 174/578 kB | 147/209 kB
Progress (2): 190/578 kB | 147/209 kB
Progress (2): 197/578 kB | 147/209 kB
Progress (2): 197/578 kB | 164/209 kB
Progress (2): 213/578 kB | 164/209 kB
Progress (2): 213/578 kB | 180/209 kB
Progress (2): 229/578 kB | 180/209 kB
Progress (2): 246/578 kB | 180/209 kB
Progress (2): 246/578 kB | 197/209 kB
Progress (2): 262/578 kB | 197/209 kB
Progress (2): 262/578 kB | 209 kB    
                                 
Downloaded from central: https://repo.maven.apache.org/maven2/org/junit/jupiter/junit-jupiter-engine/5.6.2/junit-jupiter-engine-5.6.2.jar (209 kB at 135 kB/s)
Downloading from central: https://repo.maven.apache.org/maven2/net/bytebuddy/byte-buddy-agent/1.12.10/byte-buddy-agent-1.12.10.jar
Progress (1): 279/578 kB
Progress (1): 295/578 kB
Progress (2): 295/578 kB | 7.7/123 kB
Progress (2): 295/578 kB | 11/123 kB 
Progress (2): 295/578 kB | 28/123 kB
Progress (2): 311/578 kB | 28/123 kB
Progress (2): 311/578 kB | 44/123 kB
Progress (2): 311/578 kB | 61/123 kB
Progress (2): 328/578 kB | 61/123 kB
Progress (2): 328/578 kB | 77/123 kB
Progress (2): 344/578 kB | 77/123 kB
Progress (2): 344/578 kB | 93/123 kB
Progress (2): 360/578 kB | 93/123 kB
Progress (2): 360/578 kB | 110/123 kB
Progress (2): 360/578 kB | 123 kB    
                                 
Downloaded from central: https://repo.maven.apache.org/maven2/org/hamcrest/hamcrest/2.2/hamcrest-2.2.jar (123 kB at 76 kB/s)
Downloading from central: https://repo.maven.apache.org/maven2/org/objenesis/objenesis/3.2/objenesis-3.2.jar
Progress (1): 377/578 kB
Progress (1): 393/578 kB
Progress (1): 410/578 kB
Progress (1): 426/578 kB
Progress (1): 442/578 kB
Progress (1): 459/578 kB
Progress (2): 459/578 kB | 7.7/663 kB
Progress (2): 459/578 kB | 16/663 kB 
Progress (2): 475/578 kB | 16/663 kB
Progress (2): 475/578 kB | 32/663 kB
Progress (3): 475/578 kB | 32/663 kB | 0/3.8 MB
Progress (3): 475/578 kB | 32/663 kB | 0/3.8 MB
Progress (3): 475/578 kB | 32/663 kB | 0/3.8 MB
Progress (3): 492/578 kB | 32/663 kB | 0/3.8 MB
Progress (3): 492/578 kB | 32/663 kB | 0/3.8 MB
Progress (3): 492/578 kB | 49/663 kB | 0/3.8 MB
Progress (3): 492/578 kB | 49/663 kB | 0.1/3.8 MB
Progress (3): 492/578 kB | 49/663 kB | 0.1/3.8 MB
Progress (3): 508/578 kB | 49/663 kB | 0.1/3.8 MB
Progress (3): 508/578 kB | 49/663 kB | 0.1/3.8 MB
Progress (3): 508/578 kB | 65/663 kB | 0.1/3.8 MB
Progress (3): 508/578 kB | 65/663 kB | 0.1/3.8 MB
Progress (3): 508/578 kB | 65/663 kB | 0.1/3.8 MB
Progress (3): 508/578 kB | 65/663 kB | 0.1/3.8 MB
Progress (3): 524/578 kB | 65/663 kB | 0.1/3.8 MB
Progress (3): 524/578 kB | 65/663 kB | 0.2/3.8 MB
Progress (3): 524/578 kB | 81/663 kB | 0.2/3.8 MB
Progress (3): 524/578 kB | 81/663 kB | 0.2/3.8 MB
Progress (3): 524/578 kB | 81/663 kB | 0.2/3.8 MB
Progress (3): 541/578 kB | 81/663 kB | 0.2/3.8 MB
Progress (3): 541/578 kB | 81/663 kB | 0.2/3.8 MB
Progress (3): 541/578 kB | 98/663 kB | 0.2/3.8 MB
Progress (3): 541/578 kB | 98/663 kB | 0.2/3.8 MB
Progress (3): 541/578 kB | 98/663 kB | 0.2/3.8 MB
Progress (3): 541/578 kB | 98/663 kB | 0.3/3.8 MB
Progress (3): 557/578 kB | 98/663 kB | 0.3/3.8 MB
Progress (3): 557/578 kB | 114/663 kB | 0.3/3.8 MB
Progress (3): 557/578 kB | 114/663 kB | 0.3/3.8 MB
Progress (3): 557/578 kB | 114/663 kB | 0.3/3.8 MB
Progress (3): 557/578 kB | 114/663 kB | 0.3/3.8 MB
Progress (3): 557/578 kB | 114/663 kB | 0.3/3.8 MB
Progress (3): 573/578 kB | 114/663 kB | 0.3/3.8 MB
Progress (3): 573/578 kB | 131/663 kB | 0.3/3.8 MB
Progress (3): 578 kB | 131/663 kB | 0.3/3.8 MB    
Progress (3): 578 kB | 131/663 kB | 0.3/3.8 MB
                                              
Downloaded from central: https://repo.maven.apache.org/maven2/org/junit/jupiter/junit-jupiter-params/5.9.0/junit-jupiter-params-5.9.0.jar (578 kB at 340 kB/s)
Progress (2): 131/663 kB | 0.4/3.8 MB
Progress (2): 131/663 kB | 0.4/3.8 MB
Progress (2): 147/663 kB | 0.4/3.8 MB
Progress (2): 147/663 kB | 0.4/3.8 MB
Progress (2): 147/663 kB | 0.4/3.8 MB
Progress (2): 147/663 kB | 0.4/3.8 MB
Progress (2): 147/663 kB | 0.4/3.8 MB
Progress (2): 163/663 kB | 0.4/3.8 MB
Progress (2): 163/663 kB | 0.5/3.8 MB
Progress (2): 163/663 kB | 0.5/3.8 MB
Progress (2): 163/663 kB | 0.5/3.8 MB
Progress (2): 180/663 kB | 0.5/3.8 MB
Progress (2): 180/663 kB | 0.5/3.8 MB
Progress (2): 180/663 kB | 0.5/3.8 MB
Progress (2): 180/663 kB | 0.5/3.8 MB
Progress (2): 196/663 kB | 0.5/3.8 MB
Progress (2): 196/663 kB | 0.6/3.8 MB
Progress (2): 196/663 kB | 0.6/3.8 MB
Progress (2): 196/663 kB | 0.6/3.8 MB
Progress (2): 196/663 kB | 0.6/3.8 MB
Progress (2): 212/663 kB | 0.6/3.8 MB
Progress (2): 212/663 kB | 0.6/3.8 MB
Progress (2): 212/663 kB | 0.6/3.8 MB
Progress (2): 212/663 kB | 0.7/3.8 MB
Progress (2): 212/663 kB | 0.7/3.8 MB
Progress (2): 229/663 kB | 0.7/3.8 MB
Progress (2): 229/663 kB | 0.7/3.8 MB
Progress (2): 229/663 kB | 0.7/3.8 MB
Progress (2): 245/663 kB | 0.7/3.8 MB
Progress (2): 245/663 kB | 0.7/3.8 MB
Progress (2): 245/663 kB | 0.7/3.8 MB
Progress (2): 245/663 kB | 0.8/3.8 MB
Progress (2): 245/663 kB | 0.8/3.8 MB
Progress (2): 262/663 kB | 0.8/3.8 MB
Progress (2): 262/663 kB | 0.8/3.8 MB
Progress (2): 262/663 kB | 0.8/3.8 MB
Progress (3): 262/663 kB | 0.8/3.8 MB | 7.7/257 kB
Progress (3): 262/663 kB | 0.8/3.8 MB | 16/257 kB 
Progress (3): 262/663 kB | 0.8/3.8 MB | 16/257 kB
Progress (3): 262/663 kB | 0.8/3.8 MB | 16/257 kB
Progress (3): 278/663 kB | 0.8/3.8 MB | 16/257 kB
Progress (3): 278/663 kB | 0.8/3.8 MB | 32/257 kB
Progress (3): 278/663 kB | 0.9/3.8 MB | 32/257 kB
Progress (3): 278/663 kB | 0.9/3.8 MB | 32/257 kB
Progress (3): 278/663 kB | 0.9/3.8 MB | 32/257 kB
Progress (3): 278/663 kB | 0.9/3.8 MB | 49/257 kB
Progress (3): 294/663 kB | 0.9/3.8 MB | 49/257 kB
Progress (3): 294/663 kB | 0.9/3.8 MB | 49/257 kB
Progress (3): 294/663 kB | 0.9/3.8 MB | 57/257 kB
Progress (3): 294/663 kB | 0.9/3.8 MB | 57/257 kB
Progress (3): 294/663 kB | 0.9/3.8 MB | 57/257 kB
Progress (3): 311/663 kB | 0.9/3.8 MB | 57/257 kB
Progress (3): 311/663 kB | 0.9/3.8 MB | 57/257 kB
Progress (3): 311/663 kB | 0.9/3.8 MB | 73/257 kB
Progress (3): 311/663 kB | 1.0/3.8 MB | 73/257 kB
Progress (3): 311/663 kB | 1.0/3.8 MB | 73/257 kB
Progress (3): 311/663 kB | 1.0/3.8 MB | 90/257 kB
Progress (3): 311/663 kB | 1.0/3.8 MB | 90/257 kB
Progress (3): 327/663 kB | 1.0/3.8 MB | 90/257 kB
Progress (3): 327/663 kB | 1.0/3.8 MB | 90/257 kB
Progress (3): 327/663 kB | 1.0/3.8 MB | 90/257 kB
Progress (3): 327/663 kB | 1.0/3.8 MB | 106/257 kB
Progress (3): 327/663 kB | 1.0/3.8 MB | 106/257 kB
Progress (3): 344/663 kB | 1.0/3.8 MB | 106/257 kB
Progress (3): 344/663 kB | 1.1/3.8 MB | 106/257 kB
Progress (3): 344/663 kB | 1.1/3.8 MB | 106/257 kB
Progress (3): 344/663 kB | 1.1/3.8 MB | 122/257 kB
Progress (3): 344/663 kB | 1.1/3.8 MB | 122/257 kB
Progress (3): 344/663 kB | 1.1/3.8 MB | 122/257 kB
Progress (3): 360/663 kB | 1.1/3.8 MB | 122/257 kB
Progress (3): 360/663 kB | 1.1/3.8 MB | 139/257 kB
Progress (3): 360/663 kB | 1.1/3.8 MB | 139/257 kB
Progress (3): 360/663 kB | 1.1/3.8 MB | 139/257 kB
Progress (3): 360/663 kB | 1.2/3.8 MB | 139/257 kB
Progress (3): 360/663 kB | 1.2/3.8 MB | 155/257 kB
Progress (3): 376/663 kB | 1.2/3.8 MB | 155/257 kB
Progress (3): 376/663 kB | 1.2/3.8 MB | 172/257 kB
Progress (3): 393/663 kB | 1.2/3.8 MB | 172/257 kB
Progress (3): 393/663 kB | 1.2/3.8 MB | 188/257 kB
Progress (3): 409/663 kB | 1.2/3.8 MB | 188/257 kB
Progress (3): 409/663 kB | 1.2/3.8 MB | 204/257 kB
Progress (3): 425/663 kB | 1.2/3.8 MB | 204/257 kB
Progress (3): 425/663 kB | 1.2/3.8 MB | 221/257 kB
Progress (3): 425/663 kB | 1.2/3.8 MB | 237/257 kB
Progress (3): 442/663 kB | 1.2/3.8 MB | 237/257 kB
Progress (3): 442/663 kB | 1.2/3.8 MB | 253/257 kB
Progress (3): 442/663 kB | 1.2/3.8 MB | 257 kB    
                                              
Downloaded from central: https://repo.maven.apache.org/maven2/net/bytebuddy/byte-buddy-agent/1.12.10/byte-buddy-agent-1.12.10.jar (257 kB at 141 kB/s)
Progress (2): 458/663 kB | 1.2/3.8 MB
Progress (2): 475/663 kB | 1.2/3.8 MB
Progress (2): 491/663 kB | 1.2/3.8 MB
Progress (2): 507/663 kB | 1.2/3.8 MB
Progress (2): 507/663 kB | 1.2/3.8 MB
Progress (2): 507/663 kB | 1.2/3.8 MB
Progress (2): 507/663 kB | 1.2/3.8 MB
Progress (2): 524/663 kB | 1.2/3.8 MB
Progress (2): 524/663 kB | 1.2/3.8 MB
Progress (2): 524/663 kB | 1.2/3.8 MB
Progress (2): 540/663 kB | 1.2/3.8 MB
Progress (2): 540/663 kB | 1.3/3.8 MB
Progress (2): 540/663 kB | 1.3/3.8 MB
Progress (2): 540/663 kB | 1.3/3.8 MB
Progress (2): 540/663 kB | 1.3/3.8 MB
Progress (2): 557/663 kB | 1.3/3.8 MB
Progress (2): 557/663 kB | 1.3/3.8 MB
Progress (2): 557/663 kB | 1.3/3.8 MB
Progress (2): 557/663 kB | 1.4/3.8 MB
Progress (2): 557/663 kB | 1.4/3.8 MB
Progress (2): 573/663 kB | 1.4/3.8 MB
Progress (2): 573/663 kB | 1.4/3.8 MB
Progress (2): 573/663 kB | 1.4/3.8 MB
Progress (2): 573/663 kB | 1.4/3.8 MB
Progress (2): 573/663 kB | 1.4/3.8 MB
Progress (2): 589/663 kB | 1.4/3.8 MB
Progress (2): 589/663 kB | 1.4/3.8 MB
Progress (2): 589/663 kB | 1.5/3.8 MB
Progress (2): 589/663 kB | 1.5/3.8 MB
Progress (2): 606/663 kB | 1.5/3.8 MB
Progress (2): 606/663 kB | 1.5/3.8 MB
Progress (3): 606/663 kB | 1.5/3.8 MB | 7.7/49 kB
Progress (3): 606/663 kB | 1.5/3.8 MB | 16/49 kB 
Progress (3): 606/663 kB | 1.5/3.8 MB | 16/49 kB
Progress (3): 606/663 kB | 1.5/3.8 MB | 16/49 kB
Progress (3): 606/663 kB | 1.5/3.8 MB | 24/49 kB
Progress (3): 606/663 kB | 1.5/3.8 MB | 24/49 kB
Progress (3): 622/663 kB | 1.5/3.8 MB | 24/49 kB
Progress (3): 622/663 kB | 1.6/3.8 MB | 24/49 kB
Progress (3): 622/663 kB | 1.6/3.8 MB | 24/49 kB
Progress (3): 622/663 kB | 1.6/3.8 MB | 24/49 kB
Progress (3): 638/663 kB | 1.6/3.8 MB | 24/49 kB
Progress (3): 638/663 kB | 1.6/3.8 MB | 40/49 kB
Progress (3): 638/663 kB | 1.6/3.8 MB | 40/49 kB
Progress (3): 638/663 kB | 1.6/3.8 MB | 40/49 kB
Progress (3): 638/663 kB | 1.6/3.8 MB | 49 kB   
Progress (3): 638/663 kB | 1.6/3.8 MB | 49 kB
                                             
Downloaded from central: https://repo.maven.apache.org/maven2/org/objenesis/objenesis/3.2/objenesis-3.2.jar (49 kB at 26 kB/s)
Progress (2): 638/663 kB | 1.7/3.8 MB
Progress (2): 655/663 kB | 1.7/3.8 MB
Progress (2): 655/663 kB | 1.7/3.8 MB
Progress (2): 663 kB | 1.7/3.8 MB    
Progress (2): 663 kB | 1.7/3.8 MB
                                 
Downloaded from central: https://repo.maven.apache.org/maven2/org/mockito/mockito-core/4.6.1/mockito-core-4.6.1.jar (663 kB at 349 kB/s)
Progress (1): 1.7/3.8 MB
Progress (1): 1.7/3.8 MB
Progress (1): 1.7/3.8 MB
Progress (1): 1.8/3.8 MB
Progress (1): 1.8/3.8 MB
Progress (1): 1.8/3.8 MB
Progress (1): 1.8/3.8 MB
Progress (1): 1.8/3.8 MB
Progress (1): 1.8/3.8 MB
Progress (1): 1.9/3.8 MB
Progress (1): 1.9/3.8 MB
Progress (1): 1.9/3.8 MB
Progress (1): 1.9/3.8 MB
Progress (1): 1.9/3.8 MB
Progress (1): 1.9/3.8 MB
Progress (1): 1.9/3.8 MB
Progress (1): 2.0/3.8 MB
Progress (1): 2.0/3.8 MB
Progress (1): 2.0/3.8 MB
Progress (1): 2.0/3.8 MB
Progress (1): 2.0/3.8 MB
Progress (1): 2.0/3.8 MB
Progress (1): 2.1/3.8 MB
Progress (1): 2.1/3.8 MB
Progress (1): 2.1/3.8 MB
Progress (1): 2.1/3.8 MB
Progress (1): 2.1/3.8 MB
Progress (1): 2.1/3.8 MB
Progress (1): 2.2/3.8 MB
Progress (1): 2.2/3.8 MB
Progress (1): 2.2/3.8 MB
Progress (1): 2.2/3.8 MB
Progress (1): 2.2/3.8 MB
Progress (1): 2.2/3.8 MB
Progress (1): 2.3/3.8 MB
Progress (1): 2.3/3.8 MB
Progress (1): 2.3/3.8 MB
Progress (1): 2.3/3.8 MB
Progress (1): 2.3/3.8 MB
Progress (1): 2.3/3.8 MB
Progress (1): 2.4/3.8 MB
Progress (1): 2.4/3.8 MB
Progress (1): 2.4/3.8 MB
Progress (1): 2.4/3.8 MB
Progress (1): 2.4/3.8 MB
Progress (1): 2.4/3.8 MB
Progress (1): 2.5/3.8 MB
Progress (1): 2.5/3.8 MB
Progress (1): 2.5/3.8 MB
Progress (1): 2.5/3.8 MB
Progress (1): 2.5/3.8 MB
Progress (1): 2.5/3.8 MB
Progress (1): 2.6/3.8 MB
Progress (1): 2.6/3.8 MB
Progress (1): 2.6/3.8 MB
Progress (1): 2.6/3.8 MB
Progress (1): 2.6/3.8 MB
Progress (1): 2.6/3.8 MB
Progress (1): 2.7/3.8 MB
Progress (1): 2.7/3.8 MB
Progress (1): 2.7/3.8 MB
Progress (1): 2.7/3.8 MB
Progress (1): 2.7/3.8 MB
Progress (1): 2.7/3.8 MB
Progress (1): 2.8/3.8 MB
Progress (1): 2.8/3.8 MB
Progress (1): 2.8/3.8 MB
Progress (1): 2.8/3.8 MB
Progress (1): 2.8/3.8 MB
Progress (1): 2.8/3.8 MB
Progress (1): 2.9/3.8 MB
Progress (1): 2.9/3.8 MB
Progress (1): 2.9/3.8 MB
Progress (1): 2.9/3.8 MB
Progress (1): 2.9/3.8 MB
Progress (1): 2.9/3.8 MB
Progress (1): 2.9/3.8 MB
Progress (1): 3.0/3.8 MB
Progress (1): 3.0/3.8 MB
Progress (1): 3.0/3.8 MB
Progress (1): 3.0/3.8 MB
Progress (1): 3.0/3.8 MB
Progress (1): 3.0/3.8 MB
Progress (1): 3.1/3.8 MB
Progress (1): 3.1/3.8 MB
Progress (1): 3.1/3.8 MB
Progress (1): 3.1/3.8 MB
Progress (1): 3.1/3.8 MB
Progress (1): 3.1/3.8 MB
Progress (1): 3.2/3.8 MB
Progress (1): 3.2/3.8 MB
Progress (1): 3.2/3.8 MB
Progress (1): 3.2/3.8 MB
Progress (1): 3.2/3.8 MB
Progress (1): 3.2/3.8 MB
Progress (1): 3.3/3.8 MB
Progress (1): 3.3/3.8 MB
Progress (1): 3.3/3.8 MB
Progress (1): 3.3/3.8 MB
Progress (1): 3.3/3.8 MB
Progress (1): 3.3/3.8 MB
Progress (1): 3.4/3.8 MB
Progress (1): 3.4/3.8 MB
Progress (1): 3.4/3.8 MB
Progress (1): 3.4/3.8 MB
Progress (1): 3.4/3.8 MB
Progress (1): 3.4/3.8 MB
Progress (1): 3.5/3.8 MB
Progress (1): 3.5/3.8 MB
Progress (1): 3.5/3.8 MB
Progress (1): 3.5/3.8 MB
Progress (1): 3.5/3.8 MB
Progress (1): 3.5/3.8 MB
Progress (1): 3.6/3.8 MB
Progress (1): 3.6/3.8 MB
Progress (1): 3.6/3.8 MB
Progress (1): 3.6/3.8 MB
Progress (1): 3.6/3.8 MB
Progress (1): 3.6/3.8 MB
Progress (1): 3.7/3.8 MB
Progress (1): 3.7/3.8 MB
Progress (1): 3.7/3.8 MB
Progress (1): 3.7/3.8 MB
Progress (1): 3.7/3.8 MB
Progress (1): 3.7/3.8 MB
Progress (1): 3.8/3.8 MB
Progress (1): 3.8/3.8 MB
Progress (1): 3.8/3.8 MB
Progress (1): 3.8/3.8 MB
Progress (1): 3.8/3.8 MB
Progress (1): 3.8/3.8 MB
Progress (1): 3.8 MB    
                    
Downloaded from central: https://repo.maven.apache.org/maven2/net/bytebuddy/byte-buddy/1.12.10/byte-buddy-1.12.10.jar (3.8 MB at 1.8 MB/s)
[INFO] 
[INFO] --- enforcer:3.0.0-M3:enforce (enforce-maven) @ jcabi-aspects ---
[INFO] 
[INFO] --- buildnumber:1.4:create (jcabi-build-number) @ jcabi-aspects ---
Downloading from oss.sonatype.org: https://oss.sonatype.org/content/groups/public/org/apache/maven/maven-project/2.2.1/maven-project-2.2.1.pom
Progress (1): 827 B
Progress (1): 2.8 kB
                    
Downloaded from oss.sonatype.org: https://oss.sonatype.org/content/groups/public/org/apache/maven/maven-project/2.2.1/maven-project-2.2.1.pom (2.8 kB at 4.8 kB/s)
Downloading from oss.sonatype.org: https://oss.sonatype.org/content/groups/public/org/apache/maven/maven/2.2.1/maven-2.2.1.pom
Progress (1): 738 B
Progress (1): 1.9 kB
Progress (1): 5.8 kB
Progress (1): 9.1 kB
Progress (1): 12 kB 
Progress (1): 18 kB
Progress (1): 22 kB
Progress (1): 22 kB
                   
Downloaded from oss.sonatype.org: https://oss.sonatype.org/content/groups/public/org/apache/maven/maven/2.2.1/maven-2.2.1.pom (22 kB at 39 kB/s)
Downloading from oss.sonatype.org: https://oss.sonatype.org/content/groups/public/org/apache/maven/maven-settings/2.2.1/maven-settings-2.2.1.pom
Progress (1): 820 B
Progress (1): 2.2 kB
                    
Downloaded from oss.sonatype.org: https://oss.sonatype.org/content/groups/public/org/apache/maven/maven-settings/2.2.1/maven-settings-2.2.1.pom (2.2 kB at 3.7 kB/s)
Downloading from oss.sonatype.org: https://oss.sonatype.org/content/groups/public/org/apache/maven/maven-model/2.2.1/maven-model-2.2.1.pom
Progress (1): 809 B
Progress (1): 3.0 kB
Progress (1): 3.2 kB
                    
Downloaded from oss.sonatype.org: https://oss.sonatype.org/content/groups/public/org/apache/maven/maven-model/2.2.1/maven-model-2.2.1.pom (3.2 kB at 5.7 kB/s)
Downloading from oss.sonatype.org: https://oss.sonatype.org/content/groups/public/org/codehaus/plexus/plexus-utils/1.5.15/plexus-utils-1.5.15.pom
Progress (1): 794 B
Progress (1): 2.2 kB
Progress (1): 4.8 kB
Progress (1): 6.8 kB
                    
Downloaded from oss.sonatype.org: https://oss.sonatype.org/content/groups/public/org/codehaus/plexus/plexus-utils/1.5.15/plexus-utils-1.5.15.pom (6.8 kB at 12 kB/s)
Downloading from oss.sonatype.org: https://oss.sonatype.org/content/groups/public/org/codehaus/plexus/plexus-interpolation/1.11/plexus-interpolation-1.11.pom
Progress (1): 889 B
                   
Downloaded from oss.sonatype.org: https://oss.sonatype.org/content/groups/public/org/codehaus/plexus/plexus-interpolation/1.11/plexus-interpolation-1.11.pom (889 B at 1.6 kB/s)
Downloading from oss.sonatype.org: https://oss.sonatype.org/content/groups/public/org/codehaus/plexus/plexus-components/1.1.14/plexus-components-1.1.14.pom
Progress (1): 1.2 kB
Progress (1): 3.7 kB
Progress (1): 5.8 kB
                    
Downloaded from oss.sonatype.org: https://oss.sonatype.org/content/groups/public/org/codehaus/plexus/plexus-components/1.1.14/plexus-components-1.1.14.pom (5.8 kB at 10 kB/s)
Downloading from oss.sonatype.org: https://oss.sonatype.org/content/groups/public/org/apache/maven/maven-profile/2.2.1/maven-profile-2.2.1.pom
Progress (1): 829 B
Progress (1): 2.2 kB
                    
Downloaded from oss.sonatype.org: https://oss.sonatype.org/content/groups/public/org/apache/maven/maven-profile/2.2.1/maven-profile-2.2.1.pom (2.2 kB at 3.7 kB/s)
Downloading from oss.sonatype.org: https://oss.sonatype.org/content/groups/public/org/apache/maven/maven-artifact-manager/2.2.1/maven-artifact-manager-2.2.1.pom
Progress (1): 813 B
Progress (1): 3.1 kB
                    
Downloaded from oss.sonatype.org: https://oss.sonatype.org/content/groups/public/org/apache/maven/maven-artifact-manager/2.2.1/maven-artifact-manager-2.2.1.pom (3.1 kB at 5.3 kB/s)
Downloading from oss.sonatype.org: https://oss.sonatype.org/content/groups/public/org/apache/maven/maven-repository-metadata/2.2.1/maven-repository-metadata-2.2.1.pom
Progress (1): 830 B
Progress (1): 1.9 kB
                    
Downloaded from oss.sonatype.org: https://oss.sonatype.org/content/groups/public/org/apache/maven/maven-repository-metadata/2.2.1/maven-repository-metadata-2.2.1.pom (1.9 kB at 3.3 kB/s)
Downloading from oss.sonatype.org: https://oss.sonatype.org/content/groups/public/org/apache/maven/maven-artifact/2.2.1/maven-artifact-2.2.1.pom
Progress (1): 844 B
Progress (1): 1.6 kB
                    
Downloaded from oss.sonatype.org: https://oss.sonatype.org/content/groups/public/org/apache/maven/maven-artifact/2.2.1/maven-artifact-2.2.1.pom (1.6 kB at 2.8 kB/s)
Downloading from oss.sonatype.org: https://oss.sonatype.org/content/groups/public/backport-util-concurrent/backport-util-concurrent/3.1/backport-util-concurrent-3.1.pom
Progress (1): 880 B
                   
Downloaded from oss.sonatype.org: https://oss.sonatype.org/content/groups/public/backport-util-concurrent/backport-util-concurrent/3.1/backport-util-concurrent-3.1.pom (880 B at 1.5 kB/s)
Downloading from oss.sonatype.org: https://oss.sonatype.org/content/groups/public/org/apache/maven/maven-plugin-registry/2.2.1/maven-plugin-registry-2.2.1.pom
Progress (1): 829 B
Progress (1): 1.9 kB
                    
Downloaded from oss.sonatype.org: https://oss.sonatype.org/content/groups/public/org/apache/maven/maven-plugin-registry/2.2.1/maven-plugin-registry-2.2.1.pom (1.9 kB at 3.4 kB/s)
Downloading from oss.sonatype.org: https://oss.sonatype.org/content/groups/public/org/apache/maven/maven-core/2.2.1/maven-core-2.2.1.pom
Progress (1): 772 B
Progress (1): 2.5 kB
Progress (1): 6.9 kB
Progress (1): 9.9 kB
Progress (1): 12 kB 
                   
Downloaded from oss.sonatype.org: https://oss.sonatype.org/content/groups/public/org/apache/maven/maven-core/2.2.1/maven-core-2.2.1.pom (12 kB at 20 kB/s)
Downloading from oss.sonatype.org: https://oss.sonatype.org/content/groups/public/org/apache/maven/maven-plugin-parameter-documenter/2.2.1/maven-plugin-parameter-documenter-2.2.1.pom
Progress (1): 828 B
Progress (1): 2.0 kB
                    
Downloaded from oss.sonatype.org: https://oss.sonatype.org/content/groups/public/org/apache/maven/maven-plugin-parameter-documenter/2.2.1/maven-plugin-parameter-documenter-2.2.1.pom (2.0 kB at 3.4 kB/s)
Downloading from oss.sonatype.org: https://oss.sonatype.org/content/groups/public/org/slf4j/slf4j-jdk14/1.5.6/slf4j-jdk14-1.5.6.pom
Progress (1): 1.4 kB
Progress (1): 1.9 kB
                    
Downloaded from oss.sonatype.org: https://oss.sonatype.org/content/groups/public/org/slf4j/slf4j-jdk14/1.5.6/slf4j-jdk14-1.5.6.pom (1.9 kB at 3.3 kB/s)
Downloading from oss.sonatype.org: https://oss.sonatype.org/content/groups/public/org/slf4j/slf4j-parent/1.5.6/slf4j-parent-1.5.6.pom
Progress (1): 1.2 kB
Progress (1): 3.3 kB
Progress (1): 6.3 kB
Progress (1): 7.9 kB
                    
Downloaded from oss.sonatype.org: https://oss.sonatype.org/content/groups/public/org/slf4j/slf4j-parent/1.5.6/slf4j-parent-1.5.6.pom (7.9 kB at 14 kB/s)
Downloading from oss.sonatype.org: https://oss.sonatype.org/content/groups/public/org/slf4j/slf4j-api/1.5.6/slf4j-api-1.5.6.pom
Progress (1): 1.4 kB
Progress (1): 3.0 kB
                    
Downloaded from oss.sonatype.org: https://oss.sonatype.org/content/groups/public/org/slf4j/slf4j-api/1.5.6/slf4j-api-1.5.6.pom (3.0 kB at 5.2 kB/s)
Downloading from oss.sonatype.org: https://oss.sonatype.org/content/groups/public/org/slf4j/jcl-over-slf4j/1.5.6/jcl-over-slf4j-1.5.6.pom
Progress (1): 1.4 kB
Progress (1): 2.2 kB
                    
Downloaded from oss.sonatype.org: https://oss.sonatype.org/content/groups/public/org/slf4j/jcl-over-slf4j/1.5.6/jcl-over-slf4j-1.5.6.pom (2.2 kB at 3.8 kB/s)
Downloading from oss.sonatype.org: https://oss.sonatype.org/content/groups/public/org/apache/maven/reporting/maven-reporting-api/2.2.1/maven-reporting-api-2.2.1.pom
Progress (1): 829 B
Progress (1): 1.9 kB
                    
Downloaded from oss.sonatype.org: https://oss.sonatype.org/content/groups/public/org/apache/maven/reporting/maven-reporting-api/2.2.1/maven-reporting-api-2.2.1.pom (1.9 kB at 3.2 kB/s)
Downloading from oss.sonatype.org: https://oss.sonatype.org/content/groups/public/org/apache/maven/reporting/maven-reporting/2.2.1/maven-reporting-2.2.1.pom
Progress (1): 845 B
Progress (1): 1.4 kB
                    
Downloaded from oss.sonatype.org: https://oss.sonatype.org/content/groups/public/org/apache/maven/reporting/maven-reporting/2.2.1/maven-reporting-2.2.1.pom (1.4 kB at 2.5 kB/s)
Downloading from oss.sonatype.org: https://oss.sonatype.org/content/groups/public/org/apache/maven/doxia/doxia-sink-api/1.1/doxia-sink-api-1.1.pom
Progress (1): 827 B
Progress (1): 2.0 kB
                    
Downloaded from oss.sonatype.org: https://oss.sonatype.org/content/groups/public/org/apache/maven/doxia/doxia-sink-api/1.1/doxia-sink-api-1.1.pom (2.0 kB at 3.6 kB/s)
Downloading from oss.sonatype.org: https://oss.sonatype.org/content/groups/public/org/apache/maven/doxia/doxia/1.1/doxia-1.1.pom
Progress (1): 750 B
Progress (1): 2.1 kB
Progress (1): 5.3 kB
Progress (1): 10 kB 
Progress (1): 13 kB
Progress (1): 15 kB
                   
Downloaded from oss.sonatype.org: https://oss.sonatype.org/content/groups/public/org/apache/maven/doxia/doxia/1.1/doxia-1.1.pom (15 kB at 27 kB/s)
Downloading from oss.sonatype.org: https://oss.sonatype.org/content/groups/public/org/apache/maven/doxia/doxia-logging-api/1.1/doxia-logging-api-1.1.pom
Progress (1): 832 B
Progress (1): 1.6 kB
                    
Downloaded from oss.sonatype.org: https://oss.sonatype.org/content/groups/public/org/apache/maven/doxia/doxia-logging-api/1.1/doxia-logging-api-1.1.pom (1.6 kB at 2.8 kB/s)
Downloading from oss.sonatype.org: https://oss.sonatype.org/content/groups/public/org/apache/maven/maven-error-diagnostics/2.2.1/maven-error-diagnostics-2.2.1.pom
Progress (1): 831 B
Progress (1): 1.7 kB
                    
Downloaded from oss.sonatype.org: https://oss.sonatype.org/content/groups/public/org/apache/maven/maven-error-diagnostics/2.2.1/maven-error-diagnostics-2.2.1.pom (1.7 kB at 2.6 kB/s)
Downloading from oss.sonatype.org: https://oss.sonatype.org/content/groups/public/commons-cli/commons-cli/1.2/commons-cli-1.2.pom
Progress (1): 835 B
Progress (1): 2.3 kB
Progress (1): 4.2 kB
Progress (1): 6.2 kB
Progress (1): 8.0 kB
                    
Downloaded from oss.sonatype.org: https://oss.sonatype.org/content/groups/public/commons-cli/commons-cli/1.2/commons-cli-1.2.pom (8.0 kB at 14 kB/s)
Downloading from oss.sonatype.org: https://oss.sonatype.org/content/groups/public/org/apache/maven/maven-plugin-api/2.2.1/maven-plugin-api-2.2.1.pom
Progress (1): 845 B
Progress (1): 1.5 kB
                    
Downloaded from oss.sonatype.org: https://oss.sonatype.org/content/groups/public/org/apache/maven/maven-plugin-api/2.2.1/maven-plugin-api-2.2.1.pom (1.5 kB at 2.6 kB/s)
Downloading from oss.sonatype.org: https://oss.sonatype.org/content/groups/public/org/apache/maven/maven-plugin-descriptor/2.2.1/maven-plugin-descriptor-2.2.1.pom
Progress (1): 829 B
Progress (1): 2.1 kB
                    
Downloaded from oss.sonatype.org: https://oss.sonatype.org/content/groups/public/org/apache/maven/maven-plugin-descriptor/2.2.1/maven-plugin-descriptor-2.2.1.pom (2.1 kB at 3.6 kB/s)
Downloading from oss.sonatype.org: https://oss.sonatype.org/content/groups/public/org/apache/maven/maven-monitor/2.2.1/maven-monitor-2.2.1.pom
Progress (1): 846 B
Progress (1): 1.3 kB
                    
Downloaded from oss.sonatype.org: https://oss.sonatype.org/content/groups/public/org/apache/maven/maven-monitor/2.2.1/maven-monitor-2.2.1.pom (1.3 kB at 2.2 kB/s)
Downloading from oss.sonatype.org: https://oss.sonatype.org/content/groups/public/org/apache/maven/scm/maven-scm-api/1.9.4/maven-scm-api-1.9.4.pom
Progress (1): 876 B
Progress (1): 1.6 kB
                    
Downloaded from oss.sonatype.org: https://oss.sonatype.org/content/groups/public/org/apache/maven/scm/maven-scm-api/1.9.4/maven-scm-api-1.9.4.pom (1.6 kB at 2.8 kB/s)
Downloading from oss.sonatype.org: https://oss.sonatype.org/content/groups/public/org/apache/maven/scm/maven-scm/1.9.4/maven-scm-1.9.4.pom
Progress (1): 796 B
Progress (1): 2.7 kB
Progress (1): 5.7 kB
Progress (1): 12 kB 
Progress (1): 15 kB
Progress (1): 20 kB
Progress (1): 22 kB
                   
Downloaded from oss.sonatype.org: https://oss.sonatype.org/content/groups/public/org/apache/maven/scm/maven-scm/1.9.4/maven-scm-1.9.4.pom (22 kB at 39 kB/s)
Downloading from oss.sonatype.org: https://oss.sonatype.org/content/groups/public/org/apache/maven/scm/maven-scm-manager-plexus/1.9.4/maven-scm-manager-plexus-1.9.4.pom
Progress (1): 869 B
Progress (1): 2.2 kB
                    
Downloaded from oss.sonatype.org: https://oss.sonatype.org/content/groups/public/org/apache/maven/scm/maven-scm-manager-plexus/1.9.4/maven-scm-manager-plexus-1.9.4.pom (2.2 kB at 3.8 kB/s)
Downloading from oss.sonatype.org: https://oss.sonatype.org/content/groups/public/org/apache/maven/scm/maven-scm-managers/1.9.4/maven-scm-managers-1.9.4.pom
Progress (1): 874 B
Progress (1): 1.5 kB
                    
Downloaded from oss.sonatype.org: https://oss.sonatype.org/content/groups/public/org/apache/maven/scm/maven-scm-managers/1.9.4/maven-scm-managers-1.9.4.pom (1.5 kB at 2.6 kB/s)
Downloading from oss.sonatype.org: https://oss.sonatype.org/content/groups/public/org/apache/maven/scm/maven-scm-provider-bazaar/1.9.4/maven-scm-provider-bazaar-1.9.4.pom
Progress (1): 870 B
Progress (1): 1.9 kB
                    
Downloaded from oss.sonatype.org: https://oss.sonatype.org/content/groups/public/org/apache/maven/scm/maven-scm-provider-bazaar/1.9.4/maven-scm-provider-bazaar-1.9.4.pom (1.9 kB at 3.4 kB/s)
Downloading from oss.sonatype.org: https://oss.sonatype.org/content/groups/public/org/apache/maven/scm/maven-scm-providers/1.9.4/maven-scm-providers-1.9.4.pom
Progress (1): 841 B
Progress (1): 2.9 kB
Progress (1): 3.5 kB
                    
Downloaded from oss.sonatype.org: https://oss.sonatype.org/content/groups/public/org/apache/maven/scm/maven-scm-providers/1.9.4/maven-scm-providers-1.9.4.pom (3.5 kB at 6.1 kB/s)
Downloading from oss.sonatype.org: https://oss.sonatype.org/content/groups/public/org/apache/maven/scm/maven-scm-provider-svnexe/1.9.4/maven-scm-provider-svnexe-1.9.4.pom
Progress (1): 864 B
Progress (1): 2.6 kB
                    
Downloaded from oss.sonatype.org: https://oss.sonatype.org/content/groups/public/org/apache/maven/scm/maven-scm-provider-svnexe/1.9.4/maven-scm-provider-svnexe-1.9.4.pom (2.6 kB at 4.7 kB/s)
Downloading from oss.sonatype.org: https://oss.sonatype.org/content/groups/public/org/apache/maven/scm/maven-scm-providers-svn/1.9.4/maven-scm-providers-svn-1.9.4.pom
Progress (1): 868 B
Progress (1): 2.1 kB
                    
Downloaded from oss.sonatype.org: https://oss.sonatype.org/content/groups/public/org/apache/maven/scm/maven-scm-providers-svn/1.9.4/maven-scm-providers-svn-1.9.4.pom (2.1 kB at 3.6 kB/s)
Downloading from oss.sonatype.org: https://oss.sonatype.org/content/groups/public/org/apache/maven/scm/maven-scm-provider-svn-commons/1.9.4/maven-scm-provider-svn-commons-1.9.4.pom
Progress (1): 859 B
Progress (1): 2.6 kB
Progress (1): 2.7 kB
                    
Downloaded from oss.sonatype.org: https://oss.sonatype.org/content/groups/public/org/apache/maven/scm/maven-scm-provider-svn-commons/1.9.4/maven-scm-provider-svn-commons-1.9.4.pom (2.7 kB at 4.7 kB/s)
Downloading from oss.sonatype.org: https://oss.sonatype.org/content/groups/public/org/apache/maven/scm/maven-scm-provider-gitexe/1.9.4/maven-scm-provider-gitexe-1.9.4.pom
Progress (1): 864 B
Progress (1): 2.5 kB
                    
Downloaded from oss.sonatype.org: https://oss.sonatype.org/content/groups/public/org/apache/maven/scm/maven-scm-provider-gitexe/1.9.4/maven-scm-provider-gitexe-1.9.4.pom (2.5 kB at 4.4 kB/s)
Downloading from oss.sonatype.org: https://oss.sonatype.org/content/groups/public/org/apache/maven/scm/maven-scm-providers-git/1.9.4/maven-scm-providers-git-1.9.4.pom
Progress (1): 864 B
Progress (1): 2.2 kB
                    
Downloaded from oss.sonatype.org: https://oss.sonatype.org/content/groups/public/org/apache/maven/scm/maven-scm-providers-git/1.9.4/maven-scm-providers-git-1.9.4.pom (2.2 kB at 3.8 kB/s)
Downloading from oss.sonatype.org: https://oss.sonatype.org/content/groups/public/commons-io/commons-io/2.2/commons-io-2.2.pom
Progress (1): 797 B
Progress (1): 2.1 kB
Progress (1): 5.6 kB
Progress (1): 7.8 kB
Progress (1): 10.0 kB
Progress (1): 11 kB  
                   
Downloaded from oss.sonatype.org: https://oss.sonatype.org/content/groups/public/commons-io/commons-io/2.2/commons-io-2.2.pom (11 kB at 19 kB/s)
Downloading from oss.sonatype.org: https://oss.sonatype.org/content/groups/public/org/apache/commons/commons-parent/24/commons-parent-24.pom
Progress (1): 719 B
Progress (1): 1.9 kB
Progress (1): 3.2 kB
Progress (1): 4.7 kB
Progress (1): 8.3 kB
Progress (1): 12 kB 
Progress (1): 16 kB
Progress (1): 19 kB
Progress (1): 21 kB
Progress (1): 24 kB
Progress (1): 29 kB
Progress (1): 35 kB
Progress (1): 38 kB
Progress (1): 40 kB
Progress (1): 43 kB
Progress (1): 43 kB
Progress (1): 45 kB
Progress (1): 47 kB
Progress (1): 47 kB
                   
Downloaded from oss.sonatype.org: https://oss.sonatype.org/content/groups/public/org/apache/commons/commons-parent/24/commons-parent-24.pom (47 kB at 82 kB/s)
Downloading from oss.sonatype.org: https://oss.sonatype.org/content/groups/public/org/apache/maven/scm/maven-scm-provider-git-commons/1.9.4/maven-scm-provider-git-commons-1.9.4.pom
Progress (1): 864 B
Progress (1): 2.1 kB
                    
Downloaded from oss.sonatype.org: https://oss.sonatype.org/content/groups/public/org/apache/maven/scm/maven-scm-provider-git-commons/1.9.4/maven-scm-provider-git-commons-1.9.4.pom (2.1 kB at 3.7 kB/s)
Downloading from oss.sonatype.org: https://oss.sonatype.org/content/groups/public/org/apache/maven/scm/maven-scm-provider-cvsexe/1.9.4/maven-scm-provider-cvsexe-1.9.4.pom
Progress (1): 859 B
Progress (1): 2.6 kB
Progress (1): 2.7 kB
                    
Downloaded from oss.sonatype.org: https://oss.sonatype.org/content/groups/public/org/apache/maven/scm/maven-scm-provider-cvsexe/1.9.4/maven-scm-provider-cvsexe-1.9.4.pom (2.7 kB at 4.7 kB/s)
Downloading from oss.sonatype.org: https://oss.sonatype.org/content/groups/public/org/apache/maven/scm/maven-scm-providers-cvs/1.9.4/maven-scm-providers-cvs-1.9.4.pom
Progress (1): 874 B
Progress (1): 1.7 kB
                    
Downloaded from oss.sonatype.org: https://oss.sonatype.org/content/groups/public/org/apache/maven/scm/maven-scm-providers-cvs/1.9.4/maven-scm-providers-cvs-1.9.4.pom (1.7 kB at 3.0 kB/s)
Downloading from oss.sonatype.org: https://oss.sonatype.org/content/groups/public/org/apache/maven/scm/maven-scm-provider-cvs-commons/1.9.4/maven-scm-provider-cvs-commons-1.9.4.pom
Progress (1): 864 B
Progress (1): 2.3 kB
                    
Downloaded from oss.sonatype.org: https://oss.sonatype.org/content/groups/public/org/apache/maven/scm/maven-scm-provider-cvs-commons/1.9.4/maven-scm-provider-cvs-commons-1.9.4.pom (2.3 kB at 4.1 kB/s)
Downloading from oss.sonatype.org: https://oss.sonatype.org/content/groups/public/org/apache/maven/scm/maven-scm-provider-starteam/1.9.4/maven-scm-provider-starteam-1.9.4.pom
Progress (1): 859 B
Progress (1): 2.6 kB
Progress (1): 2.6 kB
                    
Downloaded from oss.sonatype.org: https://oss.sonatype.org/content/groups/public/org/apache/maven/scm/maven-scm-provider-starteam/1.9.4/maven-scm-provider-starteam-1.9.4.pom (2.6 kB at 4.5 kB/s)
Downloading from oss.sonatype.org: https://oss.sonatype.org/content/groups/public/org/apache/maven/scm/maven-scm-provider-clearcase/1.9.4/maven-scm-provider-clearcase-1.9.4.pom
Progress (1): 859 B
Progress (1): 2.6 kB
Progress (1): 2.6 kB
                    
Downloaded from oss.sonatype.org: https://oss.sonatype.org/content/groups/public/org/apache/maven/scm/maven-scm-provider-clearcase/1.9.4/maven-scm-provider-clearcase-1.9.4.pom (2.6 kB at 4.5 kB/s)
Downloading from oss.sonatype.org: https://oss.sonatype.org/content/groups/public/org/apache/maven/scm/maven-scm-provider-perforce/1.9.4/maven-scm-provider-perforce-1.9.4.pom
Progress (1): 863 B
Progress (1): 2.3 kB
Progress (1): 2.5 kB
                    
Downloaded from oss.sonatype.org: https://oss.sonatype.org/content/groups/public/org/apache/maven/scm/maven-scm-provider-perforce/1.9.4/maven-scm-provider-perforce-1.9.4.pom (2.5 kB at 4.4 kB/s)
Downloading from oss.sonatype.org: https://oss.sonatype.org/content/groups/public/org/apache/maven/scm/maven-scm-provider-hg/1.9.4/maven-scm-provider-hg-1.9.4.pom
Progress (1): 864 B
Progress (1): 2.3 kB
                    
Downloaded from oss.sonatype.org: https://oss.sonatype.org/content/groups/public/org/apache/maven/scm/maven-scm-provider-hg/1.9.4/maven-scm-provider-hg-1.9.4.pom (2.3 kB at 4.1 kB/s)
Downloading from oss.sonatype.org: https://oss.sonatype.org/content/groups/public/com/google/code/maven-scm-provider-svnjava/maven-scm-provider-svnjava/2.1.1/maven-scm-provider-svnjava-2.1.1.pom
Progress (1): 798 B
Progress (1): 2.3 kB
Progress (1): 4.5 kB
Progress (1): 7.2 kB
Progress (1): 9.8 kB
                    
Downloaded from oss.sonatype.org: https://oss.sonatype.org/content/groups/public/com/google/code/maven-scm-provider-svnjava/maven-scm-provider-svnjava/2.1.1/maven-scm-provider-svnjava-2.1.1.pom (9.8 kB at 17 kB/s)
Downloading from oss.sonatype.org: https://oss.sonatype.org/content/groups/public/org/apache/maven/scm/maven-scm-provider-svn-commons/1.8/maven-scm-provider-svn-commons-1.8.pom
Progress (1): 859 B
Progress (1): 2.6 kB
Progress (1): 2.7 kB
                    
Downloaded from oss.sonatype.org: https://oss.sonatype.org/content/groups/public/org/apache/maven/scm/maven-scm-provider-svn-commons/1.8/maven-scm-provider-svn-commons-1.8.pom (2.7 kB at 4.8 kB/s)
Downloading from oss.sonatype.org: https://oss.sonatype.org/content/groups/public/org/apache/maven/scm/maven-scm-providers-svn/1.8/maven-scm-providers-svn-1.8.pom
Progress (1): 869 B
Progress (1): 2.1 kB
                    
Downloaded from oss.sonatype.org: https://oss.sonatype.org/content/groups/public/org/apache/maven/scm/maven-scm-providers-svn/1.8/maven-scm-providers-svn-1.8.pom (2.1 kB at 3.7 kB/s)
Downloading from oss.sonatype.org: https://oss.sonatype.org/content/groups/public/org/apache/maven/scm/maven-scm-providers/1.8/maven-scm-providers-1.8.pom
Progress (1): 836 B
Progress (1): 3.0 kB
Progress (1): 3.7 kB
                    
Downloaded from oss.sonatype.org: https://oss.sonatype.org/content/groups/public/org/apache/maven/scm/maven-scm-providers/1.8/maven-scm-providers-1.8.pom (3.7 kB at 6.6 kB/s)
Downloading from oss.sonatype.org: https://oss.sonatype.org/content/groups/public/org/apache/maven/scm/maven-scm/1.8/maven-scm-1.8.pom
Progress (1): 794 B
Progress (1): 2.7 kB
Progress (1): 6.4 kB
Progress (1): 13 kB 
Progress (1): 17 kB
Progress (1): 21 kB
Progress (1): 21 kB
                   
Downloaded from oss.sonatype.org: https://oss.sonatype.org/content/groups/public/org/apache/maven/scm/maven-scm/1.8/maven-scm-1.8.pom (21 kB at 37 kB/s)
Downloading from oss.sonatype.org: https://oss.sonatype.org/content/groups/public/org/apache/maven/maven-parent/22/maven-parent-22.pom
Progress (1): 733 B
Progress (1): 2.0 kB
Progress (1): 6.1 kB
Progress (1): 11 kB 
Progress (1): 15 kB
Progress (1): 19 kB
Progress (1): 22 kB
Progress (1): 24 kB
Progress (1): 28 kB
Progress (1): 30 kB
                   
Downloaded from oss.sonatype.org: https://oss.sonatype.org/content/groups/public/org/apache/maven/maven-parent/22/maven-parent-22.pom (30 kB at 52 kB/s)
Downloading from oss.sonatype.org: https://oss.sonatype.org/content/groups/public/org/apache/apache/11/apache-11.pom
Progress (1): 749 B
Progress (1): 2.1 kB
Progress (1): 4.1 kB
Progress (1): 8.8 kB
Progress (1): 12 kB 
Progress (1): 15 kB
                   
Downloaded from oss.sonatype.org: https://oss.sonatype.org/content/groups/public/org/apache/apache/11/apache-11.pom (15 kB at 26 kB/s)
Downloading from oss.sonatype.org: https://oss.sonatype.org/content/groups/public/org/apache/maven/scm/maven-scm-api/1.8/maven-scm-api-1.8.pom
Progress (1): 876 B
Progress (1): 1.6 kB
                    
Downloaded from oss.sonatype.org: https://oss.sonatype.org/content/groups/public/org/apache/maven/scm/maven-scm-api/1.8/maven-scm-api-1.8.pom (1.6 kB at 2.7 kB/s)
Downloading from oss.sonatype.org: https://oss.sonatype.org/content/groups/public/org/codehaus/plexus/plexus-utils/3.0.3/plexus-utils-3.0.3.pom
Progress (1): 829 B
Progress (1): 2.3 kB
Progress (1): 2.5 kB
                    
Downloaded from oss.sonatype.org: https://oss.sonatype.org/content/groups/public/org/codehaus/plexus/plexus-utils/3.0.3/plexus-utils-3.0.3.pom (2.5 kB at 4.4 kB/s)
Downloading from oss.sonatype.org: https://oss.sonatype.org/content/groups/public/org/codehaus/plexus/plexus/3.1/plexus-3.1.pom
Progress (1): 705 B
Progress (1): 2.6 kB
Progress (1): 6.1 kB
Progress (1): 8.8 kB
Progress (1): 13 kB 
Progress (1): 17 kB
Progress (1): 19 kB
                   
Downloaded from oss.sonatype.org: https://oss.sonatype.org/content/groups/public/org/codehaus/plexus/plexus/3.1/plexus-3.1.pom (19 kB at 32 kB/s)
Downloading from oss.sonatype.org: https://oss.sonatype.org/content/groups/public/net/java/dev/jna/jna/3.5.2/jna-3.5.2.pom
Progress (1): 1.2 kB
                    
Downloaded from oss.sonatype.org: https://oss.sonatype.org/content/groups/public/net/java/dev/jna/jna/3.5.2/jna-3.5.2.pom (1.2 kB at 2.0 kB/s)
Downloading from oss.sonatype.org: https://oss.sonatype.org/content/groups/public/org/codehaus/plexus/plexus-utils/3.0.14/plexus-utils-3.0.14.pom
Progress (1): 817 B
Progress (1): 2.3 kB
Progress (1): 3.1 kB
                    
Downloaded from oss.sonatype.org: https://oss.sonatype.org/content/groups/public/org/codehaus/plexus/plexus-utils/3.0.14/plexus-utils-3.0.14.pom (3.1 kB at 5.6 kB/s)
Downloading from oss.sonatype.org: https://oss.sonatype.org/content/groups/public/commons-io/commons-io/2.1/commons-io-2.1.pom
Progress (1): 797 B
Progress (1): 2.2 kB
Progress (1): 5.6 kB
Progress (1): 8.0 kB
Progress (1): 10 kB 
Progress (1): 11 kB
                   
Downloaded from oss.sonatype.org: https://oss.sonatype.org/content/groups/public/commons-io/commons-io/2.1/commons-io-2.1.pom (11 kB at 19 kB/s)
Downloading from oss.sonatype.org: https://oss.sonatype.org/content/groups/public/org/tmatesoft/svnkit/svnkit/1.8.5/svnkit-1.8.5.pom
Progress (1): 1.1 kB
Progress (1): 2.5 kB
                    
Downloaded from oss.sonatype.org: https://oss.sonatype.org/content/groups/public/org/tmatesoft/svnkit/svnkit/1.8.5/svnkit-1.8.5.pom (2.5 kB at 4.2 kB/s)
Downloading from oss.sonatype.org: https://oss.sonatype.org/content/groups/public/com/jcraft/jsch.agentproxy.svnkit-trilead-ssh2/0.0.7/jsch.agentproxy.svnkit-trilead-ssh2-0.0.7.pom
Progress (1): 1.1 kB
                    
Downloaded from oss.sonatype.org: https://oss.sonatype.org/content/groups/public/com/jcraft/jsch.agentproxy.svnkit-trilead-ssh2/0.0.7/jsch.agentproxy.svnkit-trilead-ssh2-0.0.7.pom (1.1 kB at 2.0 kB/s)
Downloading from oss.sonatype.org: https://oss.sonatype.org/content/groups/public/com/jcraft/jsch.agentproxy/0.0.7/jsch.agentproxy-0.0.7.pom
Progress (1): 1.3 kB
Progress (1): 3.9 kB
Progress (1): 4.3 kB
                    
Downloaded from oss.sonatype.org: https://oss.sonatype.org/content/groups/public/com/jcraft/jsch.agentproxy/0.0.7/jsch.agentproxy-0.0.7.pom (4.3 kB at 7.7 kB/s)
Downloading from oss.sonatype.org: https://oss.sonatype.org/content/groups/public/com/trilead/trilead-ssh2/1.0.0-build217/trilead-ssh2-1.0.0-build217.pom
Progress (1): 1.1 kB
                    
Downloaded from oss.sonatype.org: https://oss.sonatype.org/content/groups/public/com/trilead/trilead-ssh2/1.0.0-build217/trilead-ssh2-1.0.0-build217.pom (1.1 kB at 2.0 kB/s)
Downloading from oss.sonatype.org: https://oss.sonatype.org/content/groups/public/com/jcraft/jsch.agentproxy.core/0.0.7/jsch.agentproxy.core-0.0.7.pom
Progress (1): 804 B
                   
Downloaded from oss.sonatype.org: https://oss.sonatype.org/content/groups/public/com/jcraft/jsch.agentproxy.core/0.0.7/jsch.agentproxy.core-0.0.7.pom (804 B at 1.4 kB/s)
Downloading from oss.sonatype.org: https://oss.sonatype.org/content/groups/public/org/tmatesoft/sqljet/sqljet/1.1.10/sqljet-1.1.10.pom
Progress (1): 1.2 kB
Progress (1): 2.1 kB
                    
Downloaded from oss.sonatype.org: https://oss.sonatype.org/content/groups/public/org/tmatesoft/sqljet/sqljet/1.1.10/sqljet-1.1.10.pom (2.1 kB at 3.6 kB/s)
Downloading from oss.sonatype.org: https://oss.sonatype.org/content/groups/public/org/antlr/antlr-runtime/3.4/antlr-runtime-3.4.pom
Progress (1): 968 B
Progress (1): 3.1 kB
                    
Downloaded from oss.sonatype.org: https://oss.sonatype.org/content/groups/public/org/antlr/antlr-runtime/3.4/antlr-runtime-3.4.pom (3.1 kB at 5.4 kB/s)
Downloading from oss.sonatype.org: https://oss.sonatype.org/content/groups/public/org/antlr/antlr-master/3.4/antlr-master-3.4.pom
Progress (1): 835 B
Progress (1): 2.3 kB
Progress (1): 4.3 kB
Progress (1): 6.8 kB
Progress (1): 8.9 kB
Progress (1): 9.4 kB
                    
Downloaded from oss.sonatype.org: https://oss.sonatype.org/content/groups/public/org/antlr/antlr-master/3.4/antlr-master-3.4.pom (9.4 kB at 17 kB/s)
Downloading from oss.sonatype.org: https://oss.sonatype.org/content/groups/public/net/java/dev/jna/platform/3.5.2/platform-3.5.2.pom
Progress (1): 1.4 kB
Progress (1): 1.4 kB
                    
Downloaded from oss.sonatype.org: https://oss.sonatype.org/content/groups/public/net/java/dev/jna/platform/3.5.2/platform-3.5.2.pom (1.4 kB at 2.4 kB/s)
Downloading from oss.sonatype.org: https://oss.sonatype.org/content/groups/public/com/jcraft/jsch.agentproxy.connector-factory/0.0.7/jsch.agentproxy.connector-factory-0.0.7.pom
Progress (1): 1.7 kB
                    
Downloaded from oss.sonatype.org: https://oss.sonatype.org/content/groups/public/com/jcraft/jsch.agentproxy.connector-factory/0.0.7/jsch.agentproxy.connector-factory-0.0.7.pom (1.7 kB at 2.9 kB/s)
Downloading from oss.sonatype.org: https://oss.sonatype.org/content/groups/public/com/jcraft/jsch.agentproxy.usocket-jna/0.0.7/jsch.agentproxy.usocket-jna-0.0.7.pom
Progress (1): 1.3 kB
                    
Downloaded from oss.sonatype.org: https://oss.sonatype.org/content/groups/public/com/jcraft/jsch.agentproxy.usocket-jna/0.0.7/jsch.agentproxy.usocket-jna-0.0.7.pom (1.3 kB at 2.3 kB/s)
Downloading from oss.sonatype.org: https://oss.sonatype.org/content/groups/public/net/java/dev/jna/jna/3.4.0/jna-3.4.0.pom
Progress (1): 1.2 kB
Progress (1): 2.2 kB
                    
Downloaded from oss.sonatype.org: https://oss.sonatype.org/content/groups/public/net/java/dev/jna/jna/3.4.0/jna-3.4.0.pom (2.2 kB at 3.6 kB/s)
Downloading from oss.sonatype.org: https://oss.sonatype.org/content/groups/public/net/java/dev/jna/platform/3.4.0/platform-3.4.0.pom
Progress (1): 1.2 kB
Progress (1): 2.4 kB
                    
Downloaded from oss.sonatype.org: https://oss.sonatype.org/content/groups/public/net/java/dev/jna/platform/3.4.0/platform-3.4.0.pom (2.4 kB at 4.3 kB/s)
Downloading from oss.sonatype.org: https://oss.sonatype.org/content/groups/public/com/jcraft/jsch.agentproxy.usocket-nc/0.0.7/jsch.agentproxy.usocket-nc-0.0.7.pom
Progress (1): 996 B
                   
Downloaded from oss.sonatype.org: https://oss.sonatype.org/content/groups/public/com/jcraft/jsch.agentproxy.usocket-nc/0.0.7/jsch.agentproxy.usocket-nc-0.0.7.pom (996 B at 1.7 kB/s)
Downloading from oss.sonatype.org: https://oss.sonatype.org/content/groups/public/com/jcraft/jsch.agentproxy.sshagent/0.0.7/jsch.agentproxy.sshagent-0.0.7.pom
Progress (1): 971 B
                   
Downloaded from oss.sonatype.org: https://oss.sonatype.org/content/groups/public/com/jcraft/jsch.agentproxy.sshagent/0.0.7/jsch.agentproxy.sshagent-0.0.7.pom (971 B at 1.7 kB/s)
Downloading from oss.sonatype.org: https://oss.sonatype.org/content/groups/public/com/jcraft/jsch.agentproxy.pageant/0.0.7/jsch.agentproxy.pageant-0.0.7.pom
Progress (1): 1.3 kB
                    
Downloaded from oss.sonatype.org: https://oss.sonatype.org/content/groups/public/com/jcraft/jsch.agentproxy.pageant/0.0.7/jsch.agentproxy.pageant-0.0.7.pom (1.3 kB at 2.3 kB/s)
Downloading from oss.sonatype.org: https://oss.sonatype.org/content/groups/public/de/regnis/q/sequence/sequence-library/1.0.2/sequence-library-1.0.2.pom
Progress (1): 1.3 kB
                    
Downloaded from oss.sonatype.org: https://oss.sonatype.org/content/groups/public/de/regnis/q/sequence/sequence-library/1.0.2/sequence-library-1.0.2.pom (1.3 kB at 2.2 kB/s)
Downloading from oss.sonatype.org: https://oss.sonatype.org/content/groups/public/org/sonatype/plexus/plexus-sec-dispatcher/1.4/plexus-sec-dispatcher-1.4.pom
Progress (1): 1.3 kB
Progress (1): 3.0 kB
                    
Downloaded from oss.sonatype.org: https://oss.sonatype.org/content/groups/public/org/sonatype/plexus/plexus-sec-dispatcher/1.4/plexus-sec-dispatcher-1.4.pom (3.0 kB at 5.2 kB/s)
Downloading from oss.sonatype.org: https://oss.sonatype.org/content/groups/public/org/apache/maven/maven-project/2.2.1/maven-project-2.2.1.jar
Progress (1): 7.7/156 kB
Progress (1): 15/156 kB 
Progress (1): 32/156 kB
Progress (1): 48/156 kB
Progress (1): 65/156 kB
Progress (1): 81/156 kB
Progress (1): 97/156 kB
Progress (1): 114/156 kB
Progress (1): 130/156 kB
Progress (1): 147/156 kB
Progress (1): 156 kB    
                    
Downloaded from oss.sonatype.org: https://oss.sonatype.org/content/groups/public/org/apache/maven/maven-project/2.2.1/maven-project-2.2.1.jar (156 kB at 250 kB/s)
Downloading from oss.sonatype.org: https://oss.sonatype.org/content/groups/public/org/apache/maven/maven-profile/2.2.1/maven-profile-2.2.1.jar
Downloading from oss.sonatype.org: https://oss.sonatype.org/content/groups/public/org/apache/maven/maven-model/2.2.1/maven-model-2.2.1.jar
Downloading from oss.sonatype.org: https://oss.sonatype.org/content/groups/public/org/apache/maven/maven-artifact-manager/2.2.1/maven-artifact-manager-2.2.1.jar
Downloading from oss.sonatype.org: https://oss.sonatype.org/content/groups/public/backport-util-concurrent/backport-util-concurrent/3.1/backport-util-concurrent-3.1.jar
Downloading from oss.sonatype.org: https://oss.sonatype.org/content/groups/public/org/apache/maven/maven-plugin-registry/2.2.1/maven-plugin-registry-2.2.1.jar
Progress (1): 7.7/35 kB
Progress (1): 16/35 kB 
Progress (1): 24/35 kB
Progress (1): 35 kB   
                   
Downloaded from oss.sonatype.org: https://oss.sonatype.org/content/groups/public/org/apache/maven/maven-profile/2.2.1/maven-profile-2.2.1.jar (35 kB at 62 kB/s)
Downloading from oss.sonatype.org: https://oss.sonatype.org/content/groups/public/org/codehaus/plexus/plexus-interpolation/1.11/plexus-interpolation-1.11.jar
Progress (1): 7.7/88 kB
Progress (1): 7.7/88 kB
Progress (1): 24/88 kB 
Progress (1): 40/88 kB
Progress (1): 57/88 kB
Progress (2): 57/88 kB | 7.7/68 kB
Progress (2): 57/88 kB | 16/68 kB 
Progress (2): 57/88 kB | 32/68 kB
Progress (2): 57/88 kB | 49/68 kB
Progress (2): 57/88 kB | 65/68 kB
Progress (2): 57/88 kB | 68 kB   
Progress (2): 73/88 kB | 68 kB
                              
Downloaded from oss.sonatype.org: https://oss.sonatype.org/content/groups/public/org/apache/maven/maven-artifact-manager/2.2.1/maven-artifact-manager-2.2.1.jar (68 kB at 97 kB/s)
Downloading from oss.sonatype.org: https://oss.sonatype.org/content/groups/public/org/apache/maven/maven-artifact/2.2.1/maven-artifact-2.2.1.jar
Progress (1): 88 kB
                   
Downloaded from oss.sonatype.org: https://oss.sonatype.org/content/groups/public/org/apache/maven/maven-model/2.2.1/maven-model-2.2.1.jar (88 kB at 125 kB/s)
Downloading from oss.sonatype.org: https://oss.sonatype.org/content/groups/public/org/codehaus/plexus/plexus-container-default/1.0-alpha-9-stable-1/plexus-container-default-1.0-alpha-9-stable-1.jar
Progress (1): 7.7/30 kB
Progress (1): 14/30 kB 
Progress (1): 30 kB   
                   
Downloaded from oss.sonatype.org: https://oss.sonatype.org/content/groups/public/org/apache/maven/maven-plugin-registry/2.2.1/maven-plugin-registry-2.2.1.jar (30 kB at 41 kB/s)
Downloading from oss.sonatype.org: https://oss.sonatype.org/content/groups/public/org/apache/maven/maven-settings/2.2.1/maven-settings-2.2.1.jar
Progress (1): 7.7/332 kB
Progress (1): 16/332 kB 
Progress (1): 24/332 kB
Progress (1): 40/332 kB
Progress (1): 57/332 kB
Progress (1): 66/332 kB
Progress (1): 82/332 kB
Progress (1): 98/332 kB
Progress (1): 115/332 kB
Progress (1): 131/332 kB
Progress (1): 147/332 kB
Progress (1): 164/332 kB
Progress (1): 180/332 kB
Progress (1): 197/332 kB
Progress (1): 213/332 kB
Progress (1): 229/332 kB
Progress (1): 246/332 kB
Progress (1): 262/332 kB
Progress (1): 279/332 kB
Progress (1): 295/332 kB
Progress (1): 311/332 kB
Progress (1): 328/332 kB
Progress (1): 332 kB    
                    
Downloaded from oss.sonatype.org: https://oss.sonatype.org/content/groups/public/backport-util-concurrent/backport-util-concurrent/3.1/backport-util-concurrent-3.1.jar (332 kB at 323 kB/s)
Downloading from oss.sonatype.org: https://oss.sonatype.org/content/groups/public/org/apache/maven/maven-core/2.2.1/maven-core-2.2.1.jar
Progress (1): 7.7/51 kB
Progress (1): 7.7/51 kB
Progress (1): 24/51 kB 
Progress (1): 40/51 kB
Progress (1): 51 kB   
                   
Downloaded from oss.sonatype.org: https://oss.sonatype.org/content/groups/public/org/codehaus/plexus/plexus-interpolation/1.11/plexus-interpolation-1.11.jar (51 kB at 41 kB/s)
Downloading from oss.sonatype.org: https://oss.sonatype.org/content/groups/public/org/apache/maven/maven-plugin-parameter-documenter/2.2.1/maven-plugin-parameter-documenter-2.2.1.jar
Progress (1): 8.2/49 kB
Progress (1): 25/49 kB 
Progress (1): 41/49 kB
Progress (1): 49 kB   
                   
Downloaded from oss.sonatype.org: https://oss.sonatype.org/content/groups/public/org/apache/maven/maven-settings/2.2.1/maven-settings-2.2.1.jar (49 kB at 38 kB/s)
Downloading from oss.sonatype.org: https://oss.sonatype.org/content/groups/public/org/slf4j/slf4j-jdk14/1.5.6/slf4j-jdk14-1.5.6.jar
Progress (1): 7.7/194 kB
Progress (1): 7.7/194 kB
Progress (1): 24/194 kB 
Progress (1): 40/194 kB
Progress (1): 57/194 kB
Progress (1): 73/194 kB
Progress (1): 90/194 kB
Progress (2): 90/194 kB | 7.7/80 kB
Progress (2): 90/194 kB | 16/80 kB 
Progress (2): 90/194 kB | 32/80 kB
Progress (2): 90/194 kB | 33/80 kB
Progress (2): 106/194 kB | 33/80 kB
Progress (2): 106/194 kB | 49/80 kB
Progress (2): 106/194 kB | 66/80 kB
Progress (2): 106/194 kB | 80 kB   
                                
Downloaded from oss.sonatype.org: https://oss.sonatype.org/content/groups/public/org/apache/maven/maven-artifact/2.2.1/maven-artifact-2.2.1.jar (80 kB at 59 kB/s)
Downloading from oss.sonatype.org: https://oss.sonatype.org/content/groups/public/org/slf4j/slf4j-api/1.5.6/slf4j-api-1.5.6.jar
Progress (1): 122/194 kB
Progress (1): 139/194 kB
Progress (1): 155/194 kB
Progress (1): 172/194 kB
Progress (1): 188/194 kB
Progress (1): 194 kB    
                    
Downloaded from oss.sonatype.org: https://oss.sonatype.org/content/groups/public/org/codehaus/plexus/plexus-container-default/1.0-alpha-9-stable-1/plexus-container-default-1.0-alpha-9-stable-1.jar (194 kB at 141 kB/s)
Downloading from oss.sonatype.org: https://oss.sonatype.org/content/groups/public/org/slf4j/jcl-over-slf4j/1.5.6/jcl-over-slf4j-1.5.6.jar
Progress (1): 7.7/178 kB
Progress (1): 16/178 kB 
Progress (1): 32/178 kB
Progress (1): 49/178 kB
Progress (1): 65/178 kB
Progress (1): 81/178 kB
Progress (1): 98/178 kB
Progress (1): 114/178 kB
Progress (1): 131/178 kB
Progress (1): 147/178 kB
Progress (1): 163/178 kB
Progress (1): 178 kB    
                    
Downloaded from oss.sonatype.org: https://oss.sonatype.org/content/groups/public/org/apache/maven/maven-core/2.2.1/maven-core-2.2.1.jar (178 kB at 107 kB/s)
Downloading from oss.sonatype.org: https://oss.sonatype.org/content/groups/public/org/apache/maven/reporting/maven-reporting-api/2.2.1/maven-reporting-api-2.2.1.jar
Progress (1): 7.7/22 kB
Progress (1): 16/22 kB 
Progress (1): 22 kB   
                   
Downloaded from oss.sonatype.org: https://oss.sonatype.org/content/groups/public/org/apache/maven/maven-plugin-parameter-documenter/2.2.1/maven-plugin-parameter-documenter-2.2.1.jar (22 kB at 12 kB/s)
Downloading from oss.sonatype.org: https://oss.sonatype.org/content/groups/public/org/apache/maven/doxia/doxia-sink-api/1.1/doxia-sink-api-1.1.jar
Progress (1): 7.7/22 kB
Progress (1): 8.2/22 kB
Progress (1): 22 kB    
                   
Downloaded from oss.sonatype.org: https://oss.sonatype.org/content/groups/public/org/slf4j/slf4j-api/1.5.6/slf4j-api-1.5.6.jar (22 kB at 12 kB/s)
Downloading from oss.sonatype.org: https://oss.sonatype.org/content/groups/public/org/apache/maven/doxia/doxia-logging-api/1.1/doxia-logging-api-1.1.jar
Progress (1): 7.7/8.8 kB
Progress (1): 8.8 kB    
                    
Downloaded from oss.sonatype.org: https://oss.sonatype.org/content/groups/public/org/slf4j/slf4j-jdk14/1.5.6/slf4j-jdk14-1.5.6.jar (8.8 kB at 4.5 kB/s)
Downloading from oss.sonatype.org: https://oss.sonatype.org/content/groups/public/org/apache/maven/maven-repository-metadata/2.2.1/maven-repository-metadata-2.2.1.jar
Progress (1): 7.7/17 kB
Progress (1): 16/17 kB 
Progress (1): 17 kB   
                   
Downloaded from oss.sonatype.org: https://oss.sonatype.org/content/groups/public/org/slf4j/jcl-over-slf4j/1.5.6/jcl-over-slf4j-1.5.6.jar (17 kB at 8.3 kB/s)
Downloading from oss.sonatype.org: https://oss.sonatype.org/content/groups/public/org/apache/maven/maven-error-diagnostics/2.2.1/maven-error-diagnostics-2.2.1.jar
Progress (1): 7.7/9.8 kB
Progress (1): 9.8 kB    
                    
Downloaded from oss.sonatype.org: https://oss.sonatype.org/content/groups/public/org/apache/maven/reporting/maven-reporting-api/2.2.1/maven-reporting-api-2.2.1.jar (9.8 kB at 4.3 kB/s)
Downloading from oss.sonatype.org: https://oss.sonatype.org/content/groups/public/commons-cli/commons-cli/1.2/commons-cli-1.2.jar
Progress (1): 13 kB
                   
Downloaded from oss.sonatype.org: https://oss.sonatype.org/content/groups/public/org/apache/maven/doxia/doxia-sink-api/1.1/doxia-sink-api-1.1.jar (13 kB at 5.1 kB/s)
Downloading from oss.sonatype.org: https://oss.sonatype.org/content/groups/public/org/apache/maven/maven-plugin-descriptor/2.2.1/maven-plugin-descriptor-2.2.1.jar
Progress (1): 7.7/26 kB
Progress (1): 15/26 kB 
Progress (1): 26 kB   
                   
Downloaded from oss.sonatype.org: https://oss.sonatype.org/content/groups/public/org/apache/maven/maven-repository-metadata/2.2.1/maven-repository-metadata-2.2.1.jar (26 kB at 10 kB/s)
Downloading from oss.sonatype.org: https://oss.sonatype.org/content/groups/public/org/codehaus/plexus/plexus-interactivity-api/1.0-alpha-4/plexus-interactivity-api-1.0-alpha-4.jar
Progress (1): 7.7/11 kB
Progress (1): 11 kB    
                   
Downloaded from oss.sonatype.org: https://oss.sonatype.org/content/groups/public/org/apache/maven/doxia/doxia-logging-api/1.1/doxia-logging-api-1.1.jar (11 kB at 4.4 kB/s)
Downloading from oss.sonatype.org: https://oss.sonatype.org/content/groups/public/org/apache/maven/maven-monitor/2.2.1/maven-monitor-2.2.1.jar
Progress (1): 8.2/13 kB
Progress (1): 13 kB    
                   
Downloaded from oss.sonatype.org: https://oss.sonatype.org/content/groups/public/org/apache/maven/maven-error-diagnostics/2.2.1/maven-error-diagnostics-2.2.1.jar (13 kB at 4.8 kB/s)
Downloading from oss.sonatype.org: https://oss.sonatype.org/content/groups/public/classworlds/classworlds/1.1/classworlds-1.1.jar
Progress (1): 7.7/41 kB
Progress (1): 16/41 kB 
Progress (1): 32/41 kB
Progress (1): 41 kB   
                   
Downloaded from oss.sonatype.org: https://oss.sonatype.org/content/groups/public/commons-cli/commons-cli/1.2/commons-cli-1.2.jar (41 kB at 14 kB/s)
Downloading from oss.sonatype.org: https://oss.sonatype.org/content/groups/public/org/apache/maven/maven-plugin-api/2.2.1/maven-plugin-api-2.2.1.jar
Progress (1): 7.3/13 kB
Progress (1): 13 kB    
                   
Downloaded from oss.sonatype.org: https://oss.sonatype.org/content/groups/public/org/codehaus/plexus/plexus-interactivity-api/1.0-alpha-4/plexus-interactivity-api-1.0-alpha-4.jar (13 kB at 4.1 kB/s)
Downloading from oss.sonatype.org: https://oss.sonatype.org/content/groups/public/org/apache/maven/scm/maven-scm-api/1.9.4/maven-scm-api-1.9.4.jar
Progress (1): 7.7/39 kB
Progress (1): 7.7/39 kB
Progress (1): 24/39 kB 
Progress (1): 39 kB   
                   
Downloaded from oss.sonatype.org: https://oss.sonatype.org/content/groups/public/org/apache/maven/maven-plugin-descriptor/2.2.1/maven-plugin-descriptor-2.2.1.jar (39 kB at 12 kB/s)
Downloading from oss.sonatype.org: https://oss.sonatype.org/content/groups/public/org/apache/maven/scm/maven-scm-manager-plexus/1.9.4/maven-scm-manager-plexus-1.9.4.jar
Progress (1): 7.7/38 kB
Progress (1): 16/38 kB 
Progress (1): 32/38 kB
Progress (1): 38 kB   
                   
Downloaded from oss.sonatype.org: https://oss.sonatype.org/content/groups/public/classworlds/classworlds/1.1/classworlds-1.1.jar (38 kB at 11 kB/s)
Downloading from oss.sonatype.org: https://oss.sonatype.org/content/groups/public/org/apache/maven/scm/maven-scm-provider-bazaar/1.9.4/maven-scm-provider-bazaar-1.9.4.jar
Progress (1): 8.2/10 kB
Progress (1): 10 kB    
                   
Downloaded from oss.sonatype.org: https://oss.sonatype.org/content/groups/public/org/apache/maven/maven-monitor/2.2.1/maven-monitor-2.2.1.jar (10 kB at 3.1 kB/s)
Downloading from oss.sonatype.org: https://oss.sonatype.org/content/groups/public/org/apache/maven/scm/maven-scm-provider-svnexe/1.9.4/maven-scm-provider-svnexe-1.9.4.jar
Progress (1): 7.7/12 kB
Progress (1): 12 kB    
                   
Downloaded from oss.sonatype.org: https://oss.sonatype.org/content/groups/public/org/apache/maven/maven-plugin-api/2.2.1/maven-plugin-api-2.2.1.jar (12 kB at 3.6 kB/s)
Downloading from oss.sonatype.org: https://oss.sonatype.org/content/groups/public/org/apache/maven/scm/maven-scm-provider-gitexe/1.9.4/maven-scm-provider-gitexe-1.9.4.jar
Progress (1): 7.7/107 kB
Progress (1): 16/107 kB 
Progress (1): 32/107 kB
Progress (1): 49/107 kB
Progress (1): 65/107 kB
Progress (1): 81/107 kB
Progress (1): 98/107 kB
Progress (1): 107 kB   
                    
Downloaded from oss.sonatype.org: https://oss.sonatype.org/content/groups/public/org/apache/maven/scm/maven-scm-api/1.9.4/maven-scm-api-1.9.4.jar (107 kB at 27 kB/s)
Downloading from oss.sonatype.org: https://oss.sonatype.org/content/groups/public/commons-io/commons-io/2.2/commons-io-2.2.jar
Progress (1): 7.7/11 kB
Progress (1): 11 kB    
                   
Downloaded from oss.sonatype.org: https://oss.sonatype.org/content/groups/public/org/apache/maven/scm/maven-scm-manager-plexus/1.9.4/maven-scm-manager-plexus-1.9.4.jar (11 kB at 2.7 kB/s)
Downloading from oss.sonatype.org: https://oss.sonatype.org/content/groups/public/org/apache/maven/scm/maven-scm-provider-git-commons/1.9.4/maven-scm-provider-git-commons-1.9.4.jar
Progress (1): 7.7/66 kB
Progress (1): 16/66 kB 
Progress (1): 32/66 kB
Progress (1): 49/66 kB
Progress (1): 65/66 kB
Progress (1): 66 kB   
Progress (2): 66 kB | 7.7/78 kB
                               
Downloaded from oss.sonatype.org: https://oss.sonatype.org/content/groups/public/org/apache/maven/scm/maven-scm-provider-gitexe/1.9.4/maven-scm-provider-gitexe-1.9.4.jar (66 kB at 16 kB/s)
Progress (1): 16/78 kB
                      
Downloading from oss.sonatype.org: https://oss.sonatype.org/content/groups/public/org/apache/maven/scm/maven-scm-provider-svn-commons/1.9.4/maven-scm-provider-svn-commons-1.9.4.jar
Progress (1): 24/78 kB
Progress (1): 40/78 kB
Progress (1): 57/78 kB
Progress (1): 66/78 kB
Progress (1): 78 kB   
                   
Downloaded from oss.sonatype.org: https://oss.sonatype.org/content/groups/public/org/apache/maven/scm/maven-scm-provider-svnexe/1.9.4/maven-scm-provider-svnexe-1.9.4.jar (78 kB at 19 kB/s)
Downloading from oss.sonatype.org: https://oss.sonatype.org/content/groups/public/org/apache/maven/scm/maven-scm-provider-cvsexe/1.9.4/maven-scm-provider-cvsexe-1.9.4.jar
Progress (1): 7.7/56 kB
Progress (1): 16/56 kB 
Progress (1): 32/56 kB
Progress (1): 49/56 kB
Progress (1): 56 kB   
                   
Downloaded from oss.sonatype.org: https://oss.sonatype.org/content/groups/public/org/apache/maven/scm/maven-scm-provider-bazaar/1.9.4/maven-scm-provider-bazaar-1.9.4.jar (56 kB at 14 kB/s)
Downloading from oss.sonatype.org: https://oss.sonatype.org/content/groups/public/org/apache/maven/scm/maven-scm-provider-cvs-commons/1.9.4/maven-scm-provider-cvs-commons-1.9.4.jar
Progress (1): 16/174 kB
Progress (1): 33/174 kB
Progress (1): 49/174 kB
Progress (1): 57/174 kB
Progress (1): 66/174 kB
Progress (1): 82/174 kB
Progress (1): 98/174 kB
Progress (1): 115/174 kB
Progress (1): 131/174 kB
Progress (1): 147/174 kB
Progress (1): 164/174 kB
Progress (1): 174 kB    
                    
Downloaded from oss.sonatype.org: https://oss.sonatype.org/content/groups/public/commons-io/commons-io/2.2/commons-io-2.2.jar (174 kB at 38 kB/s)
Downloading from oss.sonatype.org: https://oss.sonatype.org/content/groups/public/org/apache/maven/scm/maven-scm-provider-starteam/1.9.4/maven-scm-provider-starteam-1.9.4.jar
Progress (1): 7.7/34 kB
Progress (1): 7.7/34 kB
Progress (1): 24/34 kB 
Progress (1): 34 kB   
                   
Downloaded from oss.sonatype.org: https://oss.sonatype.org/content/groups/public/org/apache/maven/scm/maven-scm-provider-git-commons/1.9.4/maven-scm-provider-git-commons-1.9.4.jar (34 kB at 7.3 kB/s)
Downloading from oss.sonatype.org: https://oss.sonatype.org/content/groups/public/org/apache/maven/scm/maven-scm-provider-clearcase/1.9.4/maven-scm-provider-clearcase-1.9.4.jar
Progress (1): 7.7/37 kB
Progress (1): 16/37 kB 
Progress (1): 32/37 kB
Progress (1): 37 kB   
                   
Downloaded from oss.sonatype.org: https://oss.sonatype.org/content/groups/public/org/apache/maven/scm/maven-scm-provider-svn-commons/1.9.4/maven-scm-provider-svn-commons-1.9.4.jar (37 kB at 8.0 kB/s)
Downloading from oss.sonatype.org: https://oss.sonatype.org/content/groups/public/org/apache/maven/scm/maven-scm-provider-perforce/1.9.4/maven-scm-provider-perforce-1.9.4.jar
Progress (1): 7.7/76 kB
Progress (1): 16/76 kB 
Progress (1): 32/76 kB
Progress (1): 33/76 kB
Progress (1): 49/76 kB
Progress (1): 66/76 kB
Progress (1): 76 kB   
                   
Downloaded from oss.sonatype.org: https://oss.sonatype.org/content/groups/public/org/apache/maven/scm/maven-scm-provider-cvs-commons/1.9.4/maven-scm-provider-cvs-commons-1.9.4.jar (76 kB at 16 kB/s)
Downloading from oss.sonatype.org: https://oss.sonatype.org/content/groups/public/org/apache/maven/scm/maven-scm-provider-hg/1.9.4/maven-scm-provider-hg-1.9.4.jar
Progress (1): 7.7/30 kB
Progress (1): 16/30 kB 
Progress (1): 30 kB   
                   
Downloaded from oss.sonatype.org: https://oss.sonatype.org/content/groups/public/org/apache/maven/scm/maven-scm-provider-cvsexe/1.9.4/maven-scm-provider-cvsexe-1.9.4.jar (30 kB at 6.4 kB/s)
Downloading from oss.sonatype.org: https://oss.sonatype.org/content/groups/public/com/google/code/maven-scm-provider-svnjava/maven-scm-provider-svnjava/2.1.1/maven-scm-provider-svnjava-2.1.1.jar
Progress (1): 7.7/71 kB
Progress (1): 16/71 kB 
Progress (1): 32/71 kB
Progress (1): 49/71 kB
Progress (1): 65/71 kB
Progress (1): 71 kB   
                   
Downloaded from oss.sonatype.org: https://oss.sonatype.org/content/groups/public/org/apache/maven/scm/maven-scm-provider-starteam/1.9.4/maven-scm-provider-starteam-1.9.4.jar (71 kB at 14 kB/s)
Downloading from oss.sonatype.org: https://oss.sonatype.org/content/groups/public/net/java/dev/jna/jna/3.5.2/jna-3.5.2.jar
Progress (1): 7.7/83 kB
Progress (1): 15/83 kB 
Progress (1): 32/83 kB
Progress (1): 48/83 kB
Progress (1): 65/83 kB
Progress (1): 81/83 kB
Progress (1): 83 kB   
                   
Downloaded from oss.sonatype.org: https://oss.sonatype.org/content/groups/public/org/apache/maven/scm/maven-scm-provider-perforce/1.9.4/maven-scm-provider-perforce-1.9.4.jar (83 kB at 16 kB/s)
Downloading from oss.sonatype.org: https://oss.sonatype.org/content/groups/public/org/tmatesoft/svnkit/svnkit/1.8.5/svnkit-1.8.5.jar
Progress (1): 7.7/68 kB
Progress (1): 7.7/68 kB
Progress (1): 24/68 kB 
Progress (1): 40/68 kB
Progress (1): 57/68 kB
Progress (1): 68 kB   
                   
Downloaded from oss.sonatype.org: https://oss.sonatype.org/content/groups/public/org/apache/maven/scm/maven-scm-provider-clearcase/1.9.4/maven-scm-provider-clearcase-1.9.4.jar (68 kB at 13 kB/s)
Downloading from oss.sonatype.org: https://oss.sonatype.org/content/groups/public/com/jcraft/jsch.agentproxy.svnkit-trilead-ssh2/0.0.7/jsch.agentproxy.svnkit-trilead-ssh2-0.0.7.jar
Progress (1): 7.7/62 kB
Progress (1): 16/62 kB 
Progress (1): 24/62 kB
Progress (1): 40/62 kB
Progress (1): 57/62 kB
Progress (1): 62 kB   
                   
Downloaded from oss.sonatype.org: https://oss.sonatype.org/content/groups/public/com/google/code/maven-scm-provider-svnjava/maven-scm-provider-svnjava/2.1.1/maven-scm-provider-svnjava-2.1.1.jar (62 kB at 12 kB/s)
Downloading from oss.sonatype.org: https://oss.sonatype.org/content/groups/public/com/jcraft/jsch.agentproxy.core/0.0.7/jsch.agentproxy.core-0.0.7.jar
Progress (1): 7.7/66 kB
Progress (1): 16/66 kB 
Progress (1): 32/66 kB
Progress (1): 49/66 kB
Progress (1): 57/66 kB
Progress (1): 66 kB   
                   
Downloaded from oss.sonatype.org: https://oss.sonatype.org/content/groups/public/org/apache/maven/scm/maven-scm-provider-hg/1.9.4/maven-scm-provider-hg-1.9.4.jar (66 kB at 12 kB/s)
Downloading from oss.sonatype.org: https://oss.sonatype.org/content/groups/public/org/tmatesoft/sqljet/sqljet/1.1.10/sqljet-1.1.10.jar
Progress (1): 0/3.8 MB
Progress (1): 0/3.8 MB
Progress (1): 0/3.8 MB
Progress (1): 0/3.8 MB
Progress (2): 0/3.8 MB | 7.7/692 kB
Progress (2): 0/3.8 MB | 16/692 kB 
Progress (2): 0.1/3.8 MB | 16/692 kB
Progress (2): 0.1/3.8 MB | 24/692 kB
Progress (2): 0.1/3.8 MB | 24/692 kB
Progress (2): 0.1/3.8 MB | 24/692 kB
Progress (2): 0.1/3.8 MB | 24/692 kB
Progress (2): 0.1/3.8 MB | 24/692 kB
Progress (2): 0.1/3.8 MB | 40/692 kB
Progress (2): 0.1/3.8 MB | 40/692 kB
Progress (2): 0.2/3.8 MB | 40/692 kB
Progress (2): 0.2/3.8 MB | 40/692 kB
Progress (2): 0.2/3.8 MB | 57/692 kB
Progress (2): 0.2/3.8 MB | 57/692 kB
Progress (2): 0.2/3.8 MB | 57/692 kB
Progress (2): 0.2/3.8 MB | 57/692 kB
Progress (2): 0.2/3.8 MB | 57/692 kB
Progress (2): 0.2/3.8 MB | 57/692 kB
Progress (2): 0.2/3.8 MB | 73/692 kB
Progress (2): 0.3/3.8 MB | 73/692 kB
Progress (2): 0.3/3.8 MB | 73/692 kB
Progress (2): 0.3/3.8 MB | 73/692 kB
Progress (2): 0.3/3.8 MB | 73/692 kB
Progress (2): 0.3/3.8 MB | 90/692 kB
Progress (2): 0.3/3.8 MB | 90/692 kB
Progress (2): 0.3/3.8 MB | 90/692 kB
Progress (2): 0.4/3.8 MB | 90/692 kB
Progress (2): 0.4/3.8 MB | 90/692 kB
Progress (2): 0.4/3.8 MB | 106/692 kB
Progress (2): 0.4/3.8 MB | 106/692 kB
Progress (2): 0.4/3.8 MB | 106/692 kB
Progress (2): 0.4/3.8 MB | 122/692 kB
Progress (2): 0.4/3.8 MB | 122/692 kB
Progress (2): 0.4/3.8 MB | 122/692 kB
Progress (2): 0.4/3.8 MB | 122/692 kB
Progress (2): 0.5/3.8 MB | 122/692 kB
Progress (2): 0.5/3.8 MB | 122/692 kB
Progress (2): 0.5/3.8 MB | 122/692 kB
Progress (2): 0.5/3.8 MB | 122/692 kB
Progress (2): 0.5/3.8 MB | 139/692 kB
Progress (2): 0.5/3.8 MB | 139/692 kB
Progress (2): 0.5/3.8 MB | 139/692 kB
Progress (2): 0.6/3.8 MB | 139/692 kB
Progress (2): 0.6/3.8 MB | 139/692 kB
Progress (2): 0.6/3.8 MB | 155/692 kB
Progress (2): 0.6/3.8 MB | 155/692 kB
Progress (2): 0.6/3.8 MB | 155/692 kB
Progress (2): 0.6/3.8 MB | 172/692 kB
Progress (2): 0.6/3.8 MB | 172/692 kB
Progress (2): 0.6/3.8 MB | 172/692 kB
Progress (2): 0.6/3.8 MB | 172/692 kB
Progress (2): 0.7/3.8 MB | 172/692 kB
Progress (2): 0.7/3.8 MB | 172/692 kB
Progress (2): 0.7/3.8 MB | 172/692 kB
Progress (2): 0.7/3.8 MB | 188/692 kB
Progress (2): 0.7/3.8 MB | 188/692 kB
Progress (2): 0.7/3.8 MB | 188/692 kB
Progress (2): 0.7/3.8 MB | 188/692 kB
Progress (2): 0.7/3.8 MB | 204/692 kB
Progress (2): 0.8/3.8 MB | 204/692 kB
Progress (2): 0.8/3.8 MB | 204/692 kB
Progress (2): 0.8/3.8 MB | 204/692 kB
Progress (2): 0.8/3.8 MB | 221/692 kB
Progress (2): 0.8/3.8 MB | 221/692 kB
Progress (2): 0.8/3.8 MB | 221/692 kB
Progress (2): 0.8/3.8 MB | 221/692 kB
Progress (2): 0.9/3.8 MB | 221/692 kB
Progress (2): 0.9/3.8 MB | 237/692 kB
Progress (2): 0.9/3.8 MB | 237/692 kB
Progress (2): 0.9/3.8 MB | 237/692 kB
Progress (2): 0.9/3.8 MB | 237/692 kB
Progress (2): 0.9/3.8 MB | 237/692 kB
Progress (2): 0.9/3.8 MB | 253/692 kB
Progress (2): 0.9/3.8 MB | 253/692 kB
Progress (2): 1.0/3.8 MB | 253/692 kB
Progress (2): 1.0/3.8 MB | 253/692 kB
Progress (2): 1.0/3.8 MB | 253/692 kB
Progress (2): 1.0/3.8 MB | 270/692 kB
Progress (2): 1.0/3.8 MB | 270/692 kB
Progress (2): 1.0/3.8 MB | 270/692 kB
Progress (2): 1.0/3.8 MB | 270/692 kB
Progress (2): 1.0/3.8 MB | 286/692 kB
Progress (2): 1.1/3.8 MB | 286/692 kB
Progress (2): 1.1/3.8 MB | 286/692 kB
Progress (2): 1.1/3.8 MB | 286/692 kB
Progress (2): 1.1/3.8 MB | 286/692 kB
Progress (2): 1.1/3.8 MB | 303/692 kB
Progress (2): 1.1/3.8 MB | 303/692 kB
Progress (2): 1.1/3.8 MB | 303/692 kB
Progress (2): 1.2/3.8 MB | 303/692 kB
Progress (2): 1.2/3.8 MB | 303/692 kB
Progress (2): 1.2/3.8 MB | 319/692 kB
Progress (2): 1.2/3.8 MB | 319/692 kB
Progress (2): 1.2/3.8 MB | 319/692 kB
Progress (2): 1.2/3.8 MB | 319/692 kB
Progress (2): 1.2/3.8 MB | 319/692 kB
Progress (2): 1.2/3.8 MB | 335/692 kB
Progress (2): 1.2/3.8 MB | 335/692 kB
Progress (2): 1.3/3.8 MB | 335/692 kB
Progress (2): 1.3/3.8 MB | 335/692 kB
Progress (2): 1.3/3.8 MB | 335/692 kB
Progress (2): 1.3/3.8 MB | 352/692 kB
Progress (2): 1.3/3.8 MB | 352/692 kB
Progress (2): 1.3/3.8 MB | 352/692 kB
Progress (2): 1.3/3.8 MB | 352/692 kB
Progress (2): 1.3/3.8 MB | 368/692 kB
Progress (2): 1.4/3.8 MB | 368/692 kB
Progress (2): 1.4/3.8 MB | 368/692 kB
Progress (2): 1.4/3.8 MB | 368/692 kB
Progress (2): 1.4/3.8 MB | 368/692 kB
Progress (2): 1.4/3.8 MB | 368/692 kB
Progress (2): 1.4/3.8 MB | 385/692 kB
Progress (2): 1.4/3.8 MB | 385/692 kB
Progress (2): 1.5/3.8 MB | 385/692 kB
Progress (2): 1.5/3.8 MB | 385/692 kB
Progress (2): 1.5/3.8 MB | 401/692 kB
Progress (2): 1.5/3.8 MB | 401/692 kB
Progress (2): 1.5/3.8 MB | 401/692 kB
Progress (2): 1.5/3.8 MB | 401/692 kB
Progress (2): 1.5/3.8 MB | 417/692 kB
Progress (2): 1.5/3.8 MB | 417/692 kB
Progress (2): 1.6/3.8 MB | 417/692 kB
Progress (2): 1.6/3.8 MB | 417/692 kB
Progress (2): 1.6/3.8 MB | 417/692 kB
Progress (2): 1.6/3.8 MB | 417/692 kB
Progress (2): 1.6/3.8 MB | 434/692 kB
Progress (2): 1.6/3.8 MB | 434/692 kB
Progress (2): 1.6/3.8 MB | 434/692 kB
Progress (2): 1.7/3.8 MB | 434/692 kB
Progress (2): 1.7/3.8 MB | 450/692 kB
Progress (2): 1.7/3.8 MB | 450/692 kB
Progress (2): 1.7/3.8 MB | 450/692 kB
Progress (2): 1.7/3.8 MB | 450/692 kB
Progress (2): 1.7/3.8 MB | 450/692 kB
Progress (2): 1.7/3.8 MB | 466/692 kB
Progress (2): 1.7/3.8 MB | 466/692 kB
Progress (2): 1.8/3.8 MB | 466/692 kB
Progress (2): 1.8/3.8 MB | 466/692 kB
Progress (2): 1.8/3.8 MB | 483/692 kB
Progress (2): 1.8/3.8 MB | 483/692 kB
Progress (2): 1.8/3.8 MB | 483/692 kB
Progress (2): 1.8/3.8 MB | 483/692 kB
Progress (2): 1.8/3.8 MB | 483/692 kB
Progress (2): 1.9/3.8 MB | 483/692 kB
Progress (2): 1.9/3.8 MB | 499/692 kB
Progress (2): 1.9/3.8 MB | 499/692 kB
Progress (2): 1.9/3.8 MB | 499/692 kB
Progress (2): 1.9/3.8 MB | 499/692 kB
Progress (2): 1.9/3.8 MB | 499/692 kB
Progress (2): 1.9/3.8 MB | 516/692 kB
Progress (2): 1.9/3.8 MB | 516/692 kB
Progress (2): 2.0/3.8 MB | 516/692 kB
Progress (2): 2.0/3.8 MB | 532/692 kB
Progress (2): 2.0/3.8 MB | 532/692 kB
Progress (2): 2.0/3.8 MB | 532/692 kB
Progress (2): 2.0/3.8 MB | 532/692 kB
Progress (2): 2.0/3.8 MB | 532/692 kB
Progress (2): 2.0/3.8 MB | 548/692 kB
Progress (2): 2.0/3.8 MB | 548/692 kB
Progress (2): 2.1/3.8 MB | 548/692 kB
Progress (2): 2.1/3.8 MB | 548/692 kB
Progress (2): 2.1/3.8 MB | 548/692 kB
Progress (2): 2.1/3.8 MB | 548/692 kB
Progress (2): 2.1/3.8 MB | 565/692 kB
Progress (2): 2.1/3.8 MB | 565/692 kB
Progress (2): 2.1/3.8 MB | 565/692 kB
Progress (2): 2.1/3.8 MB | 565/692 kB
Progress (2): 2.1/3.8 MB | 581/692 kB
Progress (2): 2.2/3.8 MB | 581/692 kB
Progress (2): 2.2/3.8 MB | 581/692 kB
Progress (2): 2.2/3.8 MB | 581/692 kB
Progress (2): 2.2/3.8 MB | 598/692 kB
Progress (2): 2.2/3.8 MB | 598/692 kB
Progress (2): 2.2/3.8 MB | 598/692 kB
Progress (2): 2.2/3.8 MB | 598/692 kB
Progress (2): 2.3/3.8 MB | 598/692 kB
Progress (2): 2.3/3.8 MB | 614/692 kB
Progress (2): 2.3/3.8 MB | 614/692 kB
Progress (2): 2.3/3.8 MB | 614/692 kB
Progress (2): 2.3/3.8 MB | 614/692 kB
Progress (2): 2.3/3.8 MB | 614/692 kB
Progress (2): 2.3/3.8 MB | 614/692 kB
Progress (2): 2.3/3.8 MB | 630/692 kB
Progress (2): 2.4/3.8 MB | 630/692 kB
Progress (2): 2.4/3.8 MB | 630/692 kB
Progress (2): 2.4/3.8 MB | 630/692 kB
Progress (2): 2.4/3.8 MB | 647/692 kB
Progress (2): 2.4/3.8 MB | 647/692 kB
Progress (2): 2.4/3.8 MB | 647/692 kB
Progress (2): 2.4/3.8 MB | 647/692 kB
Progress (2): 2.4/3.8 MB | 663/692 kB
Progress (2): 2.5/3.8 MB | 663/692 kB
Progress (2): 2.5/3.8 MB | 663/692 kB
Progress (2): 2.5/3.8 MB | 663/692 kB
Progress (2): 2.5/3.8 MB | 663/692 kB
Progress (2): 2.5/3.8 MB | 663/692 kB
Progress (2): 2.5/3.8 MB | 679/692 kB
Progress (2): 2.5/3.8 MB | 679/692 kB
Progress (2): 2.6/3.8 MB | 679/692 kB
Progress (2): 2.6/3.8 MB | 692 kB    
Progress (2): 2.6/3.8 MB | 692 kB
Progress (2): 2.6/3.8 MB | 692 kB
                                 
Downloaded from oss.sonatype.org: https://oss.sonatype.org/content/groups/public/net/java/dev/jna/jna/3.5.2/jna-3.5.2.jar (692 kB at 117 kB/s)
Downloading from oss.sonatype.org: https://oss.sonatype.org/content/groups/public/org/antlr/antlr-runtime/3.4/antlr-runtime-3.4.jar
Progress (1): 2.6/3.8 MB
Progress (1): 2.6/3.8 MB
Progress (1): 2.6/3.8 MB
Progress (1): 2.7/3.8 MB
Progress (1): 2.7/3.8 MB
Progress (1): 2.7/3.8 MB
Progress (1): 2.7/3.8 MB
Progress (1): 2.7/3.8 MB
Progress (1): 2.7/3.8 MB
Progress (1): 2.7/3.8 MB
Progress (1): 2.8/3.8 MB
Progress (1): 2.8/3.8 MB
Progress (1): 2.8/3.8 MB
Progress (1): 2.8/3.8 MB
Progress (1): 2.8/3.8 MB
Progress (1): 2.8/3.8 MB
Progress (1): 2.9/3.8 MB
Progress (1): 2.9/3.8 MB
Progress (1): 2.9/3.8 MB
Progress (1): 2.9/3.8 MB
Progress (1): 2.9/3.8 MB
Progress (1): 2.9/3.8 MB
Progress (1): 3.0/3.8 MB
Progress (1): 3.0/3.8 MB
Progress (1): 3.0/3.8 MB
Progress (1): 3.0/3.8 MB
Progress (1): 3.0/3.8 MB
Progress (2): 3.0/3.8 MB | 4.1/9.6 kB
Progress (2): 3.0/3.8 MB | 9.6 kB    
Progress (2): 3.0/3.8 MB | 9.6 kB
Progress (2): 3.0/3.8 MB | 9.6 kB
                                 
Downloaded from oss.sonatype.org: https://oss.sonatype.org/content/groups/public/com/jcraft/jsch.agentproxy.core/0.0.7/jsch.agentproxy.core-0.0.7.jar (9.6 kB at 1.6 kB/s)
Downloading from oss.sonatype.org: https://oss.sonatype.org/content/groups/public/net/java/dev/jna/platform/3.5.2/platform-3.5.2.jar
Progress (1): 3.1/3.8 MB
Progress (1): 3.1/3.8 MB
Progress (1): 3.1/3.8 MB
Progress (1): 3.1/3.8 MB
Progress (1): 3.1/3.8 MB
Progress (1): 3.1/3.8 MB
Progress (1): 3.2/3.8 MB
Progress (1): 3.2/3.8 MB
Progress (1): 3.2/3.8 MB
Progress (1): 3.2/3.8 MB
Progress (1): 3.2/3.8 MB
Progress (1): 3.2/3.8 MB
Progress (1): 3.3/3.8 MB
Progress (1): 3.3/3.8 MB
Progress (1): 3.3/3.8 MB
Progress (1): 3.3/3.8 MB
Progress (2): 3.3/3.8 MB | 3.8 kB
Progress (2): 3.3/3.8 MB | 3.8 kB
Progress (2): 3.3/3.8 MB | 3.8 kB
                                 
Downloaded from oss.sonatype.org: https://oss.sonatype.org/content/groups/public/com/jcraft/jsch.agentproxy.svnkit-trilead-ssh2/0.0.7/jsch.agentproxy.svnkit-trilead-ssh2-0.0.7.jar (3.8 kB at 643 B/s)
Downloading from oss.sonatype.org: https://oss.sonatype.org/content/groups/public/com/jcraft/jsch.agentproxy.connector-factory/0.0.7/jsch.agentproxy.connector-factory-0.0.7.jar
Progress (1): 3.3/3.8 MB
Progress (1): 3.4/3.8 MB
Progress (1): 3.4/3.8 MB
Progress (1): 3.4/3.8 MB
Progress (1): 3.4/3.8 MB
Progress (1): 3.4/3.8 MB
Progress (1): 3.4/3.8 MB
Progress (1): 3.4/3.8 MB
Progress (1): 3.5/3.8 MB
Progress (1): 3.5/3.8 MB
Progress (1): 3.5/3.8 MB
Progress (1): 3.5/3.8 MB
Progress (1): 3.5/3.8 MB
Progress (1): 3.5/3.8 MB
Progress (1): 3.6/3.8 MB
Progress (1): 3.6/3.8 MB
Progress (1): 3.6/3.8 MB
Progress (1): 3.6/3.8 MB
Progress (1): 3.6/3.8 MB
Progress (1): 3.6/3.8 MB
Progress (1): 3.7/3.8 MB
Progress (1): 3.7/3.8 MB
Progress (1): 3.7/3.8 MB
Progress (1): 3.7/3.8 MB
Progress (1): 3.7/3.8 MB
Progress (1): 3.7/3.8 MB
Progress (1): 3.7/3.8 MB
Progress (1): 3.8/3.8 MB
Progress (1): 3.8/3.8 MB
Progress (1): 3.8/3.8 MB
Progress (1): 3.8/3.8 MB
Progress (1): 3.8 MB    
                    
Downloaded from oss.sonatype.org: https://oss.sonatype.org/content/groups/public/org/tmatesoft/svnkit/svnkit/1.8.5/svnkit-1.8.5.jar (3.8 MB at 635 kB/s)
Downloading from oss.sonatype.org: https://oss.sonatype.org/content/groups/public/com/jcraft/jsch.agentproxy.usocket-jna/0.0.7/jsch.agentproxy.usocket-jna-0.0.7.jar
Progress (1): 7.7/762 kB
Progress (1): 7.7/762 kB
Progress (1): 24/762 kB 
Progress (1): 40/762 kB
Progress (1): 57/762 kB
Progress (1): 73/762 kB
Progress (1): 90/762 kB
Progress (1): 106/762 kB
Progress (1): 122/762 kB
Progress (1): 139/762 kB
Progress (1): 155/762 kB
Progress (1): 172/762 kB
Progress (1): 188/762 kB
Progress (1): 192/762 kB
Progress (1): 209/762 kB
Progress (1): 225/762 kB
Progress (1): 241/762 kB
Progress (1): 258/762 kB
Progress (1): 274/762 kB
Progress (1): 290/762 kB
Progress (1): 307/762 kB
Progress (1): 323/762 kB
Progress (1): 340/762 kB
Progress (1): 356/762 kB
Progress (1): 372/762 kB
Progress (1): 389/762 kB
Progress (1): 405/762 kB
Progress (1): 422/762 kB
Progress (1): 438/762 kB
Progress (1): 454/762 kB
Progress (1): 471/762 kB
Progress (1): 487/762 kB
Progress (1): 503/762 kB
Progress (1): 520/762 kB
Progress (1): 536/762 kB
Progress (1): 539/762 kB
Progress (1): 556/762 kB
Progress (1): 572/762 kB
Progress (1): 589/762 kB
Progress (1): 605/762 kB
Progress (1): 621/762 kB
Progress (1): 638/762 kB
Progress (1): 654/762 kB
Progress (1): 670/762 kB
Progress (1): 687/762 kB
Progress (1): 703/762 kB
Progress (1): 720/762 kB
Progress (1): 736/762 kB
Progress (1): 752/762 kB
Progress (1): 762 kB    
                    
Downloaded from oss.sonatype.org: https://oss.sonatype.org/content/groups/public/org/tmatesoft/sqljet/sqljet/1.1.10/sqljet-1.1.10.jar (762 kB at 126 kB/s)
Downloading from oss.sonatype.org: https://oss.sonatype.org/content/groups/public/com/jcraft/jsch.agentproxy.usocket-nc/0.0.7/jsch.agentproxy.usocket-nc-0.0.7.jar
Progress (1): 7.7/164 kB
Progress (1): 16/164 kB 
Progress (1): 32/164 kB
Progress (1): 49/164 kB
Progress (1): 57/164 kB
Progress (1): 73/164 kB
Progress (1): 90/164 kB
Progress (1): 106/164 kB
Progress (1): 122/164 kB
Progress (1): 139/164 kB
Progress (1): 155/164 kB
Progress (1): 164 kB    
                    
Downloaded from oss.sonatype.org: https://oss.sonatype.org/content/groups/public/org/antlr/antlr-runtime/3.4/antlr-runtime-3.4.jar (164 kB at 25 kB/s)
Downloading from oss.sonatype.org: https://oss.sonatype.org/content/groups/public/com/jcraft/jsch.agentproxy.sshagent/0.0.7/jsch.agentproxy.sshagent-0.0.7.jar
Progress (1): 6.6 kB
                    
Downloaded from oss.sonatype.org: https://oss.sonatype.org/content/groups/public/com/jcraft/jsch.agentproxy.usocket-jna/0.0.7/jsch.agentproxy.usocket-jna-0.0.7.jar (6.6 kB at 1.0 kB/s)
Downloading from oss.sonatype.org: https://oss.sonatype.org/content/groups/public/com/jcraft/jsch.agentproxy.pageant/0.0.7/jsch.agentproxy.pageant-0.0.7.jar
Progress (1): 0/1.2 MB
Progress (1): 0/1.2 MB
Progress (1): 0/1.2 MB
Progress (1): 0/1.2 MB
Progress (1): 0.1/1.2 MB
Progress (1): 0.1/1.2 MB
Progress (1): 0.1/1.2 MB
Progress (1): 0.1/1.2 MB
Progress (1): 0.1/1.2 MB
Progress (1): 0.1/1.2 MB
Progress (1): 0.2/1.2 MB
Progress (1): 0.2/1.2 MB
Progress (1): 0.2/1.2 MB
Progress (1): 0.2/1.2 MB
Progress (1): 0.2/1.2 MB
Progress (1): 0.2/1.2 MB
Progress (1): 0.2/1.2 MB
Progress (1): 0.3/1.2 MB
Progress (1): 0.3/1.2 MB
Progress (1): 0.3/1.2 MB
Progress (1): 0.3/1.2 MB
Progress (1): 0.3/1.2 MB
Progress (1): 0.3/1.2 MB
Progress (1): 0.4/1.2 MB
Progress (1): 0.4/1.2 MB
Progress (1): 0.4/1.2 MB
Progress (1): 0.4/1.2 MB
Progress (1): 0.4/1.2 MB
Progress (1): 0.4/1.2 MB
Progress (1): 0.5/1.2 MB
Progress (1): 0.5/1.2 MB
Progress (1): 0.5/1.2 MB
Progress (1): 0.5/1.2 MB
Progress (1): 0.5/1.2 MB
Progress (1): 0.5/1.2 MB
Progress (1): 0.6/1.2 MB
Progress (1): 0.6/1.2 MB
Progress (1): 0.6/1.2 MB
Progress (1): 0.6/1.2 MB
Progress (1): 0.6/1.2 MB
Progress (2): 0.6/1.2 MB | 5.7/12 kB
Progress (2): 0.6/1.2 MB | 5.7/12 kB
Progress (2): 0.6/1.2 MB | 5.7/12 kB
Progress (2): 0.7/1.2 MB | 5.7/12 kB
Progress (2): 0.7/1.2 MB | 5.7/12 kB
Progress (2): 0.7/1.2 MB | 12 kB    
Progress (2): 0.7/1.2 MB | 12 kB
Progress (2): 0.7/1.2 MB | 12 kB
                                
Downloaded from oss.sonatype.org: https://oss.sonatype.org/content/groups/public/com/jcraft/jsch.agentproxy.connector-factory/0.0.7/jsch.agentproxy.connector-factory-0.0.7.jar (12 kB at 1.8 kB/s)
Downloading from oss.sonatype.org: https://oss.sonatype.org/content/groups/public/de/regnis/q/sequence/sequence-library/1.0.2/sequence-library-1.0.2.jar
Progress (1): 0.7/1.2 MB
Progress (1): 0.7/1.2 MB
Progress (1): 0.8/1.2 MB
Progress (1): 0.8/1.2 MB
Progress (1): 0.8/1.2 MB
Progress (1): 0.8/1.2 MB
Progress (1): 0.8/1.2 MB
Progress (1): 0.8/1.2 MB
Progress (1): 0.8/1.2 MB
Progress (1): 0.9/1.2 MB
Progress (1): 0.9/1.2 MB
Progress (1): 0.9/1.2 MB
Progress (1): 0.9/1.2 MB
Progress (1): 0.9/1.2 MB
Progress (1): 0.9/1.2 MB
Progress (1): 1.0/1.2 MB
Progress (1): 1.0/1.2 MB
Progress (1): 1.0/1.2 MB
Progress (1): 1.0/1.2 MB
Progress (1): 1.0/1.2 MB
Progress (1): 1.0/1.2 MB
Progress (1): 1.0/1.2 MB
Progress (1): 1.1/1.2 MB
Progress (1): 1.1/1.2 MB
Progress (1): 1.1/1.2 MB
Progress (1): 1.1/1.2 MB
Progress (1): 1.1/1.2 MB
Progress (1): 1.1/1.2 MB
Progress (1): 1.2/1.2 MB
Progress (1): 1.2/1.2 MB
Progress (1): 1.2/1.2 MB
Progress (1): 1.2 MB    
                    
Downloaded from oss.sonatype.org: https://oss.sonatype.org/content/groups/public/net/java/dev/jna/platform/3.5.2/platform-3.5.2.jar (1.2 MB at 180 kB/s)
Downloading from oss.sonatype.org: https://oss.sonatype.org/content/groups/public/com/trilead/trilead-ssh2/1.0.0-build217/trilead-ssh2-1.0.0-build217.jar
Progress (1): 5.3 kB
                    
Downloaded from oss.sonatype.org: https://oss.sonatype.org/content/groups/public/com/jcraft/jsch.agentproxy.usocket-nc/0.0.7/jsch.agentproxy.usocket-nc-0.0.7.jar (5.3 kB at 799 B/s)
Downloading from oss.sonatype.org: https://oss.sonatype.org/content/groups/public/org/sonatype/plexus/plexus-sec-dispatcher/1.4/plexus-sec-dispatcher-1.4.jar
Progress (1): 7.7/250 kB
Progress (1): 12/250 kB 
Progress (1): 29/250 kB
Progress (1): 45/250 kB
Progress (1): 61/250 kB
Progress (1): 78/250 kB
Progress (1): 94/250 kB
Progress (1): 111/250 kB
Progress (1): 127/250 kB
Progress (1): 143/250 kB
Progress (1): 160/250 kB
Progress (1): 176/250 kB
Progress (1): 193/250 kB
Progress (1): 209/250 kB
Progress (1): 225/250 kB
Progress (2): 225/250 kB | 4.2 kB
Progress (2): 242/250 kB | 4.2 kB
Progress (2): 250 kB | 4.2 kB    
                             
Downloaded from oss.sonatype.org: https://oss.sonatype.org/content/groups/public/com/jcraft/jsch.agentproxy.sshagent/0.0.7/jsch.agentproxy.sshagent-0.0.7.jar (4.2 kB at 578 B/s)
Downloaded from oss.sonatype.org: https://oss.sonatype.org/content/groups/public/com/trilead/trilead-ssh2/1.0.0-build217/trilead-ssh2-1.0.0-build217.jar (250 kB at 35 kB/s)
Progress (1): 7.7/71 kB
Progress (1): 16/71 kB 
Progress (1): 24/71 kB
Progress (1): 40/71 kB
Progress (1): 57/71 kB
Progress (1): 71 kB   
                   
Downloaded from oss.sonatype.org: https://oss.sonatype.org/content/groups/public/de/regnis/q/sequence/sequence-library/1.0.2/sequence-library-1.0.2.jar (71 kB at 9.7 kB/s)
Progress (1): 7.7/7.8 kB
Progress (1): 7.8 kB    
                    
Downloaded from oss.sonatype.org: https://oss.sonatype.org/content/groups/public/com/jcraft/jsch.agentproxy.pageant/0.0.7/jsch.agentproxy.pageant-0.0.7.jar (7.8 kB at 1.1 kB/s)
Progress (1): 7.7/28 kB
Progress (1): 16/28 kB 
Progress (1): 28 kB   
                   
Downloaded from oss.sonatype.org: https://oss.sonatype.org/content/groups/public/org/sonatype/plexus/plexus-sec-dispatcher/1.4/plexus-sec-dispatcher-1.4.jar (28 kB at 3.8 kB/s)
[INFO] ShortRevision tag detected. The value is '7'.
[INFO] Executing: /bin/sh -c cd '/home/zhihao/hdd/marshal/benchmarks/cross-repo-pr-impact/results/single-case-pipeline-jcabi-simpledb-v1-2026-08-27/replay-work/formal-github-jcabi-aspects-336--target-jcabi-simpledb-155/source-a0' && 'git' 'rev-parse' '--verify' '--short=7' 'HEAD'
[INFO] Working directory: /home/zhihao/hdd/marshal/benchmarks/cross-repo-pr-impact/results/single-case-pipeline-jcabi-simpledb-v1-2026-08-27/replay-work/formal-github-jcabi-aspects-336--target-jcabi-simpledb-155/source-a0
[INFO] Storing buildNumber: b07543b at timestamp: 2026-08-27T05:04:34
[WARNING] Cannot get the branch information from the git repository: 
Detecting the current branch failed: fatal: ref HEAD is not a symbolic ref

[INFO] ShortRevision tag detected. The value is '7'.
[INFO] Executing: /bin/sh -c cd '/home/zhihao/hdd/marshal/benchmarks/cross-repo-pr-impact/results/single-case-pipeline-jcabi-simpledb-v1-2026-08-27/replay-work/formal-github-jcabi-aspects-336--target-jcabi-simpledb-155/source-a0' && 'git' 'rev-parse' '--verify' '--short=7' 'HEAD'
[INFO] Working directory: /home/zhihao/hdd/marshal/benchmarks/cross-repo-pr-impact/results/single-case-pipeline-jcabi-simpledb-v1-2026-08-27/replay-work/formal-github-jcabi-aspects-336--target-jcabi-simpledb-155/source-a0
[INFO] Storing buildScmBranch: UNKNOWN
[INFO] 
[INFO] --- buildnumber:1.4:create-timestamp (jcabi-build-number) @ jcabi-aspects ---
[INFO] 
[INFO] --- resources:3.2.0:resources (default-resources) @ jcabi-aspects ---
Downloading from oss.sonatype.org: https://oss.sonatype.org/content/groups/public/org/apache/maven/maven-core/3.1.0/maven-core-3.1.0.pom
Progress (1): 801 B
Progress (1): 3.9 kB
Progress (1): 6.3 kB
Progress (1): 6.9 kB
                    
Downloaded from oss.sonatype.org: https://oss.sonatype.org/content/groups/public/org/apache/maven/maven-core/3.1.0/maven-core-3.1.0.pom (6.9 kB at 10 kB/s)
Downloading from oss.sonatype.org: https://oss.sonatype.org/content/groups/public/org/apache/maven/maven-settings/3.1.0/maven-settings-3.1.0.pom
Progress (1): 832 B
Progress (1): 1.8 kB
                    
Downloaded from oss.sonatype.org: https://oss.sonatype.org/content/groups/public/org/apache/maven/maven-settings/3.1.0/maven-settings-3.1.0.pom (1.8 kB at 2.8 kB/s)
Downloading from oss.sonatype.org: https://oss.sonatype.org/content/groups/public/org/apache/maven/maven-settings-builder/3.1.0/maven-settings-builder-3.1.0.pom
Progress (1): 823 B
Progress (1): 2.3 kB
                    
Downloaded from oss.sonatype.org: https://oss.sonatype.org/content/groups/public/org/apache/maven/maven-settings-builder/3.1.0/maven-settings-builder-3.1.0.pom (2.3 kB at 3.2 kB/s)
Downloading from oss.sonatype.org: https://oss.sonatype.org/content/groups/public/org/codehaus/plexus/plexus-interpolation/1.16/plexus-interpolation-1.16.pom
Progress (1): 1.0 kB
                    
Downloaded from oss.sonatype.org: https://oss.sonatype.org/content/groups/public/org/codehaus/plexus/plexus-interpolation/1.16/plexus-interpolation-1.16.pom (1.0 kB at 1.6 kB/s)
Downloading from oss.sonatype.org: https://oss.sonatype.org/content/groups/public/org/apache/maven/maven-repository-metadata/3.1.0/maven-repository-metadata-3.1.0.pom
Progress (1): 832 B
Progress (1): 1.9 kB
                    
Downloaded from oss.sonatype.org: https://oss.sonatype.org/content/groups/public/org/apache/maven/maven-repository-metadata/3.1.0/maven-repository-metadata-3.1.0.pom (1.9 kB at 2.7 kB/s)
Downloading from oss.sonatype.org: https://oss.sonatype.org/content/groups/public/org/apache/maven/maven-model-builder/3.1.0/maven-model-builder-3.1.0.pom
Progress (1): 841 B
Progress (1): 2.5 kB
                    
Downloaded from oss.sonatype.org: https://oss.sonatype.org/content/groups/public/org/apache/maven/maven-model-builder/3.1.0/maven-model-builder-3.1.0.pom (2.5 kB at 3.7 kB/s)
Downloading from oss.sonatype.org: https://oss.sonatype.org/content/groups/public/org/apache/maven/maven-aether-provider/3.1.0/maven-aether-provider-3.1.0.pom
Progress (1): 816 B
Progress (1): 3.5 kB
Progress (1): 3.5 kB
                    
Downloaded from oss.sonatype.org: https://oss.sonatype.org/content/groups/public/org/apache/maven/maven-aether-provider/3.1.0/maven-aether-provider-3.1.0.pom (3.5 kB at 5.1 kB/s)
Downloading from oss.sonatype.org: https://oss.sonatype.org/content/groups/public/org/codehaus/plexus/plexus-classworlds/2.4.2/plexus-classworlds-2.4.2.pom
Progress (1): 950 B
Progress (1): 3.1 kB
Progress (1): 3.5 kB
                    
Downloaded from oss.sonatype.org: https://oss.sonatype.org/content/groups/public/org/codehaus/plexus/plexus-classworlds/2.4.2/plexus-classworlds-2.4.2.pom (3.5 kB at 5.1 kB/s)
Downloading from oss.sonatype.org: https://oss.sonatype.org/content/groups/public/org/codehaus/plexus/plexus/3.0.1/plexus-3.0.1.pom
Progress (1): 706 B
Progress (1): 2.6 kB
Progress (1): 6.1 kB
Progress (1): 8.8 kB
Progress (1): 13 kB 
Progress (1): 17 kB
Progress (1): 19 kB
                   
Downloaded from oss.sonatype.org: https://oss.sonatype.org/content/groups/public/org/codehaus/plexus/plexus/3.0.1/plexus-3.0.1.pom (19 kB at 28 kB/s)
Downloading from oss.sonatype.org: https://oss.sonatype.org/content/groups/public/org/apache/maven/shared/maven-filtering/3.2.0/maven-filtering-3.2.0.pom
Progress (1): 791 B
Progress (1): 2.3 kB
Progress (1): 5.3 kB
Progress (1): 6.8 kB
                    
Downloaded from oss.sonatype.org: https://oss.sonatype.org/content/groups/public/org/apache/maven/shared/maven-filtering/3.2.0/maven-filtering-3.2.0.pom (6.8 kB at 10 kB/s)
Downloading from oss.sonatype.org: https://oss.sonatype.org/content/groups/public/org/apache/maven/maven-core/3.1.0/maven-core-3.1.0.jar
Progress (1): 7.7/563 kB
Progress (1): 16/563 kB 
Progress (1): 32/563 kB
Progress (1): 49/563 kB
Progress (1): 65/563 kB
Progress (1): 81/563 kB
Progress (1): 98/563 kB
Progress (1): 114/563 kB
Progress (1): 131/563 kB
Progress (1): 147/563 kB
Progress (1): 163/563 kB
Progress (1): 180/563 kB
Progress (1): 196/563 kB
Progress (1): 212/563 kB
Progress (1): 229/563 kB
Progress (1): 245/563 kB
Progress (1): 262/563 kB
Progress (1): 278/563 kB
Progress (1): 294/563 kB
Progress (1): 311/563 kB
Progress (1): 327/563 kB
Progress (1): 328/563 kB
Progress (1): 344/563 kB
Progress (1): 360/563 kB
Progress (1): 377/563 kB
Progress (1): 393/563 kB
Progress (1): 410/563 kB
Progress (1): 426/563 kB
Progress (1): 442/563 kB
Progress (1): 459/563 kB
Progress (1): 475/563 kB
Progress (1): 492/563 kB
Progress (1): 508/563 kB
Progress (1): 524/563 kB
Progress (1): 541/563 kB
Progress (1): 557/563 kB
Progress (1): 563 kB    
                    
Downloaded from oss.sonatype.org: https://oss.sonatype.org/content/groups/public/org/apache/maven/maven-core/3.1.0/maven-core-3.1.0.jar (563 kB at 864 kB/s)
Downloading from oss.sonatype.org: https://oss.sonatype.org/content/groups/public/org/apache/maven/maven-settings/3.1.0/maven-settings-3.1.0.jar
Downloading from oss.sonatype.org: https://oss.sonatype.org/content/groups/public/org/apache/maven/maven-settings-builder/3.1.0/maven-settings-builder-3.1.0.jar
Downloading from oss.sonatype.org: https://oss.sonatype.org/content/groups/public/org/apache/maven/maven-repository-metadata/3.1.0/maven-repository-metadata-3.1.0.jar
Downloading from oss.sonatype.org: https://oss.sonatype.org/content/groups/public/org/apache/maven/maven-model-builder/3.1.0/maven-model-builder-3.1.0.jar
Downloading from oss.sonatype.org: https://oss.sonatype.org/content/groups/public/org/apache/maven/maven-aether-provider/3.1.0/maven-aether-provider-3.1.0.jar
Progress (1): 7.7/159 kB
Progress (1): 16/159 kB 
Progress (1): 32/159 kB
Progress (1): 49/159 kB
Progress (1): 65/159 kB
Progress (1): 81/159 kB
Progress (1): 98/159 kB
Progress (1): 114/159 kB
Progress (1): 122/159 kB
Progress (1): 139/159 kB
Progress (1): 155/159 kB
Progress (1): 159 kB    
                    
Downloaded from oss.sonatype.org: https://oss.sonatype.org/content/groups/public/org/apache/maven/maven-model-builder/3.1.0/maven-model-builder-3.1.0.jar (159 kB at 275 kB/s)
Downloading from oss.sonatype.org: https://oss.sonatype.org/content/groups/public/org/eclipse/aether/aether-spi/0.9.0.M2/aether-spi-0.9.0.M2.jar
Progress (1): 7.7/60 kB
Progress (1): 16/60 kB 
Progress (1): 24/60 kB
Progress (1): 40/60 kB
Progress (1): 57/60 kB
Progress (1): 60 kB   
                   
Downloaded from oss.sonatype.org: https://oss.sonatype.org/content/groups/public/org/apache/maven/maven-aether-provider/3.1.0/maven-aether-provider-3.1.0.jar (60 kB at 95 kB/s)
Downloading from oss.sonatype.org: https://oss.sonatype.org/content/groups/public/org/eclipse/aether/aether-impl/0.9.0.M2/aether-impl-0.9.0.M2.jar
Progress (1): 7.7/47 kB
Progress (1): 16/47 kB 
Progress (1): 32/47 kB
Progress (1): 47 kB   
                   
Downloaded from oss.sonatype.org: https://oss.sonatype.org/content/groups/public/org/apache/maven/maven-settings/3.1.0/maven-settings-3.1.0.jar (47 kB at 73 kB/s)
Downloading from oss.sonatype.org: https://oss.sonatype.org/content/groups/public/org/eclipse/aether/aether-api/0.9.0.M2/aether-api-0.9.0.M2.jar
Progress (1): 7.7/41 kB
Progress (1): 7.7/41 kB
Progress (1): 24/41 kB 
Progress (1): 40/41 kB
Progress (1): 41 kB   
                   
Downloaded from oss.sonatype.org: https://oss.sonatype.org/content/groups/public/org/apache/maven/maven-settings-builder/3.1.0/maven-settings-builder-3.1.0.jar (41 kB at 64 kB/s)
Downloading from oss.sonatype.org: https://oss.sonatype.org/content/groups/public/org/eclipse/aether/aether-util/0.9.0.M2/aether-util-0.9.0.M2.jar
Progress (1): 3.2/30 kB
Progress (1): 20/30 kB 
Progress (1): 30 kB   
                   
Downloaded from oss.sonatype.org: https://oss.sonatype.org/content/groups/public/org/apache/maven/maven-repository-metadata/3.1.0/maven-repository-metadata-3.1.0.jar (30 kB at 45 kB/s)
Downloading from oss.sonatype.org: https://oss.sonatype.org/content/groups/public/org/codehaus/plexus/plexus-utils/3.0.10/plexus-utils-3.0.10.jar
Progress (1): 7.7/18 kB
Progress (1): 7.7/18 kB
Progress (1): 18 kB    
                   
Downloaded from oss.sonatype.org: https://oss.sonatype.org/content/groups/public/org/eclipse/aether/aether-spi/0.9.0.M2/aether-spi-0.9.0.M2.jar (18 kB at 14 kB/s)
Downloading from oss.sonatype.org: https://oss.sonatype.org/content/groups/public/org/codehaus/plexus/plexus-classworlds/2.4.2/plexus-classworlds-2.4.2.jar
Progress (1): 7.7/231 kB
Progress (1): 16/231 kB 
Progress (1): 24/231 kB
Progress (1): 40/231 kB
Progress (1): 57/231 kB
Progress (1): 73/231 kB
Progress (1): 90/231 kB
Progress (1): 106/231 kB
Progress (1): 122/231 kB
Progress (1): 131/231 kB
Progress (1): 147/231 kB
Progress (1): 164/231 kB
Progress (1): 180/231 kB
Progress (1): 197/231 kB
Progress (1): 213/231 kB
Progress (1): 229/231 kB
Progress (1): 231 kB    
                    
Downloaded from oss.sonatype.org: https://oss.sonatype.org/content/groups/public/org/codehaus/plexus/plexus-utils/3.0.10/plexus-utils-3.0.10.jar (231 kB at 185 kB/s)
Downloading from oss.sonatype.org: https://oss.sonatype.org/content/groups/public/org/apache/maven/shared/maven-filtering/3.2.0/maven-filtering-3.2.0.jar
Progress (1): 7.7/134 kB
Progress (1): 7.7/134 kB
Progress (1): 24/134 kB 
Progress (1): 40/134 kB
Progress (1): 57/134 kB
Progress (1): 73/134 kB
Progress (1): 90/134 kB
Progress (1): 93/134 kB
Progress (2): 93/134 kB | 7.7/134 kB
Progress (2): 93/134 kB | 16/134 kB 
Progress (2): 93/134 kB | 32/134 kB
Progress (2): 93/134 kB | 49/134 kB
Progress (2): 93/134 kB | 65/134 kB
Progress (2): 93/134 kB | 81/134 kB
Progress (2): 93/134 kB | 98/134 kB
Progress (2): 93/134 kB | 114/134 kB
Progress (2): 110/134 kB | 114/134 kB
Progress (2): 110/134 kB | 131/134 kB
Progress (2): 110/134 kB | 134 kB    
                                 
Downloaded from oss.sonatype.org: https://oss.sonatype.org/content/groups/public/org/eclipse/aether/aether-util/0.9.0.M2/aether-util-0.9.0.M2.jar (134 kB at 103 kB/s)
Progress (1): 126/134 kB
Progress (1): 134 kB    
                    
Downloaded from oss.sonatype.org: https://oss.sonatype.org/content/groups/public/org/eclipse/aether/aether-api/0.9.0.M2/aether-api-0.9.0.M2.jar (134 kB at 103 kB/s)
Progress (1): 7.7/145 kB
Progress (1): 16/145 kB 
Progress (1): 32/145 kB
Progress (1): 49/145 kB
Progress (1): 65/145 kB
Progress (1): 81/145 kB
Progress (1): 98/145 kB
Progress (1): 114/145 kB
Progress (1): 131/145 kB
Progress (1): 145 kB    
                    
Downloaded from oss.sonatype.org: https://oss.sonatype.org/content/groups/public/org/eclipse/aether/aether-impl/0.9.0.M2/aether-impl-0.9.0.M2.jar (145 kB at 110 kB/s)
Progress (1): 7.7/47 kB
Progress (1): 16/47 kB 
Progress (1): 24/47 kB
Progress (1): 40/47 kB
Progress (1): 47 kB   
                   
Downloaded from oss.sonatype.org: https://oss.sonatype.org/content/groups/public/org/codehaus/plexus/plexus-classworlds/2.4.2/plexus-classworlds-2.4.2.jar (47 kB at 25 kB/s)
Progress (1): 7.7/52 kB
Progress (1): 16/52 kB 
Progress (1): 24/52 kB
Progress (1): 40/52 kB
Progress (1): 52 kB   
                   
Downloaded from oss.sonatype.org: https://oss.sonatype.org/content/groups/public/org/apache/maven/shared/maven-filtering/3.2.0/maven-filtering-3.2.0.jar (52 kB at 27 kB/s)
[INFO] Using 'UTF-8' encoding to copy filtered resources.
[INFO] Using 'UTF-8' encoding to copy filtered properties files.
[INFO] skip non existing resourceDirectory /home/zhihao/hdd/marshal/benchmarks/cross-repo-pr-impact/results/single-case-pipeline-jcabi-simpledb-v1-2026-08-27/replay-work/formal-github-jcabi-aspects-336--target-jcabi-simpledb-155/source-a0/src/main/resources
[INFO] 
[INFO] --- templating:1.0.0:filter-sources (default-cli) @ jcabi-aspects ---
Downloading from oss.sonatype.org: https://oss.sonatype.org/content/groups/public/org/apache/maven/shared/maven-filtering/1.3/maven-filtering-1.3.pom
Progress (1): 797 B
Progress (1): 2.2 kB
Progress (1): 5.6 kB
Progress (1): 6.2 kB
                    
Downloaded from oss.sonatype.org: https://oss.sonatype.org/content/groups/public/org/apache/maven/shared/maven-filtering/1.3/maven-filtering-1.3.pom (6.2 kB at 10.0 kB/s)
Downloading from oss.sonatype.org: https://oss.sonatype.org/content/groups/public/org/apache/maven/shared/maven-shared-utils/0.6/maven-shared-utils-0.6.pom
Progress (1): 1.1 kB
Progress (1): 3.7 kB
Progress (1): 4.9 kB
                    
Downloaded from oss.sonatype.org: https://oss.sonatype.org/content/groups/public/org/apache/maven/shared/maven-shared-utils/0.6/maven-shared-utils-0.6.pom (4.9 kB at 7.6 kB/s)
Downloading from oss.sonatype.org: https://oss.sonatype.org/content/groups/public/com/google/code/findbugs/jsr305/2.0.1/jsr305-2.0.1.pom
Progress (1): 965 B
                   
Downloaded from oss.sonatype.org: https://oss.sonatype.org/content/groups/public/com/google/code/findbugs/jsr305/2.0.1/jsr305-2.0.1.pom (965 B at 1.5 kB/s)
Downloading from oss.sonatype.org: https://oss.sonatype.org/content/groups/public/org/codehaus/plexus/plexus-utils/3.0.18/plexus-utils-3.0.18.pom
Progress (1): 817 B
Progress (1): 2.3 kB
Progress (1): 3.4 kB
                    
Downloaded from oss.sonatype.org: https://oss.sonatype.org/content/groups/public/org/codehaus/plexus/plexus-utils/3.0.18/plexus-utils-3.0.18.pom (3.4 kB at 5.5 kB/s)
Downloading from oss.sonatype.org: https://oss.sonatype.org/content/groups/public/org/sonatype/plexus/plexus-build-api/0.0.4/plexus-build-api-0.0.4.pom
Progress (1): 915 B
Progress (1): 2.9 kB
                    
Downloaded from oss.sonatype.org: https://oss.sonatype.org/content/groups/public/org/sonatype/plexus/plexus-build-api/0.0.4/plexus-build-api-0.0.4.pom (2.9 kB at 4.6 kB/s)
Downloading from oss.sonatype.org: https://oss.sonatype.org/content/groups/public/org/codehaus/plexus/plexus-utils/3.0.22/plexus-utils-3.0.22.jar
Progress (1): 7.7/245 kB
Progress (1): 16/245 kB 
Progress (1): 32/245 kB
Progress (1): 49/245 kB
Progress (1): 65/245 kB
Progress (1): 81/245 kB
Progress (1): 98/245 kB
Progress (1): 114/245 kB
Progress (1): 131/245 kB
Progress (1): 147/245 kB
Progress (1): 163/245 kB
Progress (1): 180/245 kB
Progress (1): 196/245 kB
Progress (1): 212/245 kB
Progress (1): 229/245 kB
Progress (1): 245 kB    
                    
Downloaded from oss.sonatype.org: https://oss.sonatype.org/content/groups/public/org/codehaus/plexus/plexus-utils/3.0.22/plexus-utils-3.0.22.jar (245 kB at 365 kB/s)
Downloading from oss.sonatype.org: https://oss.sonatype.org/content/groups/public/org/apache/maven/shared/maven-filtering/1.3/maven-filtering-1.3.jar
Downloading from oss.sonatype.org: https://oss.sonatype.org/content/groups/public/org/apache/maven/shared/maven-shared-utils/0.6/maven-shared-utils-0.6.jar
Downloading from oss.sonatype.org: https://oss.sonatype.org/content/groups/public/com/google/code/findbugs/jsr305/2.0.1/jsr305-2.0.1.jar
Progress (1): 8.2/51 kB
Progress (1): 25/51 kB 
Progress (1): 41/51 kB
Progress (1): 51 kB   
                   
Downloaded from oss.sonatype.org: https://oss.sonatype.org/content/groups/public/org/apache/maven/shared/maven-filtering/1.3/maven-filtering-1.3.jar (51 kB at 83 kB/s)
Progress (1): 7.7/165 kB
Progress (1): 16/165 kB 
Progress (1): 24/165 kB
Progress (1): 40/165 kB
Progress (1): 57/165 kB
Progress (1): 73/165 kB
Progress (1): 90/165 kB
Progress (1): 106/165 kB
Progress (1): 122/165 kB
Progress (1): 139/165 kB
Progress (1): 155/165 kB
Progress (2): 155/165 kB | 7.7/32 kB
Progress (2): 155/165 kB | 16/32 kB 
Progress (2): 155/165 kB | 32 kB   
Progress (2): 165 kB | 32 kB    
                            
Downloaded from oss.sonatype.org: https://oss.sonatype.org/content/groups/public/com/google/code/findbugs/jsr305/2.0.1/jsr305-2.0.1.jar (32 kB at 48 kB/s)
Downloaded from oss.sonatype.org: https://oss.sonatype.org/content/groups/public/org/apache/maven/shared/maven-shared-utils/0.6/maven-shared-utils-0.6.jar (165 kB at 248 kB/s)
[INFO] Coping files with filtering to temporary directory.
[INFO] Using 'UTF-8' encoding to copy filtered resources.
[INFO] Copying 2 resources
[INFO] Copied 2 files to output directory: /home/zhihao/hdd/marshal/benchmarks/cross-repo-pr-impact/results/single-case-pipeline-jcabi-simpledb-v1-2026-08-27/replay-work/formal-github-jcabi-aspects-336--target-jcabi-simpledb-155/source-a0/target/generated-sources/java-templates
[INFO] Source directory: /home/zhihao/hdd/marshal/benchmarks/cross-repo-pr-impact/results/single-case-pipeline-jcabi-simpledb-v1-2026-08-27/replay-work/formal-github-jcabi-aspects-336--target-jcabi-simpledb-155/source-a0/target/generated-sources/java-templates added.
[INFO] 
[INFO] --- compiler:3.9.0:compile (default-compile) @ jcabi-aspects ---
Downloading from oss.sonatype.org: https://oss.sonatype.org/content/groups/public/org/codehaus/plexus/plexus-java/1.1.0/plexus-java-1.1.0.pom
Progress (1): 1.4 kB
Progress (1): 4.2 kB
Progress (1): 5.1 kB
                    
Downloaded from oss.sonatype.org: https://oss.sonatype.org/content/groups/public/org/codehaus/plexus/plexus-java/1.1.0/plexus-java-1.1.0.pom (5.1 kB at 8.3 kB/s)
Downloading from oss.sonatype.org: https://oss.sonatype.org/content/groups/public/org/codehaus/plexus/plexus-languages/1.1.0/plexus-languages-1.1.0.pom
Progress (1): 1.3 kB
Progress (1): 3.9 kB
Progress (1): 4.8 kB
                    
Downloaded from oss.sonatype.org: https://oss.sonatype.org/content/groups/public/org/codehaus/plexus/plexus-languages/1.1.0/plexus-languages-1.1.0.pom (4.8 kB at 7.7 kB/s)
Downloading from oss.sonatype.org: https://oss.sonatype.org/content/groups/public/org/ow2/asm/asm/9.2/asm-9.2.pom
Progress (1): 1.3 kB
Progress (1): 2.4 kB
                    
Downloaded from oss.sonatype.org: https://oss.sonatype.org/content/groups/public/org/ow2/asm/asm/9.2/asm-9.2.pom (2.4 kB at 3.8 kB/s)
Downloading from oss.sonatype.org: https://oss.sonatype.org/content/groups/public/org/ow2/ow2/1.5/ow2-1.5.pom
Progress (1): 708 B
Progress (1): 2.1 kB
Progress (1): 3.6 kB
Progress (1): 6.0 kB
Progress (1): 8.2 kB
Progress (1): 11 kB 
                   
Downloaded from oss.sonatype.org: https://oss.sonatype.org/content/groups/public/org/ow2/ow2/1.5/ow2-1.5.pom (11 kB at 18 kB/s)
Downloading from oss.sonatype.org: https://oss.sonatype.org/content/groups/public/com/thoughtworks/qdox/qdox/2.0.1/qdox-2.0.1.pom
Progress (1): 872 B
Progress (1): 3.4 kB
Progress (1): 6.7 kB
Progress (1): 11 kB 
Progress (1): 14 kB
Progress (1): 16 kB
                   
Downloaded from oss.sonatype.org: https://oss.sonatype.org/content/groups/public/com/thoughtworks/qdox/qdox/2.0.1/qdox-2.0.1.pom (16 kB at 25 kB/s)
Downloading from oss.sonatype.org: https://oss.sonatype.org/content/groups/public/org/codehaus/plexus/plexus-compiler-api/2.9.0/plexus-compiler-api-2.9.0.pom
Progress (1): 891 B
                   
Downloaded from oss.sonatype.org: https://oss.sonatype.org/content/groups/public/org/codehaus/plexus/plexus-compiler-api/2.9.0/plexus-compiler-api-2.9.0.pom (891 B at 1.4 kB/s)
Downloading from oss.sonatype.org: https://oss.sonatype.org/content/groups/public/org/codehaus/plexus/plexus-compiler/2.9.0/plexus-compiler-2.9.0.pom
Progress (1): 1.2 kB
Progress (1): 4.1 kB
Progress (1): 5.7 kB
Progress (1): 7.7 kB
                    
Downloaded from oss.sonatype.org: https://oss.sonatype.org/content/groups/public/org/codehaus/plexus/plexus-compiler/2.9.0/plexus-compiler-2.9.0.pom (7.7 kB at 8.9 kB/s)
Downloading from oss.sonatype.org: https://oss.sonatype.org/content/groups/public/org/codehaus/plexus/plexus-components/6.5/plexus-components-6.5.pom
Progress (1): 1.3 kB
Progress (1): 2.7 kB
                    
Downloaded from oss.sonatype.org: https://oss.sonatype.org/content/groups/public/org/codehaus/plexus/plexus-components/6.5/plexus-components-6.5.pom (2.7 kB at 3.6 kB/s)
Downloading from oss.sonatype.org: https://oss.sonatype.org/content/groups/public/org/codehaus/plexus/plexus/6.5/plexus-6.5.pom
Progress (1): 696 B
Progress (1): 2.7 kB
Progress (1): 6.4 kB
Progress (1): 9.2 kB
Progress (1): 11 kB 
Progress (1): 16 kB
Progress (1): 20 kB
Progress (1): 24 kB
Progress (1): 26 kB
                   
Downloaded from oss.sonatype.org: https://oss.sonatype.org/content/groups/public/org/codehaus/plexus/plexus/6.5/plexus-6.5.pom (26 kB at 39 kB/s)
Downloading from oss.sonatype.org: https://oss.sonatype.org/content/groups/public/org/codehaus/plexus/plexus-compiler-manager/2.9.0/plexus-compiler-manager-2.9.0.pom
Progress (1): 832 B
                   
Downloaded from oss.sonatype.org: https://oss.sonatype.org/content/groups/public/org/codehaus/plexus/plexus-compiler-manager/2.9.0/plexus-compiler-manager-2.9.0.pom (832 B at 1.3 kB/s)
Downloading from oss.sonatype.org: https://oss.sonatype.org/content/groups/public/org/codehaus/plexus/plexus-compiler-javac/2.9.0/plexus-compiler-javac-2.9.0.pom
Progress (1): 1.1 kB
                    
Downloaded from oss.sonatype.org: https://oss.sonatype.org/content/groups/public/org/codehaus/plexus/plexus-compiler-javac/2.9.0/plexus-compiler-javac-2.9.0.pom (1.1 kB at 1.7 kB/s)
Downloading from oss.sonatype.org: https://oss.sonatype.org/content/groups/public/org/codehaus/plexus/plexus-compilers/2.9.0/plexus-compilers-2.9.0.pom
Progress (1): 1.4 kB
                    
Downloaded from oss.sonatype.org: https://oss.sonatype.org/content/groups/public/org/codehaus/plexus/plexus-compilers/2.9.0/plexus-compilers-2.9.0.pom (1.4 kB at 2.1 kB/s)
Downloading from oss.sonatype.org: https://oss.sonatype.org/content/groups/public/org/codehaus/plexus/plexus-java/1.1.0/plexus-java-1.1.0.jar
Progress (1): 7.7/53 kB
Progress (1): 16/53 kB 
Progress (1): 32/53 kB
Progress (1): 49/53 kB
Progress (1): 53 kB   
                   
Downloaded from oss.sonatype.org: https://oss.sonatype.org/content/groups/public/org/codehaus/plexus/plexus-java/1.1.0/plexus-java-1.1.0.jar (53 kB at 83 kB/s)
Downloading from oss.sonatype.org: https://oss.sonatype.org/content/groups/public/org/ow2/asm/asm/9.2/asm-9.2.jar
Downloading from oss.sonatype.org: https://oss.sonatype.org/content/groups/public/com/thoughtworks/qdox/qdox/2.0.1/qdox-2.0.1.jar
Downloading from oss.sonatype.org: https://oss.sonatype.org/content/groups/public/org/codehaus/plexus/plexus-compiler-api/2.9.0/plexus-compiler-api-2.9.0.jar
Downloading from oss.sonatype.org: https://oss.sonatype.org/content/groups/public/org/codehaus/plexus/plexus-compiler-manager/2.9.0/plexus-compiler-manager-2.9.0.jar
Downloading from oss.sonatype.org: https://oss.sonatype.org/content/groups/public/org/codehaus/plexus/plexus-compiler-javac/2.9.0/plexus-compiler-javac-2.9.0.jar
Progress (1): 7.7/122 kB
Progress (1): 16/122 kB 
Progress (1): 32/122 kB
Progress (1): 49/122 kB
Progress (1): 65/122 kB
Progress (1): 81/122 kB
Progress (1): 98/122 kB
Progress (1): 114/122 kB
Progress (1): 122 kB    
                    
Downloaded from oss.sonatype.org: https://oss.sonatype.org/content/groups/public/org/ow2/asm/asm/9.2/asm-9.2.jar (122 kB at 191 kB/s)
Progress (1): 7.7/22 kB
Progress (1): 16/22 kB 
Progress (1): 22 kB   
                   
Downloaded from oss.sonatype.org: https://oss.sonatype.org/content/groups/public/org/codehaus/plexus/plexus-compiler-javac/2.9.0/plexus-compiler-javac-2.9.0.jar (22 kB at 34 kB/s)
Progress (1): 7.7/27 kB
Progress (1): 16/27 kB 
Progress (1): 24/27 kB
Progress (1): 27 kB   
                   
Downloaded from oss.sonatype.org: https://oss.sonatype.org/content/groups/public/org/codehaus/plexus/plexus-compiler-api/2.9.0/plexus-compiler-api-2.9.0.jar (27 kB at 40 kB/s)
Progress (1): 7.7/334 kB
Progress (1): 16/334 kB 
Progress (1): 24/334 kB
Progress (1): 40/334 kB
Progress (1): 57/334 kB
Progress (1): 73/334 kB
Progress (1): 90/334 kB
Progress (1): 106/334 kB
Progress (1): 122/334 kB
Progress (1): 139/334 kB
Progress (1): 155/334 kB
Progress (1): 172/334 kB
Progress (1): 188/334 kB
Progress (1): 204/334 kB
Progress (1): 221/334 kB
Progress (1): 237/334 kB
Progress (1): 253/334 kB
Progress (1): 270/334 kB
Progress (1): 286/334 kB
Progress (1): 302/334 kB
Progress (1): 319/334 kB
Progress (1): 334 kB    
                    
Downloaded from oss.sonatype.org: https://oss.sonatype.org/content/groups/public/com/thoughtworks/qdox/qdox/2.0.1/qdox-2.0.1.jar (334 kB at 487 kB/s)
Progress (1): 4.6 kB
                    
Downloaded from oss.sonatype.org: https://oss.sonatype.org/content/groups/public/org/codehaus/plexus/plexus-compiler-manager/2.9.0/plexus-compiler-manager-2.9.0.jar (4.6 kB at 6.4 kB/s)
[WARNING]  Parameter 'optimize' (user property 'maven.compiler.optimize') is deprecated: This property is a no-op in {@code javac}.
[INFO] Changes detected - recompiling the module!
[INFO] Compiling 35 source files to /home/zhihao/hdd/marshal/benchmarks/cross-repo-pr-impact/results/single-case-pipeline-jcabi-simpledb-v1-2026-08-27/replay-work/formal-github-jcabi-aspects-336--target-jcabi-simpledb-155/source-a0/target/classes
[INFO] 
[INFO] --- aspectj:1.14.0:compile (jcabi-weave-classes) @ jcabi-aspects ---
Downloading from oss.sonatype.org: https://oss.sonatype.org/content/groups/public/org/apache/maven/doxia/doxia-sink-api/1.10/doxia-sink-api-1.10.pom
Progress (1): 839 B
Progress (1): 1.6 kB
                    
Downloaded from oss.sonatype.org: https://oss.sonatype.org/content/groups/public/org/apache/maven/doxia/doxia-sink-api/1.10/doxia-sink-api-1.10.pom (1.6 kB at 2.4 kB/s)
Downloading from oss.sonatype.org: https://oss.sonatype.org/content/groups/public/org/apache/maven/doxia/doxia/1.10/doxia-1.10.pom
Progress (1): 760 B
Progress (1): 2.2 kB
Progress (1): 3.7 kB
Progress (1): 9.1 kB
Progress (1): 12 kB 
Progress (1): 16 kB
Progress (1): 18 kB
                   
Downloaded from oss.sonatype.org: https://oss.sonatype.org/content/groups/public/org/apache/maven/doxia/doxia/1.10/doxia-1.10.pom (18 kB at 28 kB/s)
Downloading from oss.sonatype.org: https://oss.sonatype.org/content/groups/public/org/apache/maven/doxia/doxia-logging-api/1.10/doxia-logging-api-1.10.pom
Progress (1): 834 B
Progress (1): 1.6 kB
                    
Downloaded from oss.sonatype.org: https://oss.sonatype.org/content/groups/public/org/apache/maven/doxia/doxia-logging-api/1.10/doxia-logging-api-1.10.pom (1.6 kB at 2.4 kB/s)
Downloading from oss.sonatype.org: https://oss.sonatype.org/content/groups/public/org/codehaus/plexus/plexus-container-default/2.1.0/plexus-container-default-2.1.0.pom
Progress (1): 1.6 kB
Progress (1): 3.0 kB
                    
Downloaded from oss.sonatype.org: https://oss.sonatype.org/content/groups/public/org/codehaus/plexus/plexus-container-default/2.1.0/plexus-container-default-2.1.0.pom (3.0 kB at 4.3 kB/s)
Downloading from oss.sonatype.org: https://oss.sonatype.org/content/groups/public/org/codehaus/plexus/plexus-utils/3.1.1/plexus-utils-3.1.1.pom
Progress (1): 744 B
Progress (1): 2.5 kB
Progress (1): 4.8 kB
Progress (1): 5.1 kB
                    
Downloaded from oss.sonatype.org: https://oss.sonatype.org/content/groups/public/org/codehaus/plexus/plexus-utils/3.1.1/plexus-utils-3.1.1.pom (5.1 kB at 7.8 kB/s)
Downloading from oss.sonatype.org: https://oss.sonatype.org/content/groups/public/org/apache/xbean/xbean-reflect/3.7/xbean-reflect-3.7.pom
Progress (1): 811 B
Progress (1): 2.9 kB
Progress (1): 5.1 kB
                    
Downloaded from oss.sonatype.org: https://oss.sonatype.org/content/groups/public/org/apache/xbean/xbean-reflect/3.7/xbean-reflect-3.7.pom (5.1 kB at 7.4 kB/s)
Downloading from oss.sonatype.org: https://oss.sonatype.org/content/groups/public/org/apache/xbean/xbean/3.7/xbean-3.7.pom
Progress (1): 917 B
Progress (1): 2.3 kB
Progress (1): 5.6 kB
Progress (1): 11 kB 
Progress (1): 14 kB
Progress (1): 15 kB
                   
Downloaded from oss.sonatype.org: https://oss.sonatype.org/content/groups/public/org/apache/xbean/xbean/3.7/xbean-3.7.pom (15 kB at 24 kB/s)
Downloading from oss.sonatype.org: https://oss.sonatype.org/content/groups/public/org/apache/geronimo/genesis/genesis-java5-flava/2.0/genesis-java5-flava-2.0.pom
Progress (1): 838 B
Progress (1): 3.2 kB
Progress (1): 3.2 kB
Progress (1): 5.5 kB
                    
Downloaded from oss.sonatype.org: https://oss.sonatype.org/content/groups/public/org/apache/geronimo/genesis/genesis-java5-flava/2.0/genesis-java5-flava-2.0.pom (5.5 kB at 8.6 kB/s)
Downloading from oss.sonatype.org: https://oss.sonatype.org/content/groups/public/org/apache/geronimo/genesis/genesis-default-flava/2.0/genesis-default-flava-2.0.pom
Progress (1): 815 B
Progress (1): 2.1 kB
Progress (1): 6.5 kB
Progress (1): 8.2 kB
Progress (1): 12 kB 
Progress (1): 17 kB
Progress (1): 18 kB
                   
Downloaded from oss.sonatype.org: https://oss.sonatype.org/content/groups/public/org/apache/geronimo/genesis/genesis-default-flava/2.0/genesis-default-flava-2.0.pom (18 kB at 28 kB/s)
Downloading from oss.sonatype.org: https://oss.sonatype.org/content/groups/public/org/apache/geronimo/genesis/genesis/2.0/genesis-2.0.pom
Progress (1): 811 B
Progress (1): 2.2 kB
Progress (1): 4.6 kB
Progress (1): 7.8 kB
Progress (1): 15 kB 
Progress (1): 18 kB
                   
Downloaded from oss.sonatype.org: https://oss.sonatype.org/content/groups/public/org/apache/geronimo/genesis/genesis/2.0/genesis-2.0.pom (18 kB at 28 kB/s)
Downloading from oss.sonatype.org: https://oss.sonatype.org/content/groups/public/com/google/collections/google-collections/1.0/google-collections-1.0.pom
Progress (1): 1.2 kB
Progress (1): 2.5 kB
                    
Downloaded from oss.sonatype.org: https://oss.sonatype.org/content/groups/public/com/google/collections/google-collections/1.0/google-collections-1.0.pom (2.5 kB at 3.8 kB/s)
Downloading from oss.sonatype.org: https://oss.sonatype.org/content/groups/public/com/google/google/1/google-1.pom
Progress (1): 1.3 kB
Progress (1): 1.6 kB
                    
Downloaded from oss.sonatype.org: https://oss.sonatype.org/content/groups/public/com/google/google/1/google-1.pom (1.6 kB at 2.2 kB/s)
Downloading from oss.sonatype.org: https://oss.sonatype.org/content/groups/public/org/apache/maven/doxia/doxia-site-renderer/1.10/doxia-site-renderer-1.10.pom
Progress (1): 781 B
Progress (1): 3.3 kB
Progress (1): 7.3 kB
Progress (1): 7.7 kB
                    
Downloaded from oss.sonatype.org: https://oss.sonatype.org/content/groups/public/org/apache/maven/doxia/doxia-site-renderer/1.10/doxia-site-renderer-1.10.pom (7.7 kB at 12 kB/s)
Downloading from oss.sonatype.org: https://oss.sonatype.org/content/groups/public/org/apache/maven/doxia/doxia-sitetools/1.10/doxia-sitetools-1.10.pom
Progress (1): 755 B
Progress (1): 2.2 kB
Progress (1): 6.2 kB
Progress (1): 9.5 kB
Progress (1): 14 kB 
Progress (1): 14 kB
                   
Downloaded from oss.sonatype.org: https://oss.sonatype.org/content/groups/public/org/apache/maven/doxia/doxia-sitetools/1.10/doxia-sitetools-1.10.pom (14 kB at 21 kB/s)
Downloading from oss.sonatype.org: https://oss.sonatype.org/content/groups/public/org/apache/maven/doxia/doxia-core/1.10/doxia-core-1.10.pom
Progress (1): 788 B
Progress (1): 3.2 kB
Progress (1): 4.5 kB
                    
Downloaded from oss.sonatype.org: https://oss.sonatype.org/content/groups/public/org/apache/maven/doxia/doxia-core/1.10/doxia-core-1.10.pom (4.5 kB at 6.9 kB/s)
Downloading from oss.sonatype.org: https://oss.sonatype.org/content/groups/public/org/apache/commons/commons-text/1.3/commons-text-1.3.pom
Progress (1): 759 B
Progress (1): 2.2 kB
Progress (1): 4.3 kB
Progress (1): 7.4 kB
Progress (1): 11 kB 
Progress (1): 13 kB
Progress (1): 14 kB
                   
Downloaded from oss.sonatype.org: https://oss.sonatype.org/content/groups/public/org/apache/commons/commons-text/1.3/commons-text-1.3.pom (14 kB at 22 kB/s)
Downloading from oss.sonatype.org: https://oss.sonatype.org/content/groups/public/org/apache/commons/commons-parent/45/commons-parent-45.pom
Progress (1): 704 B
Progress (1): 1.9 kB
Progress (1): 3.2 kB
Progress (1): 4.7 kB
Progress (1): 6.5 kB
Progress (1): 7.9 kB
Progress (1): 9.4 kB
Progress (1): 13 kB 
Progress (1): 16 kB
Progress (1): 20 kB
Progress (1): 23 kB
Progress (1): 26 kB
Progress (1): 29 kB
Progress (1): 31 kB
Progress (1): 33 kB
Progress (1): 34 kB
Progress (1): 37 kB
Progress (1): 41 kB
Progress (1): 43 kB
Progress (1): 46 kB
Progress (1): 51 kB
Progress (1): 57 kB
Progress (1): 60 kB
Progress (1): 63 kB
Progress (1): 65 kB
Progress (1): 67 kB
Progress (1): 70 kB
Progress (1): 71 kB
Progress (1): 73 kB
                   
Downloaded from oss.sonatype.org: https://oss.sonatype.org/content/groups/public/org/apache/commons/commons-parent/45/commons-parent-45.pom (73 kB at 113 kB/s)
Downloading from oss.sonatype.org: https://oss.sonatype.org/content/groups/public/org/apache/commons/commons-lang3/3.7/commons-lang3-3.7.pom
Progress (1): 742 B
Progress (1): 2.1 kB
Progress (1): 5.4 kB
Progress (1): 9.1 kB
Progress (1): 13 kB 
Progress (1): 15 kB
Progress (1): 17 kB
Progress (1): 19 kB
Progress (1): 22 kB
Progress (1): 25 kB
Progress (1): 28 kB
                   
Downloaded from oss.sonatype.org: https://oss.sonatype.org/content/groups/public/org/apache/commons/commons-lang3/3.7/commons-lang3-3.7.pom (28 kB at 43 kB/s)
Downloading from oss.sonatype.org: https://oss.sonatype.org/content/groups/public/org/apache/maven/doxia/doxia-decoration-model/1.10/doxia-decoration-model-1.10.pom
Progress (1): 799 B
Progress (1): 2.4 kB
Progress (1): 3.4 kB
                    
Downloaded from oss.sonatype.org: https://oss.sonatype.org/content/groups/public/org/apache/maven/doxia/doxia-decoration-model/1.10/doxia-decoration-model-1.10.pom (3.4 kB at 5.4 kB/s)
Downloading from oss.sonatype.org: https://oss.sonatype.org/content/groups/public/org/apache/maven/doxia/doxia-skin-model/1.10/doxia-skin-model-1.10.pom
Progress (1): 799 B
Progress (1): 2.3 kB
Progress (1): 3.0 kB
                    
Downloaded from oss.sonatype.org: https://oss.sonatype.org/content/groups/public/org/apache/maven/doxia/doxia-skin-model/1.10/doxia-skin-model-1.10.pom (3.0 kB at 4.7 kB/s)
Downloading from oss.sonatype.org: https://oss.sonatype.org/content/groups/public/org/apache/maven/doxia/doxia-module-xhtml/1.10/doxia-module-xhtml-1.10.pom
Progress (1): 821 B
Progress (1): 2.0 kB
                    
Downloaded from oss.sonatype.org: https://oss.sonatype.org/content/groups/public/org/apache/maven/doxia/doxia-module-xhtml/1.10/doxia-module-xhtml-1.10.pom (2.0 kB at 3.1 kB/s)
Downloading from oss.sonatype.org: https://oss.sonatype.org/content/groups/public/org/apache/maven/doxia/doxia-modules/1.10/doxia-modules-1.10.pom
Progress (1): 819 B
Progress (1): 2.7 kB
                    
Downloaded from oss.sonatype.org: https://oss.sonatype.org/content/groups/public/org/apache/maven/doxia/doxia-modules/1.10/doxia-modules-1.10.pom (2.7 kB at 4.4 kB/s)
Downloading from oss.sonatype.org: https://oss.sonatype.org/content/groups/public/org/apache/maven/doxia/doxia-module-xhtml5/1.10/doxia-module-xhtml5-1.10.pom
Progress (1): 821 B
Progress (1): 2.0 kB
                    
Downloaded from oss.sonatype.org: https://oss.sonatype.org/content/groups/public/org/apache/maven/doxia/doxia-module-xhtml5/1.10/doxia-module-xhtml5-1.10.pom (2.0 kB at 3.0 kB/s)
Downloading from oss.sonatype.org: https://oss.sonatype.org/content/groups/public/junit/junit/4.13.2/junit-4.13.2.pom
Progress (1): 1.0 kB
Progress (1): 3.3 kB
Progress (1): 5.1 kB
Progress (1): 7.2 kB
Progress (1): 9.8 kB
Progress (1): 13 kB 
Progress (1): 16 kB
Progress (1): 21 kB
Progress (1): 26 kB
Progress (1): 27 kB
                   
Downloaded from oss.sonatype.org: https://oss.sonatype.org/content/groups/public/junit/junit/4.13.2/junit-4.13.2.pom (27 kB at 42 kB/s)
Downloading from oss.sonatype.org: https://oss.sonatype.org/content/groups/public/org/apache/maven/reporting/maven-reporting-impl/3.0.0/maven-reporting-impl-3.0.0.pom
Progress (1): 776 B
Progress (1): 2.3 kB
Progress (1): 5.3 kB
Progress (1): 7.6 kB
                    
Downloaded from oss.sonatype.org: https://oss.sonatype.org/content/groups/public/org/apache/maven/reporting/maven-reporting-impl/3.0.0/maven-reporting-impl-3.0.0.pom (7.6 kB at 12 kB/s)
Downloading from oss.sonatype.org: https://oss.sonatype.org/content/groups/public/org/apache/maven/shared/maven-shared-utils/3.2.0/maven-shared-utils-3.2.0.pom
Progress (1): 802 B
Progress (1): 2.3 kB
Progress (1): 4.6 kB
Progress (1): 4.9 kB
                    
Downloaded from oss.sonatype.org: https://oss.sonatype.org/content/groups/public/org/apache/maven/shared/maven-shared-utils/3.2.0/maven-shared-utils-3.2.0.pom (4.9 kB at 7.4 kB/s)
Downloading from oss.sonatype.org: https://oss.sonatype.org/content/groups/public/org/apache/maven/doxia/doxia-sink-api/1.7/doxia-sink-api-1.7.pom
Progress (1): 833 B
Progress (1): 1.5 kB
                    
Downloaded from oss.sonatype.org: https://oss.sonatype.org/content/groups/public/org/apache/maven/doxia/doxia-sink-api/1.7/doxia-sink-api-1.7.pom (1.5 kB at 2.3 kB/s)
Downloading from oss.sonatype.org: https://oss.sonatype.org/content/groups/public/org/apache/maven/doxia/doxia/1.7/doxia-1.7.pom
Progress (1): 759 B
Progress (1): 2.2 kB
Progress (1): 5.4 kB
Progress (1): 9.2 kB
Progress (1): 12 kB 
Progress (1): 15 kB
                   
Downloaded from oss.sonatype.org: https://oss.sonatype.org/content/groups/public/org/apache/maven/doxia/doxia/1.7/doxia-1.7.pom (15 kB at 24 kB/s)
Downloading from oss.sonatype.org: https://oss.sonatype.org/content/groups/public/org/apache/maven/doxia/doxia-logging-api/1.7/doxia-logging-api-1.7.pom
Progress (1): 845 B
Progress (1): 1.5 kB
                    
Downloaded from oss.sonatype.org: https://oss.sonatype.org/content/groups/public/org/apache/maven/doxia/doxia-logging-api/1.7/doxia-logging-api-1.7.pom (1.5 kB at 2.4 kB/s)
Downloading from oss.sonatype.org: https://oss.sonatype.org/content/groups/public/org/apache/maven/doxia/doxia-decoration-model/1.7.4/doxia-decoration-model-1.7.4.pom
Progress (1): 798 B
Progress (1): 2.4 kB
Progress (1): 3.4 kB
                    
Downloaded from oss.sonatype.org: https://oss.sonatype.org/content/groups/public/org/apache/maven/doxia/doxia-decoration-model/1.7.4/doxia-decoration-model-1.7.4.pom (3.4 kB at 5.4 kB/s)
Downloading from oss.sonatype.org: https://oss.sonatype.org/content/groups/public/org/apache/maven/doxia/doxia-sitetools/1.7.4/doxia-sitetools-1.7.4.pom
Progress (1): 756 B
Progress (1): 2.3 kB
Progress (1): 6.4 kB
Progress (1): 9.4 kB
Progress (1): 12 kB 
Progress (1): 14 kB
                   
Downloaded from oss.sonatype.org: https://oss.sonatype.org/content/groups/public/org/apache/maven/doxia/doxia-sitetools/1.7.4/doxia-sitetools-1.7.4.pom (14 kB at 23 kB/s)
Downloading from oss.sonatype.org: https://oss.sonatype.org/content/groups/public/org/apache/maven/doxia/doxia-core/1.7/doxia-core-1.7.pom
Progress (1): 802 B
Progress (1): 3.0 kB
Progress (1): 4.1 kB
                    
Downloaded from oss.sonatype.org: https://oss.sonatype.org/content/groups/public/org/apache/maven/doxia/doxia-core/1.7/doxia-core-1.7.pom (4.1 kB at 6.5 kB/s)
Downloading from oss.sonatype.org: https://oss.sonatype.org/content/groups/public/org/apache/httpcomponents/httpclient/4.0.2/httpclient-4.0.2.pom
Progress (1): 863 B
Progress (1): 2.7 kB
Progress (1): 6.0 kB
Progress (1): 7.5 kB
                    
Downloaded from oss.sonatype.org: https://oss.sonatype.org/content/groups/public/org/apache/httpcomponents/httpclient/4.0.2/httpclient-4.0.2.pom (7.5 kB at 11 kB/s)
Downloading from oss.sonatype.org: https://oss.sonatype.org/content/groups/public/org/apache/httpcomponents/httpcomponents-client/4.0.2/httpcomponents-client-4.0.2.pom
Progress (1): 859 B
Progress (1): 2.4 kB
Progress (1): 4.7 kB
Progress (1): 7.5 kB
Progress (1): 9.0 kB
                    
Downloaded from oss.sonatype.org: https://oss.sonatype.org/content/groups/public/org/apache/httpcomponents/httpcomponents-client/4.0.2/httpcomponents-client-4.0.2.pom (9.0 kB at 14 kB/s)
Downloading from oss.sonatype.org: https://oss.sonatype.org/content/groups/public/org/apache/httpcomponents/project/4.1/project-4.1.pom
Progress (1): 822 B
Progress (1): 2.1 kB
Progress (1): 5.4 kB
Progress (1): 8.2 kB
Progress (1): 12 kB 
Progress (1): 15 kB
Progress (1): 16 kB
                   
Downloaded from oss.sonatype.org: https://oss.sonatype.org/content/groups/public/org/apache/httpcomponents/project/4.1/project-4.1.pom (16 kB at 26 kB/s)
Downloading from oss.sonatype.org: https://oss.sonatype.org/content/groups/public/org/apache/httpcomponents/httpcore/4.0.1/httpcore-4.0.1.pom
Progress (1): 889 B
Progress (1): 2.3 kB
Progress (1): 4.6 kB
Progress (1): 4.9 kB
                    
Downloaded from oss.sonatype.org: https://oss.sonatype.org/content/groups/public/org/apache/httpcomponents/httpcore/4.0.1/httpcore-4.0.1.pom (4.9 kB at 7.5 kB/s)
Downloading from oss.sonatype.org: https://oss.sonatype.org/content/groups/public/org/apache/httpcomponents/httpcomponents-core/4.0.1/httpcomponents-core-4.0.1.pom
Progress (1): 835 B
Progress (1): 2.2 kB
Progress (1): 4.4 kB
Progress (1): 7.5 kB
Progress (1): 9.4 kB
                    
Downloaded from oss.sonatype.org: https://oss.sonatype.org/content/groups/public/org/apache/httpcomponents/httpcomponents-core/4.0.1/httpcomponents-core-4.0.1.pom (9.4 kB at 14 kB/s)
Downloading from oss.sonatype.org: https://oss.sonatype.org/content/groups/public/org/apache/httpcomponents/project/4.0/project-4.0.pom
Progress (1): 834 B
Progress (1): 2.2 kB
Progress (1): 5.4 kB
Progress (1): 8.2 kB
Progress (1): 11 kB 
Progress (1): 13 kB
                   
Downloaded from oss.sonatype.org: https://oss.sonatype.org/content/groups/public/org/apache/httpcomponents/project/4.0/project-4.0.pom (13 kB at 20 kB/s)
Downloading from oss.sonatype.org: https://oss.sonatype.org/content/groups/public/xmlunit/xmlunit/1.5/xmlunit-1.5.pom
Progress (1): 910 B
Progress (1): 1.9 kB
Progress (1): 3.0 kB
                    
Downloaded from oss.sonatype.org: https://oss.sonatype.org/content/groups/public/xmlunit/xmlunit/1.5/xmlunit-1.5.pom (3.0 kB at 4.8 kB/s)
Downloading from oss.sonatype.org: https://oss.sonatype.org/content/groups/public/org/apache/maven/doxia/doxia-site-renderer/1.7.4/doxia-site-renderer-1.7.4.pom
Progress (1): 785 B
Progress (1): 3.3 kB
Progress (1): 6.7 kB
                    
Downloaded from oss.sonatype.org: https://oss.sonatype.org/content/groups/public/org/apache/maven/doxia/doxia-site-renderer/1.7.4/doxia-site-renderer-1.7.4.pom (6.7 kB at 10 kB/s)
Downloading from oss.sonatype.org: https://oss.sonatype.org/content/groups/public/org/apache/maven/doxia/doxia-skin-model/1.7.4/doxia-skin-model-1.7.4.pom
Progress (1): 799 B
Progress (1): 2.3 kB
Progress (1): 3.0 kB
                    
Downloaded from oss.sonatype.org: https://oss.sonatype.org/content/groups/public/org/apache/maven/doxia/doxia-skin-model/1.7.4/doxia-skin-model-1.7.4.pom (3.0 kB at 4.7 kB/s)
Downloading from oss.sonatype.org: https://oss.sonatype.org/content/groups/public/org/apache/maven/doxia/doxia-module-xhtml/1.7/doxia-module-xhtml-1.7.pom
Progress (1): 833 B
Progress (1): 1.6 kB
                    
Downloaded from oss.sonatype.org: https://oss.sonatype.org/content/groups/public/org/apache/maven/doxia/doxia-module-xhtml/1.7/doxia-module-xhtml-1.7.pom (1.6 kB at 2.4 kB/s)
Downloading from oss.sonatype.org: https://oss.sonatype.org/content/groups/public/org/apache/maven/doxia/doxia-modules/1.7/doxia-modules-1.7.pom
Progress (1): 817 B
Progress (1): 2.6 kB
                    
Downloaded from oss.sonatype.org: https://oss.sonatype.org/content/groups/public/org/apache/maven/doxia/doxia-modules/1.7/doxia-modules-1.7.pom (2.6 kB at 4.2 kB/s)
Downloading from oss.sonatype.org: https://oss.sonatype.org/content/groups/public/javax/servlet/servlet-api/2.3/servlet-api-2.3.pom
Progress (1): 156 B
                   
Downloaded from oss.sonatype.org: https://oss.sonatype.org/content/groups/public/javax/servlet/servlet-api/2.3/servlet-api-2.3.pom (156 B at 243 B/s)
Downloading from oss.sonatype.org: https://oss.sonatype.org/content/groups/public/commons-validator/commons-validator/1.3.1/commons-validator-1.3.1.pom
Progress (1): 1.1 kB
Progress (1): 3.8 kB
Progress (1): 5.9 kB
Progress (1): 8.9 kB
Progress (1): 9.0 kB
                    
Downloaded from oss.sonatype.org: https://oss.sonatype.org/content/groups/public/commons-validator/commons-validator/1.3.1/commons-validator-1.3.1.pom (9.0 kB at 14 kB/s)
Downloading from oss.sonatype.org: https://oss.sonatype.org/content/groups/public/sslext/sslext/1.2-0/sslext-1.2-0.pom
Progress (1): 653 B
                   
Downloaded from oss.sonatype.org: https://oss.sonatype.org/content/groups/public/sslext/sslext/1.2-0/sslext-1.2-0.pom (653 B at 1.0 kB/s)
Downloading from oss.sonatype.org: https://oss.sonatype.org/content/groups/public/org/apache/struts/struts-core/1.3.8/struts-core-1.3.8.pom
Progress (1): 2.0 kB
Progress (1): 4.3 kB
                    
Downloaded from oss.sonatype.org: https://oss.sonatype.org/content/groups/public/org/apache/struts/struts-core/1.3.8/struts-core-1.3.8.pom (4.3 kB at 6.8 kB/s)
Downloading from oss.sonatype.org: https://oss.sonatype.org/content/groups/public/org/apache/struts/struts-parent/1.3.8/struts-parent-1.3.8.pom
Progress (1): 810 B
Progress (1): 2.6 kB
Progress (1): 6.3 kB
Progress (1): 9.6 kB
Progress (1): 9.8 kB
                    
Downloaded from oss.sonatype.org: https://oss.sonatype.org/content/groups/public/org/apache/struts/struts-parent/1.3.8/struts-parent-1.3.8.pom (9.8 kB at 15 kB/s)
Downloading from oss.sonatype.org: https://oss.sonatype.org/content/groups/public/org/apache/struts/struts-master/4/struts-master-4.pom
Progress (1): 804 B
Progress (1): 2.2 kB
Progress (1): 6.5 kB
Progress (1): 11 kB 
Progress (1): 12 kB
                   
Downloaded from oss.sonatype.org: https://oss.sonatype.org/content/groups/public/org/apache/struts/struts-master/4/struts-master-4.pom (12 kB at 19 kB/s)
Downloading from oss.sonatype.org: https://oss.sonatype.org/content/groups/public/org/apache/apache/2/apache-2.pom
Progress (1): 805 B
Progress (1): 2.3 kB
Progress (1): 3.4 kB
                    
Downloaded from oss.sonatype.org: https://oss.sonatype.org/content/groups/public/org/apache/apache/2/apache-2.pom (3.4 kB at 5.5 kB/s)
Downloading from oss.sonatype.org: https://oss.sonatype.org/content/groups/public/antlr/antlr/2.7.2/antlr-2.7.2.pom
Progress (1): 145 B
                   
Downloaded from oss.sonatype.org: https://oss.sonatype.org/content/groups/public/antlr/antlr/2.7.2/antlr-2.7.2.pom (145 B at 232 B/s)
Downloading from oss.sonatype.org: https://oss.sonatype.org/content/groups/public/org/apache/struts/struts-taglib/1.3.8/struts-taglib-1.3.8.pom
Progress (1): 2.0 kB
Progress (1): 3.1 kB
                    
Downloaded from oss.sonatype.org: https://oss.sonatype.org/content/groups/public/org/apache/struts/struts-taglib/1.3.8/struts-taglib-1.3.8.pom (3.1 kB at 4.8 kB/s)
Downloading from oss.sonatype.org: https://oss.sonatype.org/content/groups/public/org/apache/struts/struts-tiles/1.3.8/struts-tiles-1.3.8.pom
Progress (1): 1.9 kB
Progress (1): 2.9 kB
                    
Downloaded from oss.sonatype.org: https://oss.sonatype.org/content/groups/public/org/apache/struts/struts-tiles/1.3.8/struts-tiles-1.3.8.pom (2.9 kB at 4.7 kB/s)
Downloading from oss.sonatype.org: https://oss.sonatype.org/content/groups/public/org/codehaus/plexus/plexus-utils/3.0.24/plexus-utils-3.0.24.pom
Progress (1): 810 B
Progress (1): 2.4 kB
Progress (1): 4.1 kB
                    
Downloaded from oss.sonatype.org: https://oss.sonatype.org/content/groups/public/org/codehaus/plexus/plexus-utils/3.0.24/plexus-utils-3.0.24.pom (4.1 kB at 6.6 kB/s)
Downloading from oss.sonatype.org: https://oss.sonatype.org/content/groups/public/org/aspectj/aspectjtools/1.9.7/aspectjtools-1.9.7.pom
Progress (1): 922 B
Progress (1): 2.3 kB
                    
Downloaded from oss.sonatype.org: https://oss.sonatype.org/content/groups/public/org/aspectj/aspectjtools/1.9.7/aspectjtools-1.9.7.pom (2.3 kB at 3.6 kB/s)
Downloading from oss.sonatype.org: https://oss.sonatype.org/content/groups/public/org/apache/maven/doxia/doxia-sink-api/1.10/doxia-sink-api-1.10.jar
Progress (1): 7.7/12 kB
Progress (1): 12 kB    
                   
Downloaded from oss.sonatype.org: https://oss.sonatype.org/content/groups/public/org/apache/maven/doxia/doxia-sink-api/1.10/doxia-sink-api-1.10.jar (12 kB at 19 kB/s)
Downloading from oss.sonatype.org: https://oss.sonatype.org/content/groups/public/org/apache/maven/doxia/doxia-logging-api/1.10/doxia-logging-api-1.10.jar
Downloading from oss.sonatype.org: https://oss.sonatype.org/content/groups/public/org/apache/maven/doxia/doxia-site-renderer/1.10/doxia-site-renderer-1.10.jar
Downloading from oss.sonatype.org: https://oss.sonatype.org/content/groups/public/org/apache/maven/doxia/doxia-core/1.10/doxia-core-1.10.jar
Downloading from oss.sonatype.org: https://oss.sonatype.org/content/groups/public/org/apache/commons/commons-text/1.3/commons-text-1.3.jar
Downloading from oss.sonatype.org: https://oss.sonatype.org/content/groups/public/commons-codec/commons-codec/1.11/commons-codec-1.11.jar
Progress (1): 7.7/183 kB
Progress (1): 16/183 kB 
Progress (1): 32/183 kB
Progress (1): 49/183 kB
Progress (1): 65/183 kB
Progress (1): 81/183 kB
Progress (1): 98/183 kB
Progress (1): 114/183 kB
Progress (1): 131/183 kB
Progress (1): 147/183 kB
Progress (1): 163/183 kB
Progress (1): 180/183 kB
Progress (1): 183 kB    
                    
Downloaded from oss.sonatype.org: https://oss.sonatype.org/content/groups/public/org/apache/commons/commons-text/1.3/commons-text-1.3.jar (183 kB at 315 kB/s)
Downloading from oss.sonatype.org: https://oss.sonatype.org/content/groups/public/org/apache/maven/doxia/doxia-decoration-model/1.10/doxia-decoration-model-1.10.jar
Progress (1): 7.7/65 kB
Progress (1): 16/65 kB 
Progress (1): 32/65 kB
Progress (1): 49/65 kB
Progress (1): 65/65 kB
Progress (1): 65 kB   
                   
Downloaded from oss.sonatype.org: https://oss.sonatype.org/content/groups/public/org/apache/maven/doxia/doxia-site-renderer/1.10/doxia-site-renderer-1.10.jar (65 kB at 102 kB/s)
Downloading from oss.sonatype.org: https://oss.sonatype.org/content/groups/public/org/apache/maven/doxia/doxia-skin-model/1.10/doxia-skin-model-1.10.jar
Progress (1): 7.7/12 kB
Progress (1): 12 kB    
                   
Downloaded from oss.sonatype.org: https://oss.sonatype.org/content/groups/public/org/apache/maven/doxia/doxia-logging-api/1.10/doxia-logging-api-1.10.jar (12 kB at 17 kB/s)
Downloading from oss.sonatype.org: https://oss.sonatype.org/content/groups/public/org/apache/maven/doxia/doxia-module-xhtml/1.10/doxia-module-xhtml-1.10.jar
Progress (1): 7.7/335 kB
Progress (1): 16/335 kB 
Progress (1): 24/335 kB
Progress (1): 37/335 kB
Progress (1): 49/335 kB
Progress (1): 66/335 kB
Progress (1): 82/335 kB
Progress (1): 86/335 kB
Progress (1): 102/335 kB
Progress (1): 118/335 kB
Progress (1): 135/335 kB
Progress (1): 151/335 kB
Progress (1): 168/335 kB
Progress (1): 184/335 kB
Progress (1): 200/335 kB
Progress (1): 217/335 kB
Progress (1): 233/335 kB
Progress (1): 250/335 kB
Progress (1): 266/335 kB
Progress (1): 282/335 kB
Progress (1): 299/335 kB
Progress (1): 315/335 kB
Progress (1): 331/335 kB
Progress (1): 335 kB    
                    
Downloaded from oss.sonatype.org: https://oss.sonatype.org/content/groups/public/commons-codec/commons-codec/1.11/commons-codec-1.11.jar (335 kB at 453 kB/s)
Downloading from oss.sonatype.org: https://oss.sonatype.org/content/groups/public/org/apache/maven/doxia/doxia-module-xhtml5/1.10/doxia-module-xhtml5-1.10.jar
Progress (1): 7.7/218 kB
Progress (1): 16/218 kB 
Progress (1): 32/218 kB
Progress (1): 49/218 kB
Progress (1): 65/218 kB
Progress (1): 81/218 kB
Progress (1): 98/218 kB
Progress (1): 114/218 kB
Progress (1): 131/218 kB
Progress (1): 147/218 kB
Progress (1): 163/218 kB
Progress (1): 180/218 kB
Progress (1): 196/218 kB
Progress (1): 212/218 kB
Progress (1): 218 kB    
                    
Downloaded from oss.sonatype.org: https://oss.sonatype.org/content/groups/public/org/apache/maven/doxia/doxia-core/1.10/doxia-core-1.10.jar (218 kB at 242 kB/s)
Downloading from oss.sonatype.org: https://oss.sonatype.org/content/groups/public/commons-logging/commons-logging/1.1/commons-logging-1.1.jar
Progress (1): 7.3/16 kB
Progress (1): 16 kB    
                   
Downloaded from oss.sonatype.org: https://oss.sonatype.org/content/groups/public/org/apache/maven/doxia/doxia-skin-model/1.10/doxia-skin-model-1.10.jar (16 kB at 13 kB/s)
Downloading from oss.sonatype.org: https://oss.sonatype.org/content/groups/public/org/apache/maven/reporting/maven-reporting-impl/3.0.0/maven-reporting-impl-3.0.0.jar
Progress (1): 5.7/17 kB
Progress (1): 17 kB    
                   
Downloaded from oss.sonatype.org: https://oss.sonatype.org/content/groups/public/org/apache/maven/doxia/doxia-module-xhtml/1.10/doxia-module-xhtml-1.10.jar (17 kB at 13 kB/s)
Downloading from oss.sonatype.org: https://oss.sonatype.org/content/groups/public/org/apache/maven/shared/maven-shared-utils/3.2.0/maven-shared-utils-3.2.0.jar
Progress (1): 7.7/18 kB
Progress (1): 16/18 kB 
Progress (1): 18 kB   
                   
Downloaded from oss.sonatype.org: https://oss.sonatype.org/content/groups/public/org/apache/maven/doxia/doxia-module-xhtml5/1.10/doxia-module-xhtml5-1.10.jar (18 kB at 13 kB/s)
Downloading from oss.sonatype.org: https://oss.sonatype.org/content/groups/public/org/aspectj/aspectjtools/1.9.7/aspectjtools-1.9.7.jar
Progress (1): 7.7/53 kB
Progress (1): 16/53 kB 
Progress (1): 24/53 kB
Progress (1): 40/53 kB
Progress (1): 53 kB   
                   
Downloaded from oss.sonatype.org: https://oss.sonatype.org/content/groups/public/commons-logging/commons-logging/1.1/commons-logging-1.1.jar (53 kB at 36 kB/s)
Progress (1): 7.7/60 kB
Progress (1): 7.7/60 kB
Progress (1): 24/60 kB 
Progress (1): 40/60 kB
Progress (1): 57/60 kB
Progress (1): 60 kB   
                   
Downloaded from oss.sonatype.org: https://oss.sonatype.org/content/groups/public/org/apache/maven/doxia/doxia-decoration-model/1.10/doxia-decoration-model-1.10.jar (60 kB at 35 kB/s)
Progress (1): 7.7/18 kB
Progress (1): 12/18 kB 
Progress (1): 18 kB   
                   
Downloaded from oss.sonatype.org: https://oss.sonatype.org/content/groups/public/org/apache/maven/reporting/maven-reporting-impl/3.0.0/maven-reporting-impl-3.0.0.jar (18 kB at 9.9 kB/s)
Progress (1): 7.7/165 kB
Progress (1): 16/165 kB 
Progress (1): 24/165 kB
Progress (1): 40/165 kB
Progress (1): 57/165 kB
Progress (1): 73/165 kB
Progress (1): 90/165 kB
Progress (1): 106/165 kB
Progress (1): 122/165 kB
Progress (1): 139/165 kB
Progress (1): 155/165 kB
Progress (1): 165 kB    
                    
Downloaded from oss.sonatype.org: https://oss.sonatype.org/content/groups/public/org/apache/maven/shared/maven-shared-utils/3.2.0/maven-shared-utils-3.2.0.jar (165 kB at 84 kB/s)
Progress (1): 0/15 MB
Progress (1): 0/15 MB
Progress (1): 0/15 MB
Progress (1): 0/15 MB
Progress (1): 0.1/15 MB
Progress (1): 0.1/15 MB
Progress (1): 0.1/15 MB
Progress (1): 0.1/15 MB
Progress (1): 0.1/15 MB
Progress (1): 0.1/15 MB
Progress (1): 0.2/15 MB
Progress (1): 0.2/15 MB
Progress (1): 0.2/15 MB
Progress (1): 0.2/15 MB
Progress (1): 0.2/15 MB
Progress (1): 0.2/15 MB
Progress (1): 0.3/15 MB
Progress (1): 0.3/15 MB
Progress (1): 0.3/15 MB
Progress (1): 0.3/15 MB
Progress (1): 0.3/15 MB
Progress (1): 0.3/15 MB
Progress (1): 0.4/15 MB
Progress (1): 0.4/15 MB
Progress (1): 0.4/15 MB
Progress (1): 0.4/15 MB
Progress (1): 0.4/15 MB
Progress (1): 0.4/15 MB
Progress (1): 0.5/15 MB
Progress (1): 0.5/15 MB
Progress (1): 0.5/15 MB
Progress (1): 0.5/15 MB
Progress (1): 0.5/15 MB
Progress (1): 0.5/15 MB
Progress (1): 0.6/15 MB
Progress (1): 0.6/15 MB
Progress (1): 0.6/15 MB
Progress (1): 0.6/15 MB
Progress (1): 0.6/15 MB
Progress (1): 0.6/15 MB
Progress (1): 0.7/15 MB
Progress (1): 0.7/15 MB
Progress (1): 0.7/15 MB
Progress (1): 0.7/15 MB
Progress (1): 0.7/15 MB
Progress (1): 0.7/15 MB
Progress (1): 0.8/15 MB
Progress (1): 0.8/15 MB
Progress (1): 0.8/15 MB
Progress (1): 0.8/15 MB
Progress (1): 0.8/15 MB
Progress (1): 0.8/15 MB
Progress (1): 0.9/15 MB
Progress (1): 0.9/15 MB
Progress (1): 0.9/15 MB
Progress (1): 0.9/15 MB
Progress (1): 0.9/15 MB
Progress (1): 0.9/15 MB
Progress (1): 0.9/15 MB
Progress (1): 1.0/15 MB
Progress (1): 1.0/15 MB
Progress (1): 1.0/15 MB
Progress (1): 1.0/15 MB
Progress (1): 1.0/15 MB
Progress (1): 1.0/15 MB
Progress (1): 1.1/15 MB
Progress (1): 1.1/15 MB
Progress (1): 1.1/15 MB
Progress (1): 1.1/15 MB
Progress (1): 1.1/15 MB
Progress (1): 1.1/15 MB
Progress (1): 1.2/15 MB
Progress (1): 1.2/15 MB
Progress (1): 1.2/15 MB
Progress (1): 1.2/15 MB
Progress (1): 1.2/15 MB
Progress (1): 1.2/15 MB
Progress (1): 1.2/15 MB
Progress (1): 1.3/15 MB
Progress (1): 1.3/15 MB
Progress (1): 1.3/15 MB
Progress (1): 1.3/15 MB
Progress (1): 1.3/15 MB
Progress (1): 1.3/15 MB
Progress (1): 1.4/15 MB
Progress (1): 1.4/15 MB
Progress (1): 1.4/15 MB
Progress (1): 1.4/15 MB
Progress (1): 1.4/15 MB
Progress (1): 1.4/15 MB
Progress (1): 1.5/15 MB
Progress (1): 1.5/15 MB
Progress (1): 1.5/15 MB
Progress (1): 1.5/15 MB
Progress (1): 1.5/15 MB
Progress (1): 1.5/15 MB
Progress (1): 1.6/15 MB
Progress (1): 1.6/15 MB
Progress (1): 1.6/15 MB
Progress (1): 1.6/15 MB
Progress (1): 1.6/15 MB
Progress (1): 1.6/15 MB
Progress (1): 1.7/15 MB
Progress (1): 1.7/15 MB
Progress (1): 1.7/15 MB
Progress (1): 1.7/15 MB
Progress (1): 1.7/15 MB
Progress (1): 1.7/15 MB
Progress (1): 1.8/15 MB
Progress (1): 1.8/15 MB
Progress (1): 1.8/15 MB
Progress (1): 1.8/15 MB
Progress (1): 1.8/15 MB
Progress (1): 1.8/15 MB
Progress (1): 1.8/15 MB
Progress (1): 1.9/15 MB
Progress (1): 1.9/15 MB
Progress (1): 1.9/15 MB
Progress (1): 1.9/15 MB
Progress (1): 1.9/15 MB
Progress (1): 1.9/15 MB
Progress (1): 2.0/15 MB
Progress (1): 2.0/15 MB
Progress (1): 2.0/15 MB
Progress (1): 2.0/15 MB
Progress (1): 2.0/15 MB
Progress (1): 2.0/15 MB
Progress (1): 2.1/15 MB
Progress (1): 2.1/15 MB
Progress (1): 2.1/15 MB
Progress (1): 2.1/15 MB
Progress (1): 2.1/15 MB
Progress (1): 2.1/15 MB
Progress (1): 2.2/15 MB
Progress (1): 2.2/15 MB
Progress (1): 2.2/15 MB
Progress (1): 2.2/15 MB
Progress (1): 2.2/15 MB
Progress (1): 2.2/15 MB
Progress (1): 2.3/15 MB
Progress (1): 2.3/15 MB
Progress (1): 2.3/15 MB
Progress (1): 2.3/15 MB
Progress (1): 2.3/15 MB
Progress (1): 2.3/15 MB
Progress (1): 2.3/15 MB
Progress (1): 2.4/15 MB
Progress (1): 2.4/15 MB
Progress (1): 2.4/15 MB
Progress (1): 2.4/15 MB
Progress (1): 2.4/15 MB
Progress (1): 2.4/15 MB
Progress (1): 2.5/15 MB
Progress (1): 2.5/15 MB
Progress (1): 2.5/15 MB
Progress (1): 2.5/15 MB
Progress (1): 2.5/15 MB
Progress (1): 2.5/15 MB
Progress (1): 2.6/15 MB
Progress (1): 2.6/15 MB
Progress (1): 2.6/15 MB
Progress (1): 2.6/15 MB
Progress (1): 2.6/15 MB
Progress (1): 2.6/15 MB
Progress (1): 2.7/15 MB
Progress (1): 2.7/15 MB
Progress (1): 2.7/15 MB
Progress (1): 2.7/15 MB
Progress (1): 2.7/15 MB
Progress (1): 2.7/15 MB
Progress (1): 2.8/15 MB
Progress (1): 2.8/15 MB
Progress (1): 2.8/15 MB
Progress (1): 2.8/15 MB
Progress (1): 2.8/15 MB
Progress (1): 2.8/15 MB
Progress (1): 2.9/15 MB
Progress (1): 2.9/15 MB
Progress (1): 2.9/15 MB
Progress (1): 2.9/15 MB
Progress (1): 2.9/15 MB
Progress (1): 2.9/15 MB
Progress (1): 3.0/15 MB
Progress (1): 3.0/15 MB
Progress (1): 3.0/15 MB
Progress (1): 3.0/15 MB
Progress (1): 3.0/15 MB
Progress (1): 3.0/15 MB
Progress (1): 3.0/15 MB
Progress (1): 3.1/15 MB
Progress (1): 3.1/15 MB
Progress (1): 3.1/15 MB
Progress (1): 3.1/15 MB
Progress (1): 3.1/15 MB
Progress (1): 3.1/15 MB
Progress (1): 3.2/15 MB
Progress (1): 3.2/15 MB
Progress (1): 3.2/15 MB
Progress (1): 3.2/15 MB
Progress (1): 3.2/15 MB
Progress (1): 3.2/15 MB
Progress (1): 3.3/15 MB
Progress (1): 3.3/15 MB
Progress (1): 3.3/15 MB
Progress (1): 3.3/15 MB
Progress (1): 3.3/15 MB
Progress (1): 3.3/15 MB
Progress (1): 3.4/15 MB
Progress (1): 3.4/15 MB
Progress (1): 3.4/15 MB
Progress (1): 3.4/15 MB
Progress (1): 3.4/15 MB
Progress (1): 3.4/15 MB
Progress (1): 3.4/15 MB
Progress (1): 3.5/15 MB
Progress (1): 3.5/15 MB
Progress (1): 3.5/15 MB
Progress (1): 3.5/15 MB
Progress (1): 3.5/15 MB
Progress (1): 3.5/15 MB
Progress (1): 3.5/15 MB
Progress (1): 3.6/15 MB
Progress (1): 3.6/15 MB
Progress (1): 3.6/15 MB
Progress (1): 3.6/15 MB
Progress (1): 3.6/15 MB
Progress (1): 3.6/15 MB
Progress (1): 3.7/15 MB
Progress (1): 3.7/15 MB
Progress (1): 3.7/15 MB
Progress (1): 3.7/15 MB
Progress (1): 3.7/15 MB
Progress (1): 3.7/15 MB
Progress (1): 3.8/15 MB
Progress (1): 3.8/15 MB
Progress (1): 3.8/15 MB
Progress (1): 3.8/15 MB
Progress (1): 3.8/15 MB
Progress (1): 3.8/15 MB
Progress (1): 3.9/15 MB
Progress (1): 3.9/15 MB
Progress (1): 3.9/15 MB
Progress (1): 3.9/15 MB
Progress (1): 3.9/15 MB
Progress (1): 3.9/15 MB
Progress (1): 4.0/15 MB
Progress (1): 4.0/15 MB
Progress (1): 4.0/15 MB
Progress (1): 4.0/15 MB
Progress (1): 4.0/15 MB
Progress (1): 4.0/15 MB
Progress (1): 4.1/15 MB
Progress (1): 4.1/15 MB
Progress (1): 4.1/15 MB
Progress (1): 4.1/15 MB
Progress (1): 4.1/15 MB
Progress (1): 4.1/15 MB
Progress (1): 4.2/15 MB
Progress (1): 4.2/15 MB
Progress (1): 4.2/15 MB
Progress (1): 4.2/15 MB
Progress (1): 4.2/15 MB
Progress (1): 4.2/15 MB
Progress (1): 4.3/15 MB
Progress (1): 4.3/15 MB
Progress (1): 4.3/15 MB
Progress (1): 4.3/15 MB
Progress (1): 4.3/15 MB
Progress (1): 4.3/15 MB
Progress (1): 4.3/15 MB
Progress (1): 4.4/15 MB
Progress (1): 4.4/15 MB
Progress (1): 4.4/15 MB
Progress (1): 4.4/15 MB
Progress (1): 4.4/15 MB
Progress (1): 4.4/15 MB
Progress (1): 4.5/15 MB
Progress (1): 4.5/15 MB
Progress (1): 4.5/15 MB
Progress (1): 4.5/15 MB
Progress (1): 4.5/15 MB
Progress (1): 4.5/15 MB
Progress (1): 4.6/15 MB
Progress (1): 4.6/15 MB
Progress (1): 4.6/15 MB
Progress (1): 4.6/15 MB
Progress (1): 4.6/15 MB
Progress (1): 4.6/15 MB
Progress (1): 4.7/15 MB
Progress (1): 4.7/15 MB
Progress (1): 4.7/15 MB
Progress (1): 4.7/15 MB
Progress (1): 4.7/15 MB
Progress (1): 4.7/15 MB
Progress (1): 4.8/15 MB
Progress (1): 4.8/15 MB
Progress (1): 4.8/15 MB
Progress (1): 4.8/15 MB
Progress (1): 4.8/15 MB
Progress (1): 4.8/15 MB
Progress (1): 4.9/15 MB
Progress (1): 4.9/15 MB
Progress (1): 4.9/15 MB
Progress (1): 4.9/15 MB
Progress (1): 4.9/15 MB
Progress (1): 4.9/15 MB
Progress (1): 5.0/15 MB
Progress (1): 5.0/15 MB
Progress (1): 5.0/15 MB
Progress (1): 5.0/15 MB
Progress (1): 5.0/15 MB
Progress (1): 5.0/15 MB
Progress (1): 5.1/15 MB
Progress (1): 5.1/15 MB
Progress (1): 5.1/15 MB
Progress (1): 5.1/15 MB
Progress (1): 5.1/15 MB
Progress (1): 5.1/15 MB
Progress (1): 5.2/15 MB
Progress (1): 5.2/15 MB
Progress (1): 5.2/15 MB
Progress (1): 5.2/15 MB
Progress (1): 5.2/15 MB
Progress (1): 5.2/15 MB
Progress (1): 5.3/15 MB
Progress (1): 5.3/15 MB
Progress (1): 5.3/15 MB
Progress (1): 5.3/15 MB
Progress (1): 5.3/15 MB
Progress (1): 5.3/15 MB
Progress (1): 5.3/15 MB
Progress (1): 5.4/15 MB
Progress (1): 5.4/15 MB
Progress (1): 5.4/15 MB
Progress (1): 5.4/15 MB
Progress (1): 5.4/15 MB
Progress (1): 5.4/15 MB
Progress (1): 5.5/15 MB
Progress (1): 5.5/15 MB
Progress (1): 5.5/15 MB
Progress (1): 5.5/15 MB
Progress (1): 5.5/15 MB
Progress (1): 5.5/15 MB
Progress (1): 5.6/15 MB
Progress (1): 5.6/15 MB
Progress (1): 5.6/15 MB
Progress (1): 5.6/15 MB
Progress (1): 5.6/15 MB
Progress (1): 5.6/15 MB
Progress (1): 5.7/15 MB
Progress (1): 5.7/15 MB
Progress (1): 5.7/15 MB
Progress (1): 5.7/15 MB
Progress (1): 5.7/15 MB
Progress (1): 5.7/15 MB
Progress (1): 5.8/15 MB
Progress (1): 5.8/15 MB
Progress (1): 5.8/15 MB
Progress (1): 5.8/15 MB
Progress (1): 5.8/15 MB
Progress (1): 5.8/15 MB
Progress (1): 5.9/15 MB
Progress (1): 5.9/15 MB
Progress (1): 5.9/15 MB
Progress (1): 5.9/15 MB
Progress (1): 5.9/15 MB
Progress (1): 5.9/15 MB
Progress (1): 5.9/15 MB
Progress (1): 6.0/15 MB
Progress (1): 6.0/15 MB
Progress (1): 6.0/15 MB
Progress (1): 6.0/15 MB
Progress (1): 6.0/15 MB
Progress (1): 6.0/15 MB
Progress (1): 6.1/15 MB
Progress (1): 6.1/15 MB
Progress (1): 6.1/15 MB
Progress (1): 6.1/15 MB
Progress (1): 6.1/15 MB
Progress (1): 6.1/15 MB
Progress (1): 6.2/15 MB
Progress (1): 6.2/15 MB
Progress (1): 6.2/15 MB
Progress (1): 6.2/15 MB
Progress (1): 6.2/15 MB
Progress (1): 6.2/15 MB
Progress (1): 6.3/15 MB
Progress (1): 6.3/15 MB
Progress (1): 6.3/15 MB
Progress (1): 6.3/15 MB
Progress (1): 6.3/15 MB
Progress (1): 6.3/15 MB
Progress (1): 6.4/15 MB
Progress (1): 6.4/15 MB
Progress (1): 6.4/15 MB
Progress (1): 6.4/15 MB
Progress (1): 6.4/15 MB
Progress (1): 6.4/15 MB
Progress (1): 6.5/15 MB
Progress (1): 6.5/15 MB
Progress (1): 6.5/15 MB
Progress (1): 6.5/15 MB
Progress (1): 6.5/15 MB
Progress (1): 6.5/15 MB
Progress (1): 6.6/15 MB
Progress (1): 6.6/15 MB
Progress (1): 6.6/15 MB
Progress (1): 6.6/15 MB
Progress (1): 6.6/15 MB
Progress (1): 6.6/15 MB
Progress (1): 6.6/15 MB
Progress (1): 6.7/15 MB
Progress (1): 6.7/15 MB
Progress (1): 6.7/15 MB
Progress (1): 6.7/15 MB
Progress (1): 6.7/15 MB
Progress (1): 6.7/15 MB
Progress (1): 6.8/15 MB
Progress (1): 6.8/15 MB
Progress (1): 6.8/15 MB
Progress (1): 6.8/15 MB
Progress (1): 6.8/15 MB
Progress (1): 6.8/15 MB
Progress (1): 6.9/15 MB
Progress (1): 6.9/15 MB
Progress (1): 6.9/15 MB
Progress (1): 6.9/15 MB
Progress (1): 6.9/15 MB
Progress (1): 6.9/15 MB
Progress (1): 6.9/15 MB
Progress (1): 7.0/15 MB
Progress (1): 7.0/15 MB
Progress (1): 7.0/15 MB
Progress (1): 7.0/15 MB
Progress (1): 7.0/15 MB
Progress (1): 7.0/15 MB
Progress (1): 7.1/15 MB
Progress (1): 7.1/15 MB
Progress (1): 7.1/15 MB
Progress (1): 7.1/15 MB
Progress (1): 7.1/15 MB
Progress (1): 7.1/15 MB
Progress (1): 7.1/15 MB
Progress (1): 7.2/15 MB
Progress (1): 7.2/15 MB
Progress (1): 7.2/15 MB
Progress (1): 7.2/15 MB
Progress (1): 7.2/15 MB
Progress (1): 7.2/15 MB
Progress (1): 7.3/15 MB
Progress (1): 7.3/15 MB
Progress (1): 7.3/15 MB
Progress (1): 7.3/15 MB
Progress (1): 7.3/15 MB
Progress (1): 7.3/15 MB
Progress (1): 7.4/15 MB
Progress (1): 7.4/15 MB
Progress (1): 7.4/15 MB
Progress (1): 7.4/15 MB
Progress (1): 7.4/15 MB
Progress (1): 7.4/15 MB
Progress (1): 7.5/15 MB
Progress (1): 7.5/15 MB
Progress (1): 7.5/15 MB
Progress (1): 7.5/15 MB
Progress (1): 7.5/15 MB
Progress (1): 7.5/15 MB
Progress (1): 7.6/15 MB
Progress (1): 7.6/15 MB
Progress (1): 7.6/15 MB
Progress (1): 7.6/15 MB
Progress (1): 7.6/15 MB
Progress (1): 7.6/15 MB
Progress (1): 7.6/15 MB
Progress (1): 7.7/15 MB
Progress (1): 7.7/15 MB
Progress (1): 7.7/15 MB
Progress (1): 7.7/15 MB
Progress (1): 7.7/15 MB
Progress (1): 7.7/15 MB
Progress (1): 7.8/15 MB
Progress (1): 7.8/15 MB
Progress (1): 7.8/15 MB
Progress (1): 7.8/15 MB
Progress (1): 7.8/15 MB
Progress (1): 7.8/15 MB
Progress (1): 7.8/15 MB
Progress (1): 7.9/15 MB
Progress (1): 7.9/15 MB
Progress (1): 7.9/15 MB
Progress (1): 7.9/15 MB
Progress (1): 7.9/15 MB
Progress (1): 7.9/15 MB
Progress (1): 8.0/15 MB
Progress (1): 8.0/15 MB
Progress (1): 8.0/15 MB
Progress (1): 8.0/15 MB
Progress (1): 8.0/15 MB
Progress (1): 8.0/15 MB
Progress (1): 8.1/15 MB
Progress (1): 8.1/15 MB
Progress (1): 8.1/15 MB
Progress (1): 8.1/15 MB
Progress (1): 8.1/15 MB
Progress (1): 8.1/15 MB
Progress (1): 8.2/15 MB
Progress (1): 8.2/15 MB
Progress (1): 8.2/15 MB
Progress (1): 8.2/15 MB
Progress (1): 8.2/15 MB
Progress (1): 8.2/15 MB
Progress (1): 8.3/15 MB
Progress (1): 8.3/15 MB
Progress (1): 8.3/15 MB
Progress (1): 8.3/15 MB
Progress (1): 8.3/15 MB
Progress (1): 8.3/15 MB
Progress (1): 8.4/15 MB
Progress (1): 8.4/15 MB
Progress (1): 8.4/15 MB
Progress (1): 8.4/15 MB
Progress (1): 8.4/15 MB
Progress (1): 8.4/15 MB
Progress (1): 8.5/15 MB
Progress (1): 8.5/15 MB
Progress (1): 8.5/15 MB
Progress (1): 8.5/15 MB
Progress (1): 8.5/15 MB
Progress (1): 8.5/15 MB
Progress (1): 8.6/15 MB
Progress (1): 8.6/15 MB
Progress (1): 8.6/15 MB
Progress (1): 8.6/15 MB
Progress (1): 8.6/15 MB
Progress (1): 8.6/15 MB
Progress (1): 8.7/15 MB
Progress (1): 8.7/15 MB
Progress (1): 8.7/15 MB
Progress (1): 8.7/15 MB
Progress (1): 8.7/15 MB
Progress (1): 8.7/15 MB
Progress (1): 8.8/15 MB
Progress (1): 8.8/15 MB
Progress (1): 8.8/15 MB
Progress (1): 8.8/15 MB
Progress (1): 8.8/15 MB
Progress (1): 8.8/15 MB
Progress (1): 8.8/15 MB
Progress (1): 8.9/15 MB
Progress (1): 8.9/15 MB
Progress (1): 8.9/15 MB
Progress (1): 8.9/15 MB
Progress (1): 8.9/15 MB
Progress (1): 8.9/15 MB
Progress (1): 9.0/15 MB
Progress (1): 9.0/15 MB
Progress (1): 9.0/15 MB
Progress (1): 9.0/15 MB
Progress (1): 9.0/15 MB
Progress (1): 9.0/15 MB
Progress (1): 9.1/15 MB
Progress (1): 9.1/15 MB
Progress (1): 9.1/15 MB
Progress (1): 9.1/15 MB
Progress (1): 9.1/15 MB
Progress (1): 9.1/15 MB
Progress (1): 9.2/15 MB
Progress (1): 9.2/15 MB
Progress (1): 9.2/15 MB
Progress (1): 9.2/15 MB
Progress (1): 9.2/15 MB
Progress (1): 9.2/15 MB
Progress (1): 9.3/15 MB
Progress (1): 9.3/15 MB
Progress (1): 9.3/15 MB
Progress (1): 9.3/15 MB
Progress (1): 9.3/15 MB
Progress (1): 9.3/15 MB
Progress (1): 9.4/15 MB
Progress (1): 9.4/15 MB
Progress (1): 9.4/15 MB
Progress (1): 9.4/15 MB
Progress (1): 9.4/15 MB
Progress (1): 9.4/15 MB
Progress (1): 9.4/15 MB
Progress (1): 9.5/15 MB
Progress (1): 9.5/15 MB
Progress (1): 9.5/15 MB
Progress (1): 9.5/15 MB
Progress (1): 9.5/15 MB
Progress (1): 9.5/15 MB
Progress (1): 9.6/15 MB
Progress (1): 9.6/15 MB
Progress (1): 9.6/15 MB
Progress (1): 9.6/15 MB
Progress (1): 9.6/15 MB
Progress (1): 9.6/15 MB
Progress (1): 9.7/15 MB
Progress (1): 9.7/15 MB
Progress (1): 9.7/15 MB
Progress (1): 9.7/15 MB
Progress (1): 9.7/15 MB
Progress (1): 9.7/15 MB
Progress (1): 9.8/15 MB
Progress (1): 9.8/15 MB
Progress (1): 9.8/15 MB
Progress (1): 9.8/15 MB
Progress (1): 9.8/15 MB
Progress (1): 9.8/15 MB
Progress (1): 9.9/15 MB
Progress (1): 9.9/15 MB
Progress (1): 9.9/15 MB
Progress (1): 9.9/15 MB
Progress (1): 9.9/15 MB
Progress (1): 9.9/15 MB
Progress (1): 10.0/15 MB
Progress (1): 10.0/15 MB
Progress (1): 10.0/15 MB
Progress (1): 10.0/15 MB
Progress (1): 10/15 MB  
Progress (1): 10/15 MB
Progress (1): 10/15 MB
Progress (1): 10/15 MB
Progress (1): 10/15 MB
Progress (1): 10/15 MB
Progress (1): 10/15 MB
Progress (1): 10/15 MB
Progress (1): 10/15 MB
Progress (1): 10/15 MB
Progress (1): 10/15 MB
Progress (1): 10/15 MB
Progress (1): 10/15 MB
Progress (1): 10/15 MB
Progress (1): 10/15 MB
Progress (1): 10/15 MB
Progress (1): 10/15 MB
Progress (1): 10/15 MB
Progress (1): 10/15 MB
Progress (1): 10/15 MB
Progress (1): 10/15 MB
Progress (1): 10/15 MB
Progress (1): 10/15 MB
Progress (1): 10/15 MB
Progress (1): 10/15 MB
Progress (1): 10/15 MB
Progress (1): 10/15 MB
Progress (1): 10/15 MB
Progress (1): 10/15 MB
Progress (1): 10/15 MB
Progress (1): 10/15 MB
Progress (1): 11/15 MB
Progress (1): 11/15 MB
Progress (1): 11/15 MB
Progress (1): 11/15 MB
Progress (1): 11/15 MB
Progress (1): 11/15 MB
Progress (1): 11/15 MB
Progress (1): 11/15 MB
Progress (1): 11/15 MB
Progress (1): 11/15 MB
Progress (1): 11/15 MB
Progress (1): 11/15 MB
Progress (1): 11/15 MB
Progress (1): 11/15 MB
Progress (1): 11/15 MB
Progress (1): 11/15 MB
Progress (1): 11/15 MB
Progress (1): 11/15 MB
Progress (1): 11/15 MB
Progress (1): 11/15 MB
Progress (1): 11/15 MB
Progress (1): 11/15 MB
Progress (1): 11/15 MB
Progress (1): 11/15 MB
Progress (1): 11/15 MB
Progress (1): 11/15 MB
Progress (1): 11/15 MB
Progress (1): 11/15 MB
Progress (1): 11/15 MB
Progress (1): 11/15 MB
Progress (1): 11/15 MB
Progress (1): 11/15 MB
Progress (1): 11/15 MB
Progress (1): 11/15 MB
Progress (1): 11/15 MB
Progress (1): 11/15 MB
Progress (1): 11/15 MB
Progress (1): 11/15 MB
Progress (1): 11/15 MB
Progress (1): 11/15 MB
Progress (1): 11/15 MB
Progress (1): 11/15 MB
Progress (1): 11/15 MB
Progress (1): 11/15 MB
Progress (1): 11/15 MB
Progress (1): 11/15 MB
Progress (1): 11/15 MB
Progress (1): 11/15 MB
Progress (1): 11/15 MB
Progress (1): 11/15 MB
Progress (1): 11/15 MB
Progress (1): 11/15 MB
Progress (1): 11/15 MB
Progress (1): 11/15 MB
Progress (1): 11/15 MB
Progress (1): 11/15 MB
Progress (1): 11/15 MB
Progress (1): 11/15 MB
Progress (1): 11/15 MB
Progress (1): 11/15 MB
Progress (1): 11/15 MB
Progress (1): 11/15 MB
Progress (1): 12/15 MB
Progress (1): 12/15 MB
Progress (1): 12/15 MB
Progress (1): 12/15 MB
Progress (1): 12/15 MB
Progress (1): 12/15 MB
Progress (1): 12/15 MB
Progress (1): 12/15 MB
Progress (1): 12/15 MB
Progress (1): 12/15 MB
Progress (1): 12/15 MB
Progress (1): 12/15 MB
Progress (1): 12/15 MB
Progress (1): 12/15 MB
Progress (1): 12/15 MB
Progress (1): 12/15 MB
Progress (1): 12/15 MB
Progress (1): 12/15 MB
Progress (1): 12/15 MB
Progress (1): 12/15 MB
Progress (1): 12/15 MB
Progress (1): 12/15 MB
Progress (1): 12/15 MB
Progress (1): 12/15 MB
Progress (1): 12/15 MB
Progress (1): 12/15 MB
Progress (1): 12/15 MB
Progress (1): 12/15 MB
Progress (1): 12/15 MB
Progress (1): 12/15 MB
Progress (1): 12/15 MB
Progress (1): 12/15 MB
Progress (1): 12/15 MB
Progress (1): 12/15 MB
Progress (1): 12/15 MB
Progress (1): 12/15 MB
Progress (1): 12/15 MB
Progress (1): 12/15 MB
Progress (1): 12/15 MB
Progress (1): 12/15 MB
Progress (1): 12/15 MB
Progress (1): 12/15 MB
Progress (1): 12/15 MB
Progress (1): 12/15 MB
Progress (1): 12/15 MB
Progress (1): 12/15 MB
Progress (1): 12/15 MB
Progress (1): 12/15 MB
Progress (1): 12/15 MB
Progress (1): 12/15 MB
Progress (1): 12/15 MB
Progress (1): 12/15 MB
Progress (1): 12/15 MB
Progress (1): 12/15 MB
Progress (1): 12/15 MB
Progress (1): 12/15 MB
Progress (1): 12/15 MB
Progress (1): 12/15 MB
Progress (1): 12/15 MB
Progress (1): 12/15 MB
Progress (1): 12/15 MB
Progress (1): 12/15 MB
Progress (1): 12/15 MB
Progress (1): 13/15 MB
Progress (1): 13/15 MB
Progress (1): 13/15 MB
Progress (1): 13/15 MB
Progress (1): 13/15 MB
Progress (1): 13/15 MB
Progress (1): 13/15 MB
Progress (1): 13/15 MB
Progress (1): 13/15 MB
Progress (1): 13/15 MB
Progress (1): 13/15 MB
Progress (1): 13/15 MB
Progress (1): 13/15 MB
Progress (1): 13/15 MB
Progress (1): 13/15 MB
Progress (1): 13/15 MB
Progress (1): 13/15 MB
Progress (1): 13/15 MB
Progress (1): 13/15 MB
Progress (1): 13/15 MB
Progress (1): 13/15 MB
Progress (1): 13/15 MB
Progress (1): 13/15 MB
Progress (1): 13/15 MB
Progress (1): 13/15 MB
Progress (1): 13/15 MB
Progress (1): 13/15 MB
Progress (1): 13/15 MB
Progress (1): 13/15 MB
Progress (1): 13/15 MB
Progress (1): 13/15 MB
Progress (1): 13/15 MB
Progress (1): 13/15 MB
Progress (1): 13/15 MB
Progress (1): 13/15 MB
Progress (1): 13/15 MB
Progress (1): 13/15 MB
Progress (1): 13/15 MB
Progress (1): 13/15 MB
Progress (1): 13/15 MB
Progress (1): 13/15 MB
Progress (1): 13/15 MB
Progress (1): 13/15 MB
Progress (1): 13/15 MB
Progress (1): 13/15 MB
Progress (1): 13/15 MB
Progress (1): 13/15 MB
Progress (1): 13/15 MB
Progress (1): 13/15 MB
Progress (1): 13/15 MB
Progress (1): 13/15 MB
Progress (1): 13/15 MB
Progress (1): 13/15 MB
Progress (1): 13/15 MB
Progress (1): 13/15 MB
Progress (1): 13/15 MB
Progress (1): 13/15 MB
Progress (1): 13/15 MB
Progress (1): 13/15 MB
Progress (1): 13/15 MB
Progress (1): 13/15 MB
Progress (1): 13/15 MB
Progress (1): 14/15 MB
Progress (1): 14/15 MB
Progress (1): 14/15 MB
Progress (1): 14/15 MB
Progress (1): 14/15 MB
Progress (1): 14/15 MB
Progress (1): 14/15 MB
Progress (1): 14/15 MB
Progress (1): 14/15 MB
Progress (1): 14/15 MB
Progress (1): 14/15 MB
Progress (1): 14/15 MB
Progress (1): 14/15 MB
Progress (1): 14/15 MB
Progress (1): 14/15 MB
Progress (1): 14/15 MB
Progress (1): 14/15 MB
Progress (1): 14/15 MB
Progress (1): 14/15 MB
Progress (1): 14/15 MB
Progress (1): 14/15 MB
Progress (1): 14/15 MB
Progress (1): 14/15 MB
Progress (1): 14/15 MB
Progress (1): 14/15 MB
Progress (1): 14/15 MB
Progress (1): 14/15 MB
Progress (1): 14/15 MB
Progress (1): 14/15 MB
Progress (1): 14/15 MB
Progress (1): 14/15 MB
Progress (1): 14/15 MB
Progress (1): 14/15 MB
Progress (1): 14/15 MB
Progress (1): 14/15 MB
Progress (1): 14/15 MB
Progress (1): 14/15 MB
Progress (1): 14/15 MB
Progress (1): 14/15 MB
Progress (1): 14/15 MB
Progress (1): 14/15 MB
Progress (1): 14/15 MB
Progress (1): 14/15 MB
Progress (1): 14/15 MB
Progress (1): 14/15 MB
Progress (1): 14/15 MB
Progress (1): 14/15 MB
Progress (1): 14/15 MB
Progress (1): 14/15 MB
Progress (1): 14/15 MB
Progress (1): 14/15 MB
Progress (1): 14/15 MB
Progress (1): 14/15 MB
Progress (1): 14/15 MB
Progress (1): 14/15 MB
Progress (1): 14/15 MB
Progress (1): 14/15 MB
Progress (1): 14/15 MB
Progress (1): 14/15 MB
Progress (1): 14/15 MB
Progress (1): 14/15 MB
Progress (1): 14/15 MB
Progress (1): 15/15 MB
Progress (1): 15/15 MB
Progress (1): 15/15 MB
Progress (1): 15/15 MB
Progress (1): 15/15 MB
Progress (1): 15/15 MB
Progress (1): 15/15 MB
Progress (1): 15/15 MB
Progress (1): 15/15 MB
Progress (1): 15/15 MB
Progress (1): 15/15 MB
Progress (1): 15/15 MB
Progress (1): 15/15 MB
Progress (1): 15/15 MB
Progress (1): 15/15 MB
Progress (1): 15/15 MB
Progress (1): 15/15 MB
Progress (1): 15/15 MB
Progress (1): 15/15 MB
Progress (1): 15/15 MB
Progress (1): 15 MB   
                   
Downloaded from oss.sonatype.org: https://oss.sonatype.org/content/groups/public/org/aspectj/aspectjtools/1.9.7/aspectjtools-1.9.7.jar (15 MB at 4.8 MB/s)
[INFO] Showing AJC message detail for messages of types: [error, warning, fail]
[WARNING] bad version number found in /home/zhihao/hdd/marshal/benchmarks/cross-repo-pr-impact/results/single-case-pipeline-jcabi-simpledb-v1-2026-08-27/replay-work/formal-github-jcabi-aspects-336--target-jcabi-simpledb-155/m2-a0/org/aspectj/aspectjrt/1.9.9.1/aspectjrt-1.9.9.1.jar expected 1.9.7 found 1.9.9.1
	<unknown source file>:<no line information>

[INFO] Join point 'initialization(void com.jcabi.aspects.aj.ExceptionsLogger.<init>())' in Type 'com.jcabi.aspects.aj.ExceptionsLogger' (ExceptionsLogger.java:48) advised by after advice from 'com.jcabi.aspects.aj.ImmutabilityChecker' (ImmutabilityChecker.java:67)
[INFO] Join point 'initialization(void com.jcabi.aspects.aj.Parallelizer.<init>())' in Type 'com.jcabi.aspects.aj.Parallelizer' (Parallelizer.java:59) advised by after advice from 'com.jcabi.aspects.aj.ImmutabilityChecker' (ImmutabilityChecker.java:67)
[INFO] Join point 'initialization(void com.jcabi.aspects.aj.SingleException.<init>())' in Type 'com.jcabi.aspects.aj.SingleException' (SingleException.java:50) advised by after advice from 'com.jcabi.aspects.aj.ImmutabilityChecker' (ImmutabilityChecker.java:67)
[INFO] Join point 'initialization(void com.jcabi.aspects.aj.QuietExceptionsLogger.<init>())' in Type 'com.jcabi.aspects.aj.QuietExceptionsLogger' (QuietExceptionsLogger.java:49) advised by after advice from 'com.jcabi.aspects.aj.ImmutabilityChecker' (ImmutabilityChecker.java:67)
[INFO] Join point 'initialization(void com.jcabi.aspects.aj.Repeater.<init>())' in Type 'com.jcabi.aspects.aj.Repeater' (Repeater.java:52) advised by after advice from 'com.jcabi.aspects.aj.ImmutabilityChecker' (ImmutabilityChecker.java:67)
[INFO] Join point 'initialization(void com.jcabi.aspects.aj.Mnemos.<init>())' in Type 'com.jcabi.aspects.aj.Mnemos' (Mnemos.java:60) advised by after advice from 'com.jcabi.aspects.aj.ImmutabilityChecker' (ImmutabilityChecker.java:67)
[INFO] 
[INFO] --- resources:3.2.0:testResources (default-testResources) @ jcabi-aspects ---
[INFO] Not copying test resources
[INFO] 
[INFO] --- compiler:3.9.0:testCompile (default-testCompile) @ jcabi-aspects ---
[WARNING]  Parameter 'optimize' (user property 'maven.compiler.optimize') is deprecated: This property is a no-op in {@code javac}.
[INFO] Not compiling test sources
[INFO] 
[INFO] --- aspectj:1.14.0:test-compile (jcabi-weave-classes) @ jcabi-aspects ---
[INFO] Not compiling test sources
[INFO] 
[INFO] --- surefire:3.0.0-M7:test (default-test) @ jcabi-aspects ---
Downloading from oss.sonatype.org: https://oss.sonatype.org/content/groups/public/org/apache/maven/surefire/maven-surefire-common/3.0.0-M7/maven-surefire-common-3.0.0-M7.pom
Progress (1): 823 B
Progress (1): 4.1 kB
Progress (1): 6.5 kB
                    
Downloaded from oss.sonatype.org: https://oss.sonatype.org/content/groups/public/org/apache/maven/surefire/maven-surefire-common/3.0.0-M7/maven-surefire-common-3.0.0-M7.pom (6.5 kB at 10 kB/s)
Downloading from oss.sonatype.org: https://oss.sonatype.org/content/groups/public/org/apache/maven/surefire/surefire-api/3.0.0-M7/surefire-api-3.0.0-M7.pom
Progress (1): 858 B
Progress (1): 2.8 kB
Progress (1): 3.4 kB
                    
Downloaded from oss.sonatype.org: https://oss.sonatype.org/content/groups/public/org/apache/maven/surefire/surefire-api/3.0.0-M7/surefire-api-3.0.0-M7.pom (3.4 kB at 5.4 kB/s)
Downloading from oss.sonatype.org: https://oss.sonatype.org/content/groups/public/org/apache/maven/surefire/surefire-logger-api/3.0.0-M7/surefire-logger-api-3.0.0-M7.pom
Progress (1): 826 B
Progress (1): 2.4 kB
Progress (1): 3.6 kB
                    
Downloaded from oss.sonatype.org: https://oss.sonatype.org/content/groups/public/org/apache/maven/surefire/surefire-logger-api/3.0.0-M7/surefire-logger-api-3.0.0-M7.pom (3.6 kB at 5.0 kB/s)
Downloading from oss.sonatype.org: https://oss.sonatype.org/content/groups/public/org/apache/maven/surefire/surefire-shared-utils/3.0.0-M7/surefire-shared-utils-3.0.0-M7.pom
Progress (1): 1.1 kB
Progress (1): 3.9 kB
                    
Downloaded from oss.sonatype.org: https://oss.sonatype.org/content/groups/public/org/apache/maven/surefire/surefire-shared-utils/3.0.0-M7/surefire-shared-utils-3.0.0-M7.pom (3.9 kB at 6.3 kB/s)
Downloading from oss.sonatype.org: https://oss.sonatype.org/content/groups/public/org/apache/maven/surefire/surefire-extensions-api/3.0.0-M7/surefire-extensions-api-3.0.0-M7.pom
Progress (1): 830 B
Progress (1): 3.0 kB
Progress (1): 3.6 kB
                    
Downloaded from oss.sonatype.org: https://oss.sonatype.org/content/groups/public/org/apache/maven/surefire/surefire-extensions-api/3.0.0-M7/surefire-extensions-api-3.0.0-M7.pom (3.6 kB at 5.7 kB/s)
Downloading from oss.sonatype.org: https://oss.sonatype.org/content/groups/public/org/apache/maven/surefire/surefire-booter/3.0.0-M7/surefire-booter-3.0.0-M7.pom
Progress (1): 831 B
Progress (1): 2.9 kB
Progress (1): 4.4 kB
                    
Downloaded from oss.sonatype.org: https://oss.sonatype.org/content/groups/public/org/apache/maven/surefire/surefire-booter/3.0.0-M7/surefire-booter-3.0.0-M7.pom (4.4 kB at 6.9 kB/s)
Downloading from oss.sonatype.org: https://oss.sonatype.org/content/groups/public/org/apache/maven/surefire/surefire-extensions-spi/3.0.0-M7/surefire-extensions-spi-3.0.0-M7.pom
Progress (1): 873 B
Progress (1): 1.8 kB
                    
Downloaded from oss.sonatype.org: https://oss.sonatype.org/content/groups/public/org/apache/maven/surefire/surefire-extensions-spi/3.0.0-M7/surefire-extensions-spi-3.0.0-M7.pom (1.8 kB at 2.1 kB/s)
Downloading from oss.sonatype.org: https://oss.sonatype.org/content/groups/public/org/codehaus/plexus/plexus-component-annotations/2.1.1/plexus-component-annotations-2.1.1.pom
Progress (1): 770 B
                   
Downloaded from oss.sonatype.org: https://oss.sonatype.org/content/groups/public/org/codehaus/plexus/plexus-component-annotations/2.1.1/plexus-component-annotations-2.1.1.pom (770 B at 1.2 kB/s)
Downloading from oss.sonatype.org: https://oss.sonatype.org/content/groups/public/org/codehaus/plexus/plexus-containers/2.1.1/plexus-containers-2.1.1.pom
Progress (1): 1.3 kB
Progress (1): 4.9 kB
Progress (1): 6.0 kB
                    
Downloaded from oss.sonatype.org: https://oss.sonatype.org/content/groups/public/org/codehaus/plexus/plexus-containers/2.1.1/plexus-containers-2.1.1.pom (6.0 kB at 9.6 kB/s)
Downloading from oss.sonatype.org: https://oss.sonatype.org/content/groups/public/org/eclipse/sisu/org.eclipse.sisu.plexus/0.3.5/org.eclipse.sisu.plexus-0.3.5.pom
Progress (1): 909 B
Progress (1): 3.2 kB
Progress (1): 4.3 kB
                    
Downloaded from oss.sonatype.org: https://oss.sonatype.org/content/groups/public/org/eclipse/sisu/org.eclipse.sisu.plexus/0.3.5/org.eclipse.sisu.plexus-0.3.5.pom (4.3 kB at 6.4 kB/s)
Downloading from oss.sonatype.org: https://oss.sonatype.org/content/groups/public/org/eclipse/sisu/sisu-plexus/0.3.5/sisu-plexus-0.3.5.pom
Progress (1): 861 B
Progress (1): 2.9 kB
Progress (1): 5.2 kB
Progress (1): 9.8 kB
Progress (1): 11 kB 
Progress (1): 14 kB
                   
Downloaded from oss.sonatype.org: https://oss.sonatype.org/content/groups/public/org/eclipse/sisu/sisu-plexus/0.3.5/sisu-plexus-0.3.5.pom (14 kB at 21 kB/s)
Downloading from oss.sonatype.org: https://oss.sonatype.org/content/groups/public/org/eclipse/sisu/org.eclipse.sisu.inject/0.3.5/org.eclipse.sisu.inject-0.3.5.pom
Progress (1): 914 B
Progress (1): 2.6 kB
                    
Downloaded from oss.sonatype.org: https://oss.sonatype.org/content/groups/public/org/eclipse/sisu/org.eclipse.sisu.inject/0.3.5/org.eclipse.sisu.inject-0.3.5.pom (2.6 kB at 4.3 kB/s)
Downloading from oss.sonatype.org: https://oss.sonatype.org/content/groups/public/org/eclipse/sisu/sisu-inject/0.3.5/sisu-inject-0.3.5.pom
Progress (1): 860 B
Progress (1): 2.8 kB
Progress (1): 5.1 kB
Progress (1): 9.6 kB
Progress (1): 11 kB 
Progress (1): 14 kB
                   
Downloaded from oss.sonatype.org: https://oss.sonatype.org/content/groups/public/org/eclipse/sisu/sisu-inject/0.3.5/sisu-inject-0.3.5.pom (14 kB at 24 kB/s)
Downloading from oss.sonatype.org: https://oss.sonatype.org/content/groups/public/org/codehaus/plexus/plexus-java/1.1.1/plexus-java-1.1.1.pom
Progress (1): 1.3 kB
Progress (1): 4.1 kB
Progress (1): 5.0 kB
                    
Downloaded from oss.sonatype.org: https://oss.sonatype.org/content/groups/public/org/codehaus/plexus/plexus-java/1.1.1/plexus-java-1.1.1.pom (5.0 kB at 8.1 kB/s)
Downloading from oss.sonatype.org: https://oss.sonatype.org/content/groups/public/org/codehaus/plexus/plexus-languages/1.1.1/plexus-languages-1.1.1.pom
Progress (1): 1.3 kB
Progress (1): 3.8 kB
Progress (1): 4.6 kB
                    
Downloaded from oss.sonatype.org: https://oss.sonatype.org/content/groups/public/org/codehaus/plexus/plexus-languages/1.1.1/plexus-languages-1.1.1.pom (4.6 kB at 7.5 kB/s)
Downloading from oss.sonatype.org: https://oss.sonatype.org/content/groups/public/org/apache/maven/surefire/maven-surefire-common/3.0.0-M7/maven-surefire-common-3.0.0-M7.jar
Progress (1): 7.7/305 kB
Progress (1): 7.7/305 kB
Progress (1): 24/305 kB 
Progress (1): 40/305 kB
Progress (1): 57/305 kB
Progress (1): 73/305 kB
Progress (1): 90/305 kB
Progress (1): 106/305 kB
Progress (1): 122/305 kB
Progress (1): 139/305 kB
Progress (1): 155/305 kB
Progress (1): 172/305 kB
Progress (1): 188/305 kB
Progress (1): 196/305 kB
Progress (1): 213/305 kB
Progress (1): 229/305 kB
Progress (1): 245/305 kB
Progress (1): 262/305 kB
Progress (1): 278/305 kB
Progress (1): 295/305 kB
Progress (1): 305 kB    
                    
Downloaded from oss.sonatype.org: https://oss.sonatype.org/content/groups/public/org/apache/maven/surefire/maven-surefire-common/3.0.0-M7/maven-surefire-common-3.0.0-M7.jar (305 kB at 495 kB/s)
Downloading from oss.sonatype.org: https://oss.sonatype.org/content/groups/public/org/apache/maven/surefire/surefire-api/3.0.0-M7/surefire-api-3.0.0-M7.jar
Downloading from oss.sonatype.org: https://oss.sonatype.org/content/groups/public/org/apache/maven/surefire/surefire-logger-api/3.0.0-M7/surefire-logger-api-3.0.0-M7.jar
Downloading from oss.sonatype.org: https://oss.sonatype.org/content/groups/public/org/apache/maven/surefire/surefire-extensions-api/3.0.0-M7/surefire-extensions-api-3.0.0-M7.jar
Downloading from oss.sonatype.org: https://oss.sonatype.org/content/groups/public/org/apache/maven/surefire/surefire-booter/3.0.0-M7/surefire-booter-3.0.0-M7.jar
Downloading from oss.sonatype.org: https://oss.sonatype.org/content/groups/public/org/apache/maven/surefire/surefire-extensions-spi/3.0.0-M7/surefire-extensions-spi-3.0.0-M7.jar
Progress (1): 7.7/169 kB
Progress (1): 16/169 kB 
Progress (1): 32/169 kB
Progress (1): 49/169 kB
Progress (1): 65/169 kB
Progress (1): 81/169 kB
Progress (1): 98/169 kB
Progress (1): 114/169 kB
Progress (1): 131/169 kB
Progress (1): 147/169 kB
Progress (1): 163/169 kB
Progress (1): 169 kB    
                    
Downloaded from oss.sonatype.org: https://oss.sonatype.org/content/groups/public/org/apache/maven/surefire/surefire-api/3.0.0-M7/surefire-api-3.0.0-M7.jar (169 kB at 261 kB/s)
Downloading from oss.sonatype.org: https://oss.sonatype.org/content/groups/public/org/codehaus/plexus/plexus-java/1.1.1/plexus-java-1.1.1.jar
Progress (1): 7.7/25 kB
Progress (1): 7.7/25 kB
Progress (1): 24/25 kB 
Progress (1): 25 kB   
                   
Downloaded from oss.sonatype.org: https://oss.sonatype.org/content/groups/public/org/apache/maven/surefire/surefire-extensions-api/3.0.0-M7/surefire-extensions-api-3.0.0-M7.jar (25 kB at 39 kB/s)
Downloading from oss.sonatype.org: https://oss.sonatype.org/content/groups/public/org/apache/maven/surefire/surefire-shared-utils/3.0.0-M7/surefire-shared-utils-3.0.0-M7.jar
Progress (1): 8.1 kB
                    
Downloaded from oss.sonatype.org: https://oss.sonatype.org/content/groups/public/org/apache/maven/surefire/surefire-extensions-spi/3.0.0-M7/surefire-extensions-spi-3.0.0-M7.jar (8.1 kB at 12 kB/s)
Progress (1): 7.7/117 kB
Progress (1): 7.7/117 kB
Progress (1): 24/117 kB 
Progress (1): 40/117 kB
Progress (1): 57/117 kB
Progress (1): 73/117 kB
Progress (1): 90/117 kB
Progress (1): 106/117 kB
Progress (1): 117 kB    
                    
Downloaded from oss.sonatype.org: https://oss.sonatype.org/content/groups/public/org/apache/maven/surefire/surefire-booter/3.0.0-M7/surefire-booter-3.0.0-M7.jar (117 kB at 156 kB/s)
Progress (1): 7.7/14 kB
Progress (1): 14 kB    
                   
Downloaded from oss.sonatype.org: https://oss.sonatype.org/content/groups/public/org/apache/maven/surefire/surefire-logger-api/3.0.0-M7/surefire-logger-api-3.0.0-M7.jar (14 kB at 16 kB/s)
Progress (1): 0/2.1 MB
Progress (1): 0/2.1 MB
Progress (1): 0/2.1 MB
Progress (1): 0/2.1 MB
Progress (1): 0.1/2.1 MB
Progress (1): 0.1/2.1 MB
Progress (1): 0.1/2.1 MB
Progress (1): 0.1/2.1 MB
Progress (1): 0.1/2.1 MB
Progress (1): 0.1/2.1 MB
Progress (1): 0.1/2.1 MB
Progress (1): 0.2/2.1 MB
Progress (1): 0.2/2.1 MB
Progress (1): 0.2/2.1 MB
Progress (1): 0.2/2.1 MB
Progress (1): 0.2/2.1 MB
Progress (1): 0.2/2.1 MB
Progress (1): 0.3/2.1 MB
Progress (1): 0.3/2.1 MB
Progress (1): 0.3/2.1 MB
Progress (1): 0.3/2.1 MB
Progress (1): 0.3/2.1 MB
Progress (1): 0.3/2.1 MB
Progress (1): 0.4/2.1 MB
Progress (1): 0.4/2.1 MB
Progress (1): 0.4/2.1 MB
Progress (1): 0.4/2.1 MB
Progress (1): 0.4/2.1 MB
Progress (2): 0.4/2.1 MB | 7.7/54 kB
Progress (2): 0.4/2.1 MB | 7.7/54 kB
Progress (2): 0.4/2.1 MB | 16/54 kB 
Progress (2): 0.5/2.1 MB | 16/54 kB
Progress (2): 0.5/2.1 MB | 32/54 kB
Progress (2): 0.5/2.1 MB | 32/54 kB
Progress (2): 0.5/2.1 MB | 49/54 kB
Progress (2): 0.5/2.1 MB | 54 kB   
Progress (2): 0.5/2.1 MB | 54 kB
Progress (2): 0.5/2.1 MB | 54 kB
Progress (2): 0.5/2.1 MB | 54 kB
                                
Downloaded from oss.sonatype.org: https://oss.sonatype.org/content/groups/public/org/codehaus/plexus/plexus-java/1.1.1/plexus-java-1.1.1.jar (54 kB at 42 kB/s)
Progress (1): 0.5/2.1 MB
Progress (1): 0.6/2.1 MB
Progress (1): 0.6/2.1 MB
Progress (1): 0.6/2.1 MB
Progress (1): 0.6/2.1 MB
Progress (1): 0.6/2.1 MB
Progress (1): 0.6/2.1 MB
Progress (1): 0.7/2.1 MB
Progress (1): 0.7/2.1 MB
Progress (1): 0.7/2.1 MB
Progress (1): 0.7/2.1 MB
Progress (1): 0.7/2.1 MB
Progress (1): 0.7/2.1 MB
Progress (1): 0.8/2.1 MB
Progress (1): 0.8/2.1 MB
Progress (1): 0.8/2.1 MB
Progress (1): 0.8/2.1 MB
Progress (1): 0.8/2.1 MB
Progress (1): 0.8/2.1 MB
Progress (1): 0.8/2.1 MB
Progress (1): 0.9/2.1 MB
Progress (1): 0.9/2.1 MB
Progress (1): 0.9/2.1 MB
Progress (1): 0.9/2.1 MB
Progress (1): 0.9/2.1 MB
Progress (1): 0.9/2.1 MB
Progress (1): 1.0/2.1 MB
Progress (1): 1.0/2.1 MB
Progress (1): 1.0/2.1 MB
Progress (1): 1.0/2.1 MB
Progress (1): 1.0/2.1 MB
Progress (1): 1.0/2.1 MB
Progress (1): 1.0/2.1 MB
Progress (1): 1.1/2.1 MB
Progress (1): 1.1/2.1 MB
Progress (1): 1.1/2.1 MB
Progress (1): 1.1/2.1 MB
Progress (1): 1.1/2.1 MB
Progress (1): 1.1/2.1 MB
Progress (1): 1.1/2.1 MB
Progress (1): 1.2/2.1 MB
Progress (1): 1.2/2.1 MB
Progress (1): 1.2/2.1 MB
Progress (1): 1.2/2.1 MB
Progress (1): 1.2/2.1 MB
Progress (1): 1.2/2.1 MB
Progress (1): 1.2/2.1 MB
Progress (1): 1.3/2.1 MB
Progress (1): 1.3/2.1 MB
Progress (1): 1.3/2.1 MB
Progress (1): 1.3/2.1 MB
Progress (1): 1.3/2.1 MB
Progress (1): 1.3/2.1 MB
Progress (1): 1.4/2.1 MB
Progress (1): 1.4/2.1 MB
Progress (1): 1.4/2.1 MB
Progress (1): 1.4/2.1 MB
Progress (1): 1.4/2.1 MB
Progress (1): 1.4/2.1 MB
Progress (1): 1.4/2.1 MB
Progress (1): 1.5/2.1 MB
Progress (1): 1.5/2.1 MB
Progress (1): 1.5/2.1 MB
Progress (1): 1.5/2.1 MB
Progress (1): 1.5/2.1 MB
Progress (1): 1.5/2.1 MB
Progress (1): 1.6/2.1 MB
Progress (1): 1.6/2.1 MB
Progress (1): 1.6/2.1 MB
Progress (1): 1.6/2.1 MB
Progress (1): 1.6/2.1 MB
Progress (1): 1.6/2.1 MB
Progress (1): 1.7/2.1 MB
Progress (1): 1.7/2.1 MB
Progress (1): 1.7/2.1 MB
Progress (1): 1.7/2.1 MB
Progress (1): 1.7/2.1 MB
Progress (1): 1.7/2.1 MB
Progress (1): 1.7/2.1 MB
Progress (1): 1.8/2.1 MB
Progress (1): 1.8/2.1 MB
Progress (1): 1.8/2.1 MB
Progress (1): 1.8/2.1 MB
Progress (1): 1.8/2.1 MB
Progress (1): 1.8/2.1 MB
Progress (1): 1.9/2.1 MB
Progress (1): 1.9/2.1 MB
Progress (1): 1.9/2.1 MB
Progress (1): 1.9/2.1 MB
Progress (1): 1.9/2.1 MB
Progress (1): 1.9/2.1 MB
Progress (1): 2.0/2.1 MB
Progress (1): 2.0/2.1 MB
Progress (1): 2.0/2.1 MB
Progress (1): 2.0/2.1 MB
Progress (1): 2.0/2.1 MB
Progress (1): 2.0/2.1 MB
Progress (1): 2.1/2.1 MB
Progress (1): 2.1/2.1 MB
Progress (1): 2.1/2.1 MB
Progress (1): 2.1/2.1 MB
Progress (1): 2.1/2.1 MB
Progress (1): 2.1/2.1 MB
Progress (1): 2.1/2.1 MB
Progress (1): 2.1 MB    
                    
Downloaded from oss.sonatype.org: https://oss.sonatype.org/content/groups/public/org/apache/maven/surefire/surefire-shared-utils/3.0.0-M7/surefire-shared-utils-3.0.0-M7.jar (2.1 MB at 1.6 MB/s)
[INFO] Tests are skipped.
[INFO] 
[INFO] --- jcabi:0.16.0:versionalize (jcabi-versionalize-packages) @ jcabi-aspects ---
Downloading from oss.sonatype.org: https://oss.sonatype.org/content/groups/public/com/jcabi/jcabi-log/0.17.1/jcabi-log-0.17.1.pom
Progress (1): 895 B
Progress (1): 1.9 kB
Progress (1): 3.9 kB
Progress (1): 6.6 kB
                    
Downloaded from oss.sonatype.org: https://oss.sonatype.org/content/groups/public/com/jcabi/jcabi-log/0.17.1/jcabi-log-0.17.1.pom (6.6 kB at 9.0 kB/s)
Downloading from oss.sonatype.org: https://oss.sonatype.org/content/groups/public/com/jcabi/jcabi/1.20.1/jcabi-1.20.1.pom
Progress (1): 886 B
Progress (1): 1.9 kB
Progress (1): 3.6 kB
Progress (1): 6.2 kB
                    
Downloaded from oss.sonatype.org: https://oss.sonatype.org/content/groups/public/com/jcabi/jcabi/1.20.1/jcabi-1.20.1.pom (6.2 kB at 9.7 kB/s)
Downloading from oss.sonatype.org: https://oss.sonatype.org/content/groups/public/com/jcabi/parent/0.37.1/parent-0.37.1.pom
Progress (1): 852 B
Progress (1): 1.7 kB
Progress (1): 3.2 kB
Progress (1): 5.0 kB
Progress (1): 8.6 kB
Progress (1): 12 kB 
Progress (1): 16 kB
Progress (1): 21 kB
Progress (1): 25 kB
Progress (1): 31 kB
Progress (1): 35 kB
Progress (1): 41 kB
Progress (1): 46 kB
Progress (1): 52 kB
Progress (1): 56 kB
Progress (1): 56 kB
Progress (1): 60 kB
Progress (1): 63 kB
Progress (1): 67 kB
Progress (1): 71 kB
Progress (1): 75 kB
                   
Downloaded from oss.sonatype.org: https://oss.sonatype.org/content/groups/public/com/jcabi/parent/0.37.1/parent-0.37.1.pom (75 kB at 115 kB/s)
Downloading from oss.sonatype.org: https://oss.sonatype.org/content/groups/public/com/jcabi/jcabi-aspects/0.23.2/jcabi-aspects-0.23.2.pom
Progress (1): 854 B
Progress (1): 1.8 kB
Progress (1): 4.0 kB
Progress (1): 6.2 kB
Progress (1): 9.0 kB
Progress (1): 9.2 kB
                    
Downloaded from oss.sonatype.org: https://oss.sonatype.org/content/groups/public/com/jcabi/jcabi-aspects/0.23.2/jcabi-aspects-0.23.2.pom (9.2 kB at 14 kB/s)
Downloading from oss.sonatype.org: https://oss.sonatype.org/content/groups/public/com/jcabi/jcabi/1.27.0/jcabi-1.27.0.pom
Progress (1): 858 B
Progress (1): 1.8 kB
Progress (1): 3.4 kB
Progress (1): 5.3 kB
                    
Downloaded from oss.sonatype.org: https://oss.sonatype.org/content/groups/public/com/jcabi/jcabi/1.27.0/jcabi-1.27.0.pom (5.3 kB at 8.0 kB/s)
Downloading from oss.sonatype.org: https://oss.sonatype.org/content/groups/public/com/jcabi/parent/0.51.1/parent-0.51.1.pom
Progress (1): 858 B
Progress (1): 1.8 kB
Progress (1): 3.5 kB
Progress (1): 5.3 kB
Progress (1): 7.7 kB
Progress (1): 9.8 kB
Progress (1): 13 kB 
Progress (1): 17 kB
Progress (1): 19 kB
Progress (1): 23 kB
Progress (1): 27 kB
Progress (1): 31 kB
Progress (1): 35 kB
Progress (1): 40 kB
Progress (1): 44 kB
Progress (1): 48 kB
Progress (1): 50 kB
Progress (1): 53 kB
Progress (1): 56 kB
Progress (1): 60 kB
Progress (1): 62 kB
                   
Downloaded from oss.sonatype.org: https://oss.sonatype.org/content/groups/public/com/jcabi/parent/0.51.1/parent-0.51.1.pom (62 kB at 98 kB/s)
Downloading from oss.sonatype.org: https://oss.sonatype.org/content/groups/public/org/aspectj/aspectjrt/1.9.8.M1/aspectjrt-1.9.8.M1.pom
Progress (1): 1.0 kB
Progress (1): 2.0 kB
                    
Downloaded from oss.sonatype.org: https://oss.sonatype.org/content/groups/public/org/aspectj/aspectjrt/1.9.8.M1/aspectjrt-1.9.8.M1.pom (2.0 kB at 3.2 kB/s)
Downloading from oss.sonatype.org: https://oss.sonatype.org/content/groups/public/com/jcabi/jcabi-maven-slf4j/0.10/jcabi-maven-slf4j-0.10.pom
Progress (1): 872 B
Progress (1): 1.9 kB
Progress (1): 3.9 kB
Progress (1): 4.4 kB
                    
Downloaded from oss.sonatype.org: https://oss.sonatype.org/content/groups/public/com/jcabi/jcabi-maven-slf4j/0.10/jcabi-maven-slf4j-0.10.pom (4.4 kB at 6.9 kB/s)
Downloading from oss.sonatype.org: https://oss.sonatype.org/content/groups/public/org/slf4j/slf4j-api/1.8.0-beta1/slf4j-api-1.8.0-beta1.pom
Progress (1): 1.4 kB
Progress (1): 1.6 kB
                    
Downloaded from oss.sonatype.org: https://oss.sonatype.org/content/groups/public/org/slf4j/slf4j-api/1.8.0-beta1/slf4j-api-1.8.0-beta1.pom (1.6 kB at 2.5 kB/s)
Downloading from oss.sonatype.org: https://oss.sonatype.org/content/groups/public/org/slf4j/slf4j-parent/1.8.0-beta1/slf4j-parent-1.8.0-beta1.pom
Progress (1): 1.0 kB
Progress (1): 3.0 kB
Progress (1): 6.2 kB
Progress (1): 9.0 kB
Progress (1): 12 kB 
Progress (1): 16 kB
Progress (1): 16 kB
                   
Downloaded from oss.sonatype.org: https://oss.sonatype.org/content/groups/public/org/slf4j/slf4j-parent/1.8.0-beta1/slf4j-parent-1.8.0-beta1.pom (16 kB at 25 kB/s)
Downloading from oss.sonatype.org: https://oss.sonatype.org/content/groups/public/org/apache/maven/shared/maven-dependency-tree/3.1.1/maven-dependency-tree-3.1.1.pom
Progress (1): 794 B
Progress (1): 2.2 kB
Progress (1): 4.8 kB
Progress (1): 6.5 kB
                    
Downloaded from oss.sonatype.org: https://oss.sonatype.org/content/groups/public/org/apache/maven/shared/maven-dependency-tree/3.1.1/maven-dependency-tree-3.1.1.pom (6.5 kB at 10.0 kB/s)
Downloading from oss.sonatype.org: https://oss.sonatype.org/content/groups/public/org/apache/maven/shared/maven-shared-components/36/maven-shared-components-36.pom
Progress (1): 781 B
Progress (1): 2.3 kB
Progress (1): 4.5 kB
Progress (1): 4.9 kB
                    
Downloaded from oss.sonatype.org: https://oss.sonatype.org/content/groups/public/org/apache/maven/shared/maven-shared-components/36/maven-shared-components-36.pom (4.9 kB at 7.5 kB/s)
Downloading from oss.sonatype.org: https://oss.sonatype.org/content/groups/public/org/apache/maven/maven-core/3.0.5/maven-core-3.0.5.pom
Progress (1): 802 B
Progress (1): 3.9 kB
Progress (1): 5.5 kB
                    
Downloaded from oss.sonatype.org: https://oss.sonatype.org/content/groups/public/org/apache/maven/maven-core/3.0.5/maven-core-3.0.5.pom (5.5 kB at 8.3 kB/s)
Downloading from oss.sonatype.org: https://oss.sonatype.org/content/groups/public/org/apache/maven/maven/3.0.5/maven-3.0.5.pom
Progress (1): 766 B
Progress (1): 1.9 kB
Progress (1): 3.6 kB
Progress (1): 7.7 kB
Progress (1): 12 kB 
Progress (1): 17 kB
Progress (1): 20 kB
Progress (1): 22 kB
                   
Downloaded from oss.sonatype.org: https://oss.sonatype.org/content/groups/public/org/apache/maven/maven/3.0.5/maven-3.0.5.pom (22 kB at 33 kB/s)
Downloading from oss.sonatype.org: https://oss.sonatype.org/content/groups/public/org/apache/maven/maven-model/3.0.5/maven-model-3.0.5.pom
Progress (1): 816 B
Progress (1): 2.6 kB
Progress (1): 3.8 kB
                    
Downloaded from oss.sonatype.org: https://oss.sonatype.org/content/groups/public/org/apache/maven/maven-model/3.0.5/maven-model-3.0.5.pom (3.8 kB at 6.0 kB/s)
Downloading from oss.sonatype.org: https://oss.sonatype.org/content/groups/public/org/apache/maven/maven-settings/3.0.5/maven-settings-3.0.5.pom
Progress (1): 832 B
Progress (1): 1.8 kB
                    
Downloaded from oss.sonatype.org: https://oss.sonatype.org/content/groups/public/org/apache/maven/maven-settings/3.0.5/maven-settings-3.0.5.pom (1.8 kB at 2.9 kB/s)
Downloading from oss.sonatype.org: https://oss.sonatype.org/content/groups/public/org/apache/maven/maven-settings-builder/3.0.5/maven-settings-builder-3.0.5.pom
Progress (1): 823 B
Progress (1): 2.3 kB
                    
Downloaded from oss.sonatype.org: https://oss.sonatype.org/content/groups/public/org/apache/maven/maven-settings-builder/3.0.5/maven-settings-builder-3.0.5.pom (2.3 kB at 3.2 kB/s)
Downloading from oss.sonatype.org: https://oss.sonatype.org/content/groups/public/org/apache/maven/maven-repository-metadata/3.0.5/maven-repository-metadata-3.0.5.pom
Progress (1): 831 B
Progress (1): 1.9 kB
                    
Downloaded from oss.sonatype.org: https://oss.sonatype.org/content/groups/public/org/apache/maven/maven-repository-metadata/3.0.5/maven-repository-metadata-3.0.5.pom (1.9 kB at 2.9 kB/s)
Downloading from oss.sonatype.org: https://oss.sonatype.org/content/groups/public/org/apache/maven/maven-artifact/3.0.5/maven-artifact-3.0.5.pom
Progress (1): 857 B
Progress (1): 1.6 kB
                    
Downloaded from oss.sonatype.org: https://oss.sonatype.org/content/groups/public/org/apache/maven/maven-artifact/3.0.5/maven-artifact-3.0.5.pom (1.6 kB at 2.5 kB/s)
Downloading from oss.sonatype.org: https://oss.sonatype.org/content/groups/public/org/apache/maven/maven-plugin-api/3.0.5/maven-plugin-api-3.0.5.pom
Progress (1): 821 B
Progress (1): 2.7 kB
                    
Downloaded from oss.sonatype.org: https://oss.sonatype.org/content/groups/public/org/apache/maven/maven-plugin-api/3.0.5/maven-plugin-api-3.0.5.pom (2.7 kB at 4.2 kB/s)
Downloading from oss.sonatype.org: https://oss.sonatype.org/content/groups/public/org/sonatype/sisu/sisu-inject-plexus/2.3.0/sisu-inject-plexus-2.3.0.pom
Progress (1): 903 B
Progress (1): 3.4 kB
Progress (1): 6.1 kB
                    
Downloaded from oss.sonatype.org: https://oss.sonatype.org/content/groups/public/org/sonatype/sisu/sisu-inject-plexus/2.3.0/sisu-inject-plexus-2.3.0.pom (6.1 kB at 9.0 kB/s)
Downloading from oss.sonatype.org: https://oss.sonatype.org/content/groups/public/org/sonatype/sisu/inject/guice-plexus/2.3.0/guice-plexus-2.3.0.pom
Progress (1): 910 B
Progress (1): 3.8 kB
                    
Downloaded from oss.sonatype.org: https://oss.sonatype.org/content/groups/public/org/sonatype/sisu/inject/guice-plexus/2.3.0/guice-plexus-2.3.0.pom (3.8 kB at 5.8 kB/s)
Downloading from oss.sonatype.org: https://oss.sonatype.org/content/groups/public/org/sonatype/sisu/inject/guice-bean/2.3.0/guice-bean-2.3.0.pom
Progress (1): 962 B
Progress (1): 3.0 kB
                    
Downloaded from oss.sonatype.org: https://oss.sonatype.org/content/groups/public/org/sonatype/sisu/inject/guice-bean/2.3.0/guice-bean-2.3.0.pom (3.0 kB at 4.5 kB/s)
Downloading from oss.sonatype.org: https://oss.sonatype.org/content/groups/public/org/sonatype/sisu/inject/containers/2.3.0/containers-2.3.0.pom
Progress (1): 1.0 kB
Progress (1): 1.2 kB
                    
Downloaded from oss.sonatype.org: https://oss.sonatype.org/content/groups/public/org/sonatype/sisu/inject/containers/2.3.0/containers-2.3.0.pom (1.2 kB at 1.8 kB/s)
Downloading from oss.sonatype.org: https://oss.sonatype.org/content/groups/public/org/sonatype/sisu/sisu-inject/2.3.0/sisu-inject-2.3.0.pom
Progress (1): 954 B
Progress (1): 2.7 kB
Progress (1): 3.2 kB
                    
Downloaded from oss.sonatype.org: https://oss.sonatype.org/content/groups/public/org/sonatype/sisu/sisu-inject/2.3.0/sisu-inject-2.3.0.pom (3.2 kB at 5.0 kB/s)
Downloading from oss.sonatype.org: https://oss.sonatype.org/content/groups/public/org/sonatype/sisu/sisu-parent/2.3.0/sisu-parent-2.3.0.pom
Progress (1): 912 B
Progress (1): 3.1 kB
Progress (1): 6.5 kB
Progress (1): 9.2 kB
Progress (1): 11 kB 
                   
Downloaded from oss.sonatype.org: https://oss.sonatype.org/content/groups/public/org/sonatype/sisu/sisu-parent/2.3.0/sisu-parent-2.3.0.pom (11 kB at 17 kB/s)
Downloading from oss.sonatype.org: https://oss.sonatype.org/content/groups/public/org/sonatype/sisu/sisu-inject-bean/2.3.0/sisu-inject-bean-2.3.0.pom
Progress (1): 919 B
Progress (1): 3.5 kB
Progress (1): 5.7 kB
Progress (1): 7.1 kB
                    
Downloaded from oss.sonatype.org: https://oss.sonatype.org/content/groups/public/org/sonatype/sisu/sisu-inject-bean/2.3.0/sisu-inject-bean-2.3.0.pom (7.1 kB at 11 kB/s)
Downloading from oss.sonatype.org: https://oss.sonatype.org/content/groups/public/org/sonatype/sisu/sisu-guava/0.9.9/sisu-guava-0.9.9.pom
Progress (1): 1.1 kB
                    
Downloaded from oss.sonatype.org: https://oss.sonatype.org/content/groups/public/org/sonatype/sisu/sisu-guava/0.9.9/sisu-guava-0.9.9.pom (1.1 kB at 1.7 kB/s)
Downloading from oss.sonatype.org: https://oss.sonatype.org/content/groups/public/org/sonatype/sisu/inject/guava-parent/0.9.9/guava-parent-0.9.9.pom
Progress (1): 800 B
Progress (1): 2.4 kB
Progress (1): 4.3 kB
Progress (1): 7.0 kB
Progress (1): 9.2 kB
Progress (1): 11 kB 
                   
Downloaded from oss.sonatype.org: https://oss.sonatype.org/content/groups/public/org/sonatype/sisu/inject/guava-parent/0.9.9/guava-parent-0.9.9.pom (11 kB at 16 kB/s)
Downloading from oss.sonatype.org: https://oss.sonatype.org/content/groups/public/org/apache/maven/maven-model-builder/3.0.5/maven-model-builder-3.0.5.pom
Progress (1): 842 B
Progress (1): 2.5 kB
                    
Downloaded from oss.sonatype.org: https://oss.sonatype.org/content/groups/public/org/apache/maven/maven-model-builder/3.0.5/maven-model-builder-3.0.5.pom (2.5 kB at 3.8 kB/s)
Downloading from oss.sonatype.org: https://oss.sonatype.org/content/groups/public/org/apache/maven/maven-aether-provider/3.0.5/maven-aether-provider-3.0.5.pom
Progress (1): 822 B
Progress (1): 2.8 kB
                    
Downloaded from oss.sonatype.org: https://oss.sonatype.org/content/groups/public/org/apache/maven/maven-aether-provider/3.0.5/maven-aether-provider-3.0.5.pom (2.8 kB at 3.9 kB/s)
Downloading from oss.sonatype.org: https://oss.sonatype.org/content/groups/public/org/sonatype/aether/aether-api/1.13.1/aether-api-1.13.1.pom
Progress (1): 953 B
Progress (1): 1.4 kB
                    
Downloaded from oss.sonatype.org: https://oss.sonatype.org/content/groups/public/org/sonatype/aether/aether-api/1.13.1/aether-api-1.13.1.pom (1.4 kB at 2.0 kB/s)
Downloading from oss.sonatype.org: https://oss.sonatype.org/content/groups/public/org/sonatype/aether/aether/1.13.1/aether-1.13.1.pom
Progress (1): 935 B
Progress (1): 3.2 kB
Progress (1): 5.7 kB
Progress (1): 8.9 kB
Progress (1): 10 kB 
                   
Downloaded from oss.sonatype.org: https://oss.sonatype.org/content/groups/public/org/sonatype/aether/aether/1.13.1/aether-1.13.1.pom (10 kB at 15 kB/s)
Downloading from oss.sonatype.org: https://oss.sonatype.org/content/groups/public/org/sonatype/aether/aether-spi/1.13.1/aether-spi-1.13.1.pom
Progress (1): 922 B
Progress (1): 1.4 kB
                    
Downloaded from oss.sonatype.org: https://oss.sonatype.org/content/groups/public/org/sonatype/aether/aether-spi/1.13.1/aether-spi-1.13.1.pom (1.4 kB at 2.1 kB/s)
Downloading from oss.sonatype.org: https://oss.sonatype.org/content/groups/public/org/sonatype/aether/aether-util/1.13.1/aether-util-1.13.1.pom
Progress (1): 934 B
Progress (1): 1.7 kB
                    
Downloaded from oss.sonatype.org: https://oss.sonatype.org/content/groups/public/org/sonatype/aether/aether-util/1.13.1/aether-util-1.13.1.pom (1.7 kB at 2.8 kB/s)
Downloading from oss.sonatype.org: https://oss.sonatype.org/content/groups/public/org/sonatype/aether/aether-impl/1.13.1/aether-impl-1.13.1.pom
Progress (1): 990 B
Progress (1): 2.5 kB
                    
Downloaded from oss.sonatype.org: https://oss.sonatype.org/content/groups/public/org/sonatype/aether/aether-impl/1.13.1/aether-impl-1.13.1.pom (2.5 kB at 3.9 kB/s)
Downloading from oss.sonatype.org: https://oss.sonatype.org/content/groups/public/org/eclipse/aether/aether-util/1.1.0/aether-util-1.1.0.pom
Progress (1): 932 B
Progress (1): 2.1 kB
                    
Downloaded from oss.sonatype.org: https://oss.sonatype.org/content/groups/public/org/eclipse/aether/aether-util/1.1.0/aether-util-1.1.0.pom (2.1 kB at 3.2 kB/s)
Downloading from oss.sonatype.org: https://oss.sonatype.org/content/groups/public/org/eclipse/aether/aether/1.1.0/aether-1.1.0.pom
Progress (1): 854 B
Progress (1): 3.2 kB
Progress (1): 5.3 kB
Progress (1): 7.7 kB
Progress (1): 9.9 kB
Progress (1): 14 kB 
Progress (1): 18 kB
Progress (1): 22 kB
Progress (1): 26 kB
                   
Downloaded from oss.sonatype.org: https://oss.sonatype.org/content/groups/public/org/eclipse/aether/aether/1.1.0/aether-1.1.0.pom (26 kB at 40 kB/s)
Downloading from oss.sonatype.org: https://oss.sonatype.org/content/groups/public/org/aspectj/aspectjtools/1.9.8.M1/aspectjtools-1.9.8.M1.pom
Progress (1): 919 B
Progress (1): 2.3 kB
                    
Downloaded from oss.sonatype.org: https://oss.sonatype.org/content/groups/public/org/aspectj/aspectjtools/1.9.8.M1/aspectjtools-1.9.8.M1.pom (2.3 kB at 3.6 kB/s)
Downloading from oss.sonatype.org: https://oss.sonatype.org/content/groups/public/javax/el/javax.el-api/3.0.1-b06/javax.el-api-3.0.1-b06.pom
Progress (1): 723 B
Progress (1): 2.0 kB
Progress (1): 3.5 kB
Progress (1): 5.9 kB
Progress (1): 7.7 kB
Progress (1): 11 kB 
Progress (1): 11 kB
                   
Downloaded from oss.sonatype.org: https://oss.sonatype.org/content/groups/public/javax/el/javax.el-api/3.0.1-b06/javax.el-api-3.0.1-b06.pom (11 kB at 17 kB/s)
Downloading from oss.sonatype.org: https://oss.sonatype.org/content/groups/public/org/apache/maven/maven-plugin-api/3.8.6/maven-plugin-api-3.8.6.pom
Progress (1): 801 B
Progress (1): 2.9 kB
Progress (1): 3.0 kB
                    
Downloaded from oss.sonatype.org: https://oss.sonatype.org/content/groups/public/org/apache/maven/maven-plugin-api/3.8.6/maven-plugin-api-3.8.6.pom (3.0 kB at 4.8 kB/s)
Downloading from oss.sonatype.org: https://oss.sonatype.org/content/groups/public/org/apache/maven/maven/3.8.6/maven-3.8.6.pom
Progress (1): 710 B
Progress (1): 1.9 kB
Progress (1): 3.5 kB
Progress (1): 5.5 kB
Progress (1): 10 kB 
Progress (1): 16 kB
Progress (1): 20 kB
Progress (1): 22 kB
Progress (1): 25 kB
Progress (1): 27 kB
                   
Downloaded from oss.sonatype.org: https://oss.sonatype.org/content/groups/public/org/apache/maven/maven/3.8.6/maven-3.8.6.pom (27 kB at 42 kB/s)
Downloading from oss.sonatype.org: https://oss.sonatype.org/content/groups/public/org/apache/maven/maven-model/3.8.6/maven-model-3.8.6.pom
Progress (1): 801 B
Progress (1): 2.6 kB
Progress (1): 2.8 kB
                    
Downloaded from oss.sonatype.org: https://oss.sonatype.org/content/groups/public/org/apache/maven/maven-model/3.8.6/maven-model-3.8.6.pom (2.8 kB at 4.5 kB/s)
Downloading from oss.sonatype.org: https://oss.sonatype.org/content/groups/public/org/codehaus/plexus/plexus-utils/3.3.1/plexus-utils-3.3.1.pom
Progress (1): 749 B
Progress (1): 2.6 kB
Progress (1): 5.0 kB
Progress (1): 5.3 kB
                    
Downloaded from oss.sonatype.org: https://oss.sonatype.org/content/groups/public/org/codehaus/plexus/plexus-utils/3.3.1/plexus-utils-3.3.1.pom (5.3 kB at 8.1 kB/s)
Downloading from oss.sonatype.org: https://oss.sonatype.org/content/groups/public/org/apache/maven/maven-artifact/3.8.6/maven-artifact-3.8.6.pom
Progress (1): 822 B
Progress (1): 2.4 kB
                    
Downloaded from oss.sonatype.org: https://oss.sonatype.org/content/groups/public/org/apache/maven/maven-artifact/3.8.6/maven-artifact-3.8.6.pom (2.4 kB at 3.8 kB/s)
Downloading from oss.sonatype.org: https://oss.sonatype.org/content/groups/public/org/apache/maven/maven-core/3.8.6/maven-core-3.8.6.pom
Progress (1): 787 B
Progress (1): 4.3 kB
Progress (1): 7.1 kB
Progress (1): 7.6 kB
                    
Downloaded from oss.sonatype.org: https://oss.sonatype.org/content/groups/public/org/apache/maven/maven-core/3.8.6/maven-core-3.8.6.pom (7.6 kB at 11 kB/s)
Downloading from oss.sonatype.org: https://oss.sonatype.org/content/groups/public/org/apache/maven/maven-settings/3.8.6/maven-settings-3.8.6.pom
Progress (1): 832 B
Progress (1): 1.9 kB
                    
Downloaded from oss.sonatype.org: https://oss.sonatype.org/content/groups/public/org/apache/maven/maven-settings/3.8.6/maven-settings-3.8.6.pom (1.9 kB at 2.8 kB/s)
Downloading from oss.sonatype.org: https://oss.sonatype.org/content/groups/public/org/apache/maven/maven-settings-builder/3.8.6/maven-settings-builder-3.8.6.pom
Progress (1): 822 B
Progress (1): 2.5 kB
                    
Downloaded from oss.sonatype.org: https://oss.sonatype.org/content/groups/public/org/apache/maven/maven-settings-builder/3.8.6/maven-settings-builder-3.8.6.pom (2.5 kB at 4.1 kB/s)
Downloading from oss.sonatype.org: https://oss.sonatype.org/content/groups/public/org/apache/maven/maven-builder-support/3.8.6/maven-builder-support-3.8.6.pom
Progress (1): 837 B
Progress (1): 1.4 kB
                    
Downloaded from oss.sonatype.org: https://oss.sonatype.org/content/groups/public/org/apache/maven/maven-builder-support/3.8.6/maven-builder-support-3.8.6.pom (1.4 kB at 2.2 kB/s)
Downloading from oss.sonatype.org: https://oss.sonatype.org/content/groups/public/org/codehaus/plexus/plexus-sec-dispatcher/2.0/plexus-sec-dispatcher-2.0.pom
Progress (1): 1.3 kB
Progress (1): 3.2 kB
                    
Downloaded from oss.sonatype.org: https://oss.sonatype.org/content/groups/public/org/codehaus/plexus/plexus-sec-dispatcher/2.0/plexus-sec-dispatcher-2.0.pom (3.2 kB at 4.7 kB/s)
Downloading from oss.sonatype.org: https://oss.sonatype.org/content/groups/public/org/codehaus/plexus/plexus-cipher/2.0/plexus-cipher-2.0.pom
Progress (1): 1.3 kB
Progress (1): 4.3 kB
Progress (1): 4.4 kB
                    
Downloaded from oss.sonatype.org: https://oss.sonatype.org/content/groups/public/org/codehaus/plexus/plexus-cipher/2.0/plexus-cipher-2.0.pom (4.4 kB at 6.9 kB/s)
Downloading from oss.sonatype.org: https://oss.sonatype.org/content/groups/public/org/apache/maven/maven-repository-metadata/3.8.6/maven-repository-metadata-3.8.6.pom
Progress (1): 823 B
Progress (1): 2.1 kB
                    
Downloaded from oss.sonatype.org: https://oss.sonatype.org/content/groups/public/org/apache/maven/maven-repository-metadata/3.8.6/maven-repository-metadata-3.8.6.pom (2.1 kB at 3.2 kB/s)
Downloading from oss.sonatype.org: https://oss.sonatype.org/content/groups/public/org/apache/maven/maven-model-builder/3.8.6/maven-model-builder-3.8.6.pom
Progress (1): 818 B
Progress (1): 3.4 kB
Progress (1): 3.4 kB
                    
Downloaded from oss.sonatype.org: https://oss.sonatype.org/content/groups/public/org/apache/maven/maven-model-builder/3.8.6/maven-model-builder-3.8.6.pom (3.4 kB at 5.5 kB/s)
Downloading from oss.sonatype.org: https://oss.sonatype.org/content/groups/public/org/apache/maven/maven-resolver-provider/3.8.6/maven-resolver-provider-3.8.6.pom
Progress (1): 799 B
Progress (1): 3.6 kB
Progress (1): 4.2 kB
                    
Downloaded from oss.sonatype.org: https://oss.sonatype.org/content/groups/public/org/apache/maven/maven-resolver-provider/3.8.6/maven-resolver-provider-3.8.6.pom (4.2 kB at 5.9 kB/s)
Downloading from oss.sonatype.org: https://oss.sonatype.org/content/groups/public/org/apache/maven/resolver/maven-resolver-api/1.6.3/maven-resolver-api-1.6.3.pom
Progress (1): 842 B
Progress (1): 2.5 kB
Progress (1): 2.6 kB
                    
Downloaded from oss.sonatype.org: https://oss.sonatype.org/content/groups/public/org/apache/maven/resolver/maven-resolver-api/1.6.3/maven-resolver-api-1.6.3.pom (2.6 kB at 3.6 kB/s)
Downloading from oss.sonatype.org: https://oss.sonatype.org/content/groups/public/org/apache/maven/resolver/maven-resolver/1.6.3/maven-resolver-1.6.3.pom
Progress (1): 767 B
Progress (1): 2.2 kB
Progress (1): 5.5 kB
Progress (1): 9.0 kB
Progress (1): 13 kB 
Progress (1): 16 kB
Progress (1): 19 kB
                   
Downloaded from oss.sonatype.org: https://oss.sonatype.org/content/groups/public/org/apache/maven/resolver/maven-resolver/1.6.3/maven-resolver-1.6.3.pom (19 kB at 28 kB/s)
Downloading from oss.sonatype.org: https://oss.sonatype.org/content/groups/public/org/apache/maven/resolver/maven-resolver-spi/1.6.3/maven-resolver-spi-1.6.3.pom
Progress (1): 825 B
Progress (1): 2.5 kB
Progress (1): 2.7 kB
                    
Downloaded from oss.sonatype.org: https://oss.sonatype.org/content/groups/public/org/apache/maven/resolver/maven-resolver-spi/1.6.3/maven-resolver-spi-1.6.3.pom (2.7 kB at 3.7 kB/s)
Downloading from oss.sonatype.org: https://oss.sonatype.org/content/groups/public/org/apache/maven/resolver/maven-resolver-util/1.6.3/maven-resolver-util-1.6.3.pom
Progress (1): 825 B
Progress (1): 2.7 kB
Progress (1): 2.8 kB
                    
Downloaded from oss.sonatype.org: https://oss.sonatype.org/content/groups/public/org/apache/maven/resolver/maven-resolver-util/1.6.3/maven-resolver-util-1.6.3.pom (2.8 kB at 4.0 kB/s)
Downloading from oss.sonatype.org: https://oss.sonatype.org/content/groups/public/org/apache/maven/resolver/maven-resolver-impl/1.6.3/maven-resolver-impl-1.6.3.pom
Progress (1): 815 B
Progress (1): 3.5 kB
Progress (1): 4.2 kB
                    
Downloaded from oss.sonatype.org: https://oss.sonatype.org/content/groups/public/org/apache/maven/resolver/maven-resolver-impl/1.6.3/maven-resolver-impl-1.6.3.pom (4.2 kB at 6.6 kB/s)
Downloading from oss.sonatype.org: https://oss.sonatype.org/content/groups/public/org/slf4j/slf4j-api/1.7.30/slf4j-api-1.7.30.pom
Progress (1): 1.0 kB
Progress (1): 3.3 kB
Progress (1): 3.8 kB
                    
Downloaded from oss.sonatype.org: https://oss.sonatype.org/content/groups/public/org/slf4j/slf4j-api/1.7.30/slf4j-api-1.7.30.pom (3.8 kB at 6.2 kB/s)
Downloading from oss.sonatype.org: https://oss.sonatype.org/content/groups/public/org/slf4j/slf4j-parent/1.7.30/slf4j-parent-1.7.30.pom
Progress (1): 1.0 kB
Progress (1): 3.2 kB
Progress (1): 6.0 kB
Progress (1): 9.1 kB
Progress (1): 12 kB 
Progress (1): 14 kB
                   
Downloaded from oss.sonatype.org: https://oss.sonatype.org/content/groups/public/org/slf4j/slf4j-parent/1.7.30/slf4j-parent-1.7.30.pom (14 kB at 22 kB/s)
Downloading from oss.sonatype.org: https://oss.sonatype.org/content/groups/public/com/google/inject/guice/4.2.2/guice-4.2.2.pom
Progress (1): 1.6 kB
Progress (1): 3.6 kB
Progress (1): 6.2 kB
Progress (1): 9.9 kB
Progress (1): 11 kB 
                   
Downloaded from oss.sonatype.org: https://oss.sonatype.org/content/groups/public/com/google/inject/guice/4.2.2/guice-4.2.2.pom (11 kB at 17 kB/s)
Downloading from oss.sonatype.org: https://oss.sonatype.org/content/groups/public/com/google/inject/guice-parent/4.2.2/guice-parent-4.2.2.pom
Progress (1): 797 B
Progress (1): 2.8 kB
Progress (1): 4.4 kB
Progress (1): 7.4 kB
Progress (1): 9.9 kB
Progress (1): 13 kB 
Progress (1): 16 kB
Progress (1): 16 kB
                   
Downloaded from oss.sonatype.org: https://oss.sonatype.org/content/groups/public/com/google/inject/guice-parent/4.2.2/guice-parent-4.2.2.pom (16 kB at 25 kB/s)
Downloading from oss.sonatype.org: https://oss.sonatype.org/content/groups/public/com/google/guava/guava/30.1.1-jre/guava-30.1.1-jre.pom
Progress (1): 1.2 kB
Progress (1): 3.2 kB
Progress (1): 5.2 kB
Progress (1): 6.7 kB
Progress (1): 8.6 kB
Progress (1): 11 kB 
Progress (1): 12 kB
                   
Downloaded from oss.sonatype.org: https://oss.sonatype.org/content/groups/public/com/google/guava/guava/30.1.1-jre/guava-30.1.1-jre.pom (12 kB at 19 kB/s)
Downloading from oss.sonatype.org: https://oss.sonatype.org/content/groups/public/com/google/guava/guava-parent/30.1.1-jre/guava-parent-30.1.1-jre.pom
Progress (1): 862 B
Progress (1): 2.1 kB
Progress (1): 4.3 kB
Progress (1): 7.0 kB
Progress (1): 8.7 kB
Progress (1): 11 kB 
Progress (1): 14 kB
                   
Downloaded from oss.sonatype.org: https://oss.sonatype.org/content/groups/public/com/google/guava/guava-parent/30.1.1-jre/guava-parent-30.1.1-jre.pom (14 kB at 23 kB/s)
Downloading from oss.sonatype.org: https://oss.sonatype.org/content/groups/public/com/google/guava/failureaccess/1.0.1/failureaccess-1.0.1.pom
Progress (1): 980 B
Progress (1): 2.4 kB
                    
Downloaded from oss.sonatype.org: https://oss.sonatype.org/content/groups/public/com/google/guava/failureaccess/1.0.1/failureaccess-1.0.1.pom (2.4 kB at 3.7 kB/s)
Downloading from oss.sonatype.org: https://oss.sonatype.org/content/groups/public/com/google/guava/guava-parent/26.0-android/guava-parent-26.0-android.pom
Progress (1): 986 B
Progress (1): 2.8 kB
Progress (1): 5.4 kB
Progress (1): 7.4 kB
Progress (1): 10 kB 
                   
Downloaded from oss.sonatype.org: https://oss.sonatype.org/content/groups/public/com/google/guava/guava-parent/26.0-android/guava-parent-26.0-android.pom (10 kB at 16 kB/s)
Downloading from oss.sonatype.org: https://oss.sonatype.org/content/groups/public/com/google/guava/listenablefuture/9999.0-empty-to-avoid-conflict-with-guava/listenablefuture-9999.0-empty-to-avoid-conflict-with-guava.pom
Progress (1): 1.0 kB
Progress (1): 2.3 kB
                    
Downloaded from oss.sonatype.org: https://oss.sonatype.org/content/groups/public/com/google/guava/listenablefuture/9999.0-empty-to-avoid-conflict-with-guava/listenablefuture-9999.0-empty-to-avoid-conflict-with-guava.pom (2.3 kB at 3.5 kB/s)
Downloading from oss.sonatype.org: https://oss.sonatype.org/content/groups/public/org/checkerframework/checker-qual/3.8.0/checker-qual-3.8.0.pom
Progress (1): 1.2 kB
Progress (1): 2.2 kB
                    
Downloaded from oss.sonatype.org: https://oss.sonatype.org/content/groups/public/org/checkerframework/checker-qual/3.8.0/checker-qual-3.8.0.pom (2.2 kB at 3.3 kB/s)
Downloading from oss.sonatype.org: https://oss.sonatype.org/content/groups/public/com/google/errorprone/error_prone_annotations/2.5.1/error_prone_annotations-2.5.1.pom
Progress (1): 835 B
Progress (1): 2.1 kB
                    
Downloaded from oss.sonatype.org: https://oss.sonatype.org/content/groups/public/com/google/errorprone/error_prone_annotations/2.5.1/error_prone_annotations-2.5.1.pom (2.1 kB at 3.4 kB/s)
Downloading from oss.sonatype.org: https://oss.sonatype.org/content/groups/public/com/google/errorprone/error_prone_parent/2.5.1/error_prone_parent-2.5.1.pom
Progress (1): 745 B
Progress (1): 2.4 kB
Progress (1): 4.9 kB
Progress (1): 7.0 kB
                    
Downloaded from oss.sonatype.org: https://oss.sonatype.org/content/groups/public/com/google/errorprone/error_prone_parent/2.5.1/error_prone_parent-2.5.1.pom (7.0 kB at 11 kB/s)
Downloading from oss.sonatype.org: https://oss.sonatype.org/content/groups/public/com/google/j2objc/j2objc-annotations/1.3/j2objc-annotations-1.3.pom
Progress (1): 858 B
Progress (1): 2.8 kB
                    
Downloaded from oss.sonatype.org: https://oss.sonatype.org/content/groups/public/com/google/j2objc/j2objc-annotations/1.3/j2objc-annotations-1.3.pom (2.8 kB at 4.4 kB/s)
Downloading from oss.sonatype.org: https://oss.sonatype.org/content/groups/public/org/apache/maven/resolver/maven-resolver-api/1.8.1/maven-resolver-api-1.8.1.pom
Progress (1): 843 B
Progress (1): 2.6 kB
Progress (1): 2.6 kB
                    
Downloaded from oss.sonatype.org: https://oss.sonatype.org/content/groups/public/org/apache/maven/resolver/maven-resolver-api/1.8.1/maven-resolver-api-1.8.1.pom (2.6 kB at 4.2 kB/s)
Downloading from oss.sonatype.org: https://oss.sonatype.org/content/groups/public/org/apache/maven/resolver/maven-resolver/1.8.1/maven-resolver-1.8.1.pom
Progress (1): 759 B
Progress (1): 2.2 kB
Progress (1): 4.0 kB
Progress (1): 9.7 kB
Progress (1): 14 kB 
Progress (1): 17 kB
Progress (1): 20 kB
Progress (1): 21 kB
                   
Downloaded from oss.sonatype.org: https://oss.sonatype.org/content/groups/public/org/apache/maven/resolver/maven-resolver/1.8.1/maven-resolver-1.8.1.pom (21 kB at 34 kB/s)
Downloading from oss.sonatype.org: https://oss.sonatype.org/content/groups/public/org/eclipse/sisu/org.eclipse.sisu.plexus/0.9.0.M1/org.eclipse.sisu.plexus-0.9.0.M1.pom
Progress (1): 888 B
Progress (1): 3.2 kB
Progress (1): 4.8 kB
                    
Downloaded from oss.sonatype.org: https://oss.sonatype.org/content/groups/public/org/eclipse/sisu/org.eclipse.sisu.plexus/0.9.0.M1/org.eclipse.sisu.plexus-0.9.0.M1.pom (4.8 kB at 7.6 kB/s)
Downloading from oss.sonatype.org: https://oss.sonatype.org/content/groups/public/org/eclipse/sisu/sisu-plexus/0.9.0.M1/sisu-plexus-0.9.0.M1.pom
Progress (1): 829 B
Progress (1): 2.9 kB
Progress (1): 5.3 kB
Progress (1): 10 kB 
Progress (1): 14 kB
Progress (1): 15 kB
                   
Downloaded from oss.sonatype.org: https://oss.sonatype.org/content/groups/public/org/eclipse/sisu/sisu-plexus/0.9.0.M1/sisu-plexus-0.9.0.M1.pom (15 kB at 24 kB/s)
Downloading from oss.sonatype.org: https://oss.sonatype.org/content/groups/public/org/eclipse/sisu/org.eclipse.sisu.inject/0.9.0.M1/org.eclipse.sisu.inject-0.9.0.M1.pom
Progress (1): 908 B
Progress (1): 3.0 kB
Progress (1): 3.3 kB
                    
Downloaded from oss.sonatype.org: https://oss.sonatype.org/content/groups/public/org/eclipse/sisu/org.eclipse.sisu.inject/0.9.0.M1/org.eclipse.sisu.inject-0.9.0.M1.pom (3.3 kB at 5.4 kB/s)
Downloading from oss.sonatype.org: https://oss.sonatype.org/content/groups/public/org/eclipse/sisu/sisu-inject/0.9.0.M1/sisu-inject-0.9.0.M1.pom
Progress (1): 832 B
Progress (1): 2.9 kB
Progress (1): 5.2 kB
Progress (1): 9.9 kB
Progress (1): 13 kB 
Progress (1): 14 kB
                   
Downloaded from oss.sonatype.org: https://oss.sonatype.org/content/groups/public/org/eclipse/sisu/sisu-inject/0.9.0.M1/sisu-inject-0.9.0.M1.pom (14 kB at 23 kB/s)
Downloading from oss.sonatype.org: https://oss.sonatype.org/content/groups/public/com/jcabi/jcabi-log/0.17.1/jcabi-log-0.17.1.jar
Progress (1): 7.7/50 kB
Progress (1): 16/50 kB 
Progress (1): 32/50 kB
Progress (1): 33/50 kB
Progress (1): 49/50 kB
Progress (1): 50 kB   
                   
Downloaded from oss.sonatype.org: https://oss.sonatype.org/content/groups/public/com/jcabi/jcabi-log/0.17.1/jcabi-log-0.17.1.jar (50 kB at 72 kB/s)
Downloading from oss.sonatype.org: https://oss.sonatype.org/content/groups/public/org/slf4j/slf4j-api/1.7.5/slf4j-api-1.7.5.jar
Downloading from oss.sonatype.org: https://oss.sonatype.org/content/groups/public/com/jcabi/jcabi-aspects/0.23.2/jcabi-aspects-0.23.2.jar
Downloading from oss.sonatype.org: https://oss.sonatype.org/content/groups/public/org/aspectj/aspectjrt/1.9.8.M1/aspectjrt-1.9.8.M1.jar
Downloading from oss.sonatype.org: https://oss.sonatype.org/content/groups/public/com/jcabi/jcabi-maven-slf4j/0.10/jcabi-maven-slf4j-0.10.jar
Downloading from oss.sonatype.org: https://oss.sonatype.org/content/groups/public/org/apache/maven/shared/maven-dependency-tree/3.1.1/maven-dependency-tree-3.1.1.jar
Progress (1): 7.7/86 kB
Progress (1): 16/86 kB 
Progress (1): 24/86 kB
Progress (1): 40/86 kB
Progress (1): 57/86 kB
Progress (1): 73/86 kB
Progress (1): 86 kB   
                   
Downloaded from oss.sonatype.org: https://oss.sonatype.org/content/groups/public/com/jcabi/jcabi-aspects/0.23.2/jcabi-aspects-0.23.2.jar (86 kB at 139 kB/s)
Downloading from oss.sonatype.org: https://oss.sonatype.org/content/groups/public/org/eclipse/aether/aether-util/1.1.0/aether-util-1.1.0.jar
Progress (1): 7.7/7.9 kB
Progress (1): 7.9 kB    
                    
Downloaded from oss.sonatype.org: https://oss.sonatype.org/content/groups/public/com/jcabi/jcabi-maven-slf4j/0.10/jcabi-maven-slf4j-0.10.jar (7.9 kB at 12 kB/s)
Downloading from oss.sonatype.org: https://oss.sonatype.org/content/groups/public/org/aspectj/aspectjtools/1.9.8.M1/aspectjtools-1.9.8.M1.jar
Progress (1): 7.7/123 kB
Progress (1): 16/123 kB 
Progress (1): 32/123 kB
Progress (1): 49/123 kB
Progress (1): 57/123 kB
Progress (1): 73/123 kB
Progress (1): 90/123 kB
Progress (1): 106/123 kB
Progress (1): 122/123 kB
Progress (1): 123 kB    
                    
Downloaded from oss.sonatype.org: https://oss.sonatype.org/content/groups/public/org/aspectj/aspectjrt/1.9.8.M1/aspectjrt-1.9.8.M1.jar (123 kB at 192 kB/s)
Downloading from oss.sonatype.org: https://oss.sonatype.org/content/groups/public/javax/el/javax.el-api/3.0.1-b06/javax.el-api-3.0.1-b06.jar
Progress (1): 7.7/26 kB
Progress (1): 7.7/26 kB
Progress (1): 24/26 kB 
Progress (1): 26 kB   
                   
Downloaded from oss.sonatype.org: https://oss.sonatype.org/content/groups/public/org/slf4j/slf4j-api/1.7.5/slf4j-api-1.7.5.jar (26 kB at 30 kB/s)
Downloading from oss.sonatype.org: https://oss.sonatype.org/content/groups/public/org/apache/maven/maven-plugin-api/3.8.6/maven-plugin-api-3.8.6.jar
Progress (1): 7.7/79 kB
Progress (1): 16/79 kB 
Progress (1): 32/79 kB
Progress (1): 49/79 kB
Progress (1): 65/79 kB
Progress (1): 79 kB   
                   
Downloaded from oss.sonatype.org: https://oss.sonatype.org/content/groups/public/javax/el/javax.el-api/3.0.1-b06/javax.el-api-3.0.1-b06.jar (79 kB at 61 kB/s)
Downloading from oss.sonatype.org: https://oss.sonatype.org/content/groups/public/org/codehaus/plexus/plexus-utils/3.3.1/plexus-utils-3.3.1.jar
Progress (1): 7.7/150 kB
Progress (1): 7.7/150 kB
Progress (1): 24/150 kB 
Progress (1): 40/150 kB
Progress (1): 57/150 kB
Progress (1): 73/150 kB
Progress (1): 90/150 kB
Progress (1): 106/150 kB
Progress (1): 120/150 kB
Progress (1): 137/150 kB
Progress (1): 150 kB    
                    
Downloaded from oss.sonatype.org: https://oss.sonatype.org/content/groups/public/org/eclipse/aether/aether-util/1.1.0/aether-util-1.1.0.jar (150 kB at 112 kB/s)
Downloading from oss.sonatype.org: https://oss.sonatype.org/content/groups/public/org/codehaus/plexus/plexus-classworlds/2.6.0/plexus-classworlds-2.6.0.jar
Progress (1): 0.9/99 kB
Progress (1): 2.3/99 kB
Progress (1): 3.6/99 kB
Progress (1): 5.0/99 kB
Progress (1): 6.4/99 kB
Progress (1): 7.7/99 kB
Progress (1): 9.1/99 kB
Progress (1): 10/99 kB 
Progress (1): 12/99 kB
Progress (1): 13/99 kB
Progress (1): 15/99 kB
Progress (1): 16/99 kB
Progress (1): 17/99 kB
Progress (1): 19/99 kB
Progress (1): 20/99 kB
Progress (1): 21/99 kB
Progress (1): 23/99 kB
Progress (1): 24/99 kB
Progress (1): 26/99 kB
Progress (1): 27/99 kB
Progress (1): 28/99 kB
Progress (1): 30/99 kB
Progress (1): 31/99 kB
Progress (1): 32/99 kB
Progress (1): 34/99 kB
Progress (1): 35/99 kB
Progress (1): 36/99 kB
Progress (1): 38/99 kB
Progress (1): 39/99 kB
Progress (1): 41/99 kB
Progress (1): 42/99 kB
Progress (1): 43/99 kB
Progress (1): 45/99 kB
Progress (1): 46/99 kB
Progress (1): 47/99 kB
Progress (1): 49/99 kB
Progress (1): 50/99 kB
Progress (1): 52/99 kB
Progress (1): 53/99 kB
Progress (1): 57/99 kB
Progress (1): 61/99 kB
Progress (2): 61/99 kB | 7.7/47 kB
Progress (2): 61/99 kB | 16/47 kB 
Progress (2): 61/99 kB | 24/47 kB
Progress (2): 61/99 kB | 40/47 kB
Progress (2): 61/99 kB | 47 kB   
                              
Downloaded from oss.sonatype.org: https://oss.sonatype.org/content/groups/public/org/apache/maven/maven-plugin-api/3.8.6/maven-plugin-api-3.8.6.jar (47 kB at 32 kB/s)
Downloading from oss.sonatype.org: https://oss.sonatype.org/content/groups/public/org/apache/maven/maven-model/3.8.6/maven-model-3.8.6.jar
Progress (2): 61/99 kB | 0/15 MB
Progress (2): 61/99 kB | 0/15 MB
Progress (2): 61/99 kB | 0/15 MB
Progress (2): 61/99 kB | 0/15 MB
Progress (2): 61/99 kB | 0.1/15 MB
Progress (2): 61/99 kB | 0.1/15 MB
Progress (2): 61/99 kB | 0.1/15 MB
Progress (2): 61/99 kB | 0.1/15 MB
Progress (2): 61/99 kB | 0.1/15 MB
Progress (2): 61/99 kB | 0.1/15 MB
Progress (2): 61/99 kB | 0.2/15 MB
Progress (2): 61/99 kB | 0.2/15 MB
Progress (2): 61/99 kB | 0.2/15 MB
Progress (2): 61/99 kB | 0.2/15 MB
Progress (2): 61/99 kB | 0.2/15 MB
Progress (2): 61/99 kB | 0.2/15 MB
Progress (2): 61/99 kB | 0.3/15 MB
Progress (2): 61/99 kB | 0.3/15 MB
Progress (2): 61/99 kB | 0.3/15 MB
Progress (2): 61/99 kB | 0.3/15 MB
Progress (2): 61/99 kB | 0.3/15 MB
Progress (2): 61/99 kB | 0.3/15 MB
Progress (2): 61/99 kB | 0.3/15 MB
Progress (2): 61/99 kB | 0.4/15 MB
Progress (2): 61/99 kB | 0.4/15 MB
Progress (2): 66/99 kB | 0.4/15 MB
Progress (2): 66/99 kB | 0.4/15 MB
Progress (2): 66/99 kB | 0.4/15 MB
Progress (2): 66/99 kB | 0.4/15 MB
Progress (2): 66/99 kB | 0.4/15 MB
Progress (2): 66/99 kB | 0.5/15 MB
Progress (2): 66/99 kB | 0.5/15 MB
Progress (2): 66/99 kB | 0.5/15 MB
Progress (2): 66/99 kB | 0.5/15 MB
Progress (2): 66/99 kB | 0.5/15 MB
Progress (2): 70/99 kB | 0.5/15 MB
Progress (2): 70/99 kB | 0.5/15 MB
Progress (2): 70/99 kB | 0.6/15 MB
Progress (2): 70/99 kB | 0.6/15 MB
Progress (2): 70/99 kB | 0.6/15 MB
Progress (2): 70/99 kB | 0.6/15 MB
Progress (2): 70/99 kB | 0.6/15 MB
Progress (2): 70/99 kB | 0.6/15 MB
Progress (2): 70/99 kB | 0.6/15 MB
Progress (2): 70/99 kB | 0.7/15 MB
Progress (2): 70/99 kB | 0.7/15 MB
Progress (2): 70/99 kB | 0.7/15 MB
Progress (2): 70/99 kB | 0.7/15 MB
Progress (2): 70/99 kB | 0.7/15 MB
Progress (2): 70/99 kB | 0.7/15 MB
Progress (2): 70/99 kB | 0.8/15 MB
Progress (2): 70/99 kB | 0.8/15 MB
Progress (2): 70/99 kB | 0.8/15 MB
Progress (2): 70/99 kB | 0.8/15 MB
Progress (2): 74/99 kB | 0.8/15 MB
Progress (2): 74/99 kB | 0.8/15 MB
Progress (2): 74/99 kB | 0.8/15 MB
Progress (2): 74/99 kB | 0.8/15 MB
Progress (2): 74/99 kB | 0.9/15 MB
Progress (2): 74/99 kB | 0.9/15 MB
Progress (2): 74/99 kB | 0.9/15 MB
Progress (2): 74/99 kB | 0.9/15 MB
Progress (2): 74/99 kB | 0.9/15 MB
Progress (2): 74/99 kB | 0.9/15 MB
Progress (2): 78/99 kB | 0.9/15 MB
Progress (2): 78/99 kB | 1.0/15 MB
Progress (2): 78/99 kB | 1.0/15 MB
Progress (2): 78/99 kB | 1.0/15 MB
Progress (2): 78/99 kB | 1.0/15 MB
Progress (2): 78/99 kB | 1.0/15 MB
Progress (2): 78/99 kB | 1.0/15 MB
Progress (2): 78/99 kB | 1.1/15 MB
Progress (2): 78/99 kB | 1.1/15 MB
Progress (2): 78/99 kB | 1.1/15 MB
Progress (2): 78/99 kB | 1.1/15 MB
Progress (2): 78/99 kB | 1.1/15 MB
Progress (2): 78/99 kB | 1.1/15 MB
Progress (2): 78/99 kB | 1.1/15 MB
Progress (2): 78/99 kB | 1.2/15 MB
Progress (2): 78/99 kB | 1.2/15 MB
Progress (2): 78/99 kB | 1.2/15 MB
Progress (2): 78/99 kB | 1.2/15 MB
Progress (2): 78/99 kB | 1.2/15 MB
Progress (2): 83/99 kB | 1.2/15 MB
Progress (2): 83/99 kB | 1.2/15 MB
Progress (2): 83/99 kB | 1.3/15 MB
Progress (2): 83/99 kB | 1.3/15 MB
Progress (2): 83/99 kB | 1.3/15 MB
Progress (2): 83/99 kB | 1.3/15 MB
Progress (2): 83/99 kB | 1.3/15 MB
Progress (2): 83/99 kB | 1.3/15 MB
Progress (2): 83/99 kB | 1.4/15 MB
Progress (2): 87/99 kB | 1.4/15 MB
Progress (2): 87/99 kB | 1.4/15 MB
Progress (2): 87/99 kB | 1.4/15 MB
Progress (2): 87/99 kB | 1.4/15 MB
Progress (2): 87/99 kB | 1.4/15 MB
Progress (2): 87/99 kB | 1.4/15 MB
Progress (2): 87/99 kB | 1.5/15 MB
Progress (2): 87/99 kB | 1.5/15 MB
Progress (2): 87/99 kB | 1.5/15 MB
Progress (2): 87/99 kB | 1.5/15 MB
Progress (2): 87/99 kB | 1.5/15 MB
Progress (2): 87/99 kB | 1.5/15 MB
Progress (2): 87/99 kB | 1.6/15 MB
Progress (2): 87/99 kB | 1.6/15 MB
Progress (2): 91/99 kB | 1.6/15 MB
Progress (2): 95/99 kB | 1.6/15 MB
Progress (2): 95/99 kB | 1.6/15 MB
Progress (2): 95/99 kB | 1.6/15 MB
Progress (2): 95/99 kB | 1.6/15 MB
Progress (2): 95/99 kB | 1.6/15 MB
Progress (2): 95/99 kB | 1.7/15 MB
Progress (2): 95/99 kB | 1.7/15 MB
Progress (2): 95/99 kB | 1.7/15 MB
Progress (2): 95/99 kB | 1.7/15 MB
Progress (2): 99 kB | 1.7/15 MB   
Progress (2): 99 kB | 1.7/15 MB
Progress (2): 99 kB | 1.7/15 MB
Progress (2): 99 kB | 1.8/15 MB
                               
Downloaded from oss.sonatype.org: https://oss.sonatype.org/content/groups/public/org/apache/maven/shared/maven-dependency-tree/3.1.1/maven-dependency-tree-3.1.1.jar (99 kB at 64 kB/s)
Downloading from oss.sonatype.org: https://oss.sonatype.org/content/groups/public/org/apache/maven/maven-core/3.8.6/maven-core-3.8.6.jar
Progress (1): 1.8/15 MB
Progress (1): 1.8/15 MB
Progress (1): 1.8/15 MB
Progress (1): 1.8/15 MB
Progress (1): 1.8/15 MB
Progress (1): 1.8/15 MB
Progress (1): 1.9/15 MB
Progress (1): 1.9/15 MB
Progress (1): 1.9/15 MB
Progress (1): 1.9/15 MB
Progress (1): 1.9/15 MB
Progress (1): 1.9/15 MB
Progress (1): 2.0/15 MB
Progress (1): 2.0/15 MB
Progress (1): 2.0/15 MB
Progress (1): 2.0/15 MB
Progress (1): 2.0/15 MB
Progress (1): 2.0/15 MB
Progress (1): 2.1/15 MB
Progress (1): 2.1/15 MB
Progress (1): 2.1/15 MB
Progress (1): 2.1/15 MB
Progress (1): 2.1/15 MB
Progress (1): 2.1/15 MB
Progress (1): 2.2/15 MB
Progress (1): 2.2/15 MB
Progress (1): 2.2/15 MB
Progress (1): 2.2/15 MB
Progress (1): 2.2/15 MB
Progress (1): 2.2/15 MB
Progress (1): 2.2/15 MB
Progress (1): 2.3/15 MB
Progress (1): 2.3/15 MB
Progress (1): 2.3/15 MB
Progress (1): 2.3/15 MB
Progress (1): 2.3/15 MB
Progress (1): 2.3/15 MB
Progress (1): 2.4/15 MB
Progress (1): 2.4/15 MB
Progress (1): 2.4/15 MB
Progress (1): 2.4/15 MB
Progress (1): 2.4/15 MB
Progress (1): 2.4/15 MB
Progress (1): 2.4/15 MB
Progress (1): 2.5/15 MB
Progress (1): 2.5/15 MB
Progress (1): 2.5/15 MB
Progress (1): 2.5/15 MB
Progress (1): 2.5/15 MB
Progress (1): 2.5/15 MB
Progress (1): 2.6/15 MB
Progress (1): 2.6/15 MB
Progress (1): 2.6/15 MB
Progress (1): 2.6/15 MB
Progress (1): 2.6/15 MB
Progress (1): 2.6/15 MB
Progress (1): 2.7/15 MB
Progress (1): 2.7/15 MB
Progress (1): 2.7/15 MB
Progress (1): 2.7/15 MB
Progress (1): 2.7/15 MB
Progress (1): 2.7/15 MB
Progress (1): 2.7/15 MB
Progress (1): 2.8/15 MB
Progress (1): 2.8/15 MB
Progress (1): 2.8/15 MB
Progress (1): 2.8/15 MB
Progress (1): 2.8/15 MB
Progress (1): 2.8/15 MB
Progress (1): 2.9/15 MB
Progress (1): 2.9/15 MB
Progress (1): 2.9/15 MB
Progress (1): 2.9/15 MB
Progress (1): 2.9/15 MB
Progress (1): 2.9/15 MB
Progress (1): 2.9/15 MB
Progress (1): 3.0/15 MB
Progress (1): 3.0/15 MB
Progress (1): 3.0/15 MB
Progress (1): 3.0/15 MB
Progress (1): 3.0/15 MB
Progress (1): 3.0/15 MB
Progress (1): 3.1/15 MB
Progress (1): 3.1/15 MB
Progress (1): 3.1/15 MB
Progress (1): 3.1/15 MB
Progress (1): 3.1/15 MB
Progress (1): 3.1/15 MB
Progress (1): 3.1/15 MB
Progress (1): 3.2/15 MB
Progress (1): 3.2/15 MB
Progress (1): 3.2/15 MB
Progress (1): 3.2/15 MB
Progress (1): 3.2/15 MB
Progress (1): 3.2/15 MB
Progress (1): 3.3/15 MB
Progress (1): 3.3/15 MB
Progress (1): 3.3/15 MB
Progress (1): 3.3/15 MB
Progress (1): 3.3/15 MB
Progress (1): 3.3/15 MB
Progress (1): 3.4/15 MB
Progress (1): 3.4/15 MB
Progress (1): 3.4/15 MB
Progress (1): 3.4/15 MB
Progress (1): 3.4/15 MB
Progress (1): 3.4/15 MB
Progress (1): 3.5/15 MB
Progress (1): 3.5/15 MB
Progress (1): 3.5/15 MB
Progress (1): 3.5/15 MB
Progress (1): 3.5/15 MB
Progress (1): 3.5/15 MB
Progress (1): 3.5/15 MB
Progress (1): 3.6/15 MB
Progress (1): 3.6/15 MB
Progress (1): 3.6/15 MB
Progress (1): 3.6/15 MB
Progress (1): 3.6/15 MB
Progress (1): 3.6/15 MB
Progress (1): 3.7/15 MB
Progress (1): 3.7/15 MB
Progress (1): 3.7/15 MB
Progress (1): 3.7/15 MB
Progress (1): 3.7/15 MB
Progress (1): 3.7/15 MB
Progress (1): 3.8/15 MB
Progress (1): 3.8/15 MB
Progress (1): 3.8/15 MB
Progress (1): 3.8/15 MB
Progress (1): 3.8/15 MB
Progress (1): 3.8/15 MB
Progress (1): 3.9/15 MB
Progress (1): 3.9/15 MB
Progress (1): 3.9/15 MB
Progress (1): 3.9/15 MB
Progress (1): 3.9/15 MB
Progress (1): 3.9/15 MB
Progress (1): 4.0/15 MB
Progress (1): 4.0/15 MB
Progress (1): 4.0/15 MB
Progress (1): 4.0/15 MB
Progress (1): 4.0/15 MB
Progress (1): 4.0/15 MB
Progress (1): 4.0/15 MB
Progress (1): 4.1/15 MB
Progress (1): 4.1/15 MB
Progress (1): 4.1/15 MB
Progress (1): 4.1/15 MB
Progress (1): 4.1/15 MB
Progress (1): 4.1/15 MB
Progress (1): 4.2/15 MB
Progress (1): 4.2/15 MB
Progress (1): 4.2/15 MB
Progress (1): 4.2/15 MB
Progress (1): 4.2/15 MB
Progress (1): 4.2/15 MB
Progress (1): 4.2/15 MB
Progress (1): 4.3/15 MB
Progress (1): 4.3/15 MB
Progress (1): 4.3/15 MB
Progress (1): 4.3/15 MB
Progress (1): 4.3/15 MB
Progress (1): 4.3/15 MB
Progress (1): 4.4/15 MB
Progress (1): 4.4/15 MB
Progress (1): 4.4/15 MB
Progress (1): 4.4/15 MB
Progress (1): 4.4/15 MB
Progress (1): 4.4/15 MB
Progress (1): 4.5/15 MB
Progress (1): 4.5/15 MB
Progress (1): 4.5/15 MB
Progress (1): 4.5/15 MB
Progress (1): 4.5/15 MB
Progress (1): 4.5/15 MB
Progress (1): 4.6/15 MB
Progress (1): 4.6/15 MB
Progress (1): 4.6/15 MB
Progress (1): 4.6/15 MB
Progress (1): 4.6/15 MB
Progress (1): 4.6/15 MB
Progress (1): 4.7/15 MB
Progress (1): 4.7/15 MB
Progress (1): 4.7/15 MB
Progress (1): 4.7/15 MB
Progress (1): 4.7/15 MB
Progress (1): 4.7/15 MB
Progress (1): 4.7/15 MB
Progress (1): 4.8/15 MB
Progress (1): 4.8/15 MB
Progress (1): 4.8/15 MB
Progress (1): 4.8/15 MB
Progress (1): 4.8/15 MB
Progress (1): 4.8/15 MB
Progress (1): 4.9/15 MB
Progress (1): 4.9/15 MB
Progress (1): 4.9/15 MB
Progress (1): 4.9/15 MB
Progress (1): 4.9/15 MB
Progress (1): 4.9/15 MB
Progress (1): 5.0/15 MB
Progress (1): 5.0/15 MB
Progress (1): 5.0/15 MB
Progress (1): 5.0/15 MB
Progress (1): 5.0/15 MB
Progress (1): 5.0/15 MB
Progress (1): 5.1/15 MB
Progress (1): 5.1/15 MB
Progress (1): 5.1/15 MB
Progress (1): 5.1/15 MB
Progress (1): 5.1/15 MB
Progress (1): 5.1/15 MB
Progress (1): 5.1/15 MB
Progress (1): 5.2/15 MB
Progress (1): 5.2/15 MB
Progress (1): 5.2/15 MB
Progress (1): 5.2/15 MB
Progress (1): 5.2/15 MB
Progress (1): 5.2/15 MB
Progress (1): 5.3/15 MB
Progress (1): 5.3/15 MB
Progress (1): 5.3/15 MB
Progress (1): 5.3/15 MB
Progress (1): 5.3/15 MB
Progress (1): 5.3/15 MB
Progress (1): 5.4/15 MB
Progress (1): 5.4/15 MB
Progress (1): 5.4/15 MB
Progress (1): 5.4/15 MB
Progress (1): 5.4/15 MB
Progress (1): 5.4/15 MB
Progress (1): 5.5/15 MB
Progress (1): 5.5/15 MB
Progress (1): 5.5/15 MB
Progress (1): 5.5/15 MB
Progress (1): 5.5/15 MB
Progress (1): 5.5/15 MB
Progress (1): 5.5/15 MB
Progress (1): 5.6/15 MB
Progress (1): 5.6/15 MB
Progress (1): 5.6/15 MB
Progress (1): 5.6/15 MB
Progress (1): 5.6/15 MB
Progress (1): 5.6/15 MB
Progress (1): 5.7/15 MB
Progress (1): 5.7/15 MB
Progress (1): 5.7/15 MB
Progress (1): 5.7/15 MB
Progress (1): 5.7/15 MB
Progress (1): 5.7/15 MB
Progress (1): 5.8/15 MB
Progress (1): 5.8/15 MB
Progress (1): 5.8/15 MB
Progress (1): 5.8/15 MB
Progress (1): 5.8/15 MB
Progress (1): 5.8/15 MB
Progress (1): 5.9/15 MB
Progress (1): 5.9/15 MB
Progress (1): 5.9/15 MB
Progress (1): 5.9/15 MB
Progress (1): 5.9/15 MB
Progress (1): 5.9/15 MB
Progress (1): 6.0/15 MB
Progress (1): 6.0/15 MB
Progress (1): 6.0/15 MB
Progress (1): 6.0/15 MB
Progress (1): 6.0/15 MB
Progress (1): 6.0/15 MB
Progress (1): 6.0/15 MB
Progress (1): 6.1/15 MB
Progress (1): 6.1/15 MB
Progress (1): 6.1/15 MB
Progress (1): 6.1/15 MB
Progress (1): 6.1/15 MB
Progress (1): 6.1/15 MB
Progress (1): 6.2/15 MB
Progress (1): 6.2/15 MB
Progress (1): 6.2/15 MB
Progress (1): 6.2/15 MB
Progress (1): 6.2/15 MB
Progress (1): 6.2/15 MB
Progress (1): 6.3/15 MB
Progress (1): 6.3/15 MB
Progress (1): 6.3/15 MB
Progress (1): 6.3/15 MB
Progress (1): 6.3/15 MB
Progress (1): 6.3/15 MB
Progress (1): 6.4/15 MB
Progress (1): 6.4/15 MB
Progress (1): 6.4/15 MB
Progress (1): 6.4/15 MB
Progress (1): 6.4/15 MB
Progress (1): 6.4/15 MB
Progress (1): 6.5/15 MB
Progress (1): 6.5/15 MB
Progress (1): 6.5/15 MB
Progress (1): 6.5/15 MB
Progress (1): 6.5/15 MB
Progress (1): 6.5/15 MB
Progress (1): 6.6/15 MB
Progress (1): 6.6/15 MB
Progress (1): 6.6/15 MB
Progress (1): 6.6/15 MB
Progress (1): 6.6/15 MB
Progress (1): 6.6/15 MB
Progress (1): 6.7/15 MB
Progress (1): 6.7/15 MB
Progress (1): 6.7/15 MB
Progress (1): 6.7/15 MB
Progress (1): 6.7/15 MB
Progress (1): 6.7/15 MB
Progress (1): 6.7/15 MB
Progress (1): 6.8/15 MB
Progress (1): 6.8/15 MB
Progress (1): 6.8/15 MB
Progress (1): 6.8/15 MB
Progress (1): 6.8/15 MB
Progress (1): 6.8/15 MB
Progress (1): 6.9/15 MB
Progress (1): 6.9/15 MB
Progress (1): 6.9/15 MB
Progress (1): 6.9/15 MB
Progress (1): 6.9/15 MB
Progress (1): 6.9/15 MB
Progress (1): 6.9/15 MB
Progress (1): 7.0/15 MB
Progress (1): 7.0/15 MB
Progress (1): 7.0/15 MB
Progress (1): 7.0/15 MB
Progress (1): 7.0/15 MB
Progress (1): 7.0/15 MB
Progress (1): 7.1/15 MB
Progress (1): 7.1/15 MB
Progress (1): 7.1/15 MB
Progress (1): 7.1/15 MB
Progress (1): 7.1/15 MB
Progress (1): 7.1/15 MB
Progress (1): 7.2/15 MB
Progress (1): 7.2/15 MB
Progress (1): 7.2/15 MB
Progress (1): 7.2/15 MB
Progress (1): 7.2/15 MB
Progress (1): 7.2/15 MB
Progress (1): 7.3/15 MB
Progress (1): 7.3/15 MB
Progress (1): 7.3/15 MB
Progress (1): 7.3/15 MB
Progress (1): 7.3/15 MB
Progress (1): 7.3/15 MB
Progress (1): 7.4/15 MB
Progress (1): 7.4/15 MB
Progress (1): 7.4/15 MB
Progress (1): 7.4/15 MB
Progress (1): 7.4/15 MB
Progress (1): 7.4/15 MB
Progress (1): 7.4/15 MB
Progress (1): 7.5/15 MB
Progress (1): 7.5/15 MB
Progress (1): 7.5/15 MB
Progress (1): 7.5/15 MB
Progress (1): 7.5/15 MB
Progress (1): 7.5/15 MB
Progress (1): 7.6/15 MB
Progress (1): 7.6/15 MB
Progress (1): 7.6/15 MB
Progress (1): 7.6/15 MB
Progress (1): 7.6/15 MB
Progress (1): 7.6/15 MB
Progress (1): 7.7/15 MB
Progress (1): 7.7/15 MB
Progress (1): 7.7/15 MB
Progress (1): 7.7/15 MB
Progress (1): 7.7/15 MB
Progress (1): 7.7/15 MB
Progress (1): 7.7/15 MB
Progress (1): 7.8/15 MB
Progress (1): 7.8/15 MB
Progress (1): 7.8/15 MB
Progress (1): 7.8/15 MB
Progress (1): 7.8/15 MB
Progress (1): 7.8/15 MB
Progress (1): 7.9/15 MB
Progress (1): 7.9/15 MB
Progress (1): 7.9/15 MB
Progress (1): 7.9/15 MB
Progress (1): 7.9/15 MB
Progress (1): 7.9/15 MB
Progress (1): 7.9/15 MB
Progress (1): 8.0/15 MB
Progress (1): 8.0/15 MB
Progress (1): 8.0/15 MB
Progress (1): 8.0/15 MB
Progress (1): 8.0/15 MB
Progress (1): 8.0/15 MB
Progress (1): 8.1/15 MB
Progress (1): 8.1/15 MB
Progress (1): 8.1/15 MB
Progress (1): 8.1/15 MB
Progress (1): 8.1/15 MB
Progress (1): 8.1/15 MB
Progress (1): 8.2/15 MB
Progress (1): 8.2/15 MB
Progress (1): 8.2/15 MB
Progress (1): 8.2/15 MB
Progress (1): 8.2/15 MB
Progress (1): 8.2/15 MB
Progress (1): 8.2/15 MB
Progress (1): 8.3/15 MB
Progress (1): 8.3/15 MB
Progress (1): 8.3/15 MB
Progress (1): 8.3/15 MB
Progress (1): 8.3/15 MB
Progress (1): 8.3/15 MB
Progress (1): 8.4/15 MB
Progress (1): 8.4/15 MB
Progress (1): 8.4/15 MB
Progress (1): 8.4/15 MB
Progress (1): 8.4/15 MB
Progress (1): 8.4/15 MB
Progress (1): 8.5/15 MB
Progress (1): 8.5/15 MB
Progress (1): 8.5/15 MB
Progress (1): 8.5/15 MB
Progress (1): 8.5/15 MB
Progress (1): 8.5/15 MB
Progress (1): 8.6/15 MB
Progress (1): 8.6/15 MB
Progress (1): 8.6/15 MB
Progress (1): 8.6/15 MB
Progress (1): 8.6/15 MB
Progress (1): 8.6/15 MB
Progress (1): 8.6/15 MB
Progress (1): 8.7/15 MB
Progress (1): 8.7/15 MB
Progress (1): 8.7/15 MB
Progress (1): 8.7/15 MB
Progress (1): 8.7/15 MB
Progress (1): 8.7/15 MB
Progress (1): 8.8/15 MB
Progress (1): 8.8/15 MB
Progress (1): 8.8/15 MB
Progress (1): 8.8/15 MB
Progress (1): 8.8/15 MB
Progress (1): 8.8/15 MB
Progress (1): 8.8/15 MB
Progress (1): 8.9/15 MB
Progress (1): 8.9/15 MB
Progress (1): 8.9/15 MB
Progress (1): 8.9/15 MB
Progress (1): 8.9/15 MB
Progress (1): 8.9/15 MB
Progress (2): 8.9/15 MB | 7.7/262 kB
Progress (2): 8.9/15 MB | 7.7/262 kB
Progress (2): 8.9/15 MB | 7.7/262 kB
Progress (2): 8.9/15 MB | 24/262 kB 
Progress (2): 9.0/15 MB | 24/262 kB
Progress (2): 9.0/15 MB | 40/262 kB
Progress (2): 9.0/15 MB | 40/262 kB
Progress (2): 9.0/15 MB | 57/262 kB
Progress (2): 9.0/15 MB | 57/262 kB
Progress (2): 9.0/15 MB | 73/262 kB
Progress (2): 9.0/15 MB | 73/262 kB
Progress (2): 9.0/15 MB | 90/262 kB
Progress (2): 9.0/15 MB | 106/262 kB
Progress (2): 9.0/15 MB | 106/262 kB
Progress (2): 9.0/15 MB | 122/262 kB
Progress (2): 9.0/15 MB | 122/262 kB
Progress (2): 9.1/15 MB | 122/262 kB
Progress (2): 9.1/15 MB | 122/262 kB
Progress (2): 9.1/15 MB | 139/262 kB
Progress (2): 9.1/15 MB | 155/262 kB
Progress (2): 9.1/15 MB | 155/262 kB
Progress (2): 9.1/15 MB | 172/262 kB
Progress (2): 9.1/15 MB | 172/262 kB
Progress (2): 9.1/15 MB | 188/262 kB
Progress (2): 9.1/15 MB | 188/262 kB
Progress (2): 9.1/15 MB | 204/262 kB
Progress (2): 9.1/15 MB | 221/262 kB
Progress (2): 9.1/15 MB | 232/262 kB
Progress (2): 9.1/15 MB | 232/262 kB
Progress (2): 9.1/15 MB | 248/262 kB
Progress (2): 9.1/15 MB | 262 kB    
Progress (2): 9.1/15 MB | 262 kB
Progress (2): 9.2/15 MB | 262 kB
Progress (2): 9.2/15 MB | 262 kB
                                
Downloaded from oss.sonatype.org: https://oss.sonatype.org/content/groups/public/org/codehaus/plexus/plexus-utils/3.3.1/plexus-utils-3.3.1.jar (262 kB at 137 kB/s)
Downloading from oss.sonatype.org: https://oss.sonatype.org/content/groups/public/org/apache/maven/maven-settings/3.8.6/maven-settings-3.8.6.jar
Progress (1): 9.2/15 MB
Progress (1): 9.2/15 MB
Progress (1): 9.2/15 MB
Progress (1): 9.2/15 MB
Progress (1): 9.3/15 MB
Progress (1): 9.3/15 MB
Progress (1): 9.3/15 MB
Progress (1): 9.3/15 MB
Progress (1): 9.3/15 MB
Progress (1): 9.3/15 MB
Progress (1): 9.4/15 MB
Progress (1): 9.4/15 MB
Progress (1): 9.4/15 MB
Progress (1): 9.4/15 MB
Progress (1): 9.4/15 MB
Progress (1): 9.4/15 MB
Progress (1): 9.5/15 MB
Progress (1): 9.5/15 MB
Progress (1): 9.5/15 MB
Progress (1): 9.5/15 MB
Progress (1): 9.5/15 MB
Progress (1): 9.5/15 MB
Progress (1): 9.6/15 MB
Progress (1): 9.6/15 MB
Progress (1): 9.6/15 MB
Progress (1): 9.6/15 MB
Progress (1): 9.6/15 MB
Progress (1): 9.6/15 MB
Progress (1): 9.7/15 MB
Progress (1): 9.7/15 MB
Progress (1): 9.7/15 MB
Progress (1): 9.7/15 MB
Progress (1): 9.7/15 MB
Progress (1): 9.7/15 MB
Progress (1): 9.8/15 MB
Progress (1): 9.8/15 MB
Progress (1): 9.8/15 MB
Progress (1): 9.8/15 MB
Progress (1): 9.8/15 MB
Progress (1): 9.8/15 MB
Progress (1): 9.8/15 MB
Progress (1): 9.9/15 MB
Progress (1): 9.9/15 MB
Progress (1): 9.9/15 MB
Progress (1): 9.9/15 MB
Progress (1): 9.9/15 MB
Progress (1): 9.9/15 MB
Progress (1): 10.0/15 MB
Progress (1): 10.0/15 MB
Progress (1): 10.0/15 MB
Progress (1): 10/15 MB  
Progress (1): 10/15 MB
Progress (1): 10/15 MB
Progress (1): 10/15 MB
Progress (1): 10/15 MB
Progress (1): 10/15 MB
Progress (1): 10/15 MB
Progress (1): 10/15 MB
Progress (1): 10/15 MB
Progress (1): 10/15 MB
Progress (1): 10/15 MB
Progress (1): 10/15 MB
Progress (1): 10/15 MB
Progress (1): 10/15 MB
Progress (1): 10/15 MB
Progress (1): 10/15 MB
Progress (1): 10/15 MB
Progress (1): 10/15 MB
Progress (1): 10/15 MB
Progress (1): 10/15 MB
Progress (1): 10/15 MB
Progress (1): 10/15 MB
Progress (1): 10/15 MB
Progress (1): 10/15 MB
Progress (1): 10/15 MB
Progress (1): 10/15 MB
Progress (1): 10/15 MB
Progress (1): 10/15 MB
Progress (1): 10/15 MB
Progress (1): 10/15 MB
Progress (1): 10/15 MB
Progress (1): 11/15 MB
Progress (1): 11/15 MB
Progress (1): 11/15 MB
Progress (1): 11/15 MB
Progress (1): 11/15 MB
Progress (1): 11/15 MB
Progress (1): 11/15 MB
Progress (1): 11/15 MB
Progress (1): 11/15 MB
Progress (1): 11/15 MB
Progress (1): 11/15 MB
Progress (1): 11/15 MB
Progress (1): 11/15 MB
Progress (1): 11/15 MB
Progress (1): 11/15 MB
Progress (1): 11/15 MB
Progress (1): 11/15 MB
Progress (1): 11/15 MB
Progress (1): 11/15 MB
Progress (1): 11/15 MB
Progress (1): 11/15 MB
Progress (1): 11/15 MB
Progress (1): 11/15 MB
Progress (1): 11/15 MB
Progress (1): 11/15 MB
Progress (1): 11/15 MB
Progress (1): 11/15 MB
Progress (1): 11/15 MB
Progress (1): 11/15 MB
Progress (1): 11/15 MB
Progress (1): 11/15 MB
Progress (1): 11/15 MB
Progress (1): 11/15 MB
Progress (1): 11/15 MB
Progress (1): 11/15 MB
Progress (1): 11/15 MB
Progress (1): 11/15 MB
Progress (1): 11/15 MB
Progress (1): 11/15 MB
Progress (1): 11/15 MB
Progress (1): 11/15 MB
Progress (1): 11/15 MB
Progress (1): 11/15 MB
Progress (1): 11/15 MB
Progress (1): 11/15 MB
Progress (1): 11/15 MB
Progress (1): 11/15 MB
Progress (1): 11/15 MB
Progress (1): 11/15 MB
Progress (1): 11/15 MB
Progress (1): 11/15 MB
Progress (1): 11/15 MB
Progress (1): 11/15 MB
Progress (1): 11/15 MB
Progress (1): 11/15 MB
Progress (1): 11/15 MB
Progress (1): 11/15 MB
Progress (1): 11/15 MB
Progress (1): 11/15 MB
Progress (1): 11/15 MB
Progress (1): 11/15 MB
Progress (1): 11/15 MB
Progress (1): 11/15 MB
Progress (1): 12/15 MB
Progress (1): 12/15 MB
Progress (1): 12/15 MB
Progress (1): 12/15 MB
Progress (1): 12/15 MB
Progress (1): 12/15 MB
Progress (1): 12/15 MB
Progress (1): 12/15 MB
Progress (1): 12/15 MB
Progress (1): 12/15 MB
Progress (1): 12/15 MB
Progress (1): 12/15 MB
Progress (1): 12/15 MB
Progress (1): 12/15 MB
Progress (1): 12/15 MB
Progress (1): 12/15 MB
Progress (1): 12/15 MB
Progress (1): 12/15 MB
Progress (1): 12/15 MB
Progress (1): 12/15 MB
Progress (1): 12/15 MB
Progress (1): 12/15 MB
Progress (1): 12/15 MB
Progress (1): 12/15 MB
Progress (1): 12/15 MB
Progress (1): 12/15 MB
Progress (1): 12/15 MB
Progress (1): 12/15 MB
Progress (1): 12/15 MB
Progress (2): 12/15 MB | 3.8/53 kB
Progress (2): 12/15 MB | 8.0/53 kB
Progress (2): 12/15 MB | 12/53 kB 
Progress (2): 12/15 MB | 16/53 kB
Progress (2): 12/15 MB | 21/53 kB
Progress (2): 12/15 MB | 25/53 kB
Progress (2): 12/15 MB | 29/53 kB
Progress (2): 12/15 MB | 29/53 kB
Progress (2): 12/15 MB | 29/53 kB
Progress (2): 12/15 MB | 29/53 kB
Progress (2): 12/15 MB | 29/53 kB
Progress (2): 12/15 MB | 33/53 kB
Progress (2): 12/15 MB | 33/53 kB
Progress (2): 12/15 MB | 33/53 kB
Progress (2): 12/15 MB | 33/53 kB
Progress (2): 12/15 MB | 38/53 kB
Progress (2): 12/15 MB | 38/53 kB
Progress (2): 12/15 MB | 38/53 kB
Progress (2): 12/15 MB | 38/53 kB
Progress (2): 12/15 MB | 38/53 kB
Progress (2): 12/15 MB | 38/53 kB
Progress (2): 12/15 MB | 38/53 kB
Progress (2): 12/15 MB | 38/53 kB
Progress (2): 12/15 MB | 38/53 kB
Progress (2): 12/15 MB | 38/53 kB
Progress (2): 12/15 MB | 38/53 kB
Progress (2): 12/15 MB | 38/53 kB
Progress (2): 12/15 MB | 38/53 kB
Progress (2): 12/15 MB | 38/53 kB
Progress (2): 12/15 MB | 38/53 kB
Progress (2): 12/15 MB | 38/53 kB
Progress (2): 12/15 MB | 42/53 kB
Progress (2): 12/15 MB | 42/53 kB
Progress (2): 12/15 MB | 42/53 kB
Progress (2): 12/15 MB | 42/53 kB
Progress (2): 12/15 MB | 42/53 kB
Progress (2): 12/15 MB | 42/53 kB
Progress (2): 12/15 MB | 42/53 kB
Progress (2): 12/15 MB | 42/53 kB
Progress (2): 12/15 MB | 46/53 kB
Progress (2): 12/15 MB | 46/53 kB
Progress (2): 12/15 MB | 46/53 kB
Progress (2): 12/15 MB | 46/53 kB
Progress (2): 12/15 MB | 46/53 kB
Progress (2): 12/15 MB | 46/53 kB
Progress (2): 13/15 MB | 46/53 kB
Progress (2): 13/15 MB | 46/53 kB
Progress (2): 13/15 MB | 46/53 kB
Progress (2): 13/15 MB | 46/53 kB
Progress (2): 13/15 MB | 46/53 kB
Progress (2): 13/15 MB | 50/53 kB
Progress (2): 13/15 MB | 50/53 kB
Progress (2): 13/15 MB | 50/53 kB
Progress (2): 13/15 MB | 50/53 kB
Progress (2): 13/15 MB | 50/53 kB
Progress (2): 13/15 MB | 50/53 kB
Progress (2): 13/15 MB | 50/53 kB
Progress (2): 13/15 MB | 50/53 kB
Progress (2): 13/15 MB | 53 kB   
Progress (2): 13/15 MB | 53 kB
                              
Downloaded from oss.sonatype.org: https://oss.sonatype.org/content/groups/public/org/codehaus/plexus/plexus-classworlds/2.6.0/plexus-classworlds-2.6.0.jar (53 kB at 25 kB/s)
Downloading from oss.sonatype.org: https://oss.sonatype.org/content/groups/public/org/apache/maven/maven-settings-builder/3.8.6/maven-settings-builder-3.8.6.jar
Progress (1): 13/15 MB
Progress (1): 13/15 MB
Progress (1): 13/15 MB
Progress (1): 13/15 MB
Progress (1): 13/15 MB
Progress (1): 13/15 MB
Progress (1): 13/15 MB
Progress (1): 13/15 MB
Progress (1): 13/15 MB
Progress (1): 13/15 MB
Progress (1): 13/15 MB
Progress (1): 13/15 MB
Progress (1): 13/15 MB
Progress (1): 13/15 MB
Progress (1): 13/15 MB
Progress (1): 13/15 MB
Progress (1): 13/15 MB
Progress (1): 13/15 MB
Progress (1): 13/15 MB
Progress (1): 13/15 MB
Progress (1): 13/15 MB
Progress (1): 13/15 MB
Progress (1): 13/15 MB
Progress (1): 13/15 MB
Progress (1): 13/15 MB
Progress (1): 13/15 MB
Progress (1): 13/15 MB
Progress (1): 13/15 MB
Progress (1): 13/15 MB
Progress (1): 13/15 MB
Progress (1): 13/15 MB
Progress (1): 13/15 MB
Progress (1): 13/15 MB
Progress (1): 13/15 MB
Progress (1): 13/15 MB
Progress (1): 13/15 MB
Progress (1): 13/15 MB
Progress (1): 13/15 MB
Progress (1): 13/15 MB
Progress (1): 13/15 MB
Progress (1): 13/15 MB
Progress (1): 13/15 MB
Progress (1): 13/15 MB
Progress (1): 13/15 MB
Progress (1): 13/15 MB
Progress (1): 13/15 MB
Progress (1): 13/15 MB
Progress (1): 13/15 MB
Progress (1): 13/15 MB
Progress (1): 13/15 MB
Progress (1): 13/15 MB
Progress (1): 14/15 MB
Progress (1): 14/15 MB
Progress (1): 14/15 MB
Progress (1): 14/15 MB
Progress (1): 14/15 MB
Progress (1): 14/15 MB
Progress (1): 14/15 MB
Progress (1): 14/15 MB
Progress (1): 14/15 MB
Progress (1): 14/15 MB
Progress (1): 14/15 MB
Progress (1): 14/15 MB
Progress (1): 14/15 MB
Progress (1): 14/15 MB
Progress (1): 14/15 MB
Progress (1): 14/15 MB
Progress (1): 14/15 MB
Progress (1): 14/15 MB
Progress (1): 14/15 MB
Progress (1): 14/15 MB
Progress (1): 14/15 MB
Progress (1): 14/15 MB
Progress (1): 14/15 MB
Progress (1): 14/15 MB
Progress (1): 14/15 MB
Progress (1): 14/15 MB
Progress (1): 14/15 MB
Progress (1): 14/15 MB
Progress (1): 14/15 MB
Progress (1): 14/15 MB
Progress (2): 14/15 MB | 7.7/216 kB
Progress (2): 14/15 MB | 7.7/216 kB
Progress (2): 14/15 MB | 16/216 kB 
Progress (2): 14/15 MB | 16/216 kB
Progress (2): 14/15 MB | 32/216 kB
Progress (2): 14/15 MB | 32/216 kB
Progress (2): 14/15 MB | 49/216 kB
Progress (2): 14/15 MB | 49/216 kB
Progress (2): 14/15 MB | 65/216 kB
Progress (2): 14/15 MB | 65/216 kB
Progress (2): 14/15 MB | 65/216 kB
Progress (2): 14/15 MB | 81/216 kB
Progress (2): 14/15 MB | 98/216 kB
Progress (2): 14/15 MB | 114/216 kB
Progress (2): 14/15 MB | 131/216 kB
Progress (2): 14/15 MB | 147/216 kB
Progress (2): 14/15 MB | 163/216 kB
Progress (2): 14/15 MB | 180/216 kB
Progress (2): 14/15 MB | 196/216 kB
Progress (2): 14/15 MB | 212/216 kB
Progress (2): 14/15 MB | 216 kB    
                               
Downloaded from oss.sonatype.org: https://oss.sonatype.org/content/groups/public/org/apache/maven/maven-model/3.8.6/maven-model-3.8.6.jar (216 kB at 102 kB/s)
Downloading from oss.sonatype.org: https://oss.sonatype.org/content/groups/public/org/codehaus/plexus/plexus-sec-dispatcher/2.0/plexus-sec-dispatcher-2.0.jar
Progress (1): 14/15 MB
Progress (1): 14/15 MB
Progress (1): 14/15 MB
Progress (1): 14/15 MB
Progress (1): 14/15 MB
Progress (1): 14/15 MB
Progress (1): 14/15 MB
Progress (1): 14/15 MB
Progress (1): 14/15 MB
Progress (1): 14/15 MB
Progress (1): 14/15 MB
Progress (1): 14/15 MB
Progress (1): 14/15 MB
Progress (1): 14/15 MB
Progress (1): 14/15 MB
Progress (1): 14/15 MB
Progress (1): 14/15 MB
Progress (1): 14/15 MB
Progress (1): 14/15 MB
Progress (1): 14/15 MB
Progress (1): 14/15 MB
Progress (1): 14/15 MB
Progress (1): 14/15 MB
Progress (1): 14/15 MB
Progress (1): 14/15 MB
Progress (1): 14/15 MB
Progress (1): 14/15 MB
Progress (1): 15/15 MB
Progress (1): 15/15 MB
Progress (1): 15/15 MB
Progress (1): 15/15 MB
Progress (1): 15/15 MB
Progress (1): 15/15 MB
Progress (1): 15/15 MB
Progress (1): 15/15 MB
Progress (1): 15/15 MB
Progress (1): 15/15 MB
Progress (1): 15/15 MB
Progress (1): 15/15 MB
Progress (1): 15/15 MB
Progress (1): 15/15 MB
Progress (1): 15/15 MB
Progress (1): 15/15 MB
Progress (1): 15/15 MB
Progress (1): 15/15 MB
Progress (1): 15 MB   
                   
Downloaded from oss.sonatype.org: https://oss.sonatype.org/content/groups/public/org/aspectj/aspectjtools/1.9.8.M1/aspectjtools-1.9.8.M1.jar (15 MB at 6.9 MB/s)
Downloading from oss.sonatype.org: https://oss.sonatype.org/content/groups/public/org/codehaus/plexus/plexus-cipher/2.0/plexus-cipher-2.0.jar
Progress (1): 7.7/646 kB
Progress (1): 16/646 kB 
Progress (1): 32/646 kB
Progress (1): 49/646 kB
Progress (1): 65/646 kB
Progress (1): 81/646 kB
Progress (1): 98/646 kB
Progress (1): 114/646 kB
Progress (1): 131/646 kB
Progress (1): 147/646 kB
Progress (1): 163/646 kB
Progress (1): 180/646 kB
Progress (1): 196/646 kB
Progress (1): 212/646 kB
Progress (1): 229/646 kB
Progress (1): 245/646 kB
Progress (1): 262/646 kB
Progress (1): 278/646 kB
Progress (1): 294/646 kB
Progress (1): 311/646 kB
Progress (1): 327/646 kB
Progress (1): 344/646 kB
Progress (1): 360/646 kB
Progress (1): 376/646 kB
Progress (1): 393/646 kB
Progress (1): 409/646 kB
Progress (1): 425/646 kB
Progress (1): 442/646 kB
Progress (1): 458/646 kB
Progress (1): 475/646 kB
Progress (1): 491/646 kB
Progress (1): 507/646 kB
Progress (1): 524/646 kB
Progress (1): 540/646 kB
Progress (1): 557/646 kB
Progress (1): 573/646 kB
Progress (1): 589/646 kB
Progress (1): 606/646 kB
Progress (1): 622/646 kB
Progress (1): 638/646 kB
Progress (1): 646 kB    
                    
Downloaded from oss.sonatype.org: https://oss.sonatype.org/content/groups/public/org/apache/maven/maven-core/3.8.6/maven-core-3.8.6.jar (646 kB at 286 kB/s)
Downloading from oss.sonatype.org: https://oss.sonatype.org/content/groups/public/org/apache/maven/maven-builder-support/3.8.6/maven-builder-support-3.8.6.jar
Progress (1): 7.7/44 kB
Progress (1): 7.7/44 kB
Progress (1): 24/44 kB 
Progress (1): 40/44 kB
Progress (1): 44 kB   
                   
Downloaded from oss.sonatype.org: https://oss.sonatype.org/content/groups/public/org/apache/maven/maven-settings/3.8.6/maven-settings-3.8.6.jar (44 kB at 17 kB/s)
Downloading from oss.sonatype.org: https://oss.sonatype.org/content/groups/public/org/apache/maven/maven-repository-metadata/3.8.6/maven-repository-metadata-3.8.6.jar
Progress (1): 7.7/42 kB
Progress (1): 16/42 kB 
Progress (1): 32/42 kB
Progress (1): 42 kB   
                   
Downloaded from oss.sonatype.org: https://oss.sonatype.org/content/groups/public/org/apache/maven/maven-settings-builder/3.8.6/maven-settings-builder-3.8.6.jar (42 kB at 15 kB/s)
Downloading from oss.sonatype.org: https://oss.sonatype.org/content/groups/public/org/apache/maven/maven-model-builder/3.8.6/maven-model-builder-3.8.6.jar
Progress (1): 3.8/13 kB
Progress (1): 7.7/13 kB
Progress (1): 12/13 kB 
Progress (1): 13 kB   
                   
Downloaded from oss.sonatype.org: https://oss.sonatype.org/content/groups/public/org/codehaus/plexus/plexus-cipher/2.0/plexus-cipher-2.0.jar (13 kB at 4.6 kB/s)
Downloading from oss.sonatype.org: https://oss.sonatype.org/content/groups/public/org/apache/maven/maven-resolver-provider/3.8.6/maven-resolver-provider-3.8.6.jar
Progress (1): 7.7/24 kB
Progress (1): 16/24 kB 
Progress (1): 24 kB   
                   
Downloaded from oss.sonatype.org: https://oss.sonatype.org/content/groups/public/org/codehaus/plexus/plexus-sec-dispatcher/2.0/plexus-sec-dispatcher-2.0.jar (24 kB at 8.3 kB/s)
Downloading from oss.sonatype.org: https://oss.sonatype.org/content/groups/public/org/apache/maven/resolver/maven-resolver-impl/1.6.3/maven-resolver-impl-1.6.3.jar
Progress (1): 7.7/14 kB
Progress (1): 14 kB    
                   
Downloaded from oss.sonatype.org: https://oss.sonatype.org/content/groups/public/org/apache/maven/maven-builder-support/3.8.6/maven-builder-support-3.8.6.jar (14 kB at 5.0 kB/s)
Downloading from oss.sonatype.org: https://oss.sonatype.org/content/groups/public/org/apache/maven/resolver/maven-resolver-spi/1.6.3/maven-resolver-spi-1.6.3.jar
Progress (1): 7.7/28 kB
Progress (1): 7.7/28 kB
Progress (1): 24/28 kB 
Progress (1): 28 kB   
                   
Downloaded from oss.sonatype.org: https://oss.sonatype.org/content/groups/public/org/apache/maven/maven-repository-metadata/3.8.6/maven-repository-metadata-3.8.6.jar (28 kB at 8.9 kB/s)
Downloading from oss.sonatype.org: https://oss.sonatype.org/content/groups/public/org/apache/maven/resolver/maven-resolver-util/1.6.3/maven-resolver-util-1.6.3.jar
Progress (1): 7.7/196 kB
Progress (1): 16/196 kB 
Progress (1): 32/196 kB
Progress (1): 49/196 kB
Progress (1): 65/196 kB
Progress (1): 81/196 kB
Progress (1): 98/196 kB
Progress (1): 114/196 kB
Progress (1): 122/196 kB
Progress (1): 139/196 kB
Progress (1): 155/196 kB
Progress (1): 172/196 kB
Progress (1): 188/196 kB
Progress (1): 196 kB    
                    
Downloaded from oss.sonatype.org: https://oss.sonatype.org/content/groups/public/org/apache/maven/maven-model-builder/3.8.6/maven-model-builder-3.8.6.jar (196 kB at 58 kB/s)
Downloading from oss.sonatype.org: https://oss.sonatype.org/content/groups/public/org/eclipse/sisu/org.eclipse.sisu.inject/0.3.5/org.eclipse.sisu.inject-0.3.5.jar
Progress (1): 3.8/180 kB
Progress (1): 8.0/180 kB
Progress (1): 12/180 kB 
Progress (1): 16/180 kB
Progress (1): 21/180 kB
Progress (1): 24/180 kB
Progress (1): 40/180 kB
Progress (1): 57/180 kB
Progress (2): 57/180 kB | 7.7/67 kB
Progress (2): 57/180 kB | 16/67 kB 
Progress (2): 57/180 kB | 32/67 kB
Progress (2): 57/180 kB | 49/67 kB
Progress (2): 57/180 kB | 65/67 kB
Progress (2): 57/180 kB | 67 kB   
                               
Downloaded from oss.sonatype.org: https://oss.sonatype.org/content/groups/public/org/apache/maven/maven-resolver-provider/3.8.6/maven-resolver-provider-3.8.6.jar (67 kB at 19 kB/s)
Downloading from oss.sonatype.org: https://oss.sonatype.org/content/groups/public/com/google/inject/guice/4.2.2/guice-4.2.2-no_aop.jar
Progress (1): 73/180 kB
Progress (1): 90/180 kB
Progress (1): 106/180 kB
Progress (1): 122/180 kB
Progress (2): 122/180 kB | 7.7/38 kB
Progress (2): 122/180 kB | 16/38 kB 
Progress (2): 122/180 kB | 32/38 kB
Progress (2): 122/180 kB | 38 kB   
                                
Downloaded from oss.sonatype.org: https://oss.sonatype.org/content/groups/public/org/apache/maven/resolver/maven-resolver-spi/1.6.3/maven-resolver-spi-1.6.3.jar (38 kB at 11 kB/s)
Downloading from oss.sonatype.org: https://oss.sonatype.org/content/groups/public/com/google/guava/guava/30.1.1-jre/guava-30.1.1-jre.jar
Progress (1): 139/180 kB
Progress (1): 155/180 kB
Progress (1): 172/180 kB
Progress (1): 180 kB    
                    
Downloaded from oss.sonatype.org: https://oss.sonatype.org/content/groups/public/org/apache/maven/resolver/maven-resolver-impl/1.6.3/maven-resolver-impl-1.6.3.jar (180 kB at 49 kB/s)
Downloading from oss.sonatype.org: https://oss.sonatype.org/content/groups/public/com/google/guava/failureaccess/1.0.1/failureaccess-1.0.1.jar
Progress (1): 7.7/169 kB
Progress (1): 16/169 kB 
Progress (1): 24/169 kB
Progress (1): 40/169 kB
Progress (1): 57/169 kB
Progress (1): 73/169 kB
Progress (1): 90/169 kB
Progress (1): 106/169 kB
Progress (1): 122/169 kB
Progress (1): 139/169 kB
Progress (1): 155/169 kB
Progress (1): 169 kB    
                    
Downloaded from oss.sonatype.org: https://oss.sonatype.org/content/groups/public/org/apache/maven/resolver/maven-resolver-util/1.6.3/maven-resolver-util-1.6.3.jar (169 kB at 42 kB/s)
Downloading from oss.sonatype.org: https://oss.sonatype.org/content/groups/public/com/google/guava/listenablefuture/9999.0-empty-to-avoid-conflict-with-guava/listenablefuture-9999.0-empty-to-avoid-conflict-with-guava.jar
Progress (1): 7.7/379 kB
Progress (1): 16/379 kB 
Progress (1): 32/379 kB
Progress (1): 49/379 kB
Progress (1): 65/379 kB
Progress (1): 81/379 kB
Progress (1): 98/379 kB
Progress (1): 114/379 kB
Progress (1): 131/379 kB
Progress (1): 147/379 kB
Progress (1): 163/379 kB
Progress (1): 180/379 kB
Progress (1): 196/379 kB
Progress (1): 197/379 kB
Progress (1): 213/379 kB
Progress (1): 229/379 kB
Progress (1): 233/379 kB
Progress (1): 250/379 kB
Progress (1): 266/379 kB
Progress (1): 282/379 kB
Progress (1): 299/379 kB
Progress (1): 315/379 kB
Progress (1): 331/379 kB
Progress (1): 348/379 kB
Progress (1): 364/379 kB
Progress (1): 379 kB    
                    
Downloaded from oss.sonatype.org: https://oss.sonatype.org/content/groups/public/org/eclipse/sisu/org.eclipse.sisu.inject/0.3.5/org.eclipse.sisu.inject-0.3.5.jar (379 kB at 93 kB/s)
Downloading from oss.sonatype.org: https://oss.sonatype.org/content/groups/public/org/checkerframework/checker-qual/3.8.0/checker-qual-3.8.0.jar
Progress (1): 7.7/521 kB
Progress (1): 16/521 kB 
Progress (1): 32/521 kB
Progress (2): 32/521 kB | 0/2.9 MB
Progress (2): 32/521 kB | 0/2.9 MB
Progress (2): 32/521 kB | 0/2.9 MB
Progress (2): 32/521 kB | 0/2.9 MB
Progress (2): 49/521 kB | 0/2.9 MB
Progress (2): 49/521 kB | 0.1/2.9 MB
Progress (2): 49/521 kB | 0.1/2.9 MB
Progress (2): 49/521 kB | 0.1/2.9 MB
Progress (2): 49/521 kB | 0.1/2.9 MB
Progress (2): 49/521 kB | 0.1/2.9 MB
Progress (2): 49/521 kB | 0.1/2.9 MB
Progress (2): 49/521 kB | 0.2/2.9 MB
Progress (2): 49/521 kB | 0.2/2.9 MB
Progress (2): 49/521 kB | 0.2/2.9 MB
Progress (2): 49/521 kB | 0.2/2.9 MB
Progress (2): 49/521 kB | 0.2/2.9 MB
Progress (2): 49/521 kB | 0.2/2.9 MB
Progress (2): 49/521 kB | 0.3/2.9 MB
Progress (2): 49/521 kB | 0.3/2.9 MB
Progress (2): 49/521 kB | 0.3/2.9 MB
Progress (2): 49/521 kB | 0.3/2.9 MB
Progress (2): 49/521 kB | 0.3/2.9 MB
Progress (2): 49/521 kB | 0.3/2.9 MB
Progress (2): 49/521 kB | 0.4/2.9 MB
Progress (2): 49/521 kB | 0.4/2.9 MB
Progress (2): 49/521 kB | 0.4/2.9 MB
Progress (2): 49/521 kB | 0.4/2.9 MB
Progress (2): 49/521 kB | 0.4/2.9 MB
Progress (2): 49/521 kB | 0.4/2.9 MB
Progress (2): 49/521 kB | 0.5/2.9 MB
Progress (2): 49/521 kB | 0.5/2.9 MB
Progress (2): 49/521 kB | 0.5/2.9 MB
Progress (2): 49/521 kB | 0.5/2.9 MB
Progress (2): 49/521 kB | 0.5/2.9 MB
Progress (2): 49/521 kB | 0.5/2.9 MB
Progress (2): 49/521 kB | 0.6/2.9 MB
Progress (2): 49/521 kB | 0.6/2.9 MB
Progress (2): 49/521 kB | 0.6/2.9 MB
Progress (2): 49/521 kB | 0.6/2.9 MB
Progress (2): 49/521 kB | 0.6/2.9 MB
Progress (2): 49/521 kB | 0.6/2.9 MB
Progress (2): 49/521 kB | 0.6/2.9 MB
Progress (2): 49/521 kB | 0.7/2.9 MB
Progress (2): 49/521 kB | 0.7/2.9 MB
Progress (2): 65/521 kB | 0.7/2.9 MB
Progress (2): 65/521 kB | 0.7/2.9 MB
Progress (2): 65/521 kB | 0.7/2.9 MB
Progress (2): 65/521 kB | 0.7/2.9 MB
Progress (2): 65/521 kB | 0.7/2.9 MB
Progress (2): 65/521 kB | 0.8/2.9 MB
Progress (2): 65/521 kB | 0.8/2.9 MB
Progress (2): 65/521 kB | 0.8/2.9 MB
Progress (2): 65/521 kB | 0.8/2.9 MB
Progress (2): 65/521 kB | 0.8/2.9 MB
Progress (2): 65/521 kB | 0.8/2.9 MB
Progress (2): 65/521 kB | 0.9/2.9 MB
Progress (2): 65/521 kB | 0.9/2.9 MB
Progress (2): 65/521 kB | 0.9/2.9 MB
Progress (2): 65/521 kB | 0.9/2.9 MB
Progress (2): 65/521 kB | 0.9/2.9 MB
Progress (2): 65/521 kB | 0.9/2.9 MB
Progress (2): 65/521 kB | 1.0/2.9 MB
Progress (2): 65/521 kB | 1.0/2.9 MB
Progress (2): 65/521 kB | 1.0/2.9 MB
Progress (2): 65/521 kB | 1.0/2.9 MB
Progress (2): 65/521 kB | 1.0/2.9 MB
Progress (2): 65/521 kB | 1.0/2.9 MB
Progress (2): 65/521 kB | 1.0/2.9 MB
Progress (2): 65/521 kB | 1.1/2.9 MB
Progress (2): 65/521 kB | 1.1/2.9 MB
Progress (2): 65/521 kB | 1.1/2.9 MB
Progress (3): 65/521 kB | 1.1/2.9 MB | 4.6 kB
Progress (3): 65/521 kB | 1.1/2.9 MB | 4.6 kB
Progress (3): 65/521 kB | 1.1/2.9 MB | 4.6 kB
Progress (3): 65/521 kB | 1.1/2.9 MB | 4.6 kB
                                             
Downloaded from oss.sonatype.org: https://oss.sonatype.org/content/groups/public/com/google/guava/failureaccess/1.0.1/failureaccess-1.0.1.jar (4.6 kB at 1.1 kB/s)
Downloading from oss.sonatype.org: https://oss.sonatype.org/content/groups/public/com/google/errorprone/error_prone_annotations/2.5.1/error_prone_annotations-2.5.1.jar
Progress (2): 65/521 kB | 1.1/2.9 MB
Progress (2): 65/521 kB | 1.2/2.9 MB
Progress (2): 65/521 kB | 1.2/2.9 MB
Progress (2): 65/521 kB | 1.2/2.9 MB
Progress (2): 65/521 kB | 1.2/2.9 MB
Progress (2): 65/521 kB | 1.2/2.9 MB
Progress (2): 65/521 kB | 1.2/2.9 MB
Progress (2): 81/521 kB | 1.2/2.9 MB
Progress (2): 81/521 kB | 1.3/2.9 MB
Progress (2): 81/521 kB | 1.3/2.9 MB
Progress (2): 81/521 kB | 1.3/2.9 MB
Progress (2): 81/521 kB | 1.3/2.9 MB
Progress (2): 81/521 kB | 1.3/2.9 MB
Progress (2): 81/521 kB | 1.3/2.9 MB
Progress (2): 81/521 kB | 1.4/2.9 MB
Progress (2): 81/521 kB | 1.4/2.9 MB
Progress (2): 81/521 kB | 1.4/2.9 MB
Progress (2): 81/521 kB | 1.4/2.9 MB
Progress (2): 81/521 kB | 1.4/2.9 MB
Progress (2): 81/521 kB | 1.4/2.9 MB
Progress (2): 81/521 kB | 1.4/2.9 MB
Progress (2): 81/521 kB | 1.5/2.9 MB
Progress (2): 81/521 kB | 1.5/2.9 MB
Progress (2): 81/521 kB | 1.5/2.9 MB
Progress (2): 81/521 kB | 1.5/2.9 MB
Progress (2): 81/521 kB | 1.5/2.9 MB
Progress (2): 81/521 kB | 1.5/2.9 MB
Progress (2): 81/521 kB | 1.6/2.9 MB
Progress (2): 81/521 kB | 1.6/2.9 MB
Progress (2): 81/521 kB | 1.6/2.9 MB
Progress (2): 81/521 kB | 1.6/2.9 MB
Progress (2): 81/521 kB | 1.6/2.9 MB
Progress (2): 81/521 kB | 1.6/2.9 MB
Progress (2): 81/521 kB | 1.6/2.9 MB
Progress (2): 81/521 kB | 1.7/2.9 MB
Progress (2): 81/521 kB | 1.7/2.9 MB
Progress (2): 81/521 kB | 1.7/2.9 MB
Progress (2): 81/521 kB | 1.7/2.9 MB
Progress (2): 81/521 kB | 1.7/2.9 MB
Progress (2): 81/521 kB | 1.7/2.9 MB
Progress (2): 81/521 kB | 1.8/2.9 MB
Progress (2): 98/521 kB | 1.8/2.9 MB
Progress (2): 98/521 kB | 1.8/2.9 MB
Progress (2): 98/521 kB | 1.8/2.9 MB
Progress (2): 98/521 kB | 1.8/2.9 MB
Progress (2): 98/521 kB | 1.8/2.9 MB
Progress (2): 98/521 kB | 1.8/2.9 MB
Progress (2): 98/521 kB | 1.8/2.9 MB
Progress (2): 98/521 kB | 1.9/2.9 MB
Progress (2): 98/521 kB | 1.9/2.9 MB
Progress (2): 98/521 kB | 1.9/2.9 MB
Progress (2): 98/521 kB | 1.9/2.9 MB
Progress (2): 98/521 kB | 1.9/2.9 MB
Progress (2): 98/521 kB | 1.9/2.9 MB
Progress (2): 98/521 kB | 2.0/2.9 MB
Progress (2): 98/521 kB | 2.0/2.9 MB
Progress (2): 98/521 kB | 2.0/2.9 MB
Progress (2): 98/521 kB | 2.0/2.9 MB
Progress (2): 98/521 kB | 2.0/2.9 MB
Progress (2): 98/521 kB | 2.0/2.9 MB
Progress (2): 98/521 kB | 2.1/2.9 MB
Progress (2): 98/521 kB | 2.1/2.9 MB
Progress (2): 98/521 kB | 2.1/2.9 MB
Progress (2): 98/521 kB | 2.1/2.9 MB
Progress (2): 98/521 kB | 2.1/2.9 MB
Progress (2): 98/521 kB | 2.1/2.9 MB
Progress (2): 98/521 kB | 2.1/2.9 MB
Progress (2): 98/521 kB | 2.2/2.9 MB
Progress (2): 98/521 kB | 2.2/2.9 MB
Progress (2): 98/521 kB | 2.2/2.9 MB
Progress (2): 98/521 kB | 2.2/2.9 MB
Progress (2): 98/521 kB | 2.2/2.9 MB
Progress (2): 98/521 kB | 2.2/2.9 MB
Progress (2): 114/521 kB | 2.2/2.9 MB
Progress (2): 114/521 kB | 2.3/2.9 MB
Progress (2): 114/521 kB | 2.3/2.9 MB
Progress (2): 114/521 kB | 2.3/2.9 MB
Progress (2): 114/521 kB | 2.3/2.9 MB
Progress (2): 114/521 kB | 2.3/2.9 MB
Progress (2): 114/521 kB | 2.3/2.9 MB
Progress (2): 114/521 kB | 2.4/2.9 MB
Progress (2): 114/521 kB | 2.4/2.9 MB
Progress (2): 114/521 kB | 2.4/2.9 MB
Progress (2): 114/521 kB | 2.4/2.9 MB
Progress (2): 114/521 kB | 2.4/2.9 MB
Progress (2): 114/521 kB | 2.4/2.9 MB
Progress (2): 114/521 kB | 2.4/2.9 MB
Progress (2): 114/521 kB | 2.5/2.9 MB
Progress (2): 114/521 kB | 2.5/2.9 MB
Progress (2): 114/521 kB | 2.5/2.9 MB
Progress (2): 114/521 kB | 2.5/2.9 MB
Progress (2): 114/521 kB | 2.5/2.9 MB
Progress (2): 114/521 kB | 2.5/2.9 MB
Progress (2): 114/521 kB | 2.6/2.9 MB
Progress (2): 114/521 kB | 2.6/2.9 MB
Progress (2): 114/521 kB | 2.6/2.9 MB
Progress (2): 114/521 kB | 2.6/2.9 MB
Progress (2): 114/521 kB | 2.6/2.9 MB
Progress (2): 114/521 kB | 2.6/2.9 MB
Progress (2): 114/521 kB | 2.7/2.9 MB
Progress (2): 114/521 kB | 2.7/2.9 MB
Progress (2): 114/521 kB | 2.7/2.9 MB
Progress (2): 114/521 kB | 2.7/2.9 MB
Progress (2): 114/521 kB | 2.7/2.9 MB
Progress (2): 114/521 kB | 2.7/2.9 MB
Progress (2): 114/521 kB | 2.7/2.9 MB
Progress (2): 114/521 kB | 2.8/2.9 MB
Progress (2): 114/521 kB | 2.8/2.9 MB
Progress (2): 114/521 kB | 2.8/2.9 MB
Progress (2): 114/521 kB | 2.8/2.9 MB
Progress (2): 131/521 kB | 2.8/2.9 MB
Progress (2): 131/521 kB | 2.8/2.9 MB
Progress (2): 131/521 kB | 2.8/2.9 MB
Progress (2): 131/521 kB | 2.9/2.9 MB
Progress (2): 131/521 kB | 2.9/2.9 MB
Progress (2): 131/521 kB | 2.9 MB    
                                 
Downloaded from oss.sonatype.org: https://oss.sonatype.org/content/groups/public/com/google/guava/guava/30.1.1-jre/guava-30.1.1-jre.jar (2.9 MB at 666 kB/s)
Downloading from oss.sonatype.org: https://oss.sonatype.org/content/groups/public/com/google/j2objc/j2objc-annotations/1.3/j2objc-annotations-1.3.jar
Progress (1): 147/521 kB
Progress (1): 163/521 kB
Progress (1): 180/521 kB
Progress (1): 196/521 kB
Progress (1): 212/521 kB
Progress (1): 229/521 kB
Progress (1): 245/521 kB
Progress (1): 262/521 kB
Progress (1): 278/521 kB
Progress (1): 294/521 kB
Progress (1): 311/521 kB
Progress (1): 327/521 kB
Progress (1): 344/521 kB
Progress (1): 360/521 kB
Progress (1): 376/521 kB
Progress (1): 393/521 kB
Progress (1): 409/521 kB
Progress (1): 425/521 kB
Progress (1): 442/521 kB
Progress (1): 458/521 kB
Progress (1): 475/521 kB
Progress (1): 491/521 kB
Progress (1): 507/521 kB
Progress (1): 521 kB    
                    
Downloaded from oss.sonatype.org: https://oss.sonatype.org/content/groups/public/com/google/inject/guice/4.2.2/guice-4.2.2-no_aop.jar (521 kB at 114 kB/s)
Downloading from oss.sonatype.org: https://oss.sonatype.org/content/groups/public/org/codehaus/plexus/plexus-component-annotations/2.1.0/plexus-component-annotations-2.1.0.jar
Progress (1): 2.2 kB
                    
Downloaded from oss.sonatype.org: https://oss.sonatype.org/content/groups/public/com/google/guava/listenablefuture/9999.0-empty-to-avoid-conflict-with-guava/listenablefuture-9999.0-empty-to-avoid-conflict-with-guava.jar (2.2 kB at 468 B/s)
Downloading from oss.sonatype.org: https://oss.sonatype.org/content/groups/public/org/apache/maven/resolver/maven-resolver-api/1.8.1/maven-resolver-api-1.8.1.jar
Progress (1): 7.7/231 kB
Progress (1): 16/231 kB 
Progress (1): 32/231 kB
Progress (1): 49/231 kB
Progress (1): 65/231 kB
Progress (1): 81/231 kB
Progress (1): 98/231 kB
Progress (1): 114/231 kB
Progress (1): 122/231 kB
Progress (1): 139/231 kB
Progress (1): 155/231 kB
Progress (1): 172/231 kB
Progress (1): 188/231 kB
Progress (1): 204/231 kB
Progress (1): 221/231 kB
Progress (1): 231 kB    
                    
Downloaded from oss.sonatype.org: https://oss.sonatype.org/content/groups/public/org/checkerframework/checker-qual/3.8.0/checker-qual-3.8.0.jar (231 kB at 49 kB/s)
Downloading from oss.sonatype.org: https://oss.sonatype.org/content/groups/public/org/eclipse/sisu/org.eclipse.sisu.plexus/0.9.0.M1/org.eclipse.sisu.plexus-0.9.0.M1.jar
Progress (1): 7.7/8.8 kB
Progress (1): 8.8 kB    
                    
Downloaded from oss.sonatype.org: https://oss.sonatype.org/content/groups/public/com/google/j2objc/j2objc-annotations/1.3/j2objc-annotations-1.3.jar (8.8 kB at 1.8 kB/s)
Downloading from oss.sonatype.org: https://oss.sonatype.org/content/groups/public/javax/annotation/javax.annotation-api/1.2/javax.annotation-api-1.2.jar
Progress (1): 7.3/14 kB
Progress (1): 14 kB    
                   
Downloaded from oss.sonatype.org: https://oss.sonatype.org/content/groups/public/com/google/errorprone/error_prone_annotations/2.5.1/error_prone_annotations-2.5.1.jar (14 kB at 2.8 kB/s)
Downloading from oss.sonatype.org: https://oss.sonatype.org/content/groups/public/javax/enterprise/cdi-api/1.2/cdi-api-1.2.jar
Progress (1): 4.2 kB
                    
Downloaded from oss.sonatype.org: https://oss.sonatype.org/content/groups/public/org/codehaus/plexus/plexus-component-annotations/2.1.0/plexus-component-annotations-2.1.0.jar (4.2 kB at 813 B/s)
Downloading from oss.sonatype.org: https://oss.sonatype.org/content/groups/public/org/apache/maven/maven-artifact/3.8.6/maven-artifact-3.8.6.jar
Progress (1): 7.7/154 kB
Progress (1): 16/154 kB 
Progress (1): 32/154 kB
Progress (1): 49/154 kB
Progress (1): 65/154 kB
Progress (1): 81/154 kB
Progress (1): 98/154 kB
Progress (1): 114/154 kB
Progress (1): 131/154 kB
Progress (1): 147/154 kB
Progress (1): 154 kB    
                    
Downloaded from oss.sonatype.org: https://oss.sonatype.org/content/groups/public/org/apache/maven/resolver/maven-resolver-api/1.8.1/maven-resolver-api-1.8.1.jar (154 kB at 29 kB/s)
Progress (1): 7.7/208 kB
Progress (1): 16/208 kB 
Progress (1): 30/208 kB
Progress (1): 47/208 kB
Progress (1): 63/208 kB
Progress (1): 79/208 kB
Progress (1): 96/208 kB
Progress (1): 112/208 kB
Progress (1): 129/208 kB
Progress (1): 145/208 kB
Progress (1): 161/208 kB
Progress (1): 178/208 kB
Progress (1): 194/208 kB
Progress (1): 208 kB    
                    
Downloaded from oss.sonatype.org: https://oss.sonatype.org/content/groups/public/org/eclipse/sisu/org.eclipse.sisu.plexus/0.9.0.M1/org.eclipse.sisu.plexus-0.9.0.M1.jar (208 kB at 39 kB/s)
Progress (1): 7.7/71 kB
Progress (1): 16/71 kB 
Progress (1): 24/71 kB
Progress (1): 40/71 kB
Progress (2): 40/71 kB | 7.7/26 kB
Progress (2): 40/71 kB | 7.7/26 kB
Progress (2): 40/71 kB | 24/26 kB 
Progress (2): 40/71 kB | 26 kB   
                              
Downloaded from oss.sonatype.org: https://oss.sonatype.org/content/groups/public/javax/annotation/javax.annotation-api/1.2/javax.annotation-api-1.2.jar (26 kB at 4.7 kB/s)
Progress (1): 57/71 kB
Progress (1): 71 kB   
                   
Downloaded from oss.sonatype.org: https://oss.sonatype.org/content/groups/public/javax/enterprise/cdi-api/1.2/cdi-api-1.2.jar (71 kB at 13 kB/s)
Progress (1): 7.3/58 kB
Progress (1): 24/58 kB 
Progress (1): 40/58 kB
Progress (1): 56/58 kB
Progress (1): 58 kB   
                   
Downloaded from oss.sonatype.org: https://oss.sonatype.org/content/groups/public/org/apache/maven/maven-artifact/3.8.6/maven-artifact-3.8.6.jar (58 kB at 10.0 kB/s)
[INFO] Versionalizing /home/zhihao/hdd/marshal/benchmarks/cross-repo-pr-impact/results/single-case-pipeline-jcabi-simpledb-v1-2026-08-27/replay-work/formal-github-jcabi-aspects-336--target-jcabi-simpledb-155/source-a0/target/classes directory
[INFO] File /home/zhihao/hdd/marshal/benchmarks/cross-repo-pr-impact/results/single-case-pipeline-jcabi-simpledb-v1-2026-08-27/replay-work/formal-github-jcabi-aspects-336--target-jcabi-simpledb-155/source-a0/target/classes/com/jcabi/aspects/aj/com-jcabi-jcabi-aspects-bundle.txt added
[INFO] File /home/zhihao/hdd/marshal/benchmarks/cross-repo-pr-impact/results/single-case-pipeline-jcabi-simpledb-v1-2026-08-27/replay-work/formal-github-jcabi-aspects-336--target-jcabi-simpledb-155/source-a0/target/classes/com/jcabi/aspects/apt/com-jcabi-jcabi-aspects-bundle.txt added
[INFO] File /home/zhihao/hdd/marshal/benchmarks/cross-repo-pr-impact/results/single-case-pipeline-jcabi-simpledb-v1-2026-08-27/replay-work/formal-github-jcabi-aspects-336--target-jcabi-simpledb-155/source-a0/target/classes/com/jcabi/aspects/com-jcabi-jcabi-aspects-bundle.txt added
[INFO] 
[INFO] --- bundle:5.1.8:bundle (default-bundle) @ jcabi-aspects ---
[INFO] Building bundle: /home/zhihao/hdd/marshal/benchmarks/cross-repo-pr-impact/results/single-case-pipeline-jcabi-simpledb-v1-2026-08-27/replay-work/formal-github-jcabi-aspects-336--target-jcabi-simpledb-155/source-a0/target/jcabi-aspects-0.24.1.jar
[INFO] Writing manifest: /home/zhihao/hdd/marshal/benchmarks/cross-repo-pr-impact/results/single-case-pipeline-jcabi-simpledb-v1-2026-08-27/replay-work/formal-github-jcabi-aspects-336--target-jcabi-simpledb-155/source-a0/target/classes/META-INF/MANIFEST.MF
[INFO] 
[INFO] --- assembly:3.4.0:single (assemble-all) @ jcabi-aspects ---
Downloading from oss.sonatype.org: https://oss.sonatype.org/content/groups/public/org/apache/maven/shared/maven-common-artifact-filters/3.3.0/maven-common-artifact-filters-3.3.0.pom
Progress (1): 797 B
Progress (1): 2.3 kB
Progress (1): 5.4 kB
Progress (1): 5.6 kB
                    
Downloaded from oss.sonatype.org: https://oss.sonatype.org/content/groups/public/org/apache/maven/shared/maven-common-artifact-filters/3.3.0/maven-common-artifact-filters-3.3.0.pom (5.6 kB at 8.9 kB/s)
Downloading from oss.sonatype.org: https://oss.sonatype.org/content/groups/public/org/apache/maven/shared/maven-filtering/3.3.0/maven-filtering-3.3.0.pom
Progress (1): 790 B
Progress (1): 2.2 kB
Progress (1): 5.6 kB
Progress (1): 6.9 kB
                    
Downloaded from oss.sonatype.org: https://oss.sonatype.org/content/groups/public/org/apache/maven/shared/maven-filtering/3.3.0/maven-filtering-3.3.0.pom (6.9 kB at 11 kB/s)
Downloading from oss.sonatype.org: https://oss.sonatype.org/content/groups/public/org/codehaus/plexus/plexus-io/3.4.0/plexus-io-3.4.0.pom
Progress (1): 1.2 kB
Progress (1): 3.8 kB
Progress (1): 6.0 kB
                    
Downloaded from oss.sonatype.org: https://oss.sonatype.org/content/groups/public/org/codehaus/plexus/plexus-io/3.4.0/plexus-io-3.4.0.pom (6.0 kB at 9.5 kB/s)
Downloading from oss.sonatype.org: https://oss.sonatype.org/content/groups/public/org/codehaus/plexus/plexus-archiver/4.4.0/plexus-archiver-4.4.0.pom
Progress (1): 1.2 kB
Progress (1): 4.0 kB
Progress (1): 6.2 kB
Progress (1): 6.3 kB
                    
Downloaded from oss.sonatype.org: https://oss.sonatype.org/content/groups/public/org/codehaus/plexus/plexus-archiver/4.4.0/plexus-archiver-4.4.0.pom (6.3 kB at 10 kB/s)
Downloading from oss.sonatype.org: https://oss.sonatype.org/content/groups/public/org/apache/maven/maven-archiver/3.6.0/maven-archiver-3.6.0.pom
Progress (1): 796 B
Progress (1): 2.2 kB
Progress (1): 3.9 kB
                    
Downloaded from oss.sonatype.org: https://oss.sonatype.org/content/groups/public/org/apache/maven/maven-archiver/3.6.0/maven-archiver-3.6.0.pom (3.9 kB at 6.4 kB/s)
Downloading from oss.sonatype.org: https://oss.sonatype.org/content/groups/public/org/codehaus/plexus/plexus-utils/3.4.2/plexus-utils-3.4.2.pom
Progress (1): 729 B
Progress (1): 2.3 kB
Progress (1): 4.7 kB
Progress (1): 7.7 kB
Progress (1): 8.2 kB
                    
Downloaded from oss.sonatype.org: https://oss.sonatype.org/content/groups/public/org/codehaus/plexus/plexus-utils/3.4.2/plexus-utils-3.4.2.pom (8.2 kB at 10 kB/s)
Downloading from oss.sonatype.org: https://oss.sonatype.org/content/groups/public/org/apache/maven/shared/maven-common-artifact-filters/3.3.0/maven-common-artifact-filters-3.3.0.jar
Progress (1): 7.7/62 kB
Progress (1): 16/62 kB 
Progress (1): 32/62 kB
Progress (1): 49/62 kB
Progress (1): 62 kB   
                   
Downloaded from oss.sonatype.org: https://oss.sonatype.org/content/groups/public/org/apache/maven/shared/maven-common-artifact-filters/3.3.0/maven-common-artifact-filters-3.3.0.jar (62 kB at 85 kB/s)
Downloading from oss.sonatype.org: https://oss.sonatype.org/content/groups/public/org/codehaus/plexus/plexus-component-annotations/2.1.1/plexus-component-annotations-2.1.1.jar
Downloading from oss.sonatype.org: https://oss.sonatype.org/content/groups/public/org/apache/maven/shared/maven-filtering/3.3.0/maven-filtering-3.3.0.jar
Downloading from oss.sonatype.org: https://oss.sonatype.org/content/groups/public/org/codehaus/plexus/plexus-io/3.4.0/plexus-io-3.4.0.jar
Downloading from oss.sonatype.org: https://oss.sonatype.org/content/groups/public/org/codehaus/plexus/plexus-archiver/4.4.0/plexus-archiver-4.4.0.jar
Downloading from oss.sonatype.org: https://oss.sonatype.org/content/groups/public/org/apache/commons/commons-compress/1.21/commons-compress-1.21.jar
Progress (1): 4.1 kB
                    
Downloaded from oss.sonatype.org: https://oss.sonatype.org/content/groups/public/org/codehaus/plexus/plexus-component-annotations/2.1.1/plexus-component-annotations-2.1.1.jar (4.1 kB at 6.5 kB/s)
Downloading from oss.sonatype.org: https://oss.sonatype.org/content/groups/public/org/apache/maven/maven-archiver/3.6.0/maven-archiver-3.6.0.jar
Progress (1): 7.7/26 kB
Progress (1): 7.7/26 kB
Progress (1): 24/26 kB 
Progress (1): 26 kB   
                   
Downloaded from oss.sonatype.org: https://oss.sonatype.org/content/groups/public/org/apache/maven/maven-archiver/3.6.0/maven-archiver-3.6.0.jar (26 kB at 20 kB/s)
Downloading from oss.sonatype.org: https://oss.sonatype.org/content/groups/public/org/codehaus/plexus/plexus-utils/3.4.2/plexus-utils-3.4.2.jar
Progress (1): 0.9/211 kB
Progress (1): 2.3/211 kB
Progress (1): 3.6/211 kB
Progress (1): 5.0/211 kB
Progress (1): 6.4/211 kB
Progress (1): 7.7/211 kB
Progress (1): 9.1/211 kB
Progress (1): 10/211 kB 
Progress (1): 12/211 kB
Progress (1): 13/211 kB
Progress (1): 15/211 kB
Progress (1): 16/211 kB
Progress (1): 17/211 kB
Progress (1): 19/211 kB
Progress (1): 20/211 kB
Progress (1): 21/211 kB
Progress (1): 23/211 kB
Progress (1): 24/211 kB
Progress (1): 25/211 kB
Progress (1): 26/211 kB
Progress (1): 27/211 kB
Progress (1): 29/211 kB
Progress (1): 30/211 kB
Progress (1): 31/211 kB
Progress (1): 33/211 kB
Progress (1): 34/211 kB
Progress (1): 36/211 kB
Progress (1): 37/211 kB
Progress (1): 38/211 kB
Progress (1): 40/211 kB
Progress (1): 41/211 kB
Progress (1): 42/211 kB
Progress (1): 44/211 kB
Progress (1): 45/211 kB
Progress (1): 46/211 kB
Progress (1): 48/211 kB
Progress (2): 48/211 kB | 0.9/79 kB
Progress (2): 48/211 kB | 2.3/79 kB
Progress (2): 48/211 kB | 3.6/79 kB
Progress (2): 48/211 kB | 5.0/79 kB
Progress (2): 48/211 kB | 6.4/79 kB
Progress (2): 48/211 kB | 7.7/79 kB
Progress (2): 48/211 kB | 9.1/79 kB
Progress (2): 48/211 kB | 10/79 kB 
Progress (2): 48/211 kB | 12/79 kB
Progress (2): 49/211 kB | 12/79 kB
Progress (2): 51/211 kB | 12/79 kB
Progress (2): 52/211 kB | 12/79 kB
Progress (2): 52/211 kB | 13/79 kB
Progress (2): 52/211 kB | 15/79 kB
Progress (2): 52/211 kB | 16/79 kB
Progress (2): 52/211 kB | 17/79 kB
Progress (2): 56/211 kB | 17/79 kB
Progress (2): 56/211 kB | 19/79 kB
Progress (2): 56/211 kB | 20/79 kB
Progress (2): 60/211 kB | 20/79 kB
Progress (2): 60/211 kB | 21/79 kB
Progress (2): 60/211 kB | 23/79 kB
Progress (2): 60/211 kB | 24/79 kB
Progress (2): 60/211 kB | 26/79 kB
Progress (2): 65/211 kB | 26/79 kB
Progress (2): 65/211 kB | 27/79 kB
Progress (2): 65/211 kB | 28/79 kB
Progress (2): 69/211 kB | 28/79 kB
Progress (2): 69/211 kB | 30/79 kB
Progress (2): 69/211 kB | 31/79 kB
Progress (2): 69/211 kB | 32/79 kB
Progress (2): 69/211 kB | 34/79 kB
Progress (2): 69/211 kB | 35/79 kB
Progress (2): 69/211 kB | 36/79 kB
Progress (2): 69/211 kB | 38/79 kB
Progress (2): 69/211 kB | 39/79 kB
Progress (2): 69/211 kB | 41/79 kB
Progress (2): 69/211 kB | 42/79 kB
Progress (2): 69/211 kB | 43/79 kB
Progress (2): 69/211 kB | 45/79 kB
Progress (2): 69/211 kB | 46/79 kB
Progress (2): 69/211 kB | 47/79 kB
Progress (2): 69/211 kB | 49/79 kB
Progress (2): 69/211 kB | 50/79 kB
Progress (2): 69/211 kB | 52/79 kB
Progress (2): 69/211 kB | 53/79 kB
Progress (2): 69/211 kB | 57/79 kB
Progress (3): 69/211 kB | 57/79 kB | 0.9/55 kB
Progress (3): 69/211 kB | 57/79 kB | 2.3/55 kB
Progress (3): 69/211 kB | 57/79 kB | 3.6/55 kB
Progress (3): 69/211 kB | 57/79 kB | 5.0/55 kB
Progress (3): 69/211 kB | 57/79 kB | 6.4/55 kB
Progress (3): 69/211 kB | 57/79 kB | 7.7/55 kB
Progress (3): 69/211 kB | 57/79 kB | 9.1/55 kB
Progress (3): 69/211 kB | 61/79 kB | 9.1/55 kB
Progress (3): 69/211 kB | 61/79 kB | 10/55 kB 
Progress (3): 69/211 kB | 61/79 kB | 12/55 kB
Progress (3): 69/211 kB | 61/79 kB | 13/55 kB
Progress (3): 69/211 kB | 61/79 kB | 15/55 kB
Progress (3): 69/211 kB | 61/79 kB | 16/55 kB
Progress (3): 69/211 kB | 61/79 kB | 17/55 kB
Progress (3): 69/211 kB | 61/79 kB | 19/55 kB
Progress (3): 69/211 kB | 61/79 kB | 20/55 kB
Progress (3): 69/211 kB | 61/79 kB | 21/55 kB
Progress (4): 69/211 kB | 61/79 kB | 21/55 kB | 0/1.0 MB
Progress (4): 69/211 kB | 61/79 kB | 21/55 kB | 0/1.0 MB
Progress (4): 69/211 kB | 61/79 kB | 21/55 kB | 0/1.0 MB
Progress (4): 69/211 kB | 61/79 kB | 21/55 kB | 0/1.0 MB
Progress (4): 69/211 kB | 61/79 kB | 21/55 kB | 0/1.0 MB
Progress (4): 69/211 kB | 61/79 kB | 21/55 kB | 0/1.0 MB
Progress (4): 69/211 kB | 61/79 kB | 23/55 kB | 0/1.0 MB
Progress (4): 69/211 kB | 61/79 kB | 24/55 kB | 0/1.0 MB
Progress (4): 69/211 kB | 61/79 kB | 24/55 kB | 0/1.0 MB
Progress (4): 69/211 kB | 61/79 kB | 24/55 kB | 0/1.0 MB
Progress (4): 69/211 kB | 61/79 kB | 26/55 kB | 0/1.0 MB
Progress (4): 69/211 kB | 61/79 kB | 27/55 kB | 0/1.0 MB
Progress (4): 69/211 kB | 61/79 kB | 27/55 kB | 0/1.0 MB
Progress (4): 69/211 kB | 61/79 kB | 27/55 kB | 0/1.0 MB
Progress (4): 69/211 kB | 61/79 kB | 28/55 kB | 0/1.0 MB
Progress (4): 69/211 kB | 61/79 kB | 30/55 kB | 0/1.0 MB
Progress (4): 69/211 kB | 61/79 kB | 30/55 kB | 0/1.0 MB
Progress (4): 69/211 kB | 61/79 kB | 31/55 kB | 0/1.0 MB
Progress (4): 69/211 kB | 61/79 kB | 31/55 kB | 0/1.0 MB
Progress (4): 69/211 kB | 61/79 kB | 32/55 kB | 0/1.0 MB
Progress (4): 69/211 kB | 61/79 kB | 34/55 kB | 0/1.0 MB
Progress (4): 69/211 kB | 61/79 kB | 34/55 kB | 0/1.0 MB
Progress (4): 69/211 kB | 61/79 kB | 35/55 kB | 0/1.0 MB
Progress (4): 69/211 kB | 61/79 kB | 35/55 kB | 0/1.0 MB
Progress (4): 69/211 kB | 61/79 kB | 36/55 kB | 0/1.0 MB
Progress (4): 69/211 kB | 61/79 kB | 36/55 kB | 0/1.0 MB
Progress (4): 69/211 kB | 61/79 kB | 38/55 kB | 0/1.0 MB
Progress (4): 69/211 kB | 61/79 kB | 38/55 kB | 0/1.0 MB
Progress (4): 69/211 kB | 61/79 kB | 39/55 kB | 0/1.0 MB
Progress (4): 69/211 kB | 61/79 kB | 41/55 kB | 0/1.0 MB
Progress (4): 69/211 kB | 61/79 kB | 41/55 kB | 0/1.0 MB
Progress (4): 69/211 kB | 61/79 kB | 41/55 kB | 0/1.0 MB
Progress (4): 69/211 kB | 61/79 kB | 42/55 kB | 0/1.0 MB
Progress (4): 69/211 kB | 61/79 kB | 43/55 kB | 0/1.0 MB
Progress (4): 69/211 kB | 61/79 kB | 43/55 kB | 0/1.0 MB
Progress (4): 69/211 kB | 61/79 kB | 43/55 kB | 0/1.0 MB
Progress (4): 69/211 kB | 61/79 kB | 45/55 kB | 0/1.0 MB
Progress (4): 69/211 kB | 61/79 kB | 46/55 kB | 0/1.0 MB
Progress (4): 69/211 kB | 61/79 kB | 46/55 kB | 0/1.0 MB
Progress (4): 69/211 kB | 61/79 kB | 46/55 kB | 0/1.0 MB
Progress (4): 69/211 kB | 61/79 kB | 47/55 kB | 0/1.0 MB
Progress (4): 69/211 kB | 61/79 kB | 49/55 kB | 0/1.0 MB
Progress (4): 69/211 kB | 61/79 kB | 50/55 kB | 0/1.0 MB
Progress (4): 69/211 kB | 61/79 kB | 50/55 kB | 0/1.0 MB
Progress (4): 69/211 kB | 61/79 kB | 50/55 kB | 0/1.0 MB
Progress (4): 69/211 kB | 61/79 kB | 52/55 kB | 0/1.0 MB
Progress (4): 69/211 kB | 61/79 kB | 53/55 kB | 0/1.0 MB
Progress (4): 69/211 kB | 61/79 kB | 53/55 kB | 0/1.0 MB
Progress (4): 69/211 kB | 61/79 kB | 53/55 kB | 0/1.0 MB
Progress (4): 69/211 kB | 61/79 kB | 55 kB | 0/1.0 MB   
Progress (4): 69/211 kB | 61/79 kB | 55 kB | 0/1.0 MB
                                                     
Downloaded from oss.sonatype.org: https://oss.sonatype.org/content/groups/public/org/apache/maven/shared/maven-filtering/3.3.0/maven-filtering-3.3.0.jar (55 kB at 39 kB/s)
Progress (3): 69/211 kB | 61/79 kB | 0/1.0 MB
Progress (3): 69/211 kB | 61/79 kB | 0/1.0 MB
Progress (3): 69/211 kB | 61/79 kB | 0/1.0 MB
Progress (3): 69/211 kB | 61/79 kB | 0/1.0 MB
Progress (3): 69/211 kB | 61/79 kB | 0/1.0 MB
Progress (3): 69/211 kB | 61/79 kB | 0/1.0 MB
Progress (3): 69/211 kB | 61/79 kB | 0/1.0 MB
Progress (3): 69/211 kB | 61/79 kB | 0/1.0 MB
Progress (3): 69/211 kB | 61/79 kB | 0/1.0 MB
Progress (3): 69/211 kB | 61/79 kB | 0.1/1.0 MB
Progress (3): 69/211 kB | 61/79 kB | 0.1/1.0 MB
Progress (3): 69/211 kB | 61/79 kB | 0.1/1.0 MB
Progress (3): 69/211 kB | 61/79 kB | 0.1/1.0 MB
Progress (3): 69/211 kB | 61/79 kB | 0.1/1.0 MB
Progress (3): 69/211 kB | 61/79 kB | 0.1/1.0 MB
Progress (3): 69/211 kB | 61/79 kB | 0.1/1.0 MB
Progress (3): 73/211 kB | 61/79 kB | 0.1/1.0 MB
Progress (3): 77/211 kB | 61/79 kB | 0.1/1.0 MB
Progress (3): 82/211 kB | 61/79 kB | 0.1/1.0 MB
Progress (3): 86/211 kB | 61/79 kB | 0.1/1.0 MB
Progress (3): 90/211 kB | 61/79 kB | 0.1/1.0 MB
Progress (3): 94/211 kB | 61/79 kB | 0.1/1.0 MB
Progress (3): 98/211 kB | 61/79 kB | 0.1/1.0 MB
Progress (3): 103/211 kB | 61/79 kB | 0.1/1.0 MB
Progress (3): 107/211 kB | 61/79 kB | 0.1/1.0 MB
Progress (3): 111/211 kB | 61/79 kB | 0.1/1.0 MB
Progress (3): 115/211 kB | 61/79 kB | 0.1/1.0 MB
Progress (3): 120/211 kB | 61/79 kB | 0.1/1.0 MB
Progress (3): 120/211 kB | 66/79 kB | 0.1/1.0 MB
Progress (3): 120/211 kB | 70/79 kB | 0.1/1.0 MB
Progress (3): 124/211 kB | 70/79 kB | 0.1/1.0 MB
Progress (3): 128/211 kB | 70/79 kB | 0.1/1.0 MB
Progress (3): 128/211 kB | 74/79 kB | 0.1/1.0 MB
Progress (3): 131/211 kB | 74/79 kB | 0.1/1.0 MB
Progress (3): 131/211 kB | 78/79 kB | 0.1/1.0 MB
Progress (3): 131/211 kB | 79 kB | 0.1/1.0 MB   
Progress (3): 135/211 kB | 79 kB | 0.1/1.0 MB
                                             
Downloaded from oss.sonatype.org: https://oss.sonatype.org/content/groups/public/org/codehaus/plexus/plexus-io/3.4.0/plexus-io-3.4.0.jar (79 kB at 52 kB/s)
Progress (2): 140/211 kB | 0.1/1.0 MB
Progress (2): 144/211 kB | 0.1/1.0 MB
Progress (2): 148/211 kB | 0.1/1.0 MB
Progress (2): 152/211 kB | 0.1/1.0 MB
Progress (2): 156/211 kB | 0.1/1.0 MB
Progress (2): 161/211 kB | 0.1/1.0 MB
Progress (2): 165/211 kB | 0.1/1.0 MB
Progress (2): 169/211 kB | 0.1/1.0 MB
Progress (2): 173/211 kB | 0.1/1.0 MB
Progress (2): 173/211 kB | 0.1/1.0 MB
Progress (2): 173/211 kB | 0.1/1.0 MB
Progress (2): 173/211 kB | 0.1/1.0 MB
Progress (2): 173/211 kB | 0.1/1.0 MB
Progress (2): 173/211 kB | 0.1/1.0 MB
Progress (2): 173/211 kB | 0.1/1.0 MB
Progress (2): 173/211 kB | 0.1/1.0 MB
Progress (2): 173/211 kB | 0.1/1.0 MB
Progress (2): 173/211 kB | 0.1/1.0 MB
Progress (2): 173/211 kB | 0.1/1.0 MB
Progress (2): 173/211 kB | 0.1/1.0 MB
Progress (2): 173/211 kB | 0.1/1.0 MB
Progress (2): 173/211 kB | 0.1/1.0 MB
Progress (2): 173/211 kB | 0.1/1.0 MB
Progress (2): 173/211 kB | 0.1/1.0 MB
Progress (2): 173/211 kB | 0.1/1.0 MB
Progress (2): 173/211 kB | 0.1/1.0 MB
Progress (2): 173/211 kB | 0.1/1.0 MB
Progress (2): 173/211 kB | 0.1/1.0 MB
Progress (2): 173/211 kB | 0.2/1.0 MB
Progress (2): 178/211 kB | 0.2/1.0 MB
Progress (2): 178/211 kB | 0.2/1.0 MB
Progress (2): 182/211 kB | 0.2/1.0 MB
Progress (2): 186/211 kB | 0.2/1.0 MB
Progress (2): 186/211 kB | 0.2/1.0 MB
Progress (2): 190/211 kB | 0.2/1.0 MB
Progress (2): 190/211 kB | 0.2/1.0 MB
Progress (2): 195/211 kB | 0.2/1.0 MB
Progress (2): 199/211 kB | 0.2/1.0 MB
Progress (2): 203/211 kB | 0.2/1.0 MB
Progress (2): 207/211 kB | 0.2/1.0 MB
Progress (2): 211 kB | 0.2/1.0 MB    
                                 
Downloaded from oss.sonatype.org: https://oss.sonatype.org/content/groups/public/org/codehaus/plexus/plexus-archiver/4.4.0/plexus-archiver-4.4.0.jar (211 kB at 126 kB/s)
Progress (1): 0.2/1.0 MB
Progress (1): 0.2/1.0 MB
Progress (1): 0.2/1.0 MB
Progress (1): 0.2/1.0 MB
Progress (1): 0.2/1.0 MB
Progress (1): 0.2/1.0 MB
Progress (1): 0.2/1.0 MB
Progress (1): 0.2/1.0 MB
Progress (1): 0.2/1.0 MB
Progress (1): 0.2/1.0 MB
Progress (1): 0.2/1.0 MB
Progress (1): 0.2/1.0 MB
Progress (1): 0.2/1.0 MB
Progress (1): 0.2/1.0 MB
Progress (1): 0.3/1.0 MB
Progress (1): 0.3/1.0 MB
Progress (1): 0.3/1.0 MB
Progress (1): 0.3/1.0 MB
Progress (1): 0.3/1.0 MB
Progress (1): 0.3/1.0 MB
Progress (1): 0.3/1.0 MB
Progress (1): 0.4/1.0 MB
Progress (1): 0.4/1.0 MB
Progress (1): 0.4/1.0 MB
Progress (1): 0.4/1.0 MB
Progress (1): 0.4/1.0 MB
Progress (1): 0.4/1.0 MB
Progress (1): 0.5/1.0 MB
Progress (1): 0.5/1.0 MB
Progress (2): 0.5/1.0 MB | 3.8/267 kB
Progress (2): 0.5/1.0 MB | 7.7/267 kB
Progress (2): 0.5/1.0 MB | 12/267 kB 
Progress (2): 0.5/1.0 MB | 12/267 kB
Progress (2): 0.5/1.0 MB | 16/267 kB
Progress (2): 0.5/1.0 MB | 20/267 kB
Progress (2): 0.5/1.0 MB | 25/267 kB
Progress (2): 0.5/1.0 MB | 29/267 kB
Progress (2): 0.5/1.0 MB | 29/267 kB
Progress (2): 0.5/1.0 MB | 33/267 kB
Progress (2): 0.5/1.0 MB | 37/267 kB
Progress (2): 0.5/1.0 MB | 37/267 kB
Progress (2): 0.5/1.0 MB | 42/267 kB
Progress (2): 0.5/1.0 MB | 46/267 kB
Progress (2): 0.5/1.0 MB | 50/267 kB
Progress (2): 0.5/1.0 MB | 50/267 kB
Progress (2): 0.5/1.0 MB | 54/267 kB
Progress (2): 0.5/1.0 MB | 58/267 kB
Progress (2): 0.5/1.0 MB | 63/267 kB
Progress (2): 0.6/1.0 MB | 63/267 kB
Progress (2): 0.6/1.0 MB | 67/267 kB
Progress (2): 0.6/1.0 MB | 71/267 kB
Progress (2): 0.6/1.0 MB | 71/267 kB
Progress (2): 0.6/1.0 MB | 75/267 kB
Progress (2): 0.6/1.0 MB | 80/267 kB
Progress (2): 0.6/1.0 MB | 84/267 kB
Progress (2): 0.6/1.0 MB | 84/267 kB
Progress (2): 0.6/1.0 MB | 88/267 kB
Progress (2): 0.6/1.0 MB | 92/267 kB
Progress (2): 0.6/1.0 MB | 92/267 kB
Progress (2): 0.6/1.0 MB | 97/267 kB
Progress (2): 0.6/1.0 MB | 101/267 kB
Progress (2): 0.6/1.0 MB | 101/267 kB
Progress (2): 0.6/1.0 MB | 105/267 kB
Progress (2): 0.6/1.0 MB | 109/267 kB
Progress (2): 0.6/1.0 MB | 109/267 kB
Progress (2): 0.6/1.0 MB | 113/267 kB
Progress (2): 0.7/1.0 MB | 113/267 kB
Progress (2): 0.7/1.0 MB | 113/267 kB
Progress (2): 0.7/1.0 MB | 113/267 kB
Progress (2): 0.7/1.0 MB | 113/267 kB
Progress (2): 0.7/1.0 MB | 113/267 kB
Progress (2): 0.7/1.0 MB | 113/267 kB
Progress (2): 0.8/1.0 MB | 113/267 kB
Progress (2): 0.8/1.0 MB | 113/267 kB
Progress (2): 0.8/1.0 MB | 113/267 kB
Progress (2): 0.8/1.0 MB | 113/267 kB
Progress (2): 0.8/1.0 MB | 113/267 kB
Progress (2): 0.8/1.0 MB | 113/267 kB
Progress (2): 0.9/1.0 MB | 113/267 kB
Progress (2): 0.9/1.0 MB | 113/267 kB
Progress (2): 0.9/1.0 MB | 118/267 kB
Progress (2): 0.9/1.0 MB | 122/267 kB
Progress (2): 0.9/1.0 MB | 122/267 kB
Progress (2): 0.9/1.0 MB | 126/267 kB
Progress (2): 0.9/1.0 MB | 126/267 kB
Progress (2): 0.9/1.0 MB | 130/267 kB
Progress (2): 0.9/1.0 MB | 130/267 kB
Progress (2): 0.9/1.0 MB | 139/267 kB
Progress (2): 0.9/1.0 MB | 139/267 kB
Progress (2): 0.9/1.0 MB | 139/267 kB
Progress (2): 1.0/1.0 MB | 139/267 kB
Progress (2): 1.0/1.0 MB | 139/267 kB
Progress (2): 1.0/1.0 MB | 155/267 kB
Progress (2): 1.0/1.0 MB | 155/267 kB
Progress (2): 1.0/1.0 MB | 155/267 kB
Progress (2): 1.0 MB | 155/267 kB    
                                 
Downloaded from oss.sonatype.org: https://oss.sonatype.org/content/groups/public/org/apache/commons/commons-compress/1.21/commons-compress-1.21.jar (1.0 MB at 461 kB/s)
Progress (1): 172/267 kB
Progress (1): 188/267 kB
Progress (1): 204/267 kB
Progress (1): 221/267 kB
Progress (1): 237/267 kB
Progress (1): 253/267 kB
Progress (1): 267 kB    
                    
Downloaded from oss.sonatype.org: https://oss.sonatype.org/content/groups/public/org/codehaus/plexus/plexus-utils/3.4.2/plexus-utils-3.4.2.jar (267 kB at 117 kB/s)
[INFO] Building jar: /home/zhihao/hdd/marshal/benchmarks/cross-repo-pr-impact/results/single-case-pipeline-jcabi-simpledb-v1-2026-08-27/replay-work/formal-github-jcabi-aspects-336--target-jcabi-simpledb-155/source-a0/target/jcabi-aspects-0.24.1-jar-with-dependencies.jar
[INFO] ------------------------------------------------------------------------
[INFO] BUILD SUCCESS
[INFO] ------------------------------------------------------------------------
[INFO] Total time:  05:38 min
[INFO] Finished at: 2026-08-27T05:06:58+08:00
[INFO] ------------------------------------------------------------------------
