Could not load 'oslo_cache.memcache_pool': No module named 'bmemcached'
Could not load 'oslo_cache.memcache_pool': No module named 'bmemcached'
Could not load 'oslo_cache.memcache_pool': No module named 'bmemcached'
Could not load 'oslo_cache.memcache_pool': No module named 'bmemcached'
Could not load 'oslo_cache.memcache_pool': No module named 'bmemcached'
Could not load 'oslo_cache.memcache_pool': No module named 'bmemcached'
Could not load 'oslo_cache.memcache_pool': No module named 'bmemcached'
Could not load 'oslo_cache.memcache_pool': No module named 'bmemcached'
Could not load 'oslo_cache.memcache_pool': No module named 'bmemcached'
Could not load 'oslo_cache.memcache_pool': No module named 'bmemcached'
Could not load 'oslo_cache.memcache_pool': No module named 'bmemcached'
Could not load 'oslo_cache.memcache_pool': No module named 'bmemcached'
Could not load 'oslo_cache.memcache_pool': No module named 'bmemcached'
Could not load 'oslo_cache.memcache_pool': No module named 'bmemcached'
Could not load 'oslo_cache.memcache_pool': No module named 'bmemcached'
Could not load 'oslo_cache.memcache_pool': No module named 'bmemcached'
Could not load 'oslo_cache.memcache_pool': No module named 'bmemcached'
Could not load 'oslo_cache.memcache_pool': No module named 'bmemcached'
Could not load 'oslo_cache.memcache_pool': No module named 'bmemcached'
Could not load 'oslo_cache.memcache_pool': No module named 'bmemcached'
Could not load 'oslo_cache.memcache_pool': No module named 'bmemcached'
/home/zhihao/hdd/marshal/.work/rebuild_880278_880338/run/formal-opendev-880278--target-880338-fresh2/replay-work/formal-opendev-880278--target-880338/target-a0/.tox/py3/lib/python3.10/site-packages/kombu/utils/compat.py:82: DeprecationWarning: SelectableGroups dict interface is deprecated. Use select.
  for ep in importlib_metadata.entry_points().get(namespace, [])
/home/zhihao/hdd/marshal/.work/rebuild_880278_880338/run/formal-opendev-880278--target-880338-fresh2/replay-work/formal-opendev-880278--target-880338/target-a0/.tox/py3/lib/python3.10/site-packages/oslo_db/sqlalchemy/enginefacade.py:541: DeprecationWarning: Using the 'mysql_enable_ndb' argument is deprecated in version '12.1.0': Support for the MySQL NDB Cluster storage engine has been deprecated and will be removed in a future release.
  engine = engines.create_engine(
/home/zhihao/hdd/marshal/.work/rebuild_880278_880338/run/formal-opendev-880278--target-880338-fresh2/replay-work/formal-opendev-880278--target-880338/target-a0/.tox/py3/lib/python3.10/site-packages/kombu/utils/compat.py:82: DeprecationWarning: SelectableGroups dict interface is deprecated. Use select.
  for ep in importlib_metadata.entry_points().get(namespace, [])
/home/zhihao/hdd/marshal/.work/rebuild_880278_880338/run/formal-opendev-880278--target-880338-fresh2/replay-work/formal-opendev-880278--target-880338/target-a0/.tox/py3/lib/python3.10/site-packages/oslo_db/sqlalchemy/enginefacade.py:541: DeprecationWarning: Using the 'mysql_enable_ndb' argument is deprecated in version '12.1.0': Support for the MySQL NDB Cluster storage engine has been deprecated and will be removed in a future release.
  engine = engines.create_engine(
/home/zhihao/hdd/marshal/.work/rebuild_880278_880338/run/formal-opendev-880278--target-880338-fresh2/replay-work/formal-opendev-880278--target-880338/target-a0/.tox/py3/lib/python3.10/site-packages/kombu/utils/compat.py:82: DeprecationWarning: SelectableGroups dict interface is deprecated. Use select.
  for ep in importlib_metadata.entry_points().get(namespace, [])
/home/zhihao/hdd/marshal/.work/rebuild_880278_880338/run/formal-opendev-880278--target-880338-fresh2/replay-work/formal-opendev-880278--target-880338/target-a0/.tox/py3/lib/python3.10/site-packages/kombu/utils/compat.py:82: DeprecationWarning: SelectableGroups dict interface is deprecated. Use select.
  for ep in importlib_metadata.entry_points().get(namespace, [])
/home/zhihao/hdd/marshal/.work/rebuild_880278_880338/run/formal-opendev-880278--target-880338-fresh2/replay-work/formal-opendev-880278--target-880338/target-a0/.tox/py3/lib/python3.10/site-packages/oslo_db/sqlalchemy/enginefacade.py:541: DeprecationWarning: Using the 'mysql_enable_ndb' argument is deprecated in version '12.1.0': Support for the MySQL NDB Cluster storage engine has been deprecated and will be removed in a future release.
  engine = engines.create_engine(
/home/zhihao/hdd/marshal/.work/rebuild_880278_880338/run/formal-opendev-880278--target-880338-fresh2/replay-work/formal-opendev-880278--target-880338/target-a0/.tox/py3/lib/python3.10/site-packages/oslo_db/sqlalchemy/enginefacade.py:541: DeprecationWarning: Using the 'mysql_enable_ndb' argument is deprecated in version '12.1.0': Support for the MySQL NDB Cluster storage engine has been deprecated and will be removed in a future release.
  engine = engines.create_engine(
/home/zhihao/hdd/marshal/.work/rebuild_880278_880338/run/formal-opendev-880278--target-880338-fresh2/replay-work/formal-opendev-880278--target-880338/target-a0/.tox/py3/lib/python3.10/site-packages/kombu/utils/compat.py:82: DeprecationWarning: SelectableGroups dict interface is deprecated. Use select.
  for ep in importlib_metadata.entry_points().get(namespace, [])
/home/zhihao/hdd/marshal/.work/rebuild_880278_880338/run/formal-opendev-880278--target-880338-fresh2/replay-work/formal-opendev-880278--target-880338/target-a0/.tox/py3/lib/python3.10/site-packages/oslo_db/sqlalchemy/enginefacade.py:541: DeprecationWarning: Using the 'mysql_enable_ndb' argument is deprecated in version '12.1.0': Support for the MySQL NDB Cluster storage engine has been deprecated and will be removed in a future release.
  engine = engines.create_engine(
create failed: No details.
Traceback (most recent call last):
  File "/home/zhihao/hdd/marshal/.work/rebuild_880278_880338/run/formal-opendev-880278--target-880338-fresh2/replay-work/formal-opendev-880278--target-880338/target-a0/neutron/api/v2/resource.py", line 98, in resource
    result = method(request=request, **args)
  File "/home/zhihao/hdd/marshal/.work/rebuild_880278_880338/run/formal-opendev-880278--target-880338-fresh2/replay-work/formal-opendev-880278--target-880338/target-a0/neutron/api/v2/base.py", line 438, in create
    return self._create(request, body, **kwargs)
  File "/home/zhihao/hdd/marshal/.work/rebuild_880278_880338/run/formal-opendev-880278--target-880338-fresh2/replay-work/formal-opendev-880278--target-880338/target-a0/.tox/py3/lib/python3.10/site-packages/neutron_lib/db/api.py", line 140, in wrapped
    with excutils.save_and_reraise_exception():
  File "/home/zhihao/hdd/marshal/.work/rebuild_880278_880338/run/formal-opendev-880278--target-880338-fresh2/replay-work/formal-opendev-880278--target-880338/target-a0/.tox/py3/lib/python3.10/site-packages/oslo_utils/excutils.py", line 227, in __exit__
    self.force_reraise()
  File "/home/zhihao/hdd/marshal/.work/rebuild_880278_880338/run/formal-opendev-880278--target-880338-fresh2/replay-work/formal-opendev-880278--target-880338/target-a0/.tox/py3/lib/python3.10/site-packages/oslo_utils/excutils.py", line 200, in force_reraise
    raise self.value
  File "/home/zhihao/hdd/marshal/.work/rebuild_880278_880338/run/formal-opendev-880278--target-880338-fresh2/replay-work/formal-opendev-880278--target-880338/target-a0/.tox/py3/lib/python3.10/site-packages/neutron_lib/db/api.py", line 138, in wrapped
    return f(*args, **kwargs)
  File "/home/zhihao/hdd/marshal/.work/rebuild_880278_880338/run/formal-opendev-880278--target-880338-fresh2/replay-work/formal-opendev-880278--target-880338/target-a0/.tox/py3/lib/python3.10/site-packages/oslo_db/api.py", line 144, in wrapper
    with excutils.save_and_reraise_exception() as ectxt:
  File "/home/zhihao/hdd/marshal/.work/rebuild_880278_880338/run/formal-opendev-880278--target-880338-fresh2/replay-work/formal-opendev-880278--target-880338/target-a0/.tox/py3/lib/python3.10/site-packages/oslo_utils/excutils.py", line 227, in __exit__
    self.force_reraise()
  File "/home/zhihao/hdd/marshal/.work/rebuild_880278_880338/run/formal-opendev-880278--target-880338-fresh2/replay-work/formal-opendev-880278--target-880338/target-a0/.tox/py3/lib/python3.10/site-packages/oslo_utils/excutils.py", line 200, in force_reraise
    raise self.value
  File "/home/zhihao/hdd/marshal/.work/rebuild_880278_880338/run/formal-opendev-880278--target-880338-fresh2/replay-work/formal-opendev-880278--target-880338/target-a0/.tox/py3/lib/python3.10/site-packages/oslo_db/api.py", line 142, in wrapper
    return f(*args, **kwargs)
  File "/home/zhihao/hdd/marshal/.work/rebuild_880278_880338/run/formal-opendev-880278--target-880338-fresh2/replay-work/formal-opendev-880278--target-880338/target-a0/.tox/py3/lib/python3.10/site-packages/neutron_lib/db/api.py", line 186, in wrapped
    with excutils.save_and_reraise_exception():
  File "/home/zhihao/hdd/marshal/.work/rebuild_880278_880338/run/formal-opendev-880278--target-880338-fresh2/replay-work/formal-opendev-880278--target-880338/target-a0/.tox/py3/lib/python3.10/site-packages/oslo_utils/excutils.py", line 227, in __exit__
    self.force_reraise()
  File "/home/zhihao/hdd/marshal/.work/rebuild_880278_880338/run/formal-opendev-880278--target-880338-fresh2/replay-work/formal-opendev-880278--target-880338/target-a0/.tox/py3/lib/python3.10/site-packages/oslo_utils/excutils.py", line 200, in force_reraise
    raise self.value
  File "/home/zhihao/hdd/marshal/.work/rebuild_880278_880338/run/formal-opendev-880278--target-880338-fresh2/replay-work/formal-opendev-880278--target-880338/target-a0/.tox/py3/lib/python3.10/site-packages/neutron_lib/db/api.py", line 184, in wrapped
    return f(*dup_args, **dup_kwargs)
  File "/home/zhihao/hdd/marshal/.work/rebuild_880278_880338/run/formal-opendev-880278--target-880338-fresh2/replay-work/formal-opendev-880278--target-880338/target-a0/neutron/api/v2/base.py", line 564, in _create
    return notify({self._resource: self._view(request.context,
  File "/home/zhihao/hdd/marshal/.work/rebuild_880278_880338/run/formal-opendev-880278--target-880338-fresh2/replay-work/formal-opendev-880278--target-880338/target-a0/neutron/api/v2/base.py", line 504, in notify
    quota.QUOTAS.commit_reservation(
  File "/home/zhihao/hdd/marshal/.work/rebuild_880278_880338/run/formal-opendev-880278--target-880338-fresh2/replay-work/formal-opendev-880278--target-880338/target-a0/neutron/quota/__init__.py", line 103, in commit_reservation
    self.get_driver().commit_reservation(context, reservation_id)
  File "/home/zhihao/hdd/marshal/.work/rebuild_880278_880338/run/formal-opendev-880278--target-880338-fresh2/replay-work/formal-opendev-880278--target-880338/target-a0/neutron/db/quota/driver.py", line 269, in commit_reservation
    quota_api.remove_reservation(context, reservation_id,
  File "/home/zhihao/hdd/marshal/.work/rebuild_880278_880338/run/formal-opendev-880278--target-880338-fresh2/replay-work/formal-opendev-880278--target-880338/target-a0/neutron/common/utils.py", line 726, in inner
    raise RuntimeError(_("Method %s cannot be called within a "
RuntimeError: Method <function remove_reservation at 0x7e470fc82e60> cannot be called within a transaction.
/home/zhihao/hdd/marshal/.work/rebuild_880278_880338/run/formal-opendev-880278--target-880338-fresh2/replay-work/formal-opendev-880278--target-880338/target-a0/.tox/py3/lib/python3.10/site-packages/kombu/utils/compat.py:82: DeprecationWarning: SelectableGroups dict interface is deprecated. Use select.
  for ep in importlib_metadata.entry_points().get(namespace, [])
/home/zhihao/hdd/marshal/.work/rebuild_880278_880338/run/formal-opendev-880278--target-880338-fresh2/replay-work/formal-opendev-880278--target-880338/target-a0/.tox/py3/lib/python3.10/site-packages/oslo_db/sqlalchemy/enginefacade.py:541: DeprecationWarning: Using the 'mysql_enable_ndb' argument is deprecated in version '12.1.0': Support for the MySQL NDB Cluster storage engine has been deprecated and will be removed in a future release.
  engine = engines.create_engine(
/home/zhihao/hdd/marshal/.work/rebuild_880278_880338/run/formal-opendev-880278--target-880338-fresh2/replay-work/formal-opendev-880278--target-880338/target-a0/.tox/py3/lib/python3.10/site-packages/kombu/utils/compat.py:82: DeprecationWarning: SelectableGroups dict interface is deprecated. Use select.
  for ep in importlib_metadata.entry_points().get(namespace, [])
create failed: No details.
Traceback (most recent call last):
  File "/home/zhihao/hdd/marshal/.work/rebuild_880278_880338/run/formal-opendev-880278--target-880338-fresh2/replay-work/formal-opendev-880278--target-880338/target-a0/neutron/api/v2/resource.py", line 98, in resource
    result = method(request=request, **args)
  File "/home/zhihao/hdd/marshal/.work/rebuild_880278_880338/run/formal-opendev-880278--target-880338-fresh2/replay-work/formal-opendev-880278--target-880338/target-a0/neutron/api/v2/base.py", line 438, in create
    return self._create(request, body, **kwargs)
  File "/home/zhihao/hdd/marshal/.work/rebuild_880278_880338/run/formal-opendev-880278--target-880338-fresh2/replay-work/formal-opendev-880278--target-880338/target-a0/.tox/py3/lib/python3.10/site-packages/neutron_lib/db/api.py", line 140, in wrapped
    with excutils.save_and_reraise_exception():
  File "/home/zhihao/hdd/marshal/.work/rebuild_880278_880338/run/formal-opendev-880278--target-880338-fresh2/replay-work/formal-opendev-880278--target-880338/target-a0/.tox/py3/lib/python3.10/site-packages/oslo_utils/excutils.py", line 227, in __exit__
    self.force_reraise()
  File "/home/zhihao/hdd/marshal/.work/rebuild_880278_880338/run/formal-opendev-880278--target-880338-fresh2/replay-work/formal-opendev-880278--target-880338/target-a0/.tox/py3/lib/python3.10/site-packages/oslo_utils/excutils.py", line 200, in force_reraise
    raise self.value
  File "/home/zhihao/hdd/marshal/.work/rebuild_880278_880338/run/formal-opendev-880278--target-880338-fresh2/replay-work/formal-opendev-880278--target-880338/target-a0/.tox/py3/lib/python3.10/site-packages/neutron_lib/db/api.py", line 138, in wrapped
    return f(*args, **kwargs)
  File "/home/zhihao/hdd/marshal/.work/rebuild_880278_880338/run/formal-opendev-880278--target-880338-fresh2/replay-work/formal-opendev-880278--target-880338/target-a0/.tox/py3/lib/python3.10/site-packages/oslo_db/api.py", line 144, in wrapper
    with excutils.save_and_reraise_exception() as ectxt:
  File "/home/zhihao/hdd/marshal/.work/rebuild_880278_880338/run/formal-opendev-880278--target-880338-fresh2/replay-work/formal-opendev-880278--target-880338/target-a0/.tox/py3/lib/python3.10/site-packages/oslo_utils/excutils.py", line 227, in __exit__
    self.force_reraise()
  File "/home/zhihao/hdd/marshal/.work/rebuild_880278_880338/run/formal-opendev-880278--target-880338-fresh2/replay-work/formal-opendev-880278--target-880338/target-a0/.tox/py3/lib/python3.10/site-packages/oslo_utils/excutils.py", line 200, in force_reraise
    raise self.value
  File "/home/zhihao/hdd/marshal/.work/rebuild_880278_880338/run/formal-opendev-880278--target-880338-fresh2/replay-work/formal-opendev-880278--target-880338/target-a0/.tox/py3/lib/python3.10/site-packages/oslo_db/api.py", line 142, in wrapper
    return f(*args, **kwargs)
  File "/home/zhihao/hdd/marshal/.work/rebuild_880278_880338/run/formal-opendev-880278--target-880338-fresh2/replay-work/formal-opendev-880278--target-880338/target-a0/.tox/py3/lib/python3.10/site-packages/neutron_lib/db/api.py", line 186, in wrapped
    with excutils.save_and_reraise_exception():
  File "/home/zhihao/hdd/marshal/.work/rebuild_880278_880338/run/formal-opendev-880278--target-880338-fresh2/replay-work/formal-opendev-880278--target-880338/target-a0/.tox/py3/lib/python3.10/site-packages/oslo_utils/excutils.py", line 227, in __exit__
    self.force_reraise()
  File "/home/zhihao/hdd/marshal/.work/rebuild_880278_880338/run/formal-opendev-880278--target-880338-fresh2/replay-work/formal-opendev-880278--target-880338/target-a0/.tox/py3/lib/python3.10/site-packages/oslo_utils/excutils.py", line 200, in force_reraise
    raise self.value
  File "/home/zhihao/hdd/marshal/.work/rebuild_880278_880338/run/formal-opendev-880278--target-880338-fresh2/replay-work/formal-opendev-880278--target-880338/target-a0/.tox/py3/lib/python3.10/site-packages/neutron_lib/db/api.py", line 184, in wrapped
    return f(*dup_args, **dup_kwargs)
  File "/home/zhihao/hdd/marshal/.work/rebuild_880278_880338/run/formal-opendev-880278--target-880338-fresh2/replay-work/formal-opendev-880278--target-880338/target-a0/neutron/api/v2/base.py", line 564, in _create
    return notify({self._resource: self._view(request.context,
  File "/home/zhihao/hdd/marshal/.work/rebuild_880278_880338/run/formal-opendev-880278--target-880338-fresh2/replay-work/formal-opendev-880278--target-880338/target-a0/neutron/api/v2/base.py", line 504, in notify
    quota.QUOTAS.commit_reservation(
  File "/home/zhihao/hdd/marshal/.work/rebuild_880278_880338/run/formal-opendev-880278--target-880338-fresh2/replay-work/formal-opendev-880278--target-880338/target-a0/neutron/quota/__init__.py", line 103, in commit_reservation
    self.get_driver().commit_reservation(context, reservation_id)
  File "/home/zhihao/hdd/marshal/.work/rebuild_880278_880338/run/formal-opendev-880278--target-880338-fresh2/replay-work/formal-opendev-880278--target-880338/target-a0/neutron/db/quota/driver.py", line 269, in commit_reservation
    quota_api.remove_reservation(context, reservation_id,
  File "/home/zhihao/hdd/marshal/.work/rebuild_880278_880338/run/formal-opendev-880278--target-880338-fresh2/replay-work/formal-opendev-880278--target-880338/target-a0/neutron/common/utils.py", line 726, in inner
    raise RuntimeError(_("Method %s cannot be called within a "
RuntimeError: Method <function remove_reservation at 0x7089d1f7ee60> cannot be called within a transaction.
/home/zhihao/hdd/marshal/.work/rebuild_880278_880338/run/formal-opendev-880278--target-880338-fresh2/replay-work/formal-opendev-880278--target-880338/target-a0/.tox/py3/lib/python3.10/site-packages/oslo_db/sqlalchemy/enginefacade.py:541: DeprecationWarning: Using the 'mysql_enable_ndb' argument is deprecated in version '12.1.0': Support for the MySQL NDB Cluster storage engine has been deprecated and will be removed in a future release.
  engine = engines.create_engine(
{3} neutron.tests.unit.services.metering.test_metering_plugin.TestMeteringPlugin.test_add_and_remove_metering_label_rule_dest_ip_only [1.860435s] ... ok
create failed: No details.
Traceback (most recent call last):
  File "/home/zhihao/hdd/marshal/.work/rebuild_880278_880338/run/formal-opendev-880278--target-880338-fresh2/replay-work/formal-opendev-880278--target-880338/target-a0/neutron/api/v2/resource.py", line 98, in resource
    result = method(request=request, **args)
  File "/home/zhihao/hdd/marshal/.work/rebuild_880278_880338/run/formal-opendev-880278--target-880338-fresh2/replay-work/formal-opendev-880278--target-880338/target-a0/neutron/api/v2/base.py", line 438, in create
    return self._create(request, body, **kwargs)
  File "/home/zhihao/hdd/marshal/.work/rebuild_880278_880338/run/formal-opendev-880278--target-880338-fresh2/replay-work/formal-opendev-880278--target-880338/target-a0/.tox/py3/lib/python3.10/site-packages/neutron_lib/db/api.py", line 140, in wrapped
    with excutils.save_and_reraise_exception():
  File "/home/zhihao/hdd/marshal/.work/rebuild_880278_880338/run/formal-opendev-880278--target-880338-fresh2/replay-work/formal-opendev-880278--target-880338/target-a0/.tox/py3/lib/python3.10/site-packages/oslo_utils/excutils.py", line 227, in __exit__
    self.force_reraise()
  File "/home/zhihao/hdd/marshal/.work/rebuild_880278_880338/run/formal-opendev-880278--target-880338-fresh2/replay-work/formal-opendev-880278--target-880338/target-a0/.tox/py3/lib/python3.10/site-packages/oslo_utils/excutils.py", line 200, in force_reraise
    raise self.value
  File "/home/zhihao/hdd/marshal/.work/rebuild_880278_880338/run/formal-opendev-880278--target-880338-fresh2/replay-work/formal-opendev-880278--target-880338/target-a0/.tox/py3/lib/python3.10/site-packages/neutron_lib/db/api.py", line 138, in wrapped
    return f(*args, **kwargs)
  File "/home/zhihao/hdd/marshal/.work/rebuild_880278_880338/run/formal-opendev-880278--target-880338-fresh2/replay-work/formal-opendev-880278--target-880338/target-a0/.tox/py3/lib/python3.10/site-packages/oslo_db/api.py", line 144, in wrapper
    with excutils.save_and_reraise_exception() as ectxt:
  File "/home/zhihao/hdd/marshal/.work/rebuild_880278_880338/run/formal-opendev-880278--target-880338-fresh2/replay-work/formal-opendev-880278--target-880338/target-a0/.tox/py3/lib/python3.10/site-packages/oslo_utils/excutils.py", line 227, in __exit__
    self.force_reraise()
  File "/home/zhihao/hdd/marshal/.work/rebuild_880278_880338/run/formal-opendev-880278--target-880338-fresh2/replay-work/formal-opendev-880278--target-880338/target-a0/.tox/py3/lib/python3.10/site-packages/oslo_utils/excutils.py", line 200, in force_reraise
    raise self.value
  File "/home/zhihao/hdd/marshal/.work/rebuild_880278_880338/run/formal-opendev-880278--target-880338-fresh2/replay-work/formal-opendev-880278--target-880338/target-a0/.tox/py3/lib/python3.10/site-packages/oslo_db/api.py", line 142, in wrapper
    return f(*args, **kwargs)
  File "/home/zhihao/hdd/marshal/.work/rebuild_880278_880338/run/formal-opendev-880278--target-880338-fresh2/replay-work/formal-opendev-880278--target-880338/target-a0/.tox/py3/lib/python3.10/site-packages/neutron_lib/db/api.py", line 186, in wrapped
    with excutils.save_and_reraise_exception():
  File "/home/zhihao/hdd/marshal/.work/rebuild_880278_880338/run/formal-opendev-880278--target-880338-fresh2/replay-work/formal-opendev-880278--target-880338/target-a0/.tox/py3/lib/python3.10/site-packages/oslo_utils/excutils.py", line 227, in __exit__
    self.force_reraise()
  File "/home/zhihao/hdd/marshal/.work/rebuild_880278_880338/run/formal-opendev-880278--target-880338-fresh2/replay-work/formal-opendev-880278--target-880338/target-a0/.tox/py3/lib/python3.10/site-packages/oslo_utils/excutils.py", line 200, in force_reraise
    raise self.value
  File "/home/zhihao/hdd/marshal/.work/rebuild_880278_880338/run/formal-opendev-880278--target-880338-fresh2/replay-work/formal-opendev-880278--target-880338/target-a0/.tox/py3/lib/python3.10/site-packages/neutron_lib/db/api.py", line 184, in wrapped
    return f(*dup_args, **dup_kwargs)
  File "/home/zhihao/hdd/marshal/.work/rebuild_880278_880338/run/formal-opendev-880278--target-880338-fresh2/replay-work/formal-opendev-880278--target-880338/target-a0/neutron/api/v2/base.py", line 564, in _create
    return notify({self._resource: self._view(request.context,
  File "/home/zhihao/hdd/marshal/.work/rebuild_880278_880338/run/formal-opendev-880278--target-880338-fresh2/replay-work/formal-opendev-880278--target-880338/target-a0/neutron/api/v2/base.py", line 504, in notify
    quota.QUOTAS.commit_reservation(
  File "/home/zhihao/hdd/marshal/.work/rebuild_880278_880338/run/formal-opendev-880278--target-880338-fresh2/replay-work/formal-opendev-880278--target-880338/target-a0/neutron/quota/__init__.py", line 103, in commit_reservation
    self.get_driver().commit_reservation(context, reservation_id)
  File "/home/zhihao/hdd/marshal/.work/rebuild_880278_880338/run/formal-opendev-880278--target-880338-fresh2/replay-work/formal-opendev-880278--target-880338/target-a0/neutron/db/quota/driver.py", line 269, in commit_reservation
    quota_api.remove_reservation(context, reservation_id,
  File "/home/zhihao/hdd/marshal/.work/rebuild_880278_880338/run/formal-opendev-880278--target-880338-fresh2/replay-work/formal-opendev-880278--target-880338/target-a0/neutron/common/utils.py", line 726, in inner
    raise RuntimeError(_("Method %s cannot be called within a "
RuntimeError: Method <function remove_reservation at 0x7d4e14b82e60> cannot be called within a transaction.
create failed: No details.
Traceback (most recent call last):
  File "/home/zhihao/hdd/marshal/.work/rebuild_880278_880338/run/formal-opendev-880278--target-880338-fresh2/replay-work/formal-opendev-880278--target-880338/target-a0/neutron/api/v2/resource.py", line 98, in resource
    result = method(request=request, **args)
  File "/home/zhihao/hdd/marshal/.work/rebuild_880278_880338/run/formal-opendev-880278--target-880338-fresh2/replay-work/formal-opendev-880278--target-880338/target-a0/neutron/api/v2/base.py", line 438, in create
    return self._create(request, body, **kwargs)
  File "/home/zhihao/hdd/marshal/.work/rebuild_880278_880338/run/formal-opendev-880278--target-880338-fresh2/replay-work/formal-opendev-880278--target-880338/target-a0/.tox/py3/lib/python3.10/site-packages/neutron_lib/db/api.py", line 140, in wrapped
    with excutils.save_and_reraise_exception():
  File "/home/zhihao/hdd/marshal/.work/rebuild_880278_880338/run/formal-opendev-880278--target-880338-fresh2/replay-work/formal-opendev-880278--target-880338/target-a0/.tox/py3/lib/python3.10/site-packages/oslo_utils/excutils.py", line 227, in __exit__
    self.force_reraise()
  File "/home/zhihao/hdd/marshal/.work/rebuild_880278_880338/run/formal-opendev-880278--target-880338-fresh2/replay-work/formal-opendev-880278--target-880338/target-a0/.tox/py3/lib/python3.10/site-packages/oslo_utils/excutils.py", line 200, in force_reraise
    raise self.value
  File "/home/zhihao/hdd/marshal/.work/rebuild_880278_880338/run/formal-opendev-880278--target-880338-fresh2/replay-work/formal-opendev-880278--target-880338/target-a0/.tox/py3/lib/python3.10/site-packages/neutron_lib/db/api.py", line 138, in wrapped
    return f(*args, **kwargs)
  File "/home/zhihao/hdd/marshal/.work/rebuild_880278_880338/run/formal-opendev-880278--target-880338-fresh2/replay-work/formal-opendev-880278--target-880338/target-a0/.tox/py3/lib/python3.10/site-packages/oslo_db/api.py", line 144, in wrapper
    with excutils.save_and_reraise_exception() as ectxt:
  File "/home/zhihao/hdd/marshal/.work/rebuild_880278_880338/run/formal-opendev-880278--target-880338-fresh2/replay-work/formal-opendev-880278--target-880338/target-a0/.tox/py3/lib/python3.10/site-packages/oslo_utils/excutils.py", line 227, in __exit__
    self.force_reraise()
  File "/home/zhihao/hdd/marshal/.work/rebuild_880278_880338/run/formal-opendev-880278--target-880338-fresh2/replay-work/formal-opendev-880278--target-880338/target-a0/.tox/py3/lib/python3.10/site-packages/oslo_utils/excutils.py", line 200, in force_reraise
    raise self.value
  File "/home/zhihao/hdd/marshal/.work/rebuild_880278_880338/run/formal-opendev-880278--target-880338-fresh2/replay-work/formal-opendev-880278--target-880338/target-a0/.tox/py3/lib/python3.10/site-packages/oslo_db/api.py", line 142, in wrapper
    return f(*args, **kwargs)
  File "/home/zhihao/hdd/marshal/.work/rebuild_880278_880338/run/formal-opendev-880278--target-880338-fresh2/replay-work/formal-opendev-880278--target-880338/target-a0/.tox/py3/lib/python3.10/site-packages/neutron_lib/db/api.py", line 186, in wrapped
    with excutils.save_and_reraise_exception():
  File "/home/zhihao/hdd/marshal/.work/rebuild_880278_880338/run/formal-opendev-880278--target-880338-fresh2/replay-work/formal-opendev-880278--target-880338/target-a0/.tox/py3/lib/python3.10/site-packages/oslo_utils/excutils.py", line 227, in __exit__
    self.force_reraise()
  File "/home/zhihao/hdd/marshal/.work/rebuild_880278_880338/run/formal-opendev-880278--target-880338-fresh2/replay-work/formal-opendev-880278--target-880338/target-a0/.tox/py3/lib/python3.10/site-packages/oslo_utils/excutils.py", line 200, in force_reraise
    raise self.value
  File "/home/zhihao/hdd/marshal/.work/rebuild_880278_880338/run/formal-opendev-880278--target-880338-fresh2/replay-work/formal-opendev-880278--target-880338/target-a0/.tox/py3/lib/python3.10/site-packages/neutron_lib/db/api.py", line 184, in wrapped
    return f(*dup_args, **dup_kwargs)
  File "/home/zhihao/hdd/marshal/.work/rebuild_880278_880338/run/formal-opendev-880278--target-880338-fresh2/replay-work/formal-opendev-880278--target-880338/target-a0/neutron/api/v2/base.py", line 564, in _create
    return notify({self._resource: self._view(request.context,
  File "/home/zhihao/hdd/marshal/.work/rebuild_880278_880338/run/formal-opendev-880278--target-880338-fresh2/replay-work/formal-opendev-880278--target-880338/target-a0/neutron/api/v2/base.py", line 504, in notify
    quota.QUOTAS.commit_reservation(
  File "/home/zhihao/hdd/marshal/.work/rebuild_880278_880338/run/formal-opendev-880278--target-880338-fresh2/replay-work/formal-opendev-880278--target-880338/target-a0/neutron/quota/__init__.py", line 103, in commit_reservation
    self.get_driver().commit_reservation(context, reservation_id)
  File "/home/zhihao/hdd/marshal/.work/rebuild_880278_880338/run/formal-opendev-880278--target-880338-fresh2/replay-work/formal-opendev-880278--target-880338/target-a0/neutron/db/quota/driver.py", line 269, in commit_reservation
    quota_api.remove_reservation(context, reservation_id,
  File "/home/zhihao/hdd/marshal/.work/rebuild_880278_880338/run/formal-opendev-880278--target-880338-fresh2/replay-work/formal-opendev-880278--target-880338/target-a0/neutron/common/utils.py", line 726, in inner
    raise RuntimeError(_("Method %s cannot be called within a "
RuntimeError: Method <function remove_reservation at 0x7d4e14b82e60> cannot be called within a transaction.
create failed: No details.
Traceback (most recent call last):
  File "/home/zhihao/hdd/marshal/.work/rebuild_880278_880338/run/formal-opendev-880278--target-880338-fresh2/replay-work/formal-opendev-880278--target-880338/target-a0/neutron/api/v2/resource.py", line 98, in resource
    result = method(request=request, **args)
  File "/home/zhihao/hdd/marshal/.work/rebuild_880278_880338/run/formal-opendev-880278--target-880338-fresh2/replay-work/formal-opendev-880278--target-880338/target-a0/neutron/api/v2/base.py", line 438, in create
    return self._create(request, body, **kwargs)
  File "/home/zhihao/hdd/marshal/.work/rebuild_880278_880338/run/formal-opendev-880278--target-880338-fresh2/replay-work/formal-opendev-880278--target-880338/target-a0/.tox/py3/lib/python3.10/site-packages/neutron_lib/db/api.py", line 140, in wrapped
    with excutils.save_and_reraise_exception():
  File "/home/zhihao/hdd/marshal/.work/rebuild_880278_880338/run/formal-opendev-880278--target-880338-fresh2/replay-work/formal-opendev-880278--target-880338/target-a0/.tox/py3/lib/python3.10/site-packages/oslo_utils/excutils.py", line 227, in __exit__
    self.force_reraise()
  File "/home/zhihao/hdd/marshal/.work/rebuild_880278_880338/run/formal-opendev-880278--target-880338-fresh2/replay-work/formal-opendev-880278--target-880338/target-a0/.tox/py3/lib/python3.10/site-packages/oslo_utils/excutils.py", line 200, in force_reraise
    raise self.value
  File "/home/zhihao/hdd/marshal/.work/rebuild_880278_880338/run/formal-opendev-880278--target-880338-fresh2/replay-work/formal-opendev-880278--target-880338/target-a0/.tox/py3/lib/python3.10/site-packages/neutron_lib/db/api.py", line 138, in wrapped
    return f(*args, **kwargs)
  File "/home/zhihao/hdd/marshal/.work/rebuild_880278_880338/run/formal-opendev-880278--target-880338-fresh2/replay-work/formal-opendev-880278--target-880338/target-a0/.tox/py3/lib/python3.10/site-packages/oslo_db/api.py", line 144, in wrapper
    with excutils.save_and_reraise_exception() as ectxt:
  File "/home/zhihao/hdd/marshal/.work/rebuild_880278_880338/run/formal-opendev-880278--target-880338-fresh2/replay-work/formal-opendev-880278--target-880338/target-a0/.tox/py3/lib/python3.10/site-packages/oslo_utils/excutils.py", line 227, in __exit__
    self.force_reraise()
  File "/home/zhihao/hdd/marshal/.work/rebuild_880278_880338/run/formal-opendev-880278--target-880338-fresh2/replay-work/formal-opendev-880278--target-880338/target-a0/.tox/py3/lib/python3.10/site-packages/oslo_utils/excutils.py", line 200, in force_reraise
    raise self.value
  File "/home/zhihao/hdd/marshal/.work/rebuild_880278_880338/run/formal-opendev-880278--target-880338-fresh2/replay-work/formal-opendev-880278--target-880338/target-a0/.tox/py3/lib/python3.10/site-packages/oslo_db/api.py", line 142, in wrapper
    return f(*args, **kwargs)
  File "/home/zhihao/hdd/marshal/.work/rebuild_880278_880338/run/formal-opendev-880278--target-880338-fresh2/replay-work/formal-opendev-880278--target-880338/target-a0/.tox/py3/lib/python3.10/site-packages/neutron_lib/db/api.py", line 186, in wrapped
    with excutils.save_and_reraise_exception():
  File "/home/zhihao/hdd/marshal/.work/rebuild_880278_880338/run/formal-opendev-880278--target-880338-fresh2/replay-work/formal-opendev-880278--target-880338/target-a0/.tox/py3/lib/python3.10/site-packages/oslo_utils/excutils.py", line 227, in __exit__
    self.force_reraise()
  File "/home/zhihao/hdd/marshal/.work/rebuild_880278_880338/run/formal-opendev-880278--target-880338-fresh2/replay-work/formal-opendev-880278--target-880338/target-a0/.tox/py3/lib/python3.10/site-packages/oslo_utils/excutils.py", line 200, in force_reraise
    raise self.value
  File "/home/zhihao/hdd/marshal/.work/rebuild_880278_880338/run/formal-opendev-880278--target-880338-fresh2/replay-work/formal-opendev-880278--target-880338/target-a0/.tox/py3/lib/python3.10/site-packages/neutron_lib/db/api.py", line 184, in wrapped
    return f(*dup_args, **dup_kwargs)
  File "/home/zhihao/hdd/marshal/.work/rebuild_880278_880338/run/formal-opendev-880278--target-880338-fresh2/replay-work/formal-opendev-880278--target-880338/target-a0/neutron/api/v2/base.py", line 563, in _create
    obj = do_create(body)
  File "/home/zhihao/hdd/marshal/.work/rebuild_880278_880338/run/formal-opendev-880278--target-880338-fresh2/replay-work/formal-opendev-880278--target-880338/target-a0/neutron/api/v2/base.py", line 541, in do_create
    with excutils.save_and_reraise_exception():
  File "/home/zhihao/hdd/marshal/.work/rebuild_880278_880338/run/formal-opendev-880278--target-880338-fresh2/replay-work/formal-opendev-880278--target-880338/target-a0/.tox/py3/lib/python3.10/site-packages/oslo_utils/excutils.py", line 227, in __exit__
    self.force_reraise()
  File "/home/zhihao/hdd/marshal/.work/rebuild_880278_880338/run/formal-opendev-880278--target-880338-fresh2/replay-work/formal-opendev-880278--target-880338/target-a0/.tox/py3/lib/python3.10/site-packages/oslo_utils/excutils.py", line 200, in force_reraise
    raise self.value
  File "/home/zhihao/hdd/marshal/.work/rebuild_880278_880338/run/formal-opendev-880278--target-880338-fresh2/replay-work/formal-opendev-880278--target-880338/target-a0/neutron/api/v2/base.py", line 537, in do_create
    return obj_creator(request.context, **kwargs)
  File "/home/zhihao/hdd/marshal/.work/rebuild_880278_880338/run/formal-opendev-880278--target-880338-fresh2/replay-work/formal-opendev-880278--target-880338/target-a0/neutron/services/metering/metering_plugin.py", line 77, in create_metering_label_rule
    MeteringPlugin.validate_metering_label_rule(metering_label_rule)
  File "/home/zhihao/hdd/marshal/.work/rebuild_880278_880338/run/formal-opendev-880278--target-880338-fresh2/replay-work/formal-opendev-880278--target-880338/target-a0/neutron/services/metering/metering_plugin.py", line 108, in validate_metering_label_rule
    raise neutron_exc.Invalid(
neutron_lib.exceptions.Invalid: Cannot use 'remote-ip-prefix' in conjunction with 'source-ip-prefix' or 'destination-ip-prefix'.
/home/zhihao/hdd/marshal/.work/rebuild_880278_880338/run/formal-opendev-880278--target-880338-fresh2/replay-work/formal-opendev-880278--target-880338/target-a0/.tox/py3/lib/python3.10/site-packages/kombu/utils/compat.py:82: DeprecationWarning: SelectableGroups dict interface is deprecated. Use select.
  for ep in importlib_metadata.entry_points().get(namespace, [])
{2} neutron.tests.unit.services.metering.test_metering_plugin.TestMeteringPlugin.test_add_and_remove_metering_label_rule_src_and_remote_ip [1.430952s] ... ok
/home/zhihao/hdd/marshal/.work/rebuild_880278_880338/run/formal-opendev-880278--target-880338-fresh2/replay-work/formal-opendev-880278--target-880338/target-a0/.tox/py3/lib/python3.10/site-packages/oslo_db/sqlalchemy/enginefacade.py:541: DeprecationWarning: Using the 'mysql_enable_ndb' argument is deprecated in version '12.1.0': Support for the MySQL NDB Cluster storage engine has been deprecated and will be removed in a future release.
  engine = engines.create_engine(
/home/zhihao/hdd/marshal/.work/rebuild_880278_880338/run/formal-opendev-880278--target-880338-fresh2/replay-work/formal-opendev-880278--target-880338/target-a0/.tox/py3/lib/python3.10/site-packages/kombu/utils/compat.py:82: DeprecationWarning: SelectableGroups dict interface is deprecated. Use select.
  for ep in importlib_metadata.entry_points().get(namespace, [])
/home/zhihao/hdd/marshal/.work/rebuild_880278_880338/run/formal-opendev-880278--target-880338-fresh2/replay-work/formal-opendev-880278--target-880338/target-a0/.tox/py3/lib/python3.10/site-packages/oslo_db/sqlalchemy/enginefacade.py:541: DeprecationWarning: Using the 'mysql_enable_ndb' argument is deprecated in version '12.1.0': Support for the MySQL NDB Cluster storage engine has been deprecated and will be removed in a future release.
  engine = engines.create_engine(
/home/zhihao/hdd/marshal/.work/rebuild_880278_880338/run/formal-opendev-880278--target-880338-fresh2/replay-work/formal-opendev-880278--target-880338/target-a0/.tox/py3/lib/python3.10/site-packages/kombu/utils/compat.py:82: DeprecationWarning: SelectableGroups dict interface is deprecated. Use select.
  for ep in importlib_metadata.entry_points().get(namespace, [])
/home/zhihao/hdd/marshal/.work/rebuild_880278_880338/run/formal-opendev-880278--target-880338-fresh2/replay-work/formal-opendev-880278--target-880338/target-a0/.tox/py3/lib/python3.10/site-packages/kombu/utils/compat.py:82: DeprecationWarning: SelectableGroups dict interface is deprecated. Use select.
  for ep in importlib_metadata.entry_points().get(namespace, [])
{6} neutron.tests.unit.services.metering.test_metering_plugin.TestMeteringPlugin.test_add_metering_label_rpc_call [1.463909s] ... ok
/home/zhihao/hdd/marshal/.work/rebuild_880278_880338/run/formal-opendev-880278--target-880338-fresh2/replay-work/formal-opendev-880278--target-880338/target-a0/.tox/py3/lib/python3.10/site-packages/oslo_db/sqlalchemy/enginefacade.py:541: DeprecationWarning: Using the 'mysql_enable_ndb' argument is deprecated in version '12.1.0': Support for the MySQL NDB Cluster storage engine has been deprecated and will be removed in a future release.
  engine = engines.create_engine(
/home/zhihao/hdd/marshal/.work/rebuild_880278_880338/run/formal-opendev-880278--target-880338-fresh2/replay-work/formal-opendev-880278--target-880338/target-a0/.tox/py3/lib/python3.10/site-packages/kombu/utils/compat.py:82: DeprecationWarning: SelectableGroups dict interface is deprecated. Use select.
  for ep in importlib_metadata.entry_points().get(namespace, [])
/home/zhihao/hdd/marshal/.work/rebuild_880278_880338/run/formal-opendev-880278--target-880338-fresh2/replay-work/formal-opendev-880278--target-880338/target-a0/.tox/py3/lib/python3.10/site-packages/oslo_db/sqlalchemy/enginefacade.py:541: DeprecationWarning: Using the 'mysql_enable_ndb' argument is deprecated in version '12.1.0': Support for the MySQL NDB Cluster storage engine has been deprecated and will be removed in a future release.
  engine = engines.create_engine(
/home/zhihao/hdd/marshal/.work/rebuild_880278_880338/run/formal-opendev-880278--target-880338-fresh2/replay-work/formal-opendev-880278--target-880338/target-a0/.tox/py3/lib/python3.10/site-packages/kombu/utils/compat.py:82: DeprecationWarning: SelectableGroups dict interface is deprecated. Use select.
  for ep in importlib_metadata.entry_points().get(namespace, [])
create failed: No details.
Traceback (most recent call last):
  File "/home/zhihao/hdd/marshal/.work/rebuild_880278_880338/run/formal-opendev-880278--target-880338-fresh2/replay-work/formal-opendev-880278--target-880338/target-a0/neutron/api/v2/resource.py", line 98, in resource
    result = method(request=request, **args)
  File "/home/zhihao/hdd/marshal/.work/rebuild_880278_880338/run/formal-opendev-880278--target-880338-fresh2/replay-work/formal-opendev-880278--target-880338/target-a0/neutron/api/v2/base.py", line 438, in create
    return self._create(request, body, **kwargs)
  File "/home/zhihao/hdd/marshal/.work/rebuild_880278_880338/run/formal-opendev-880278--target-880338-fresh2/replay-work/formal-opendev-880278--target-880338/target-a0/.tox/py3/lib/python3.10/site-packages/neutron_lib/db/api.py", line 140, in wrapped
    with excutils.save_and_reraise_exception():
  File "/home/zhihao/hdd/marshal/.work/rebuild_880278_880338/run/formal-opendev-880278--target-880338-fresh2/replay-work/formal-opendev-880278--target-880338/target-a0/.tox/py3/lib/python3.10/site-packages/oslo_utils/excutils.py", line 227, in __exit__
    self.force_reraise()
  File "/home/zhihao/hdd/marshal/.work/rebuild_880278_880338/run/formal-opendev-880278--target-880338-fresh2/replay-work/formal-opendev-880278--target-880338/target-a0/.tox/py3/lib/python3.10/site-packages/oslo_utils/excutils.py", line 200, in force_reraise
    raise self.value
  File "/home/zhihao/hdd/marshal/.work/rebuild_880278_880338/run/formal-opendev-880278--target-880338-fresh2/replay-work/formal-opendev-880278--target-880338/target-a0/.tox/py3/lib/python3.10/site-packages/neutron_lib/db/api.py", line 138, in wrapped
    return f(*args, **kwargs)
  File "/home/zhihao/hdd/marshal/.work/rebuild_880278_880338/run/formal-opendev-880278--target-880338-fresh2/replay-work/formal-opendev-880278--target-880338/target-a0/.tox/py3/lib/python3.10/site-packages/oslo_db/api.py", line 144, in wrapper
    with excutils.save_and_reraise_exception() as ectxt:
  File "/home/zhihao/hdd/marshal/.work/rebuild_880278_880338/run/formal-opendev-880278--target-880338-fresh2/replay-work/formal-opendev-880278--target-880338/target-a0/.tox/py3/lib/python3.10/site-packages/oslo_utils/excutils.py", line 227, in __exit__
    self.force_reraise()
  File "/home/zhihao/hdd/marshal/.work/rebuild_880278_880338/run/formal-opendev-880278--target-880338-fresh2/replay-work/formal-opendev-880278--target-880338/target-a0/.tox/py3/lib/python3.10/site-packages/oslo_utils/excutils.py", line 200, in force_reraise
    raise self.value
  File "/home/zhihao/hdd/marshal/.work/rebuild_880278_880338/run/formal-opendev-880278--target-880338-fresh2/replay-work/formal-opendev-880278--target-880338/target-a0/.tox/py3/lib/python3.10/site-packages/oslo_db/api.py", line 142, in wrapper
    return f(*args, **kwargs)
  File "/home/zhihao/hdd/marshal/.work/rebuild_880278_880338/run/formal-opendev-880278--target-880338-fresh2/replay-work/formal-opendev-880278--target-880338/target-a0/.tox/py3/lib/python3.10/site-packages/neutron_lib/db/api.py", line 186, in wrapped
    with excutils.save_and_reraise_exception():
  File "/home/zhihao/hdd/marshal/.work/rebuild_880278_880338/run/formal-opendev-880278--target-880338-fresh2/replay-work/formal-opendev-880278--target-880338/target-a0/.tox/py3/lib/python3.10/site-packages/oslo_utils/excutils.py", line 227, in __exit__
    self.force_reraise()
  File "/home/zhihao/hdd/marshal/.work/rebuild_880278_880338/run/formal-opendev-880278--target-880338-fresh2/replay-work/formal-opendev-880278--target-880338/target-a0/.tox/py3/lib/python3.10/site-packages/oslo_utils/excutils.py", line 200, in force_reraise
    raise self.value
  File "/home/zhihao/hdd/marshal/.work/rebuild_880278_880338/run/formal-opendev-880278--target-880338-fresh2/replay-work/formal-opendev-880278--target-880338/target-a0/.tox/py3/lib/python3.10/site-packages/neutron_lib/db/api.py", line 184, in wrapped
    return f(*dup_args, **dup_kwargs)
  File "/home/zhihao/hdd/marshal/.work/rebuild_880278_880338/run/formal-opendev-880278--target-880338-fresh2/replay-work/formal-opendev-880278--target-880338/target-a0/neutron/api/v2/base.py", line 564, in _create
    return notify({self._resource: self._view(request.context,
  File "/home/zhihao/hdd/marshal/.work/rebuild_880278_880338/run/formal-opendev-880278--target-880338-fresh2/replay-work/formal-opendev-880278--target-880338/target-a0/neutron/api/v2/base.py", line 504, in notify
    quota.QUOTAS.commit_reservation(
  File "/home/zhihao/hdd/marshal/.work/rebuild_880278_880338/run/formal-opendev-880278--target-880338-fresh2/replay-work/formal-opendev-880278--target-880338/target-a0/neutron/quota/__init__.py", line 103, in commit_reservation
    self.get_driver().commit_reservation(context, reservation_id)
  File "/home/zhihao/hdd/marshal/.work/rebuild_880278_880338/run/formal-opendev-880278--target-880338-fresh2/replay-work/formal-opendev-880278--target-880338/target-a0/neutron/db/quota/driver.py", line 269, in commit_reservation
    quota_api.remove_reservation(context, reservation_id,
  File "/home/zhihao/hdd/marshal/.work/rebuild_880278_880338/run/formal-opendev-880278--target-880338-fresh2/replay-work/formal-opendev-880278--target-880338/target-a0/neutron/common/utils.py", line 726, in inner
    raise RuntimeError(_("Method %s cannot be called within a "
RuntimeError: Method <function remove_reservation at 0x7ba395282e60> cannot be called within a transaction.
/home/zhihao/hdd/marshal/.work/rebuild_880278_880338/run/formal-opendev-880278--target-880338-fresh2/replay-work/formal-opendev-880278--target-880338/target-a0/.tox/py3/lib/python3.10/site-packages/kombu/utils/compat.py:82: DeprecationWarning: SelectableGroups dict interface is deprecated. Use select.
  for ep in importlib_metadata.entry_points().get(namespace, [])
/home/zhihao/hdd/marshal/.work/rebuild_880278_880338/run/formal-opendev-880278--target-880338-fresh2/replay-work/formal-opendev-880278--target-880338/target-a0/.tox/py3/lib/python3.10/site-packages/oslo_db/sqlalchemy/enginefacade.py:541: DeprecationWarning: Using the 'mysql_enable_ndb' argument is deprecated in version '12.1.0': Support for the MySQL NDB Cluster storage engine has been deprecated and will be removed in a future release.
  engine = engines.create_engine(
/home/zhihao/hdd/marshal/.work/rebuild_880278_880338/run/formal-opendev-880278--target-880338-fresh2/replay-work/formal-opendev-880278--target-880338/target-a0/.tox/py3/lib/python3.10/site-packages/oslo_db/sqlalchemy/enginefacade.py:541: DeprecationWarning: Using the 'mysql_enable_ndb' argument is deprecated in version '12.1.0': Support for the MySQL NDB Cluster storage engine has been deprecated and will be removed in a future release.
  engine = engines.create_engine(
/home/zhihao/hdd/marshal/.work/rebuild_880278_880338/run/formal-opendev-880278--target-880338-fresh2/replay-work/formal-opendev-880278--target-880338/target-a0/.tox/py3/lib/python3.10/site-packages/kombu/utils/compat.py:82: DeprecationWarning: SelectableGroups dict interface is deprecated. Use select.
  for ep in importlib_metadata.entry_points().get(namespace, [])
/home/zhihao/hdd/marshal/.work/rebuild_880278_880338/run/formal-opendev-880278--target-880338-fresh2/replay-work/formal-opendev-880278--target-880338/target-a0/.tox/py3/lib/python3.10/site-packages/oslo_db/sqlalchemy/enginefacade.py:541: DeprecationWarning: Using the 'mysql_enable_ndb' argument is deprecated in version '12.1.0': Support for the MySQL NDB Cluster storage engine has been deprecated and will be removed in a future release.
  engine = engines.create_engine(
create failed: No details.
Traceback (most recent call last):
  File "/home/zhihao/hdd/marshal/.work/rebuild_880278_880338/run/formal-opendev-880278--target-880338-fresh2/replay-work/formal-opendev-880278--target-880338/target-a0/neutron/api/v2/resource.py", line 98, in resource
    result = method(request=request, **args)
  File "/home/zhihao/hdd/marshal/.work/rebuild_880278_880338/run/formal-opendev-880278--target-880338-fresh2/replay-work/formal-opendev-880278--target-880338/target-a0/neutron/api/v2/base.py", line 438, in create
    return self._create(request, body, **kwargs)
  File "/home/zhihao/hdd/marshal/.work/rebuild_880278_880338/run/formal-opendev-880278--target-880338-fresh2/replay-work/formal-opendev-880278--target-880338/target-a0/.tox/py3/lib/python3.10/site-packages/neutron_lib/db/api.py", line 140, in wrapped
    with excutils.save_and_reraise_exception():
  File "/home/zhihao/hdd/marshal/.work/rebuild_880278_880338/run/formal-opendev-880278--target-880338-fresh2/replay-work/formal-opendev-880278--target-880338/target-a0/.tox/py3/lib/python3.10/site-packages/oslo_utils/excutils.py", line 227, in __exit__
    self.force_reraise()
  File "/home/zhihao/hdd/marshal/.work/rebuild_880278_880338/run/formal-opendev-880278--target-880338-fresh2/replay-work/formal-opendev-880278--target-880338/target-a0/.tox/py3/lib/python3.10/site-packages/oslo_utils/excutils.py", line 200, in force_reraise
    raise self.value
  File "/home/zhihao/hdd/marshal/.work/rebuild_880278_880338/run/formal-opendev-880278--target-880338-fresh2/replay-work/formal-opendev-880278--target-880338/target-a0/.tox/py3/lib/python3.10/site-packages/neutron_lib/db/api.py", line 138, in wrapped
    return f(*args, **kwargs)
  File "/home/zhihao/hdd/marshal/.work/rebuild_880278_880338/run/formal-opendev-880278--target-880338-fresh2/replay-work/formal-opendev-880278--target-880338/target-a0/.tox/py3/lib/python3.10/site-packages/oslo_db/api.py", line 144, in wrapper
    with excutils.save_and_reraise_exception() as ectxt:
  File "/home/zhihao/hdd/marshal/.work/rebuild_880278_880338/run/formal-opendev-880278--target-880338-fresh2/replay-work/formal-opendev-880278--target-880338/target-a0/.tox/py3/lib/python3.10/site-packages/oslo_utils/excutils.py", line 227, in __exit__
    self.force_reraise()
  File "/home/zhihao/hdd/marshal/.work/rebuild_880278_880338/run/formal-opendev-880278--target-880338-fresh2/replay-work/formal-opendev-880278--target-880338/target-a0/.tox/py3/lib/python3.10/site-packages/oslo_utils/excutils.py", line 200, in force_reraise
    raise self.value
  File "/home/zhihao/hdd/marshal/.work/rebuild_880278_880338/run/formal-opendev-880278--target-880338-fresh2/replay-work/formal-opendev-880278--target-880338/target-a0/.tox/py3/lib/python3.10/site-packages/oslo_db/api.py", line 142, in wrapper
    return f(*args, **kwargs)
  File "/home/zhihao/hdd/marshal/.work/rebuild_880278_880338/run/formal-opendev-880278--target-880338-fresh2/replay-work/formal-opendev-880278--target-880338/target-a0/.tox/py3/lib/python3.10/site-packages/neutron_lib/db/api.py", line 186, in wrapped
    with excutils.save_and_reraise_exception():
  File "/home/zhihao/hdd/marshal/.work/rebuild_880278_880338/run/formal-opendev-880278--target-880338-fresh2/replay-work/formal-opendev-880278--target-880338/target-a0/.tox/py3/lib/python3.10/site-packages/oslo_utils/excutils.py", line 227, in __exit__
    self.force_reraise()
  File "/home/zhihao/hdd/marshal/.work/rebuild_880278_880338/run/formal-opendev-880278--target-880338-fresh2/replay-work/formal-opendev-880278--target-880338/target-a0/.tox/py3/lib/python3.10/site-packages/oslo_utils/excutils.py", line 200, in force_reraise
    raise self.value
  File "/home/zhihao/hdd/marshal/.work/rebuild_880278_880338/run/formal-opendev-880278--target-880338-fresh2/replay-work/formal-opendev-880278--target-880338/target-a0/.tox/py3/lib/python3.10/site-packages/neutron_lib/db/api.py", line 184, in wrapped
    return f(*dup_args, **dup_kwargs)
  File "/home/zhihao/hdd/marshal/.work/rebuild_880278_880338/run/formal-opendev-880278--target-880338-fresh2/replay-work/formal-opendev-880278--target-880338/target-a0/neutron/api/v2/base.py", line 564, in _create
    return notify({self._resource: self._view(request.context,
  File "/home/zhihao/hdd/marshal/.work/rebuild_880278_880338/run/formal-opendev-880278--target-880338-fresh2/replay-work/formal-opendev-880278--target-880338/target-a0/neutron/api/v2/base.py", line 504, in notify
    quota.QUOTAS.commit_reservation(
  File "/home/zhihao/hdd/marshal/.work/rebuild_880278_880338/run/formal-opendev-880278--target-880338-fresh2/replay-work/formal-opendev-880278--target-880338/target-a0/neutron/quota/__init__.py", line 103, in commit_reservation
    self.get_driver().commit_reservation(context, reservation_id)
  File "/home/zhihao/hdd/marshal/.work/rebuild_880278_880338/run/formal-opendev-880278--target-880338-fresh2/replay-work/formal-opendev-880278--target-880338/target-a0/neutron/db/quota/driver.py", line 269, in commit_reservation
    quota_api.remove_reservation(context, reservation_id,
  File "/home/zhihao/hdd/marshal/.work/rebuild_880278_880338/run/formal-opendev-880278--target-880338-fresh2/replay-work/formal-opendev-880278--target-880338/target-a0/neutron/common/utils.py", line 726, in inner
    raise RuntimeError(_("Method %s cannot be called within a "
RuntimeError: Method <function remove_reservation at 0x760354182e60> cannot be called within a transaction.
create failed: No details.
Traceback (most recent call last):
  File "/home/zhihao/hdd/marshal/.work/rebuild_880278_880338/run/formal-opendev-880278--target-880338-fresh2/replay-work/formal-opendev-880278--target-880338/target-a0/neutron/api/v2/resource.py", line 98, in resource
    result = method(request=request, **args)
  File "/home/zhihao/hdd/marshal/.work/rebuild_880278_880338/run/formal-opendev-880278--target-880338-fresh2/replay-work/formal-opendev-880278--target-880338/target-a0/neutron/api/v2/base.py", line 438, in create
    return self._create(request, body, **kwargs)
  File "/home/zhihao/hdd/marshal/.work/rebuild_880278_880338/run/formal-opendev-880278--target-880338-fresh2/replay-work/formal-opendev-880278--target-880338/target-a0/.tox/py3/lib/python3.10/site-packages/neutron_lib/db/api.py", line 140, in wrapped
    with excutils.save_and_reraise_exception():
  File "/home/zhihao/hdd/marshal/.work/rebuild_880278_880338/run/formal-opendev-880278--target-880338-fresh2/replay-work/formal-opendev-880278--target-880338/target-a0/.tox/py3/lib/python3.10/site-packages/oslo_utils/excutils.py", line 227, in __exit__
    self.force_reraise()
  File "/home/zhihao/hdd/marshal/.work/rebuild_880278_880338/run/formal-opendev-880278--target-880338-fresh2/replay-work/formal-opendev-880278--target-880338/target-a0/.tox/py3/lib/python3.10/site-packages/oslo_utils/excutils.py", line 200, in force_reraise
    raise self.value
  File "/home/zhihao/hdd/marshal/.work/rebuild_880278_880338/run/formal-opendev-880278--target-880338-fresh2/replay-work/formal-opendev-880278--target-880338/target-a0/.tox/py3/lib/python3.10/site-packages/neutron_lib/db/api.py", line 138, in wrapped
    return f(*args, **kwargs)
  File "/home/zhihao/hdd/marshal/.work/rebuild_880278_880338/run/formal-opendev-880278--target-880338-fresh2/replay-work/formal-opendev-880278--target-880338/target-a0/.tox/py3/lib/python3.10/site-packages/oslo_db/api.py", line 144, in wrapper
    with excutils.save_and_reraise_exception() as ectxt:
  File "/home/zhihao/hdd/marshal/.work/rebuild_880278_880338/run/formal-opendev-880278--target-880338-fresh2/replay-work/formal-opendev-880278--target-880338/target-a0/.tox/py3/lib/python3.10/site-packages/oslo_utils/excutils.py", line 227, in __exit__
    self.force_reraise()
  File "/home/zhihao/hdd/marshal/.work/rebuild_880278_880338/run/formal-opendev-880278--target-880338-fresh2/replay-work/formal-opendev-880278--target-880338/target-a0/.tox/py3/lib/python3.10/site-packages/oslo_utils/excutils.py", line 200, in force_reraise
    raise self.value
  File "/home/zhihao/hdd/marshal/.work/rebuild_880278_880338/run/formal-opendev-880278--target-880338-fresh2/replay-work/formal-opendev-880278--target-880338/target-a0/.tox/py3/lib/python3.10/site-packages/oslo_db/api.py", line 142, in wrapper
    return f(*args, **kwargs)
  File "/home/zhihao/hdd/marshal/.work/rebuild_880278_880338/run/formal-opendev-880278--target-880338-fresh2/replay-work/formal-opendev-880278--target-880338/target-a0/.tox/py3/lib/python3.10/site-packages/neutron_lib/db/api.py", line 186, in wrapped
    with excutils.save_and_reraise_exception():
  File "/home/zhihao/hdd/marshal/.work/rebuild_880278_880338/run/formal-opendev-880278--target-880338-fresh2/replay-work/formal-opendev-880278--target-880338/target-a0/.tox/py3/lib/python3.10/site-packages/oslo_utils/excutils.py", line 227, in __exit__
    self.force_reraise()
  File "/home/zhihao/hdd/marshal/.work/rebuild_880278_880338/run/formal-opendev-880278--target-880338-fresh2/replay-work/formal-opendev-880278--target-880338/target-a0/.tox/py3/lib/python3.10/site-packages/oslo_utils/excutils.py", line 200, in force_reraise
    raise self.value
  File "/home/zhihao/hdd/marshal/.work/rebuild_880278_880338/run/formal-opendev-880278--target-880338-fresh2/replay-work/formal-opendev-880278--target-880338/target-a0/.tox/py3/lib/python3.10/site-packages/neutron_lib/db/api.py", line 184, in wrapped
    return f(*dup_args, **dup_kwargs)
  File "/home/zhihao/hdd/marshal/.work/rebuild_880278_880338/run/formal-opendev-880278--target-880338-fresh2/replay-work/formal-opendev-880278--target-880338/target-a0/neutron/api/v2/base.py", line 564, in _create
    return notify({self._resource: self._view(request.context,
  File "/home/zhihao/hdd/marshal/.work/rebuild_880278_880338/run/formal-opendev-880278--target-880338-fresh2/replay-work/formal-opendev-880278--target-880338/target-a0/neutron/api/v2/base.py", line 504, in notify
    quota.QUOTAS.commit_reservation(
  File "/home/zhihao/hdd/marshal/.work/rebuild_880278_880338/run/formal-opendev-880278--target-880338-fresh2/replay-work/formal-opendev-880278--target-880338/target-a0/neutron/quota/__init__.py", line 103, in commit_reservation
    self.get_driver().commit_reservation(context, reservation_id)
  File "/home/zhihao/hdd/marshal/.work/rebuild_880278_880338/run/formal-opendev-880278--target-880338-fresh2/replay-work/formal-opendev-880278--target-880338/target-a0/neutron/db/quota/driver.py", line 269, in commit_reservation
    quota_api.remove_reservation(context, reservation_id,
  File "/home/zhihao/hdd/marshal/.work/rebuild_880278_880338/run/formal-opendev-880278--target-880338-fresh2/replay-work/formal-opendev-880278--target-880338/target-a0/neutron/common/utils.py", line 726, in inner
    raise RuntimeError(_("Method %s cannot be called within a "
RuntimeError: Method <function remove_reservation at 0x760354182e60> cannot be called within a transaction.
/home/zhihao/hdd/marshal/.work/rebuild_880278_880338/run/formal-opendev-880278--target-880338-fresh2/replay-work/formal-opendev-880278--target-880338/target-a0/.tox/py3/lib/python3.10/site-packages/kombu/utils/compat.py:82: DeprecationWarning: SelectableGroups dict interface is deprecated. Use select.
  for ep in importlib_metadata.entry_points().get(namespace, [])
/home/zhihao/hdd/marshal/.work/rebuild_880278_880338/run/formal-opendev-880278--target-880338-fresh2/replay-work/formal-opendev-880278--target-880338/target-a0/.tox/py3/lib/python3.10/site-packages/oslo_db/sqlalchemy/enginefacade.py:541: DeprecationWarning: Using the 'mysql_enable_ndb' argument is deprecated in version '12.1.0': Support for the MySQL NDB Cluster storage engine has been deprecated and will be removed in a future release.
  engine = engines.create_engine(
/home/zhihao/hdd/marshal/.work/rebuild_880278_880338/run/formal-opendev-880278--target-880338-fresh2/replay-work/formal-opendev-880278--target-880338/target-a0/.tox/py3/lib/python3.10/site-packages/oslo_db/sqlalchemy/enginefacade.py:541: DeprecationWarning: Using the 'mysql_enable_ndb' argument is deprecated in version '12.1.0': Support for the MySQL NDB Cluster storage engine has been deprecated and will be removed in a future release.
  engine = engines.create_engine(
/home/zhihao/hdd/marshal/.work/rebuild_880278_880338/run/formal-opendev-880278--target-880338-fresh2/replay-work/formal-opendev-880278--target-880338/target-a0/.tox/py3/lib/python3.10/site-packages/kombu/utils/compat.py:82: DeprecationWarning: SelectableGroups dict interface is deprecated. Use select.
  for ep in importlib_metadata.entry_points().get(namespace, [])
{0} neutron.tests.unit.services.metering.test_metering_plugin.TestMeteringPluginL3AgentSchedulerServicePlugin.test_add_metering_label_rpc_call [2.105687s] ... ok
/home/zhihao/hdd/marshal/.work/rebuild_880278_880338/run/formal-opendev-880278--target-880338-fresh2/replay-work/formal-opendev-880278--target-880338/target-a0/.tox/py3/lib/python3.10/site-packages/kombu/utils/compat.py:82: DeprecationWarning: SelectableGroups dict interface is deprecated. Use select.
  for ep in importlib_metadata.entry_points().get(namespace, [])
{14} neutron.tests.unit.services.metering.test_metering_plugin.TestMeteringPlugin.test_remove_metering_label_rpc_call [1.971583s] ... ok
create failed: No details.
Traceback (most recent call last):
  File "/home/zhihao/hdd/marshal/.work/rebuild_880278_880338/run/formal-opendev-880278--target-880338-fresh2/replay-work/formal-opendev-880278--target-880338/target-a0/neutron/api/v2/resource.py", line 98, in resource
    result = method(request=request, **args)
  File "/home/zhihao/hdd/marshal/.work/rebuild_880278_880338/run/formal-opendev-880278--target-880338-fresh2/replay-work/formal-opendev-880278--target-880338/target-a0/neutron/api/v2/base.py", line 438, in create
    return self._create(request, body, **kwargs)
  File "/home/zhihao/hdd/marshal/.work/rebuild_880278_880338/run/formal-opendev-880278--target-880338-fresh2/replay-work/formal-opendev-880278--target-880338/target-a0/.tox/py3/lib/python3.10/site-packages/neutron_lib/db/api.py", line 140, in wrapped
    with excutils.save_and_reraise_exception():
  File "/home/zhihao/hdd/marshal/.work/rebuild_880278_880338/run/formal-opendev-880278--target-880338-fresh2/replay-work/formal-opendev-880278--target-880338/target-a0/.tox/py3/lib/python3.10/site-packages/oslo_utils/excutils.py", line 227, in __exit__
    self.force_reraise()
  File "/home/zhihao/hdd/marshal/.work/rebuild_880278_880338/run/formal-opendev-880278--target-880338-fresh2/replay-work/formal-opendev-880278--target-880338/target-a0/.tox/py3/lib/python3.10/site-packages/oslo_utils/excutils.py", line 200, in force_reraise
    raise self.value
  File "/home/zhihao/hdd/marshal/.work/rebuild_880278_880338/run/formal-opendev-880278--target-880338-fresh2/replay-work/formal-opendev-880278--target-880338/target-a0/.tox/py3/lib/python3.10/site-packages/neutron_lib/db/api.py", line 138, in wrapped
    return f(*args, **kwargs)
  File "/home/zhihao/hdd/marshal/.work/rebuild_880278_880338/run/formal-opendev-880278--target-880338-fresh2/replay-work/formal-opendev-880278--target-880338/target-a0/.tox/py3/lib/python3.10/site-packages/oslo_db/api.py", line 144, in wrapper
    with excutils.save_and_reraise_exception() as ectxt:
  File "/home/zhihao/hdd/marshal/.work/rebuild_880278_880338/run/formal-opendev-880278--target-880338-fresh2/replay-work/formal-opendev-880278--target-880338/target-a0/.tox/py3/lib/python3.10/site-packages/oslo_utils/excutils.py", line 227, in __exit__
    self.force_reraise()
  File "/home/zhihao/hdd/marshal/.work/rebuild_880278_880338/run/formal-opendev-880278--target-880338-fresh2/replay-work/formal-opendev-880278--target-880338/target-a0/.tox/py3/lib/python3.10/site-packages/oslo_utils/excutils.py", line 200, in force_reraise
    raise self.value
  File "/home/zhihao/hdd/marshal/.work/rebuild_880278_880338/run/formal-opendev-880278--target-880338-fresh2/replay-work/formal-opendev-880278--target-880338/target-a0/.tox/py3/lib/python3.10/site-packages/oslo_db/api.py", line 142, in wrapper
    return f(*args, **kwargs)
  File "/home/zhihao/hdd/marshal/.work/rebuild_880278_880338/run/formal-opendev-880278--target-880338-fresh2/replay-work/formal-opendev-880278--target-880338/target-a0/.tox/py3/lib/python3.10/site-packages/neutron_lib/db/api.py", line 186, in wrapped
    with excutils.save_and_reraise_exception():
  File "/home/zhihao/hdd/marshal/.work/rebuild_880278_880338/run/formal-opendev-880278--target-880338-fresh2/replay-work/formal-opendev-880278--target-880338/target-a0/.tox/py3/lib/python3.10/site-packages/oslo_utils/excutils.py", line 227, in __exit__
    self.force_reraise()
  File "/home/zhihao/hdd/marshal/.work/rebuild_880278_880338/run/formal-opendev-880278--target-880338-fresh2/replay-work/formal-opendev-880278--target-880338/target-a0/.tox/py3/lib/python3.10/site-packages/oslo_utils/excutils.py", line 200, in force_reraise
    raise self.value
  File "/home/zhihao/hdd/marshal/.work/rebuild_880278_880338/run/formal-opendev-880278--target-880338-fresh2/replay-work/formal-opendev-880278--target-880338/target-a0/.tox/py3/lib/python3.10/site-packages/neutron_lib/db/api.py", line 184, in wrapped
    return f(*dup_args, **dup_kwargs)
  File "/home/zhihao/hdd/marshal/.work/rebuild_880278_880338/run/formal-opendev-880278--target-880338-fresh2/replay-work/formal-opendev-880278--target-880338/target-a0/neutron/api/v2/base.py", line 564, in _create
    return notify({self._resource: self._view(request.context,
  File "/home/zhihao/hdd/marshal/.work/rebuild_880278_880338/run/formal-opendev-880278--target-880338-fresh2/replay-work/formal-opendev-880278--target-880338/target-a0/neutron/api/v2/base.py", line 504, in notify
    quota.QUOTAS.commit_reservation(
  File "/home/zhihao/hdd/marshal/.work/rebuild_880278_880338/run/formal-opendev-880278--target-880338-fresh2/replay-work/formal-opendev-880278--target-880338/target-a0/neutron/quota/__init__.py", line 103, in commit_reservation
    self.get_driver().commit_reservation(context, reservation_id)
  File "/home/zhihao/hdd/marshal/.work/rebuild_880278_880338/run/formal-opendev-880278--target-880338-fresh2/replay-work/formal-opendev-880278--target-880338/target-a0/neutron/db/quota/driver.py", line 269, in commit_reservation
    quota_api.remove_reservation(context, reservation_id,
  File "/home/zhihao/hdd/marshal/.work/rebuild_880278_880338/run/formal-opendev-880278--target-880338-fresh2/replay-work/formal-opendev-880278--target-880338/target-a0/neutron/common/utils.py", line 726, in inner
    raise RuntimeError(_("Method %s cannot be called within a "
RuntimeError: Method <function remove_reservation at 0x73522457ee60> cannot be called within a transaction.
/home/zhihao/hdd/marshal/.work/rebuild_880278_880338/run/formal-opendev-880278--target-880338-fresh2/replay-work/formal-opendev-880278--target-880338/target-a0/.tox/py3/lib/python3.10/site-packages/oslo_db/sqlalchemy/enginefacade.py:541: DeprecationWarning: Using the 'mysql_enable_ndb' argument is deprecated in version '12.1.0': Support for the MySQL NDB Cluster storage engine has been deprecated and will be removed in a future release.
  engine = engines.create_engine(
{18} neutron.tests.unit.services.metering.test_metering_plugin.TestMeteringPlugin.test_routers_updated_on_host_rpc_call [0.986097s] ... ok
/home/zhihao/hdd/marshal/.work/rebuild_880278_880338/run/formal-opendev-880278--target-880338-fresh2/replay-work/formal-opendev-880278--target-880338/target-a0/.tox/py3/lib/python3.10/site-packages/oslo_db/sqlalchemy/enginefacade.py:541: DeprecationWarning: Using the 'mysql_enable_ndb' argument is deprecated in version '12.1.0': Support for the MySQL NDB Cluster storage engine has been deprecated and will be removed in a future release.
  engine = engines.create_engine(
create failed: No details.
Traceback (most recent call last):
  File "/home/zhihao/hdd/marshal/.work/rebuild_880278_880338/run/formal-opendev-880278--target-880338-fresh2/replay-work/formal-opendev-880278--target-880338/target-a0/neutron/api/v2/resource.py", line 98, in resource
    result = method(request=request, **args)
  File "/home/zhihao/hdd/marshal/.work/rebuild_880278_880338/run/formal-opendev-880278--target-880338-fresh2/replay-work/formal-opendev-880278--target-880338/target-a0/neutron/api/v2/base.py", line 438, in create
    return self._create(request, body, **kwargs)
  File "/home/zhihao/hdd/marshal/.work/rebuild_880278_880338/run/formal-opendev-880278--target-880338-fresh2/replay-work/formal-opendev-880278--target-880338/target-a0/.tox/py3/lib/python3.10/site-packages/neutron_lib/db/api.py", line 140, in wrapped
    with excutils.save_and_reraise_exception():
  File "/home/zhihao/hdd/marshal/.work/rebuild_880278_880338/run/formal-opendev-880278--target-880338-fresh2/replay-work/formal-opendev-880278--target-880338/target-a0/.tox/py3/lib/python3.10/site-packages/oslo_utils/excutils.py", line 227, in __exit__
    self.force_reraise()
  File "/home/zhihao/hdd/marshal/.work/rebuild_880278_880338/run/formal-opendev-880278--target-880338-fresh2/replay-work/formal-opendev-880278--target-880338/target-a0/.tox/py3/lib/python3.10/site-packages/oslo_utils/excutils.py", line 200, in force_reraise
    raise self.value
  File "/home/zhihao/hdd/marshal/.work/rebuild_880278_880338/run/formal-opendev-880278--target-880338-fresh2/replay-work/formal-opendev-880278--target-880338/target-a0/.tox/py3/lib/python3.10/site-packages/neutron_lib/db/api.py", line 138, in wrapped
    return f(*args, **kwargs)
  File "/home/zhihao/hdd/marshal/.work/rebuild_880278_880338/run/formal-opendev-880278--target-880338-fresh2/replay-work/formal-opendev-880278--target-880338/target-a0/.tox/py3/lib/python3.10/site-packages/oslo_db/api.py", line 144, in wrapper
    with excutils.save_and_reraise_exception() as ectxt:
  File "/home/zhihao/hdd/marshal/.work/rebuild_880278_880338/run/formal-opendev-880278--target-880338-fresh2/replay-work/formal-opendev-880278--target-880338/target-a0/.tox/py3/lib/python3.10/site-packages/oslo_utils/excutils.py", line 227, in __exit__
    self.force_reraise()
  File "/home/zhihao/hdd/marshal/.work/rebuild_880278_880338/run/formal-opendev-880278--target-880338-fresh2/replay-work/formal-opendev-880278--target-880338/target-a0/.tox/py3/lib/python3.10/site-packages/oslo_utils/excutils.py", line 200, in force_reraise
    raise self.value
  File "/home/zhihao/hdd/marshal/.work/rebuild_880278_880338/run/formal-opendev-880278--target-880338-fresh2/replay-work/formal-opendev-880278--target-880338/target-a0/.tox/py3/lib/python3.10/site-packages/oslo_db/api.py", line 142, in wrapper
    return f(*args, **kwargs)
  File "/home/zhihao/hdd/marshal/.work/rebuild_880278_880338/run/formal-opendev-880278--target-880338-fresh2/replay-work/formal-opendev-880278--target-880338/target-a0/.tox/py3/lib/python3.10/site-packages/neutron_lib/db/api.py", line 186, in wrapped
    with excutils.save_and_reraise_exception():
  File "/home/zhihao/hdd/marshal/.work/rebuild_880278_880338/run/formal-opendev-880278--target-880338-fresh2/replay-work/formal-opendev-880278--target-880338/target-a0/.tox/py3/lib/python3.10/site-packages/oslo_utils/excutils.py", line 227, in __exit__
    self.force_reraise()
  File "/home/zhihao/hdd/marshal/.work/rebuild_880278_880338/run/formal-opendev-880278--target-880338-fresh2/replay-work/formal-opendev-880278--target-880338/target-a0/.tox/py3/lib/python3.10/site-packages/oslo_utils/excutils.py", line 200, in force_reraise
    raise self.value
  File "/home/zhihao/hdd/marshal/.work/rebuild_880278_880338/run/formal-opendev-880278--target-880338-fresh2/replay-work/formal-opendev-880278--target-880338/target-a0/.tox/py3/lib/python3.10/site-packages/neutron_lib/db/api.py", line 184, in wrapped
    return f(*dup_args, **dup_kwargs)
  File "/home/zhihao/hdd/marshal/.work/rebuild_880278_880338/run/formal-opendev-880278--target-880338-fresh2/replay-work/formal-opendev-880278--target-880338/target-a0/neutron/api/v2/base.py", line 564, in _create
    return notify({self._resource: self._view(request.context,
  File "/home/zhihao/hdd/marshal/.work/rebuild_880278_880338/run/formal-opendev-880278--target-880338-fresh2/replay-work/formal-opendev-880278--target-880338/target-a0/neutron/api/v2/base.py", line 504, in notify
    quota.QUOTAS.commit_reservation(
  File "/home/zhihao/hdd/marshal/.work/rebuild_880278_880338/run/formal-opendev-880278--target-880338-fresh2/replay-work/formal-opendev-880278--target-880338/target-a0/neutron/quota/__init__.py", line 103, in commit_reservation
    self.get_driver().commit_reservation(context, reservation_id)
  File "/home/zhihao/hdd/marshal/.work/rebuild_880278_880338/run/formal-opendev-880278--target-880338-fresh2/replay-work/formal-opendev-880278--target-880338/target-a0/neutron/db/quota/driver.py", line 269, in commit_reservation
    quota_api.remove_reservation(context, reservation_id,
  File "/home/zhihao/hdd/marshal/.work/rebuild_880278_880338/run/formal-opendev-880278--target-880338-fresh2/replay-work/formal-opendev-880278--target-880338/target-a0/neutron/common/utils.py", line 726, in inner
    raise RuntimeError(_("Method %s cannot be called within a "
RuntimeError: Method <function remove_reservation at 0x7b4b75282e60> cannot be called within a transaction.
create failed: No details.
Traceback (most recent call last):
  File "/home/zhihao/hdd/marshal/.work/rebuild_880278_880338/run/formal-opendev-880278--target-880338-fresh2/replay-work/formal-opendev-880278--target-880338/target-a0/neutron/api/v2/resource.py", line 98, in resource
    result = method(request=request, **args)
  File "/home/zhihao/hdd/marshal/.work/rebuild_880278_880338/run/formal-opendev-880278--target-880338-fresh2/replay-work/formal-opendev-880278--target-880338/target-a0/neutron/api/v2/base.py", line 438, in create
    return self._create(request, body, **kwargs)
  File "/home/zhihao/hdd/marshal/.work/rebuild_880278_880338/run/formal-opendev-880278--target-880338-fresh2/replay-work/formal-opendev-880278--target-880338/target-a0/.tox/py3/lib/python3.10/site-packages/neutron_lib/db/api.py", line 140, in wrapped
    with excutils.save_and_reraise_exception():
  File "/home/zhihao/hdd/marshal/.work/rebuild_880278_880338/run/formal-opendev-880278--target-880338-fresh2/replay-work/formal-opendev-880278--target-880338/target-a0/.tox/py3/lib/python3.10/site-packages/oslo_utils/excutils.py", line 227, in __exit__
    self.force_reraise()
  File "/home/zhihao/hdd/marshal/.work/rebuild_880278_880338/run/formal-opendev-880278--target-880338-fresh2/replay-work/formal-opendev-880278--target-880338/target-a0/.tox/py3/lib/python3.10/site-packages/oslo_utils/excutils.py", line 200, in force_reraise
    raise self.value
  File "/home/zhihao/hdd/marshal/.work/rebuild_880278_880338/run/formal-opendev-880278--target-880338-fresh2/replay-work/formal-opendev-880278--target-880338/target-a0/.tox/py3/lib/python3.10/site-packages/neutron_lib/db/api.py", line 138, in wrapped
    return f(*args, **kwargs)
  File "/home/zhihao/hdd/marshal/.work/rebuild_880278_880338/run/formal-opendev-880278--target-880338-fresh2/replay-work/formal-opendev-880278--target-880338/target-a0/.tox/py3/lib/python3.10/site-packages/oslo_db/api.py", line 144, in wrapper
    with excutils.save_and_reraise_exception() as ectxt:
  File "/home/zhihao/hdd/marshal/.work/rebuild_880278_880338/run/formal-opendev-880278--target-880338-fresh2/replay-work/formal-opendev-880278--target-880338/target-a0/.tox/py3/lib/python3.10/site-packages/oslo_utils/excutils.py", line 227, in __exit__
    self.force_reraise()
  File "/home/zhihao/hdd/marshal/.work/rebuild_880278_880338/run/formal-opendev-880278--target-880338-fresh2/replay-work/formal-opendev-880278--target-880338/target-a0/.tox/py3/lib/python3.10/site-packages/oslo_utils/excutils.py", line 200, in force_reraise
    raise self.value
  File "/home/zhihao/hdd/marshal/.work/rebuild_880278_880338/run/formal-opendev-880278--target-880338-fresh2/replay-work/formal-opendev-880278--target-880338/target-a0/.tox/py3/lib/python3.10/site-packages/oslo_db/api.py", line 142, in wrapper
    return f(*args, **kwargs)
  File "/home/zhihao/hdd/marshal/.work/rebuild_880278_880338/run/formal-opendev-880278--target-880338-fresh2/replay-work/formal-opendev-880278--target-880338/target-a0/.tox/py3/lib/python3.10/site-packages/neutron_lib/db/api.py", line 186, in wrapped
    with excutils.save_and_reraise_exception():
  File "/home/zhihao/hdd/marshal/.work/rebuild_880278_880338/run/formal-opendev-880278--target-880338-fresh2/replay-work/formal-opendev-880278--target-880338/target-a0/.tox/py3/lib/python3.10/site-packages/oslo_utils/excutils.py", line 227, in __exit__
    self.force_reraise()
  File "/home/zhihao/hdd/marshal/.work/rebuild_880278_880338/run/formal-opendev-880278--target-880338-fresh2/replay-work/formal-opendev-880278--target-880338/target-a0/.tox/py3/lib/python3.10/site-packages/oslo_utils/excutils.py", line 200, in force_reraise
    raise self.value
  File "/home/zhihao/hdd/marshal/.work/rebuild_880278_880338/run/formal-opendev-880278--target-880338-fresh2/replay-work/formal-opendev-880278--target-880338/target-a0/.tox/py3/lib/python3.10/site-packages/neutron_lib/db/api.py", line 184, in wrapped
    return f(*dup_args, **dup_kwargs)
  File "/home/zhihao/hdd/marshal/.work/rebuild_880278_880338/run/formal-opendev-880278--target-880338-fresh2/replay-work/formal-opendev-880278--target-880338/target-a0/neutron/api/v2/base.py", line 564, in _create
    return notify({self._resource: self._view(request.context,
  File "/home/zhihao/hdd/marshal/.work/rebuild_880278_880338/run/formal-opendev-880278--target-880338-fresh2/replay-work/formal-opendev-880278--target-880338/target-a0/neutron/api/v2/base.py", line 504, in notify
    quota.QUOTAS.commit_reservation(
  File "/home/zhihao/hdd/marshal/.work/rebuild_880278_880338/run/formal-opendev-880278--target-880338-fresh2/replay-work/formal-opendev-880278--target-880338/target-a0/neutron/quota/__init__.py", line 103, in commit_reservation
    self.get_driver().commit_reservation(context, reservation_id)
  File "/home/zhihao/hdd/marshal/.work/rebuild_880278_880338/run/formal-opendev-880278--target-880338-fresh2/replay-work/formal-opendev-880278--target-880338/target-a0/neutron/db/quota/driver.py", line 269, in commit_reservation
    quota_api.remove_reservation(context, reservation_id,
  File "/home/zhihao/hdd/marshal/.work/rebuild_880278_880338/run/formal-opendev-880278--target-880338-fresh2/replay-work/formal-opendev-880278--target-880338/target-a0/neutron/common/utils.py", line 726, in inner
    raise RuntimeError(_("Method %s cannot be called within a "
RuntimeError: Method <function remove_reservation at 0x7cd308b82e60> cannot be called within a transaction.
{1} neutron.tests.unit.services.metering.test_metering_plugin.TestMeteringPluginRpcFromL3Agent.test_get_sync_data_metering_not_shared [1.597310s] ... ok
create failed: No details.
Traceback (most recent call last):
  File "/home/zhihao/hdd/marshal/.work/rebuild_880278_880338/run/formal-opendev-880278--target-880338-fresh2/replay-work/formal-opendev-880278--target-880338/target-a0/neutron/api/v2/resource.py", line 98, in resource
    result = method(request=request, **args)
  File "/home/zhihao/hdd/marshal/.work/rebuild_880278_880338/run/formal-opendev-880278--target-880338-fresh2/replay-work/formal-opendev-880278--target-880338/target-a0/neutron/api/v2/base.py", line 438, in create
    return self._create(request, body, **kwargs)
  File "/home/zhihao/hdd/marshal/.work/rebuild_880278_880338/run/formal-opendev-880278--target-880338-fresh2/replay-work/formal-opendev-880278--target-880338/target-a0/.tox/py3/lib/python3.10/site-packages/neutron_lib/db/api.py", line 140, in wrapped
    with excutils.save_and_reraise_exception():
  File "/home/zhihao/hdd/marshal/.work/rebuild_880278_880338/run/formal-opendev-880278--target-880338-fresh2/replay-work/formal-opendev-880278--target-880338/target-a0/.tox/py3/lib/python3.10/site-packages/oslo_utils/excutils.py", line 227, in __exit__
    self.force_reraise()
  File "/home/zhihao/hdd/marshal/.work/rebuild_880278_880338/run/formal-opendev-880278--target-880338-fresh2/replay-work/formal-opendev-880278--target-880338/target-a0/.tox/py3/lib/python3.10/site-packages/oslo_utils/excutils.py", line 200, in force_reraise
    raise self.value
  File "/home/zhihao/hdd/marshal/.work/rebuild_880278_880338/run/formal-opendev-880278--target-880338-fresh2/replay-work/formal-opendev-880278--target-880338/target-a0/.tox/py3/lib/python3.10/site-packages/neutron_lib/db/api.py", line 138, in wrapped
    return f(*args, **kwargs)
  File "/home/zhihao/hdd/marshal/.work/rebuild_880278_880338/run/formal-opendev-880278--target-880338-fresh2/replay-work/formal-opendev-880278--target-880338/target-a0/.tox/py3/lib/python3.10/site-packages/oslo_db/api.py", line 144, in wrapper
    with excutils.save_and_reraise_exception() as ectxt:
  File "/home/zhihao/hdd/marshal/.work/rebuild_880278_880338/run/formal-opendev-880278--target-880338-fresh2/replay-work/formal-opendev-880278--target-880338/target-a0/.tox/py3/lib/python3.10/site-packages/oslo_utils/excutils.py", line 227, in __exit__
    self.force_reraise()
  File "/home/zhihao/hdd/marshal/.work/rebuild_880278_880338/run/formal-opendev-880278--target-880338-fresh2/replay-work/formal-opendev-880278--target-880338/target-a0/.tox/py3/lib/python3.10/site-packages/oslo_utils/excutils.py", line 200, in force_reraise
    raise self.value
  File "/home/zhihao/hdd/marshal/.work/rebuild_880278_880338/run/formal-opendev-880278--target-880338-fresh2/replay-work/formal-opendev-880278--target-880338/target-a0/.tox/py3/lib/python3.10/site-packages/oslo_db/api.py", line 142, in wrapper
    return f(*args, **kwargs)
  File "/home/zhihao/hdd/marshal/.work/rebuild_880278_880338/run/formal-opendev-880278--target-880338-fresh2/replay-work/formal-opendev-880278--target-880338/target-a0/.tox/py3/lib/python3.10/site-packages/neutron_lib/db/api.py", line 186, in wrapped
    with excutils.save_and_reraise_exception():
  File "/home/zhihao/hdd/marshal/.work/rebuild_880278_880338/run/formal-opendev-880278--target-880338-fresh2/replay-work/formal-opendev-880278--target-880338/target-a0/.tox/py3/lib/python3.10/site-packages/oslo_utils/excutils.py", line 227, in __exit__
    self.force_reraise()
  File "/home/zhihao/hdd/marshal/.work/rebuild_880278_880338/run/formal-opendev-880278--target-880338-fresh2/replay-work/formal-opendev-880278--target-880338/target-a0/.tox/py3/lib/python3.10/site-packages/oslo_utils/excutils.py", line 200, in force_reraise
    raise self.value
  File "/home/zhihao/hdd/marshal/.work/rebuild_880278_880338/run/formal-opendev-880278--target-880338-fresh2/replay-work/formal-opendev-880278--target-880338/target-a0/.tox/py3/lib/python3.10/site-packages/neutron_lib/db/api.py", line 184, in wrapped
    return f(*dup_args, **dup_kwargs)
  File "/home/zhihao/hdd/marshal/.work/rebuild_880278_880338/run/formal-opendev-880278--target-880338-fresh2/replay-work/formal-opendev-880278--target-880338/target-a0/neutron/api/v2/base.py", line 563, in _create
    obj = do_create(body)
  File "/home/zhihao/hdd/marshal/.work/rebuild_880278_880338/run/formal-opendev-880278--target-880338-fresh2/replay-work/formal-opendev-880278--target-880338/target-a0/neutron/api/v2/base.py", line 541, in do_create
    with excutils.save_and_reraise_exception():
  File "/home/zhihao/hdd/marshal/.work/rebuild_880278_880338/run/formal-opendev-880278--target-880338-fresh2/replay-work/formal-opendev-880278--target-880338/target-a0/.tox/py3/lib/python3.10/site-packages/oslo_utils/excutils.py", line 227, in __exit__
    self.force_reraise()
  File "/home/zhihao/hdd/marshal/.work/rebuild_880278_880338/run/formal-opendev-880278--target-880338-fresh2/replay-work/formal-opendev-880278--target-880338/target-a0/.tox/py3/lib/python3.10/site-packages/oslo_utils/excutils.py", line 200, in force_reraise
    raise self.value
  File "/home/zhihao/hdd/marshal/.work/rebuild_880278_880338/run/formal-opendev-880278--target-880338-fresh2/replay-work/formal-opendev-880278--target-880338/target-a0/neutron/api/v2/base.py", line 537, in do_create
    return obj_creator(request.context, **kwargs)
  File "/home/zhihao/hdd/marshal/.work/rebuild_880278_880338/run/formal-opendev-880278--target-880338-fresh2/replay-work/formal-opendev-880278--target-880338/target-a0/neutron/services/metering/metering_plugin.py", line 77, in create_metering_label_rule
    MeteringPlugin.validate_metering_label_rule(metering_label_rule)
  File "/home/zhihao/hdd/marshal/.work/rebuild_880278_880338/run/formal-opendev-880278--target-880338-fresh2/replay-work/formal-opendev-880278--target-880338/target-a0/neutron/services/metering/metering_plugin.py", line 118, in validate_metering_label_rule
    raise neutron_exc.Invalid(
neutron_lib.exceptions.Invalid: You must define at least one of the following parameters 'remote_ip_prefix', or 'source_ip_prefix' or 'destination_ip_prefix'.
{4} neutron.tests.unit.services.metering.test_metering_plugin.TestMeteringPlugin.test_add_and_remove_metering_label_rule_no_ip_prefix_entered [1.542777s] ... ok
{9} neutron.tests.unit.services.metering.test_metering_plugin.TestMeteringPlugin.test_add_and_remove_metering_label_rule_src_and_dest_ip_only [1.941743s] ... ok
/home/zhihao/hdd/marshal/.work/rebuild_880278_880338/run/formal-opendev-880278--target-880338-fresh2/replay-work/formal-opendev-880278--target-880338/target-a0/.tox/py3/lib/python3.10/site-packages/kombu/utils/compat.py:82: DeprecationWarning: SelectableGroups dict interface is deprecated. Use select.
  for ep in importlib_metadata.entry_points().get(namespace, [])
create failed: No details.
Traceback (most recent call last):
  File "/home/zhihao/hdd/marshal/.work/rebuild_880278_880338/run/formal-opendev-880278--target-880338-fresh2/replay-work/formal-opendev-880278--target-880338/target-a0/neutron/api/v2/resource.py", line 98, in resource
    result = method(request=request, **args)
  File "/home/zhihao/hdd/marshal/.work/rebuild_880278_880338/run/formal-opendev-880278--target-880338-fresh2/replay-work/formal-opendev-880278--target-880338/target-a0/neutron/api/v2/base.py", line 438, in create
    return self._create(request, body, **kwargs)
  File "/home/zhihao/hdd/marshal/.work/rebuild_880278_880338/run/formal-opendev-880278--target-880338-fresh2/replay-work/formal-opendev-880278--target-880338/target-a0/.tox/py3/lib/python3.10/site-packages/neutron_lib/db/api.py", line 140, in wrapped
    with excutils.save_and_reraise_exception():
  File "/home/zhihao/hdd/marshal/.work/rebuild_880278_880338/run/formal-opendev-880278--target-880338-fresh2/replay-work/formal-opendev-880278--target-880338/target-a0/.tox/py3/lib/python3.10/site-packages/oslo_utils/excutils.py", line 227, in __exit__
    self.force_reraise()
  File "/home/zhihao/hdd/marshal/.work/rebuild_880278_880338/run/formal-opendev-880278--target-880338-fresh2/replay-work/formal-opendev-880278--target-880338/target-a0/.tox/py3/lib/python3.10/site-packages/oslo_utils/excutils.py", line 200, in force_reraise
    raise self.value
  File "/home/zhihao/hdd/marshal/.work/rebuild_880278_880338/run/formal-opendev-880278--target-880338-fresh2/replay-work/formal-opendev-880278--target-880338/target-a0/.tox/py3/lib/python3.10/site-packages/neutron_lib/db/api.py", line 138, in wrapped
    return f(*args, **kwargs)
  File "/home/zhihao/hdd/marshal/.work/rebuild_880278_880338/run/formal-opendev-880278--target-880338-fresh2/replay-work/formal-opendev-880278--target-880338/target-a0/.tox/py3/lib/python3.10/site-packages/oslo_db/api.py", line 144, in wrapper
    with excutils.save_and_reraise_exception() as ectxt:
  File "/home/zhihao/hdd/marshal/.work/rebuild_880278_880338/run/formal-opendev-880278--target-880338-fresh2/replay-work/formal-opendev-880278--target-880338/target-a0/.tox/py3/lib/python3.10/site-packages/oslo_utils/excutils.py", line 227, in __exit__
    self.force_reraise()
  File "/home/zhihao/hdd/marshal/.work/rebuild_880278_880338/run/formal-opendev-880278--target-880338-fresh2/replay-work/formal-opendev-880278--target-880338/target-a0/.tox/py3/lib/python3.10/site-packages/oslo_utils/excutils.py", line 200, in force_reraise
    raise self.value
  File "/home/zhihao/hdd/marshal/.work/rebuild_880278_880338/run/formal-opendev-880278--target-880338-fresh2/replay-work/formal-opendev-880278--target-880338/target-a0/.tox/py3/lib/python3.10/site-packages/oslo_db/api.py", line 142, in wrapper
    return f(*args, **kwargs)
  File "/home/zhihao/hdd/marshal/.work/rebuild_880278_880338/run/formal-opendev-880278--target-880338-fresh2/replay-work/formal-opendev-880278--target-880338/target-a0/.tox/py3/lib/python3.10/site-packages/neutron_lib/db/api.py", line 186, in wrapped
    with excutils.save_and_reraise_exception():
  File "/home/zhihao/hdd/marshal/.work/rebuild_880278_880338/run/formal-opendev-880278--target-880338-fresh2/replay-work/formal-opendev-880278--target-880338/target-a0/.tox/py3/lib/python3.10/site-packages/oslo_utils/excutils.py", line 227, in __exit__
    self.force_reraise()
  File "/home/zhihao/hdd/marshal/.work/rebuild_880278_880338/run/formal-opendev-880278--target-880338-fresh2/replay-work/formal-opendev-880278--target-880338/target-a0/.tox/py3/lib/python3.10/site-packages/oslo_utils/excutils.py", line 200, in force_reraise
    raise self.value
  File "/home/zhihao/hdd/marshal/.work/rebuild_880278_880338/run/formal-opendev-880278--target-880338-fresh2/replay-work/formal-opendev-880278--target-880338/target-a0/.tox/py3/lib/python3.10/site-packages/neutron_lib/db/api.py", line 184, in wrapped
    return f(*dup_args, **dup_kwargs)
  File "/home/zhihao/hdd/marshal/.work/rebuild_880278_880338/run/formal-opendev-880278--target-880338-fresh2/replay-work/formal-opendev-880278--target-880338/target-a0/neutron/api/v2/base.py", line 563, in _create
    obj = do_create(body)
  File "/home/zhihao/hdd/marshal/.work/rebuild_880278_880338/run/formal-opendev-880278--target-880338-fresh2/replay-work/formal-opendev-880278--target-880338/target-a0/neutron/api/v2/base.py", line 541, in do_create
    with excutils.save_and_reraise_exception():
  File "/home/zhihao/hdd/marshal/.work/rebuild_880278_880338/run/formal-opendev-880278--target-880338-fresh2/replay-work/formal-opendev-880278--target-880338/target-a0/.tox/py3/lib/python3.10/site-packages/oslo_utils/excutils.py", line 227, in __exit__
    self.force_reraise()
  File "/home/zhihao/hdd/marshal/.work/rebuild_880278_880338/run/formal-opendev-880278--target-880338-fresh2/replay-work/formal-opendev-880278--target-880338/target-a0/.tox/py3/lib/python3.10/site-packages/oslo_utils/excutils.py", line 200, in force_reraise
    raise self.value
  File "/home/zhihao/hdd/marshal/.work/rebuild_880278_880338/run/formal-opendev-880278--target-880338-fresh2/replay-work/formal-opendev-880278--target-880338/target-a0/neutron/api/v2/base.py", line 537, in do_create
    return obj_creator(request.context, **kwargs)
  File "/home/zhihao/hdd/marshal/.work/rebuild_880278_880338/run/formal-opendev-880278--target-880338-fresh2/replay-work/formal-opendev-880278--target-880338/target-a0/neutron/services/metering/metering_plugin.py", line 77, in create_metering_label_rule
    MeteringPlugin.validate_metering_label_rule(metering_label_rule)
  File "/home/zhihao/hdd/marshal/.work/rebuild_880278_880338/run/formal-opendev-880278--target-880338-fresh2/replay-work/formal-opendev-880278--target-880338/target-a0/neutron/services/metering/metering_plugin.py", line 108, in validate_metering_label_rule
    raise neutron_exc.Invalid(
neutron_lib.exceptions.Invalid: Cannot use 'remote-ip-prefix' in conjunction with 'source-ip-prefix' or 'destination-ip-prefix'.
/home/zhihao/hdd/marshal/.work/rebuild_880278_880338/run/formal-opendev-880278--target-880338-fresh2/replay-work/formal-opendev-880278--target-880338/target-a0/.tox/py3/lib/python3.10/site-packages/oslo_db/sqlalchemy/enginefacade.py:541: DeprecationWarning: Using the 'mysql_enable_ndb' argument is deprecated in version '12.1.0': Support for the MySQL NDB Cluster storage engine has been deprecated and will be removed in a future release.
  engine = engines.create_engine(
create failed: No details.
Traceback (most recent call last):
  File "/home/zhihao/hdd/marshal/.work/rebuild_880278_880338/run/formal-opendev-880278--target-880338-fresh2/replay-work/formal-opendev-880278--target-880338/target-a0/neutron/api/v2/resource.py", line 98, in resource
    result = method(request=request, **args)
  File "/home/zhihao/hdd/marshal/.work/rebuild_880278_880338/run/formal-opendev-880278--target-880338-fresh2/replay-work/formal-opendev-880278--target-880338/target-a0/neutron/api/v2/base.py", line 438, in create
    return self._create(request, body, **kwargs)
  File "/home/zhihao/hdd/marshal/.work/rebuild_880278_880338/run/formal-opendev-880278--target-880338-fresh2/replay-work/formal-opendev-880278--target-880338/target-a0/.tox/py3/lib/python3.10/site-packages/neutron_lib/db/api.py", line 140, in wrapped
    with excutils.save_and_reraise_exception():
  File "/home/zhihao/hdd/marshal/.work/rebuild_880278_880338/run/formal-opendev-880278--target-880338-fresh2/replay-work/formal-opendev-880278--target-880338/target-a0/.tox/py3/lib/python3.10/site-packages/oslo_utils/excutils.py", line 227, in __exit__
    self.force_reraise()
  File "/home/zhihao/hdd/marshal/.work/rebuild_880278_880338/run/formal-opendev-880278--target-880338-fresh2/replay-work/formal-opendev-880278--target-880338/target-a0/.tox/py3/lib/python3.10/site-packages/oslo_utils/excutils.py", line 200, in force_reraise
    raise self.value
  File "/home/zhihao/hdd/marshal/.work/rebuild_880278_880338/run/formal-opendev-880278--target-880338-fresh2/replay-work/formal-opendev-880278--target-880338/target-a0/.tox/py3/lib/python3.10/site-packages/neutron_lib/db/api.py", line 138, in wrapped
    return f(*args, **kwargs)
  File "/home/zhihao/hdd/marshal/.work/rebuild_880278_880338/run/formal-opendev-880278--target-880338-fresh2/replay-work/formal-opendev-880278--target-880338/target-a0/.tox/py3/lib/python3.10/site-packages/oslo_db/api.py", line 144, in wrapper
    with excutils.save_and_reraise_exception() as ectxt:
  File "/home/zhihao/hdd/marshal/.work/rebuild_880278_880338/run/formal-opendev-880278--target-880338-fresh2/replay-work/formal-opendev-880278--target-880338/target-a0/.tox/py3/lib/python3.10/site-packages/oslo_utils/excutils.py", line 227, in __exit__
    self.force_reraise()
  File "/home/zhihao/hdd/marshal/.work/rebuild_880278_880338/run/formal-opendev-880278--target-880338-fresh2/replay-work/formal-opendev-880278--target-880338/target-a0/.tox/py3/lib/python3.10/site-packages/oslo_utils/excutils.py", line 200, in force_reraise
    raise self.value
  File "/home/zhihao/hdd/marshal/.work/rebuild_880278_880338/run/formal-opendev-880278--target-880338-fresh2/replay-work/formal-opendev-880278--target-880338/target-a0/.tox/py3/lib/python3.10/site-packages/oslo_db/api.py", line 142, in wrapper
    return f(*args, **kwargs)
  File "/home/zhihao/hdd/marshal/.work/rebuild_880278_880338/run/formal-opendev-880278--target-880338-fresh2/replay-work/formal-opendev-880278--target-880338/target-a0/.tox/py3/lib/python3.10/site-packages/neutron_lib/db/api.py", line 186, in wrapped
    with excutils.save_and_reraise_exception():
  File "/home/zhihao/hdd/marshal/.work/rebuild_880278_880338/run/formal-opendev-880278--target-880338-fresh2/replay-work/formal-opendev-880278--target-880338/target-a0/.tox/py3/lib/python3.10/site-packages/oslo_utils/excutils.py", line 227, in __exit__
    self.force_reraise()
  File "/home/zhihao/hdd/marshal/.work/rebuild_880278_880338/run/formal-opendev-880278--target-880338-fresh2/replay-work/formal-opendev-880278--target-880338/target-a0/.tox/py3/lib/python3.10/site-packages/oslo_utils/excutils.py", line 200, in force_reraise
    raise self.value
  File "/home/zhihao/hdd/marshal/.work/rebuild_880278_880338/run/formal-opendev-880278--target-880338-fresh2/replay-work/formal-opendev-880278--target-880338/target-a0/.tox/py3/lib/python3.10/site-packages/neutron_lib/db/api.py", line 184, in wrapped
    return f(*dup_args, **dup_kwargs)
  File "/home/zhihao/hdd/marshal/.work/rebuild_880278_880338/run/formal-opendev-880278--target-880338-fresh2/replay-work/formal-opendev-880278--target-880338/target-a0/neutron/api/v2/base.py", line 564, in _create
    return notify({self._resource: self._view(request.context,
  File "/home/zhihao/hdd/marshal/.work/rebuild_880278_880338/run/formal-opendev-880278--target-880338-fresh2/replay-work/formal-opendev-880278--target-880338/target-a0/neutron/api/v2/base.py", line 504, in notify
    quota.QUOTAS.commit_reservation(
  File "/home/zhihao/hdd/marshal/.work/rebuild_880278_880338/run/formal-opendev-880278--target-880338-fresh2/replay-work/formal-opendev-880278--target-880338/target-a0/neutron/quota/__init__.py", line 103, in commit_reservation
    self.get_driver().commit_reservation(context, reservation_id)
  File "/home/zhihao/hdd/marshal/.work/rebuild_880278_880338/run/formal-opendev-880278--target-880338-fresh2/replay-work/formal-opendev-880278--target-880338/target-a0/neutron/db/quota/driver.py", line 269, in commit_reservation
    quota_api.remove_reservation(context, reservation_id,
  File "/home/zhihao/hdd/marshal/.work/rebuild_880278_880338/run/formal-opendev-880278--target-880338-fresh2/replay-work/formal-opendev-880278--target-880338/target-a0/neutron/common/utils.py", line 726, in inner
    raise RuntimeError(_("Method %s cannot be called within a "
RuntimeError: Method <function remove_reservation at 0x7faee7b82e60> cannot be called within a transaction.
{7} neutron.tests.unit.services.metering.test_metering_plugin.TestMeteringPlugin.test_add_and_remove_metering_label_rule_dest_and_remote_ip [2.918131s] ... ok
{8} neutron.tests.unit.services.metering.test_metering_plugin.TestMeteringPluginRpcFromL3Agent.test_get_sync_data_metering_shared [3.308535s] ... ok
create failed: No details.
Traceback (most recent call last):
  File "/home/zhihao/hdd/marshal/.work/rebuild_880278_880338/run/formal-opendev-880278--target-880338-fresh2/replay-work/formal-opendev-880278--target-880338/target-a0/neutron/api/v2/resource.py", line 98, in resource
    result = method(request=request, **args)
  File "/home/zhihao/hdd/marshal/.work/rebuild_880278_880338/run/formal-opendev-880278--target-880338-fresh2/replay-work/formal-opendev-880278--target-880338/target-a0/neutron/api/v2/base.py", line 438, in create
    return self._create(request, body, **kwargs)
  File "/home/zhihao/hdd/marshal/.work/rebuild_880278_880338/run/formal-opendev-880278--target-880338-fresh2/replay-work/formal-opendev-880278--target-880338/target-a0/.tox/py3/lib/python3.10/site-packages/neutron_lib/db/api.py", line 140, in wrapped
    with excutils.save_and_reraise_exception():
  File "/home/zhihao/hdd/marshal/.work/rebuild_880278_880338/run/formal-opendev-880278--target-880338-fresh2/replay-work/formal-opendev-880278--target-880338/target-a0/.tox/py3/lib/python3.10/site-packages/oslo_utils/excutils.py", line 227, in __exit__
    self.force_reraise()
  File "/home/zhihao/hdd/marshal/.work/rebuild_880278_880338/run/formal-opendev-880278--target-880338-fresh2/replay-work/formal-opendev-880278--target-880338/target-a0/.tox/py3/lib/python3.10/site-packages/oslo_utils/excutils.py", line 200, in force_reraise
    raise self.value
  File "/home/zhihao/hdd/marshal/.work/rebuild_880278_880338/run/formal-opendev-880278--target-880338-fresh2/replay-work/formal-opendev-880278--target-880338/target-a0/.tox/py3/lib/python3.10/site-packages/neutron_lib/db/api.py", line 138, in wrapped
    return f(*args, **kwargs)
  File "/home/zhihao/hdd/marshal/.work/rebuild_880278_880338/run/formal-opendev-880278--target-880338-fresh2/replay-work/formal-opendev-880278--target-880338/target-a0/.tox/py3/lib/python3.10/site-packages/oslo_db/api.py", line 144, in wrapper
    with excutils.save_and_reraise_exception() as ectxt:
  File "/home/zhihao/hdd/marshal/.work/rebuild_880278_880338/run/formal-opendev-880278--target-880338-fresh2/replay-work/formal-opendev-880278--target-880338/target-a0/.tox/py3/lib/python3.10/site-packages/oslo_utils/excutils.py", line 227, in __exit__
    self.force_reraise()
  File "/home/zhihao/hdd/marshal/.work/rebuild_880278_880338/run/formal-opendev-880278--target-880338-fresh2/replay-work/formal-opendev-880278--target-880338/target-a0/.tox/py3/lib/python3.10/site-packages/oslo_utils/excutils.py", line 200, in force_reraise
    raise self.value
  File "/home/zhihao/hdd/marshal/.work/rebuild_880278_880338/run/formal-opendev-880278--target-880338-fresh2/replay-work/formal-opendev-880278--target-880338/target-a0/.tox/py3/lib/python3.10/site-packages/oslo_db/api.py", line 142, in wrapper
    return f(*args, **kwargs)
  File "/home/zhihao/hdd/marshal/.work/rebuild_880278_880338/run/formal-opendev-880278--target-880338-fresh2/replay-work/formal-opendev-880278--target-880338/target-a0/.tox/py3/lib/python3.10/site-packages/neutron_lib/db/api.py", line 186, in wrapped
    with excutils.save_and_reraise_exception():
  File "/home/zhihao/hdd/marshal/.work/rebuild_880278_880338/run/formal-opendev-880278--target-880338-fresh2/replay-work/formal-opendev-880278--target-880338/target-a0/.tox/py3/lib/python3.10/site-packages/oslo_utils/excutils.py", line 227, in __exit__
    self.force_reraise()
  File "/home/zhihao/hdd/marshal/.work/rebuild_880278_880338/run/formal-opendev-880278--target-880338-fresh2/replay-work/formal-opendev-880278--target-880338/target-a0/.tox/py3/lib/python3.10/site-packages/oslo_utils/excutils.py", line 200, in force_reraise
    raise self.value
  File "/home/zhihao/hdd/marshal/.work/rebuild_880278_880338/run/formal-opendev-880278--target-880338-fresh2/replay-work/formal-opendev-880278--target-880338/target-a0/.tox/py3/lib/python3.10/site-packages/neutron_lib/db/api.py", line 184, in wrapped
    return f(*dup_args, **dup_kwargs)
  File "/home/zhihao/hdd/marshal/.work/rebuild_880278_880338/run/formal-opendev-880278--target-880338-fresh2/replay-work/formal-opendev-880278--target-880338/target-a0/neutron/api/v2/base.py", line 564, in _create
    return notify({self._resource: self._view(request.context,
  File "/home/zhihao/hdd/marshal/.work/rebuild_880278_880338/run/formal-opendev-880278--target-880338-fresh2/replay-work/formal-opendev-880278--target-880338/target-a0/neutron/api/v2/base.py", line 504, in notify
    quota.QUOTAS.commit_reservation(
  File "/home/zhihao/hdd/marshal/.work/rebuild_880278_880338/run/formal-opendev-880278--target-880338-fresh2/replay-work/formal-opendev-880278--target-880338/target-a0/neutron/quota/__init__.py", line 103, in commit_reservation
    self.get_driver().commit_reservation(context, reservation_id)
  File "/home/zhihao/hdd/marshal/.work/rebuild_880278_880338/run/formal-opendev-880278--target-880338-fresh2/replay-work/formal-opendev-880278--target-880338/target-a0/neutron/db/quota/driver.py", line 269, in commit_reservation
    quota_api.remove_reservation(context, reservation_id,
  File "/home/zhihao/hdd/marshal/.work/rebuild_880278_880338/run/formal-opendev-880278--target-880338-fresh2/replay-work/formal-opendev-880278--target-880338/target-a0/neutron/common/utils.py", line 726, in inner
    raise RuntimeError(_("Method %s cannot be called within a "
RuntimeError: Method <function remove_reservation at 0x7b39d2a82e60> cannot be called within a transaction.
create failed: No details.
Traceback (most recent call last):
  File "/home/zhihao/hdd/marshal/.work/rebuild_880278_880338/run/formal-opendev-880278--target-880338-fresh2/replay-work/formal-opendev-880278--target-880338/target-a0/neutron/api/v2/resource.py", line 98, in resource
    result = method(request=request, **args)
  File "/home/zhihao/hdd/marshal/.work/rebuild_880278_880338/run/formal-opendev-880278--target-880338-fresh2/replay-work/formal-opendev-880278--target-880338/target-a0/neutron/api/v2/base.py", line 438, in create
    return self._create(request, body, **kwargs)
  File "/home/zhihao/hdd/marshal/.work/rebuild_880278_880338/run/formal-opendev-880278--target-880338-fresh2/replay-work/formal-opendev-880278--target-880338/target-a0/.tox/py3/lib/python3.10/site-packages/neutron_lib/db/api.py", line 140, in wrapped
    with excutils.save_and_reraise_exception():
  File "/home/zhihao/hdd/marshal/.work/rebuild_880278_880338/run/formal-opendev-880278--target-880338-fresh2/replay-work/formal-opendev-880278--target-880338/target-a0/.tox/py3/lib/python3.10/site-packages/oslo_utils/excutils.py", line 227, in __exit__
    self.force_reraise()
  File "/home/zhihao/hdd/marshal/.work/rebuild_880278_880338/run/formal-opendev-880278--target-880338-fresh2/replay-work/formal-opendev-880278--target-880338/target-a0/.tox/py3/lib/python3.10/site-packages/oslo_utils/excutils.py", line 200, in force_reraise
    raise self.value
  File "/home/zhihao/hdd/marshal/.work/rebuild_880278_880338/run/formal-opendev-880278--target-880338-fresh2/replay-work/formal-opendev-880278--target-880338/target-a0/.tox/py3/lib/python3.10/site-packages/neutron_lib/db/api.py", line 138, in wrapped
    return f(*args, **kwargs)
  File "/home/zhihao/hdd/marshal/.work/rebuild_880278_880338/run/formal-opendev-880278--target-880338-fresh2/replay-work/formal-opendev-880278--target-880338/target-a0/.tox/py3/lib/python3.10/site-packages/oslo_db/api.py", line 144, in wrapper
    with excutils.save_and_reraise_exception() as ectxt:
  File "/home/zhihao/hdd/marshal/.work/rebuild_880278_880338/run/formal-opendev-880278--target-880338-fresh2/replay-work/formal-opendev-880278--target-880338/target-a0/.tox/py3/lib/python3.10/site-packages/oslo_utils/excutils.py", line 227, in __exit__
    self.force_reraise()
  File "/home/zhihao/hdd/marshal/.work/rebuild_880278_880338/run/formal-opendev-880278--target-880338-fresh2/replay-work/formal-opendev-880278--target-880338/target-a0/.tox/py3/lib/python3.10/site-packages/oslo_utils/excutils.py", line 200, in force_reraise
    raise self.value
  File "/home/zhihao/hdd/marshal/.work/rebuild_880278_880338/run/formal-opendev-880278--target-880338-fresh2/replay-work/formal-opendev-880278--target-880338/target-a0/.tox/py3/lib/python3.10/site-packages/oslo_db/api.py", line 142, in wrapper
    return f(*args, **kwargs)
  File "/home/zhihao/hdd/marshal/.work/rebuild_880278_880338/run/formal-opendev-880278--target-880338-fresh2/replay-work/formal-opendev-880278--target-880338/target-a0/.tox/py3/lib/python3.10/site-packages/neutron_lib/db/api.py", line 186, in wrapped
    with excutils.save_and_reraise_exception():
  File "/home/zhihao/hdd/marshal/.work/rebuild_880278_880338/run/formal-opendev-880278--target-880338-fresh2/replay-work/formal-opendev-880278--target-880338/target-a0/.tox/py3/lib/python3.10/site-packages/oslo_utils/excutils.py", line 227, in __exit__
    self.force_reraise()
  File "/home/zhihao/hdd/marshal/.work/rebuild_880278_880338/run/formal-opendev-880278--target-880338-fresh2/replay-work/formal-opendev-880278--target-880338/target-a0/.tox/py3/lib/python3.10/site-packages/oslo_utils/excutils.py", line 200, in force_reraise
    raise self.value
  File "/home/zhihao/hdd/marshal/.work/rebuild_880278_880338/run/formal-opendev-880278--target-880338-fresh2/replay-work/formal-opendev-880278--target-880338/target-a0/.tox/py3/lib/python3.10/site-packages/neutron_lib/db/api.py", line 184, in wrapped
    return f(*dup_args, **dup_kwargs)
  File "/home/zhihao/hdd/marshal/.work/rebuild_880278_880338/run/formal-opendev-880278--target-880338-fresh2/replay-work/formal-opendev-880278--target-880338/target-a0/neutron/api/v2/base.py", line 564, in _create
    return notify({self._resource: self._view(request.context,
  File "/home/zhihao/hdd/marshal/.work/rebuild_880278_880338/run/formal-opendev-880278--target-880338-fresh2/replay-work/formal-opendev-880278--target-880338/target-a0/neutron/api/v2/base.py", line 504, in notify
    quota.QUOTAS.commit_reservation(
  File "/home/zhihao/hdd/marshal/.work/rebuild_880278_880338/run/formal-opendev-880278--target-880338-fresh2/replay-work/formal-opendev-880278--target-880338/target-a0/neutron/quota/__init__.py", line 103, in commit_reservation
    self.get_driver().commit_reservation(context, reservation_id)
  File "/home/zhihao/hdd/marshal/.work/rebuild_880278_880338/run/formal-opendev-880278--target-880338-fresh2/replay-work/formal-opendev-880278--target-880338/target-a0/neutron/db/quota/driver.py", line 269, in commit_reservation
    quota_api.remove_reservation(context, reservation_id,
  File "/home/zhihao/hdd/marshal/.work/rebuild_880278_880338/run/formal-opendev-880278--target-880338-fresh2/replay-work/formal-opendev-880278--target-880338/target-a0/neutron/common/utils.py", line 726, in inner
    raise RuntimeError(_("Method %s cannot be called within a "
RuntimeError: Method <function remove_reservation at 0x726ff1082e60> cannot be called within a transaction.
{16} neutron.tests.unit.services.metering.test_metering_plugin.TestMeteringPlugin.test_add_and_remove_metering_label_rule_rpc_call [3.894550s] ... ok
create failed: No details.
Traceback (most recent call last):
  File "/home/zhihao/hdd/marshal/.work/rebuild_880278_880338/run/formal-opendev-880278--target-880338-fresh2/replay-work/formal-opendev-880278--target-880338/target-a0/neutron/api/v2/resource.py", line 98, in resource
    result = method(request=request, **args)
  File "/home/zhihao/hdd/marshal/.work/rebuild_880278_880338/run/formal-opendev-880278--target-880338-fresh2/replay-work/formal-opendev-880278--target-880338/target-a0/neutron/api/v2/base.py", line 438, in create
    return self._create(request, body, **kwargs)
  File "/home/zhihao/hdd/marshal/.work/rebuild_880278_880338/run/formal-opendev-880278--target-880338-fresh2/replay-work/formal-opendev-880278--target-880338/target-a0/.tox/py3/lib/python3.10/site-packages/neutron_lib/db/api.py", line 140, in wrapped
    with excutils.save_and_reraise_exception():
  File "/home/zhihao/hdd/marshal/.work/rebuild_880278_880338/run/formal-opendev-880278--target-880338-fresh2/replay-work/formal-opendev-880278--target-880338/target-a0/.tox/py3/lib/python3.10/site-packages/oslo_utils/excutils.py", line 227, in __exit__
    self.force_reraise()
  File "/home/zhihao/hdd/marshal/.work/rebuild_880278_880338/run/formal-opendev-880278--target-880338-fresh2/replay-work/formal-opendev-880278--target-880338/target-a0/.tox/py3/lib/python3.10/site-packages/oslo_utils/excutils.py", line 200, in force_reraise
    raise self.value
  File "/home/zhihao/hdd/marshal/.work/rebuild_880278_880338/run/formal-opendev-880278--target-880338-fresh2/replay-work/formal-opendev-880278--target-880338/target-a0/.tox/py3/lib/python3.10/site-packages/neutron_lib/db/api.py", line 138, in wrapped
    return f(*args, **kwargs)
  File "/home/zhihao/hdd/marshal/.work/rebuild_880278_880338/run/formal-opendev-880278--target-880338-fresh2/replay-work/formal-opendev-880278--target-880338/target-a0/.tox/py3/lib/python3.10/site-packages/oslo_db/api.py", line 144, in wrapper
    with excutils.save_and_reraise_exception() as ectxt:
  File "/home/zhihao/hdd/marshal/.work/rebuild_880278_880338/run/formal-opendev-880278--target-880338-fresh2/replay-work/formal-opendev-880278--target-880338/target-a0/.tox/py3/lib/python3.10/site-packages/oslo_utils/excutils.py", line 227, in __exit__
    self.force_reraise()
  File "/home/zhihao/hdd/marshal/.work/rebuild_880278_880338/run/formal-opendev-880278--target-880338-fresh2/replay-work/formal-opendev-880278--target-880338/target-a0/.tox/py3/lib/python3.10/site-packages/oslo_utils/excutils.py", line 200, in force_reraise
    raise self.value
  File "/home/zhihao/hdd/marshal/.work/rebuild_880278_880338/run/formal-opendev-880278--target-880338-fresh2/replay-work/formal-opendev-880278--target-880338/target-a0/.tox/py3/lib/python3.10/site-packages/oslo_db/api.py", line 142, in wrapper
    return f(*args, **kwargs)
  File "/home/zhihao/hdd/marshal/.work/rebuild_880278_880338/run/formal-opendev-880278--target-880338-fresh2/replay-work/formal-opendev-880278--target-880338/target-a0/.tox/py3/lib/python3.10/site-packages/neutron_lib/db/api.py", line 186, in wrapped
    with excutils.save_and_reraise_exception():
  File "/home/zhihao/hdd/marshal/.work/rebuild_880278_880338/run/formal-opendev-880278--target-880338-fresh2/replay-work/formal-opendev-880278--target-880338/target-a0/.tox/py3/lib/python3.10/site-packages/oslo_utils/excutils.py", line 227, in __exit__
    self.force_reraise()
  File "/home/zhihao/hdd/marshal/.work/rebuild_880278_880338/run/formal-opendev-880278--target-880338-fresh2/replay-work/formal-opendev-880278--target-880338/target-a0/.tox/py3/lib/python3.10/site-packages/oslo_utils/excutils.py", line 200, in force_reraise
    raise self.value
  File "/home/zhihao/hdd/marshal/.work/rebuild_880278_880338/run/formal-opendev-880278--target-880338-fresh2/replay-work/formal-opendev-880278--target-880338/target-a0/.tox/py3/lib/python3.10/site-packages/neutron_lib/db/api.py", line 184, in wrapped
    return f(*dup_args, **dup_kwargs)
  File "/home/zhihao/hdd/marshal/.work/rebuild_880278_880338/run/formal-opendev-880278--target-880338-fresh2/replay-work/formal-opendev-880278--target-880338/target-a0/neutron/api/v2/base.py", line 564, in _create
    return notify({self._resource: self._view(request.context,
  File "/home/zhihao/hdd/marshal/.work/rebuild_880278_880338/run/formal-opendev-880278--target-880338-fresh2/replay-work/formal-opendev-880278--target-880338/target-a0/neutron/api/v2/base.py", line 504, in notify
    quota.QUOTAS.commit_reservation(
  File "/home/zhihao/hdd/marshal/.work/rebuild_880278_880338/run/formal-opendev-880278--target-880338-fresh2/replay-work/formal-opendev-880278--target-880338/target-a0/neutron/quota/__init__.py", line 103, in commit_reservation
    self.get_driver().commit_reservation(context, reservation_id)
  File "/home/zhihao/hdd/marshal/.work/rebuild_880278_880338/run/formal-opendev-880278--target-880338-fresh2/replay-work/formal-opendev-880278--target-880338/target-a0/neutron/db/quota/driver.py", line 269, in commit_reservation
    quota_api.remove_reservation(context, reservation_id,
  File "/home/zhihao/hdd/marshal/.work/rebuild_880278_880338/run/formal-opendev-880278--target-880338-fresh2/replay-work/formal-opendev-880278--target-880338/target-a0/neutron/common/utils.py", line 726, in inner
    raise RuntimeError(_("Method %s cannot be called within a "
RuntimeError: Method <function remove_reservation at 0x77a692a82e60> cannot be called within a transaction.
{17} neutron.tests.unit.services.metering.test_metering_plugin.TestMeteringPlugin.test_add_and_remove_metering_label_rule_source_ip_only [1.989886s] ... ok
{5} neutron.tests.unit.services.metering.test_metering_plugin.TestMeteringPlugin.test_remove_one_metering_label_rpc_call [4.370635s] ... ok
/home/zhihao/hdd/marshal/.work/rebuild_880278_880338/run/formal-opendev-880278--target-880338-fresh2/replay-work/formal-opendev-880278--target-880338/target-a0/.tox/py3/lib/python3.10/site-packages/kombu/utils/compat.py:82: DeprecationWarning: SelectableGroups dict interface is deprecated. Use select.
  for ep in importlib_metadata.entry_points().get(namespace, [])
{11} neutron.tests.unit.services.metering.test_metering_plugin.TestMeteringPlugin.test_delete_metering_label_does_not_clear_router_tenant_id [3.732498s] ... ok
/home/zhihao/hdd/marshal/.work/rebuild_880278_880338/run/formal-opendev-880278--target-880338-fresh2/replay-work/formal-opendev-880278--target-880338/target-a0/.tox/py3/lib/python3.10/site-packages/oslo_db/sqlalchemy/enginefacade.py:541: DeprecationWarning: Using the 'mysql_enable_ndb' argument is deprecated in version '12.1.0': Support for the MySQL NDB Cluster storage engine has been deprecated and will be removed in a future release.
  engine = engines.create_engine(
{15} neutron.tests.unit.services.metering.test_metering_plugin.TestMeteringPlugin.test_add_metering_label_shared_rpc_call [4.932298s] ... ok
{12} neutron.tests.unit.services.metering.test_metering_plugin.TestMeteringPluginRpcFromL3Agent.test_get_sync_data_metering_with_unscheduled_router [5.437535s] ... ok
create failed: No details.
Traceback (most recent call last):
  File "/home/zhihao/hdd/marshal/.work/rebuild_880278_880338/run/formal-opendev-880278--target-880338-fresh2/replay-work/formal-opendev-880278--target-880338/target-a0/neutron/api/v2/resource.py", line 98, in resource
    result = method(request=request, **args)
  File "/home/zhihao/hdd/marshal/.work/rebuild_880278_880338/run/formal-opendev-880278--target-880338-fresh2/replay-work/formal-opendev-880278--target-880338/target-a0/neutron/api/v2/base.py", line 438, in create
    return self._create(request, body, **kwargs)
  File "/home/zhihao/hdd/marshal/.work/rebuild_880278_880338/run/formal-opendev-880278--target-880338-fresh2/replay-work/formal-opendev-880278--target-880338/target-a0/.tox/py3/lib/python3.10/site-packages/neutron_lib/db/api.py", line 140, in wrapped
    with excutils.save_and_reraise_exception():
  File "/home/zhihao/hdd/marshal/.work/rebuild_880278_880338/run/formal-opendev-880278--target-880338-fresh2/replay-work/formal-opendev-880278--target-880338/target-a0/.tox/py3/lib/python3.10/site-packages/oslo_utils/excutils.py", line 227, in __exit__
    self.force_reraise()
  File "/home/zhihao/hdd/marshal/.work/rebuild_880278_880338/run/formal-opendev-880278--target-880338-fresh2/replay-work/formal-opendev-880278--target-880338/target-a0/.tox/py3/lib/python3.10/site-packages/oslo_utils/excutils.py", line 200, in force_reraise
    raise self.value
  File "/home/zhihao/hdd/marshal/.work/rebuild_880278_880338/run/formal-opendev-880278--target-880338-fresh2/replay-work/formal-opendev-880278--target-880338/target-a0/.tox/py3/lib/python3.10/site-packages/neutron_lib/db/api.py", line 138, in wrapped
    return f(*args, **kwargs)
  File "/home/zhihao/hdd/marshal/.work/rebuild_880278_880338/run/formal-opendev-880278--target-880338-fresh2/replay-work/formal-opendev-880278--target-880338/target-a0/.tox/py3/lib/python3.10/site-packages/oslo_db/api.py", line 144, in wrapper
    with excutils.save_and_reraise_exception() as ectxt:
  File "/home/zhihao/hdd/marshal/.work/rebuild_880278_880338/run/formal-opendev-880278--target-880338-fresh2/replay-work/formal-opendev-880278--target-880338/target-a0/.tox/py3/lib/python3.10/site-packages/oslo_utils/excutils.py", line 227, in __exit__
    self.force_reraise()
  File "/home/zhihao/hdd/marshal/.work/rebuild_880278_880338/run/formal-opendev-880278--target-880338-fresh2/replay-work/formal-opendev-880278--target-880338/target-a0/.tox/py3/lib/python3.10/site-packages/oslo_utils/excutils.py", line 200, in force_reraise
    raise self.value
  File "/home/zhihao/hdd/marshal/.work/rebuild_880278_880338/run/formal-opendev-880278--target-880338-fresh2/replay-work/formal-opendev-880278--target-880338/target-a0/.tox/py3/lib/python3.10/site-packages/oslo_db/api.py", line 142, in wrapper
    return f(*args, **kwargs)
  File "/home/zhihao/hdd/marshal/.work/rebuild_880278_880338/run/formal-opendev-880278--target-880338-fresh2/replay-work/formal-opendev-880278--target-880338/target-a0/.tox/py3/lib/python3.10/site-packages/neutron_lib/db/api.py", line 186, in wrapped
    with excutils.save_and_reraise_exception():
  File "/home/zhihao/hdd/marshal/.work/rebuild_880278_880338/run/formal-opendev-880278--target-880338-fresh2/replay-work/formal-opendev-880278--target-880338/target-a0/.tox/py3/lib/python3.10/site-packages/oslo_utils/excutils.py", line 227, in __exit__
    self.force_reraise()
  File "/home/zhihao/hdd/marshal/.work/rebuild_880278_880338/run/formal-opendev-880278--target-880338-fresh2/replay-work/formal-opendev-880278--target-880338/target-a0/.tox/py3/lib/python3.10/site-packages/oslo_utils/excutils.py", line 200, in force_reraise
    raise self.value
  File "/home/zhihao/hdd/marshal/.work/rebuild_880278_880338/run/formal-opendev-880278--target-880338-fresh2/replay-work/formal-opendev-880278--target-880338/target-a0/.tox/py3/lib/python3.10/site-packages/neutron_lib/db/api.py", line 184, in wrapped
    return f(*dup_args, **dup_kwargs)
  File "/home/zhihao/hdd/marshal/.work/rebuild_880278_880338/run/formal-opendev-880278--target-880338-fresh2/replay-work/formal-opendev-880278--target-880338/target-a0/neutron/api/v2/base.py", line 564, in _create
    return notify({self._resource: self._view(request.context,
  File "/home/zhihao/hdd/marshal/.work/rebuild_880278_880338/run/formal-opendev-880278--target-880338-fresh2/replay-work/formal-opendev-880278--target-880338/target-a0/neutron/api/v2/base.py", line 504, in notify
    quota.QUOTAS.commit_reservation(
  File "/home/zhihao/hdd/marshal/.work/rebuild_880278_880338/run/formal-opendev-880278--target-880338-fresh2/replay-work/formal-opendev-880278--target-880338/target-a0/neutron/quota/__init__.py", line 103, in commit_reservation
    self.get_driver().commit_reservation(context, reservation_id)
  File "/home/zhihao/hdd/marshal/.work/rebuild_880278_880338/run/formal-opendev-880278--target-880338-fresh2/replay-work/formal-opendev-880278--target-880338/target-a0/neutron/db/quota/driver.py", line 269, in commit_reservation
    quota_api.remove_reservation(context, reservation_id,
  File "/home/zhihao/hdd/marshal/.work/rebuild_880278_880338/run/formal-opendev-880278--target-880338-fresh2/replay-work/formal-opendev-880278--target-880338/target-a0/neutron/common/utils.py", line 726, in inner
    raise RuntimeError(_("Method %s cannot be called within a "
RuntimeError: Method <function remove_reservation at 0x7d52c5292e60> cannot be called within a transaction.
create failed: No details.
Traceback (most recent call last):
  File "/home/zhihao/hdd/marshal/.work/rebuild_880278_880338/run/formal-opendev-880278--target-880338-fresh2/replay-work/formal-opendev-880278--target-880338/target-a0/neutron/api/v2/resource.py", line 98, in resource
    result = method(request=request, **args)
  File "/home/zhihao/hdd/marshal/.work/rebuild_880278_880338/run/formal-opendev-880278--target-880338-fresh2/replay-work/formal-opendev-880278--target-880338/target-a0/neutron/api/v2/base.py", line 438, in create
    return self._create(request, body, **kwargs)
  File "/home/zhihao/hdd/marshal/.work/rebuild_880278_880338/run/formal-opendev-880278--target-880338-fresh2/replay-work/formal-opendev-880278--target-880338/target-a0/.tox/py3/lib/python3.10/site-packages/neutron_lib/db/api.py", line 140, in wrapped
    with excutils.save_and_reraise_exception():
  File "/home/zhihao/hdd/marshal/.work/rebuild_880278_880338/run/formal-opendev-880278--target-880338-fresh2/replay-work/formal-opendev-880278--target-880338/target-a0/.tox/py3/lib/python3.10/site-packages/oslo_utils/excutils.py", line 227, in __exit__
    self.force_reraise()
  File "/home/zhihao/hdd/marshal/.work/rebuild_880278_880338/run/formal-opendev-880278--target-880338-fresh2/replay-work/formal-opendev-880278--target-880338/target-a0/.tox/py3/lib/python3.10/site-packages/oslo_utils/excutils.py", line 200, in force_reraise
    raise self.value
  File "/home/zhihao/hdd/marshal/.work/rebuild_880278_880338/run/formal-opendev-880278--target-880338-fresh2/replay-work/formal-opendev-880278--target-880338/target-a0/.tox/py3/lib/python3.10/site-packages/neutron_lib/db/api.py", line 138, in wrapped
    return f(*args, **kwargs)
  File "/home/zhihao/hdd/marshal/.work/rebuild_880278_880338/run/formal-opendev-880278--target-880338-fresh2/replay-work/formal-opendev-880278--target-880338/target-a0/.tox/py3/lib/python3.10/site-packages/oslo_db/api.py", line 144, in wrapper
    with excutils.save_and_reraise_exception() as ectxt:
  File "/home/zhihao/hdd/marshal/.work/rebuild_880278_880338/run/formal-opendev-880278--target-880338-fresh2/replay-work/formal-opendev-880278--target-880338/target-a0/.tox/py3/lib/python3.10/site-packages/oslo_utils/excutils.py", line 227, in __exit__
    self.force_reraise()
  File "/home/zhihao/hdd/marshal/.work/rebuild_880278_880338/run/formal-opendev-880278--target-880338-fresh2/replay-work/formal-opendev-880278--target-880338/target-a0/.tox/py3/lib/python3.10/site-packages/oslo_utils/excutils.py", line 200, in force_reraise
    raise self.value
  File "/home/zhihao/hdd/marshal/.work/rebuild_880278_880338/run/formal-opendev-880278--target-880338-fresh2/replay-work/formal-opendev-880278--target-880338/target-a0/.tox/py3/lib/python3.10/site-packages/oslo_db/api.py", line 142, in wrapper
    return f(*args, **kwargs)
  File "/home/zhihao/hdd/marshal/.work/rebuild_880278_880338/run/formal-opendev-880278--target-880338-fresh2/replay-work/formal-opendev-880278--target-880338/target-a0/.tox/py3/lib/python3.10/site-packages/neutron_lib/db/api.py", line 186, in wrapped
    with excutils.save_and_reraise_exception():
  File "/home/zhihao/hdd/marshal/.work/rebuild_880278_880338/run/formal-opendev-880278--target-880338-fresh2/replay-work/formal-opendev-880278--target-880338/target-a0/.tox/py3/lib/python3.10/site-packages/oslo_utils/excutils.py", line 227, in __exit__
    self.force_reraise()
  File "/home/zhihao/hdd/marshal/.work/rebuild_880278_880338/run/formal-opendev-880278--target-880338-fresh2/replay-work/formal-opendev-880278--target-880338/target-a0/.tox/py3/lib/python3.10/site-packages/oslo_utils/excutils.py", line 200, in force_reraise
    raise self.value
  File "/home/zhihao/hdd/marshal/.work/rebuild_880278_880338/run/formal-opendev-880278--target-880338-fresh2/replay-work/formal-opendev-880278--target-880338/target-a0/.tox/py3/lib/python3.10/site-packages/neutron_lib/db/api.py", line 184, in wrapped
    return f(*dup_args, **dup_kwargs)
  File "/home/zhihao/hdd/marshal/.work/rebuild_880278_880338/run/formal-opendev-880278--target-880338-fresh2/replay-work/formal-opendev-880278--target-880338/target-a0/neutron/api/v2/base.py", line 564, in _create
    return notify({self._resource: self._view(request.context,
  File "/home/zhihao/hdd/marshal/.work/rebuild_880278_880338/run/formal-opendev-880278--target-880338-fresh2/replay-work/formal-opendev-880278--target-880338/target-a0/neutron/api/v2/base.py", line 504, in notify
    quota.QUOTAS.commit_reservation(
  File "/home/zhihao/hdd/marshal/.work/rebuild_880278_880338/run/formal-opendev-880278--target-880338-fresh2/replay-work/formal-opendev-880278--target-880338/target-a0/neutron/quota/__init__.py", line 103, in commit_reservation
    self.get_driver().commit_reservation(context, reservation_id)
  File "/home/zhihao/hdd/marshal/.work/rebuild_880278_880338/run/formal-opendev-880278--target-880338-fresh2/replay-work/formal-opendev-880278--target-880338/target-a0/neutron/db/quota/driver.py", line 269, in commit_reservation
    quota_api.remove_reservation(context, reservation_id,
  File "/home/zhihao/hdd/marshal/.work/rebuild_880278_880338/run/formal-opendev-880278--target-880338-fresh2/replay-work/formal-opendev-880278--target-880338/target-a0/neutron/common/utils.py", line 726, in inner
    raise RuntimeError(_("Method %s cannot be called within a "
RuntimeError: Method <function remove_reservation at 0x7d52c5292e60> cannot be called within a transaction.
{10} neutron.tests.unit.services.metering.test_metering_plugin.TestMeteringPluginL3AgentScheduler.test_add_metering_label_rpc_call [3.032059s] ... ok
{13} neutron.tests.unit.services.metering.test_metering_plugin.TestMeteringPluginRpcFromL3Agent.test_get_sync_data_metering [7.244628s] ... ok
{19} neutron.tests.unit.services.metering.test_metering_plugin.TestMeteringPluginRpcFromL3Agent.test_get_sync_data_metering_with_inactive_router [8.879196s] ... ok

======
Totals
======
Ran: 20 tests in 10.9531 sec.
 - Passed: 20
 - Skipped: 0
 - Expected Fail: 0
 - Unexpected Success: 0
 - Failed: 0
Sum of execute time for each test: 64.6404 sec.

==============
Worker Balance
==============
 - Worker 0 (1 tests) => 0:00:02.105687
 - Worker 1 (1 tests) => 0:00:01.597310
 - Worker 2 (1 tests) => 0:00:01.430952
 - Worker 3 (1 tests) => 0:00:01.860435
 - Worker 4 (1 tests) => 0:00:01.542777
 - Worker 5 (1 tests) => 0:00:04.370635
 - Worker 6 (1 tests) => 0:00:01.463909
 - Worker 7 (1 tests) => 0:00:02.918131
 - Worker 8 (1 tests) => 0:00:03.308535
 - Worker 9 (1 tests) => 0:00:01.941743
 - Worker 10 (1 tests) => 0:00:03.032059
 - Worker 11 (1 tests) => 0:00:03.732498
 - Worker 12 (1 tests) => 0:00:05.437535
 - Worker 13 (1 tests) => 0:00:07.244628
 - Worker 14 (1 tests) => 0:00:01.971583
 - Worker 15 (1 tests) => 0:00:04.932298
 - Worker 16 (1 tests) => 0:00:03.894550
 - Worker 17 (1 tests) => 0:00:01.989886
 - Worker 18 (1 tests) => 0:00:00.986097
 - Worker 19 (1 tests) => 0:00:08.879196
