[93mReadline features including tab completion have been disabled because
no supported version of readline was found. To resolve this, install
pyreadline3 on Windows or gnureadline on Linux/Mac.

[39mModules with known eventlet monkey patching issues were imported prior to eventlet monkey patching: urllib3, oslo_context.context. This warning can usually be ignored if the caller is only importing and not executing nova code.
Modules with known eventlet monkey patching issues were imported prior to eventlet monkey patching: urllib3, oslo_context.context. This warning can usually be ignored if the caller is only importing and not executing nova code.
Modules with known eventlet monkey patching issues were imported prior to eventlet monkey patching: oslo_context.context, urllib3. This warning can usually be ignored if the caller is only importing and not executing nova code.
Modules with known eventlet monkey patching issues were imported prior to eventlet monkey patching: oslo_context.context, urllib3. This warning can usually be ignored if the caller is only importing and not executing nova code.
Modules with known eventlet monkey patching issues were imported prior to eventlet monkey patching: oslo_context.context, urllib3. This warning can usually be ignored if the caller is only importing and not executing nova code.
Modules with known eventlet monkey patching issues were imported prior to eventlet monkey patching: urllib3, oslo_context.context. This warning can usually be ignored if the caller is only importing and not executing nova code.
Modules with known eventlet monkey patching issues were imported prior to eventlet monkey patching: urllib3, oslo_context.context. This warning can usually be ignored if the caller is only importing and not executing nova code.
Modules with known eventlet monkey patching issues were imported prior to eventlet monkey patching: urllib3, oslo_context.context. This warning can usually be ignored if the caller is only importing and not executing nova code.
Modules with known eventlet monkey patching issues were imported prior to eventlet monkey patching: urllib3, oslo_context.context. This warning can usually be ignored if the caller is only importing and not executing nova code.
Modules with known eventlet monkey patching issues were imported prior to eventlet monkey patching: urllib3, oslo_context.context. This warning can usually be ignored if the caller is only importing and not executing nova code.
Modules with known eventlet monkey patching issues were imported prior to eventlet monkey patching: oslo_context.context, urllib3. This warning can usually be ignored if the caller is only importing and not executing nova code.
Modules with known eventlet monkey patching issues were imported prior to eventlet monkey patching: urllib3, oslo_context.context. This warning can usually be ignored if the caller is only importing and not executing nova code.
Modules with known eventlet monkey patching issues were imported prior to eventlet monkey patching: oslo_context.context, urllib3. This warning can usually be ignored if the caller is only importing and not executing nova code.
Modules with known eventlet monkey patching issues were imported prior to eventlet monkey patching: urllib3, oslo_context.context. This warning can usually be ignored if the caller is only importing and not executing nova code.
Modules with known eventlet monkey patching issues were imported prior to eventlet monkey patching: oslo_context.context, urllib3. This warning can usually be ignored if the caller is only importing and not executing nova code.
Modules with known eventlet monkey patching issues were imported prior to eventlet monkey patching: oslo_context.context, urllib3. This warning can usually be ignored if the caller is only importing and not executing nova code.
Modules with known eventlet monkey patching issues were imported prior to eventlet monkey patching: oslo_context.context, urllib3. This warning can usually be ignored if the caller is only importing and not executing nova code.
Modules with known eventlet monkey patching issues were imported prior to eventlet monkey patching: urllib3, oslo_context.context. This warning can usually be ignored if the caller is only importing and not executing nova code.
Modules with known eventlet monkey patching issues were imported prior to eventlet monkey patching: oslo_context.context, urllib3. This warning can usually be ignored if the caller is only importing and not executing nova code.
Modules with known eventlet monkey patching issues were imported prior to eventlet monkey patching: urllib3, oslo_context.context. This warning can usually be ignored if the caller is only importing and not executing nova code.
Modules with known eventlet monkey patching issues were imported prior to eventlet monkey patching: urllib3, oslo_context.context. This warning can usually be ignored if the caller is only importing and not executing nova code.
Modules with known eventlet monkey patching issues were imported prior to eventlet monkey patching: urllib3, oslo_context.context. This warning can usually be ignored if the caller is only importing and not executing nova code.
Modules with known eventlet monkey patching issues were imported prior to eventlet monkey patching: urllib3, oslo_context.context. This warning can usually be ignored if the caller is only importing and not executing nova code.
Modules with known eventlet monkey patching issues were imported prior to eventlet monkey patching: oslo_context.context, urllib3. This warning can usually be ignored if the caller is only importing and not executing nova code.
Modules with known eventlet monkey patching issues were imported prior to eventlet monkey patching: oslo_context.context, urllib3. This warning can usually be ignored if the caller is only importing and not executing nova code.
Modules with known eventlet monkey patching issues were imported prior to eventlet monkey patching: oslo_context.context, urllib3. This warning can usually be ignored if the caller is only importing and not executing nova code.
Modules with known eventlet monkey patching issues were imported prior to eventlet monkey patching: oslo_context.context, urllib3. This warning can usually be ignored if the caller is only importing and not executing nova code.
Modules with known eventlet monkey patching issues were imported prior to eventlet monkey patching: urllib3, oslo_context.context. This warning can usually be ignored if the caller is only importing and not executing nova code.
Modules with known eventlet monkey patching issues were imported prior to eventlet monkey patching: oslo_context.context, urllib3. This warning can usually be ignored if the caller is only importing and not executing nova code.
Modules with known eventlet monkey patching issues were imported prior to eventlet monkey patching: urllib3, oslo_context.context. This warning can usually be ignored if the caller is only importing and not executing nova code.
Modules with known eventlet monkey patching issues were imported prior to eventlet monkey patching: urllib3, oslo_context.context. This warning can usually be ignored if the caller is only importing and not executing nova code.
Modules with known eventlet monkey patching issues were imported prior to eventlet monkey patching: oslo_context.context, urllib3. This warning can usually be ignored if the caller is only importing and not executing nova code.
Modules with known eventlet monkey patching issues were imported prior to eventlet monkey patching: oslo_context.context, urllib3. This warning can usually be ignored if the caller is only importing and not executing nova code.
Modules with known eventlet monkey patching issues were imported prior to eventlet monkey patching: urllib3, oslo_context.context. This warning can usually be ignored if the caller is only importing and not executing nova code.
Modules with known eventlet monkey patching issues were imported prior to eventlet monkey patching: oslo_context.context, urllib3. This warning can usually be ignored if the caller is only importing and not executing nova code.
Modules with known eventlet monkey patching issues were imported prior to eventlet monkey patching: urllib3, oslo_context.context. This warning can usually be ignored if the caller is only importing and not executing nova code.
Modules with known eventlet monkey patching issues were imported prior to eventlet monkey patching: urllib3, oslo_context.context. This warning can usually be ignored if the caller is only importing and not executing nova code.
Modules with known eventlet monkey patching issues were imported prior to eventlet monkey patching: urllib3, oslo_context.context. This warning can usually be ignored if the caller is only importing and not executing nova code.
Modules with known eventlet monkey patching issues were imported prior to eventlet monkey patching: oslo_context.context, urllib3. This warning can usually be ignored if the caller is only importing and not executing nova code.
Modules with known eventlet monkey patching issues were imported prior to eventlet monkey patching: oslo_context.context, urllib3. This warning can usually be ignored if the caller is only importing and not executing nova code.
Modules with known eventlet monkey patching issues were imported prior to eventlet monkey patching: urllib3, oslo_context.context. This warning can usually be ignored if the caller is only importing and not executing nova code.
Modules with known eventlet monkey patching issues were imported prior to eventlet monkey patching: oslo_context.context, urllib3. This warning can usually be ignored if the caller is only importing and not executing nova code.
Modules with known eventlet monkey patching issues were imported prior to eventlet monkey patching: urllib3, oslo_context.context. This warning can usually be ignored if the caller is only importing and not executing nova code.
Modules with known eventlet monkey patching issues were imported prior to eventlet monkey patching: urllib3, oslo_context.context. This warning can usually be ignored if the caller is only importing and not executing nova code.
Modules with known eventlet monkey patching issues were imported prior to eventlet monkey patching: urllib3, oslo_context.context. This warning can usually be ignored if the caller is only importing and not executing nova code.
Modules with known eventlet monkey patching issues were imported prior to eventlet monkey patching: urllib3, oslo_context.context. This warning can usually be ignored if the caller is only importing and not executing nova code.
Modules with known eventlet monkey patching issues were imported prior to eventlet monkey patching: oslo_context.context, urllib3. This warning can usually be ignored if the caller is only importing and not executing nova code.
Modules with known eventlet monkey patching issues were imported prior to eventlet monkey patching: urllib3, oslo_context.context. This warning can usually be ignored if the caller is only importing and not executing nova code.
Modules with known eventlet monkey patching issues were imported prior to eventlet monkey patching: oslo_context.context, urllib3. This warning can usually be ignored if the caller is only importing and not executing nova code.
Modules with known eventlet monkey patching issues were imported prior to eventlet monkey patching: oslo_context.context, urllib3. This warning can usually be ignored if the caller is only importing and not executing nova code.
Modules with known eventlet monkey patching issues were imported prior to eventlet monkey patching: urllib3, oslo_context.context. This warning can usually be ignored if the caller is only importing and not executing nova code.
Modules with known eventlet monkey patching issues were imported prior to eventlet monkey patching: oslo_context.context, urllib3. This warning can usually be ignored if the caller is only importing and not executing nova code.
Modules with known eventlet monkey patching issues were imported prior to eventlet monkey patching: urllib3, oslo_context.context. This warning can usually be ignored if the caller is only importing and not executing nova code.
Modules with known eventlet monkey patching issues were imported prior to eventlet monkey patching: oslo_context.context, urllib3. This warning can usually be ignored if the caller is only importing and not executing nova code.
Modules with known eventlet monkey patching issues were imported prior to eventlet monkey patching: urllib3, oslo_context.context. This warning can usually be ignored if the caller is only importing and not executing nova code.
Modules with known eventlet monkey patching issues were imported prior to eventlet monkey patching: oslo_context.context, urllib3. This warning can usually be ignored if the caller is only importing and not executing nova code.
Modules with known eventlet monkey patching issues were imported prior to eventlet monkey patching: oslo_context.context, urllib3. This warning can usually be ignored if the caller is only importing and not executing nova code.
Modules with known eventlet monkey patching issues were imported prior to eventlet monkey patching: oslo_context.context, urllib3. This warning can usually be ignored if the caller is only importing and not executing nova code.
Modules with known eventlet monkey patching issues were imported prior to eventlet monkey patching: oslo_context.context, urllib3. This warning can usually be ignored if the caller is only importing and not executing nova code.
Modules with known eventlet monkey patching issues were imported prior to eventlet monkey patching: oslo_context.context, urllib3. This warning can usually be ignored if the caller is only importing and not executing nova code.
Modules with known eventlet monkey patching issues were imported prior to eventlet monkey patching: urllib3, oslo_context.context. This warning can usually be ignored if the caller is only importing and not executing nova code.
Modules with known eventlet monkey patching issues were imported prior to eventlet monkey patching: oslo_context.context, urllib3. This warning can usually be ignored if the caller is only importing and not executing nova code.
Modules with known eventlet monkey patching issues were imported prior to eventlet monkey patching: urllib3, oslo_context.context. This warning can usually be ignored if the caller is only importing and not executing nova code.
Modules with known eventlet monkey patching issues were imported prior to eventlet monkey patching: oslo_context.context, urllib3. This warning can usually be ignored if the caller is only importing and not executing nova code.
Modules with known eventlet monkey patching issues were imported prior to eventlet monkey patching: urllib3, oslo_context.context. This warning can usually be ignored if the caller is only importing and not executing nova code.
Modules with known eventlet monkey patching issues were imported prior to eventlet monkey patching: oslo_context.context, urllib3. This warning can usually be ignored if the caller is only importing and not executing nova code.
Modules with known eventlet monkey patching issues were imported prior to eventlet monkey patching: urllib3, oslo_context.context. This warning can usually be ignored if the caller is only importing and not executing nova code.
Modules with known eventlet monkey patching issues were imported prior to eventlet monkey patching: oslo_context.context, urllib3. This warning can usually be ignored if the caller is only importing and not executing nova code.
Modules with known eventlet monkey patching issues were imported prior to eventlet monkey patching: oslo_context.context, urllib3. This warning can usually be ignored if the caller is only importing and not executing nova code.
Modules with known eventlet monkey patching issues were imported prior to eventlet monkey patching: oslo_context.context, urllib3. This warning can usually be ignored if the caller is only importing and not executing nova code.
Modules with known eventlet monkey patching issues were imported prior to eventlet monkey patching: urllib3, oslo_context.context. This warning can usually be ignored if the caller is only importing and not executing nova code.
Modules with known eventlet monkey patching issues were imported prior to eventlet monkey patching: urllib3, oslo_context.context. This warning can usually be ignored if the caller is only importing and not executing nova code.
Modules with known eventlet monkey patching issues were imported prior to eventlet monkey patching: urllib3, oslo_context.context. This warning can usually be ignored if the caller is only importing and not executing nova code.
Modules with known eventlet monkey patching issues were imported prior to eventlet monkey patching: urllib3, oslo_context.context. This warning can usually be ignored if the caller is only importing and not executing nova code.
Modules with known eventlet monkey patching issues were imported prior to eventlet monkey patching: oslo_context.context, urllib3. This warning can usually be ignored if the caller is only importing and not executing nova code.
Modules with known eventlet monkey patching issues were imported prior to eventlet monkey patching: urllib3, oslo_context.context. This warning can usually be ignored if the caller is only importing and not executing nova code.
Modules with known eventlet monkey patching issues were imported prior to eventlet monkey patching: urllib3, oslo_context.context. This warning can usually be ignored if the caller is only importing and not executing nova code.
Modules with known eventlet monkey patching issues were imported prior to eventlet monkey patching: oslo_context.context, urllib3. This warning can usually be ignored if the caller is only importing and not executing nova code.
Modules with known eventlet monkey patching issues were imported prior to eventlet monkey patching: urllib3, oslo_context.context. This warning can usually be ignored if the caller is only importing and not executing nova code.
Modules with known eventlet monkey patching issues were imported prior to eventlet monkey patching: oslo_context.context, urllib3. This warning can usually be ignored if the caller is only importing and not executing nova code.
Modules with known eventlet monkey patching issues were imported prior to eventlet monkey patching: urllib3, oslo_context.context. This warning can usually be ignored if the caller is only importing and not executing nova code.
Modules with known eventlet monkey patching issues were imported prior to eventlet monkey patching: oslo_context.context, urllib3. This warning can usually be ignored if the caller is only importing and not executing nova code.
Modules with known eventlet monkey patching issues were imported prior to eventlet monkey patching: oslo_context.context, urllib3. This warning can usually be ignored if the caller is only importing and not executing nova code.
Modules with known eventlet monkey patching issues were imported prior to eventlet monkey patching: urllib3, oslo_context.context. This warning can usually be ignored if the caller is only importing and not executing nova code.
Modules with known eventlet monkey patching issues were imported prior to eventlet monkey patching: urllib3, oslo_context.context. This warning can usually be ignored if the caller is only importing and not executing nova code.
Modules with known eventlet monkey patching issues were imported prior to eventlet monkey patching: oslo_context.context, urllib3. This warning can usually be ignored if the caller is only importing and not executing nova code.
Modules with known eventlet monkey patching issues were imported prior to eventlet monkey patching: urllib3, oslo_context.context. This warning can usually be ignored if the caller is only importing and not executing nova code.
Modules with known eventlet monkey patching issues were imported prior to eventlet monkey patching: urllib3, oslo_context.context. This warning can usually be ignored if the caller is only importing and not executing nova code.
Modules with known eventlet monkey patching issues were imported prior to eventlet monkey patching: oslo_context.context, urllib3. This warning can usually be ignored if the caller is only importing and not executing nova code.
Modules with known eventlet monkey patching issues were imported prior to eventlet monkey patching: urllib3, oslo_context.context. This warning can usually be ignored if the caller is only importing and not executing nova code.
Modules with known eventlet monkey patching issues were imported prior to eventlet monkey patching: urllib3, oslo_context.context. This warning can usually be ignored if the caller is only importing and not executing nova code.
Modules with known eventlet monkey patching issues were imported prior to eventlet monkey patching: urllib3, oslo_context.context. This warning can usually be ignored if the caller is only importing and not executing nova code.
Modules with known eventlet monkey patching issues were imported prior to eventlet monkey patching: urllib3, oslo_context.context. This warning can usually be ignored if the caller is only importing and not executing nova code.
Modules with known eventlet monkey patching issues were imported prior to eventlet monkey patching: oslo_context.context, urllib3. This warning can usually be ignored if the caller is only importing and not executing nova code.
Modules with known eventlet monkey patching issues were imported prior to eventlet monkey patching: oslo_context.context, urllib3. This warning can usually be ignored if the caller is only importing and not executing nova code.
Modules with known eventlet monkey patching issues were imported prior to eventlet monkey patching: urllib3, oslo_context.context. This warning can usually be ignored if the caller is only importing and not executing nova code.
Modules with known eventlet monkey patching issues were imported prior to eventlet monkey patching: urllib3, oslo_context.context. This warning can usually be ignored if the caller is only importing and not executing nova code.
Modules with known eventlet monkey patching issues were imported prior to eventlet monkey patching: oslo_context.context, urllib3. This warning can usually be ignored if the caller is only importing and not executing nova code.
Modules with known eventlet monkey patching issues were imported prior to eventlet monkey patching: urllib3, oslo_context.context. This warning can usually be ignored if the caller is only importing and not executing nova code.
Modules with known eventlet monkey patching issues were imported prior to eventlet monkey patching: oslo_context.context, urllib3. This warning can usually be ignored if the caller is only importing and not executing nova code.
Modules with known eventlet monkey patching issues were imported prior to eventlet monkey patching: urllib3, oslo_context.context. This warning can usually be ignored if the caller is only importing and not executing nova code.
Modules with known eventlet monkey patching issues were imported prior to eventlet monkey patching: oslo_context.context, urllib3. This warning can usually be ignored if the caller is only importing and not executing nova code.
Modules with known eventlet monkey patching issues were imported prior to eventlet monkey patching: urllib3, oslo_context.context. This warning can usually be ignored if the caller is only importing and not executing nova code.
Modules with known eventlet monkey patching issues were imported prior to eventlet monkey patching: urllib3, oslo_context.context. This warning can usually be ignored if the caller is only importing and not executing nova code.
Modules with known eventlet monkey patching issues were imported prior to eventlet monkey patching: urllib3, oslo_context.context. This warning can usually be ignored if the caller is only importing and not executing nova code.
Modules with known eventlet monkey patching issues were imported prior to eventlet monkey patching: urllib3, oslo_context.context. This warning can usually be ignored if the caller is only importing and not executing nova code.
Modules with known eventlet monkey patching issues were imported prior to eventlet monkey patching: oslo_context.context, urllib3. This warning can usually be ignored if the caller is only importing and not executing nova code.
Modules with known eventlet monkey patching issues were imported prior to eventlet monkey patching: urllib3, oslo_context.context. This warning can usually be ignored if the caller is only importing and not executing nova code.
Modules with known eventlet monkey patching issues were imported prior to eventlet monkey patching: urllib3, oslo_context.context. This warning can usually be ignored if the caller is only importing and not executing nova code.
Modules with known eventlet monkey patching issues were imported prior to eventlet monkey patching: urllib3, oslo_context.context. This warning can usually be ignored if the caller is only importing and not executing nova code.
Modules with known eventlet monkey patching issues were imported prior to eventlet monkey patching: urllib3, oslo_context.context. This warning can usually be ignored if the caller is only importing and not executing nova code.
Modules with known eventlet monkey patching issues were imported prior to eventlet monkey patching: urllib3, oslo_context.context. This warning can usually be ignored if the caller is only importing and not executing nova code.
Modules with known eventlet monkey patching issues were imported prior to eventlet monkey patching: oslo_context.context, urllib3. This warning can usually be ignored if the caller is only importing and not executing nova code.
Modules with known eventlet monkey patching issues were imported prior to eventlet monkey patching: urllib3, oslo_context.context. This warning can usually be ignored if the caller is only importing and not executing nova code.
Modules with known eventlet monkey patching issues were imported prior to eventlet monkey patching: oslo_context.context, urllib3. This warning can usually be ignored if the caller is only importing and not executing nova code.
Modules with known eventlet monkey patching issues were imported prior to eventlet monkey patching: urllib3, oslo_context.context. This warning can usually be ignored if the caller is only importing and not executing nova code.
Modules with known eventlet monkey patching issues were imported prior to eventlet monkey patching: urllib3, oslo_context.context. This warning can usually be ignored if the caller is only importing and not executing nova code.
Modules with known eventlet monkey patching issues were imported prior to eventlet monkey patching: urllib3, oslo_context.context. This warning can usually be ignored if the caller is only importing and not executing nova code.
Modules with known eventlet monkey patching issues were imported prior to eventlet monkey patching: oslo_context.context, urllib3. This warning can usually be ignored if the caller is only importing and not executing nova code.
Modules with known eventlet monkey patching issues were imported prior to eventlet monkey patching: oslo_context.context, urllib3. This warning can usually be ignored if the caller is only importing and not executing nova code.
Modules with known eventlet monkey patching issues were imported prior to eventlet monkey patching: urllib3, oslo_context.context. This warning can usually be ignored if the caller is only importing and not executing nova code.
Modules with known eventlet monkey patching issues were imported prior to eventlet monkey patching: urllib3, oslo_context.context. This warning can usually be ignored if the caller is only importing and not executing nova code.
Modules with known eventlet monkey patching issues were imported prior to eventlet monkey patching: urllib3, oslo_context.context. This warning can usually be ignored if the caller is only importing and not executing nova code.
Modules with known eventlet monkey patching issues were imported prior to eventlet monkey patching: oslo_context.context, urllib3. This warning can usually be ignored if the caller is only importing and not executing nova code.
Modules with known eventlet monkey patching issues were imported prior to eventlet monkey patching: urllib3, oslo_context.context. This warning can usually be ignored if the caller is only importing and not executing nova code.
Modules with known eventlet monkey patching issues were imported prior to eventlet monkey patching: oslo_context.context, urllib3. This warning can usually be ignored if the caller is only importing and not executing nova code.
Modules with known eventlet monkey patching issues were imported prior to eventlet monkey patching: urllib3, oslo_context.context. This warning can usually be ignored if the caller is only importing and not executing nova code.
Modules with known eventlet monkey patching issues were imported prior to eventlet monkey patching: urllib3, oslo_context.context. This warning can usually be ignored if the caller is only importing and not executing nova code.
Modules with known eventlet monkey patching issues were imported prior to eventlet monkey patching: urllib3, oslo_context.context. This warning can usually be ignored if the caller is only importing and not executing nova code.
Modules with known eventlet monkey patching issues were imported prior to eventlet monkey patching: urllib3, oslo_context.context. This warning can usually be ignored if the caller is only importing and not executing nova code.
Modules with known eventlet monkey patching issues were imported prior to eventlet monkey patching: oslo_context.context, urllib3. This warning can usually be ignored if the caller is only importing and not executing nova code.
Modules with known eventlet monkey patching issues were imported prior to eventlet monkey patching: urllib3, oslo_context.context. This warning can usually be ignored if the caller is only importing and not executing nova code.
Modules with known eventlet monkey patching issues were imported prior to eventlet monkey patching: urllib3, oslo_context.context. This warning can usually be ignored if the caller is only importing and not executing nova code.
Modules with known eventlet monkey patching issues were imported prior to eventlet monkey patching: oslo_context.context, urllib3. This warning can usually be ignored if the caller is only importing and not executing nova code.
Modules with known eventlet monkey patching issues were imported prior to eventlet monkey patching: urllib3, oslo_context.context. This warning can usually be ignored if the caller is only importing and not executing nova code.
Modules with known eventlet monkey patching issues were imported prior to eventlet monkey patching: oslo_context.context, urllib3. This warning can usually be ignored if the caller is only importing and not executing nova code.
Modules with known eventlet monkey patching issues were imported prior to eventlet monkey patching: oslo_context.context, urllib3. This warning can usually be ignored if the caller is only importing and not executing nova code.
Modules with known eventlet monkey patching issues were imported prior to eventlet monkey patching: oslo_context.context, urllib3. This warning can usually be ignored if the caller is only importing and not executing nova code.
Modules with known eventlet monkey patching issues were imported prior to eventlet monkey patching: oslo_context.context, urllib3. This warning can usually be ignored if the caller is only importing and not executing nova code.
Modules with known eventlet monkey patching issues were imported prior to eventlet monkey patching: urllib3, oslo_context.context. This warning can usually be ignored if the caller is only importing and not executing nova code.
2026-08-27 03:09:58.104 3276700 INFO oslo_service.periodic_task [None req-71f9247d-89dd-41ff-9494-680bff627d91 fake_user 6a6a9c9eee154e9cb8cec487b98d36ab - - - -] Skipping periodic task _discover_hosts_in_cells because its interval is negative[00m
2026-08-27 03:09:58.147 3276636 INFO oslo_service.periodic_task [None req-0771f08b-b347-4c30-b2ea-ba3945658f49 fake_user 6a6a9c9eee154e9cb8cec487b98d36ab - - - -] Skipping periodic task _discover_hosts_in_cells because its interval is negative[00m
Modules with known eventlet monkey patching issues were imported prior to eventlet monkey patching: oslo_context.context, urllib3. This warning can usually be ignored if the caller is only importing and not executing nova code.
2026-08-27 03:09:58.152 3276700 ERROR stevedore.extension [None req-71f9247d-89dd-41ff-9494-680bff627d91 fake_user 6a6a9c9eee154e9cb8cec487b98d36ab - - - -] Could not load 'oslo_cache.memcache_pool': No module named 'memcache': ModuleNotFoundError: No module named 'memcache'[00m
2026-08-27 03:09:58.193 3276636 ERROR stevedore.extension [None req-0771f08b-b347-4c30-b2ea-ba3945658f49 fake_user 6a6a9c9eee154e9cb8cec487b98d36ab - - - -] Could not load 'oslo_cache.memcache_pool': No module named 'memcache': ModuleNotFoundError: No module named 'memcache'[00m
2026-08-27 03:09:58.219 3276607 INFO oslo_service.periodic_task [None req-18cd3115-c644-41cc-b407-2e5eec3a455a fake_user 6a6a9c9eee154e9cb8cec487b98d36ab - - - -] Skipping periodic task _discover_hosts_in_cells because its interval is negative[00m
2026-08-27 03:09:58.227 3276651 INFO oslo_service.periodic_task [None req-d2207cce-e637-46e5-9f42-e411b9b18fad fake_user 6a6a9c9eee154e9cb8cec487b98d36ab - - - -] Skipping periodic task _discover_hosts_in_cells because its interval is negative[00m
2026-08-27 03:09:58.272 3276651 ERROR stevedore.extension [None req-d2207cce-e637-46e5-9f42-e411b9b18fad fake_user 6a6a9c9eee154e9cb8cec487b98d36ab - - - -] Could not load 'oslo_cache.memcache_pool': No module named 'memcache': ModuleNotFoundError: No module named 'memcache'[00m
2026-08-27 03:09:58.273 3276607 ERROR stevedore.extension [None req-18cd3115-c644-41cc-b407-2e5eec3a455a fake_user 6a6a9c9eee154e9cb8cec487b98d36ab - - - -] Could not load 'oslo_cache.memcache_pool': No module named 'memcache': ModuleNotFoundError: No module named 'memcache'[00m
Modules with known eventlet monkey patching issues were imported prior to eventlet monkey patching: urllib3, oslo_context.context. This warning can usually be ignored if the caller is only importing and not executing nova code.
2026-08-27 03:09:58.295 3276602 INFO oslo_service.periodic_task [None req-9074923c-1780-45e3-9a72-5c0537cc3e5b fake_user 6a6a9c9eee154e9cb8cec487b98d36ab - - - -] Skipping periodic task _discover_hosts_in_cells because its interval is negative[00m
2026-08-27 03:09:58.345 3276602 ERROR stevedore.extension [None req-9074923c-1780-45e3-9a72-5c0537cc3e5b fake_user 6a6a9c9eee154e9cb8cec487b98d36ab - - - -] Could not load 'oslo_cache.memcache_pool': No module named 'memcache': ModuleNotFoundError: No module named 'memcache'[00m
2026-08-27 03:09:58.372 3276656 INFO oslo_service.periodic_task [None req-6b1bb121-d749-40e2-8d89-0ac9d08e3bae fake_user 6a6a9c9eee154e9cb8cec487b98d36ab - - - -] Skipping periodic task _discover_hosts_in_cells because its interval is negative[00m
2026-08-27 03:09:58.374 3276614 INFO oslo_service.periodic_task [None req-2e75a564-2652-4c2f-b756-2cc878a8b90b fake_user 6a6a9c9eee154e9cb8cec487b98d36ab - - - -] Skipping periodic task _discover_hosts_in_cells because its interval is negative[00m
2026-08-27 03:09:58.403 3276614 ERROR stevedore.extension [None req-2e75a564-2652-4c2f-b756-2cc878a8b90b fake_user 6a6a9c9eee154e9cb8cec487b98d36ab - - - -] Could not load 'oslo_cache.memcache_pool': No module named 'memcache': ModuleNotFoundError: No module named 'memcache'[00m
2026-08-27 03:09:58.411 3276656 ERROR stevedore.extension [None req-6b1bb121-d749-40e2-8d89-0ac9d08e3bae fake_user 6a6a9c9eee154e9cb8cec487b98d36ab - - - -] Could not load 'oslo_cache.memcache_pool': No module named 'memcache': ModuleNotFoundError: No module named 'memcache'[00m
Modules with known eventlet monkey patching issues were imported prior to eventlet monkey patching: urllib3, oslo_context.context. This warning can usually be ignored if the caller is only importing and not executing nova code.
2026-08-27 03:09:58.502 3276711 INFO oslo_service.periodic_task [None req-336f4f8e-0e9d-434f-b331-b333e757ae94 fake_user 6a6a9c9eee154e9cb8cec487b98d36ab - - - -] Skipping periodic task _discover_hosts_in_cells because its interval is negative[00m
2026-08-27 03:09:58.549 3276711 ERROR stevedore.extension [None req-336f4f8e-0e9d-434f-b331-b333e757ae94 fake_user 6a6a9c9eee154e9cb8cec487b98d36ab - - - -] Could not load 'oslo_cache.memcache_pool': No module named 'memcache': ModuleNotFoundError: No module named 'memcache'[00m
2026-08-27 03:09:58.552 3276647 INFO oslo_service.periodic_task [None req-2143bb7c-363e-4471-9881-667218aafb81 fake_user 6a6a9c9eee154e9cb8cec487b98d36ab - - - -] Skipping periodic task _discover_hosts_in_cells because its interval is negative[00m
2026-08-27 03:09:58.567 3276664 INFO oslo_service.periodic_task [None req-b910ab65-88ad-4f60-b349-185f329f9ddb fake_user 6a6a9c9eee154e9cb8cec487b98d36ab - - - -] Skipping periodic task _discover_hosts_in_cells because its interval is negative[00m
2026-08-27 03:09:58.603 3276647 ERROR stevedore.extension [None req-2143bb7c-363e-4471-9881-667218aafb81 fake_user 6a6a9c9eee154e9cb8cec487b98d36ab - - - -] Could not load 'oslo_cache.memcache_pool': No module named 'memcache': ModuleNotFoundError: No module named 'memcache'[00m
2026-08-27 03:09:58.612 3276664 ERROR stevedore.extension [None req-b910ab65-88ad-4f60-b349-185f329f9ddb fake_user 6a6a9c9eee154e9cb8cec487b98d36ab - - - -] Could not load 'oslo_cache.memcache_pool': No module named 'memcache': ModuleNotFoundError: No module named 'memcache'[00m
Modules with known eventlet monkey patching issues were imported prior to eventlet monkey patching: urllib3, oslo_context.context. This warning can usually be ignored if the caller is only importing and not executing nova code.
2026-08-27 03:09:58.642 3276649 INFO oslo_service.periodic_task [None req-f59dc3cc-c7cd-4091-a25a-f3c13743bede fake_user 6a6a9c9eee154e9cb8cec487b98d36ab - - - -] Skipping periodic task _discover_hosts_in_cells because its interval is negative[00m
2026-08-27 03:09:58.676 3276640 INFO oslo_service.periodic_task [None req-2c53a154-56ba-4683-be29-913eee24153b fake_user 6a6a9c9eee154e9cb8cec487b98d36ab - - - -] Skipping periodic task _discover_hosts_in_cells because its interval is negative[00m
2026-08-27 03:09:58.691 3276649 ERROR stevedore.extension [None req-f59dc3cc-c7cd-4091-a25a-f3c13743bede fake_user 6a6a9c9eee154e9cb8cec487b98d36ab - - - -] Could not load 'oslo_cache.memcache_pool': No module named 'memcache': ModuleNotFoundError: No module named 'memcache'[00m
2026-08-27 03:09:58.721 3276640 ERROR stevedore.extension [None req-2c53a154-56ba-4683-be29-913eee24153b fake_user 6a6a9c9eee154e9cb8cec487b98d36ab - - - -] Could not load 'oslo_cache.memcache_pool': No module named 'memcache': ModuleNotFoundError: No module named 'memcache'[00m
2026-08-27 03:09:58.723 3276662 INFO oslo_service.periodic_task [None req-fd2ed5d1-cb0f-4ff6-bbaf-be8166d3ba90 fake_user 6a6a9c9eee154e9cb8cec487b98d36ab - - - -] Skipping periodic task _discover_hosts_in_cells because its interval is negative[00m
2026-08-27 03:09:58.777 3276662 ERROR stevedore.extension [None req-fd2ed5d1-cb0f-4ff6-bbaf-be8166d3ba90 fake_user 6a6a9c9eee154e9cb8cec487b98d36ab - - - -] Could not load 'oslo_cache.memcache_pool': No module named 'memcache': ModuleNotFoundError: No module named 'memcache'[00m
Modules with known eventlet monkey patching issues were imported prior to eventlet monkey patching: oslo_context.context, urllib3. This warning can usually be ignored if the caller is only importing and not executing nova code.
2026-08-27 03:09:58.840 3276604 INFO oslo_service.periodic_task [None req-5611079e-bec5-4571-85bf-175b7983725d fake_user 6a6a9c9eee154e9cb8cec487b98d36ab - - - -] Skipping periodic task _discover_hosts_in_cells because its interval is negative[00m
2026-08-27 03:09:58.867 3276654 INFO oslo_service.periodic_task [None req-03d92818-5823-41d0-aa26-bacd61b99388 fake_user 6a6a9c9eee154e9cb8cec487b98d36ab - - - -] Skipping periodic task _discover_hosts_in_cells because its interval is negative[00m
2026-08-27 03:09:58.861 3276644 INFO oslo_service.periodic_task [None req-f7fac7d0-4df4-4e59-b441-dcadc598cc25 fake_user 6a6a9c9eee154e9cb8cec487b98d36ab - - - -] Skipping periodic task _discover_hosts_in_cells because its interval is negative[00m
2026-08-27 03:09:58.903 3276604 ERROR stevedore.extension [None req-5611079e-bec5-4571-85bf-175b7983725d fake_user 6a6a9c9eee154e9cb8cec487b98d36ab - - - -] Could not load 'oslo_cache.memcache_pool': No module named 'memcache': ModuleNotFoundError: No module named 'memcache'[00m
2026-08-27 03:09:58.919 3276654 ERROR stevedore.extension [None req-03d92818-5823-41d0-aa26-bacd61b99388 fake_user 6a6a9c9eee154e9cb8cec487b98d36ab - - - -] Could not load 'oslo_cache.memcache_pool': No module named 'memcache': ModuleNotFoundError: No module named 'memcache'[00m
2026-08-27 03:09:58.969 3276644 ERROR stevedore.extension [None req-f7fac7d0-4df4-4e59-b441-dcadc598cc25 fake_user 6a6a9c9eee154e9cb8cec487b98d36ab - - - -] Could not load 'oslo_cache.memcache_pool': No module named 'memcache': ModuleNotFoundError: No module named 'memcache'[00m
2026-08-27 03:09:58.972 3276635 INFO oslo_service.periodic_task [None req-1b2f403b-2431-4056-ac2e-073596f6c42b fake_user 6a6a9c9eee154e9cb8cec487b98d36ab - - - -] Skipping periodic task _discover_hosts_in_cells because its interval is negative[00m
2026-08-27 03:09:59.019 3276659 INFO oslo_service.periodic_task [None req-d7b12631-9705-4313-ab87-26c9e4aed9c2 fake_user 6a6a9c9eee154e9cb8cec487b98d36ab - - - -] Skipping periodic task _discover_hosts_in_cells because its interval is negative[00m
2026-08-27 03:09:59.020 3276605 INFO oslo_service.periodic_task [None req-fc3db1d4-b85b-4de7-814e-7a0e81ded848 fake_user 6a6a9c9eee154e9cb8cec487b98d36ab - - - -] Skipping periodic task _discover_hosts_in_cells because its interval is negative[00m
2026-08-27 03:09:59.040 3276635 ERROR stevedore.extension [None req-1b2f403b-2431-4056-ac2e-073596f6c42b fake_user 6a6a9c9eee154e9cb8cec487b98d36ab - - - -] Could not load 'oslo_cache.memcache_pool': No module named 'memcache': ModuleNotFoundError: No module named 'memcache'[00m
2026-08-27 03:09:59.037 3276779 INFO oslo_service.periodic_task [None req-6d699d26-ebbc-4322-9a3f-30fa1590c3d7 fake_user 6a6a9c9eee154e9cb8cec487b98d36ab - - - -] Skipping periodic task _discover_hosts_in_cells because its interval is negative[00m
2026-08-27 03:09:59.082 3276779 ERROR stevedore.extension [None req-6d699d26-ebbc-4322-9a3f-30fa1590c3d7 fake_user 6a6a9c9eee154e9cb8cec487b98d36ab - - - -] Could not load 'oslo_cache.memcache_pool': No module named 'memcache': ModuleNotFoundError: No module named 'memcache'[00m
2026-08-27 03:09:59.084 3276639 INFO oslo_service.periodic_task [None req-e8854024-ac73-47ee-979d-2da54bbff163 fake_user 6a6a9c9eee154e9cb8cec487b98d36ab - - - -] Skipping periodic task _discover_hosts_in_cells because its interval is negative[00m
2026-08-27 03:09:59.081 3276652 INFO oslo_service.periodic_task [None req-d948abb3-1e85-4ae6-aabd-3f7831b68eee fake_user 6a6a9c9eee154e9cb8cec487b98d36ab - - - -] Skipping periodic task _discover_hosts_in_cells because its interval is negative[00m
2026-08-27 03:09:59.093 3276642 INFO oslo_service.periodic_task [None req-d88fb70c-7775-442f-aed5-4d5948f0e2ee fake_user 6a6a9c9eee154e9cb8cec487b98d36ab - - - -] Skipping periodic task _discover_hosts_in_cells because its interval is negative[00m
2026-08-27 03:09:59.109 3276659 ERROR stevedore.extension [None req-d7b12631-9705-4313-ab87-26c9e4aed9c2 fake_user 6a6a9c9eee154e9cb8cec487b98d36ab - - - -] Could not load 'oslo_cache.memcache_pool': No module named 'memcache': ModuleNotFoundError: No module named 'memcache'[00m
2026-08-27 03:09:59.144 3276639 ERROR stevedore.extension [None req-e8854024-ac73-47ee-979d-2da54bbff163 fake_user 6a6a9c9eee154e9cb8cec487b98d36ab - - - -] Could not load 'oslo_cache.memcache_pool': No module named 'memcache': ModuleNotFoundError: No module named 'memcache'[00m
2026-08-27 03:09:59.150 3276642 ERROR stevedore.extension [None req-d88fb70c-7775-442f-aed5-4d5948f0e2ee fake_user 6a6a9c9eee154e9cb8cec487b98d36ab - - - -] Could not load 'oslo_cache.memcache_pool': No module named 'memcache': ModuleNotFoundError: No module named 'memcache'[00m
2026-08-27 03:09:59.172 3276663 INFO oslo_service.periodic_task [None req-b6e8b5aa-afb4-4d2f-8746-bed339d3bef5 fake_user 6a6a9c9eee154e9cb8cec487b98d36ab - - - -] Skipping periodic task _discover_hosts_in_cells because its interval is negative[00m
2026-08-27 03:09:59.187 3276634 INFO oslo_service.periodic_task [None req-1282c1f6-468f-41ee-876f-17a5f036d785 fake_user 6a6a9c9eee154e9cb8cec487b98d36ab - - - -] Skipping periodic task _discover_hosts_in_cells because its interval is negative[00m
2026-08-27 03:09:59.194 3276605 ERROR stevedore.extension [None req-fc3db1d4-b85b-4de7-814e-7a0e81ded848 fake_user 6a6a9c9eee154e9cb8cec487b98d36ab - - - -] Could not load 'oslo_cache.memcache_pool': No module named 'memcache': ModuleNotFoundError: No module named 'memcache'[00m
2026-08-27 03:09:59.200 3276710 INFO oslo_service.periodic_task [None req-053b55f6-7b57-4baa-a06a-d626a99a69b4 fake_user 6a6a9c9eee154e9cb8cec487b98d36ab - - - -] Skipping periodic task _discover_hosts_in_cells because its interval is negative[00m
2026-08-27 03:09:59.211 3276712 INFO oslo_service.periodic_task [None req-bd3765cb-fe16-4773-9ea4-1ecb83fe73c0 fake_user 6a6a9c9eee154e9cb8cec487b98d36ab - - - -] Skipping periodic task _discover_hosts_in_cells because its interval is negative[00m
2026-08-27 03:09:59.223 3276663 ERROR stevedore.extension [None req-b6e8b5aa-afb4-4d2f-8746-bed339d3bef5 fake_user 6a6a9c9eee154e9cb8cec487b98d36ab - - - -] Could not load 'oslo_cache.memcache_pool': No module named 'memcache': ModuleNotFoundError: No module named 'memcache'[00m
2026-08-27 03:09:59.235 3276634 ERROR stevedore.extension [None req-1282c1f6-468f-41ee-876f-17a5f036d785 fake_user 6a6a9c9eee154e9cb8cec487b98d36ab - - - -] Could not load 'oslo_cache.memcache_pool': No module named 'memcache': ModuleNotFoundError: No module named 'memcache'[00m
2026-08-27 03:09:59.244 3276603 INFO oslo_service.periodic_task [None req-4cbb7bda-ee5d-4d72-ac78-3a262d8f9b2f fake_user 6a6a9c9eee154e9cb8cec487b98d36ab - - - -] Skipping periodic task _discover_hosts_in_cells because its interval is negative[00m
2026-08-27 03:09:59.250 3276710 ERROR stevedore.extension [None req-053b55f6-7b57-4baa-a06a-d626a99a69b4 fake_user 6a6a9c9eee154e9cb8cec487b98d36ab - - - -] Could not load 'oslo_cache.memcache_pool': No module named 'memcache': ModuleNotFoundError: No module named 'memcache'[00m
2026-08-27 03:09:59.261 3276712 ERROR stevedore.extension [None req-bd3765cb-fe16-4773-9ea4-1ecb83fe73c0 fake_user 6a6a9c9eee154e9cb8cec487b98d36ab - - - -] Could not load 'oslo_cache.memcache_pool': No module named 'memcache': ModuleNotFoundError: No module named 'memcache'[00m
2026-08-27 03:09:59.277 3276652 ERROR stevedore.extension [None req-d948abb3-1e85-4ae6-aabd-3f7831b68eee fake_user 6a6a9c9eee154e9cb8cec487b98d36ab - - - -] Could not load 'oslo_cache.memcache_pool': No module named 'memcache': ModuleNotFoundError: No module named 'memcache'[00m
2026-08-27 03:09:59.272 3276726 INFO oslo_service.periodic_task [None req-2bb89379-7b29-4062-a1d5-cda3df8ef9a1 fake_user 6a6a9c9eee154e9cb8cec487b98d36ab - - - -] Skipping periodic task _discover_hosts_in_cells because its interval is negative[00m
2026-08-27 03:09:59.284 3276646 INFO oslo_service.periodic_task [None req-5ef009fa-458b-468a-8a71-776fe61e1247 fake_user 6a6a9c9eee154e9cb8cec487b98d36ab - - - -] Skipping periodic task _discover_hosts_in_cells because its interval is negative[00m
2026-08-27 03:09:59.293 3276733 INFO oslo_service.periodic_task [None req-3e0e3bdd-ef78-47bd-a8a9-20395f121fb3 fake_user 6a6a9c9eee154e9cb8cec487b98d36ab - - - -] Skipping periodic task _discover_hosts_in_cells because its interval is negative[00m
2026-08-27 03:09:59.294 3276657 INFO oslo_service.periodic_task [None req-263834c0-21f9-4696-9c32-5d87bc7fbfac fake_user 6a6a9c9eee154e9cb8cec487b98d36ab - - - -] Skipping periodic task _discover_hosts_in_cells because its interval is negative[00m
2026-08-27 03:09:59.300 3276603 ERROR stevedore.extension [None req-4cbb7bda-ee5d-4d72-ac78-3a262d8f9b2f fake_user 6a6a9c9eee154e9cb8cec487b98d36ab - - - -] Could not load 'oslo_cache.memcache_pool': No module named 'memcache': ModuleNotFoundError: No module named 'memcache'[00m
2026-08-27 03:09:59.312 3276731 INFO oslo_service.periodic_task [None req-4e386ff8-37c1-4505-b92d-49710d9d443b fake_user 6a6a9c9eee154e9cb8cec487b98d36ab - - - -] Skipping periodic task _discover_hosts_in_cells because its interval is negative[00m
2026-08-27 03:09:59.319 3276726 ERROR stevedore.extension [None req-2bb89379-7b29-4062-a1d5-cda3df8ef9a1 fake_user 6a6a9c9eee154e9cb8cec487b98d36ab - - - -] Could not load 'oslo_cache.memcache_pool': No module named 'memcache': ModuleNotFoundError: No module named 'memcache'[00m
2026-08-27 03:09:59.339 3276657 ERROR stevedore.extension [None req-263834c0-21f9-4696-9c32-5d87bc7fbfac fake_user 6a6a9c9eee154e9cb8cec487b98d36ab - - - -] Could not load 'oslo_cache.memcache_pool': No module named 'memcache': ModuleNotFoundError: No module named 'memcache'[00m
2026-08-27 03:09:59.337 3276646 ERROR stevedore.extension [None req-5ef009fa-458b-468a-8a71-776fe61e1247 fake_user 6a6a9c9eee154e9cb8cec487b98d36ab - - - -] Could not load 'oslo_cache.memcache_pool': No module named 'memcache': ModuleNotFoundError: No module named 'memcache'[00m
2026-08-27 03:09:59.350 3276731 ERROR stevedore.extension [None req-4e386ff8-37c1-4505-b92d-49710d9d443b fake_user 6a6a9c9eee154e9cb8cec487b98d36ab - - - -] Could not load 'oslo_cache.memcache_pool': No module named 'memcache': ModuleNotFoundError: No module named 'memcache'[00m
2026-08-27 03:09:59.350 3276718 INFO oslo_service.periodic_task [None req-1c29ed0e-f691-45bf-8afa-5fe2270cd49c fake_user 6a6a9c9eee154e9cb8cec487b98d36ab - - - -] Skipping periodic task _discover_hosts_in_cells because its interval is negative[00m
2026-08-27 03:09:59.361 3276733 ERROR stevedore.extension [None req-3e0e3bdd-ef78-47bd-a8a9-20395f121fb3 fake_user 6a6a9c9eee154e9cb8cec487b98d36ab - - - -] Could not load 'oslo_cache.memcache_pool': No module named 'memcache': ModuleNotFoundError: No module named 'memcache'[00m
2026-08-27 03:09:59.388 3276671 INFO oslo_service.periodic_task [None req-97e825d8-3dc7-416a-a08b-f840fb9ef8ce fake_user 6a6a9c9eee154e9cb8cec487b98d36ab - - - -] Skipping periodic task _discover_hosts_in_cells because its interval is negative[00m
2026-08-27 03:09:59.397 3276738 INFO oslo_service.periodic_task [None req-b5aea5d7-539c-4eaf-aea0-8ba938c2b27e fake_user 6a6a9c9eee154e9cb8cec487b98d36ab - - - -] Skipping periodic task _discover_hosts_in_cells because its interval is negative[00m
2026-08-27 03:09:59.400 3276606 INFO oslo_service.periodic_task [None req-982c2c1a-01d0-49ab-bbbd-0bb07dbc2182 fake_user 6a6a9c9eee154e9cb8cec487b98d36ab - - - -] Skipping periodic task _discover_hosts_in_cells because its interval is negative[00m
2026-08-27 03:09:59.403 3276718 ERROR stevedore.extension [None req-1c29ed0e-f691-45bf-8afa-5fe2270cd49c fake_user 6a6a9c9eee154e9cb8cec487b98d36ab - - - -] Could not load 'oslo_cache.memcache_pool': No module named 'memcache': ModuleNotFoundError: No module named 'memcache'[00m
2026-08-27 03:09:59.412 3276742 INFO oslo_service.periodic_task [None req-f8c37452-86ea-43fe-9d7c-6ac0abff5942 fake_user 6a6a9c9eee154e9cb8cec487b98d36ab - - - -] Skipping periodic task _discover_hosts_in_cells because its interval is negative[00m
2026-08-27 03:09:59.438 3276734 INFO oslo_service.periodic_task [None req-455e7ea9-cd0a-40aa-bc1b-ff58c5b69a30 fake_user 6a6a9c9eee154e9cb8cec487b98d36ab - - - -] Skipping periodic task _discover_hosts_in_cells because its interval is negative[00m
2026-08-27 03:09:59.449 3276738 ERROR stevedore.extension [None req-b5aea5d7-539c-4eaf-aea0-8ba938c2b27e fake_user 6a6a9c9eee154e9cb8cec487b98d36ab - - - -] Could not load 'oslo_cache.memcache_pool': No module named 'memcache': ModuleNotFoundError: No module named 'memcache'[00m
2026-08-27 03:09:59.455 3276671 ERROR stevedore.extension [None req-97e825d8-3dc7-416a-a08b-f840fb9ef8ce fake_user 6a6a9c9eee154e9cb8cec487b98d36ab - - - -] Could not load 'oslo_cache.memcache_pool': No module named 'memcache': ModuleNotFoundError: No module named 'memcache'[00m
2026-08-27 03:09:59.453 3276606 ERROR stevedore.extension [None req-982c2c1a-01d0-49ab-bbbd-0bb07dbc2182 fake_user 6a6a9c9eee154e9cb8cec487b98d36ab - - - -] Could not load 'oslo_cache.memcache_pool': No module named 'memcache': ModuleNotFoundError: No module named 'memcache'[00m
2026-08-27 03:09:59.460 3276742 ERROR stevedore.extension [None req-f8c37452-86ea-43fe-9d7c-6ac0abff5942 fake_user 6a6a9c9eee154e9cb8cec487b98d36ab - - - -] Could not load 'oslo_cache.memcache_pool': No module named 'memcache': ModuleNotFoundError: No module named 'memcache'[00m
2026-08-27 03:09:59.483 3276734 ERROR stevedore.extension [None req-455e7ea9-cd0a-40aa-bc1b-ff58c5b69a30 fake_user 6a6a9c9eee154e9cb8cec487b98d36ab - - - -] Could not load 'oslo_cache.memcache_pool': No module named 'memcache': ModuleNotFoundError: No module named 'memcache'[00m
2026-08-27 03:09:59.485 3276745 INFO oslo_service.periodic_task [None req-e8571bc6-0e47-462d-b69d-e4d262259649 fake_user 6a6a9c9eee154e9cb8cec487b98d36ab - - - -] Skipping periodic task _discover_hosts_in_cells because its interval is negative[00m
2026-08-27 03:09:59.491 3276747 INFO oslo_service.periodic_task [None req-d605f495-0c7f-4adc-b225-e10c9fc171ff fake_user 6a6a9c9eee154e9cb8cec487b98d36ab - - - -] Skipping periodic task _discover_hosts_in_cells because its interval is negative[00m
2026-08-27 03:09:59.494 3276633 INFO oslo_service.periodic_task [None req-c3cb4a84-d736-4b33-85be-4f2eed61d4a8 fake_user 6a6a9c9eee154e9cb8cec487b98d36ab - - - -] Skipping periodic task _discover_hosts_in_cells because its interval is negative[00m
2026-08-27 03:09:59.535 3276745 ERROR stevedore.extension [None req-e8571bc6-0e47-462d-b69d-e4d262259649 fake_user 6a6a9c9eee154e9cb8cec487b98d36ab - - - -] Could not load 'oslo_cache.memcache_pool': No module named 'memcache': ModuleNotFoundError: No module named 'memcache'[00m
2026-08-27 03:09:59.537 3276633 ERROR stevedore.extension [None req-c3cb4a84-d736-4b33-85be-4f2eed61d4a8 fake_user 6a6a9c9eee154e9cb8cec487b98d36ab - - - -] Could not load 'oslo_cache.memcache_pool': No module named 'memcache': ModuleNotFoundError: No module named 'memcache'[00m
2026-08-27 03:09:59.546 3276747 ERROR stevedore.extension [None req-d605f495-0c7f-4adc-b225-e10c9fc171ff fake_user 6a6a9c9eee154e9cb8cec487b98d36ab - - - -] Could not load 'oslo_cache.memcache_pool': No module named 'memcache': ModuleNotFoundError: No module named 'memcache'[00m
2026-08-27 03:09:59.546 3276720 INFO oslo_service.periodic_task [None req-dc87687f-80a0-4ad6-8cda-3a89a98ed50d fake_user 6a6a9c9eee154e9cb8cec487b98d36ab - - - -] Skipping periodic task _discover_hosts_in_cells because its interval is negative[00m
2026-08-27 03:09:59.558 3276660 INFO oslo_service.periodic_task [None req-a189246f-1838-4196-b029-ceb772fde220 fake_user 6a6a9c9eee154e9cb8cec487b98d36ab - - - -] Skipping periodic task _discover_hosts_in_cells because its interval is negative[00m
2026-08-27 03:09:59.594 3276720 ERROR stevedore.extension [None req-dc87687f-80a0-4ad6-8cda-3a89a98ed50d fake_user 6a6a9c9eee154e9cb8cec487b98d36ab - - - -] Could not load 'oslo_cache.memcache_pool': No module named 'memcache': ModuleNotFoundError: No module named 'memcache'[00m
2026-08-27 03:09:59.609 3276660 ERROR stevedore.extension [None req-a189246f-1838-4196-b029-ceb772fde220 fake_user 6a6a9c9eee154e9cb8cec487b98d36ab - - - -] Could not load 'oslo_cache.memcache_pool': No module named 'memcache': ModuleNotFoundError: No module named 'memcache'[00m
2026-08-27 03:09:59.661 3276714 INFO oslo_service.periodic_task [None req-be607e40-7d40-4e8e-bbc7-b70c15068104 fake_user 6a6a9c9eee154e9cb8cec487b98d36ab - - - -] Skipping periodic task _discover_hosts_in_cells because its interval is negative[00m
2026-08-27 03:09:59.706 3276626 INFO oslo_service.periodic_task [None req-b9c2c0b9-817b-4ac4-a194-b1d732b0fc81 fake_user 6a6a9c9eee154e9cb8cec487b98d36ab - - - -] Skipping periodic task _discover_hosts_in_cells because its interval is negative[00m
2026-08-27 03:09:59.709 3276722 INFO oslo_service.periodic_task [None req-ff53ce52-7006-42c6-8a19-a67faa68b5f2 fake_user 6a6a9c9eee154e9cb8cec487b98d36ab - - - -] Skipping periodic task _discover_hosts_in_cells because its interval is negative[00m
2026-08-27 03:09:59.710 3276714 ERROR stevedore.extension [None req-be607e40-7d40-4e8e-bbc7-b70c15068104 fake_user 6a6a9c9eee154e9cb8cec487b98d36ab - - - -] Could not load 'oslo_cache.memcache_pool': No module named 'memcache': ModuleNotFoundError: No module named 'memcache'[00m
2026-08-27 03:09:59.719 3276763 INFO oslo_service.periodic_task [None req-c6d1891f-4367-4d48-afbf-99f7b0a20cee fake_user 6a6a9c9eee154e9cb8cec487b98d36ab - - - -] Skipping periodic task _discover_hosts_in_cells because its interval is negative[00m
2026-08-27 03:09:59.722 3276661 INFO oslo_service.periodic_task [None req-36e27b65-e39e-4d8e-992a-0c835300dbe8 fake_user 6a6a9c9eee154e9cb8cec487b98d36ab - - - -] Skipping periodic task _discover_hosts_in_cells because its interval is negative[00m
{51} nova.tests.unit.scheduler.client.test_report.TestProviderOperations.test_ensure_resource_provider_get [0.489658s] ... ok
2026-08-27 03:09:59.742 3276759 INFO oslo_service.periodic_task [None req-1a56e5c7-c9e3-4eeb-98ee-b59630b2fb26 fake_user 6a6a9c9eee154e9cb8cec487b98d36ab - - - -] Skipping periodic task _discover_hosts_in_cells because its interval is negative[00m
2026-08-27 03:09:59.753 3276661 ERROR stevedore.extension [None req-36e27b65-e39e-4d8e-992a-0c835300dbe8 fake_user 6a6a9c9eee154e9cb8cec487b98d36ab - - - -] Could not load 'oslo_cache.memcache_pool': No module named 'memcache': ModuleNotFoundError: No module named 'memcache'[00m
2026-08-27 03:09:59.747 3276756 INFO oslo_service.periodic_task [None req-0c7bad01-bfe7-4fa0-85a3-3dc64007e0d1 fake_user 6a6a9c9eee154e9cb8cec487b98d36ab - - - -] Skipping periodic task _discover_hosts_in_cells because its interval is negative[00m
2026-08-27 03:09:59.754 3276727 INFO oslo_service.periodic_task [None req-0a7f19a0-5541-4a13-a45f-9709499d6085 fake_user 6a6a9c9eee154e9cb8cec487b98d36ab - - - -] Skipping periodic task _discover_hosts_in_cells because its interval is negative[00m
{7} nova.tests.unit.scheduler.client.test_report.TestAggregateAddRemoveHost.test_aggregate_add_host_no_host_name_or_rp_uuid [0.421022s] ... ok
2026-08-27 03:09:59.766 3276722 ERROR stevedore.extension [None req-ff53ce52-7006-42c6-8a19-a67faa68b5f2 fake_user 6a6a9c9eee154e9cb8cec487b98d36ab - - - -] Could not load 'oslo_cache.memcache_pool': No module named 'memcache': ModuleNotFoundError: No module named 'memcache'[00m
2026-08-27 03:09:59.768 3276763 ERROR stevedore.extension [None req-c6d1891f-4367-4d48-afbf-99f7b0a20cee fake_user 6a6a9c9eee154e9cb8cec487b98d36ab - - - -] Could not load 'oslo_cache.memcache_pool': No module named 'memcache': ModuleNotFoundError: No module named 'memcache'[00m
2026-08-27 03:09:59.774 3276715 INFO oslo_service.periodic_task [None req-24cccc72-429a-4538-873b-c59a32277da3 fake_user 6a6a9c9eee154e9cb8cec487b98d36ab - - - -] Skipping periodic task _discover_hosts_in_cells because its interval is negative[00m
2026-08-27 03:09:59.796 3276756 ERROR stevedore.extension [None req-0c7bad01-bfe7-4fa0-85a3-3dc64007e0d1 fake_user 6a6a9c9eee154e9cb8cec487b98d36ab - - - -] Could not load 'oslo_cache.memcache_pool': No module named 'memcache': ModuleNotFoundError: No module named 'memcache'[00m
2026-08-27 03:09:59.803 3276727 ERROR stevedore.extension [None req-0a7f19a0-5541-4a13-a45f-9709499d6085 fake_user 6a6a9c9eee154e9cb8cec487b98d36ab - - - -] Could not load 'oslo_cache.memcache_pool': No module named 'memcache': ModuleNotFoundError: No module named 'memcache'[00m
{15} nova.tests.unit.scheduler.client.test_report.TestPutAllocations.test_put_allocations_retry_gives_up [0.548532s] ... ok
2026-08-27 03:09:59.822 3276626 ERROR stevedore.extension [None req-b9c2c0b9-817b-4ac4-a194-b1d732b0fc81 fake_user 6a6a9c9eee154e9cb8cec487b98d36ab - - - -] Could not load 'oslo_cache.memcache_pool': No module named 'memcache': ModuleNotFoundError: No module named 'memcache'[00m
2026-08-27 03:09:59.842 3276666 INFO oslo_service.periodic_task [None req-e44015b2-1889-44be-949e-d719bea2db0e fake_user 6a6a9c9eee154e9cb8cec487b98d36ab - - - -] Skipping periodic task _discover_hosts_in_cells because its interval is negative[00m
2026-08-27 03:09:59.850 3276759 ERROR stevedore.extension [None req-1a56e5c7-c9e3-4eeb-98ee-b59630b2fb26 fake_user 6a6a9c9eee154e9cb8cec487b98d36ab - - - -] Could not load 'oslo_cache.memcache_pool': No module named 'memcache': ModuleNotFoundError: No module named 'memcache'[00m
2026-08-27 03:09:59.858 3276773 INFO oslo_service.periodic_task [None req-41cfc87d-13c5-4bdd-a7ef-ec251a71ecfb fake_user 6a6a9c9eee154e9cb8cec487b98d36ab - - - -] Skipping periodic task _discover_hosts_in_cells because its interval is negative[00m
2026-08-27 03:09:59.864 3276676 INFO oslo_service.periodic_task [None req-a5ff1181-026c-4bc2-ae86-05ac494f5331 fake_user 6a6a9c9eee154e9cb8cec487b98d36ab - - - -] Skipping periodic task _discover_hosts_in_cells because its interval is negative[00m
2026-08-27 03:09:59.861 3276637 INFO oslo_service.periodic_task [None req-46b159a9-d345-4bf2-9aef-d3d6c6e26357 fake_user 6a6a9c9eee154e9cb8cec487b98d36ab - - - -] Skipping periodic task _discover_hosts_in_cells because its interval is negative[00m
2026-08-27 03:09:59.867 3276643 INFO oslo_service.periodic_task [None req-5408cd04-4292-4b9b-a6df-78561e500212 fake_user 6a6a9c9eee154e9cb8cec487b98d36ab - - - -] Skipping periodic task _discover_hosts_in_cells because its interval is negative[00m
{33} nova.tests.unit.scheduler.client.test_report.TestProviderOperations.test_create_resource_provider_concurrent_create [0.397473s] ... ok
2026-08-27 03:09:59.895 3276716 INFO oslo_service.periodic_task [None req-419a35db-ce0a-457d-94f6-330256484d1a fake_user 6a6a9c9eee154e9cb8cec487b98d36ab - - - -] Skipping periodic task _discover_hosts_in_cells because its interval is negative[00m
2026-08-27 03:09:59.892 3276666 ERROR stevedore.extension [None req-e44015b2-1889-44be-949e-d719bea2db0e fake_user 6a6a9c9eee154e9cb8cec487b98d36ab - - - -] Could not load 'oslo_cache.memcache_pool': No module named 'memcache': ModuleNotFoundError: No module named 'memcache'[00m
2026-08-27 03:09:59.900 3276715 ERROR stevedore.extension [None req-24cccc72-429a-4538-873b-c59a32277da3 fake_user 6a6a9c9eee154e9cb8cec487b98d36ab - - - -] Could not load 'oslo_cache.memcache_pool': No module named 'memcache': ModuleNotFoundError: No module named 'memcache'[00m
2026-08-27 03:09:59.913 3276676 ERROR stevedore.extension [None req-a5ff1181-026c-4bc2-ae86-05ac494f5331 fake_user 6a6a9c9eee154e9cb8cec487b98d36ab - - - -] Could not load 'oslo_cache.memcache_pool': No module named 'memcache': ModuleNotFoundError: No module named 'memcache'[00m
2026-08-27 03:09:59.915 3276637 ERROR stevedore.extension [None req-46b159a9-d345-4bf2-9aef-d3d6c6e26357 fake_user 6a6a9c9eee154e9cb8cec487b98d36ab - - - -] Could not load 'oslo_cache.memcache_pool': No module named 'memcache': ModuleNotFoundError: No module named 'memcache'[00m
{0} nova.tests.unit.scheduler.client.test_report.TestProviderOperations.test_get_resource_provider_name_from_cache [0.531675s] ... ok
2026-08-27 03:09:59.919 3276643 ERROR stevedore.extension [None req-5408cd04-4292-4b9b-a6df-78561e500212 fake_user 6a6a9c9eee154e9cb8cec487b98d36ab - - - -] Could not load 'oslo_cache.memcache_pool': No module named 'memcache': ModuleNotFoundError: No module named 'memcache'[00m
2026-08-27 03:09:59.920 3276725 INFO oslo_service.periodic_task [None req-ef5c79fe-dc6b-476b-b1c0-05a6595ea46c fake_user 6a6a9c9eee154e9cb8cec487b98d36ab - - - -] Skipping periodic task _discover_hosts_in_cells because its interval is negative[00m
2026-08-27 03:09:59.918 3276788 INFO oslo_service.periodic_task [None req-905f31ef-482f-4b2c-9e34-b872aab6f961 fake_user 6a6a9c9eee154e9cb8cec487b98d36ab - - - -] Skipping periodic task _discover_hosts_in_cells because its interval is negative[00m
2026-08-27 03:09:59.923 3276773 ERROR stevedore.extension [None req-41cfc87d-13c5-4bdd-a7ef-ec251a71ecfb fake_user 6a6a9c9eee154e9cb8cec487b98d36ab - - - -] Could not load 'oslo_cache.memcache_pool': No module named 'memcache': ModuleNotFoundError: No module named 'memcache'[00m
2026-08-27 03:09:59.926 3276755 INFO oslo_service.periodic_task [None req-7e357006-97ff-4f27-9d41-00afd6e00463 fake_user 6a6a9c9eee154e9cb8cec487b98d36ab - - - -] Skipping periodic task _discover_hosts_in_cells because its interval is negative[00m
2026-08-27 03:09:59.934 3276723 INFO oslo_service.periodic_task [None req-b6d6c07c-081b-472f-8cf4-7cc79052ab8f fake_user 6a6a9c9eee154e9cb8cec487b98d36ab - - - -] Skipping periodic task _discover_hosts_in_cells because its interval is negative[00m
2026-08-27 03:09:59.939 3276783 INFO oslo_service.periodic_task [None req-4bfe684f-d1ae-4d0d-9fe1-c10fb065c5a8 fake_user 6a6a9c9eee154e9cb8cec487b98d36ab - - - -] Skipping periodic task _discover_hosts_in_cells because its interval is negative[00m
2026-08-27 03:09:59.947 3276762 INFO oslo_service.periodic_task [None req-6a80ff5f-8ec2-48e9-aaa8-0904ddb5c933 fake_user 6a6a9c9eee154e9cb8cec487b98d36ab - - - -] Skipping periodic task _discover_hosts_in_cells because its interval is negative[00m
2026-08-27 03:09:59.961 3276645 INFO oslo_service.periodic_task [None req-8399ce7c-6a45-4fe3-af75-d122220c24f7 fake_user 6a6a9c9eee154e9cb8cec487b98d36ab - - - -] Skipping periodic task _discover_hosts_in_cells because its interval is negative[00m
2026-08-27 03:09:59.963 3276788 ERROR stevedore.extension [None req-905f31ef-482f-4b2c-9e34-b872aab6f961 fake_user 6a6a9c9eee154e9cb8cec487b98d36ab - - - -] Could not load 'oslo_cache.memcache_pool': No module named 'memcache': ModuleNotFoundError: No module named 'memcache'[00m
{41} nova.tests.unit.scheduler.client.test_report.TestProviderOperations.test_get_resource_provider_not_found [0.368763s] ... ok
{29} nova.tests.unit.scheduler.client.test_report.TestMoveAllocations.test_url_microversion [0.691664s] ... ok
2026-08-27 03:09:59.965 3276725 ERROR stevedore.extension [None req-ef5c79fe-dc6b-476b-b1c0-05a6595ea46c fake_user 6a6a9c9eee154e9cb8cec487b98d36ab - - - -] Could not load 'oslo_cache.memcache_pool': No module named 'memcache': ModuleNotFoundError: No module named 'memcache'[00m
2026-08-27 03:09:59.966 3276716 ERROR stevedore.extension [None req-419a35db-ce0a-457d-94f6-330256484d1a fake_user 6a6a9c9eee154e9cb8cec487b98d36ab - - - -] Could not load 'oslo_cache.memcache_pool': No module named 'memcache': ModuleNotFoundError: No module named 'memcache'[00m
{0} nova.tests.unit.scheduler.client.test_report.TestPutAllocations.test_put_allocations_fail_due_to_consumer_generation_conflict [0.059778s] ... ok
2026-08-27 03:09:59.986 3276723 ERROR stevedore.extension [None req-b6d6c07c-081b-472f-8cf4-7cc79052ab8f fake_user 6a6a9c9eee154e9cb8cec487b98d36ab - - - -] Could not load 'oslo_cache.memcache_pool': No module named 'memcache': ModuleNotFoundError: No module named 'memcache'[00m
2026-08-27 03:09:59.987 3276755 ERROR stevedore.extension [None req-7e357006-97ff-4f27-9d41-00afd6e00463 fake_user 6a6a9c9eee154e9cb8cec487b98d36ab - - - -] Could not load 'oslo_cache.memcache_pool': No module named 'memcache': ModuleNotFoundError: No module named 'memcache'[00m
2026-08-27 03:09:59.987 3276707 INFO oslo_service.periodic_task [None req-1d7f801b-6f96-4036-acf4-56a79c1b2a15 fake_user 6a6a9c9eee154e9cb8cec487b98d36ab - - - -] Skipping periodic task _discover_hosts_in_cells because its interval is negative[00m
2026-08-27 03:09:59.988 3276783 ERROR stevedore.extension [None req-4bfe684f-d1ae-4d0d-9fe1-c10fb065c5a8 fake_user 6a6a9c9eee154e9cb8cec487b98d36ab - - - -] Could not load 'oslo_cache.memcache_pool': No module named 'memcache': ModuleNotFoundError: No module named 'memcache'[00m
2026-08-27 03:09:59.997 3276648 INFO oslo_service.periodic_task [None req-5100c349-e882-4add-9a0f-e24a7609da9d fake_user 6a6a9c9eee154e9cb8cec487b98d36ab - - - -] Skipping periodic task _discover_hosts_in_cells because its interval is negative[00m
{58} nova.tests.unit.scheduler.client.test_report.TestAggregateAddRemoveHost.test_aggregate_remove_host_success_no_existing [0.478933s] ... ok
2026-08-27 03:10:00.008 3276789 INFO oslo_service.periodic_task [None req-f9eaa740-6287-480f-b0f3-d176bbffbc0e fake_user 6a6a9c9eee154e9cb8cec487b98d36ab - - - -] Skipping periodic task _discover_hosts_in_cells because its interval is negative[00m
2026-08-27 03:10:00.011 3276645 ERROR stevedore.extension [None req-8399ce7c-6a45-4fe3-af75-d122220c24f7 fake_user 6a6a9c9eee154e9cb8cec487b98d36ab - - - -] Could not load 'oslo_cache.memcache_pool': No module named 'memcache': ModuleNotFoundError: No module named 'memcache'[00m
2026-08-27 03:10:00.013 3276724 INFO oslo_service.periodic_task [None req-df0e0803-85ff-45be-af6c-d36924cfe72e fake_user 6a6a9c9eee154e9cb8cec487b98d36ab - - - -] Skipping periodic task _discover_hosts_in_cells because its interval is negative[00m
2026-08-27 03:10:00.030 3276787 INFO oslo_service.periodic_task [None req-4f688cdd-2378-4128-a1e4-78e37ee4e25f fake_user 6a6a9c9eee154e9cb8cec487b98d36ab - - - -] Skipping periodic task _discover_hosts_in_cells because its interval is negative[00m
2026-08-27 03:10:00.040 3276707 ERROR stevedore.extension [None req-1d7f801b-6f96-4036-acf4-56a79c1b2a15 fake_user 6a6a9c9eee154e9cb8cec487b98d36ab - - - -] Could not load 'oslo_cache.memcache_pool': No module named 'memcache': ModuleNotFoundError: No module named 'memcache'[00m
2026-08-27 03:10:00.044 3276689 INFO oslo_service.periodic_task [None req-e2142a26-05f9-444a-93f1-3fc7f8e39490 fake_user 6a6a9c9eee154e9cb8cec487b98d36ab - - - -] Skipping periodic task _discover_hosts_in_cells because its interval is negative[00m
2026-08-27 03:10:00.050 3276703 INFO oslo_service.periodic_task [None req-bc65f153-3a53-45d5-9a6c-0799297cf916 fake_user 6a6a9c9eee154e9cb8cec487b98d36ab - - - -] Skipping periodic task _discover_hosts_in_cells because its interval is negative[00m
2026-08-27 03:10:00.055 3276698 INFO oslo_service.periodic_task [None req-b207e426-76f5-47f2-8ee0-79334d52c871 fake_user 6a6a9c9eee154e9cb8cec487b98d36ab - - - -] Skipping periodic task _discover_hosts_in_cells because its interval is negative[00m
2026-08-27 03:10:00.059 3276762 ERROR stevedore.extension [None req-6a80ff5f-8ec2-48e9-aaa8-0904ddb5c933 fake_user 6a6a9c9eee154e9cb8cec487b98d36ab - - - -] Could not load 'oslo_cache.memcache_pool': No module named 'memcache': ModuleNotFoundError: No module named 'memcache'[00m
2026-08-27 03:10:00.062 3276789 ERROR stevedore.extension [None req-f9eaa740-6287-480f-b0f3-d176bbffbc0e fake_user 6a6a9c9eee154e9cb8cec487b98d36ab - - - -] Could not load 'oslo_cache.memcache_pool': No module named 'memcache': ModuleNotFoundError: No module named 'memcache'[00m
2026-08-27 03:10:00.071 3276648 ERROR stevedore.extension [None req-5100c349-e882-4add-9a0f-e24a7609da9d fake_user 6a6a9c9eee154e9cb8cec487b98d36ab - - - -] Could not load 'oslo_cache.memcache_pool': No module named 'memcache': ModuleNotFoundError: No module named 'memcache'[00m
2026-08-27 03:10:00.078 3276724 ERROR stevedore.extension [None req-df0e0803-85ff-45be-af6c-d36924cfe72e fake_user 6a6a9c9eee154e9cb8cec487b98d36ab - - - -] Could not load 'oslo_cache.memcache_pool': No module named 'memcache': ModuleNotFoundError: No module named 'memcache'[00m
2026-08-27 03:10:00.084 3276787 ERROR stevedore.extension [None req-4f688cdd-2378-4128-a1e4-78e37ee4e25f fake_user 6a6a9c9eee154e9cb8cec487b98d36ab - - - -] Could not load 'oslo_cache.memcache_pool': No module named 'memcache': ModuleNotFoundError: No module named 'memcache'[00m
2026-08-27 03:10:00.098 3276698 ERROR stevedore.extension [None req-b207e426-76f5-47f2-8ee0-79334d52c871 fake_user 6a6a9c9eee154e9cb8cec487b98d36ab - - - -] Could not load 'oslo_cache.memcache_pool': No module named 'memcache': ModuleNotFoundError: No module named 'memcache'[00m
2026-08-27 03:10:00.095 3276609 INFO oslo_service.periodic_task [None req-d98b0660-de56-4bc0-8ff1-3d3adc06c6e1 fake_user 6a6a9c9eee154e9cb8cec487b98d36ab - - - -] Skipping periodic task _discover_hosts_in_cells because its interval is negative[00m
2026-08-27 03:10:00.100 3276708 INFO oslo_service.periodic_task [None req-33a6474c-ac12-4fc6-8180-27fb3dcbdb5c fake_user 6a6a9c9eee154e9cb8cec487b98d36ab - - - -] Skipping periodic task _discover_hosts_in_cells because its interval is negative[00m
2026-08-27 03:10:00.099 3276689 ERROR stevedore.extension [None req-e2142a26-05f9-444a-93f1-3fc7f8e39490 fake_user 6a6a9c9eee154e9cb8cec487b98d36ab - - - -] Could not load 'oslo_cache.memcache_pool': No module named 'memcache': ModuleNotFoundError: No module named 'memcache'[00m
2026-08-27 03:10:00.101 3276703 ERROR stevedore.extension [None req-bc65f153-3a53-45d5-9a6c-0799297cf916 fake_user 6a6a9c9eee154e9cb8cec487b98d36ab - - - -] Could not load 'oslo_cache.memcache_pool': No module named 'memcache': ModuleNotFoundError: No module named 'memcache'[00m
2026-08-27 03:10:00.123 3276655 INFO oslo_service.periodic_task [None req-74a74c25-0eb7-4c64-96dc-752c78fe8104 fake_user 6a6a9c9eee154e9cb8cec487b98d36ab - - - -] Skipping periodic task _discover_hosts_in_cells because its interval is negative[00m
{19} nova.tests.unit.scheduler.client.test_report.TestResourceClass.test_ensure_resource_classes_none [0.338954s] ... ok
2026-08-27 03:10:00.149 3276708 ERROR stevedore.extension [None req-33a6474c-ac12-4fc6-8180-27fb3dcbdb5c fake_user 6a6a9c9eee154e9cb8cec487b98d36ab - - - -] Could not load 'oslo_cache.memcache_pool': No module named 'memcache': ModuleNotFoundError: No module named 'memcache'[00m
2026-08-27 03:10:00.152 3276609 ERROR stevedore.extension [None req-d98b0660-de56-4bc0-8ff1-3d3adc06c6e1 fake_user 6a6a9c9eee154e9cb8cec487b98d36ab - - - -] Could not load 'oslo_cache.memcache_pool': No module named 'memcache': ModuleNotFoundError: No module named 'memcache'[00m
2026-08-27 03:10:00.185 3276694 INFO oslo_service.periodic_task [None req-23743fc7-5fc6-4806-bed8-66207d0230e2 fake_user 6a6a9c9eee154e9cb8cec487b98d36ab - - - -] Skipping periodic task _discover_hosts_in_cells because its interval is negative[00m
2026-08-27 03:10:00.192 3276655 ERROR stevedore.extension [None req-74a74c25-0eb7-4c64-96dc-752c78fe8104 fake_user 6a6a9c9eee154e9cb8cec487b98d36ab - - - -] Could not load 'oslo_cache.memcache_pool': No module named 'memcache': ModuleNotFoundError: No module named 'memcache'[00m
2026-08-27 03:10:00.213 3276705 INFO oslo_service.periodic_task [None req-439ec84b-44a0-47ad-bf3d-8c1ce0f2bbae fake_user 6a6a9c9eee154e9cb8cec487b98d36ab - - - -] Skipping periodic task _discover_hosts_in_cells because its interval is negative[00m
2026-08-27 03:10:00.239 3276694 ERROR stevedore.extension [None req-23743fc7-5fc6-4806-bed8-66207d0230e2 fake_user 6a6a9c9eee154e9cb8cec487b98d36ab - - - -] Could not load 'oslo_cache.memcache_pool': No module named 'memcache': ModuleNotFoundError: No module named 'memcache'[00m
2026-08-27 03:10:00.258 3276766 INFO oslo_service.periodic_task [None req-103abd05-52e2-4e22-96b1-7f4708a97e49 fake_user 6a6a9c9eee154e9cb8cec487b98d36ab - - - -] Skipping periodic task _discover_hosts_in_cells because its interval is negative[00m
2026-08-27 03:10:00.263 3276754 INFO oslo_service.periodic_task [None req-9ed95065-e920-43c8-8e07-ef37b294dfbf fake_user 6a6a9c9eee154e9cb8cec487b98d36ab - - - -] Skipping periodic task _discover_hosts_in_cells because its interval is negative[00m
{28} nova.tests.unit.scheduler.client.test_report.TestAggregateAddRemoveHost.test_get_provider_by_name_500 [0.515365s] ... ok
2026-08-27 03:10:00.311 3276705 ERROR stevedore.extension [None req-439ec84b-44a0-47ad-bf3d-8c1ce0f2bbae fake_user 6a6a9c9eee154e9cb8cec487b98d36ab - - - -] Could not load 'oslo_cache.memcache_pool': No module named 'memcache': ModuleNotFoundError: No module named 'memcache'[00m
2026-08-27 03:10:00.314 3276754 ERROR stevedore.extension [None req-9ed95065-e920-43c8-8e07-ef37b294dfbf fake_user 6a6a9c9eee154e9cb8cec487b98d36ab - - - -] Could not load 'oslo_cache.memcache_pool': No module named 'memcache': ModuleNotFoundError: No module named 'memcache'[00m
2026-08-27 03:10:00.320 3276713 INFO oslo_service.periodic_task [None req-257ce7e0-ca5c-4b27-bd1c-64f44bfaed52 fake_user 6a6a9c9eee154e9cb8cec487b98d36ab - - - -] Skipping periodic task _discover_hosts_in_cells because its interval is negative[00m
2026-08-27 03:10:00.326 3276766 ERROR stevedore.extension [None req-103abd05-52e2-4e22-96b1-7f4708a97e49 fake_user 6a6a9c9eee154e9cb8cec487b98d36ab - - - -] Could not load 'oslo_cache.memcache_pool': No module named 'memcache': ModuleNotFoundError: No module named 'memcache'[00m
2026-08-27 03:10:00.323 3276746 INFO oslo_service.periodic_task [None req-a553d392-a460-44c3-9260-1154ab3220e7 fake_user 6a6a9c9eee154e9cb8cec487b98d36ab - - - -] Skipping periodic task _discover_hosts_in_cells because its interval is negative[00m
2026-08-27 03:10:00.344 3276765 INFO oslo_service.periodic_task [None req-691f7c9a-6a10-4a7f-93d7-51b17292b0ca fake_user 6a6a9c9eee154e9cb8cec487b98d36ab - - - -] Skipping periodic task _discover_hosts_in_cells because its interval is negative[00m
2026-08-27 03:10:00.353 3276621 INFO oslo_service.periodic_task [None req-9d0bfa57-67c7-4beb-a161-19f9b06404be fake_user 6a6a9c9eee154e9cb8cec487b98d36ab - - - -] Skipping periodic task _discover_hosts_in_cells because its interval is negative[00m
2026-08-27 03:10:00.358 3276681 INFO oslo_service.periodic_task [None req-099e4c20-1123-4d0b-aa1d-bdeef3ae3586 fake_user 6a6a9c9eee154e9cb8cec487b98d36ab - - - -] Skipping periodic task _discover_hosts_in_cells because its interval is negative[00m
2026-08-27 03:10:00.379 3276713 ERROR stevedore.extension [None req-257ce7e0-ca5c-4b27-bd1c-64f44bfaed52 fake_user 6a6a9c9eee154e9cb8cec487b98d36ab - - - -] Could not load 'oslo_cache.memcache_pool': No module named 'memcache': ModuleNotFoundError: No module named 'memcache'[00m
2026-08-27 03:10:00.375 3276746 ERROR stevedore.extension [None req-a553d392-a460-44c3-9260-1154ab3220e7 fake_user 6a6a9c9eee154e9cb8cec487b98d36ab - - - -] Could not load 'oslo_cache.memcache_pool': No module named 'memcache': ModuleNotFoundError: No module named 'memcache'[00m
2026-08-27 03:10:00.387 3276748 INFO oslo_service.periodic_task [None req-51a001e0-6b44-4f72-9ed4-90a153b008e0 fake_user 6a6a9c9eee154e9cb8cec487b98d36ab - - - -] Skipping periodic task _discover_hosts_in_cells because its interval is negative[00m
2026-08-27 03:10:00.396 3276775 INFO oslo_service.periodic_task [None req-7fb50cf2-da81-45b5-8755-e70105967600 fake_user 6a6a9c9eee154e9cb8cec487b98d36ab - - - -] Skipping periodic task _discover_hosts_in_cells because its interval is negative[00m
2026-08-27 03:10:00.398 3276737 INFO oslo_service.periodic_task [None req-0918c67b-b740-4df4-b5d9-fc7a09560619 fake_user 6a6a9c9eee154e9cb8cec487b98d36ab - - - -] Skipping periodic task _discover_hosts_in_cells because its interval is negative[00m
2026-08-27 03:10:00.398 3276765 ERROR stevedore.extension [None req-691f7c9a-6a10-4a7f-93d7-51b17292b0ca fake_user 6a6a9c9eee154e9cb8cec487b98d36ab - - - -] Could not load 'oslo_cache.memcache_pool': No module named 'memcache': ModuleNotFoundError: No module named 'memcache'[00m
2026-08-27 03:10:00.405 3276667 INFO oslo_service.periodic_task [None req-b1685bb9-f60e-461c-9b3b-bbe478ee9c01 fake_user 6a6a9c9eee154e9cb8cec487b98d36ab - - - -] Skipping periodic task _discover_hosts_in_cells because its interval is negative[00m
2026-08-27 03:10:00.414 3276621 ERROR stevedore.extension [None req-9d0bfa57-67c7-4beb-a161-19f9b06404be fake_user 6a6a9c9eee154e9cb8cec487b98d36ab - - - -] Could not load 'oslo_cache.memcache_pool': No module named 'memcache': ModuleNotFoundError: No module named 'memcache'[00m
2026-08-27 03:10:00.415 3276770 INFO oslo_service.periodic_task [None req-e52e76e0-f630-42b9-89a7-570ce4c64831 fake_user 6a6a9c9eee154e9cb8cec487b98d36ab - - - -] Skipping periodic task _discover_hosts_in_cells because its interval is negative[00m
2026-08-27 03:10:00.415 3276681 ERROR stevedore.extension [None req-099e4c20-1123-4d0b-aa1d-bdeef3ae3586 fake_user 6a6a9c9eee154e9cb8cec487b98d36ab - - - -] Could not load 'oslo_cache.memcache_pool': No module named 'memcache': ModuleNotFoundError: No module named 'memcache'[00m
2026-08-27 03:10:00.438 3276796 INFO oslo_service.periodic_task [None req-8d16f46d-b54f-4984-9d3a-91e4ece20107 fake_user 6a6a9c9eee154e9cb8cec487b98d36ab - - - -] Skipping periodic task _discover_hosts_in_cells because its interval is negative[00m
2026-08-27 03:10:00.439 3276743 INFO oslo_service.periodic_task [None req-f703c468-1172-4c17-9007-da727053801a fake_user 6a6a9c9eee154e9cb8cec487b98d36ab - - - -] Skipping periodic task _discover_hosts_in_cells because its interval is negative[00m
2026-08-27 03:10:00.437 3276760 INFO oslo_service.periodic_task [None req-a0c79254-0c39-4f16-bf1f-b23334871ee9 fake_user 6a6a9c9eee154e9cb8cec487b98d36ab - - - -] Skipping periodic task _discover_hosts_in_cells because its interval is negative[00m
2026-08-27 03:10:00.454 3276775 ERROR stevedore.extension [None req-7fb50cf2-da81-45b5-8755-e70105967600 fake_user 6a6a9c9eee154e9cb8cec487b98d36ab - - - -] Could not load 'oslo_cache.memcache_pool': No module named 'memcache': ModuleNotFoundError: No module named 'memcache'[00m
2026-08-27 03:10:00.451 3276748 ERROR stevedore.extension [None req-51a001e0-6b44-4f72-9ed4-90a153b008e0 fake_user 6a6a9c9eee154e9cb8cec487b98d36ab - - - -] Could not load 'oslo_cache.memcache_pool': No module named 'memcache': ModuleNotFoundError: No module named 'memcache'[00m
2026-08-27 03:10:00.456 3276667 ERROR stevedore.extension [None req-b1685bb9-f60e-461c-9b3b-bbe478ee9c01 fake_user 6a6a9c9eee154e9cb8cec487b98d36ab - - - -] Could not load 'oslo_cache.memcache_pool': No module named 'memcache': ModuleNotFoundError: No module named 'memcache'[00m
2026-08-27 03:10:00.463 3276737 ERROR stevedore.extension [None req-0918c67b-b740-4df4-b5d9-fc7a09560619 fake_user 6a6a9c9eee154e9cb8cec487b98d36ab - - - -] Could not load 'oslo_cache.memcache_pool': No module named 'memcache': ModuleNotFoundError: No module named 'memcache'[00m
2026-08-27 03:10:00.465 3276770 ERROR stevedore.extension [None req-e52e76e0-f630-42b9-89a7-570ce4c64831 fake_user 6a6a9c9eee154e9cb8cec487b98d36ab - - - -] Could not load 'oslo_cache.memcache_pool': No module named 'memcache': ModuleNotFoundError: No module named 'memcache'[00m
2026-08-27 03:10:00.480 3276744 INFO oslo_service.periodic_task [None req-f3c65b55-3433-4c70-9c24-54af5fc74d0a fake_user 6a6a9c9eee154e9cb8cec487b98d36ab - - - -] Skipping periodic task _discover_hosts_in_cells because its interval is negative[00m
2026-08-27 03:10:00.484 3276772 INFO oslo_service.periodic_task [None req-741a33dd-b0a1-4e09-b250-45a63478a4dd fake_user 6a6a9c9eee154e9cb8cec487b98d36ab - - - -] Skipping periodic task _discover_hosts_in_cells because its interval is negative[00m
2026-08-27 03:10:00.484 3276796 ERROR stevedore.extension [None req-8d16f46d-b54f-4984-9d3a-91e4ece20107 fake_user 6a6a9c9eee154e9cb8cec487b98d36ab - - - -] Could not load 'oslo_cache.memcache_pool': No module named 'memcache': ModuleNotFoundError: No module named 'memcache'[00m
2026-08-27 03:10:00.487 3276735 INFO oslo_service.periodic_task [None req-84a59681-30b6-40c6-bf85-a1c3bd2fa80c fake_user 6a6a9c9eee154e9cb8cec487b98d36ab - - - -] Skipping periodic task _discover_hosts_in_cells because its interval is negative[00m
2026-08-27 03:10:00.489 3276743 ERROR stevedore.extension [None req-f703c468-1172-4c17-9007-da727053801a fake_user 6a6a9c9eee154e9cb8cec487b98d36ab - - - -] Could not load 'oslo_cache.memcache_pool': No module named 'memcache': ModuleNotFoundError: No module named 'memcache'[00m
2026-08-27 03:10:00.506 3276632 INFO oslo_service.periodic_task [None req-1afc538a-c79d-4d64-baad-d669f24a6305 fake_user 6a6a9c9eee154e9cb8cec487b98d36ab - - - -] Skipping periodic task _discover_hosts_in_cells because its interval is negative[00m
2026-08-27 03:10:00.508 3276760 ERROR stevedore.extension [None req-a0c79254-0c39-4f16-bf1f-b23334871ee9 fake_user 6a6a9c9eee154e9cb8cec487b98d36ab - - - -] Could not load 'oslo_cache.memcache_pool': No module named 'memcache': ModuleNotFoundError: No module named 'memcache'[00m
2026-08-27 03:10:00.537 3276744 ERROR stevedore.extension [None req-f3c65b55-3433-4c70-9c24-54af5fc74d0a fake_user 6a6a9c9eee154e9cb8cec487b98d36ab - - - -] Could not load 'oslo_cache.memcache_pool': No module named 'memcache': ModuleNotFoundError: No module named 'memcache'[00m
2026-08-27 03:10:00.543 3276735 ERROR stevedore.extension [None req-84a59681-30b6-40c6-bf85-a1c3bd2fa80c fake_user 6a6a9c9eee154e9cb8cec487b98d36ab - - - -] Could not load 'oslo_cache.memcache_pool': No module named 'memcache': ModuleNotFoundError: No module named 'memcache'[00m
2026-08-27 03:10:00.545 3276772 ERROR stevedore.extension [None req-741a33dd-b0a1-4e09-b250-45a63478a4dd fake_user 6a6a9c9eee154e9cb8cec487b98d36ab - - - -] Could not load 'oslo_cache.memcache_pool': No module named 'memcache': ModuleNotFoundError: No module named 'memcache'[00m
2026-08-27 03:10:00.547 3276668 INFO oslo_service.periodic_task [None req-ec37c507-d718-4fe8-9d7b-7a34df758e7b fake_user 6a6a9c9eee154e9cb8cec487b98d36ab - - - -] Skipping periodic task _discover_hosts_in_cells because its interval is negative[00m
2026-08-27 03:10:00.557 3276632 ERROR stevedore.extension [None req-1afc538a-c79d-4d64-baad-d669f24a6305 fake_user 6a6a9c9eee154e9cb8cec487b98d36ab - - - -] Could not load 'oslo_cache.memcache_pool': No module named 'memcache': ModuleNotFoundError: No module named 'memcache'[00m
2026-08-27 03:10:00.569 3276631 INFO oslo_service.periodic_task [None req-f79768b9-1746-4009-9f0e-0346e228049d fake_user 6a6a9c9eee154e9cb8cec487b98d36ab - - - -] Skipping periodic task _discover_hosts_in_cells because its interval is negative[00m
2026-08-27 03:10:00.600 3276668 ERROR stevedore.extension [None req-ec37c507-d718-4fe8-9d7b-7a34df758e7b fake_user 6a6a9c9eee154e9cb8cec487b98d36ab - - - -] Could not load 'oslo_cache.memcache_pool': No module named 'memcache': ModuleNotFoundError: No module named 'memcache'[00m
{125} nova.tests.unit.scheduler.client.test_report.TestAllocations.test_delete_resource_provider_cascade [0.535994s] ... ok
{14} nova.tests.unit.scheduler.client.test_report.TestProviderOperations.test_set_aggregates_for_provider_short_circuit [0.456437s] ... ok
{5} nova.tests.unit.scheduler.client.test_report.TestPutAllocations.test_claim_resources_success [0.691662s] ... ok
2026-08-27 03:10:00.633 3276631 ERROR stevedore.extension [None req-f79768b9-1746-4009-9f0e-0346e228049d fake_user 6a6a9c9eee154e9cb8cec487b98d36ab - - - -] Could not load 'oslo_cache.memcache_pool': No module named 'memcache': ModuleNotFoundError: No module named 'memcache'[00m
{39} nova.tests.unit.scheduler.client.test_report.TestProviderOperations.test_get_providers_in_tree [0.470771s] ... ok
{18} nova.tests.unit.scheduler.client.test_report.TestMoveAllocations.test_409_concurrent_provider_update [0.426154s] ... ok
2026-08-27 03:10:00.747 3276795 INFO oslo_service.periodic_task [None req-2cc6f108-7d2e-486a-b334-9f0a688ac20f fake_user 6a6a9c9eee154e9cb8cec487b98d36ab - - - -] Skipping periodic task _discover_hosts_in_cells because its interval is negative[00m
2026-08-27 03:10:00.807 3276795 ERROR stevedore.extension [None req-2cc6f108-7d2e-486a-b334-9f0a688ac20f fake_user 6a6a9c9eee154e9cb8cec487b98d36ab - - - -] Could not load 'oslo_cache.memcache_pool': No module named 'memcache': ModuleNotFoundError: No module named 'memcache'[00m
2026-08-27 03:10:00.809 3276638 INFO oslo_service.periodic_task [None req-d7113165-1b28-4bae-89fb-0f63d3bb5cfa fake_user 6a6a9c9eee154e9cb8cec487b98d36ab - - - -] Skipping periodic task _discover_hosts_in_cells because its interval is negative[00m
2026-08-27 03:10:00.850 3276785 INFO oslo_service.periodic_task [None req-5d6f3aa6-602b-4951-9475-8dd03203fce4 fake_user 6a6a9c9eee154e9cb8cec487b98d36ab - - - -] Skipping periodic task _discover_hosts_in_cells because its interval is negative[00m
2026-08-27 03:10:00.865 3276638 ERROR stevedore.extension [None req-d7113165-1b28-4bae-89fb-0f63d3bb5cfa fake_user 6a6a9c9eee154e9cb8cec487b98d36ab - - - -] Could not load 'oslo_cache.memcache_pool': No module named 'memcache': ModuleNotFoundError: No module named 'memcache'[00m
2026-08-27 03:10:00.907 3276781 INFO oslo_service.periodic_task [None req-0a8b1a49-4e0d-48bd-8844-8d69890b19b3 fake_user 6a6a9c9eee154e9cb8cec487b98d36ab - - - -] Skipping periodic task _discover_hosts_in_cells because its interval is negative[00m
2026-08-27 03:10:00.908 3276785 ERROR stevedore.extension [None req-5d6f3aa6-602b-4951-9475-8dd03203fce4 fake_user 6a6a9c9eee154e9cb8cec487b98d36ab - - - -] Could not load 'oslo_cache.memcache_pool': No module named 'memcache': ModuleNotFoundError: No module named 'memcache'[00m
{40} nova.tests.unit.scheduler.client.test_report.TestProviderOperations.test_get_sharing_providers_emptylist [0.503028s] ... ok
{2} nova.tests.unit.scheduler.client.test_report.TestProviderOperations.test_get_resource_provider_name_from_placement [0.795880s] ... ok
2026-08-27 03:10:00.953 3276792 INFO oslo_service.periodic_task [None req-ce9e9be8-d183-4748-8b51-f28ddfb969ce fake_user 6a6a9c9eee154e9cb8cec487b98d36ab - - - -] Skipping periodic task _discover_hosts_in_cells because its interval is negative[00m
2026-08-27 03:10:00.958 3276781 ERROR stevedore.extension [None req-0a8b1a49-4e0d-48bd-8844-8d69890b19b3 fake_user 6a6a9c9eee154e9cb8cec487b98d36ab - - - -] Could not load 'oslo_cache.memcache_pool': No module named 'memcache': ModuleNotFoundError: No module named 'memcache'[00m
{31} nova.tests.unit.scheduler.client.test_report.TestProviderOperations.test_ensure_resource_provider_create_no_placement [0.519475s] ... ok
2026-08-27 03:10:00.973 3276751 INFO oslo_service.periodic_task [None req-69d95b55-91fe-45f6-b688-7a884dbcf3d4 fake_user 6a6a9c9eee154e9cb8cec487b98d36ab - - - -] Skipping periodic task _discover_hosts_in_cells because its interval is negative[00m
2026-08-27 03:10:00.982 3276717 INFO oslo_service.periodic_task [None req-a57b756b-9e04-4de5-874e-0d0c858d5939 fake_user 6a6a9c9eee154e9cb8cec487b98d36ab - - - -] Skipping periodic task _discover_hosts_in_cells because its interval is negative[00m
2026-08-27 03:10:01.003 3276767 INFO oslo_service.periodic_task [None req-62dba313-5fb1-43d4-8c75-73fc815074ae fake_user 6a6a9c9eee154e9cb8cec487b98d36ab - - - -] Skipping periodic task _discover_hosts_in_cells because its interval is negative[00m
2026-08-27 03:10:01.014 3276717 ERROR stevedore.extension [None req-a57b756b-9e04-4de5-874e-0d0c858d5939 fake_user 6a6a9c9eee154e9cb8cec487b98d36ab - - - -] Could not load 'oslo_cache.memcache_pool': No module named 'memcache': ModuleNotFoundError: No module named 'memcache'[00m
2026-08-27 03:10:01.018 3276792 ERROR stevedore.extension [None req-ce9e9be8-d183-4748-8b51-f28ddfb969ce fake_user 6a6a9c9eee154e9cb8cec487b98d36ab - - - -] Could not load 'oslo_cache.memcache_pool': No module named 'memcache': ModuleNotFoundError: No module named 'memcache'[00m
2026-08-27 03:10:01.024 3276751 ERROR stevedore.extension [None req-69d95b55-91fe-45f6-b688-7a884dbcf3d4 fake_user 6a6a9c9eee154e9cb8cec487b98d36ab - - - -] Could not load 'oslo_cache.memcache_pool': No module named 'memcache': ModuleNotFoundError: No module named 'memcache'[00m
2026-08-27 03:10:01.028 3276761 INFO oslo_service.periodic_task [None req-79356c4c-cebb-4425-bb06-27e86c1c876a fake_user 6a6a9c9eee154e9cb8cec487b98d36ab - - - -] Skipping periodic task _discover_hosts_in_cells because its interval is negative[00m
{78} nova.tests.unit.scheduler.client.test_report.TestPutAllocations.test_put_allocations_fail_connection_error [0.515663s] ... ok
{57} nova.tests.unit.scheduler.client.test_report.TestProviderOperations.test_set_aggregates_for_provider_bad_args [0.577070s] ... ok
2026-08-27 03:10:01.067 3276767 ERROR stevedore.extension [None req-62dba313-5fb1-43d4-8c75-73fc815074ae fake_user 6a6a9c9eee154e9cb8cec487b98d36ab - - - -] Could not load 'oslo_cache.memcache_pool': No module named 'memcache': ModuleNotFoundError: No module named 'memcache'[00m
{1} nova.tests.unit.scheduler.client.test_report.TestPutAllocations.test_claim_resources_older_alloc_req [0.551369s] ... ok
2026-08-27 03:10:01.084 3276761 ERROR stevedore.extension [None req-79356c4c-cebb-4425-bb06-27e86c1c876a fake_user 6a6a9c9eee154e9cb8cec487b98d36ab - - - -] Could not load 'oslo_cache.memcache_pool': No module named 'memcache': ModuleNotFoundError: No module named 'memcache'[00m
{26} nova.tests.unit.scheduler.client.test_report.TestAllocations.test_remove_res_from_alloc_no_resource_to_remove [0.977088s] ... ok
{80} nova.tests.unit.scheduler.client.test_report.TestProviderOperations.test_get_allocation_candidates [0.553937s] ... ok
{73} nova.tests.unit.scheduler.client.test_report.TestMoveAllocations.test_move_from_empty_source [0.749689s] ... ok
2026-08-27 03:10:01.163 3276728 INFO oslo_service.periodic_task [None req-4b690c46-3e09-4b66-a590-f4b71998a83d fake_user 6a6a9c9eee154e9cb8cec487b98d36ab - - - -] Skipping periodic task _discover_hosts_in_cells because its interval is negative[00m
2026-08-27 03:10:01.171 3276750 INFO oslo_service.periodic_task [None req-4b5fc604-0bd4-4d82-89f4-1cefb8e2c3de fake_user 6a6a9c9eee154e9cb8cec487b98d36ab - - - -] Skipping periodic task _discover_hosts_in_cells because its interval is negative[00m
{12} nova.tests.unit.scheduler.client.test_report.TestTraits.test_get_provider_traits_error [0.458369s] ... ok
{88} nova.tests.unit.scheduler.client.test_report.TestAllocations.test_remove_res_from_alloc_remove_rp_when_all_rc_removed [0.561412s] ... ok
2026-08-27 03:10:01.204 3276782 INFO oslo_service.periodic_task [None req-5609509d-dc48-45eb-baf3-4993639845bc fake_user 6a6a9c9eee154e9cb8cec487b98d36ab - - - -] Skipping periodic task _discover_hosts_in_cells because its interval is negative[00m
2026-08-27 03:10:01.222 3276728 ERROR stevedore.extension [None req-4b690c46-3e09-4b66-a590-f4b71998a83d fake_user 6a6a9c9eee154e9cb8cec487b98d36ab - - - -] Could not load 'oslo_cache.memcache_pool': No module named 'memcache': ModuleNotFoundError: No module named 'memcache'[00m
2026-08-27 03:10:01.223 3276750 ERROR stevedore.extension [None req-4b5fc604-0bd4-4d82-89f4-1cefb8e2c3de fake_user 6a6a9c9eee154e9cb8cec487b98d36ab - - - -] Could not load 'oslo_cache.memcache_pool': No module named 'memcache': ModuleNotFoundError: No module named 'memcache'[00m
2026-08-27 03:10:01.228 3276732 INFO oslo_service.periodic_task [None req-73f4c281-70ca-4adb-823a-e516a8bccaaf fake_user 6a6a9c9eee154e9cb8cec487b98d36ab - - - -] Skipping periodic task _discover_hosts_in_cells because its interval is negative[00m
{91} nova.tests.unit.scheduler.client.test_report.TestAllocations.test_remove_res_from_alloc [0.506670s] ... ok
2026-08-27 03:10:01.264 3276782 ERROR stevedore.extension [None req-5609509d-dc48-45eb-baf3-4993639845bc fake_user 6a6a9c9eee154e9cb8cec487b98d36ab - - - -] Could not load 'oslo_cache.memcache_pool': No module named 'memcache': ModuleNotFoundError: No module named 'memcache'[00m
{21} nova.tests.unit.scheduler.client.test_report.TestAssociations.test_refresh_associations_time [0.492579s] ... ok
{85} nova.tests.unit.scheduler.client.test_report.TestUsages.test_get_usages_counts_default_zero [0.557407s] ... ok
2026-08-27 03:10:01.276 3276732 ERROR stevedore.extension [None req-73f4c281-70ca-4adb-823a-e516a8bccaaf fake_user 6a6a9c9eee154e9cb8cec487b98d36ab - - - -] Could not load 'oslo_cache.memcache_pool': No module named 'memcache': ModuleNotFoundError: No module named 'memcache'[00m
2026-08-27 03:10:01.326 3276777 INFO oslo_service.periodic_task [None req-0190037b-1b49-448f-9a8c-87e8a0067d4f fake_user 6a6a9c9eee154e9cb8cec487b98d36ab - - - -] Skipping periodic task _discover_hosts_in_cells because its interval is negative[00m
2026-08-27 03:10:01.329 3276641 INFO oslo_service.periodic_task [None req-26e4e886-8b37-48c8-b93b-2f7fdda7de7c fake_user 6a6a9c9eee154e9cb8cec487b98d36ab - - - -] Skipping periodic task _discover_hosts_in_cells because its interval is negative[00m
2026-08-27 03:10:01.353 3276740 INFO oslo_service.periodic_task [None req-52f73bfb-fdd5-48a5-9c86-af9bb89b9671 fake_user 6a6a9c9eee154e9cb8cec487b98d36ab - - - -] Skipping periodic task _discover_hosts_in_cells because its interval is negative[00m
2026-08-27 03:10:01.352 3276753 INFO oslo_service.periodic_task [None req-e65ef8e4-5742-4a8d-930a-0845aecb6457 fake_user 6a6a9c9eee154e9cb8cec487b98d36ab - - - -] Skipping periodic task _discover_hosts_in_cells because its interval is negative[00m
2026-08-27 03:10:01.362 3276771 INFO oslo_service.periodic_task [None req-6316fbde-4037-445b-b626-e01cd817b2bf fake_user 6a6a9c9eee154e9cb8cec487b98d36ab - - - -] Skipping periodic task _discover_hosts_in_cells because its interval is negative[00m
2026-08-27 03:10:01.393 3276777 ERROR stevedore.extension [None req-0190037b-1b49-448f-9a8c-87e8a0067d4f fake_user 6a6a9c9eee154e9cb8cec487b98d36ab - - - -] Could not load 'oslo_cache.memcache_pool': No module named 'memcache': ModuleNotFoundError: No module named 'memcache'[00m
2026-08-27 03:10:01.406 3276753 ERROR stevedore.extension [None req-e65ef8e4-5742-4a8d-930a-0845aecb6457 fake_user 6a6a9c9eee154e9cb8cec487b98d36ab - - - -] Could not load 'oslo_cache.memcache_pool': No module named 'memcache': ModuleNotFoundError: No module named 'memcache'[00m
2026-08-27 03:10:01.409 3276771 ERROR stevedore.extension [None req-6316fbde-4037-445b-b626-e01cd817b2bf fake_user 6a6a9c9eee154e9cb8cec487b98d36ab - - - -] Could not load 'oslo_cache.memcache_pool': No module named 'memcache': ModuleNotFoundError: No module named 'memcache'[00m
2026-08-27 03:10:01.416 3276758 INFO oslo_service.periodic_task [None req-15c2b2f1-4a78-4127-bbad-f0bfb3364475 fake_user 6a6a9c9eee154e9cb8cec487b98d36ab - - - -] Skipping periodic task _discover_hosts_in_cells because its interval is negative[00m
2026-08-27 03:10:01.408 3276740 ERROR stevedore.extension [None req-52f73bfb-fdd5-48a5-9c86-af9bb89b9671 fake_user 6a6a9c9eee154e9cb8cec487b98d36ab - - - -] Could not load 'oslo_cache.memcache_pool': No module named 'memcache': ModuleNotFoundError: No module named 'memcache'[00m
2026-08-27 03:10:01.441 3276641 ERROR stevedore.extension [None req-26e4e886-8b37-48c8-b93b-2f7fdda7de7c fake_user 6a6a9c9eee154e9cb8cec487b98d36ab - - - -] Could not load 'oslo_cache.memcache_pool': No module named 'memcache': ModuleNotFoundError: No module named 'memcache'[00m
{25} nova.tests.unit.scheduler.client.test_report.TestPutAllocations.test_remove_provider_from_inst_alloc_consumer_gen_conflict [0.693363s] ... ok
{67} nova.tests.unit.scheduler.client.test_report.TestAllocations.test_remove_res_from_alloc_missing_rp [0.622918s] ... ok
2026-08-27 03:10:01.474 3276758 ERROR stevedore.extension [None req-15c2b2f1-4a78-4127-bbad-f0bfb3364475 fake_user 6a6a9c9eee154e9cb8cec487b98d36ab - - - -] Could not load 'oslo_cache.memcache_pool': No module named 'memcache': ModuleNotFoundError: No module named 'memcache'[00m
{30} nova.tests.unit.scheduler.client.test_report.TestPutAllocations.test_claim_resources_success_resize_to_same_host_with_shared [0.473555s] ... ok
{102} nova.tests.unit.scheduler.client.test_report.TestAllocations.test_get_allocations_for_resource_provider [0.496163s] ... ok
{45} nova.tests.unit.scheduler.client.test_report.TestAllocations.test_delete_resource_provider_log_calls [0.590643s] ... ok
{109} nova.tests.unit.scheduler.client.test_report.TestPutAllocations.test_remove_provider_from_inst_alloc_with_shared [0.532003s] ... ok
2026-08-27 03:10:01.536 3276719 INFO oslo_service.periodic_task [None req-7d58a138-d1b5-4cd3-80ae-ad93244eecfe fake_user 6a6a9c9eee154e9cb8cec487b98d36ab - - - -] Skipping periodic task _discover_hosts_in_cells because its interval is negative[00m
{61} nova.tests.unit.scheduler.client.test_report.TestProviderOperations.test_get_resource_provider_name_placement_unavailable [0.492261s] ... ok
{34} nova.tests.unit.scheduler.client.test_report.TestAggregateAddRemoveHost.test_aggregate_remove_host_no_placement [0.773202s] ... ok
{134} nova.tests.unit.scheduler.client.test_report.TestProviderOperations.test_create_resource_provider_with_parent [0.481627s] ... ok
{23} nova.tests.unit.scheduler.client.test_report.TestProviderOperations.test_set_aggregates_for_provider_conflict [0.728279s] ... ok
{74} nova.tests.unit.scheduler.client.test_report.TestPutAllocations.test_claim_resources_consumer_generation_failure [0.555260s] ... ok
2026-08-27 03:10:01.594 3276719 ERROR stevedore.extension [None req-7d58a138-d1b5-4cd3-80ae-ad93244eecfe fake_user 6a6a9c9eee154e9cb8cec487b98d36ab - - - -] Could not load 'oslo_cache.memcache_pool': No module named 'memcache': ModuleNotFoundError: No module named 'memcache'[00m
{65} nova.tests.unit.scheduler.client.test_report.TestUsages.test_get_usages_counts_for_quota_retries [0.709194s] ... ok
{4} nova.tests.unit.scheduler.client.test_report.TestResourceClass.test_ensure_resource_classes_put_fail [0.758190s] ... ok
2026-08-27 03:10:01.610 3276774 INFO oslo_service.periodic_task [None req-495c3f9e-2a51-412d-943b-8348d8882b32 fake_user 6a6a9c9eee154e9cb8cec487b98d36ab - - - -] Skipping periodic task _discover_hosts_in_cells because its interval is negative[00m
2026-08-27 03:10:01.661 3276780 INFO oslo_service.periodic_task [None req-9da3e3d0-5323-41c2-b6fb-86b50557e5f4 fake_user 6a6a9c9eee154e9cb8cec487b98d36ab - - - -] Skipping periodic task _discover_hosts_in_cells because its interval is negative[00m
2026-08-27 03:10:01.665 3276729 INFO oslo_service.periodic_task [None req-2181d1f5-d208-493f-adbf-412a7cec4b0c fake_user 6a6a9c9eee154e9cb8cec487b98d36ab - - - -] Skipping periodic task _discover_hosts_in_cells because its interval is negative[00m
2026-08-27 03:10:01.672 3276774 ERROR stevedore.extension [None req-495c3f9e-2a51-412d-943b-8348d8882b32 fake_user 6a6a9c9eee154e9cb8cec487b98d36ab - - - -] Could not load 'oslo_cache.memcache_pool': No module named 'memcache': ModuleNotFoundError: No module named 'memcache'[00m
{9} nova.tests.unit.scheduler.client.test_report.TestPutAllocations.test_claim_resources_failure [0.431632s] ... ok
2026-08-27 03:10:01.686 3276790 INFO oslo_service.periodic_task [None req-8ad8a7d6-c8fe-48c9-b8f3-24125988480b fake_user 6a6a9c9eee154e9cb8cec487b98d36ab - - - -] Skipping periodic task _discover_hosts_in_cells because its interval is negative[00m
2026-08-27 03:10:01.710 3276776 INFO oslo_service.periodic_task [None req-2051401a-ea34-4e1d-aeb6-053470478bc2 fake_user 6a6a9c9eee154e9cb8cec487b98d36ab - - - -] Skipping periodic task _discover_hosts_in_cells because its interval is negative[00m
2026-08-27 03:10:01.712 3276729 ERROR stevedore.extension [None req-2181d1f5-d208-493f-adbf-412a7cec4b0c fake_user 6a6a9c9eee154e9cb8cec487b98d36ab - - - -] Could not load 'oslo_cache.memcache_pool': No module named 'memcache': ModuleNotFoundError: No module named 'memcache'[00m
{37} nova.tests.unit.scheduler.client.test_report.TestTraits.test_get_provider_traits_found [0.698683s] ... ok
2026-08-27 03:10:01.737 3276790 ERROR stevedore.extension [None req-8ad8a7d6-c8fe-48c9-b8f3-24125988480b fake_user 6a6a9c9eee154e9cb8cec487b98d36ab - - - -] Could not load 'oslo_cache.memcache_pool': No module named 'memcache': ModuleNotFoundError: No module named 'memcache'[00m
2026-08-27 03:10:01.739 3276780 ERROR stevedore.extension [None req-9da3e3d0-5323-41c2-b6fb-86b50557e5f4 fake_user 6a6a9c9eee154e9cb8cec487b98d36ab - - - -] Could not load 'oslo_cache.memcache_pool': No module named 'memcache': ModuleNotFoundError: No module named 'memcache'[00m
2026-08-27 03:10:01.743 3276730 INFO oslo_service.periodic_task [None req-9559f177-4caf-47c1-814b-98241ee54769 fake_user 6a6a9c9eee154e9cb8cec487b98d36ab - - - -] Skipping periodic task _discover_hosts_in_cells because its interval is negative[00m
2026-08-27 03:10:01.742 3276786 INFO oslo_service.periodic_task [None req-6027258e-9eed-4eaa-8bfd-c8463140b891 fake_user 6a6a9c9eee154e9cb8cec487b98d36ab - - - -] Skipping periodic task _discover_hosts_in_cells because its interval is negative[00m
2026-08-27 03:10:01.750 3276793 INFO oslo_service.periodic_task [None req-2fbb59ab-36e9-4309-900c-aa19bebf7bd0 fake_user 6a6a9c9eee154e9cb8cec487b98d36ab - - - -] Skipping periodic task _discover_hosts_in_cells because its interval is negative[00m
{93} nova.tests.unit.scheduler.client.test_report.TestPutAllocations.test_claim_resources_success_evacuate_no_shared [0.499415s] ... ok
2026-08-27 03:10:01.765 3276776 ERROR stevedore.extension [None req-2051401a-ea34-4e1d-aeb6-053470478bc2 fake_user 6a6a9c9eee154e9cb8cec487b98d36ab - - - -] Could not load 'oslo_cache.memcache_pool': No module named 'memcache': ModuleNotFoundError: No module named 'memcache'[00m
2026-08-27 03:10:01.775 3276786 ERROR stevedore.extension [None req-6027258e-9eed-4eaa-8bfd-c8463140b891 fake_user 6a6a9c9eee154e9cb8cec487b98d36ab - - - -] Could not load 'oslo_cache.memcache_pool': No module named 'memcache': ModuleNotFoundError: No module named 'memcache'[00m
2026-08-27 03:10:01.785 3276791 INFO oslo_service.periodic_task [None req-9807d98e-faed-48b6-9213-ec6d4ccd20b1 fake_user 6a6a9c9eee154e9cb8cec487b98d36ab - - - -] Skipping periodic task _discover_hosts_in_cells because its interval is negative[00m
{70} nova.tests.unit.scheduler.client.test_report.SafeConnectedTestCase.test_unauthorized [0.495699s] ... ok
2026-08-27 03:10:01.794 3276752 INFO oslo_service.periodic_task [None req-2ff09b13-ac71-4c29-8efe-9bfeb429cd58 fake_user 6a6a9c9eee154e9cb8cec487b98d36ab - - - -] Skipping periodic task _discover_hosts_in_cells because its interval is negative[00m
2026-08-27 03:10:01.792 3276784 INFO oslo_service.periodic_task [None req-b3106f16-21ca-4607-acdf-a6a7ef9ccf38 fake_user 6a6a9c9eee154e9cb8cec487b98d36ab - - - -] Skipping periodic task _discover_hosts_in_cells because its interval is negative[00m
2026-08-27 03:10:01.803 3276730 ERROR stevedore.extension [None req-9559f177-4caf-47c1-814b-98241ee54769 fake_user 6a6a9c9eee154e9cb8cec487b98d36ab - - - -] Could not load 'oslo_cache.memcache_pool': No module named 'memcache': ModuleNotFoundError: No module named 'memcache'[00m
2026-08-27 03:10:01.818 3276778 INFO oslo_service.periodic_task [None req-2e88400f-440c-44bb-8f88-b78268324a3f fake_user 6a6a9c9eee154e9cb8cec487b98d36ab - - - -] Skipping periodic task _discover_hosts_in_cells because its interval is negative[00m
{72} nova.tests.unit.scheduler.client.test_report.TestUsages.test_get_usages_counts_for_limits [0.525559s] ... ok
{13} nova.tests.unit.scheduler.client.test_report.TestPutAllocations.test_claim_resources_success_evacuate_with_shared [0.714127s] ... ok
{38} nova.tests.unit.scheduler.client.test_report.TestAggregates.test_get_provider_aggregates_found [0.645968s] ... ok
2026-08-27 03:10:01.845 3276752 ERROR stevedore.extension [None req-2ff09b13-ac71-4c29-8efe-9bfeb429cd58 fake_user 6a6a9c9eee154e9cb8cec487b98d36ab - - - -] Could not load 'oslo_cache.memcache_pool': No module named 'memcache': ModuleNotFoundError: No module named 'memcache'[00m
2026-08-27 03:10:01.853 3276793 ERROR stevedore.extension [None req-2fbb59ab-36e9-4309-900c-aa19bebf7bd0 fake_user 6a6a9c9eee154e9cb8cec487b98d36ab - - - -] Could not load 'oslo_cache.memcache_pool': No module named 'memcache': ModuleNotFoundError: No module named 'memcache'[00m
2026-08-27 03:10:01.859 3276784 ERROR stevedore.extension [None req-b3106f16-21ca-4607-acdf-a6a7ef9ccf38 fake_user 6a6a9c9eee154e9cb8cec487b98d36ab - - - -] Could not load 'oslo_cache.memcache_pool': No module named 'memcache': ModuleNotFoundError: No module named 'memcache'[00m
{24} nova.tests.unit.scheduler.client.test_report.TestAllocations.test_add_res_to_alloc_failed_to_put_alloc_non_conflict [0.508071s] ... ok
2026-08-27 03:10:01.873 3276778 ERROR stevedore.extension [None req-2e88400f-440c-44bb-8f88-b78268324a3f fake_user 6a6a9c9eee154e9cb8cec487b98d36ab - - - -] Could not load 'oslo_cache.memcache_pool': No module named 'memcache': ModuleNotFoundError: No module named 'memcache'[00m
2026-08-27 03:10:01.887 3276791 ERROR stevedore.extension [None req-9807d98e-faed-48b6-9213-ec6d4ccd20b1 fake_user 6a6a9c9eee154e9cb8cec487b98d36ab - - - -] Could not load 'oslo_cache.memcache_pool': No module named 'memcache': ModuleNotFoundError: No module named 'memcache'[00m
2026-08-27 03:10:01.924 3276721 INFO oslo_service.periodic_task [None req-b0097952-ed9d-4fa0-933f-759235c4f5fb fake_user 6a6a9c9eee154e9cb8cec487b98d36ab - - - -] Skipping periodic task _discover_hosts_in_cells because its interval is negative[00m
{53} nova.tests.unit.scheduler.client.test_report.TestAggregateAddRemoveHost.test_aggregate_add_host_success_no_existing [0.507431s] ... ok
2026-08-27 03:10:01.933 3276764 INFO oslo_service.periodic_task [None req-52dbc67c-e619-4077-933f-0d9022880bc6 fake_user 6a6a9c9eee154e9cb8cec487b98d36ab - - - -] Skipping periodic task _discover_hosts_in_cells because its interval is negative[00m
{52} nova.tests.unit.scheduler.client.test_report.TestProviderOperations.test_ensure_resource_provider_refresh_fetch [0.499123s] ... ok
2026-08-27 03:10:01.980 3276721 ERROR stevedore.extension [None req-b0097952-ed9d-4fa0-933f-759235c4f5fb fake_user 6a6a9c9eee154e9cb8cec487b98d36ab - - - -] Could not load 'oslo_cache.memcache_pool': No module named 'memcache': ModuleNotFoundError: No module named 'memcache'[00m
2026-08-27 03:10:01.991 3276764 ERROR stevedore.extension [None req-52dbc67c-e619-4077-933f-0d9022880bc6 fake_user 6a6a9c9eee154e9cb8cec487b98d36ab - - - -] Could not load 'oslo_cache.memcache_pool': No module named 'memcache': ModuleNotFoundError: No module named 'memcache'[00m
{55} nova.tests.unit.scheduler.client.test_report.TestAssociations.test_refresh_associations_disabled [0.525403s] ... ok
{129} nova.tests.unit.scheduler.client.test_report.TestAllocations.test_remove_res_from_alloc_empty_alloc [0.645091s] ... ok
{69} nova.tests.unit.scheduler.client.test_report.TestProviderOperations.test_get_resource_provider_error [0.698582s] ... ok
{81} nova.tests.unit.scheduler.client.test_report.TestProviderOperations.test_get_ac_no_trait_bogus_group_policy_custom_limit [0.686330s] ... ok
2026-08-27 03:10:02.054 3276736 INFO oslo_service.periodic_task [None req-c884e1e9-c3ef-402e-b161-dc226ec9c2e4 fake_user 6a6a9c9eee154e9cb8cec487b98d36ab - - - -] Skipping periodic task _discover_hosts_in_cells because its interval is negative[00m
2026-08-27 03:10:02.061 3276658 INFO oslo_service.periodic_task [None req-c19bc003-cc90-49dc-8607-889e4453656d fake_user 6a6a9c9eee154e9cb8cec487b98d36ab - - - -] Skipping periodic task _discover_hosts_in_cells because its interval is negative[00m
2026-08-27 03:10:02.131 3276658 ERROR stevedore.extension [None req-c19bc003-cc90-49dc-8607-889e4453656d fake_user 6a6a9c9eee154e9cb8cec487b98d36ab - - - -] Could not load 'oslo_cache.memcache_pool': No module named 'memcache': ModuleNotFoundError: No module named 'memcache'[00m
2026-08-27 03:10:02.128 3276736 ERROR stevedore.extension [None req-c884e1e9-c3ef-402e-b161-dc226ec9c2e4 fake_user 6a6a9c9eee154e9cb8cec487b98d36ab - - - -] Could not load 'oslo_cache.memcache_pool': No module named 'memcache': ModuleNotFoundError: No module named 'memcache'[00m
2026-08-27 03:10:02.149 3276769 INFO oslo_service.periodic_task [None req-fbafb7e5-5ebf-494d-adeb-c5cecbe402ad fake_user 6a6a9c9eee154e9cb8cec487b98d36ab - - - -] Skipping periodic task _discover_hosts_in_cells because its interval is negative[00m
{119} nova.tests.unit.scheduler.client.test_report.TestTraits.test_set_traits_for_provider_fail [0.657922s] ... ok
{3} nova.tests.unit.scheduler.client.test_report.SafeConnectedTestCase.test_missing_auth [0.794690s] ... ok
2026-08-27 03:10:02.200 3276769 ERROR stevedore.extension [None req-fbafb7e5-5ebf-494d-adeb-c5cecbe402ad fake_user 6a6a9c9eee154e9cb8cec487b98d36ab - - - -] Could not load 'oslo_cache.memcache_pool': No module named 'memcache': ModuleNotFoundError: No module named 'memcache'[00m
{42} nova.tests.unit.scheduler.client.test_report.TestAggregateAddRemoveHost.test_aggregate_remove_host_retry_success [0.784358s] ... ok
{63} nova.tests.unit.scheduler.client.test_report.TestAggregateAddRemoveHost.test_aggregate_remove_host_retry_raises [0.747097s] ... ok
{100} nova.tests.unit.scheduler.client.test_report.TestAllocations.test_remove_res_from_alloc_failed_to_get_alloc [0.589543s] ... ok
{46} nova.tests.unit.scheduler.client.test_report.TestTraits.test_set_traits_for_provider [0.794030s] ... ok
{44} nova.tests.unit.scheduler.client.test_report.TestMoveAllocations.test_409_concurrent_consumer_update [0.502061s] ... ok
{11} nova.tests.unit.scheduler.client.test_report.TestPutAllocations.test_remove_provider_from_inst_alloc_no_shared [0.524493s] ... ok
{59} nova.tests.unit.scheduler.client.test_report.TestAllocations.test_add_res_to_alloc_run_out_of_retries [0.965617s] ... ok
{16} nova.tests.unit.scheduler.client.test_report.SafeConnectedTestCase.test_missing_endpoint [0.886380s] ... FAILED

Captured traceback:
~~~~~~~~~~~~~~~~~~~
    Traceback (most recent call last):

      File "/home/zhihao/hdd/marshal/benchmarks/cross-repo-pr-impact/results/single-case-pipeline-849986-851909-v1-2026-08-27/replay-work/formal-opendev-849986--target-851909/target-a1/.tox/py3/lib/python3.10/site-packages/mock/mock.py", line 1346, in patched
    return func(*newargs, **newkeywargs)

      File "/home/zhihao/hdd/marshal/benchmarks/cross-repo-pr-impact/results/single-case-pipeline-849986-851909-v1-2026-08-27/replay-work/formal-opendev-849986--target-851909/target-a1/nova/tests/unit/scheduler/client/test_report.py", line 60, in test_missing_endpoint
    self.assertTrue(req.called)

      File "/home/zhihao/.local/share/uv/python/cpython-3.10.19-linux-x86_64-gnu/lib/python3.10/unittest/case.py", line 687, in assertTrue
    raise self.failureException(msg)

    AssertionError: False is not true


Captured pythonlogging:
~~~~~~~~~~~~~~~~~~~~~~~
    2026-08-27 03:10:02,381 WARNING [oslo_policy.policy] JSON formatted policy_file support is deprecated since Victoria release. You need to use YAML format which will be default in future. You can use ``oslopolicy-convert-json-to-yaml`` tool to convert existing JSON-formatted policy file to YAML-formatted in backward compatible way: https://docs.openstack.org/oslo.policy/latest/cli/oslopolicy-convert-json-to-yaml.html.
2026-08-27 03:10:02,383 WARNING [oslo_policy.policy] JSON formatted policy_file support is deprecated since Victoria release. You need to use YAML format which will be default in future. You can use ``oslopolicy-convert-json-to-yaml`` tool to convert existing JSON-formatted policy file to YAML-formatted in backward compatible way: https://docs.openstack.org/oslo.policy/latest/cli/oslopolicy-convert-json-to-yaml.html.
2026-08-27 03:10:02,386 WARNING [oslo_policy.policy] Policy Rules ['os_compute_api:extensions', 'os_compute_api:os-floating-ip-pools', 'os_compute_api:os-quota-sets:defaults', 'os_compute_api:os-availability-zone:list', 'os_compute_api:limits', 'project_admin_api', 'project_member_api', 'project_reader_api', 'project_reader_or_admin', 'os_compute_api:limits:other_project', 'os_compute_api:os-lock-server:unlock:unlock_override', 'os_compute_api:servers:create:zero_disk_flavor', 'compute:servers:resize:cross_cell'] specified in policy files are the same as the defaults provided by the service. You can remove these rules from policy files which will make maintenance easier. You can detect these redundant rules by ``oslopolicy-list-redundant`` tool also.
2026-08-27 03:10:02,419 WARNING [nova.scheduler.client.report] The placement API endpoint was not found.

{101} nova.tests.unit.scheduler.client.test_report.TestAggregates.test_get_provider_aggregates_error [0.803836s] ... ok
2026-08-27 03:10:02.444 3276709 INFO oslo_service.periodic_task [None req-476c88cd-5e81-4022-90b1-24eda99b9a64 fake_user 6a6a9c9eee154e9cb8cec487b98d36ab - - - -] Skipping periodic task _discover_hosts_in_cells because its interval is negative[00m
{133} nova.tests.unit.scheduler.client.test_report.TestProviderOperations.test_get_providers_in_tree_ksa_exc [0.777482s] ... ok
{105} nova.tests.unit.scheduler.client.test_report.TestPutAllocations.test_remove_provider_from_inst_alloc_fail_get_allocs [0.604950s] ... ok
{82} nova.tests.unit.scheduler.client.test_report.TestAllocations.test_remove_res_from_alloc_not_enough_resource_to_remove [0.520939s] ... ok
{142} nova.tests.unit.scheduler.client.test_report.TestProviderOperations.test_set_aggregates_for_provider_fail [0.621633s] ... ok
{50} nova.tests.unit.scheduler.client.test_report.TestProviderOperations.test_delete_provider_fail [0.808481s] ... ok
2026-08-27 03:10:02.511 3276709 ERROR stevedore.extension [None req-476c88cd-5e81-4022-90b1-24eda99b9a64 fake_user 6a6a9c9eee154e9cb8cec487b98d36ab - - - -] Could not load 'oslo_cache.memcache_pool': No module named 'memcache': ModuleNotFoundError: No module named 'memcache'[00m
{48} nova.tests.unit.scheduler.client.test_report.TestProviderOperations.test_create_resource_provider [0.808980s] ... ok
2026-08-27 03:10:02.543 3276797 INFO oslo_service.periodic_task [None req-58721a78-6a18-40b0-a627-c0ef91ed0442 fake_user 6a6a9c9eee154e9cb8cec487b98d36ab - - - -] Skipping periodic task _discover_hosts_in_cells because its interval is negative[00m
{71} nova.tests.unit.scheduler.client.test_report.TestPutAllocations.test_claim_resources_success_resize_to_same_host_no_shared [0.824432s] ... ok
2026-08-27 03:10:02.597 3276749 INFO oslo_service.periodic_task [None req-4d10bdcc-9a34-4d17-a7ac-3a2a1f8b72f8 fake_user 6a6a9c9eee154e9cb8cec487b98d36ab - - - -] Skipping periodic task _discover_hosts_in_cells because its interval is negative[00m
{36} nova.tests.unit.scheduler.client.test_report.TestProviderOperations.test_get_allocation_candidates_not_found [1.399843s] ... ok
2026-08-27 03:10:02.608 3276797 ERROR stevedore.extension [None req-58721a78-6a18-40b0-a627-c0ef91ed0442 fake_user 6a6a9c9eee154e9cb8cec487b98d36ab - - - -] Could not load 'oslo_cache.memcache_pool': No module named 'memcache': ModuleNotFoundError: No module named 'memcache'[00m
{22} nova.tests.unit.scheduler.client.test_report.TestPutAllocations.test_claim_resources_fail_due_to_rp_generation_retry_success [0.542308s] ... ok
2026-08-27 03:10:02.651 3276749 ERROR stevedore.extension [None req-4d10bdcc-9a34-4d17-a7ac-3a2a1f8b72f8 fake_user 6a6a9c9eee154e9cb8cec487b98d36ab - - - -] Could not load 'oslo_cache.memcache_pool': No module named 'memcache': ModuleNotFoundError: No module named 'memcache'[00m
{108} nova.tests.unit.scheduler.client.test_report.TestConstructor.test_constructor_admin_interface [0.874969s] ... ok
{127} nova.tests.unit.scheduler.client.test_report.TestProviderOperations.test_get_providers_in_tree_error [0.468391s] ... ok
{6} nova.tests.unit.scheduler.client.test_report.TestPutAllocations.test_remove_provider_from_inst_alloc_no_source [0.848152s] ... ok
{121} nova.tests.unit.scheduler.client.test_report.TestAllocations.test_add_res_to_alloc_failed_to_get_alloc [0.506822s] ... ok
{32} nova.tests.unit.scheduler.client.test_report.TestPutAllocations.test_put_allocations_fail [0.863046s] ... ok
{49} nova.tests.unit.scheduler.client.test_report.TestAllocations.test_remove_res_from_alloc_missing_rc [0.797690s] ... ok
{64} nova.tests.unit.scheduler.client.test_report.SafeConnectedTestCase.test_missing_endpoint_create_client [0.507689s] ... ok
{92} nova.tests.unit.scheduler.client.test_report.TestAllocations.test_add_res_to_alloc_empty_addition [0.803098s] ... ok
{138} nova.tests.unit.scheduler.client.test_report.TestProviderOperations.test_ensure_resource_provider_tree [0.481322s] ... ok
{89} nova.tests.unit.scheduler.client.test_report.TestAllocations.test_remove_res_from_alloc_remove_rc_when_value_dropped_to_zero [0.775227s] ... ok
{112} nova.tests.unit.scheduler.client.test_report.TestPutAllocations.test_put_allocations [0.831721s] ... ok
{60} nova.tests.unit.scheduler.client.test_report.TestMoveAllocations.test_move_to_non_empty_target [0.833403s] ... ok
{107} nova.tests.unit.scheduler.client.test_report.TestProviderOperations.test_set_aggregates_for_provider_no_short_circuit [0.508558s] ... ok
{54} nova.tests.unit.scheduler.client.test_report.TestAllocations.test_get_allocations_for_resource_provider_fail [0.793436s] ... ok
{94} nova.tests.unit.scheduler.client.test_report.TestAllocations.test_delete_resource_providers_by_order [0.841630s] ... ok
{135} nova.tests.unit.scheduler.client.test_report.TestMoveAllocations.test_not_409_failure [1.122583s] ... ok
{116} nova.tests.unit.scheduler.client.test_report.TestAggregateAddRemoveHost.test_aggregate_add_host_no_placement [0.812379s] ... ok
{84} nova.tests.unit.scheduler.client.test_report.TestMoveAllocations.test_move_to_empty_target [0.813946s] ... ok
2026-08-27 03:10:02.928 3276741 INFO oslo_service.periodic_task [None req-28d9982a-e1d9-4cd8-8b23-58e4cede9dfc fake_user 6a6a9c9eee154e9cb8cec487b98d36ab - - - -] Skipping periodic task _discover_hosts_in_cells because its interval is negative[00m
{8} nova.tests.unit.scheduler.client.test_report.TestAggregateAddRemoveHost.test_aggregate_remove_host_success_already_existing [0.883208s] ... ok
{97} nova.tests.unit.scheduler.client.test_report.TestProviderOperations.test_get_sharing_providers_error [0.448455s] ... ok
{43} nova.tests.unit.scheduler.client.test_report.TestProviderOperations.test_delete_provider [0.839287s] ... ok
{106} nova.tests.unit.scheduler.client.test_report.TestTraits.test_ensure_traits_fail_creation [0.791175s] ... ok
2026-08-27 03:10:02.968 3276794 INFO oslo_service.periodic_task [None req-52c02278-62af-4bc7-9586-176ab72e7753 fake_user 6a6a9c9eee154e9cb8cec487b98d36ab - - - -] Skipping periodic task _discover_hosts_in_cells because its interval is negative[00m
{90} nova.tests.unit.scheduler.client.test_report.TestAllocations.test_get_allocs_for_consumer_fail [0.790658s] ... ok
2026-08-27 03:10:02.997 3276741 ERROR stevedore.extension [None req-28d9982a-e1d9-4cd8-8b23-58e4cede9dfc fake_user 6a6a9c9eee154e9cb8cec487b98d36ab - - - -] Could not load 'oslo_cache.memcache_pool': No module named 'memcache': ModuleNotFoundError: No module named 'memcache'[00m
2026-08-27 03:10:03.017 3276794 ERROR stevedore.extension [None req-52c02278-62af-4bc7-9586-176ab72e7753 fake_user 6a6a9c9eee154e9cb8cec487b98d36ab - - - -] Could not load 'oslo_cache.memcache_pool': No module named 'memcache': ModuleNotFoundError: No module named 'memcache'[00m
2026-08-27 03:10:03.049 3276757 INFO oslo_service.periodic_task [None req-291c2b68-8a41-4121-955d-7d0911c14232 fake_user 6a6a9c9eee154e9cb8cec487b98d36ab - - - -] Skipping periodic task _discover_hosts_in_cells because its interval is negative[00m
{111} nova.tests.unit.scheduler.client.test_report.SafeConnectedTestCase.test_failed_discovery [0.516310s] ... ok
{47} nova.tests.unit.scheduler.client.test_report.TestPutAllocations.test_claim_resources_success_force_evacuate_with_shared [0.866162s] ... ok
2026-08-27 03:10:03.175 3276757 ERROR stevedore.extension [None req-291c2b68-8a41-4121-955d-7d0911c14232 fake_user 6a6a9c9eee154e9cb8cec487b98d36ab - - - -] Could not load 'oslo_cache.memcache_pool': No module named 'memcache': ModuleNotFoundError: No module named 'memcache'[00m
{117} nova.tests.unit.scheduler.client.test_report.TestProviderOperations.test_get_resource_provider_name_rp_not_found_in_placement [0.508394s] ... ok
{141} nova.tests.unit.scheduler.client.test_report.TestAssociations.test_refresh_associations_no_refresh_sharing [0.778247s] ... ok
{79} nova.tests.unit.scheduler.client.test_report.TestAllocations.test_add_res_to_alloc_retry_succeed [0.626327s] ... ok
{66} nova.tests.unit.scheduler.client.test_report.TestUsages.test_get_usages_counts_for_limits_fails [0.461599s] ... ok
{132} nova.tests.unit.scheduler.client.test_report.TestAllocations.test_remove_res_from_alloc_run_out_of_retries [0.463175s] ... ok
{139} nova.tests.unit.scheduler.client.test_report.TestTraits.test_ensure_traits_fail_retrieval [0.402975s] ... ok
{62} nova.tests.unit.scheduler.client.test_report.TestAllocations.test_get_allocs_for_consumer_safe_connect_fail [1.288174s] ... ok
{10} nova.tests.unit.scheduler.client.test_report.TestAggregateAddRemoveHost.test_aggregate_add_host_retry_success [0.927795s] ... ok
{76} nova.tests.unit.scheduler.client.test_report.TestProviderOperations.test_get_resource_provider_found [0.509162s] ... ok
{136} nova.tests.unit.scheduler.client.test_report.TestProviderOperations.test_set_aggregates_for_provider [0.484870s] ... ok
{113} nova.tests.unit.scheduler.client.test_report.TestProviderOperations.test_ensure_resource_provider_refresh_create [0.814070s] ... ok
2026-08-27 03:10:03.556 3276768 INFO oslo_service.periodic_task [None req-fa37e132-029f-4c19-80e3-ed7e0db3907a fake_user 6a6a9c9eee154e9cb8cec487b98d36ab - - - -] Skipping periodic task _discover_hosts_in_cells because its interval is negative[00m
{128} nova.tests.unit.scheduler.client.test_report.TestConstructor.test_constructor [0.821934s] ... ok
{27} nova.tests.unit.scheduler.client.test_report.TestProviderOperations.test_create_resource_provider_error [1.170370s] ... ok
{75} nova.tests.unit.scheduler.client.test_report.TestAggregateAddRemoveHost.test_get_provider_by_name_success [0.853240s] ... ok
2026-08-27 03:10:03.626 3276768 ERROR stevedore.extension [None req-fa37e132-029f-4c19-80e3-ed7e0db3907a fake_user 6a6a9c9eee154e9cb8cec487b98d36ab - - - -] Could not load 'oslo_cache.memcache_pool': No module named 'memcache': ModuleNotFoundError: No module named 'memcache'[00m
{96} nova.tests.unit.scheduler.client.test_report.TestProviderOperations.test_create_resource_provider_name_conflict [0.893383s] ... ok
{118} nova.tests.unit.scheduler.client.test_report.SafeConnectedTestCase.test_connect_fail [0.875769s] ... ok
{86} nova.tests.unit.scheduler.client.test_report.TestTraits.test_get_provider_traits_placement_comm_error [0.828692s] ... ok
{35} nova.tests.unit.scheduler.client.test_report.TestAllocations.test_remove_res_from_alloc_retry_succeed [0.417011s] ... ok
{131} nova.tests.unit.scheduler.client.test_report.TestPutAllocations.test_claim_resources_success_force_evacuate_no_shared [1.566172s] ... ok
{99} nova.tests.unit.scheduler.client.test_report.TestPutAllocations.test_remove_provider_tree_from_inst_alloc_nested [0.875565s] ... ok
{17} nova.tests.unit.scheduler.client.test_report.TestAllocations.test_delete_resource_provider_placement_exception [0.894158s] ... ok
{130} nova.tests.unit.scheduler.client.test_report.TestProviderOperations.test_get_sharing_providers [0.656242s] ... ok
{122} nova.tests.unit.scheduler.client.test_report.TestUsages.test_get_usages_count_with_pcpu [0.711253s] ... ok
{123} nova.tests.unit.scheduler.client.test_report.TestAggregateAddRemoveHost.test_aggregate_add_host_success_already_existing [0.934749s] ... ok
{124} nova.tests.unit.scheduler.client.test_report.TestAggregateAddRemoveHost.test_aggregate_add_host_rp_uuid [0.694268s] ... ok
{20} nova.tests.unit.scheduler.client.test_report.SafeConnectedTestCase.test_warning_limit [0.876812s] ... ok
{140} nova.tests.unit.scheduler.client.test_report.TestAllocations.test_delete_resource_provider_no_cascade [0.339744s] ... ok
{110} nova.tests.unit.scheduler.client.test_report.TestAggregateAddRemoveHost.test_get_provider_by_name_404 [0.520753s] ... ok
{143} nova.tests.unit.scheduler.client.test_report.TestAggregateAddRemoveHost.test_get_provider_by_name_multiple_results [0.445616s] ... ok
{56} nova.tests.unit.scheduler.client.test_report.TestAssociations.test_refresh_associations_no_last [0.533296s] ... ok
{120} nova.tests.unit.scheduler.client.test_report.TestUsages.test_get_usages_counts_for_quota_fail [0.857648s] ... ok
{98} nova.tests.unit.scheduler.client.test_report.TestProviderOperations.test_put_empty [0.792451s] ... ok
{126} nova.tests.unit.scheduler.client.test_report.TestAssociations.test_refresh_associations_not_stale [0.813614s] ... ok
{68} nova.tests.unit.scheduler.client.test_report.TestAllocations.test_remove_allocations_for_evacuated_instances [0.828169s] ... ok
{137} nova.tests.unit.scheduler.client.test_report.TestTraits.test_set_traits_for_provider_with_generation [0.714873s] ... ok
{83} nova.tests.unit.scheduler.client.test_report.TestAllocations.test_get_allocs_for_consumer [0.760748s] ... ok
{115} nova.tests.unit.scheduler.client.test_report.TestTraits.test_ensure_traits [0.760299s] ... ok
{95} nova.tests.unit.scheduler.client.test_report.TestAggregateAddRemoveHost.test_aggregate_add_host_retry_raises [0.578161s] ... ok
{104} nova.tests.unit.scheduler.client.test_report.TestAllocations.test_add_res_to_alloc [1.177563s] ... ok
{77} nova.tests.unit.scheduler.client.test_report.TestResourceClass.test_ensure_resource_classes [0.728836s] ... ok
{103} nova.tests.unit.scheduler.client.test_report.TestPutAllocations.test_put_allocations_retries_conflict [0.533256s] ... ok
{87} nova.tests.unit.scheduler.client.test_report.TestProviderOperations.test_ensure_resource_provider_create_fail [0.721051s] ... ok
{114} nova.tests.unit.scheduler.client.test_report.TestProviderOperations.test_ensure_resource_provider_create [0.496433s] ... ok

==============================
Failed 1 tests - output below:
==============================

nova.tests.unit.scheduler.client.test_report.SafeConnectedTestCase.test_missing_endpoint
----------------------------------------------------------------------------------------

Captured traceback:
~~~~~~~~~~~~~~~~~~~
    Traceback (most recent call last):

      File "/home/zhihao/hdd/marshal/benchmarks/cross-repo-pr-impact/results/single-case-pipeline-849986-851909-v1-2026-08-27/replay-work/formal-opendev-849986--target-851909/target-a1/.tox/py3/lib/python3.10/site-packages/mock/mock.py", line 1346, in patched
    return func(*newargs, **newkeywargs)

      File "/home/zhihao/hdd/marshal/benchmarks/cross-repo-pr-impact/results/single-case-pipeline-849986-851909-v1-2026-08-27/replay-work/formal-opendev-849986--target-851909/target-a1/nova/tests/unit/scheduler/client/test_report.py", line 60, in test_missing_endpoint
    self.assertTrue(req.called)

      File "/home/zhihao/.local/share/uv/python/cpython-3.10.19-linux-x86_64-gnu/lib/python3.10/unittest/case.py", line 687, in assertTrue
    raise self.failureException(msg)

    AssertionError: False is not true


Captured pythonlogging:
~~~~~~~~~~~~~~~~~~~~~~~
    2026-08-27 03:10:02,381 WARNING [oslo_policy.policy] JSON formatted policy_file support is deprecated since Victoria release. You need to use YAML format which will be default in future. You can use ``oslopolicy-convert-json-to-yaml`` tool to convert existing JSON-formatted policy file to YAML-formatted in backward compatible way: https://docs.openstack.org/oslo.policy/latest/cli/oslopolicy-convert-json-to-yaml.html.
2026-08-27 03:10:02,383 WARNING [oslo_policy.policy] JSON formatted policy_file support is deprecated since Victoria release. You need to use YAML format which will be default in future. You can use ``oslopolicy-convert-json-to-yaml`` tool to convert existing JSON-formatted policy file to YAML-formatted in backward compatible way: https://docs.openstack.org/oslo.policy/latest/cli/oslopolicy-convert-json-to-yaml.html.
2026-08-27 03:10:02,386 WARNING [oslo_policy.policy] Policy Rules ['os_compute_api:extensions', 'os_compute_api:os-floating-ip-pools', 'os_compute_api:os-quota-sets:defaults', 'os_compute_api:os-availability-zone:list', 'os_compute_api:limits', 'project_admin_api', 'project_member_api', 'project_reader_api', 'project_reader_or_admin', 'os_compute_api:limits:other_project', 'os_compute_api:os-lock-server:unlock:unlock_override', 'os_compute_api:servers:create:zero_disk_flavor', 'compute:servers:resize:cross_cell'] specified in policy files are the same as the defaults provided by the service. You can remove these rules from policy files which will make maintenance easier. You can detect these redundant rules by ``oslopolicy-list-redundant`` tool also.
2026-08-27 03:10:02,419 WARNING [nova.scheduler.client.report] The placement API endpoint was not found.



======
Totals
======
Ran: 145 tests in 6.5454 sec.
 - Passed: 144
 - Skipped: 0
 - Expected Fail: 0
 - Unexpected Success: 0
 - Failed: 1
Sum of execute time for each test: 97.2456 sec.

==============
Worker Balance
==============
 - Worker 0 (2 tests) => 0:00:00.592576
 - Worker 1 (1 tests) => 0:00:00.551369
 - Worker 2 (1 tests) => 0:00:00.795880
 - Worker 3 (1 tests) => 0:00:00.794690
 - Worker 4 (1 tests) => 0:00:00.758190
 - Worker 5 (1 tests) => 0:00:00.691662
 - Worker 6 (1 tests) => 0:00:00.848152
 - Worker 7 (1 tests) => 0:00:00.421022
 - Worker 8 (1 tests) => 0:00:00.883208
 - Worker 9 (1 tests) => 0:00:00.431632
 - Worker 10 (1 tests) => 0:00:00.927795
 - Worker 11 (1 tests) => 0:00:00.524493
 - Worker 12 (1 tests) => 0:00:00.458369
 - Worker 13 (1 tests) => 0:00:00.714127
 - Worker 14 (1 tests) => 0:00:00.456437
 - Worker 15 (1 tests) => 0:00:00.548532
 - Worker 16 (1 tests) => 0:00:00.886380
 - Worker 17 (1 tests) => 0:00:00.894158
 - Worker 18 (1 tests) => 0:00:00.426154
 - Worker 19 (1 tests) => 0:00:00.338954
 - Worker 20 (1 tests) => 0:00:00.876812
 - Worker 21 (1 tests) => 0:00:00.492579
 - Worker 22 (1 tests) => 0:00:00.542308
 - Worker 23 (1 tests) => 0:00:00.728279
 - Worker 24 (1 tests) => 0:00:00.508071
 - Worker 25 (1 tests) => 0:00:00.693363
 - Worker 26 (1 tests) => 0:00:00.977088
 - Worker 27 (1 tests) => 0:00:01.170370
 - Worker 28 (1 tests) => 0:00:00.515365
 - Worker 29 (1 tests) => 0:00:00.691664
 - Worker 30 (1 tests) => 0:00:00.473555
 - Worker 31 (1 tests) => 0:00:00.519475
 - Worker 32 (1 tests) => 0:00:00.863046
 - Worker 33 (1 tests) => 0:00:00.397473
 - Worker 34 (1 tests) => 0:00:00.773202
 - Worker 35 (1 tests) => 0:00:00.417011
 - Worker 36 (1 tests) => 0:00:01.399843
 - Worker 37 (1 tests) => 0:00:00.698683
 - Worker 38 (1 tests) => 0:00:00.645968
 - Worker 39 (1 tests) => 0:00:00.470771
 - Worker 40 (1 tests) => 0:00:00.503028
 - Worker 41 (1 tests) => 0:00:00.368763
 - Worker 42 (1 tests) => 0:00:00.784358
 - Worker 43 (1 tests) => 0:00:00.839287
 - Worker 44 (1 tests) => 0:00:00.502061
 - Worker 45 (1 tests) => 0:00:00.590643
 - Worker 46 (1 tests) => 0:00:00.794030
 - Worker 47 (1 tests) => 0:00:00.866162
 - Worker 48 (1 tests) => 0:00:00.808980
 - Worker 49 (1 tests) => 0:00:00.797690
 - Worker 50 (1 tests) => 0:00:00.808481
 - Worker 51 (1 tests) => 0:00:00.489658
 - Worker 52 (1 tests) => 0:00:00.499123
 - Worker 53 (1 tests) => 0:00:00.507431
 - Worker 54 (1 tests) => 0:00:00.793436
 - Worker 55 (1 tests) => 0:00:00.525403
 - Worker 56 (1 tests) => 0:00:00.533296
 - Worker 57 (1 tests) => 0:00:00.577070
 - Worker 58 (1 tests) => 0:00:00.478933
 - Worker 59 (1 tests) => 0:00:00.965617
 - Worker 60 (1 tests) => 0:00:00.833403
 - Worker 61 (1 tests) => 0:00:00.492261
 - Worker 62 (1 tests) => 0:00:01.288174
 - Worker 63 (1 tests) => 0:00:00.747097
 - Worker 64 (1 tests) => 0:00:00.507689
 - Worker 65 (1 tests) => 0:00:00.709194
 - Worker 66 (1 tests) => 0:00:00.461599
 - Worker 67 (1 tests) => 0:00:00.622918
 - Worker 68 (1 tests) => 0:00:00.828169
 - Worker 69 (1 tests) => 0:00:00.698582
 - Worker 70 (1 tests) => 0:00:00.495699
 - Worker 71 (1 tests) => 0:00:00.824432
 - Worker 72 (1 tests) => 0:00:00.525559
 - Worker 73 (1 tests) => 0:00:00.749689
 - Worker 74 (1 tests) => 0:00:00.555260
 - Worker 75 (1 tests) => 0:00:00.853240
 - Worker 76 (1 tests) => 0:00:00.509162
 - Worker 77 (1 tests) => 0:00:00.728836
 - Worker 78 (1 tests) => 0:00:00.515663
 - Worker 79 (1 tests) => 0:00:00.626327
 - Worker 80 (1 tests) => 0:00:00.553937
 - Worker 81 (1 tests) => 0:00:00.686330
 - Worker 82 (1 tests) => 0:00:00.520939
 - Worker 83 (1 tests) => 0:00:00.760748
 - Worker 84 (1 tests) => 0:00:00.813946
 - Worker 85 (1 tests) => 0:00:00.557407
 - Worker 86 (1 tests) => 0:00:00.828692
 - Worker 87 (1 tests) => 0:00:00.721051
 - Worker 88 (1 tests) => 0:00:00.561412
 - Worker 89 (1 tests) => 0:00:00.775227
 - Worker 90 (1 tests) => 0:00:00.790658
 - Worker 91 (1 tests) => 0:00:00.506670
 - Worker 92 (1 tests) => 0:00:00.803098
 - Worker 93 (1 tests) => 0:00:00.499415
 - Worker 94 (1 tests) => 0:00:00.841630
 - Worker 95 (1 tests) => 0:00:00.578161
 - Worker 96 (1 tests) => 0:00:00.893383
 - Worker 97 (1 tests) => 0:00:00.448455
 - Worker 98 (1 tests) => 0:00:00.792451
 - Worker 99 (1 tests) => 0:00:00.875565
 - Worker 100 (1 tests) => 0:00:00.589543
 - Worker 101 (1 tests) => 0:00:00.803836
 - Worker 102 (1 tests) => 0:00:00.496163
 - Worker 103 (1 tests) => 0:00:00.533256
 - Worker 104 (1 tests) => 0:00:01.177563
 - Worker 105 (1 tests) => 0:00:00.604950
 - Worker 106 (1 tests) => 0:00:00.791175
 - Worker 107 (1 tests) => 0:00:00.508558
 - Worker 108 (1 tests) => 0:00:00.874969
 - Worker 109 (1 tests) => 0:00:00.532003
 - Worker 110 (1 tests) => 0:00:00.520753
 - Worker 111 (1 tests) => 0:00:00.516310
 - Worker 112 (1 tests) => 0:00:00.831721
 - Worker 113 (1 tests) => 0:00:00.814070
 - Worker 114 (1 tests) => 0:00:00.496433
 - Worker 115 (1 tests) => 0:00:00.760299
 - Worker 116 (1 tests) => 0:00:00.812379
 - Worker 117 (1 tests) => 0:00:00.508394
 - Worker 118 (1 tests) => 0:00:00.875769
 - Worker 119 (1 tests) => 0:00:00.657922
 - Worker 120 (1 tests) => 0:00:00.857648
 - Worker 121 (1 tests) => 0:00:00.506822
 - Worker 122 (1 tests) => 0:00:00.711253
 - Worker 123 (1 tests) => 0:00:00.934749
 - Worker 124 (1 tests) => 0:00:00.694268
 - Worker 125 (1 tests) => 0:00:00.535994
 - Worker 126 (1 tests) => 0:00:00.813614
 - Worker 127 (1 tests) => 0:00:00.468391
 - Worker 128 (1 tests) => 0:00:00.821934
 - Worker 129 (1 tests) => 0:00:00.645091
 - Worker 130 (1 tests) => 0:00:00.656242
 - Worker 131 (1 tests) => 0:00:01.566172
 - Worker 132 (1 tests) => 0:00:00.463175
 - Worker 133 (1 tests) => 0:00:00.777482
 - Worker 134 (1 tests) => 0:00:00.481627
 - Worker 135 (1 tests) => 0:00:01.122583
 - Worker 136 (1 tests) => 0:00:00.484870
 - Worker 137 (1 tests) => 0:00:00.714873
 - Worker 138 (1 tests) => 0:00:00.481322
 - Worker 139 (1 tests) => 0:00:00.402975
 - Worker 140 (1 tests) => 0:00:00.339744
 - Worker 141 (1 tests) => 0:00:00.778247
 - Worker 142 (1 tests) => 0:00:00.621633
 - Worker 143 (1 tests) => 0:00:00.445616
