GROUP,PACKAGE,CLASS,INSTRUCTION_MISSED,INSTRUCTION_COVERED,BRANCH_MISSED,BRANCH_COVERED,LINE_MISSED,LINE_COVERED,COMPLEXITY_MISSED,COMPLEXITY_COVERED,METHOD_MISSED,METHOD_COVERED
JaCoCo Coverage Report,org.apache.logging.log4j.core.config,LoggersPlugin,49,0,8,0,10,0,5,0,1,0
JaCoCo Coverage Report,org.apache.logging.log4j.core.config,LoggerConfig.RootLogger.Builder,109,0,0,0,29,0,19,0,19,0
JaCoCo Coverage Report,org.apache.logging.log4j.core.config,Node,166,22,10,0,37,7,22,1,17,1
JaCoCo Coverage Report,org.apache.logging.log4j.core.config,DefaultConfiguration,0,8,0,0,0,4,0,2,0,2
JaCoCo Coverage Report,org.apache.logging.log4j.core.config,CronScheduledFuture.FutureData,12,0,0,0,4,0,1,0,1,0
JaCoCo Coverage Report,org.apache.logging.log4j.core.config,AppenderControlArraySet,119,66,15,3,22,14,13,6,4,6
JaCoCo Coverage Report,org.apache.logging.log4j.core.config,ReliabilityStrategyFactory,65,0,6,0,12,0,4,0,1,0
JaCoCo Coverage Report,org.apache.logging.log4j.core.config,LoggerConfig,668,169,84,18,161,44,84,13,37,9
JaCoCo Coverage Report,org.apache.logging.log4j.core.config,AppenderControl,247,38,35,1,53,10,36,3,18,3
JaCoCo Coverage Report,org.apache.logging.log4j.core.config,LoggerConfig.LoggerConfigPredicate,34,0,0,0,4,0,1,0,1,0
JaCoCo Coverage Report,org.apache.logging.log4j.core.config,HttpWatcher,230,0,13,0,55,0,14,0,7,0
JaCoCo Coverage Report,org.apache.logging.log4j.core.config,LoggerConfig.Builder,139,0,6,0,33,0,24,0,21,0
JaCoCo Coverage Report,org.apache.logging.log4j.core.config,AppenderRef,41,0,2,0,14,0,8,0,7,0
JaCoCo Coverage Report,org.apache.logging.log4j.core.config,AwaitCompletionReliabilityStrategy,173,0,18,0,49,0,20,0,11,0
JaCoCo Coverage Report,org.apache.logging.log4j.core.config,OrderComparator,8,39,5,3,3,9,4,4,0,4
JaCoCo Coverage Report,org.apache.logging.log4j.core.config,ConfigurationScheduler.CronRunnable,100,0,2,0,21,0,5,0,4,0
JaCoCo Coverage Report,org.apache.logging.log4j.core.config,CronScheduledFuture,64,0,0,0,13,0,10,0,10,0
JaCoCo Coverage Report,org.apache.logging.log4j.core.config,LoggerConfig.RootLogger,35,0,2,0,7,0,4,0,3,0
JaCoCo Coverage Report,org.apache.logging.log4j.core.config,ScriptsPlugin,2,0,0,0,1,0,1,0,1,0
JaCoCo Coverage Report,org.apache.logging.log4j.core.config,ConfigurationSource,471,114,58,8,110,30,51,8,19,7
JaCoCo Coverage Report,org.apache.logging.log4j.core.config,PropertiesPlugin,66,0,4,0,16,0,7,0,5,0
JaCoCo Coverage Report,org.apache.logging.log4j.core.config,ConfigurationFileWatcher,65,0,6,0,15,0,9,0,6,0
JaCoCo Coverage Report,org.apache.logging.log4j.core.config,ConfigurationFactory.Factory,484,194,86,30,102,43,54,12,6,2
JaCoCo Coverage Report,org.apache.logging.log4j.core.config,ConfigurationScheduler,272,40,22,2,62,13,24,5,12,5
JaCoCo Coverage Report,org.apache.logging.log4j.core.config,NullConfiguration,0,14,0,0,0,5,0,1,0,1
JaCoCo Coverage Report,org.apache.logging.log4j.core.config,DefaultAdvertiser,3,3,0,0,2,1,2,1,2,1
JaCoCo Coverage Report,org.apache.logging.log4j.core.config,CustomLevels,22,0,2,0,5,0,4,0,3,0
JaCoCo Coverage Report,org.apache.logging.log4j.core.config,DefaultReliabilityStrategy,30,11,0,0,8,5,5,3,5,3
JaCoCo Coverage Report,org.apache.logging.log4j.core.config,LoggerConfig.LoggerConfigPredicate.new LoggerConfig.LoggerConfigPredicate() {...},9,0,0,0,2,0,2,0,2,0
JaCoCo Coverage Report,org.apache.logging.log4j.core.config,LoggerConfig.LoggerConfigPredicate.new LoggerConfig.LoggerConfigPredicate() {...},8,0,0,0,2,0,2,0,2,0
JaCoCo Coverage Report,org.apache.logging.log4j.core.config,LoggerConfig.LoggerConfigPredicate.new LoggerConfig.LoggerConfigPredicate() {...},14,0,2,0,2,0,3,0,2,0
JaCoCo Coverage Report,org.apache.logging.log4j.core.config,LockingReliabilityStrategy,114,0,6,0,33,0,12,0,9,0
JaCoCo Coverage Report,org.apache.logging.log4j.core.config,PropertiesPlugin.NullLookup,22,0,0,0,6,0,5,0,5,0
JaCoCo Coverage Report,org.apache.logging.log4j.core.config,LoggerConfig.LevelAndRefs,3,0,0,0,1,0,1,0,1,0
JaCoCo Coverage Report,org.apache.logging.log4j.core.config,AwaitUnconditionallyReliabilityStrategy,61,0,2,0,20,0,11,0,10,0
JaCoCo Coverage Report,org.apache.logging.log4j.core.config,CustomLevelConfig,90,0,8,0,18,0,12,0,8,0
JaCoCo Coverage Report,org.apache.logging.log4j.core.config,ConfigurationException,13,0,0,0,6,0,3,0,3,0
JaCoCo Coverage Report,org.apache.logging.log4j.core.config,Property,88,6,10,0,20,2,14,1,9,1
JaCoCo Coverage Report,org.apache.logging.log4j.core.config,Configuration,14,0,2,0,4,0,2,0,1,0
JaCoCo Coverage Report,org.apache.logging.log4j.core.config,ConfigurationFactory,208,171,35,13,58,50,31,13,9,11
JaCoCo Coverage Report,org.apache.logging.log4j.core.config,AbstractConfiguration,1531,608,192,36,364,146,150,30,41,25
JaCoCo Coverage Report,org.apache.logging.log4j.core.config,AppendersPlugin,30,0,2,0,4,0,2,0,1,0
JaCoCo Coverage Report,org.apache.logging.log4j.core.config,Configurator,560,0,58,0,144,0,59,0,30,0
JaCoCo Coverage Report,org.apache.logging.log4j.core.config,Loggers,15,0,0,0,6,0,3,0,3,0
JaCoCo Coverage Report,org.apache.logging.log4j.core.net,TcpSocketManager.HostResolver,43,0,2,0,7,0,4,0,3,0
JaCoCo Coverage Report,org.apache.logging.log4j.core.net,SslSocketManager.SslSocketManagerFactory,67,0,2,0,9,0,3,0,2,0
JaCoCo Coverage Report,org.apache.logging.log4j.core.net,Severity,132,0,9,0,24,0,13,0,5,0
JaCoCo Coverage Report,org.apache.logging.log4j.core.net,SocketPerformancePreferences,69,0,0,0,17,0,11,0,11,0
JaCoCo Coverage Report,org.apache.logging.log4j.core.net,SslSocketManager.SslFactoryData,66,0,0,0,4,0,2,0,2,0
JaCoCo Coverage Report,org.apache.logging.log4j.core.net,DatagramSocketManager.FactoryData,15,0,0,0,6,0,1,0,1,0
JaCoCo Coverage Report,org.apache.logging.log4j.core.net,TcpSocketManager.FactoryData,74,0,0,0,11,0,2,0,2,0
JaCoCo Coverage Report,org.apache.logging.log4j.core.net,JndiManager,189,21,26,0,42,3,27,3,14,3
JaCoCo Coverage Report,org.apache.logging.log4j.core.net,TcpSocketManager.Reconnector,229,0,12,0,51,0,13,0,7,0
JaCoCo Coverage Report,org.apache.logging.log4j.core.net,SslSocketManager,147,0,12,0,32,0,14,0,8,0
JaCoCo Coverage Report,org.apache.logging.log4j.core.net,DatagramSocketManager,73,0,4,0,12,0,6,0,4,0
JaCoCo Coverage Report,org.apache.logging.log4j.core.net,SocketAddress,39,0,0,0,10,0,8,0,8,0
JaCoCo Coverage Report,org.apache.logging.log4j.core.net,TcpSocketManager.TcpSocketManagerFactory,216,0,12,0,40,0,12,0,6,0
JaCoCo Coverage Report,org.apache.logging.log4j.core.net,SmtpManager.SMTPManagerFactory.new Authenticator() {...},24,0,0,0,3,0,2,0,2,0
JaCoCo Coverage Report,org.apache.logging.log4j.core.net,SmtpManager.SMTPManagerFactory,158,0,16,0,25,0,10,0,2,0
JaCoCo Coverage Report,org.apache.logging.log4j.core.net,UrlConnectionFactory,211,0,36,0,45,0,25,0,7,0
JaCoCo Coverage Report,org.apache.logging.log4j.core.net,DatagramOutputStream,215,0,18,0,46,0,17,0,8,0
JaCoCo Coverage Report,org.apache.logging.log4j.core.net,JndiManager.JndiManagerFactory,32,0,2,0,6,0,2,0,1,0
JaCoCo Coverage Report,org.apache.logging.log4j.core.net,SmtpManager.FactoryData,45,0,0,0,16,0,1,0,1,0
JaCoCo Coverage Report,org.apache.logging.log4j.core.net,MimeMessageBuilder,90,0,12,0,26,0,15,0,9,0
JaCoCo Coverage Report,org.apache.logging.log4j.core.net,Priority,38,0,0,0,10,0,7,0,7,0
JaCoCo Coverage Report,org.apache.logging.log4j.core.net,Facility,294,0,0,0,32,0,6,0,6,0
JaCoCo Coverage Report,org.apache.logging.log4j.core.net,DatagramSocketManager.DatagramSocketManagerFactory,49,0,0,0,8,0,1,0,1,0
JaCoCo Coverage Report,org.apache.logging.log4j.core.net,TcpSocketManager,469,0,32,0,95,0,34,0,18,0
JaCoCo Coverage Report,org.apache.logging.log4j.core.net,SocketOptions,277,0,26,0,66,0,41,0,28,0
JaCoCo Coverage Report,org.apache.logging.log4j.core.net,Protocol,39,0,0,0,5,0,2,0,2,0
JaCoCo Coverage Report,org.apache.logging.log4j.core.net,Rfc1349TrafficClass,70,0,0,0,10,0,3,0,3,0
JaCoCo Coverage Report,org.apache.logging.log4j.core.net,AbstractSocketManager,45,0,0,0,11,0,4,0,4,0
JaCoCo Coverage Report,org.apache.logging.log4j.core.net,MulticastDnsAdvertiser,402,0,16,0,85,0,17,0,9,0
JaCoCo Coverage Report,org.apache.logging.log4j.core.net,SocketAddress.Builder,22,0,0,0,6,0,4,0,4,0
JaCoCo Coverage Report,org.apache.logging.log4j.core.net,SmtpManager,490,0,28,0,118,0,35,0,21,0
JaCoCo Coverage Report,org.apache.logging.log4j.core.net.ssl,AbstractKeyStoreConfiguration,228,0,22,0,55,0,20,0,9,0
JaCoCo Coverage Report,org.apache.logging.log4j.core.net.ssl,SslConfigurationException,4,0,0,0,2,0,1,0,1,0
JaCoCo Coverage Report,org.apache.logging.log4j.core.net.ssl,TrustStoreConfigurationException,4,0,0,0,2,0,1,0,1,0
JaCoCo Coverage Report,org.apache.logging.log4j.core.net.ssl,KeyStoreConfiguration,185,0,32,0,41,0,26,0,10,0
JaCoCo Coverage Report,org.apache.logging.log4j.core.net.ssl,EnvironmentPasswordProvider,20,0,2,0,5,0,3,0,2,0
JaCoCo Coverage Report,org.apache.logging.log4j.core.net.ssl,SslConfigurationDefaults,3,0,0,0,1,0,1,0,1,0
JaCoCo Coverage Report,org.apache.logging.log4j.core.net.ssl,SslConfiguration,374,0,28,0,113,0,38,0,24,0
JaCoCo Coverage Report,org.apache.logging.log4j.core.net.ssl,LaxHostnameVerifier,7,0,0,0,2,0,2,0,2,0
JaCoCo Coverage Report,org.apache.logging.log4j.core.net.ssl,SslConfigurationFactory,117,0,12,0,37,0,9,0,3,0
JaCoCo Coverage Report,org.apache.logging.log4j.core.net.ssl,MemoryPasswordProvider,29,0,4,0,10,0,5,0,3,0
JaCoCo Coverage Report,org.apache.logging.log4j.core.net.ssl,StoreConfigurationException,13,0,0,0,6,0,3,0,3,0
JaCoCo Coverage Report,org.apache.logging.log4j.core.net.ssl,FilePasswordProvider,90,0,4,0,18,0,4,0,2,0
JaCoCo Coverage Report,org.apache.logging.log4j.core.net.ssl,KeyStoreConfigurationException,4,0,0,0,2,0,1,0,1,0
JaCoCo Coverage Report,org.apache.logging.log4j.core.net.ssl,StoreConfiguration,147,0,16,0,39,0,22,0,14,0
JaCoCo Coverage Report,org.apache.logging.log4j.core.net.ssl,TrustStoreConfiguration,178,0,30,0,39,0,25,0,10,0
JaCoCo Coverage Report,org.apache.logging.log4j.core.appender.rewrite,MapRewritePolicy.Mode,24,0,0,0,3,0,1,0,1,0
JaCoCo Coverage Report,org.apache.logging.log4j.core.appender.rewrite,PropertiesRewritePolicy,157,0,14,0,33,0,12,0,5,0
JaCoCo Coverage Report,org.apache.logging.log4j.core.appender.rewrite,RewriteAppender,140,0,14,0,31,0,11,0,4,0
JaCoCo Coverage Report,org.apache.logging.log4j.core.appender.rewrite,MapRewritePolicy,222,0,28,0,50,0,19,0,5,0
JaCoCo Coverage Report,org.apache.logging.log4j.core.appender.rewrite,LoggerNameLevelRewritePolicy,88,0,10,0,17,0,9,0,4,0
JaCoCo Coverage Report,org.apache.logging.log4j.core.jmx,StatusLoggerAdmin,109,85,9,1,27,20,14,5,9,5
JaCoCo Coverage Report,org.apache.logging.log4j.core.jmx,Server,206,470,25,28,64,113,24,29,3,22
JaCoCo Coverage Report,org.apache.logging.log4j.core.jmx,ContextSelectorAdmin,11,29,0,0,3,7,1,2,1,2
JaCoCo Coverage Report,org.apache.logging.log4j.core.jmx,LoggerContextAdmin,263,96,13,1,63,21,20,7,13,7
JaCoCo Coverage Report,org.apache.logging.log4j.core.jmx,LoggerConfigAdmin,117,0,2,0,28,0,11,0,10,0
JaCoCo Coverage Report,org.apache.logging.log4j.core.jmx,AppenderAdmin,36,46,2,0,9,10,6,2,5,2
JaCoCo Coverage Report,org.apache.logging.log4j.core.jmx,RingBufferAdmin,84,0,4,0,17,0,8,0,6,0
JaCoCo Coverage Report,org.apache.logging.log4j.core.jmx,AsyncAppenderAdmin,99,0,0,0,23,0,13,0,13,0
JaCoCo Coverage Report,org.apache.logging.log4j.core.config.json,JsonConfiguration.ErrorType,14,0,0,0,2,0,1,0,1,0
JaCoCo Coverage Report,org.apache.logging.log4j.core.config.json,JsonConfiguration,668,0,80,0,138,0,49,0,9,0
JaCoCo Coverage Report,org.apache.logging.log4j.core.config.json,JsonConfiguration.Status,34,0,0,0,6,0,2,0,2,0
JaCoCo Coverage Report,org.apache.logging.log4j.core.config.json,JsonConfigurationFactory,14,64,2,4,4,11,3,5,2,3
JaCoCo Coverage Report,org.apache.logging.log4j.core.appender.rolling.action,IfAll,93,0,10,0,18,0,13,0,8,0
JaCoCo Coverage Report,org.apache.logging.log4j.core.appender.rolling.action,AbstractPathAction,133,0,2,0,23,0,12,0,11,0
JaCoCo Coverage Report,org.apache.logging.log4j.core.appender.rolling.action,Duration,308,0,36,0,61,0,29,0,11,0
JaCoCo Coverage Report,org.apache.logging.log4j.core.appender.rolling.action,IfAny,75,0,6,0,13,0,9,0,6,0
JaCoCo Coverage Report,org.apache.logging.log4j.core.appender.rolling.action,DeleteAction,224,0,22,0,54,0,23,0,12,0
JaCoCo Coverage Report,org.apache.logging.log4j.core.appender.rolling.action,CompositeAction,111,0,12,0,30,0,12,0,6,0
JaCoCo Coverage Report,org.apache.logging.log4j.core.appender.rolling.action,PosixViewAttributeAction.new SimpleFileVisitor() {...},57,0,4,0,9,0,4,0,2,0
JaCoCo Coverage Report,org.apache.logging.log4j.core.appender.rolling.action,PosixViewAttributeAction.Builder,135,0,18,0,36,0,21,0,12,0
JaCoCo Coverage Report,org.apache.logging.log4j.core.appender.rolling.action,FileRenameAction,287,0,12,0,68,0,14,0,8,0
JaCoCo Coverage Report,org.apache.logging.log4j.core.appender.rolling.action,IfNot,44,0,2,0,9,0,7,0,6,0
JaCoCo Coverage Report,org.apache.logging.log4j.core.appender.rolling.action,AbstractAction,55,0,2,0,21,0,8,0,7,0
JaCoCo Coverage Report,org.apache.logging.log4j.core.appender.rolling.action,IfAccumulatedFileSize,146,0,16,0,27,0,16,0,8,0
JaCoCo Coverage Report,org.apache.logging.log4j.core.appender.rolling.action,GzCompressAction.ConfigurableLevelGZIPOutputStream,9,0,0,0,3,0,1,0,1,0
JaCoCo Coverage Report,org.apache.logging.log4j.core.appender.rolling.action,PathSortByModificationTime,59,0,4,0,15,0,6,0,4,0
JaCoCo Coverage Report,org.apache.logging.log4j.core.appender.rolling.action,IfAccumulatedFileCount,134,0,14,0,25,0,15,0,8,0
JaCoCo Coverage Report,org.apache.logging.log4j.core.appender.rolling.action,SortingVisitor,51,0,2,0,13,0,6,0,5,0
JaCoCo Coverage Report,org.apache.logging.log4j.core.appender.rolling.action,DeletingVisitor,105,0,10,0,27,0,11,0,6,0
JaCoCo Coverage Report,org.apache.logging.log4j.core.appender.rolling.action,GzCompressAction,159,0,8,0,30,0,14,0,10,0
JaCoCo Coverage Report,org.apache.logging.log4j.core.appender.rolling.action,PathWithAttributes,37,0,0,0,7,0,4,0,4,0
JaCoCo Coverage Report,org.apache.logging.log4j.core.appender.rolling.action,IfFileName,148,0,18,0,25,0,18,0,9,0
JaCoCo Coverage Report,org.apache.logging.log4j.core.appender.rolling.action,ScriptCondition,111,0,10,0,27,0,9,0,4,0
JaCoCo Coverage Report,org.apache.logging.log4j.core.appender.rolling.action,PosixViewAttributeAction,74,0,0,0,14,0,7,0,7,0
JaCoCo Coverage Report,org.apache.logging.log4j.core.appender.rolling.action,CommonsCompressAction,172,0,6,0,35,0,12,0,9,0
JaCoCo Coverage Report,org.apache.logging.log4j.core.appender.rolling.action,IfLastModified,121,0,10,0,23,0,13,0,8,0
JaCoCo Coverage Report,org.apache.logging.log4j.core.appender.rolling.action,ZipCompressAction,161,0,8,0,29,0,13,0,9,0
JaCoCo Coverage Report,org.apache.logging.log4j.core.appender.rolling.action,PathCondition,17,0,4,0,2,0,4,0,2,0
JaCoCo Coverage Report,org.apache.logging.log4j.core.impl,ThreadContextDataInjector,38,75,5,5,9,16,7,5,4,3
JaCoCo Coverage Report,org.apache.logging.log4j.core.impl,Log4jProvider,0,7,0,0,0,2,0,1,0,1
JaCoCo Coverage Report,org.apache.logging.log4j.core.impl,ThrowableProxy,503,0,40,0,106,0,53,0,33,0
JaCoCo Coverage Report,org.apache.logging.log4j.core.impl,Log4jLogEvent.LogEventProxy,272,0,10,0,63,0,13,0,8,0
JaCoCo Coverage Report,org.apache.logging.log4j.core.impl,Log4jContextFactory,380,123,68,14,106,35,47,16,10,12
JaCoCo Coverage Report,org.apache.logging.log4j.core.impl,JdkMapAdapterStringMap,295,0,32,0,72,0,39,0,23,0
JaCoCo Coverage Report,org.apache.logging.log4j.core.impl,ThreadContextDataInjector.ForDefaultThreadContextMap,111,6,18,0,23,3,12,1,3,1
JaCoCo Coverage Report,org.apache.logging.log4j.core.impl,ContextDataInjectorFactory,29,26,3,5,9,8,4,3,1,2
JaCoCo Coverage Report,org.apache.logging.log4j.core.impl,ReusableLogEventFactory,123,15,14,0,31,5,12,2,5,2
JaCoCo Coverage Report,org.apache.logging.log4j.core.impl,Log4jLogEvent,1050,21,144,0,192,6,121,2,49,2
JaCoCo Coverage Report,org.apache.logging.log4j.core.impl,ThreadContextDataInjector.ForCopyOnWriteThreadContextMap,84,6,12,0,13,3,8,1,2,1
JaCoCo Coverage Report,org.apache.logging.log4j.core.impl,ThreadContextDataProvider,5,3,0,0,2,1,2,1,2,1
JaCoCo Coverage Report,org.apache.logging.log4j.core.impl,Log4jLogEvent.Builder,361,0,16,0,97,0,31,0,23,0
JaCoCo Coverage Report,org.apache.logging.log4j.core.impl,MementoMessage,56,0,0,0,13,0,7,0,7,0
JaCoCo Coverage Report,org.apache.logging.log4j.core.impl,ThrowableProxyHelper.CacheEntry,9,0,0,0,4,0,1,0,1,0
JaCoCo Coverage Report,org.apache.logging.log4j.core.impl,DefaultLogEventFactory,25,8,0,0,3,2,3,2,3,2
JaCoCo Coverage Report,org.apache.logging.log4j.core.impl,ThrowableProxyHelper,329,0,52,0,93,0,31,0,5,0
JaCoCo Coverage Report,org.apache.logging.log4j.core.impl,MutableLogEvent,564,0,40,0,164,0,76,0,56,0
JaCoCo Coverage Report,org.apache.logging.log4j.core.impl,ExtendedClassInfo,130,0,14,0,34,0,15,0,8,0
JaCoCo Coverage Report,org.apache.logging.log4j.core.impl,ContextDataFactory,139,0,12,0,42,0,16,0,10,0
JaCoCo Coverage Report,org.apache.logging.log4j.core.impl,ThrowableProxyRenderer,503,0,42,0,103,0,33,0,12,0
JaCoCo Coverage Report,org.apache.logging.log4j.core.impl,ContextAnchor,5,0,0,0,1,0,1,0,1,0
JaCoCo Coverage Report,org.apache.logging.log4j.core.impl,ThreadContextDataInjector.ForGarbageFreeThreadContextMap,31,0,2,0,8,0,4,0,3,0
JaCoCo Coverage Report,org.apache.logging.log4j.core.impl,LogEventFactory,10,0,0,0,1,0,1,0,1,0
JaCoCo Coverage Report,org.apache.logging.log4j.core.impl,ThrowableFormatOptions,453,47,97,3,71,14,59,6,9,6
JaCoCo Coverage Report,org.apache.logging.log4j.core.impl,ExtendedStackTraceElement,241,0,18,0,58,0,27,0,18,0
JaCoCo Coverage Report,org.apache.logging.log4j.core.config.xml,XmlConfiguration.Status,34,0,0,0,6,0,2,0,2,0
JaCoCo Coverage Report,org.apache.logging.log4j.core.config.xml,XmlConfiguration,718,0,84,0,183,0,54,0,12,0
JaCoCo Coverage Report,org.apache.logging.log4j.core.config.xml,XmlConfiguration.ErrorType,14,0,0,0,2,0,1,0,1,0
JaCoCo Coverage Report,org.apache.logging.log4j.core.config.xml,XmlConfigurationFactory,6,17,0,0,1,3,1,3,1,3
JaCoCo Coverage Report,org.apache.logging.log4j.core.appender.db.jdbc,JdbcAppender.Builder,153,0,6,0,31,0,15,0,12,0
JaCoCo Coverage Report,org.apache.logging.log4j.core.appender.db.jdbc,JdbcAppender,78,0,0,0,17,0,4,0,4,0
JaCoCo Coverage Report,org.apache.logging.log4j.core.appender.db.jdbc,FactoryMethodConnectionSource,129,0,8,0,31,0,9,0,5,0
JaCoCo Coverage Report,org.apache.logging.log4j.core.appender.db.jdbc,AbstractDriverManagerConnectionSource.Builder,50,0,0,0,17,0,12,0,12,0
JaCoCo Coverage Report,org.apache.logging.log4j.core.appender.db.jdbc,DriverManagerConnectionSource.Builder,19,0,0,0,3,0,2,0,2,0
JaCoCo Coverage Report,org.apache.logging.log4j.core.appender.db.jdbc,FactoryMethodConnectionSource.new DataSource() {...},49,0,0,0,12,0,10,0,10,0
JaCoCo Coverage Report,org.apache.logging.log4j.core.appender.db.jdbc,JdbcDatabaseManager.ResultSetColumnMetaData,220,0,12,0,44,0,23,0,17,0
JaCoCo Coverage Report,org.apache.logging.log4j.core.appender.db.jdbc,AbstractDriverManagerConnectionSource,189,0,14,0,43,0,22,0,15,0
JaCoCo Coverage Report,org.apache.logging.log4j.core.appender.db.jdbc,JdbcDatabaseManager,1285,0,142,0,271,0,103,0,32,0
JaCoCo Coverage Report,org.apache.logging.log4j.core.appender.db.jdbc,AbstractConnectionSource,3,0,0,0,1,0,1,0,1,0
JaCoCo Coverage Report,org.apache.logging.log4j.core.appender.db.jdbc,ColumnConfig,115,0,2,0,34,0,13,0,12,0
JaCoCo Coverage Report,org.apache.logging.log4j.core.appender.db.jdbc,DataSourceConnectionSource,87,0,6,0,21,0,8,0,5,0
JaCoCo Coverage Report,org.apache.logging.log4j.core.appender.db.jdbc,ColumnConfig.Builder,139,0,20,0,37,0,19,0,9,0
JaCoCo Coverage Report,org.apache.logging.log4j.core.appender.db.jdbc,DriverManagerConnectionSource,15,0,0,0,3,0,2,0,2,0
JaCoCo Coverage Report,org.apache.logging.log4j.core.appender.db.jdbc,JdbcDatabaseManager.FactoryData,86,0,2,0,13,0,3,0,2,0
JaCoCo Coverage Report,org.apache.logging.log4j.core.appender.db.jdbc,JdbcDatabaseManager.Reconnector,86,0,2,0,24,0,7,0,6,0
JaCoCo Coverage Report,org.apache.logging.log4j.core.appender.db.jdbc,JdbcDatabaseManager.JdbcDatabaseManagerFactory,171,0,16,0,32,0,9,0,1,0
JaCoCo Coverage Report,org.apache.logging.log4j.core.time.internal,FixedPreciseClock,28,0,0,0,11,0,5,0,5,0
JaCoCo Coverage Report,org.apache.logging.log4j.core.appender.mom.jeromq,JeroMqAppender,222,0,12,0,36,0,14,0,8,0
JaCoCo Coverage Report,org.apache.logging.log4j.core.appender.mom.jeromq,JeroMqManager.JeroMqManagerFactory,7,0,0,0,1,0,1,0,1,0
JaCoCo Coverage Report,org.apache.logging.log4j.core.appender.mom.jeromq,JeroMqManager.JeroMqConfiguration,179,0,0,0,25,0,2,0,2,0
JaCoCo Coverage Report,org.apache.logging.log4j.core.appender.mom.jeromq,JeroMqManager,238,0,6,0,43,0,9,0,6,0
JaCoCo Coverage Report,org.apache.logging.log4j.core.script,ScriptManager.ThreadLocalScriptRunner,33,0,0,0,7,0,4,0,4,0
JaCoCo Coverage Report,org.apache.logging.log4j.core.script,ScriptManager.AbstractScriptRunner,24,0,0,0,5,0,2,0,2,0
JaCoCo Coverage Report,org.apache.logging.log4j.core.script,ScriptFile,178,0,28,0,43,0,19,0,5,0
JaCoCo Coverage Report,org.apache.logging.log4j.core.script,Script,42,0,6,0,10,0,6,0,3,0
JaCoCo Coverage Report,org.apache.logging.log4j.core.script,ScriptManager.MainScriptRunner,100,0,4,0,24,0,7,0,5,0
JaCoCo Coverage Report,org.apache.logging.log4j.core.script,AbstractScript,29,0,2,0,9,0,6,0,5,0
JaCoCo Coverage Report,org.apache.logging.log4j.core.script,ScriptManager,399,0,46,0,85,0,33,0,10,0
JaCoCo Coverage Report,org.apache.logging.log4j.core.script,ScriptManager.ThreadLocalScriptRunner.new ThreadLocal() {...},27,0,0,0,3,0,2,0,2,0
JaCoCo Coverage Report,org.apache.logging.log4j.core.script,ScriptRef,59,0,6,0,12,0,8,0,5,0
JaCoCo Coverage Report,org.apache.logging.log4j.core.appender.db,AbstractDatabaseAppender.Builder,3,0,0,0,1,0,1,0,1,0
JaCoCo Coverage Report,org.apache.logging.log4j.core.appender.db,AbstractDatabaseManager.AbstractFactoryData,22,0,0,0,8,0,4,0,4,0
JaCoCo Coverage Report,org.apache.logging.log4j.core.appender.db,DbAppenderLoggingException,16,0,0,0,6,0,3,0,3,0
JaCoCo Coverage Report,org.apache.logging.log4j.core.appender.db,AbstractDatabaseAppender,193,0,8,0,46,0,13,0,9,0
JaCoCo Coverage Report,org.apache.logging.log4j.core.appender.db,AbstractDatabaseManager,187,0,22,0,54,0,27,0,16,0
JaCoCo Coverage Report,org.apache.logging.log4j.core.appender.db,ColumnMapping.Builder,166,0,18,0,36,0,20,0,11,0
JaCoCo Coverage Report,org.apache.logging.log4j.core.appender.db,ColumnMapping,97,0,0,0,21,0,12,0,12,0
JaCoCo Coverage Report,org.apache.logging.log4j.core.config.arbiters,SystemPropertyArbiter.Builder,26,0,0,0,7,0,5,0,5,0
JaCoCo Coverage Report,org.apache.logging.log4j.core.config.arbiters,ScriptArbiter.Builder,114,0,16,0,31,0,14,0,6,0
JaCoCo Coverage Report,org.apache.logging.log4j.core.config.arbiters,DefaultArbiter,9,0,0,0,3,0,3,0,3,0
JaCoCo Coverage Report,org.apache.logging.log4j.core.config.arbiters,ClassArbiter,14,0,0,0,5,0,3,0,3,0
JaCoCo Coverage Report,org.apache.logging.log4j.core.config.arbiters,ClassArbiter.Builder,18,0,0,0,5,0,4,0,4,0
JaCoCo Coverage Report,org.apache.logging.log4j.core.config.arbiters,SystemPropertyArbiter,31,0,6,0,7,0,6,0,3,0
JaCoCo Coverage Report,org.apache.logging.log4j.core.config.arbiters,SelectArbiter,58,0,6,0,12,0,8,0,5,0
JaCoCo Coverage Report,org.apache.logging.log4j.core.config.arbiters,ScriptArbiter,42,0,0,0,10,0,3,0,3,0
JaCoCo Coverage Report,org.apache.logging.log4j.core.config.arbiters,DefaultArbiter.Builder,9,0,0,0,3,0,3,0,3,0
JaCoCo Coverage Report,org.apache.logging.log4j.core.config.arbiters,SelectArbiter.Builder,9,0,0,0,3,0,3,0,3,0
JaCoCo Coverage Report,org.apache.logging.log4j.core.appender.nosql,NoSqlAppender,90,0,4,0,15,0,6,0,4,0
JaCoCo Coverage Report,org.apache.logging.log4j.core.appender.nosql,NoSqlDatabaseManager,442,0,32,0,96,0,34,0,18,0
JaCoCo Coverage Report,org.apache.logging.log4j.core.appender.nosql,AbstractNoSqlConnection,21,0,2,0,6,0,4,0,3,0
JaCoCo Coverage Report,org.apache.logging.log4j.core.appender.nosql,DefaultNoSqlObject,85,0,8,0,17,0,10,0,6,0
JaCoCo Coverage Report,org.apache.logging.log4j.core.appender.nosql,NoSqlDatabaseManager.NoSQLDatabaseManagerFactory,18,0,0,0,2,0,1,0,1,0
JaCoCo Coverage Report,org.apache.logging.log4j.core.appender.nosql,NoSqlAppender.Builder,80,0,4,0,15,0,6,0,4,0
JaCoCo Coverage Report,org.apache.logging.log4j.core.appender.nosql,NoSqlDatabaseManager.FactoryData,15,0,0,0,4,0,1,0,1,0
JaCoCo Coverage Report,org.apache.logging.log4j.core.tools.picocli,CommandLine.Help.MinimalParameterRenderer,42,0,2,0,3,0,3,0,2,0
JaCoCo Coverage Report,org.apache.logging.log4j.core.tools.picocli,CommandLine.ExecutionException,24,0,0,0,7,0,3,0,3,0
JaCoCo Coverage Report,org.apache.logging.log4j.core.tools.picocli,CommandLine.PicocliException,9,0,0,0,2,0,2,0,2,0
JaCoCo Coverage Report,org.apache.logging.log4j.core.tools.picocli,CommandLine.Help.Ansi.StyledSection,26,0,0,0,4,0,2,0,2,0
JaCoCo Coverage Report,org.apache.logging.log4j.core.tools.picocli,CommandLine.UnmatchedArgumentException,34,0,2,0,3,0,4,0,3,0
JaCoCo Coverage Report,org.apache.logging.log4j.core.tools.picocli,CommandLine.Help.SortByOptionArityAndNameAlphabetically,60,0,14,0,12,0,9,0,2,0
JaCoCo Coverage Report,org.apache.logging.log4j.core.tools.picocli,CommandLine.BuiltIn.ISO8601DateConverter,25,0,0,0,4,0,2,0,2,0
JaCoCo Coverage Report,org.apache.logging.log4j.core.tools.picocli,CommandLine.Help.DefaultParameterRenderer,188,0,10,0,16,0,7,0,2,0
JaCoCo Coverage Report,org.apache.logging.log4j.core.tools.picocli,CommandLine.Tracer,44,0,0,0,9,0,7,0,7,0
JaCoCo Coverage Report,org.apache.logging.log4j.core.tools.picocli,CommandLine.Interpreter.new CommandLine.ITypeConverter() {...},14,0,0,0,2,0,2,0,2,0
JaCoCo Coverage Report,org.apache.logging.log4j.core.tools.picocli,CommandLine.TypeConversionException,4,0,0,0,1,0,1,0,1,0
JaCoCo Coverage Report,org.apache.logging.log4j.core.tools.picocli,CommandLine.Help.TextTable,636,0,64,0,96,0,48,0,15,0
JaCoCo Coverage Report,org.apache.logging.log4j.core.tools.picocli,CommandLine.Help.ShortestFirst,16,0,0,0,4,0,3,0,3,0
JaCoCo Coverage Report,org.apache.logging.log4j.core.tools.picocli,CommandLine.BuiltIn.BooleanConverter,29,0,4,0,4,0,4,0,2,0
JaCoCo Coverage Report,org.apache.logging.log4j.core.tools.picocli,CommandLine.Help.Ansi.Palette256Color,80,0,4,0,9,0,5,0,3,0
JaCoCo Coverage Report,org.apache.logging.log4j.core.tools.picocli,CommandLine.Help.Ansi.Style,510,0,14,0,33,0,16,0,9,0
JaCoCo Coverage Report,org.apache.logging.log4j.core.tools.picocli,CommandLine,995,0,112,0,188,0,104,0,48,0
JaCoCo Coverage Report,org.apache.logging.log4j.core.tools.picocli,CommandLine.BuiltIn.URLConverter,8,0,0,0,2,0,2,0,2,0
JaCoCo Coverage Report,org.apache.logging.log4j.core.tools.picocli,CommandLine.ParameterException,63,0,0,0,10,0,4,0,4,0
JaCoCo Coverage Report,org.apache.logging.log4j.core.tools.picocli,CommandLine.Help.DefaultOptionRenderer,444,0,40,0,52,0,25,0,5,0
JaCoCo Coverage Report,org.apache.logging.log4j.core.tools.picocli,CommandLine.BuiltIn.CharacterConverter,26,0,2,0,4,0,3,0,2,0
JaCoCo Coverage Report,org.apache.logging.log4j.core.tools.picocli,CommandLine.TraceLevel,96,0,10,0,6,0,10,0,5,0
JaCoCo Coverage Report,org.apache.logging.log4j.core.tools.picocli,CommandLine.InitializationException,9,0,0,0,2,0,2,0,2,0
JaCoCo Coverage Report,org.apache.logging.log4j.core.tools.picocli,CommandLine.MaxValuesforFieldExceededException,5,0,0,0,1,0,1,0,1,0
JaCoCo Coverage Report,org.apache.logging.log4j.core.tools.picocli,CommandLine.BuiltIn.ISO8601TimeConverter,76,0,6,0,12,0,5,0,2,0
JaCoCo Coverage Report,org.apache.logging.log4j.core.tools.picocli,CommandLine.Help.Ansi,209,0,26,0,28,0,19,0,6,0
JaCoCo Coverage Report,org.apache.logging.log4j.core.tools.picocli,CommandLine.BuiltIn.BigIntegerConverter,8,0,0,0,2,0,2,0,2,0
JaCoCo Coverage Report,org.apache.logging.log4j.core.tools.picocli,CommandLine.BuiltIn.FloatConverter,6,0,0,0,2,0,2,0,2,0
JaCoCo Coverage Report,org.apache.logging.log4j.core.tools.picocli,CommandLine.BuiltIn.CharsetConverter,6,0,0,0,2,0,2,0,2,0
JaCoCo Coverage Report,org.apache.logging.log4j.core.tools.picocli,CommandLine.PositionalParametersSorter,16,0,2,0,2,0,2,0,1,0
JaCoCo Coverage Report,org.apache.logging.log4j.core.tools.picocli,CommandLine.Range,434,0,58,0,58,0,47,0,18,0
JaCoCo Coverage Report,org.apache.logging.log4j.core.tools.picocli,CommandLine.DuplicateOptionAnnotationsException,38,0,0,0,4,0,2,0,2,0
JaCoCo Coverage Report,org.apache.logging.log4j.core.tools.picocli,CommandLine.Help,1498,0,164,0,215,0,130,0,48,0
JaCoCo Coverage Report,org.apache.logging.log4j.core.tools.picocli,CommandLine.BuiltIn.URIConverter,8,0,0,0,2,0,2,0,2,0
JaCoCo Coverage Report,org.apache.logging.log4j.core.tools.picocli,CommandLine.RunAll,32,0,4,0,8,0,4,0,2,0
JaCoCo Coverage Report,org.apache.logging.log4j.core.tools.picocli,CommandLine.BuiltIn.FileConverter,8,0,0,0,2,0,2,0,2,0
JaCoCo Coverage Report,org.apache.logging.log4j.core.tools.picocli,CommandLine.BuiltIn.StringBuilderConverter,8,0,0,0,2,0,2,0,2,0
JaCoCo Coverage Report,org.apache.logging.log4j.core.tools.picocli,CommandLine.BuiltIn.IntegerConverter,6,0,0,0,2,0,2,0,2,0
JaCoCo Coverage Report,org.apache.logging.log4j.core.tools.picocli,CommandLine.Help.Column.Overflow,34,0,0,0,1,0,1,0,1,0
JaCoCo Coverage Report,org.apache.logging.log4j.core.tools.picocli,CommandLine.Help.TextTable.Cell,9,0,0,0,1,0,1,0,1,0
JaCoCo Coverage Report,org.apache.logging.log4j.core.tools.picocli,CommandLine.BuiltIn.CharSequenceConverter,5,0,0,0,2,0,2,0,2,0
JaCoCo Coverage Report,org.apache.logging.log4j.core.tools.picocli,CommandLine.RunLast,27,0,2,0,4,0,3,0,2,0
JaCoCo Coverage Report,org.apache.logging.log4j.core.tools.picocli,CommandLine.BuiltIn.InetAddressConverter,6,0,0,0,2,0,2,0,2,0
JaCoCo Coverage Report,org.apache.logging.log4j.core.tools.picocli,CommandLine.RunFirst,22,0,2,0,3,0,3,0,2,0
JaCoCo Coverage Report,org.apache.logging.log4j.core.tools.picocli,CommandLine.BuiltIn.LongConverter,6,0,0,0,2,0,2,0,2,0
JaCoCo Coverage Report,org.apache.logging.log4j.core.tools.picocli,CommandLine.BuiltIn.BigDecimalConverter,8,0,0,0,2,0,2,0,2,0
JaCoCo Coverage Report,org.apache.logging.log4j.core.tools.picocli,CommandLine.BuiltIn.ByteConverter,6,0,0,0,2,0,2,0,2,0
JaCoCo Coverage Report,org.apache.logging.log4j.core.tools.picocli,CommandLine.MissingParameterException,112,0,6,0,14,0,6,0,3,0
JaCoCo Coverage Report,org.apache.logging.log4j.core.tools.picocli,CommandLine.Help.DefaultParamLabelRenderer,281,0,42,0,41,0,25,0,4,0
JaCoCo Coverage Report,org.apache.logging.log4j.core.tools.picocli,CommandLine.MissingTypeConverterException,5,0,0,0,1,0,1,0,1,0
JaCoCo Coverage Report,org.apache.logging.log4j.core.tools.picocli,CommandLine.OverwrittenOptionException,5,0,0,0,1,0,1,0,1,0
JaCoCo Coverage Report,org.apache.logging.log4j.core.tools.picocli,CommandLine.BuiltIn.DoubleConverter,6,0,0,0,2,0,2,0,2,0
JaCoCo Coverage Report,org.apache.logging.log4j.core.tools.picocli,CommandLine.BuiltIn.PathConverter,8,0,0,0,2,0,2,0,2,0
JaCoCo Coverage Report,org.apache.logging.log4j.core.tools.picocli,CommandLine.Interpreter,3369,0,350,0,448,0,210,0,35,0
JaCoCo Coverage Report,org.apache.logging.log4j.core.tools.picocli,CommandLine.Help.new CommandLine.Help.IParamLabelRenderer() {...},13,0,0,0,4,0,3,0,3,0
JaCoCo Coverage Report,org.apache.logging.log4j.core.tools.picocli,CommandLine.BuiltIn.PatternConverter,6,0,0,0,2,0,2,0,2,0
JaCoCo Coverage Report,org.apache.logging.log4j.core.tools.picocli,CommandLine.Help.Layout,158,0,10,0,33,0,14,0,9,0
JaCoCo Coverage Report,org.apache.logging.log4j.core.tools.picocli,CommandLine.Help.MinimalOptionRenderer,55,0,2,0,6,0,3,0,2,0
JaCoCo Coverage Report,org.apache.logging.log4j.core.tools.picocli,CommandLine.Help.Ansi.Text,648,0,60,0,106,0,45,0,15,0
JaCoCo Coverage Report,org.apache.logging.log4j.core.tools.picocli,CommandLine.BuiltIn.UUIDConverter,6,0,0,0,2,0,2,0,2,0
JaCoCo Coverage Report,org.apache.logging.log4j.core.tools.picocli,CommandLine.BuiltIn.ShortConverter,6,0,0,0,2,0,2,0,2,0
JaCoCo Coverage Report,org.apache.logging.log4j.core.tools.picocli,CommandLine.ParameterIndexGapException,4,0,0,0,1,0,1,0,1,0
JaCoCo Coverage Report,org.apache.logging.log4j.core.tools.picocli,CommandLine.Assert,9,0,2,0,3,0,2,0,1,0
JaCoCo Coverage Report,org.apache.logging.log4j.core.tools.picocli,CommandLine.Help.SortByShortestOptionNameAlphabetically,66,0,10,0,9,0,7,0,2,0
JaCoCo Coverage Report,org.apache.logging.log4j.core.tools.picocli,CommandLine.DefaultExceptionHandler,14,0,0,0,4,0,2,0,2,0
JaCoCo Coverage Report,org.apache.logging.log4j.core.tools.picocli,CommandLine.Help.Column,15,0,0,0,5,0,1,0,1,0
JaCoCo Coverage Report,org.apache.logging.log4j.core.tools.picocli,CommandLine.BuiltIn.StringConverter,5,0,0,0,2,0,2,0,2,0
JaCoCo Coverage Report,org.apache.logging.log4j.core.tools.picocli,CommandLine.Help.ColorScheme,132,0,2,0,26,0,15,0,14,0
JaCoCo Coverage Report,org.apache.logging.log4j.core,LoggerContext.new Runnable() {...},13,26,0,0,1,6,1,2,1,2
JaCoCo Coverage Report,org.apache.logging.log4j.core,Logger.PrivateConfig,670,108,145,15,112,23,95,6,15,6
JaCoCo Coverage Report,org.apache.logging.log4j.core,DefaultLoggerContextAccessor,10,0,0,0,3,0,3,0,3,0
JaCoCo Coverage Report,org.apache.logging.log4j.core,AbstractLifeCycle,89,70,21,5,24,25,19,15,7,14
JaCoCo Coverage Report,org.apache.logging.log4j.core,Logger,443,66,34,0,78,11,48,7,31,7
JaCoCo Coverage Report,org.apache.logging.log4j.core,AbstractLogEvent,57,0,2,0,26,0,25,0,24,0
JaCoCo Coverage Report,org.apache.logging.log4j.core,LoggerContext,389,453,40,26,104,120,60,24,31,20
JaCoCo Coverage Report,org.apache.logging.log4j.core,Appender,0,4,0,0,0,1,0,1,0,1
JaCoCo Coverage Report,org.apache.logging.log4j.core,Version,9,20,1,1,4,3,3,1,2,1
JaCoCo Coverage Report,org.apache.logging.log4j.core,Core,3,0,0,0,1,0,1,0,1,0
JaCoCo Coverage Report,org.apache.logging.log4j.core,Filter.Result,44,0,0,0,6,0,3,0,3,0
JaCoCo Coverage Report,org.apache.logging.log4j.core,LifeCycle.State,0,64,0,0,0,7,0,1,0,1
JaCoCo Coverage Report,org.apache.logging.log4j.core,Filter,4,0,0,0,1,0,1,0,1,0
JaCoCo Coverage Report,org.apache.logging.log4j.core,LogEventListener,36,0,4,0,10,0,5,0,3,0
JaCoCo Coverage Report,org.apache.logging.log4j.core,Logger.LoggerProxy,18,0,0,0,5,0,2,0,2,0
JaCoCo Coverage Report,org.apache.logging.log4j.core.config.plugins.util,PluginUtil,109,0,6,0,22,0,7,0,4,0
JaCoCo Coverage Report,org.apache.logging.log4j.core.config.plugins.util,PluginType,57,19,0,0,10,7,5,3,5,3
JaCoCo Coverage Report,org.apache.logging.log4j.core.config.plugins.util,PluginRegistry,373,173,27,11,85,47,21,10,6,6
JaCoCo Coverage Report,org.apache.logging.log4j.core.config.plugins.util,PluginManager,102,110,13,11,25,30,13,9,4,6
JaCoCo Coverage Report,org.apache.logging.log4j.core.config.plugins.util,ResolverUtil,662,0,86,0,150,0,60,0,17,0
JaCoCo Coverage Report,org.apache.logging.log4j.core.config.plugins.util,PluginRegistry.PluginTest,31,0,4,0,6,0,8,0,6,0
JaCoCo Coverage Report,org.apache.logging.log4j.core.config.plugins.util,PluginBuilder,800,0,90,0,166,0,60,0,15,0
JaCoCo Coverage Report,org.apache.logging.log4j.core.config.yaml,YamlConfiguration,39,0,2,0,10,0,4,0,3,0
JaCoCo Coverage Report,org.apache.logging.log4j.core.config.yaml,YamlConfigurationFactory,18,64,3,3,6,9,4,4,2,3
JaCoCo Coverage Report,org.apache.logging.log4j.core.config.builder.impl,DefaultCustomLevelComponentBuilder,11,0,0,0,3,0,1,0,1,0
JaCoCo Coverage Report,org.apache.logging.log4j.core.config.builder.impl,DefaultLoggerComponentBuilder,72,0,8,0,20,0,10,0,6,0
JaCoCo Coverage Report,org.apache.logging.log4j.core.config.builder.impl,DefaultFilterComponentBuilder,15,0,0,0,4,0,1,0,1,0
JaCoCo Coverage Report,org.apache.logging.log4j.core.config.builder.impl,DefaultAppenderRefComponentBuilder,15,0,0,0,4,0,2,0,2,0
JaCoCo Coverage Report,org.apache.logging.log4j.core.config.builder.impl,DefaultLayoutComponentBuilder,5,0,0,0,2,0,1,0,1,0
JaCoCo Coverage Report,org.apache.logging.log4j.core.config.builder.impl,BuiltConfiguration,306,0,31,0,69,0,31,0,13,0
JaCoCo Coverage Report,org.apache.logging.log4j.core.config.builder.impl,DefaultComponentBuilder,119,0,0,0,28,0,14,0,14,0
JaCoCo Coverage Report,org.apache.logging.log4j.core.config.builder.impl,DefaultCompositeFilterComponentBuilder,20,0,0,0,5,0,2,0,2,0
JaCoCo Coverage Report,org.apache.logging.log4j.core.config.builder.impl,DefaultKeyValuePairComponentBuilder,15,0,0,0,4,0,1,0,1,0
JaCoCo Coverage Report,org.apache.logging.log4j.core.config.builder.impl,DefaultRootLoggerComponentBuilder,72,0,8,0,20,0,10,0,6,0
JaCoCo Coverage Report,org.apache.logging.log4j.core.config.builder.impl,DefaultAppenderComponentBuilder,16,0,0,0,4,0,3,0,3,0
JaCoCo Coverage Report,org.apache.logging.log4j.core.config.builder.impl,DefaultPropertyComponentBuilder,7,0,0,0,2,0,1,0,1,0
JaCoCo Coverage Report,org.apache.logging.log4j.core.config.builder.impl,DefaultComponentAndConfigurationBuilder,18,0,0,0,6,0,3,0,3,0
JaCoCo Coverage Report,org.apache.logging.log4j.core.config.builder.impl,DefaultConfigurationBuilder,990,0,66,0,205,0,104,0,71,0
JaCoCo Coverage Report,org.apache.logging.log4j.core.config.builder.impl,DefaultScriptComponentBuilder,20,0,4,0,6,0,3,0,1,0
JaCoCo Coverage Report,org.apache.logging.log4j.core.config.builder.impl,DefaultScriptFileComponentBuilder,44,0,2,0,11,0,6,0,5,0
JaCoCo Coverage Report,org.apache.logging.log4j.core.config.properties,PropertiesConfiguration,43,0,6,0,11,0,5,0,2,0
JaCoCo Coverage Report,org.apache.logging.log4j.core.config.properties,PropertiesConfigurationBuilder,1114,0,90,0,209,0,63,0,18,0
JaCoCo Coverage Report,org.apache.logging.log4j.core.config.properties,PropertiesConfigurationFactory,39,10,0,0,11,2,1,2,1,2
JaCoCo Coverage Report,org.apache.logging.log4j.core.osgi,Activator,191,0,15,0,52,0,17,0,9,0
JaCoCo Coverage Report,org.apache.logging.log4j.core.osgi,BundleContextSelector,346,0,70,0,77,0,43,0,8,0
JaCoCo Coverage Report,org.apache.logging.log4j.core.appender,AsyncAppenderEventDispatcher,214,0,20,0,66,0,18,0,8,0
JaCoCo Coverage Report,org.apache.logging.log4j.core.appender,ConsoleAppender,229,110,28,4,38,18,22,5,6,5
JaCoCo Coverage Report,org.apache.logging.log4j.core.appender,SyslogAppender,107,0,0,0,34,0,4,0,4,0
JaCoCo Coverage Report,org.apache.logging.log4j.core.appender,AppenderSet,90,0,6,0,22,0,7,0,4,0
JaCoCo Coverage Report,org.apache.logging.log4j.core.appender,FileManager.FactoryData,34,0,0,0,12,0,1,0,1,0
JaCoCo Coverage Report,org.apache.logging.log4j.core.appender,RandomAccessFileManager.RandomAccessFileManagerFactory,76,0,8,0,15,0,5,0,1,0
JaCoCo Coverage Report,org.apache.logging.log4j.core.appender,ConfigurationFactoryData,18,0,2,0,5,0,4,0,3,0
JaCoCo Coverage Report,org.apache.logging.log4j.core.appender,HttpURLConnectionManager,251,0,34,0,57,0,20,0,3,0
JaCoCo Coverage Report,org.apache.logging.log4j.core.appender,AsyncAppender.Builder,102,0,0,0,29,0,12,0,12,0
JaCoCo Coverage Report,org.apache.logging.log4j.core.appender,MemoryMappedFileManager.FactoryData,18,0,0,0,7,0,1,0,1,0
JaCoCo Coverage Report,org.apache.logging.log4j.core.appender,MemoryMappedFileManager,402,0,8,0,97,0,23,0,19,0
JaCoCo Coverage Report,org.apache.logging.log4j.core.appender,WriterAppender.WriterManagerFactory,11,0,0,0,1,0,1,0,1,0
JaCoCo Coverage Report,org.apache.logging.log4j.core.appender,RollingFileAppender.Builder,290,0,26,0,74,0,39,0,26,0
JaCoCo Coverage Report,org.apache.logging.log4j.core.appender,AbstractWriterAppender,145,0,10,0,34,0,12,0,7,0
JaCoCo Coverage Report,org.apache.logging.log4j.core.appender,AsyncAppender,426,0,36,0,99,0,37,0,19,0
JaCoCo Coverage Report,org.apache.logging.log4j.core.appender,SocketAppender.AbstractBuilder,165,0,0,0,49,0,28,0,28,0
JaCoCo Coverage Report,org.apache.logging.log4j.core.appender,RollingRandomAccessFileAppender.Builder,229,0,18,0,61,0,21,0,12,0
JaCoCo Coverage Report,org.apache.logging.log4j.core.appender,NullAppender,14,0,0,0,4,0,3,0,3,0
JaCoCo Coverage Report,org.apache.logging.log4j.core.appender,FileManager,427,0,32,0,103,0,37,0,21,0
JaCoCo Coverage Report,org.apache.logging.log4j.core.appender,RandomAccessFileAppender,129,0,4,0,34,0,8,0,6,0
JaCoCo Coverage Report,org.apache.logging.log4j.core.appender,AbstractOutputStreamAppender.Builder,63,0,0,0,19,0,10,0,10,0
JaCoCo Coverage Report,org.apache.logging.log4j.core.appender,AppenderLoggingException,26,0,0,0,10,0,5,0,5,0
JaCoCo Coverage Report,org.apache.logging.log4j.core.appender,ScriptAppenderSelector,13,0,0,0,4,0,3,0,3,0
JaCoCo Coverage Report,org.apache.logging.log4j.core.appender,AbstractAppender,86,40,8,2,26,9,16,4,11,4
JaCoCo Coverage Report,org.apache.logging.log4j.core.appender,HttpAppender.Builder,126,0,0,0,30,0,16,0,16,0
JaCoCo Coverage Report,org.apache.logging.log4j.core.appender,SocketAppender,240,0,18,0,51,0,19,0,9,0
JaCoCo Coverage Report,org.apache.logging.log4j.core.appender,AbstractFileAppender,71,0,4,0,19,0,5,0,3,0
JaCoCo Coverage Report,org.apache.logging.log4j.core.appender,ConsoleAppender.Target,8,24,0,0,1,3,1,1,1,1
JaCoCo Coverage Report,org.apache.logging.log4j.core.appender,MemoryMappedFileAppender.Builder,118,0,8,0,27,0,11,0,7,0
JaCoCo Coverage Report,org.apache.logging.log4j.core.appender,AbstractAppender.Builder,89,0,4,0,25,0,17,0,15,0
JaCoCo Coverage Report,org.apache.logging.log4j.core.appender,WriterAppender.Builder,54,0,2,0,13,0,5,0,4,0
JaCoCo Coverage Report,org.apache.logging.log4j.core.appender,FailoversPlugin,31,0,4,0,8,0,4,0,2,0
JaCoCo Coverage Report,org.apache.logging.log4j.core.appender,FileManager.FileManagerFactory,96,0,12,0,15,0,7,0,1,0
JaCoCo Coverage Report,org.apache.logging.log4j.core.appender,OutputStreamAppender.OutputStreamManagerFactory,11,0,0,0,1,0,1,0,1,0
JaCoCo Coverage Report,org.apache.logging.log4j.core.appender,ScriptAppenderSelector.Builder,134,0,12,0,38,0,16,0,10,0
JaCoCo Coverage Report,org.apache.logging.log4j.core.appender,ConsoleAppender.FactoryData,0,12,0,0,0,5,0,1,0,1
JaCoCo Coverage Report,org.apache.logging.log4j.core.appender,HttpAppender,91,0,0,0,21,0,6,0,6,0
JaCoCo Coverage Report,org.apache.logging.log4j.core.appender,AbstractManager,150,113,9,3,36,28,22,5,16,5
JaCoCo Coverage Report,org.apache.logging.log4j.core.appender,WriterAppender.FactoryData,12,0,0,0,5,0,1,0,1,0
JaCoCo Coverage Report,org.apache.logging.log4j.core.appender,ConsoleAppender.ConsoleManagerFactory,0,11,0,0,0,1,0,1,0,1
JaCoCo Coverage Report,org.apache.logging.log4j.core.appender,CountingNoOpAppender,44,0,0,0,9,0,5,0,5,0
JaCoCo Coverage Report,org.apache.logging.log4j.core.appender,ConsoleAppender.SystemOutStream,21,0,0,0,11,0,6,0,6,0
JaCoCo Coverage Report,org.apache.logging.log4j.core.appender,SmtpAppender.Builder,157,0,4,0,40,0,20,0,18,0
JaCoCo Coverage Report,org.apache.logging.log4j.core.appender,ConsoleAppender.Builder,78,0,4,0,14,0,7,0,5,0
JaCoCo Coverage Report,org.apache.logging.log4j.core.appender,WriterManager,166,0,16,0,50,0,18,0,10,0
JaCoCo Coverage Report,org.apache.logging.log4j.core.appender,AbstractOutputStreamAppender,123,56,17,3,26,15,17,4,7,4
JaCoCo Coverage Report,org.apache.logging.log4j.core.appender,RandomAccessFileManager,108,0,0,0,28,0,11,0,11,0
JaCoCo Coverage Report,org.apache.logging.log4j.core.appender,OutputStreamAppender.FactoryData,12,0,0,0,5,0,1,0,1,0
JaCoCo Coverage Report,org.apache.logging.log4j.core.appender,HttpManager,14,0,0,0,5,0,3,0,3,0
JaCoCo Coverage Report,org.apache.logging.log4j.core.appender,FailoverAppender,358,0,44,0,82,0,29,0,7,0
JaCoCo Coverage Report,org.apache.logging.log4j.core.appender,RollingRandomAccessFileAppender,152,0,4,0,43,0,10,0,8,0
JaCoCo Coverage Report,org.apache.logging.log4j.core.appender,OutputStreamAppender,90,0,8,0,14,0,9,0,5,0
JaCoCo Coverage Report,org.apache.logging.log4j.core.appender,ConsoleAppender.SystemErrStream,21,0,0,0,11,0,6,0,6,0
JaCoCo Coverage Report,org.apache.logging.log4j.core.appender,WriterAppender,80,0,4,0,13,0,7,0,5,0
JaCoCo Coverage Report,org.apache.logging.log4j.core.appender,AppenderSet.Builder,114,0,10,0,26,0,12,0,7,0
JaCoCo Coverage Report,org.apache.logging.log4j.core.appender,MemoryMappedFileManager.MemoryMappedFileManagerFactory,86,0,8,0,16,0,5,0,1,0
JaCoCo Coverage Report,org.apache.logging.log4j.core.appender,OutputStreamManager,248,123,36,12,67,41,40,11,16,11
JaCoCo Coverage Report,org.apache.logging.log4j.core.appender,RandomAccessFileAppender.Builder,105,0,8,0,27,0,10,0,6,0
JaCoCo Coverage Report,org.apache.logging.log4j.core.appender,SmtpAppender,111,0,14,0,27,0,12,0,5,0
JaCoCo Coverage Report,org.apache.logging.log4j.core.appender,RandomAccessFileManager.FactoryData,19,0,0,0,7,0,1,0,1,0
JaCoCo Coverage Report,org.apache.logging.log4j.core.appender,OutputStreamAppender.Builder,45,0,0,0,10,0,4,0,4,0
JaCoCo Coverage Report,org.apache.logging.log4j.core.appender,RollingFileAppender,147,0,4,0,39,0,10,0,8,0
JaCoCo Coverage Report,org.apache.logging.log4j.core.appender,DefaultErrorHandler,103,26,22,0,27,7,16,2,5,2
JaCoCo Coverage Report,org.apache.logging.log4j.core.appender,TlsSyslogFrame,64,0,8,0,18,0,9,0,5,0
JaCoCo Coverage Report,org.apache.logging.log4j.core.appender,AbstractFileAppender.Builder,96,0,0,0,29,0,19,0,19,0
JaCoCo Coverage Report,org.apache.logging.log4j.core.appender,AbstractManager.AbstractFactoryData,9,0,0,0,4,0,2,0,2,0
JaCoCo Coverage Report,org.apache.logging.log4j.core.appender,MemoryMappedFileAppender,170,0,10,0,46,0,12,0,7,0
JaCoCo Coverage Report,org.apache.logging.log4j.core.appender,FileAppender.Builder,188,0,16,0,44,0,28,0,20,0
JaCoCo Coverage Report,org.apache.logging.log4j.core.appender,SyslogAppender.Builder,324,0,12,0,81,0,44,0,38,0
JaCoCo Coverage Report,org.apache.logging.log4j.core.appender,FileAppender,126,0,4,0,31,0,7,0,5,0
JaCoCo Coverage Report,org.apache.logging.log4j.core.appender,SocketAppender.Builder,92,0,14,0,20,0,9,0,2,0
JaCoCo Coverage Report,org.apache.logging.log4j.core.appender,ConsoleAppender.Target.new ConsoleAppender.Target() {...},5,6,0,0,1,1,1,1,1,1
JaCoCo Coverage Report,org.apache.logging.log4j.core.appender,ConsoleAppender.Target.new ConsoleAppender.Target() {...},5,6,0,0,1,1,1,1,1,1
JaCoCo Coverage Report,org.apache.logging.log4j.core.parser,XmlLogEventParser,6,0,0,0,2,0,1,0,1,0
JaCoCo Coverage Report,org.apache.logging.log4j.core.parser,ParseException,13,0,0,0,6,0,3,0,3,0
JaCoCo Coverage Report,org.apache.logging.log4j.core.parser,AbstractJacksonLogEventParser,51,0,0,0,13,0,4,0,4,0
JaCoCo Coverage Report,org.apache.logging.log4j.core.parser,YamlLogEventParser,6,0,0,0,2,0,1,0,1,0
JaCoCo Coverage Report,org.apache.logging.log4j.core.parser,JsonLogEventParser,6,0,0,0,2,0,1,0,1,0
JaCoCo Coverage Report,org.apache.logging.log4j.core.config.builder.api,Component,86,0,4,0,23,0,12,0,10,0
JaCoCo Coverage Report,org.apache.logging.log4j.core.config.builder.api,ConfigurationBuilderFactory,9,3,0,0,2,1,2,1,2,1
JaCoCo Coverage Report,org.apache.logging.log4j.core.message,ExtendedThreadInformation,455,0,54,0,91,0,34,0,5,0
JaCoCo Coverage Report,org.apache.logging.log4j.core.message,ExtendedThreadInfoFactory,78,0,8,0,16,0,6,0,2,0
JaCoCo Coverage Report,org.apache.logging.log4j.core.appender.routing,Route,110,0,14,0,29,0,14,0,7,0
JaCoCo Coverage Report,org.apache.logging.log4j.core.appender.routing,Routes.Builder,114,0,24,0,29,0,22,0,10,0
JaCoCo Coverage Report,org.apache.logging.log4j.core.appender.routing,Routes,156,0,14,0,36,0,16,0,9,0
JaCoCo Coverage Report,org.apache.logging.log4j.core.appender.routing,RoutingAppender.Builder,106,0,12,0,29,0,16,0,10,0
JaCoCo Coverage Report,org.apache.logging.log4j.core.appender.routing,RoutingAppender,586,0,72,0,137,0,55,0,19,0
JaCoCo Coverage Report,org.apache.logging.log4j.core.appender.routing,RoutingAppender.RouteAppenderControl,6,0,0,0,2,0,1,0,1,0
JaCoCo Coverage Report,org.apache.logging.log4j.core.appender.routing,IdlePurgePolicy,244,0,26,0,65,0,22,0,9,0
JaCoCo Coverage Report,org.apache.logging.log4j.core.appender.routing,RoutingAppender.CreatedRouteAppenderControl,46,0,6,0,16,0,7,0,4,0
JaCoCo Coverage Report,org.apache.logging.log4j.core.appender.routing,RoutingAppender.ReferencedRouteAppenderControl,6,0,0,0,4,0,3,0,3,0
JaCoCo Coverage Report,org.apache.logging.log4j.core.appender.mom,JmsManager,492,0,36,0,124,0,40,0,22,0
JaCoCo Coverage Report,org.apache.logging.log4j.core.appender.mom,JmsManager.Reconnector,126,0,2,0,35,0,6,0,5,0
JaCoCo Coverage Report,org.apache.logging.log4j.core.appender.mom,JmsAppender.Builder,230,0,8,0,48,0,21,0,17,0
JaCoCo Coverage Report,org.apache.logging.log4j.core.appender.mom,JmsManager.JmsManagerFactory,22,0,2,0,7,0,2,0,1,0
JaCoCo Coverage Report,org.apache.logging.log4j.core.appender.mom,JmsManager.JmsManagerConfiguration,103,0,2,0,20,0,12,0,11,0
JaCoCo Coverage Report,org.apache.logging.log4j.core.appender.mom,JmsAppender,58,0,0,0,15,0,6,0,6,0
JaCoCo Coverage Report,org.apache.logging.log4j.core.config.plugins.convert,TypeConverters.CharacterConverter,25,0,2,0,4,0,3,0,2,0
JaCoCo Coverage Report,org.apache.logging.log4j.core.config.plugins.convert,TypeConverters.CronExpressionConverter,8,0,0,0,2,0,2,0,2,0
JaCoCo Coverage Report,org.apache.logging.log4j.core.config.plugins.convert,TypeConverters.InetAddressConverter,6,0,0,0,2,0,2,0,2,0
JaCoCo Coverage Report,org.apache.logging.log4j.core.config.plugins.convert,TypeConverters.ByteArrayConverter,43,0,8,0,12,0,6,0,2,0
JaCoCo Coverage Report,org.apache.logging.log4j.core.config.plugins.convert,TypeConverters.IntegerConverter,6,0,0,0,2,0,2,0,2,0
JaCoCo Coverage Report,org.apache.logging.log4j.core.config.plugins.convert,TypeConverters.BooleanConverter,6,0,0,0,2,0,2,0,2,0
JaCoCo Coverage Report,org.apache.logging.log4j.core.config.plugins.convert,DateTypeConverter,58,0,2,0,12,0,3,0,2,0
JaCoCo Coverage Report,org.apache.logging.log4j.core.config.plugins.convert,TypeConverters.ShortConverter,6,0,0,0,2,0,2,0,2,0
JaCoCo Coverage Report,org.apache.logging.log4j.core.config.plugins.convert,TypeConverters.ClassConverter,33,0,10,0,12,0,11,0,2,0
JaCoCo Coverage Report,org.apache.logging.log4j.core.config.plugins.convert,EnumConverter,11,0,0,0,4,0,2,0,2,0
JaCoCo Coverage Report,org.apache.logging.log4j.core.config.plugins.convert,TypeConverters.CharsetConverter,6,0,0,0,2,0,2,0,2,0
JaCoCo Coverage Report,org.apache.logging.log4j.core.config.plugins.convert,TypeConverters.FileConverter,8,0,0,0,2,0,2,0,2,0
JaCoCo Coverage Report,org.apache.logging.log4j.core.config.plugins.convert,TypeConverters.LevelConverter,6,0,0,0,2,0,2,0,2,0
JaCoCo Coverage Report,org.apache.logging.log4j.core.config.plugins.convert,TypeConverters.SecurityProviderConverter,6,0,0,0,2,0,2,0,2,0
JaCoCo Coverage Report,org.apache.logging.log4j.core.config.plugins.convert,TypeConverters.DoubleConverter,6,0,0,0,2,0,2,0,2,0
JaCoCo Coverage Report,org.apache.logging.log4j.core.config.plugins.convert,TypeConverters.LongConverter,6,0,0,0,2,0,2,0,2,0
JaCoCo Coverage Report,org.apache.logging.log4j.core.config.plugins.convert,Base64Converter,94,0,4,0,25,0,5,0,3,0
JaCoCo Coverage Report,org.apache.logging.log4j.core.config.plugins.convert,TypeConverters.BigIntegerConverter,8,0,0,0,2,0,2,0,2,0
JaCoCo Coverage Report,org.apache.logging.log4j.core.config.plugins.convert,TypeConverters.PathConverter,8,0,0,0,2,0,2,0,2,0
JaCoCo Coverage Report,org.apache.logging.log4j.core.config.plugins.convert,TypeConverters.FloatConverter,6,0,0,0,2,0,2,0,2,0
JaCoCo Coverage Report,org.apache.logging.log4j.core.config.plugins.convert,TypeConverters.BigDecimalConverter,8,0,0,0,2,0,2,0,2,0
JaCoCo Coverage Report,org.apache.logging.log4j.core.config.plugins.convert,TypeConverters,56,0,6,0,17,0,7,0,4,0
JaCoCo Coverage Report,org.apache.logging.log4j.core.config.plugins.convert,HexConverter,41,0,2,0,7,0,3,0,2,0
JaCoCo Coverage Report,org.apache.logging.log4j.core.config.plugins.convert,TypeConverters.DurationConverter,6,0,0,0,2,0,2,0,2,0
JaCoCo Coverage Report,org.apache.logging.log4j.core.config.plugins.convert,TypeConverters.StringConverter,5,0,0,0,2,0,2,0,2,0
JaCoCo Coverage Report,org.apache.logging.log4j.core.config.plugins.convert,TypeConverters.ByteConverter,6,0,0,0,2,0,2,0,2,0
JaCoCo Coverage Report,org.apache.logging.log4j.core.config.plugins.convert,TypeConverters.UuidConverter,6,0,0,0,2,0,2,0,2,0
JaCoCo Coverage Report,org.apache.logging.log4j.core.config.plugins.convert,TypeConverterRegistry,328,0,36,0,81,0,27,0,9,0
JaCoCo Coverage Report,org.apache.logging.log4j.core.config.plugins.convert,TypeConverters.CharArrayConverter,6,0,0,0,2,0,2,0,2,0
JaCoCo Coverage Report,org.apache.logging.log4j.core.config.plugins.convert,TypeConverters.UriConverter,8,0,0,0,2,0,2,0,2,0
JaCoCo Coverage Report,org.apache.logging.log4j.core.config.plugins.convert,TypeConverters.PatternConverter,6,0,0,0,2,0,2,0,2,0
JaCoCo Coverage Report,org.apache.logging.log4j.core.config.plugins.convert,TypeConverters.UrlConverter,8,0,0,0,2,0,2,0,2,0
JaCoCo Coverage Report,org.apache.logging.log4j.core.time,MutableInstant,318,66,58,2,64,15,47,7,14,7
JaCoCo Coverage Report,org.apache.logging.log4j.core.config.status,StatusConfiguration,265,0,28,0,73,0,27,0,13,0
JaCoCo Coverage Report,org.apache.logging.log4j.core.config.status,StatusConfiguration.Verbosity,31,0,2,0,3,0,3,0,2,0
JaCoCo Coverage Report,org.apache.logging.log4j.core.layout,JacksonFactory.XML,34,0,0,0,12,0,9,0,9,0
JaCoCo Coverage Report,org.apache.logging.log4j.core.layout,PatternMatch,83,0,10,0,21,0,12,0,7,0
JaCoCo Coverage Report,org.apache.logging.log4j.core.layout,JacksonFactory.YAML,36,0,0,0,12,0,9,0,9,0
JaCoCo Coverage Report,org.apache.logging.log4j.core.layout,PatternLayout.PatternSelectorSerializer,111,0,8,0,24,0,9,0,5,0
JaCoCo Coverage Report,org.apache.logging.log4j.core.layout,AbstractStringLayout.Serializer,8,0,0,0,2,0,1,0,1,0
JaCoCo Coverage Report,org.apache.logging.log4j.core.layout,ScriptPatternSelector.Builder,124,0,16,0,35,0,17,0,9,0
JaCoCo Coverage Report,org.apache.logging.log4j.core.layout,AbstractJacksonLayout.Builder,135,0,2,0,39,0,25,0,24,0
JaCoCo Coverage Report,org.apache.logging.log4j.core.layout,LoggerFields,82,0,6,0,17,0,9,0,6,0
JaCoCo Coverage Report,org.apache.logging.log4j.core.layout,AbstractJacksonLayout.ReadOnlyLogEventWrapper,88,0,0,0,25,0,23,0,23,0
JaCoCo Coverage Report,org.apache.logging.log4j.core.layout,SyslogLayout,167,0,8,0,37,0,12,0,8,0
JaCoCo Coverage Report,org.apache.logging.log4j.core.layout,Rfc5424Layout.StructuredDataElement,60,0,8,0,18,0,9,0,5,0
JaCoCo Coverage Report,org.apache.logging.log4j.core.layout,SyslogLayout.Builder,52,0,0,0,14,0,8,0,8,0
JaCoCo Coverage Report,org.apache.logging.log4j.core.layout,MessageLayout,23,0,0,0,8,0,6,0,6,0
JaCoCo Coverage Report,org.apache.logging.log4j.core.layout,ScriptPatternSelector,466,0,32,0,86,0,24,0,8,0
JaCoCo Coverage Report,org.apache.logging.log4j.core.layout,SerializedLayout,64,0,0,0,22,0,7,0,7,0
JaCoCo Coverage Report,org.apache.logging.log4j.core.layout,HtmlLayout.Builder,107,0,2,0,30,0,11,0,10,0
JaCoCo Coverage Report,org.apache.logging.log4j.core.layout,StringBuilderEncoder,101,26,2,0,24,8,4,2,3,2
JaCoCo Coverage Report,org.apache.logging.log4j.core.layout,AbstractLayout,31,21,0,0,9,8,5,4,5,4
JaCoCo Coverage Report,org.apache.logging.log4j.core.layout,AbstractJacksonLayout.LogEventWithAdditionalFields,15,0,0,0,6,0,3,0,3,0
JaCoCo Coverage Report,org.apache.logging.log4j.core.layout,AbstractJacksonLayout,236,0,32,0,47,0,26,0,10,0
JaCoCo Coverage Report,org.apache.logging.log4j.core.layout,GelfLayout.CompressionType.new GelfLayout.CompressionType() {...},11,0,0,0,2,0,2,0,2,0
JaCoCo Coverage Report,org.apache.logging.log4j.core.layout,GelfLayout.CompressionType.new GelfLayout.CompressionType() {...},11,0,0,0,2,0,2,0,2,0
JaCoCo Coverage Report,org.apache.logging.log4j.core.layout,GelfLayout.CompressionType.new GelfLayout.CompressionType() {...},8,0,0,0,2,0,2,0,2,0
JaCoCo Coverage Report,org.apache.logging.log4j.core.layout,JacksonFactory.JSON,45,0,0,0,14,0,9,0,9,0
JaCoCo Coverage Report,org.apache.logging.log4j.core.layout,PatternLayout.Builder,50,73,8,4,17,17,14,5,8,5
JaCoCo Coverage Report,org.apache.logging.log4j.core.layout,JsonLayout,238,0,16,0,37,0,18,0,10,0
JaCoCo Coverage Report,org.apache.logging.log4j.core.layout,PatternMatch.Builder,29,0,0,0,7,0,5,0,5,0
JaCoCo Coverage Report,org.apache.logging.log4j.core.layout,YamlLayout.Builder,50,0,0,0,9,0,2,0,2,0
JaCoCo Coverage Report,org.apache.logging.log4j.core.layout,CsvParameterLayout,81,0,0,0,14,0,5,0,5,0
JaCoCo Coverage Report,org.apache.logging.log4j.core.layout,MarkerPatternSelector.Builder,71,0,6,0,20,0,11,0,8,0
JaCoCo Coverage Report,org.apache.logging.log4j.core.layout,AbstractLayout.Builder,32,0,0,0,11,0,8,0,8,0
JaCoCo Coverage Report,org.apache.logging.log4j.core.layout,Rfc5424Layout,1383,0,164,0,290,0,112,0,30,0
JaCoCo Coverage Report,org.apache.logging.log4j.core.layout,GelfLayout.FieldWriter,53,0,6,0,13,0,6,0,3,0
JaCoCo Coverage Report,org.apache.logging.log4j.core.layout,XmlLayout,170,0,4,0,27,0,11,0,9,0
JaCoCo Coverage Report,org.apache.logging.log4j.core.layout,AbstractStringLayout,152,69,16,4,40,17,23,7,13,7
JaCoCo Coverage Report,org.apache.logging.log4j.core.layout,ByteBufferDestinationHelper,76,0,4,0,20,0,4,0,2,0
JaCoCo Coverage Report,org.apache.logging.log4j.core.layout,GelfLayout,738,0,82,0,154,0,63,0,22,0
JaCoCo Coverage Report,org.apache.logging.log4j.core.layout,YamlLayout,205,0,8,0,33,0,13,0,9,0
JaCoCo Coverage Report,org.apache.logging.log4j.core.layout,GelfLayout.CompressionType,34,0,0,0,4,0,1,0,1,0
JaCoCo Coverage Report,org.apache.logging.log4j.core.layout,JacksonFactory,73,0,8,0,15,0,7,0,3,0
JaCoCo Coverage Report,org.apache.logging.log4j.core.layout,LockingStringBuilderEncoder,65,0,0,0,19,0,5,0,5,0
JaCoCo Coverage Report,org.apache.logging.log4j.core.layout,GelfLayout.Builder,357,0,26,0,89,0,41,0,28,0
JaCoCo Coverage Report,org.apache.logging.log4j.core.layout,PatternLayout.NoFormatPatternSerializer,103,0,10,0,16,0,10,0,5,0
JaCoCo Coverage Report,org.apache.logging.log4j.core.layout,TextEncoderHelper,419,0,44,0,113,0,34,0,12,0
JaCoCo Coverage Report,org.apache.logging.log4j.core.layout,HtmlLayout,764,0,40,0,153,0,36,0,16,0
JaCoCo Coverage Report,org.apache.logging.log4j.core.layout,LevelPatternSelector,288,0,22,0,57,0,19,0,8,0
JaCoCo Coverage Report,org.apache.logging.log4j.core.layout,MarkerPatternSelector,287,0,22,0,57,0,19,0,8,0
JaCoCo Coverage Report,org.apache.logging.log4j.core.layout,HtmlLayout.FontSize,153,0,6,0,12,0,8,0,5,0
JaCoCo Coverage Report,org.apache.logging.log4j.core.layout,LevelPatternSelector.Builder,71,0,6,0,20,0,11,0,8,0
JaCoCo Coverage Report,org.apache.logging.log4j.core.layout,AbstractJacksonLayout.ResolvableKeyValuePair,20,0,0,0,6,0,2,0,2,0
JaCoCo Coverage Report,org.apache.logging.log4j.core.layout,PatternLayout.PatternFormatterPatternSerializer,53,28,3,3,9,6,5,3,3,2
JaCoCo Coverage Report,org.apache.logging.log4j.core.layout,XmlLayout.Builder,36,0,0,0,6,0,2,0,2,0
JaCoCo Coverage Report,org.apache.logging.log4j.core.layout,SerializedLayout.PrivateObjectOutputStream,8,0,0,0,4,0,2,0,2,0
JaCoCo Coverage Report,org.apache.logging.log4j.core.layout,Rfc5424Layout.FieldFormatter,72,0,4,0,13,0,4,0,2,0
JaCoCo Coverage Report,org.apache.logging.log4j.core.layout,AbstractStringLayout.Builder,33,0,0,0,10,0,7,0,7,0
JaCoCo Coverage Report,org.apache.logging.log4j.core.layout,CsvLogEventLayout,165,0,0,0,27,0,5,0,5,0
JaCoCo Coverage Report,org.apache.logging.log4j.core.layout,PatternLayout,143,110,6,4,40,42,17,5,12,5
JaCoCo Coverage Report,org.apache.logging.log4j.core.layout,PatternLayout.SerializerBuilder,41,123,7,11,3,31,7,12,0,10
JaCoCo Coverage Report,org.apache.logging.log4j.core.layout,JsonLayout.Builder,93,0,4,0,19,0,10,0,8,0
JaCoCo Coverage Report,org.apache.logging.log4j.core.layout,JacksonFactory.Log4jXmlPrettyPrinter,12,0,0,0,5,0,3,0,3,0
JaCoCo Coverage Report,org.apache.logging.log4j.core.layout,AbstractCsvLayout,87,0,16,0,22,0,13,0,5,0
JaCoCo Coverage Report,org.apache.logging.log4j.core.layout,PatternLayout.PatternSerializerWithReplacement,68,0,0,0,15,0,5,0,5,0
JaCoCo Coverage Report,org.apache.logging.log4j.core.config.plugins.visitors,PluginAttributeVisitor,179,0,36,0,30,0,21,0,3,0
JaCoCo Coverage Report,org.apache.logging.log4j.core.config.plugins.visitors,PluginConfigurationVisitor,34,0,4,0,10,0,4,0,2,0
JaCoCo Coverage Report,org.apache.logging.log4j.core.config.plugins.visitors,AbstractPluginVisitor,127,0,14,0,32,0,16,0,9,0
JaCoCo Coverage Report,org.apache.logging.log4j.core.config.plugins.visitors,PluginValueVisitor,63,0,6,0,16,0,5,0,2,0
JaCoCo Coverage Report,org.apache.logging.log4j.core.config.plugins.visitors,PluginElementVisitor,236,0,30,0,53,0,18,0,3,0
JaCoCo Coverage Report,org.apache.logging.log4j.core.config.plugins.visitors,PluginBuilderAttributeVisitor,54,0,4,0,11,0,4,0,2,0
JaCoCo Coverage Report,org.apache.logging.log4j.core.config.plugins.visitors,PluginVisitors,27,0,2,0,8,0,3,0,2,0
JaCoCo Coverage Report,org.apache.logging.log4j.core.config.plugins.visitors,PluginNodeVisitor,25,0,2,0,7,0,3,0,2,0
JaCoCo Coverage Report,org.apache.logging.log4j.core.config.composite,CompositeConfiguration,508,0,44,0,94,0,29,0,7,0
JaCoCo Coverage Report,org.apache.logging.log4j.core.config.composite,DefaultMergeStrategy,690,0,99,0,142,0,58,0,8,0
JaCoCo Coverage Report,org.apache.logging.log4j.core.async,JCToolsBlockingQueueFactory,18,0,0,0,5,0,3,0,3,0
JaCoCo Coverage Report,org.apache.logging.log4j.core.async,InternalAsyncUtil,24,0,8,0,6,0,7,0,3,0
JaCoCo Coverage Report,org.apache.logging.log4j.core.async,AsyncLoggerContextSelector,38,0,0,0,6,0,5,0,5,0
JaCoCo Coverage Report,org.apache.logging.log4j.core.async,DisruptorUtil,229,0,16,0,59,0,19,0,9,0
JaCoCo Coverage Report,org.apache.logging.log4j.core.async,AsyncLoggerConfig.RootLogger,69,0,2,0,17,0,5,0,4,0
JaCoCo Coverage Report,org.apache.logging.log4j.core.async,AsyncLoggerConfig.new ThreadLocal() {...},5,0,0,0,2,0,2,0,2,0
JaCoCo Coverage Report,org.apache.logging.log4j.core.async,DefaultAsyncQueueFullPolicy,17,0,4,0,5,0,4,0,2,0
JaCoCo Coverage Report,org.apache.logging.log4j.core.async,EventRoute,34,0,0,0,4,0,1,0,1,0
JaCoCo Coverage Report,org.apache.logging.log4j.core.async,LinkedTransferQueueFactory,11,0,0,0,3,0,3,0,3,0
JaCoCo Coverage Report,org.apache.logging.log4j.core.async,AsyncQueueFullPolicyFactory,96,0,14,0,23,0,13,0,6,0
JaCoCo Coverage Report,org.apache.logging.log4j.core.async,AsyncLoggerConfigDisruptor,439,0,48,0,112,0,44,0,20,0
JaCoCo Coverage Report,org.apache.logging.log4j.core.async,AsyncLogger,617,0,42,0,139,0,48,0,25,0
JaCoCo Coverage Report,org.apache.logging.log4j.core.async,AsyncLoggerConfigDisruptor.Log4jEventWrapperHandler,36,0,2,0,11,0,4,0,3,0
JaCoCo Coverage Report,org.apache.logging.log4j.core.async,ThreadNameCachingStrategy.new ThreadNameCachingStrategy() {...},3,6,0,0,1,1,1,1,1,1
JaCoCo Coverage Report,org.apache.logging.log4j.core.async,ThreadNameCachingStrategy.new ThreadNameCachingStrategy() {...},14,6,2,0,5,1,2,1,1,1
JaCoCo Coverage Report,org.apache.logging.log4j.core.async,RingBufferLogEvent,526,0,44,0,148,0,69,0,47,0
JaCoCo Coverage Report,org.apache.logging.log4j.core.async,DiscardingAsyncQueueFullPolicy,54,0,6,0,14,0,8,0,5,0
JaCoCo Coverage Report,org.apache.logging.log4j.core.async,JCToolsBlockingQueueFactory.WaitStrategy,90,0,4,0,18,0,9,0,7,0
JaCoCo Coverage Report,org.apache.logging.log4j.core.async,JCToolsBlockingQueueFactory.MpscBlockingQueue,143,0,20,0,39,0,20,0,10,0
JaCoCo Coverage Report,org.apache.logging.log4j.core.async,RingBufferLogEventHandler,48,0,4,0,17,0,9,0,7,0
JaCoCo Coverage Report,org.apache.logging.log4j.core.async,AsyncLoggerDisruptor,467,0,38,0,105,0,38,0,19,0
JaCoCo Coverage Report,org.apache.logging.log4j.core.async,ThreadNameCachingStrategy,49,60,10,4,11,13,7,3,0,3
JaCoCo Coverage Report,org.apache.logging.log4j.core.async,AsyncLoggerDefaultExceptionHandler,3,0,0,0,1,0,1,0,1,0
JaCoCo Coverage Report,org.apache.logging.log4j.core.async,AsyncLoggerContext,123,0,2,0,33,0,13,0,12,0
JaCoCo Coverage Report,org.apache.logging.log4j.core.async,AsyncLoggerConfigDisruptor.Log4jEventWrapper,29,0,2,0,11,0,5,0,4,0
JaCoCo Coverage Report,org.apache.logging.log4j.core.async,AsyncLoggerConfig.Builder,45,0,2,0,6,0,3,0,2,0
JaCoCo Coverage Report,org.apache.logging.log4j.core.async,BasicAsyncLoggerContextSelector,67,0,12,0,15,0,15,0,9,0
JaCoCo Coverage Report,org.apache.logging.log4j.core.async,AsyncQueueFullMessageUtil,4,0,0,0,3,0,1,0,1,0
JaCoCo Coverage Report,org.apache.logging.log4j.core.async,ArrayBlockingQueueFactory,12,0,0,0,3,0,3,0,3,0
JaCoCo Coverage Report,org.apache.logging.log4j.core.async,AsyncLoggerDisruptor.new Log4jThreadFactory() {...},21,0,0,0,4,0,2,0,2,0
JaCoCo Coverage Report,org.apache.logging.log4j.core.async,AsyncLoggerConfigDisruptor.new Log4jThreadFactory() {...},21,0,0,0,4,0,2,0,2,0
JaCoCo Coverage Report,org.apache.logging.log4j.core.async,AsyncLoggerConfig,232,0,20,0,62,0,27,0,17,0
JaCoCo Coverage Report,org.apache.logging.log4j.core.async,RingBufferLogEventTranslator,120,0,0,0,28,0,6,0,6,0
JaCoCo Coverage Report,org.apache.logging.log4j.core.async,DisruptorBlockingQueueFactory,18,0,0,0,5,0,3,0,3,0
JaCoCo Coverage Report,org.apache.logging.log4j.core.async,RingBufferLogEvent.Factory,4,0,0,0,1,0,1,0,1,0
JaCoCo Coverage Report,org.apache.logging.log4j.core.async,AbstractAsyncExceptionHandler,72,0,0,0,27,0,4,0,4,0
JaCoCo Coverage Report,org.apache.logging.log4j.core.async,AsyncLogger.TranslatorType,6,0,0,0,1,0,1,0,1,0
JaCoCo Coverage Report,org.apache.logging.log4j.core.async,EventRoute.new EventRoute() {...},15,0,0,0,6,0,4,0,4,0
JaCoCo Coverage Report,org.apache.logging.log4j.core.async,EventRoute.new EventRoute() {...},15,0,0,0,6,0,4,0,4,0
JaCoCo Coverage Report,org.apache.logging.log4j.core.async,EventRoute.new EventRoute() {...},9,0,0,0,4,0,4,0,4,0
JaCoCo Coverage Report,org.apache.logging.log4j.core.async,AsyncLogger.new AsyncLogger.TranslatorType() {...},26,0,0,0,5,0,3,0,3,0
JaCoCo Coverage Report,org.apache.logging.log4j.core.async,AsyncLogger.new AsyncLogger.TranslatorType() {...},26,0,0,0,5,0,3,0,3,0
JaCoCo Coverage Report,org.apache.logging.log4j.core.async,AsyncLoggerConfigDefaultExceptionHandler,3,0,0,0,1,0,1,0,1,0
JaCoCo Coverage Report,org.apache.logging.log4j.core.async,AsyncLoggerConfig.RootLogger.Builder,35,0,0,0,6,0,2,0,2,0
JaCoCo Coverage Report,org.apache.logging.log4j.core.layout.internal,IncludeChecker,22,0,0,0,5,0,3,0,3,0
JaCoCo Coverage Report,org.apache.logging.log4j.core.layout.internal,ExcludeChecker,26,0,2,0,5,0,4,0,3,0
JaCoCo Coverage Report,org.apache.logging.log4j.core.layout.internal,ListChecker.NoopChecker,7,0,0,0,3,0,3,0,3,0
JaCoCo Coverage Report,org.apache.logging.log4j.core.layout.internal,ListChecker,5,0,0,0,1,0,1,0,1,0
JaCoCo Coverage Report,org.apache.logging.log4j.core.appender.mom.kafka,KafkaManager,289,0,24,0,56,0,22,0,10,0
JaCoCo Coverage Report,org.apache.logging.log4j.core.appender.mom.kafka,KafkaManager.KafkaManagerFactory,15,0,0,0,1,0,1,0,1,0
JaCoCo Coverage Report,org.apache.logging.log4j.core.appender.mom.kafka,KafkaAppender,219,0,12,0,47,0,17,0,11,0
JaCoCo Coverage Report,org.apache.logging.log4j.core.appender.mom.kafka,KafkaManager.FactoryData,18,0,0,0,7,0,1,0,1,0
JaCoCo Coverage Report,org.apache.logging.log4j.core.appender.mom.kafka,KafkaAppender.Builder,82,0,2,0,22,0,9,0,8,0
JaCoCo Coverage Report,org.apache.logging.log4j.core.appender.mom.kafka,DefaultKafkaProducerFactory,8,0,0,0,2,0,2,0,2,0
JaCoCo Coverage Report,org.apache.logging.log4j.core.pattern,EncodingPatternConverter.EscapeFormat,44,0,0,0,5,0,1,0,1,0
JaCoCo Coverage Report,org.apache.logging.log4j.core.pattern,MapPatternConverter,97,0,14,0,16,0,12,0,5,0
JaCoCo Coverage Report,org.apache.logging.log4j.core.pattern,AbstractStyleNameConverter.Green,13,0,0,0,3,0,2,0,2,0
JaCoCo Coverage Report,org.apache.logging.log4j.core.pattern,ThreadPriorityPatternConverter,18,0,0,0,6,0,4,0,4,0
JaCoCo Coverage Report,org.apache.logging.log4j.core.pattern,VariablesNotEmptyReplacementConverter,101,0,16,0,25,0,11,0,3,0
JaCoCo Coverage Report,org.apache.logging.log4j.core.pattern,EqualsBaseReplacementConverter,95,0,10,0,20,0,8,0,3,0
JaCoCo Coverage Report,org.apache.logging.log4j.core.pattern,EqualsReplacementConverter,85,0,8,0,19,0,7,0,3,0
JaCoCo Coverage Report,org.apache.logging.log4j.core.pattern,NdcPatternConverter,18,0,0,0,6,0,4,0,4,0
JaCoCo Coverage Report,org.apache.logging.log4j.core.pattern,JAnsiTextRenderer,916,0,36,0,145,0,30,0,11,0
JaCoCo Coverage Report,org.apache.logging.log4j.core.pattern,SimpleLiteralPatternConverter.StringValue,6,7,0,0,2,3,1,1,1,1
JaCoCo Coverage Report,org.apache.logging.log4j.core.pattern,ThrowablePatternConverter,354,60,75,9,80,13,50,1,8,1
JaCoCo Coverage Report,org.apache.logging.log4j.core.pattern,DatePatternConverter.CachedTime,0,20,0,0,0,5,0,1,0,1
JaCoCo Coverage Report,org.apache.logging.log4j.core.pattern,EncodingPatternConverter.EscapeFormat.new EncodingPatternConverter.EscapeFormat() {...},10,0,0,0,3,0,2,0,2,0
JaCoCo Coverage Report,org.apache.logging.log4j.core.pattern,EncodingPatternConverter.EscapeFormat.new EncodingPatternConverter.EscapeFormat() {...},109,0,19,0,28,0,16,0,3,0
JaCoCo Coverage Report,org.apache.logging.log4j.core.pattern,EncodingPatternConverter.EscapeFormat.new EncodingPatternConverter.EscapeFormat() {...},10,0,0,0,3,0,2,0,2,0
JaCoCo Coverage Report,org.apache.logging.log4j.core.pattern,EncodingPatternConverter.EscapeFormat.new EncodingPatternConverter.EscapeFormat() {...},82,0,11,0,19,0,8,0,2,0
JaCoCo Coverage Report,org.apache.logging.log4j.core.pattern,MessagePatternConverter.RenderingPatternConverter,26,0,0,0,8,0,2,0,2,0
JaCoCo Coverage Report,org.apache.logging.log4j.core.pattern,StyleConverter,224,0,26,0,54,0,18,0,5,0
JaCoCo Coverage Report,org.apache.logging.log4j.core.pattern,FullLocationPatternConverter,25,0,2,0,9,0,6,0,5,0
JaCoCo Coverage Report,org.apache.logging.log4j.core.pattern,HighlightConverter,467,0,38,0,83,0,26,0,7,0
JaCoCo Coverage Report,org.apache.logging.log4j.core.pattern,MethodLocationPatternConverter,25,0,2,0,9,0,6,0,5,0
JaCoCo Coverage Report,org.apache.logging.log4j.core.pattern,AbstractStyleNameConverter.Cyan,13,0,0,0,3,0,2,0,2,0
JaCoCo Coverage Report,org.apache.logging.log4j.core.pattern,MessagePatternConverter.SimpleMessagePatternConverter,19,9,4,0,6,2,3,2,1,2
JaCoCo Coverage Report,org.apache.logging.log4j.core.pattern,DatePatternConverter,261,69,34,2,64,15,30,5,12,5
JaCoCo Coverage Report,org.apache.logging.log4j.core.pattern,AbstractPatternConverter,6,12,0,0,2,5,2,2,2,2
JaCoCo Coverage Report,org.apache.logging.log4j.core.pattern,LineSeparatorPatternConverter,12,12,0,0,5,4,3,3,3,3
JaCoCo Coverage Report,org.apache.logging.log4j.core.pattern,ThreadNamePatternConverter,6,12,0,0,2,4,1,3,1,3
JaCoCo Coverage Report,org.apache.logging.log4j.core.pattern,DatePatternConverter.UnixFormatter,14,0,0,0,4,0,3,0,3,0
JaCoCo Coverage Report,org.apache.logging.log4j.core.pattern,FileLocationPatternConverter,23,0,2,0,8,0,5,0,4,0
JaCoCo Coverage Report,org.apache.logging.log4j.core.pattern,NameAbbreviator.MaxElementAbbreviator.Strategy.new NameAbbreviator.MaxElementAbbreviator.Strategy() {...},34,7,4,0,9,1,3,1,1,1
JaCoCo Coverage Report,org.apache.logging.log4j.core.pattern,NameAbbreviator.MaxElementAbbreviator.Strategy.new NameAbbreviator.MaxElementAbbreviator.Strategy() {...},36,7,4,0,8,1,3,1,1,1
JaCoCo Coverage Report,org.apache.logging.log4j.core.pattern,PatternParser,467,697,66,88,92,165,59,36,4,11
JaCoCo Coverage Report,org.apache.logging.log4j.core.pattern,NameAbbreviator,96,63,24,10,27,15,16,5,0,4
JaCoCo Coverage Report,org.apache.logging.log4j.core.pattern,EndOfBatchPatternConverter,18,0,0,0,6,0,4,0,4,0
JaCoCo Coverage Report,org.apache.logging.log4j.core.pattern,AbstractStyleNameConverter.Blue,13,0,0,0,3,0,2,0,2,0
JaCoCo Coverage Report,org.apache.logging.log4j.core.pattern,NanoTimePatternConverter,16,0,0,0,5,0,3,0,3,0
JaCoCo Coverage Report,org.apache.logging.log4j.core.pattern,PlainTextRenderer,10,10,0,0,4,3,2,3,2,3
JaCoCo Coverage Report,org.apache.logging.log4j.core.pattern,NameAbbreviator.PatternAbbreviator,51,0,6,0,12,0,6,0,3,0
JaCoCo Coverage Report,org.apache.logging.log4j.core.pattern,NotANumber,7,0,0,0,2,0,2,0,2,0
JaCoCo Coverage Report,org.apache.logging.log4j.core.pattern,AbstractStyleNameConverter,144,0,12,0,28,0,10,0,4,0
JaCoCo Coverage Report,org.apache.logging.log4j.core.pattern,RepeatPatternConverter,91,0,8,0,27,0,9,0,5,0
JaCoCo Coverage Report,org.apache.logging.log4j.core.pattern,AnsiEscape,559,0,16,0,69,0,15,0,7,0
JaCoCo Coverage Report,org.apache.logging.log4j.core.pattern,PatternParser.ParserState,0,54,0,0,0,6,0,1,0,1
JaCoCo Coverage Report,org.apache.logging.log4j.core.pattern,DatePatternConverter.PatternFormatter,48,0,2,0,12,0,5,0,4,0
JaCoCo Coverage Report,org.apache.logging.log4j.core.pattern,NameAbbreviator.PatternAbbreviatorFragment,69,0,6,0,16,0,6,0,3,0
JaCoCo Coverage Report,org.apache.logging.log4j.core.pattern,IntegerPatternConverter,63,0,10,0,17,0,10,0,5,0
JaCoCo Coverage Report,org.apache.logging.log4j.core.pattern,DatePatternConverter.Formatter,2,0,0,0,1,0,1,0,1,0
JaCoCo Coverage Report,org.apache.logging.log4j.core.pattern,LevelPatternConverter.SimpleLevelPatternConverter,6,4,0,0,2,1,1,1,1,1
JaCoCo Coverage Report,org.apache.logging.log4j.core.pattern,MessagePatternConverter,92,44,18,7,15,13,14,4,1,4
JaCoCo Coverage Report,org.apache.logging.log4j.core.pattern,NamePatternConverter,6,20,1,3,2,5,2,2,1,1
JaCoCo Coverage Report,org.apache.logging.log4j.core.pattern,MaxLengthConverter,118,0,14,0,28,0,10,0,3,0
JaCoCo Coverage Report,org.apache.logging.log4j.core.pattern,LevelPatternConverter,176,18,30,2,34,5,19,3,3,3
JaCoCo Coverage Report,org.apache.logging.log4j.core.pattern,AbstractStyleNameConverter.White,13,0,0,0,3,0,2,0,2,0
JaCoCo Coverage Report,org.apache.logging.log4j.core.pattern,ClassNamePatternConverter,29,0,2,0,9,0,5,0,4,0
JaCoCo Coverage Report,org.apache.logging.log4j.core.pattern,FormattingInfo,159,125,14,0,32,19,9,9,2,9
JaCoCo Coverage Report,org.apache.logging.log4j.core.pattern,MarkerSimpleNamePatternConverter,21,0,2,0,7,0,4,0,3,0
JaCoCo Coverage Report,org.apache.logging.log4j.core.pattern,MarkerPatternConverter,19,0,2,0,7,0,4,0,3,0
JaCoCo Coverage Report,org.apache.logging.log4j.core.pattern,MdcPatternConverter,242,0,36,0,57,0,25,0,7,0
JaCoCo Coverage Report,org.apache.logging.log4j.core.pattern,DatePatternConverter.UnixMillisFormatter,14,0,0,0,4,0,3,0,3,0
JaCoCo Coverage Report,org.apache.logging.log4j.core.pattern,SequenceNumberPatternConverter,22,0,0,0,7,0,4,0,4,0
JaCoCo Coverage Report,org.apache.logging.log4j.core.pattern,PatternFormatter,76,30,5,3,18,8,8,5,5,4
JaCoCo Coverage Report,org.apache.logging.log4j.core.pattern,SimpleLiteralPatternConverter.Space,5,9,0,0,2,2,1,2,1,2
JaCoCo Coverage Report,org.apache.logging.log4j.core.pattern,DatePatternConverter.FixedFormatter,44,19,2,0,9,6,3,2,2,2
JaCoCo Coverage Report,org.apache.logging.log4j.core.pattern,AbstractStyleNameConverter.Red,13,0,0,0,3,0,2,0,2,0
JaCoCo Coverage Report,org.apache.logging.log4j.core.pattern,RootThrowablePatternConverter,122,0,18,0,25,0,12,0,3,0
JaCoCo Coverage Report,org.apache.logging.log4j.core.pattern,AbstractStyleNameConverter.Magenta,13,0,0,0,3,0,2,0,2,0
JaCoCo Coverage Report,org.apache.logging.log4j.core.pattern,FileDatePatternConverter,16,0,4,0,3,0,3,0,1,0
JaCoCo Coverage Report,org.apache.logging.log4j.core.pattern,LevelPatternConverter.LevelMapLevelPatternConverter,17,0,0,0,5,0,2,0,2,0
JaCoCo Coverage Report,org.apache.logging.log4j.core.pattern,SimpleLiteralPatternConverter,17,32,3,5,8,9,7,5,4,4
JaCoCo Coverage Report,org.apache.logging.log4j.core.pattern,RelativeTimePatternConverter,24,0,0,0,7,0,3,0,3,0
JaCoCo Coverage Report,org.apache.logging.log4j.core.pattern,AbstractStyleNameConverter.Yellow,13,0,0,0,3,0,2,0,2,0
JaCoCo Coverage Report,org.apache.logging.log4j.core.pattern,NameAbbreviator.MaxElementAbbreviator,8,12,0,0,2,4,1,1,1,1
JaCoCo Coverage Report,org.apache.logging.log4j.core.pattern,NameAbbreviator.MaxElementAbbreviator.Strategy,0,34,0,0,0,6,0,2,0,2
JaCoCo Coverage Report,org.apache.logging.log4j.core.pattern,RegexReplacement,56,0,4,0,13,0,7,0,5,0
JaCoCo Coverage Report,org.apache.logging.log4j.core.pattern,HtmlTextRenderer,5,0,0,0,4,0,3,0,3,0
JaCoCo Coverage Report,org.apache.logging.log4j.core.pattern,LogEventPatternConverter,11,7,2,0,4,3,3,2,2,2
JaCoCo Coverage Report,org.apache.logging.log4j.core.pattern,UuidPatternConverter,57,0,10,0,11,0,8,0,3,0
JaCoCo Coverage Report,org.apache.logging.log4j.core.pattern,ProcessIdPatternConverter,48,0,4,0,11,0,7,0,5,0
JaCoCo Coverage Report,org.apache.logging.log4j.core.pattern,LineLocationPatternConverter,25,0,2,0,9,0,6,0,5,0
JaCoCo Coverage Report,org.apache.logging.log4j.core.pattern,ExtendedThrowablePatternConverter,53,13,12,0,12,3,7,2,1,2
JaCoCo Coverage Report,org.apache.logging.log4j.core.pattern,SimpleLiteralPatternConverter.Noop,10,0,0,0,3,0,3,0,3,0
JaCoCo Coverage Report,org.apache.logging.log4j.core.pattern,LoggerPatternConverter,8,22,2,2,3,5,3,3,1,3
JaCoCo Coverage Report,org.apache.logging.log4j.core.pattern,LoggerFqcnPatternConverter,18,0,0,0,6,0,4,0,4,0
JaCoCo Coverage Report,org.apache.logging.log4j.core.pattern,AbstractStyleNameConverter.Black,13,0,0,0,3,0,2,0,2,0
JaCoCo Coverage Report,org.apache.logging.log4j.core.pattern,EqualsIgnoreCaseReplacementConverter,85,0,8,0,19,0,7,0,3,0
JaCoCo Coverage Report,org.apache.logging.log4j.core.pattern,CachedDateFormat,352,0,42,0,78,0,30,0,9,0
JaCoCo Coverage Report,org.apache.logging.log4j.core.pattern,NameAbbreviator.NOPAbbreviator,5,3,0,0,2,2,1,1,1,1
JaCoCo Coverage Report,org.apache.logging.log4j.core.pattern,RegexReplacementConverter,113,0,10,0,27,0,8,0,3,0
JaCoCo Coverage Report,org.apache.logging.log4j.core.pattern,LiteralPatternConverter,104,8,14,2,14,1,15,1,7,1
JaCoCo Coverage Report,org.apache.logging.log4j.core.pattern,MessagePatternConverter.FormattedMessagePatternConverter,45,0,8,0,13,0,6,0,2,0
JaCoCo Coverage Report,org.apache.logging.log4j.core.pattern,ThreadIdPatternConverter,18,0,0,0,6,0,4,0,4,0
JaCoCo Coverage Report,org.apache.logging.log4j.core.pattern,EncodingPatternConverter,105,0,14,0,24,0,11,0,4,0
JaCoCo Coverage Report,org.apache.logging.log4j.core.appender.rolling,RollingFileManager.AsyncAction,79,0,0,0,21,0,5,0,5,0
JaCoCo Coverage Report,org.apache.logging.log4j.core.appender.rolling,FileSize,110,0,14,0,28,0,9,0,2,0
JaCoCo Coverage Report,org.apache.logging.log4j.core.appender.rolling,CronTriggeringPolicy.CronTrigger,10,0,0,0,3,0,2,0,2,0
JaCoCo Coverage Report,org.apache.logging.log4j.core.appender.rolling,RollingRandomAccessFileManager.RollingRandomAccessFileManagerFactory,148,0,20,0,36,0,11,0,1,0
JaCoCo Coverage Report,org.apache.logging.log4j.core.appender.rolling,FileExtension,153,0,8,0,24,0,13,0,9,0
JaCoCo Coverage Report,org.apache.logging.log4j.core.appender.rolling,OnStartupTriggeringPolicy,90,0,6,0,25,0,10,0,7,0
JaCoCo Coverage Report,org.apache.logging.log4j.core.appender.rolling,NoOpTriggeringPolicy,13,0,0,0,5,0,5,0,5,0
JaCoCo Coverage Report,org.apache.logging.log4j.core.appender.rolling,TimeBasedTriggeringPolicy.Builder,52,0,0,0,15,0,8,0,8,0
JaCoCo Coverage Report,org.apache.logging.log4j.core.appender.rolling,DefaultRolloverStrategy.Builder,182,0,20,0,47,0,28,0,18,0
JaCoCo Coverage Report,org.apache.logging.log4j.core.appender.rolling,SizeBasedTriggeringPolicy,63,0,6,0,16,0,10,0,7,0
JaCoCo Coverage Report,org.apache.logging.log4j.core.appender.rolling,CronTriggeringPolicy,209,0,18,0,50,0,18,0,9,0
JaCoCo Coverage Report,org.apache.logging.log4j.core.appender.rolling,RollingFileManager,969,0,96,0,231,0,82,0,34,0
JaCoCo Coverage Report,org.apache.logging.log4j.core.appender.rolling,AbstractTriggeringPolicy,3,0,0,0,1,0,1,0,1,0
JaCoCo Coverage Report,org.apache.logging.log4j.core.appender.rolling,DirectWriteRolloverStrategy.Builder,96,0,6,0,30,0,17,0,14,0
JaCoCo Coverage Report,org.apache.logging.log4j.core.appender.rolling,RollingRandomAccessFileManager,267,0,22,0,65,0,26,0,15,0
JaCoCo Coverage Report,org.apache.logging.log4j.core.appender.rolling,RolloverDescriptionImpl,31,0,0,0,11,0,5,0,5,0
JaCoCo Coverage Report,org.apache.logging.log4j.core.appender.rolling,RolloverFrequency,84,0,0,0,9,0,1,0,1,0
JaCoCo Coverage Report,org.apache.logging.log4j.core.appender.rolling,RollingFileManager.FactoryData,161,0,0,0,43,0,5,0,5,0
JaCoCo Coverage Report,org.apache.logging.log4j.core.appender.rolling,CompositeTriggeringPolicy,125,0,12,0,24,0,13,0,7,0
JaCoCo Coverage Report,org.apache.logging.log4j.core.appender.rolling,DefaultRolloverStrategy,703,0,58,0,150,0,45,0,16,0
JaCoCo Coverage Report,org.apache.logging.log4j.core.appender.rolling,DirectWriteRolloverStrategy,401,0,30,0,88,0,29,0,14,0
JaCoCo Coverage Report,org.apache.logging.log4j.core.appender.rolling,RollingRandomAccessFileManager.FactoryData,49,0,0,0,17,0,4,0,4,0
JaCoCo Coverage Report,org.apache.logging.log4j.core.appender.rolling,PatternProcessor,783,0,64,0,166,0,58,0,26,0
JaCoCo Coverage Report,org.apache.logging.log4j.core.appender.rolling,AbstractRolloverStrategy,281,0,26,0,59,0,23,0,10,0
JaCoCo Coverage Report,org.apache.logging.log4j.core.appender.rolling,FileExtension.new FileExtension() {...},19,0,0,0,2,0,2,0,2,0
JaCoCo Coverage Report,org.apache.logging.log4j.core.appender.rolling,FileExtension.new FileExtension() {...},19,0,0,0,2,0,2,0,2,0
JaCoCo Coverage Report,org.apache.logging.log4j.core.appender.rolling,FileExtension.new FileExtension() {...},19,0,0,0,2,0,2,0,2,0
JaCoCo Coverage Report,org.apache.logging.log4j.core.appender.rolling,FileExtension.new FileExtension() {...},19,0,0,0,2,0,2,0,2,0
JaCoCo Coverage Report,org.apache.logging.log4j.core.appender.rolling,FileExtension.new FileExtension() {...},19,0,0,0,2,0,2,0,2,0
JaCoCo Coverage Report,org.apache.logging.log4j.core.appender.rolling,FileExtension.new FileExtension() {...},19,0,0,0,2,0,2,0,2,0
JaCoCo Coverage Report,org.apache.logging.log4j.core.appender.rolling,TimeBasedTriggeringPolicy,134,0,4,0,29,0,10,0,8,0
JaCoCo Coverage Report,org.apache.logging.log4j.core.appender.rolling,RollingFileManager.RollingFileManagerFactory,166,0,26,0,27,0,14,0,1,0
JaCoCo Coverage Report,org.apache.logging.log4j.core.appender.rolling,RollingFileManager.EmptyQueue,32,0,2,0,10,0,7,0,6,0
JaCoCo Coverage Report,org.apache.logging.log4j.core.config.plugins.processor,PluginProcessor.PluginAliasesElementVisitor,87,0,6,0,17,0,5,0,2,0
JaCoCo Coverage Report,org.apache.logging.log4j.core.config.plugins.processor,PluginProcessor,162,0,8,0,40,0,11,0,7,0
JaCoCo Coverage Report,org.apache.logging.log4j.core.config.plugins.processor,PluginProcessor.PluginElementVisitor,53,0,2,0,12,0,3,0,2,0
JaCoCo Coverage Report,org.apache.logging.log4j.core.config.plugins.processor,PluginEntry,46,36,0,0,4,16,4,10,4,10
JaCoCo Coverage Report,org.apache.logging.log4j.core.config.plugins.processor,PluginCache,82,124,4,6,17,31,4,9,2,6
JaCoCo Coverage Report,org.apache.logging.log4j.core.config.plugins.validation.validators,RequiredValidator,37,0,4,0,7,0,7,0,5,0
JaCoCo Coverage Report,org.apache.logging.log4j.core.config.plugins.validation.validators,ValidPortValidator,52,0,8,0,14,0,8,0,4,0
JaCoCo Coverage Report,org.apache.logging.log4j.core.config.plugins.validation.validators,ValidHostValidator,39,0,4,0,14,0,6,0,4,0
JaCoCo Coverage Report,org.apache.logging.log4j.core.config.plugins.validation,ConstraintValidators,98,0,14,0,22,0,10,0,3,0
JaCoCo Coverage Report,org.apache.logging.log4j.core.filter,StringMatchFilter,374,0,2,0,22,0,19,0,18,0
JaCoCo Coverage Report,org.apache.logging.log4j.core.filter,ThreadContextMapFilter,300,0,44,0,70,0,40,0,18,0
JaCoCo Coverage Report,org.apache.logging.log4j.core.filter,LevelRangeFilter,120,0,10,0,26,0,24,0,19,0
JaCoCo Coverage Report,org.apache.logging.log4j.core.filter,BurstFilter.LogDelay,66,0,8,0,17,0,10,0,6,0
JaCoCo Coverage Report,org.apache.logging.log4j.core.filter,TimeFilter,317,0,26,0,66,0,36,0,23,0
JaCoCo Coverage Report,org.apache.logging.log4j.core.filter,RegexFilter,194,0,24,0,41,0,22,0,10,0
JaCoCo Coverage Report,org.apache.logging.log4j.core.filter,StructuredDataFilter,331,0,60,0,79,0,40,0,10,0
JaCoCo Coverage Report,org.apache.logging.log4j.core.filter,NoMarkerFilter,75,0,2,0,18,0,18,0,17,0
JaCoCo Coverage Report,org.apache.logging.log4j.core.filter,AbstractFilterable.Builder,27,0,0,0,9,0,7,0,7,0
JaCoCo Coverage Report,org.apache.logging.log4j.core.filter,AbstractFilterable,138,55,30,8,32,21,21,10,5,7
JaCoCo Coverage Report,org.apache.logging.log4j.core.filter,AbstractFilter.AbstractFilterBuilder,29,0,0,0,10,0,6,0,6,0
JaCoCo Coverage Report,org.apache.logging.log4j.core.filter,StringMatchFilter.Builder,22,0,0,0,5,0,3,0,3,0
JaCoCo Coverage Report,org.apache.logging.log4j.core.filter,ScriptFilter,322,0,28,0,58,0,22,0,8,0
JaCoCo Coverage Report,org.apache.logging.log4j.core.filter,LevelMatchFilter.Builder,22,0,0,0,5,0,3,0,3,0
JaCoCo Coverage Report,org.apache.logging.log4j.core.filter,DynamicThresholdFilter,358,0,34,0,72,0,40,0,23,0
JaCoCo Coverage Report,org.apache.logging.log4j.core.filter,DenyAllFilter,43,0,0,0,19,0,18,0,18,0
JaCoCo Coverage Report,org.apache.logging.log4j.core.filter,BurstFilter.Builder,59,0,4,0,14,0,7,0,5,0
JaCoCo Coverage Report,org.apache.logging.log4j.core.filter,NoMarkerFilter.Builder,12,0,0,0,2,0,2,0,2,0
JaCoCo Coverage Report,org.apache.logging.log4j.core.filter,MapFilter,439,0,78,0,87,0,61,0,22,0
JaCoCo Coverage Report,org.apache.logging.log4j.core.filter,DenyAllFilter.Builder,12,0,0,0,2,0,2,0,2,0
JaCoCo Coverage Report,org.apache.logging.log4j.core.filter,AbstractFilter,420,0,18,0,40,0,30,0,21,0
JaCoCo Coverage Report,org.apache.logging.log4j.core.filter,CompositeFilter,748,0,110,0,137,0,84,0,29,0
JaCoCo Coverage Report,org.apache.logging.log4j.core.filter,MarkerFilter,95,0,6,0,23,0,21,0,18,0
JaCoCo Coverage Report,org.apache.logging.log4j.core.filter,LevelMatchFilter,83,0,2,0,20,0,19,0,18,0
JaCoCo Coverage Report,org.apache.logging.log4j.core.filter,BurstFilter,205,0,10,0,43,0,26,0,21,0
JaCoCo Coverage Report,org.apache.logging.log4j.core.filter,ThresholdFilter,108,0,8,0,24,0,23,0,19,0
JaCoCo Coverage Report,org.apache.logging.log4j.core.tools,Generate.ExtendedLogger,4,0,0,0,2,0,1,0,1,0
JaCoCo Coverage Report,org.apache.logging.log4j.core.tools,Generate.Type.new Generate.Type() {...},23,0,0,0,6,0,5,0,5,0
JaCoCo Coverage Report,org.apache.logging.log4j.core.tools,Generate.Type.new Generate.Type() {...},23,0,0,0,6,0,5,0,5,0
JaCoCo Coverage Report,org.apache.logging.log4j.core.tools,CustomLoggerGenerator,6,0,0,0,3,0,2,0,2,0
JaCoCo Coverage Report,org.apache.logging.log4j.core.tools,Generate.LevelInfo,69,0,2,0,14,0,3,0,2,0
JaCoCo Coverage Report,org.apache.logging.log4j.core.tools,Generate.Type,24,0,0,0,3,0,1,0,1,0
JaCoCo Coverage Report,org.apache.logging.log4j.core.tools,ExtendedLoggerGenerator,6,0,0,0,3,0,2,0,2,0
JaCoCo Coverage Report,org.apache.logging.log4j.core.tools,Generate,385,0,24,0,66,0,21,0,9,0
JaCoCo Coverage Report,org.apache.logging.log4j.core.tools,Generate.CustomLogger,4,0,0,0,2,0,1,0,1,0
JaCoCo Coverage Report,org.apache.logging.log4j.core.tools,BasicCommandLineArguments,10,0,0,0,4,0,3,0,3,0
JaCoCo Coverage Report,org.apache.logging.log4j.core.selector,JndiContextSelector,202,0,28,0,55,0,26,0,12,0
JaCoCo Coverage Report,org.apache.logging.log4j.core.selector,CoreContextSelectors,23,0,0,0,2,0,2,0,2,0
JaCoCo Coverage Report,org.apache.logging.log4j.core.selector,ClassLoaderContextSelector,243,214,57,23,62,53,41,17,5,13
JaCoCo Coverage Report,org.apache.logging.log4j.core.selector,ContextSelector,57,0,6,0,13,0,8,0,5,0
JaCoCo Coverage Report,org.apache.logging.log4j.core.selector,BasicContextSelector,77,0,12,0,18,0,16,0,10,0
JaCoCo Coverage Report,org.apache.logging.log4j.core.jackson,ListOfMapEntrySerializer,42,0,2,0,10,0,3,0,2,0
JaCoCo Coverage Report,org.apache.logging.log4j.core.jackson,Log4jJsonModule,58,0,2,0,12,0,3,0,2,0
JaCoCo Coverage Report,org.apache.logging.log4j.core.jackson,Log4jYamlModule,55,0,2,0,11,0,3,0,2,0
JaCoCo Coverage Report,org.apache.logging.log4j.core.jackson,Log4jJsonObjectMapper,24,0,0,0,6,0,2,0,2,0
JaCoCo Coverage Report,org.apache.logging.log4j.core.jackson,ListOfMapEntryDeserializer,38,0,2,0,8,0,3,0,2,0
JaCoCo Coverage Report,org.apache.logging.log4j.core.jackson,ListOfMapEntryDeserializer.new TypeReference() {...},6,0,0,0,1,0,1,0,1,0
JaCoCo Coverage Report,org.apache.logging.log4j.core.jackson,Log4jYamlObjectMapper,22,0,0,0,6,0,2,0,2,0
JaCoCo Coverage Report,org.apache.logging.log4j.core.jackson,StackTraceElementMixIn,3,0,0,0,2,0,1,0,1,0
JaCoCo Coverage Report,org.apache.logging.log4j.core.jackson,ContextDataAsEntryListSerializer.new BiConsumer() {...},29,0,0,0,4,0,2,0,2,0
JaCoCo Coverage Report,org.apache.logging.log4j.core.jackson,XmlConstants,3,0,0,0,1,0,1,0,1,0
JaCoCo Coverage Report,org.apache.logging.log4j.core.jackson,ThrowableProxyWithoutStacktraceMixIn,3,0,0,0,1,0,1,0,1,0
JaCoCo Coverage Report,org.apache.logging.log4j.core.jackson,ContextDataAsEntryListDeserializer,37,0,2,0,8,0,3,0,2,0
JaCoCo Coverage Report,org.apache.logging.log4j.core.jackson,Log4jXmlObjectMapper,17,0,0,0,5,0,2,0,2,0
JaCoCo Coverage Report,org.apache.logging.log4j.core.jackson,MapEntry,121,0,22,0,34,0,19,0,8,0
JaCoCo Coverage Report,org.apache.logging.log4j.core.jackson,ContextDataAsEntryListDeserializer.new TypeReference() {...},6,0,0,0,1,0,1,0,1,0
JaCoCo Coverage Report,org.apache.logging.log4j.core.jackson,MutableThreadContextStackDeserializer.new TypeReference() {...},6,0,0,0,1,0,1,0,1,0
JaCoCo Coverage Report,org.apache.logging.log4j.core.jackson,ThrowableProxyMixIn,3,0,0,0,1,0,1,0,1,0
JaCoCo Coverage Report,org.apache.logging.log4j.core.jackson,MessageSerializer,9,0,0,0,4,0,2,0,2,0
JaCoCo Coverage Report,org.apache.logging.log4j.core.jackson,LevelMixIn,5,0,0,0,2,0,2,0,2,0
JaCoCo Coverage Report,org.apache.logging.log4j.core.jackson,SimpleMessageDeserializer,10,0,0,0,3,0,2,0,2,0
JaCoCo Coverage Report,org.apache.logging.log4j.core.jackson,InstantMixIn,3,0,0,0,2,0,1,0,1,0
JaCoCo Coverage Report,org.apache.logging.log4j.core.jackson,LogEventWithContextListMixIn,3,0,0,0,1,0,1,0,1,0
JaCoCo Coverage Report,org.apache.logging.log4j.core.jackson,LogEventJsonMixIn,3,0,0,0,1,0,1,0,1,0
JaCoCo Coverage Report,org.apache.logging.log4j.core.jackson,JsonConstants,3,0,0,0,1,0,1,0,1,0
JaCoCo Coverage Report,org.apache.logging.log4j.core.jackson,Initializers.SetupContextJsonInitializer,40,0,4,0,9,0,4,0,2,0
JaCoCo Coverage Report,org.apache.logging.log4j.core.jackson,ContextDataSerializer,44,0,2,0,14,0,5,0,4,0
JaCoCo Coverage Report,org.apache.logging.log4j.core.jackson,ContextDataDeserializer,24,0,2,0,9,0,3,0,2,0
JaCoCo Coverage Report,org.apache.logging.log4j.core.jackson,MarkerMixIn,3,0,0,0,2,0,1,0,1,0
JaCoCo Coverage Report,org.apache.logging.log4j.core.jackson,Log4jXmlModule,28,0,0,0,8,0,2,0,2,0
JaCoCo Coverage Report,org.apache.logging.log4j.core.jackson,ContextDataAsEntryListSerializer,20,0,0,0,6,0,2,0,2,0
JaCoCo Coverage Report,org.apache.logging.log4j.core.jackson,MutableThreadContextStackDeserializer,17,0,0,0,4,0,2,0,2,0
JaCoCo Coverage Report,org.apache.logging.log4j.core.jackson,Initializers,3,0,0,0,1,0,1,0,1,0
JaCoCo Coverage Report,org.apache.logging.log4j.core.jackson,ExtendedStackTraceElementMixIn,3,0,0,0,2,0,1,0,1,0
JaCoCo Coverage Report,org.apache.logging.log4j.core.jackson,ObjectMessageSerializer,9,0,0,0,4,0,2,0,2,0
JaCoCo Coverage Report,org.apache.logging.log4j.core.jackson,Log4jStackTraceElementDeserializer,109,0,16,0,26,0,10,0,2,0
JaCoCo Coverage Report,org.apache.logging.log4j.core.jackson,ThrowableProxyWithStacktraceAsStringMixIn,3,0,0,0,1,0,1,0,1,0
JaCoCo Coverage Report,org.apache.logging.log4j.core.jackson,Initializers.SetupContextInitializer,40,0,4,0,9,0,4,0,2,0
JaCoCo Coverage Report,org.apache.logging.log4j.core.jackson,Initializers.SimpleModuleInitializer,34,0,2,0,7,0,3,0,2,0
JaCoCo Coverage Report,org.apache.logging.log4j.core.util,ShutdownCallbackRegistry,0,4,0,0,0,1,0,1,0,1
JaCoCo Coverage Report,org.apache.logging.log4j.core.util,Constants,0,41,0,0,0,10,0,2,0,2
JaCoCo Coverage Report,org.apache.logging.log4j.core.util,Log4jThread,70,0,0,0,19,0,11,0,11,0
JaCoCo Coverage Report,org.apache.logging.log4j.core.util,BasicAuthorizationProvider,44,65,7,3,8,15,5,6,0,6
JaCoCo Coverage Report,org.apache.logging.log4j.core.util,CloseShieldOutputStream,17,11,0,0,6,6,3,3,3,3
JaCoCo Coverage Report,org.apache.logging.log4j.core.util,OptionConverter,565,32,60,3,145,9,44,3,10,2
JaCoCo Coverage Report,org.apache.logging.log4j.core.util,StringBuilderWriter,79,0,6,0,25,0,15,0,12,0
JaCoCo Coverage Report,org.apache.logging.log4j.core.util,WatchManager.LocalUUID,0,52,0,0,0,8,0,2,0,2
JaCoCo Coverage Report,org.apache.logging.log4j.core.util,Booleans,14,0,6,0,1,0,4,0,1,0
JaCoCo Coverage Report,org.apache.logging.log4j.core.util,Source,179,26,8,0,48,8,19,3,15,3
JaCoCo Coverage Report,org.apache.logging.log4j.core.util,SystemMillisClock,5,0,0,0,2,0,2,0,2,0
JaCoCo Coverage Report,org.apache.logging.log4j.core.util,ArrayUtils,80,0,10,0,14,0,10,0,5,0
JaCoCo Coverage Report,org.apache.logging.log4j.core.util,NetUtils,190,10,37,1,54,3,23,2,4,2
JaCoCo Coverage Report,org.apache.logging.log4j.core.util,CronExpression.ValueSet,6,0,0,0,1,0,1,0,1,0
JaCoCo Coverage Report,org.apache.logging.log4j.core.util,CronExpression,3584,0,608,0,852,0,357,0,34,0
JaCoCo Coverage Report,org.apache.logging.log4j.core.util,AbstractWatcher.ReconfigurationRunnable,15,0,0,0,6,0,2,0,2,0
JaCoCo Coverage Report,org.apache.logging.log4j.core.util,DefaultShutdownCallbackRegistry.RegisteredCancellable,5,49,4,4,1,17,5,4,1,4
JaCoCo Coverage Report,org.apache.logging.log4j.core.util,Closer,21,0,2,0,8,0,3,0,2,0
JaCoCo Coverage Report,org.apache.logging.log4j.core.util,WatcherFactory,157,0,8,0,33,0,9,0,5,0
JaCoCo Coverage Report,org.apache.logging.log4j.core.util,JndiCloser,12,0,2,0,7,0,3,0,2,0
JaCoCo Coverage Report,org.apache.logging.log4j.core.util,SystemNanoClock,5,0,0,0,2,0,2,0,2,0
JaCoCo Coverage Report,org.apache.logging.log4j.core.util,ReflectionUtil,113,47,15,3,35,11,14,4,5,4
JaCoCo Coverage Report,org.apache.logging.log4j.core.util,NameUtil,64,18,4,4,13,4,3,3,1,1
JaCoCo Coverage Report,org.apache.logging.log4j.core.util,Throwables,98,0,12,0,32,0,10,0,4,0
JaCoCo Coverage Report,org.apache.logging.log4j.core.util,ExecutorServices,82,4,14,0,20,2,9,2,2,2
JaCoCo Coverage Report,org.apache.logging.log4j.core.util,TypeUtil,433,0,88,0,89,0,51,0,7,0
JaCoCo Coverage Report,org.apache.logging.log4j.core.util,CoarseCachedClock.new Log4jThread() {...},15,0,0,0,3,0,2,0,2,0
JaCoCo Coverage Report,org.apache.logging.log4j.core.util,JsonUtils,172,0,14,0,48,0,13,0,6,0
JaCoCo Coverage Report,org.apache.logging.log4j.core.util,KeyValuePair,87,0,10,0,22,0,13,0,8,0
JaCoCo Coverage Report,org.apache.logging.log4j.core.util,WatchManager,358,94,38,6,77,25,36,7,15,6
JaCoCo Coverage Report,org.apache.logging.log4j.core.util,Assert,86,0,20,0,19,0,15,0,5,0
JaCoCo Coverage Report,org.apache.logging.log4j.core.util,WatchManager.ConfigurationMonitor,36,0,0,0,8,0,4,0,4,0
JaCoCo Coverage Report,org.apache.logging.log4j.core.util,ExtensionLanguageMapping,389,0,8,0,24,0,10,0,6,0
JaCoCo Coverage Report,org.apache.logging.log4j.core.util,Loader,161,144,29,19,46,41,29,11,8,8
JaCoCo Coverage Report,org.apache.logging.log4j.core.util,StringEncoder,122,0,20,0,33,0,14,0,4,0
JaCoCo Coverage Report,org.apache.logging.log4j.core.util,CoarseCachedClock,51,0,4,0,16,0,6,0,4,0
JaCoCo Coverage Report,org.apache.logging.log4j.core.util,CloseShieldWriter,18,0,0,0,8,0,4,0,4,0
JaCoCo Coverage Report,org.apache.logging.log4j.core.util,IOUtils,55,0,4,0,14,0,7,0,5,0
JaCoCo Coverage Report,org.apache.logging.log4j.core.util,CyclicBuffer,153,0,16,0,29,0,13,0,5,0
JaCoCo Coverage Report,org.apache.logging.log4j.core.util,WatchManager.WatchRunnable,79,0,6,0,17,0,5,0,2,0
JaCoCo Coverage Report,org.apache.logging.log4j.core.util,Patterns,15,0,0,0,2,0,2,0,2,0
JaCoCo Coverage Report,org.apache.logging.log4j.core.util,DefaultShutdownCallbackRegistry,110,112,11,7,28,30,14,9,6,8
JaCoCo Coverage Report,org.apache.logging.log4j.core.util,ContextDataProvider,6,0,0,0,1,0,1,0,1,0
JaCoCo Coverage Report,org.apache.logging.log4j.core.util,ClockFactory,80,34,4,2,19,9,4,4,1,4
JaCoCo Coverage Report,org.apache.logging.log4j.core.util,Transform,289,0,56,0,80,0,37,0,4,0
JaCoCo Coverage Report,org.apache.logging.log4j.core.util,Integers,11,11,1,1,1,2,2,2,1,2
JaCoCo Coverage Report,org.apache.logging.log4j.core.util,KeyValuePair.Builder,21,0,0,0,6,0,4,0,4,0
JaCoCo Coverage Report,org.apache.logging.log4j.core.util,SystemClock,5,0,0,0,2,0,2,0,2,0
JaCoCo Coverage Report,org.apache.logging.log4j.core.util,NullOutputStream,12,0,0,0,6,0,5,0,5,0
JaCoCo Coverage Report,org.apache.logging.log4j.core.util,FileUtils,198,21,38,4,47,7,27,2,6,2
JaCoCo Coverage Report,org.apache.logging.log4j.core.util,ObjectArrayIterator,111,0,12,0,29,0,16,0,10,0
JaCoCo Coverage Report,org.apache.logging.log4j.core.util,DummyNanoClock,3,10,0,0,1,5,1,2,1,2
JaCoCo Coverage Report,org.apache.logging.log4j.core.util,AbstractWatcher,58,0,4,0,17,0,8,0,6,0
JaCoCo Coverage Report,org.apache.logging.log4j.core.util,WrappedFileWatcher,101,0,8,0,30,0,13,0,9,0
JaCoCo Coverage Report,org.apache.logging.log4j.core.util,CachedClock,76,0,6,0,24,0,8,0,5,0
JaCoCo Coverage Report,org.apache.logging.log4j.core.util,Log4jThreadFactory,48,52,5,1,7,11,5,3,2,3
JaCoCo Coverage Report,org.apache.logging.log4j.core.util,UuidUtil,246,0,26,0,49,0,16,0,3,0
JaCoCo Coverage Report,org.apache.logging.log4j.core.lookup,Interpolator,210,77,34,6,48,18,27,6,7,4
JaCoCo Coverage Report,org.apache.logging.log4j.core.lookup,StrSubstitutor,1281,179,126,6,304,55,118,18,52,18
JaCoCo Coverage Report,org.apache.logging.log4j.core.lookup,MapLookup,68,63,18,4,18,16,15,6,5,5
JaCoCo Coverage Report,org.apache.logging.log4j.core.lookup,MainMapLookup,25,10,2,0,8,3,5,2,4,2
JaCoCo Coverage Report,org.apache.logging.log4j.core.lookup,ConfigurationStrSubstitutor,23,8,0,0,7,4,4,2,4,2
JaCoCo Coverage Report,org.apache.logging.log4j.core.lookup,EventLookup,62,3,17,0,16,1,13,1,1,1
JaCoCo Coverage Report,org.apache.logging.log4j.core.lookup,StrMatcher.StringMatcher,47,7,6,0,8,3,5,1,2,1
JaCoCo Coverage Report,org.apache.logging.log4j.core.lookup,Log4jLookup,96,6,18,0,25,2,13,2,3,2
JaCoCo Coverage Report,org.apache.logging.log4j.core.lookup,JavaLookup,178,8,9,0,24,2,15,1,8,1
JaCoCo Coverage Report,org.apache.logging.log4j.core.lookup,StrMatcher.CharSetMatcher,11,11,2,0,1,4,2,1,1,1
JaCoCo Coverage Report,org.apache.logging.log4j.core.lookup,ResourceBundleLookup,43,9,4,0,13,3,3,2,1,2
JaCoCo Coverage Report,org.apache.logging.log4j.core.lookup,SystemPropertiesLookup,12,9,0,0,4,3,1,2,1,2
JaCoCo Coverage Report,org.apache.logging.log4j.core.lookup,StrMatcher.NoMatcher,2,3,0,0,1,2,1,1,1,1
JaCoCo Coverage Report,org.apache.logging.log4j.core.lookup,PropertiesLookup.ConfigurationPropertyResult,26,0,0,0,6,0,4,0,4,0
JaCoCo Coverage Report,org.apache.logging.log4j.core.lookup,DefaultLookupResult,26,0,0,0,6,0,4,0,4,0
JaCoCo Coverage Report,org.apache.logging.log4j.core.lookup,EnvironmentLookup,3,3,0,0,1,1,1,1,1,1
JaCoCo Coverage Report,org.apache.logging.log4j.core.lookup,RuntimeStrSubstitutor,27,4,0,0,9,2,5,1,5,1
JaCoCo Coverage Report,org.apache.logging.log4j.core.lookup,StructuredDataLookup,33,3,8,0,9,1,6,1,2,1
JaCoCo Coverage Report,org.apache.logging.log4j.core.lookup,AbstractConfigurationAwareLookup,0,7,0,0,0,3,0,2,0,2
JaCoCo Coverage Report,org.apache.logging.log4j.core.lookup,UpperLookup,11,3,2,0,2,1,3,1,2,1
JaCoCo Coverage Report,org.apache.logging.log4j.core.lookup,StrMatcher.TrimMatcher,9,3,2,0,1,2,2,1,1,1
JaCoCo Coverage Report,org.apache.logging.log4j.core.lookup,PropertiesLookup,83,39,10,4,13,12,11,4,5,3
JaCoCo Coverage Report,org.apache.logging.log4j.core.lookup,StrMatcher,78,57,11,1,22,13,19,3,13,3
JaCoCo Coverage Report,org.apache.logging.log4j.core.lookup,JmxRuntimeInputArgumentsLookup,20,17,4,0,5,7,4,3,2,3
JaCoCo Coverage Report,org.apache.logging.log4j.core.lookup,AbstractLookup,10,3,0,0,2,1,2,1,2,1
JaCoCo Coverage Report,org.apache.logging.log4j.core.lookup,LookupResult,2,0,0,0,1,0,1,0,1,0
JaCoCo Coverage Report,org.apache.logging.log4j.core.lookup,LowerLookup,11,3,2,0,2,1,3,1,2,1
JaCoCo Coverage Report,org.apache.logging.log4j.core.lookup,DateLookup,45,9,6,0,11,3,6,2,3,2
JaCoCo Coverage Report,org.apache.logging.log4j.core.lookup,StrMatcher.CharMatcher,10,6,2,0,1,3,2,1,1,1
JaCoCo Coverage Report,org.apache.logging.log4j.core.lookup,JndiLookup,65,0,8,0,17,0,8,0,4,0
JaCoCo Coverage Report,org.apache.logging.log4j.core.lookup,StrLookup,27,0,4,0,4,0,4,0,2,0
JaCoCo Coverage Report,org.apache.logging.log4j.core.lookup,MarkerLookup,21,3,6,0,3,1,5,1,2,1
JaCoCo Coverage Report,org.apache.logging.log4j.core.lookup,PropertiesLookup.ContextPropertyResult,26,0,0,0,6,0,4,0,4,0
JaCoCo Coverage Report,org.apache.logging.log4j.core.lookup,ContextMapLookup,20,6,2,0,3,2,4,1,3,1
JaCoCo Coverage Report,org.apache.logging.log4j.core.util.datetime,FormatCache,200,0,20,0,41,0,19,0,9,0
JaCoCo Coverage Report,org.apache.logging.log4j.core.util.datetime,FastDatePrinter.UnpaddedMonthField,34,0,2,0,10,0,6,0,5,0
JaCoCo Coverage Report,org.apache.logging.log4j.core.util.datetime,FastDatePrinter.TwoDigitNumberField,28,0,2,0,10,0,5,0,4,0
JaCoCo Coverage Report,org.apache.logging.log4j.core.util.datetime,FastDatePrinter.TimeZoneNumberRule,67,0,4,0,18,0,6,0,4,0
JaCoCo Coverage Report,org.apache.logging.log4j.core.util.datetime,FixedDateFormat.FixedTimeZoneFormat,106,64,4,2,19,10,5,3,3,2
JaCoCo Coverage Report,org.apache.logging.log4j.core.util.datetime,FastDateParser.CaseInsensitiveTextStrategy,54,0,0,0,13,0,2,0,2,0
JaCoCo Coverage Report,org.apache.logging.log4j.core.util.datetime,FastDatePrinter.UnpaddedNumberField,39,0,4,0,12,0,6,0,4,0
JaCoCo Coverage Report,org.apache.logging.log4j.core.util.datetime,FastDatePrinter.DayInWeekField,33,0,2,0,9,0,5,0,4,0
JaCoCo Coverage Report,org.apache.logging.log4j.core.util.datetime,FixedDateFormat.FixedFormat,103,535,19,7,15,52,15,11,3,10
JaCoCo Coverage Report,org.apache.logging.log4j.core.util.datetime,FastDatePrinter.StringLiteral,16,0,0,0,6,0,3,0,3,0
JaCoCo Coverage Report,org.apache.logging.log4j.core.util.datetime,FastDatePrinter.Iso8601_Rule,99,0,12,0,29,0,12,0,5,0
JaCoCo Coverage Report,org.apache.logging.log4j.core.util.datetime,FastDateParser.PatternStrategy,50,0,2,0,13,0,6,0,5,0
JaCoCo Coverage Report,org.apache.logging.log4j.core.util.datetime,FastDatePrinter.TwoDigitMonthField,23,0,0,0,8,0,5,0,5,0
JaCoCo Coverage Report,org.apache.logging.log4j.core.util.datetime,FastDateParser.TimeZoneStrategy.TzInfo,14,0,2,0,4,0,2,0,1,0
JaCoCo Coverage Report,org.apache.logging.log4j.core.util.datetime,FastDateFormat.new FormatCache() {...},10,0,0,0,2,0,2,0,2,0
JaCoCo Coverage Report,org.apache.logging.log4j.core.util.datetime,Format,37,0,2,0,7,0,4,0,3,0
JaCoCo Coverage Report,org.apache.logging.log4j.core.util.datetime,FastDatePrinter.TwoDigitYearField,23,0,0,0,8,0,5,0,5,0
JaCoCo Coverage Report,org.apache.logging.log4j.core.util.datetime,FastDateParser.StrategyAndWidth,34,0,6,0,9,0,5,0,2,0
JaCoCo Coverage Report,org.apache.logging.log4j.core.util.datetime,FastDatePrinter.Rule,4,0,0,0,1,0,1,0,1,0
JaCoCo Coverage Report,org.apache.logging.log4j.core.util.datetime,FastDateParser,653,0,80,0,138,0,74,0,24,0
JaCoCo Coverage Report,org.apache.logging.log4j.core.util.datetime,FastDatePrinter.TextField,43,0,4,0,13,0,5,0,3,0
JaCoCo Coverage Report,org.apache.logging.log4j.core.util.datetime,FastDateParser.TimeZoneStrategy,189,0,21,0,40,0,13,0,2,0
JaCoCo Coverage Report,org.apache.logging.log4j.core.util.datetime,FastDateParser.NumberStrategy,87,0,14,0,27,0,11,0,4,0
JaCoCo Coverage Report,org.apache.logging.log4j.core.util.datetime,FastDatePrinter,996,0,143,0,231,0,113,0,29,0
JaCoCo Coverage Report,org.apache.logging.log4j.core.util.datetime,FixedDateFormat,250,518,36,14,36,100,31,18,6,18
JaCoCo Coverage Report,org.apache.logging.log4j.core.util.datetime,FastDatePrinter.CharacterLiteral,14,0,0,0,6,0,3,0,3,0
JaCoCo Coverage Report,org.apache.logging.log4j.core.util.datetime,FastDateParser.StrategyParser,163,0,24,0,31,0,16,0,4,0
JaCoCo Coverage Report,org.apache.logging.log4j.core.util.datetime,FastDatePrinter.TimeZoneDisplayKey,69,0,12,0,16,0,9,0,3,0
JaCoCo Coverage Report,org.apache.logging.log4j.core.util.datetime,FastDateParser.new FastDateParser.NumberStrategy() {...},11,0,2,0,2,0,3,0,2,0
JaCoCo Coverage Report,org.apache.logging.log4j.core.util.datetime,FastDateParser.new FastDateParser.NumberStrategy() {...},13,0,2,0,2,0,3,0,2,0
JaCoCo Coverage Report,org.apache.logging.log4j.core.util.datetime,FastDateParser.new FastDateParser.NumberStrategy() {...},11,0,2,0,2,0,3,0,2,0
JaCoCo Coverage Report,org.apache.logging.log4j.core.util.datetime,FastDateParser.ISO8601TimeZoneStrategy,57,0,6,0,15,0,8,0,4,0
JaCoCo Coverage Report,org.apache.logging.log4j.core.util.datetime,FastDateParser.new FastDateParser.NumberStrategy() {...},8,0,0,0,2,0,2,0,2,0
JaCoCo Coverage Report,org.apache.logging.log4j.core.util.datetime,FastDateParser.new FastDateParser.NumberStrategy() {...},13,0,2,0,2,0,3,0,2,0
JaCoCo Coverage Report,org.apache.logging.log4j.core.util.datetime,FastDatePrinter.TwentyFourHourField,34,0,2,0,11,0,5,0,4,0
JaCoCo Coverage Report,org.apache.logging.log4j.core.util.datetime,FormatCache.MultipartKey,50,0,6,0,11,0,6,0,3,0
JaCoCo Coverage Report,org.apache.logging.log4j.core.util.datetime,FastDateParser.Strategy,2,0,0,0,1,0,1,0,1,0
JaCoCo Coverage Report,org.apache.logging.log4j.core.util.datetime,FastDatePrinter.TwelveHourField,34,0,2,0,11,0,5,0,4,0
JaCoCo Coverage Report,org.apache.logging.log4j.core.util.datetime,FastDatePrinter.TimeZoneNameRule,60,0,2,0,12,0,4,0,3,0
JaCoCo Coverage Report,org.apache.logging.log4j.core.util.datetime,FastDatePrinter.PaddedNumberField,33,0,2,0,11,0,5,0,4,0
JaCoCo Coverage Report,org.apache.logging.log4j.core.util.datetime,FastDateParser.CopyQuotedStrategy,55,0,6,0,14,0,6,0,3,0
JaCoCo Coverage Report,org.apache.logging.log4j.core.util.datetime,FastDatePrinter.WeekYear,23,0,0,0,8,0,4,0,4,0
JaCoCo Coverage Report,org.apache.logging.log4j.core.util.datetime,FastDateFormat,274,0,2,0,45,0,39,0,38,0
