/home/zhihao/hdd/marshal/benchmarks/cross-repo-pr-impact/results/single-case-pipeline-996511-995405-v1-2026-08-26/replay-work/formal-opendev-996511--target-995405/target-a1/cinder/__init__.py:21: EventletDeprecationWarning: 
Eventlet is deprecated. It is currently being maintained in bugfix mode, and
we strongly recommend against using it for new projects.

If you are already using Eventlet, we recommend migrating to a different
framework.  For more detail see
https://eventlet.readthedocs.io/en/latest/asyncio/migration.html

  import eventlet  # noqa
1 RLock(s) were not greened, to fix this error make sure you run eventlet.monkey_patch() before importing any other modules.
/home/zhihao/hdd/marshal/benchmarks/cross-repo-pr-impact/results/single-case-pipeline-996511-995405-v1-2026-08-26/replay-work/formal-opendev-996511--target-995405/target-a1/cinder/__init__.py:21: EventletDeprecationWarning: 
Eventlet is deprecated. It is currently being maintained in bugfix mode, and
we strongly recommend against using it for new projects.

If you are already using Eventlet, we recommend migrating to a different
framework.  For more detail see
https://eventlet.readthedocs.io/en/latest/asyncio/migration.html

  import eventlet  # noqa
/home/zhihao/hdd/marshal/benchmarks/cross-repo-pr-impact/results/single-case-pipeline-996511-995405-v1-2026-08-26/replay-work/formal-opendev-996511--target-995405/target-a1/cinder/__init__.py:21: EventletDeprecationWarning: 
Eventlet is deprecated. It is currently being maintained in bugfix mode, and
we strongly recommend against using it for new projects.

If you are already using Eventlet, we recommend migrating to a different
framework.  For more detail see
https://eventlet.readthedocs.io/en/latest/asyncio/migration.html

  import eventlet  # noqa
/home/zhihao/hdd/marshal/benchmarks/cross-repo-pr-impact/results/single-case-pipeline-996511-995405-v1-2026-08-26/replay-work/formal-opendev-996511--target-995405/target-a1/cinder/__init__.py:21: EventletDeprecationWarning: 
Eventlet is deprecated. It is currently being maintained in bugfix mode, and
we strongly recommend against using it for new projects.

If you are already using Eventlet, we recommend migrating to a different
framework.  For more detail see
https://eventlet.readthedocs.io/en/latest/asyncio/migration.html

  import eventlet  # noqa
/home/zhihao/hdd/marshal/benchmarks/cross-repo-pr-impact/results/single-case-pipeline-996511-995405-v1-2026-08-26/replay-work/formal-opendev-996511--target-995405/target-a1/cinder/__init__.py:21: EventletDeprecationWarning: 
Eventlet is deprecated. It is currently being maintained in bugfix mode, and
we strongly recommend against using it for new projects.

If you are already using Eventlet, we recommend migrating to a different
framework.  For more detail see
https://eventlet.readthedocs.io/en/latest/asyncio/migration.html

  import eventlet  # noqa
/home/zhihao/hdd/marshal/benchmarks/cross-repo-pr-impact/results/single-case-pipeline-996511-995405-v1-2026-08-26/replay-work/formal-opendev-996511--target-995405/target-a1/cinder/__init__.py:21: EventletDeprecationWarning: 
Eventlet is deprecated. It is currently being maintained in bugfix mode, and
we strongly recommend against using it for new projects.

If you are already using Eventlet, we recommend migrating to a different
framework.  For more detail see
https://eventlet.readthedocs.io/en/latest/asyncio/migration.html

  import eventlet  # noqa
/home/zhihao/hdd/marshal/benchmarks/cross-repo-pr-impact/results/single-case-pipeline-996511-995405-v1-2026-08-26/replay-work/formal-opendev-996511--target-995405/target-a1/cinder/__init__.py:21: EventletDeprecationWarning: 
Eventlet is deprecated. It is currently being maintained in bugfix mode, and
we strongly recommend against using it for new projects.

If you are already using Eventlet, we recommend migrating to a different
framework.  For more detail see
https://eventlet.readthedocs.io/en/latest/asyncio/migration.html

  import eventlet  # noqa
/home/zhihao/hdd/marshal/benchmarks/cross-repo-pr-impact/results/single-case-pipeline-996511-995405-v1-2026-08-26/replay-work/formal-opendev-996511--target-995405/target-a1/cinder/__init__.py:21: EventletDeprecationWarning: 
Eventlet is deprecated. It is currently being maintained in bugfix mode, and
we strongly recommend against using it for new projects.

If you are already using Eventlet, we recommend migrating to a different
framework.  For more detail see
https://eventlet.readthedocs.io/en/latest/asyncio/migration.html

  import eventlet  # noqa
/home/zhihao/hdd/marshal/benchmarks/cross-repo-pr-impact/results/single-case-pipeline-996511-995405-v1-2026-08-26/replay-work/formal-opendev-996511--target-995405/target-a1/cinder/__init__.py:21: EventletDeprecationWarning: 
Eventlet is deprecated. It is currently being maintained in bugfix mode, and
we strongly recommend against using it for new projects.

If you are already using Eventlet, we recommend migrating to a different
framework.  For more detail see
https://eventlet.readthedocs.io/en/latest/asyncio/migration.html

  import eventlet  # noqa
/home/zhihao/hdd/marshal/benchmarks/cross-repo-pr-impact/results/single-case-pipeline-996511-995405-v1-2026-08-26/replay-work/formal-opendev-996511--target-995405/target-a1/cinder/__init__.py:21: EventletDeprecationWarning: 
Eventlet is deprecated. It is currently being maintained in bugfix mode, and
we strongly recommend against using it for new projects.

If you are already using Eventlet, we recommend migrating to a different
framework.  For more detail see
https://eventlet.readthedocs.io/en/latest/asyncio/migration.html

  import eventlet  # noqa
/home/zhihao/hdd/marshal/benchmarks/cross-repo-pr-impact/results/single-case-pipeline-996511-995405-v1-2026-08-26/replay-work/formal-opendev-996511--target-995405/target-a1/cinder/__init__.py:21: EventletDeprecationWarning: 
Eventlet is deprecated. It is currently being maintained in bugfix mode, and
we strongly recommend against using it for new projects.

If you are already using Eventlet, we recommend migrating to a different
framework.  For more detail see
https://eventlet.readthedocs.io/en/latest/asyncio/migration.html

  import eventlet  # noqa
/home/zhihao/hdd/marshal/benchmarks/cross-repo-pr-impact/results/single-case-pipeline-996511-995405-v1-2026-08-26/replay-work/formal-opendev-996511--target-995405/target-a1/cinder/__init__.py:21: EventletDeprecationWarning: 
Eventlet is deprecated. It is currently being maintained in bugfix mode, and
we strongly recommend against using it for new projects.

If you are already using Eventlet, we recommend migrating to a different
framework.  For more detail see
https://eventlet.readthedocs.io/en/latest/asyncio/migration.html

  import eventlet  # noqa
/home/zhihao/hdd/marshal/benchmarks/cross-repo-pr-impact/results/single-case-pipeline-996511-995405-v1-2026-08-26/replay-work/formal-opendev-996511--target-995405/target-a1/cinder/__init__.py:21: EventletDeprecationWarning: 
Eventlet is deprecated. It is currently being maintained in bugfix mode, and
we strongly recommend against using it for new projects.

If you are already using Eventlet, we recommend migrating to a different
framework.  For more detail see
https://eventlet.readthedocs.io/en/latest/asyncio/migration.html

  import eventlet  # noqa
/home/zhihao/hdd/marshal/benchmarks/cross-repo-pr-impact/results/single-case-pipeline-996511-995405-v1-2026-08-26/replay-work/formal-opendev-996511--target-995405/target-a1/cinder/__init__.py:21: EventletDeprecationWarning: 
Eventlet is deprecated. It is currently being maintained in bugfix mode, and
we strongly recommend against using it for new projects.

If you are already using Eventlet, we recommend migrating to a different
framework.  For more detail see
https://eventlet.readthedocs.io/en/latest/asyncio/migration.html

  import eventlet  # noqa
/home/zhihao/hdd/marshal/benchmarks/cross-repo-pr-impact/results/single-case-pipeline-996511-995405-v1-2026-08-26/replay-work/formal-opendev-996511--target-995405/target-a1/cinder/__init__.py:21: EventletDeprecationWarning: 
Eventlet is deprecated. It is currently being maintained in bugfix mode, and
we strongly recommend against using it for new projects.

If you are already using Eventlet, we recommend migrating to a different
framework.  For more detail see
https://eventlet.readthedocs.io/en/latest/asyncio/migration.html

  import eventlet  # noqa
/home/zhihao/hdd/marshal/benchmarks/cross-repo-pr-impact/results/single-case-pipeline-996511-995405-v1-2026-08-26/replay-work/formal-opendev-996511--target-995405/target-a1/cinder/__init__.py:21: EventletDeprecationWarning: 
Eventlet is deprecated. It is currently being maintained in bugfix mode, and
we strongly recommend against using it for new projects.

If you are already using Eventlet, we recommend migrating to a different
framework.  For more detail see
https://eventlet.readthedocs.io/en/latest/asyncio/migration.html

  import eventlet  # noqa
/home/zhihao/hdd/marshal/benchmarks/cross-repo-pr-impact/results/single-case-pipeline-996511-995405-v1-2026-08-26/replay-work/formal-opendev-996511--target-995405/target-a1/cinder/__init__.py:21: EventletDeprecationWarning: 
Eventlet is deprecated. It is currently being maintained in bugfix mode, and
we strongly recommend against using it for new projects.

If you are already using Eventlet, we recommend migrating to a different
framework.  For more detail see
https://eventlet.readthedocs.io/en/latest/asyncio/migration.html

  import eventlet  # noqa
/home/zhihao/hdd/marshal/benchmarks/cross-repo-pr-impact/results/single-case-pipeline-996511-995405-v1-2026-08-26/replay-work/formal-opendev-996511--target-995405/target-a1/cinder/__init__.py:21: EventletDeprecationWarning: 
Eventlet is deprecated. It is currently being maintained in bugfix mode, and
we strongly recommend against using it for new projects.

If you are already using Eventlet, we recommend migrating to a different
framework.  For more detail see
https://eventlet.readthedocs.io/en/latest/asyncio/migration.html

  import eventlet  # noqa
/home/zhihao/hdd/marshal/benchmarks/cross-repo-pr-impact/results/single-case-pipeline-996511-995405-v1-2026-08-26/replay-work/formal-opendev-996511--target-995405/target-a1/cinder/__init__.py:21: EventletDeprecationWarning: 
Eventlet is deprecated. It is currently being maintained in bugfix mode, and
we strongly recommend against using it for new projects.

If you are already using Eventlet, we recommend migrating to a different
framework.  For more detail see
https://eventlet.readthedocs.io/en/latest/asyncio/migration.html

  import eventlet  # noqa
/home/zhihao/hdd/marshal/benchmarks/cross-repo-pr-impact/results/single-case-pipeline-996511-995405-v1-2026-08-26/replay-work/formal-opendev-996511--target-995405/target-a1/cinder/__init__.py:21: EventletDeprecationWarning: 
Eventlet is deprecated. It is currently being maintained in bugfix mode, and
we strongly recommend against using it for new projects.

If you are already using Eventlet, we recommend migrating to a different
framework.  For more detail see
https://eventlet.readthedocs.io/en/latest/asyncio/migration.html

  import eventlet  # noqa
1 RLock(s) were not greened, to fix this error make sure you run eventlet.monkey_patch() before importing any other modules.
/home/zhihao/hdd/marshal/benchmarks/cross-repo-pr-impact/results/single-case-pipeline-996511-995405-v1-2026-08-26/replay-work/formal-opendev-996511--target-995405/target-a1/cinder/__init__.py:21: EventletDeprecationWarning: 
Eventlet is deprecated. It is currently being maintained in bugfix mode, and
we strongly recommend against using it for new projects.

If you are already using Eventlet, we recommend migrating to a different
framework.  For more detail see
https://eventlet.readthedocs.io/en/latest/asyncio/migration.html

  import eventlet  # noqa
1 RLock(s) were not greened, to fix this error make sure you run eventlet.monkey_patch() before importing any other modules.
/home/zhihao/hdd/marshal/benchmarks/cross-repo-pr-impact/results/single-case-pipeline-996511-995405-v1-2026-08-26/replay-work/formal-opendev-996511--target-995405/target-a1/cinder/__init__.py:21: EventletDeprecationWarning: 
Eventlet is deprecated. It is currently being maintained in bugfix mode, and
we strongly recommend against using it for new projects.

If you are already using Eventlet, we recommend migrating to a different
framework.  For more detail see
https://eventlet.readthedocs.io/en/latest/asyncio/migration.html

  import eventlet  # noqa
/home/zhihao/hdd/marshal/benchmarks/cross-repo-pr-impact/results/single-case-pipeline-996511-995405-v1-2026-08-26/replay-work/formal-opendev-996511--target-995405/target-a1/cinder/__init__.py:21: EventletDeprecationWarning: 
Eventlet is deprecated. It is currently being maintained in bugfix mode, and
we strongly recommend against using it for new projects.

If you are already using Eventlet, we recommend migrating to a different
framework.  For more detail see
https://eventlet.readthedocs.io/en/latest/asyncio/migration.html

  import eventlet  # noqa
1 RLock(s) were not greened, to fix this error make sure you run eventlet.monkey_patch() before importing any other modules.
/home/zhihao/hdd/marshal/benchmarks/cross-repo-pr-impact/results/single-case-pipeline-996511-995405-v1-2026-08-26/replay-work/formal-opendev-996511--target-995405/target-a1/cinder/__init__.py:21: EventletDeprecationWarning: 
Eventlet is deprecated. It is currently being maintained in bugfix mode, and
we strongly recommend against using it for new projects.

If you are already using Eventlet, we recommend migrating to a different
framework.  For more detail see
https://eventlet.readthedocs.io/en/latest/asyncio/migration.html

  import eventlet  # noqa
1 RLock(s) were not greened, to fix this error make sure you run eventlet.monkey_patch() before importing any other modules.
1 RLock(s) were not greened, to fix this error make sure you run eventlet.monkey_patch() before importing any other modules.
/home/zhihao/hdd/marshal/benchmarks/cross-repo-pr-impact/results/single-case-pipeline-996511-995405-v1-2026-08-26/replay-work/formal-opendev-996511--target-995405/target-a1/cinder/__init__.py:21: EventletDeprecationWarning: 
Eventlet is deprecated. It is currently being maintained in bugfix mode, and
we strongly recommend against using it for new projects.

If you are already using Eventlet, we recommend migrating to a different
framework.  For more detail see
https://eventlet.readthedocs.io/en/latest/asyncio/migration.html

  import eventlet  # noqa
1 RLock(s) were not greened, to fix this error make sure you run eventlet.monkey_patch() before importing any other modules.
/home/zhihao/hdd/marshal/benchmarks/cross-repo-pr-impact/results/single-case-pipeline-996511-995405-v1-2026-08-26/replay-work/formal-opendev-996511--target-995405/target-a1/cinder/__init__.py:21: EventletDeprecationWarning: 
Eventlet is deprecated. It is currently being maintained in bugfix mode, and
we strongly recommend against using it for new projects.

If you are already using Eventlet, we recommend migrating to a different
framework.  For more detail see
https://eventlet.readthedocs.io/en/latest/asyncio/migration.html

  import eventlet  # noqa
1 RLock(s) were not greened, to fix this error make sure you run eventlet.monkey_patch() before importing any other modules.
1 RLock(s) were not greened, to fix this error make sure you run eventlet.monkey_patch() before importing any other modules.
1 RLock(s) were not greened, to fix this error make sure you run eventlet.monkey_patch() before importing any other modules.
1 RLock(s) were not greened, to fix this error make sure you run eventlet.monkey_patch() before importing any other modules.
/home/zhihao/hdd/marshal/benchmarks/cross-repo-pr-impact/results/single-case-pipeline-996511-995405-v1-2026-08-26/replay-work/formal-opendev-996511--target-995405/target-a1/cinder/__init__.py:21: EventletDeprecationWarning: 
Eventlet is deprecated. It is currently being maintained in bugfix mode, and
we strongly recommend against using it for new projects.

If you are already using Eventlet, we recommend migrating to a different
framework.  For more detail see
https://eventlet.readthedocs.io/en/latest/asyncio/migration.html

  import eventlet  # noqa
/home/zhihao/hdd/marshal/benchmarks/cross-repo-pr-impact/results/single-case-pipeline-996511-995405-v1-2026-08-26/replay-work/formal-opendev-996511--target-995405/target-a1/cinder/__init__.py:21: EventletDeprecationWarning: 
Eventlet is deprecated. It is currently being maintained in bugfix mode, and
we strongly recommend against using it for new projects.

If you are already using Eventlet, we recommend migrating to a different
framework.  For more detail see
https://eventlet.readthedocs.io/en/latest/asyncio/migration.html

  import eventlet  # noqa
/home/zhihao/hdd/marshal/benchmarks/cross-repo-pr-impact/results/single-case-pipeline-996511-995405-v1-2026-08-26/replay-work/formal-opendev-996511--target-995405/target-a1/cinder/__init__.py:21: EventletDeprecationWarning: 
Eventlet is deprecated. It is currently being maintained in bugfix mode, and
we strongly recommend against using it for new projects.

If you are already using Eventlet, we recommend migrating to a different
framework.  For more detail see
https://eventlet.readthedocs.io/en/latest/asyncio/migration.html

  import eventlet  # noqa
/home/zhihao/hdd/marshal/benchmarks/cross-repo-pr-impact/results/single-case-pipeline-996511-995405-v1-2026-08-26/replay-work/formal-opendev-996511--target-995405/target-a1/cinder/__init__.py:21: EventletDeprecationWarning: 
Eventlet is deprecated. It is currently being maintained in bugfix mode, and
we strongly recommend against using it for new projects.

If you are already using Eventlet, we recommend migrating to a different
framework.  For more detail see
https://eventlet.readthedocs.io/en/latest/asyncio/migration.html

  import eventlet  # noqa
1 RLock(s) were not greened, to fix this error make sure you run eventlet.monkey_patch() before importing any other modules.
1 RLock(s) were not greened, to fix this error make sure you run eventlet.monkey_patch() before importing any other modules.
/home/zhihao/hdd/marshal/benchmarks/cross-repo-pr-impact/results/single-case-pipeline-996511-995405-v1-2026-08-26/replay-work/formal-opendev-996511--target-995405/target-a1/cinder/__init__.py:21: EventletDeprecationWarning: 
Eventlet is deprecated. It is currently being maintained in bugfix mode, and
we strongly recommend against using it for new projects.

If you are already using Eventlet, we recommend migrating to a different
framework.  For more detail see
https://eventlet.readthedocs.io/en/latest/asyncio/migration.html

  import eventlet  # noqa
1 RLock(s) were not greened, to fix this error make sure you run eventlet.monkey_patch() before importing any other modules.
1 RLock(s) were not greened, to fix this error make sure you run eventlet.monkey_patch() before importing any other modules.
/home/zhihao/hdd/marshal/benchmarks/cross-repo-pr-impact/results/single-case-pipeline-996511-995405-v1-2026-08-26/replay-work/formal-opendev-996511--target-995405/target-a1/cinder/__init__.py:21: EventletDeprecationWarning: 
Eventlet is deprecated. It is currently being maintained in bugfix mode, and
we strongly recommend against using it for new projects.

If you are already using Eventlet, we recommend migrating to a different
framework.  For more detail see
https://eventlet.readthedocs.io/en/latest/asyncio/migration.html

  import eventlet  # noqa
1 RLock(s) were not greened, to fix this error make sure you run eventlet.monkey_patch() before importing any other modules.
/home/zhihao/hdd/marshal/benchmarks/cross-repo-pr-impact/results/single-case-pipeline-996511-995405-v1-2026-08-26/replay-work/formal-opendev-996511--target-995405/target-a1/cinder/__init__.py:21: EventletDeprecationWarning: 
Eventlet is deprecated. It is currently being maintained in bugfix mode, and
we strongly recommend against using it for new projects.

If you are already using Eventlet, we recommend migrating to a different
framework.  For more detail see
https://eventlet.readthedocs.io/en/latest/asyncio/migration.html

  import eventlet  # noqa
/home/zhihao/hdd/marshal/benchmarks/cross-repo-pr-impact/results/single-case-pipeline-996511-995405-v1-2026-08-26/replay-work/formal-opendev-996511--target-995405/target-a1/cinder/__init__.py:21: EventletDeprecationWarning: 
Eventlet is deprecated. It is currently being maintained in bugfix mode, and
we strongly recommend against using it for new projects.

If you are already using Eventlet, we recommend migrating to a different
framework.  For more detail see
https://eventlet.readthedocs.io/en/latest/asyncio/migration.html

  import eventlet  # noqa
1 RLock(s) were not greened, to fix this error make sure you run eventlet.monkey_patch() before importing any other modules.
/home/zhihao/hdd/marshal/benchmarks/cross-repo-pr-impact/results/single-case-pipeline-996511-995405-v1-2026-08-26/replay-work/formal-opendev-996511--target-995405/target-a1/cinder/__init__.py:21: EventletDeprecationWarning: 
Eventlet is deprecated. It is currently being maintained in bugfix mode, and
we strongly recommend against using it for new projects.

If you are already using Eventlet, we recommend migrating to a different
framework.  For more detail see
https://eventlet.readthedocs.io/en/latest/asyncio/migration.html

  import eventlet  # noqa
1 RLock(s) were not greened, to fix this error make sure you run eventlet.monkey_patch() before importing any other modules.
1 RLock(s) were not greened, to fix this error make sure you run eventlet.monkey_patch() before importing any other modules.
/home/zhihao/hdd/marshal/benchmarks/cross-repo-pr-impact/results/single-case-pipeline-996511-995405-v1-2026-08-26/replay-work/formal-opendev-996511--target-995405/target-a1/cinder/__init__.py:21: EventletDeprecationWarning: 
Eventlet is deprecated. It is currently being maintained in bugfix mode, and
we strongly recommend against using it for new projects.

If you are already using Eventlet, we recommend migrating to a different
framework.  For more detail see
https://eventlet.readthedocs.io/en/latest/asyncio/migration.html

  import eventlet  # noqa
/home/zhihao/hdd/marshal/benchmarks/cross-repo-pr-impact/results/single-case-pipeline-996511-995405-v1-2026-08-26/replay-work/formal-opendev-996511--target-995405/target-a1/cinder/__init__.py:21: EventletDeprecationWarning: 
Eventlet is deprecated. It is currently being maintained in bugfix mode, and
we strongly recommend against using it for new projects.

If you are already using Eventlet, we recommend migrating to a different
framework.  For more detail see
https://eventlet.readthedocs.io/en/latest/asyncio/migration.html

  import eventlet  # noqa
1 RLock(s) were not greened, to fix this error make sure you run eventlet.monkey_patch() before importing any other modules.
/home/zhihao/hdd/marshal/benchmarks/cross-repo-pr-impact/results/single-case-pipeline-996511-995405-v1-2026-08-26/replay-work/formal-opendev-996511--target-995405/target-a1/cinder/__init__.py:21: EventletDeprecationWarning: 
Eventlet is deprecated. It is currently being maintained in bugfix mode, and
we strongly recommend against using it for new projects.

If you are already using Eventlet, we recommend migrating to a different
framework.  For more detail see
https://eventlet.readthedocs.io/en/latest/asyncio/migration.html

  import eventlet  # noqa
/home/zhihao/hdd/marshal/benchmarks/cross-repo-pr-impact/results/single-case-pipeline-996511-995405-v1-2026-08-26/replay-work/formal-opendev-996511--target-995405/target-a1/cinder/__init__.py:21: EventletDeprecationWarning: 
Eventlet is deprecated. It is currently being maintained in bugfix mode, and
we strongly recommend against using it for new projects.

If you are already using Eventlet, we recommend migrating to a different
framework.  For more detail see
https://eventlet.readthedocs.io/en/latest/asyncio/migration.html

  import eventlet  # noqa
/home/zhihao/hdd/marshal/benchmarks/cross-repo-pr-impact/results/single-case-pipeline-996511-995405-v1-2026-08-26/replay-work/formal-opendev-996511--target-995405/target-a1/cinder/__init__.py:21: EventletDeprecationWarning: 
Eventlet is deprecated. It is currently being maintained in bugfix mode, and
we strongly recommend against using it for new projects.

If you are already using Eventlet, we recommend migrating to a different
framework.  For more detail see
https://eventlet.readthedocs.io/en/latest/asyncio/migration.html

  import eventlet  # noqa
1 RLock(s) were not greened, to fix this error make sure you run eventlet.monkey_patch() before importing any other modules.
1 RLock(s) were not greened, to fix this error make sure you run eventlet.monkey_patch() before importing any other modules.
1 RLock(s) were not greened, to fix this error make sure you run eventlet.monkey_patch() before importing any other modules.
/home/zhihao/hdd/marshal/benchmarks/cross-repo-pr-impact/results/single-case-pipeline-996511-995405-v1-2026-08-26/replay-work/formal-opendev-996511--target-995405/target-a1/cinder/__init__.py:21: EventletDeprecationWarning: 
Eventlet is deprecated. It is currently being maintained in bugfix mode, and
we strongly recommend against using it for new projects.

If you are already using Eventlet, we recommend migrating to a different
framework.  For more detail see
https://eventlet.readthedocs.io/en/latest/asyncio/migration.html

  import eventlet  # noqa
/home/zhihao/hdd/marshal/benchmarks/cross-repo-pr-impact/results/single-case-pipeline-996511-995405-v1-2026-08-26/replay-work/formal-opendev-996511--target-995405/target-a1/cinder/__init__.py:21: EventletDeprecationWarning: 
Eventlet is deprecated. It is currently being maintained in bugfix mode, and
we strongly recommend against using it for new projects.

If you are already using Eventlet, we recommend migrating to a different
framework.  For more detail see
https://eventlet.readthedocs.io/en/latest/asyncio/migration.html

  import eventlet  # noqa
1 RLock(s) were not greened, to fix this error make sure you run eventlet.monkey_patch() before importing any other modules.
1 RLock(s) were not greened, to fix this error make sure you run eventlet.monkey_patch() before importing any other modules.
/home/zhihao/hdd/marshal/benchmarks/cross-repo-pr-impact/results/single-case-pipeline-996511-995405-v1-2026-08-26/replay-work/formal-opendev-996511--target-995405/target-a1/cinder/__init__.py:21: EventletDeprecationWarning: 
Eventlet is deprecated. It is currently being maintained in bugfix mode, and
we strongly recommend against using it for new projects.

If you are already using Eventlet, we recommend migrating to a different
framework.  For more detail see
https://eventlet.readthedocs.io/en/latest/asyncio/migration.html

  import eventlet  # noqa
/home/zhihao/hdd/marshal/benchmarks/cross-repo-pr-impact/results/single-case-pipeline-996511-995405-v1-2026-08-26/replay-work/formal-opendev-996511--target-995405/target-a1/cinder/__init__.py:21: EventletDeprecationWarning: 
Eventlet is deprecated. It is currently being maintained in bugfix mode, and
we strongly recommend against using it for new projects.

If you are already using Eventlet, we recommend migrating to a different
framework.  For more detail see
https://eventlet.readthedocs.io/en/latest/asyncio/migration.html

  import eventlet  # noqa
1 RLock(s) were not greened, to fix this error make sure you run eventlet.monkey_patch() before importing any other modules.
/home/zhihao/hdd/marshal/benchmarks/cross-repo-pr-impact/results/single-case-pipeline-996511-995405-v1-2026-08-26/replay-work/formal-opendev-996511--target-995405/target-a1/cinder/__init__.py:21: EventletDeprecationWarning: 
Eventlet is deprecated. It is currently being maintained in bugfix mode, and
we strongly recommend against using it for new projects.

If you are already using Eventlet, we recommend migrating to a different
framework.  For more detail see
https://eventlet.readthedocs.io/en/latest/asyncio/migration.html

  import eventlet  # noqa
1 RLock(s) were not greened, to fix this error make sure you run eventlet.monkey_patch() before importing any other modules.
/home/zhihao/hdd/marshal/benchmarks/cross-repo-pr-impact/results/single-case-pipeline-996511-995405-v1-2026-08-26/replay-work/formal-opendev-996511--target-995405/target-a1/cinder/__init__.py:21: EventletDeprecationWarning: 
Eventlet is deprecated. It is currently being maintained in bugfix mode, and
we strongly recommend against using it for new projects.

If you are already using Eventlet, we recommend migrating to a different
framework.  For more detail see
https://eventlet.readthedocs.io/en/latest/asyncio/migration.html

  import eventlet  # noqa
1 RLock(s) were not greened, to fix this error make sure you run eventlet.monkey_patch() before importing any other modules.
/home/zhihao/hdd/marshal/benchmarks/cross-repo-pr-impact/results/single-case-pipeline-996511-995405-v1-2026-08-26/replay-work/formal-opendev-996511--target-995405/target-a1/cinder/__init__.py:21: EventletDeprecationWarning: 
Eventlet is deprecated. It is currently being maintained in bugfix mode, and
we strongly recommend against using it for new projects.

If you are already using Eventlet, we recommend migrating to a different
framework.  For more detail see
https://eventlet.readthedocs.io/en/latest/asyncio/migration.html

  import eventlet  # noqa
/home/zhihao/hdd/marshal/benchmarks/cross-repo-pr-impact/results/single-case-pipeline-996511-995405-v1-2026-08-26/replay-work/formal-opendev-996511--target-995405/target-a1/cinder/__init__.py:21: EventletDeprecationWarning: 
Eventlet is deprecated. It is currently being maintained in bugfix mode, and
we strongly recommend against using it for new projects.

If you are already using Eventlet, we recommend migrating to a different
framework.  For more detail see
https://eventlet.readthedocs.io/en/latest/asyncio/migration.html

  import eventlet  # noqa
/home/zhihao/hdd/marshal/benchmarks/cross-repo-pr-impact/results/single-case-pipeline-996511-995405-v1-2026-08-26/replay-work/formal-opendev-996511--target-995405/target-a1/cinder/__init__.py:21: EventletDeprecationWarning: 
Eventlet is deprecated. It is currently being maintained in bugfix mode, and
we strongly recommend against using it for new projects.

If you are already using Eventlet, we recommend migrating to a different
framework.  For more detail see
https://eventlet.readthedocs.io/en/latest/asyncio/migration.html

  import eventlet  # noqa
1 RLock(s) were not greened, to fix this error make sure you run eventlet.monkey_patch() before importing any other modules.
1 RLock(s) were not greened, to fix this error make sure you run eventlet.monkey_patch() before importing any other modules.
/home/zhihao/hdd/marshal/benchmarks/cross-repo-pr-impact/results/single-case-pipeline-996511-995405-v1-2026-08-26/replay-work/formal-opendev-996511--target-995405/target-a1/cinder/__init__.py:21: EventletDeprecationWarning: 
Eventlet is deprecated. It is currently being maintained in bugfix mode, and
we strongly recommend against using it for new projects.

If you are already using Eventlet, we recommend migrating to a different
framework.  For more detail see
https://eventlet.readthedocs.io/en/latest/asyncio/migration.html

  import eventlet  # noqa
1 RLock(s) were not greened, to fix this error make sure you run eventlet.monkey_patch() before importing any other modules.
1 RLock(s) were not greened, to fix this error make sure you run eventlet.monkey_patch() before importing any other modules.
/home/zhihao/hdd/marshal/benchmarks/cross-repo-pr-impact/results/single-case-pipeline-996511-995405-v1-2026-08-26/replay-work/formal-opendev-996511--target-995405/target-a1/cinder/__init__.py:21: EventletDeprecationWarning: 
Eventlet is deprecated. It is currently being maintained in bugfix mode, and
we strongly recommend against using it for new projects.

If you are already using Eventlet, we recommend migrating to a different
framework.  For more detail see
https://eventlet.readthedocs.io/en/latest/asyncio/migration.html

  import eventlet  # noqa
/home/zhihao/hdd/marshal/benchmarks/cross-repo-pr-impact/results/single-case-pipeline-996511-995405-v1-2026-08-26/replay-work/formal-opendev-996511--target-995405/target-a1/cinder/__init__.py:21: EventletDeprecationWarning: 
Eventlet is deprecated. It is currently being maintained in bugfix mode, and
we strongly recommend against using it for new projects.

If you are already using Eventlet, we recommend migrating to a different
framework.  For more detail see
https://eventlet.readthedocs.io/en/latest/asyncio/migration.html

  import eventlet  # noqa
1 RLock(s) were not greened, to fix this error make sure you run eventlet.monkey_patch() before importing any other modules.
1 RLock(s) were not greened, to fix this error make sure you run eventlet.monkey_patch() before importing any other modules.
/home/zhihao/hdd/marshal/benchmarks/cross-repo-pr-impact/results/single-case-pipeline-996511-995405-v1-2026-08-26/replay-work/formal-opendev-996511--target-995405/target-a1/cinder/__init__.py:21: EventletDeprecationWarning: 
Eventlet is deprecated. It is currently being maintained in bugfix mode, and
we strongly recommend against using it for new projects.

If you are already using Eventlet, we recommend migrating to a different
framework.  For more detail see
https://eventlet.readthedocs.io/en/latest/asyncio/migration.html

  import eventlet  # noqa
1 RLock(s) were not greened, to fix this error make sure you run eventlet.monkey_patch() before importing any other modules.
/home/zhihao/hdd/marshal/benchmarks/cross-repo-pr-impact/results/single-case-pipeline-996511-995405-v1-2026-08-26/replay-work/formal-opendev-996511--target-995405/target-a1/cinder/__init__.py:21: EventletDeprecationWarning: 
Eventlet is deprecated. It is currently being maintained in bugfix mode, and
we strongly recommend against using it for new projects.

If you are already using Eventlet, we recommend migrating to a different
framework.  For more detail see
https://eventlet.readthedocs.io/en/latest/asyncio/migration.html

  import eventlet  # noqa
/home/zhihao/hdd/marshal/benchmarks/cross-repo-pr-impact/results/single-case-pipeline-996511-995405-v1-2026-08-26/replay-work/formal-opendev-996511--target-995405/target-a1/cinder/__init__.py:21: EventletDeprecationWarning: 
Eventlet is deprecated. It is currently being maintained in bugfix mode, and
we strongly recommend against using it for new projects.

If you are already using Eventlet, we recommend migrating to a different
framework.  For more detail see
https://eventlet.readthedocs.io/en/latest/asyncio/migration.html

  import eventlet  # noqa
1 RLock(s) were not greened, to fix this error make sure you run eventlet.monkey_patch() before importing any other modules.
1 RLock(s) were not greened, to fix this error make sure you run eventlet.monkey_patch() before importing any other modules.
/home/zhihao/hdd/marshal/benchmarks/cross-repo-pr-impact/results/single-case-pipeline-996511-995405-v1-2026-08-26/replay-work/formal-opendev-996511--target-995405/target-a1/cinder/__init__.py:21: EventletDeprecationWarning: 
Eventlet is deprecated. It is currently being maintained in bugfix mode, and
we strongly recommend against using it for new projects.

If you are already using Eventlet, we recommend migrating to a different
framework.  For more detail see
https://eventlet.readthedocs.io/en/latest/asyncio/migration.html

  import eventlet  # noqa
1 RLock(s) were not greened, to fix this error make sure you run eventlet.monkey_patch() before importing any other modules.
/home/zhihao/hdd/marshal/benchmarks/cross-repo-pr-impact/results/single-case-pipeline-996511-995405-v1-2026-08-26/replay-work/formal-opendev-996511--target-995405/target-a1/cinder/__init__.py:21: EventletDeprecationWarning: 
Eventlet is deprecated. It is currently being maintained in bugfix mode, and
we strongly recommend against using it for new projects.

If you are already using Eventlet, we recommend migrating to a different
framework.  For more detail see
https://eventlet.readthedocs.io/en/latest/asyncio/migration.html

  import eventlet  # noqa
1 RLock(s) were not greened, to fix this error make sure you run eventlet.monkey_patch() before importing any other modules.
/home/zhihao/hdd/marshal/benchmarks/cross-repo-pr-impact/results/single-case-pipeline-996511-995405-v1-2026-08-26/replay-work/formal-opendev-996511--target-995405/target-a1/cinder/__init__.py:21: EventletDeprecationWarning: 
Eventlet is deprecated. It is currently being maintained in bugfix mode, and
we strongly recommend against using it for new projects.

If you are already using Eventlet, we recommend migrating to a different
framework.  For more detail see
https://eventlet.readthedocs.io/en/latest/asyncio/migration.html

  import eventlet  # noqa
1 RLock(s) were not greened, to fix this error make sure you run eventlet.monkey_patch() before importing any other modules.
/home/zhihao/hdd/marshal/benchmarks/cross-repo-pr-impact/results/single-case-pipeline-996511-995405-v1-2026-08-26/replay-work/formal-opendev-996511--target-995405/target-a1/cinder/__init__.py:21: EventletDeprecationWarning: 
Eventlet is deprecated. It is currently being maintained in bugfix mode, and
we strongly recommend against using it for new projects.

If you are already using Eventlet, we recommend migrating to a different
framework.  For more detail see
https://eventlet.readthedocs.io/en/latest/asyncio/migration.html

  import eventlet  # noqa
1 RLock(s) were not greened, to fix this error make sure you run eventlet.monkey_patch() before importing any other modules.
1 RLock(s) were not greened, to fix this error make sure you run eventlet.monkey_patch() before importing any other modules.
/home/zhihao/hdd/marshal/benchmarks/cross-repo-pr-impact/results/single-case-pipeline-996511-995405-v1-2026-08-26/replay-work/formal-opendev-996511--target-995405/target-a1/cinder/__init__.py:21: EventletDeprecationWarning: 
Eventlet is deprecated. It is currently being maintained in bugfix mode, and
we strongly recommend against using it for new projects.

If you are already using Eventlet, we recommend migrating to a different
framework.  For more detail see
https://eventlet.readthedocs.io/en/latest/asyncio/migration.html

  import eventlet  # noqa
/home/zhihao/hdd/marshal/benchmarks/cross-repo-pr-impact/results/single-case-pipeline-996511-995405-v1-2026-08-26/replay-work/formal-opendev-996511--target-995405/target-a1/cinder/__init__.py:21: EventletDeprecationWarning: 
Eventlet is deprecated. It is currently being maintained in bugfix mode, and
we strongly recommend against using it for new projects.

If you are already using Eventlet, we recommend migrating to a different
framework.  For more detail see
https://eventlet.readthedocs.io/en/latest/asyncio/migration.html

  import eventlet  # noqa
1 RLock(s) were not greened, to fix this error make sure you run eventlet.monkey_patch() before importing any other modules.
/home/zhihao/hdd/marshal/benchmarks/cross-repo-pr-impact/results/single-case-pipeline-996511-995405-v1-2026-08-26/replay-work/formal-opendev-996511--target-995405/target-a1/cinder/__init__.py:21: EventletDeprecationWarning: 
Eventlet is deprecated. It is currently being maintained in bugfix mode, and
we strongly recommend against using it for new projects.

If you are already using Eventlet, we recommend migrating to a different
framework.  For more detail see
https://eventlet.readthedocs.io/en/latest/asyncio/migration.html

  import eventlet  # noqa
1 RLock(s) were not greened, to fix this error make sure you run eventlet.monkey_patch() before importing any other modules.
/home/zhihao/hdd/marshal/benchmarks/cross-repo-pr-impact/results/single-case-pipeline-996511-995405-v1-2026-08-26/replay-work/formal-opendev-996511--target-995405/target-a1/cinder/__init__.py:21: EventletDeprecationWarning: 
Eventlet is deprecated. It is currently being maintained in bugfix mode, and
we strongly recommend against using it for new projects.

If you are already using Eventlet, we recommend migrating to a different
framework.  For more detail see
https://eventlet.readthedocs.io/en/latest/asyncio/migration.html

  import eventlet  # noqa
/home/zhihao/hdd/marshal/benchmarks/cross-repo-pr-impact/results/single-case-pipeline-996511-995405-v1-2026-08-26/replay-work/formal-opendev-996511--target-995405/target-a1/cinder/__init__.py:21: EventletDeprecationWarning: 
Eventlet is deprecated. It is currently being maintained in bugfix mode, and
we strongly recommend against using it for new projects.

If you are already using Eventlet, we recommend migrating to a different
framework.  For more detail see
https://eventlet.readthedocs.io/en/latest/asyncio/migration.html

  import eventlet  # noqa
/home/zhihao/hdd/marshal/benchmarks/cross-repo-pr-impact/results/single-case-pipeline-996511-995405-v1-2026-08-26/replay-work/formal-opendev-996511--target-995405/target-a1/cinder/__init__.py:21: EventletDeprecationWarning: 
Eventlet is deprecated. It is currently being maintained in bugfix mode, and
we strongly recommend against using it for new projects.

If you are already using Eventlet, we recommend migrating to a different
framework.  For more detail see
https://eventlet.readthedocs.io/en/latest/asyncio/migration.html

  import eventlet  # noqa
1 RLock(s) were not greened, to fix this error make sure you run eventlet.monkey_patch() before importing any other modules.
1 RLock(s) were not greened, to fix this error make sure you run eventlet.monkey_patch() before importing any other modules.
/home/zhihao/hdd/marshal/benchmarks/cross-repo-pr-impact/results/single-case-pipeline-996511-995405-v1-2026-08-26/replay-work/formal-opendev-996511--target-995405/target-a1/cinder/__init__.py:21: EventletDeprecationWarning: 
Eventlet is deprecated. It is currently being maintained in bugfix mode, and
we strongly recommend against using it for new projects.

If you are already using Eventlet, we recommend migrating to a different
framework.  For more detail see
https://eventlet.readthedocs.io/en/latest/asyncio/migration.html

  import eventlet  # noqa
/home/zhihao/hdd/marshal/benchmarks/cross-repo-pr-impact/results/single-case-pipeline-996511-995405-v1-2026-08-26/replay-work/formal-opendev-996511--target-995405/target-a1/cinder/__init__.py:21: EventletDeprecationWarning: 
Eventlet is deprecated. It is currently being maintained in bugfix mode, and
we strongly recommend against using it for new projects.

If you are already using Eventlet, we recommend migrating to a different
framework.  For more detail see
https://eventlet.readthedocs.io/en/latest/asyncio/migration.html

  import eventlet  # noqa
/home/zhihao/hdd/marshal/benchmarks/cross-repo-pr-impact/results/single-case-pipeline-996511-995405-v1-2026-08-26/replay-work/formal-opendev-996511--target-995405/target-a1/cinder/__init__.py:21: EventletDeprecationWarning: 
Eventlet is deprecated. It is currently being maintained in bugfix mode, and
we strongly recommend against using it for new projects.

If you are already using Eventlet, we recommend migrating to a different
framework.  For more detail see
https://eventlet.readthedocs.io/en/latest/asyncio/migration.html

  import eventlet  # noqa
1 RLock(s) were not greened, to fix this error make sure you run eventlet.monkey_patch() before importing any other modules.
/home/zhihao/hdd/marshal/benchmarks/cross-repo-pr-impact/results/single-case-pipeline-996511-995405-v1-2026-08-26/replay-work/formal-opendev-996511--target-995405/target-a1/cinder/__init__.py:21: EventletDeprecationWarning: 
Eventlet is deprecated. It is currently being maintained in bugfix mode, and
we strongly recommend against using it for new projects.

If you are already using Eventlet, we recommend migrating to a different
framework.  For more detail see
https://eventlet.readthedocs.io/en/latest/asyncio/migration.html

  import eventlet  # noqa
1 RLock(s) were not greened, to fix this error make sure you run eventlet.monkey_patch() before importing any other modules.
/home/zhihao/hdd/marshal/benchmarks/cross-repo-pr-impact/results/single-case-pipeline-996511-995405-v1-2026-08-26/replay-work/formal-opendev-996511--target-995405/target-a1/cinder/__init__.py:21: EventletDeprecationWarning: 
Eventlet is deprecated. It is currently being maintained in bugfix mode, and
we strongly recommend against using it for new projects.

If you are already using Eventlet, we recommend migrating to a different
framework.  For more detail see
https://eventlet.readthedocs.io/en/latest/asyncio/migration.html

  import eventlet  # noqa
1 RLock(s) were not greened, to fix this error make sure you run eventlet.monkey_patch() before importing any other modules.
1 RLock(s) were not greened, to fix this error make sure you run eventlet.monkey_patch() before importing any other modules.
/home/zhihao/hdd/marshal/benchmarks/cross-repo-pr-impact/results/single-case-pipeline-996511-995405-v1-2026-08-26/replay-work/formal-opendev-996511--target-995405/target-a1/cinder/__init__.py:21: EventletDeprecationWarning: 
Eventlet is deprecated. It is currently being maintained in bugfix mode, and
we strongly recommend against using it for new projects.

If you are already using Eventlet, we recommend migrating to a different
framework.  For more detail see
https://eventlet.readthedocs.io/en/latest/asyncio/migration.html

  import eventlet  # noqa
1 RLock(s) were not greened, to fix this error make sure you run eventlet.monkey_patch() before importing any other modules.
1 RLock(s) were not greened, to fix this error make sure you run eventlet.monkey_patch() before importing any other modules.
1 RLock(s) were not greened, to fix this error make sure you run eventlet.monkey_patch() before importing any other modules.
/home/zhihao/hdd/marshal/benchmarks/cross-repo-pr-impact/results/single-case-pipeline-996511-995405-v1-2026-08-26/replay-work/formal-opendev-996511--target-995405/target-a1/cinder/__init__.py:21: EventletDeprecationWarning: 
Eventlet is deprecated. It is currently being maintained in bugfix mode, and
we strongly recommend against using it for new projects.

If you are already using Eventlet, we recommend migrating to a different
framework.  For more detail see
https://eventlet.readthedocs.io/en/latest/asyncio/migration.html

  import eventlet  # noqa
/home/zhihao/hdd/marshal/benchmarks/cross-repo-pr-impact/results/single-case-pipeline-996511-995405-v1-2026-08-26/replay-work/formal-opendev-996511--target-995405/target-a1/cinder/__init__.py:21: EventletDeprecationWarning: 
Eventlet is deprecated. It is currently being maintained in bugfix mode, and
we strongly recommend against using it for new projects.

If you are already using Eventlet, we recommend migrating to a different
framework.  For more detail see
https://eventlet.readthedocs.io/en/latest/asyncio/migration.html

  import eventlet  # noqa
1 RLock(s) were not greened, to fix this error make sure you run eventlet.monkey_patch() before importing any other modules.
1 RLock(s) were not greened, to fix this error make sure you run eventlet.monkey_patch() before importing any other modules.
1 RLock(s) were not greened, to fix this error make sure you run eventlet.monkey_patch() before importing any other modules.
1 RLock(s) were not greened, to fix this error make sure you run eventlet.monkey_patch() before importing any other modules.
1 RLock(s) were not greened, to fix this error make sure you run eventlet.monkey_patch() before importing any other modules.
1 RLock(s) were not greened, to fix this error make sure you run eventlet.monkey_patch() before importing any other modules.
1 RLock(s) were not greened, to fix this error make sure you run eventlet.monkey_patch() before importing any other modules.
1 RLock(s) were not greened, to fix this error make sure you run eventlet.monkey_patch() before importing any other modules.
1 RLock(s) were not greened, to fix this error make sure you run eventlet.monkey_patch() before importing any other modules.
1 RLock(s) were not greened, to fix this error make sure you run eventlet.monkey_patch() before importing any other modules.
1 RLock(s) were not greened, to fix this error make sure you run eventlet.monkey_patch() before importing any other modules.
1 RLock(s) were not greened, to fix this error make sure you run eventlet.monkey_patch() before importing any other modules.
/home/zhihao/hdd/marshal/benchmarks/cross-repo-pr-impact/results/single-case-pipeline-996511-995405-v1-2026-08-26/replay-work/formal-opendev-996511--target-995405/target-a1/cinder/__init__.py:21: EventletDeprecationWarning: 
Eventlet is deprecated. It is currently being maintained in bugfix mode, and
we strongly recommend against using it for new projects.

If you are already using Eventlet, we recommend migrating to a different
framework.  For more detail see
https://eventlet.readthedocs.io/en/latest/asyncio/migration.html

  import eventlet  # noqa
1 RLock(s) were not greened, to fix this error make sure you run eventlet.monkey_patch() before importing any other modules.
1 RLock(s) were not greened, to fix this error make sure you run eventlet.monkey_patch() before importing any other modules.
1 RLock(s) were not greened, to fix this error make sure you run eventlet.monkey_patch() before importing any other modules.
1 RLock(s) were not greened, to fix this error make sure you run eventlet.monkey_patch() before importing any other modules.
/home/zhihao/hdd/marshal/benchmarks/cross-repo-pr-impact/results/single-case-pipeline-996511-995405-v1-2026-08-26/replay-work/formal-opendev-996511--target-995405/target-a1/cinder/__init__.py:21: EventletDeprecationWarning: 
Eventlet is deprecated. It is currently being maintained in bugfix mode, and
we strongly recommend against using it for new projects.

If you are already using Eventlet, we recommend migrating to a different
framework.  For more detail see
https://eventlet.readthedocs.io/en/latest/asyncio/migration.html

  import eventlet  # noqa
1 RLock(s) were not greened, to fix this error make sure you run eventlet.monkey_patch() before importing any other modules.
1 RLock(s) were not greened, to fix this error make sure you run eventlet.monkey_patch() before importing any other modules.
/home/zhihao/hdd/marshal/benchmarks/cross-repo-pr-impact/results/single-case-pipeline-996511-995405-v1-2026-08-26/replay-work/formal-opendev-996511--target-995405/target-a1/cinder/__init__.py:21: EventletDeprecationWarning: 
Eventlet is deprecated. It is currently being maintained in bugfix mode, and
we strongly recommend against using it for new projects.

If you are already using Eventlet, we recommend migrating to a different
framework.  For more detail see
https://eventlet.readthedocs.io/en/latest/asyncio/migration.html

  import eventlet  # noqa
/home/zhihao/hdd/marshal/benchmarks/cross-repo-pr-impact/results/single-case-pipeline-996511-995405-v1-2026-08-26/replay-work/formal-opendev-996511--target-995405/target-a1/cinder/__init__.py:21: EventletDeprecationWarning: 
Eventlet is deprecated. It is currently being maintained in bugfix mode, and
we strongly recommend against using it for new projects.

If you are already using Eventlet, we recommend migrating to a different
framework.  For more detail see
https://eventlet.readthedocs.io/en/latest/asyncio/migration.html

  import eventlet  # noqa
1 RLock(s) were not greened, to fix this error make sure you run eventlet.monkey_patch() before importing any other modules.
/home/zhihao/hdd/marshal/benchmarks/cross-repo-pr-impact/results/single-case-pipeline-996511-995405-v1-2026-08-26/replay-work/formal-opendev-996511--target-995405/target-a1/cinder/__init__.py:21: EventletDeprecationWarning: 
Eventlet is deprecated. It is currently being maintained in bugfix mode, and
we strongly recommend against using it for new projects.

If you are already using Eventlet, we recommend migrating to a different
framework.  For more detail see
https://eventlet.readthedocs.io/en/latest/asyncio/migration.html

  import eventlet  # noqa
1 RLock(s) were not greened, to fix this error make sure you run eventlet.monkey_patch() before importing any other modules.
/home/zhihao/hdd/marshal/benchmarks/cross-repo-pr-impact/results/single-case-pipeline-996511-995405-v1-2026-08-26/replay-work/formal-opendev-996511--target-995405/target-a1/cinder/__init__.py:21: EventletDeprecationWarning: 
Eventlet is deprecated. It is currently being maintained in bugfix mode, and
we strongly recommend against using it for new projects.

If you are already using Eventlet, we recommend migrating to a different
framework.  For more detail see
https://eventlet.readthedocs.io/en/latest/asyncio/migration.html

  import eventlet  # noqa
1 RLock(s) were not greened, to fix this error make sure you run eventlet.monkey_patch() before importing any other modules.
1 RLock(s) were not greened, to fix this error make sure you run eventlet.monkey_patch() before importing any other modules.
1 RLock(s) were not greened, to fix this error make sure you run eventlet.monkey_patch() before importing any other modules.
1 RLock(s) were not greened, to fix this error make sure you run eventlet.monkey_patch() before importing any other modules.
1 RLock(s) were not greened, to fix this error make sure you run eventlet.monkey_patch() before importing any other modules.
1 RLock(s) were not greened, to fix this error make sure you run eventlet.monkey_patch() before importing any other modules.
{2} cinder.tests.unit.policies.test_attachments.AttachmentsPolicySecureRbacTest.test_delete_attachment_policy_2_legacy_owner [0.279544s] ... FAILED

Captured traceback:
~~~~~~~~~~~~~~~~~~~
    Traceback (most recent call last):

      File "/home/zhihao/hdd/marshal/benchmarks/cross-repo-pr-impact/results/single-case-pipeline-996511-995405-v1-2026-08-26/replay-work/formal-opendev-996511--target-995405/target-a1/cinder/tests/unit/policies/test_attachments.py", line 252, in setUp
    super().setUp(enforce_scope=False, enforce_new_defaults=True,
    ~~~~~~~~~~~~~^^^^^^^^^^^^^^^^^^^^^^^^^^^^^^^^^^^^^^^^^^^^^^^^
                  *args, **kwargs)
                  ^^^^^^^^^^^^^^^^

      File "/home/zhihao/hdd/marshal/benchmarks/cross-repo-pr-impact/results/single-case-pipeline-996511-995405-v1-2026-08-26/replay-work/formal-opendev-996511--target-995405/target-a1/cinder/tests/unit/policies/test_attachments.py", line 54, in setUp
    super().setUp(enforce_scope, enforce_new_defaults, *args, **kwargs)
    ~~~~~~~~~~~~~^^^^^^^^^^^^^^^^^^^^^^^^^^^^^^^^^^^^^^^^^^^^^^^^^^^^^^

      File "/home/zhihao/hdd/marshal/benchmarks/cross-repo-pr-impact/results/single-case-pipeline-996511-995405-v1-2026-08-26/replay-work/formal-opendev-996511--target-995405/target-a1/cinder/tests/unit/policies/base.py", line 51, in setUp
    self.override_config('enforce_scope',
    ~~~~~~~~~~~~~~~~~~~~^^^^^^^^^^^^^^^^^
                         enforce_scope, 'oslo_policy')
                         ^^^^^^^^^^^^^^^^^^^^^^^^^^^^^

      File "/home/zhihao/hdd/marshal/benchmarks/cross-repo-pr-impact/results/single-case-pipeline-996511-995405-v1-2026-08-26/replay-work/formal-opendev-996511--target-995405/target-a1/cinder/tests/unit/test.py", line 353, in override_config
    CONF.set_override(name, override, group)
    ~~~~~~~~~~~~~~~~~^^^^^^^^^^^^^^^^^^^^^^^

      File "/home/zhihao/hdd/marshal/benchmarks/cross-repo-pr-impact/results/single-case-pipeline-996511-995405-v1-2026-08-26/replay-work/formal-opendev-996511--target-995405/target-a1/.tox/py3/lib/python3.13/site-packages/oslo_messaging/conffixture.py", line 84, in _wrapper
    return wrapped_function(*args, **kwargs)

      File "/home/zhihao/hdd/marshal/benchmarks/cross-repo-pr-impact/results/single-case-pipeline-996511-995405-v1-2026-08-26/replay-work/formal-opendev-996511--target-995405/target-a1/.tox/py3/lib/python3.13/site-packages/oslo_config/cfg.py", line 2430, in __inner
    result = f(self, *args, **kwargs)

      File "/home/zhihao/hdd/marshal/benchmarks/cross-repo-pr-impact/results/single-case-pipeline-996511-995405-v1-2026-08-26/replay-work/formal-opendev-996511--target-995405/target-a1/.tox/py3/lib/python3.13/site-packages/oslo_config/cfg.py", line 3085, in set_override
    opt_info = self._get_opt_info(name, group)

      File "/home/zhihao/hdd/marshal/benchmarks/cross-repo-pr-impact/results/single-case-pipeline-996511-995405-v1-2026-08-26/replay-work/formal-opendev-996511--target-995405/target-a1/.tox/py3/lib/python3.13/site-packages/oslo_config/cfg.py", line 3580, in _get_opt_info
    raise NoSuchOptError(opt_name, group)

    oslo_config.cfg.NoSuchOptError: no such option enforce_scope in group [oslo_policy]


Captured pythonlogging:
~~~~~~~~~~~~~~~~~~~~~~~
    2026-08-26 20:58:24,161 INFO [keystonemiddleware.auth_token] Starting Keystone auth_token middleware
2026-08-26 20:58:24,162 WARNING [keystonemiddleware._common.config] The option "auth_url" is not known to keystonemiddleware
2026-08-26 20:58:24,165 WARNING [keystonemiddleware.auth_token] Configuring www_authenticate_uri to point to the public identity endpoint is required; clients may not be able to authenticate against an admin endpoint

{1} cinder.tests.unit.policies.test_attachments.AttachmentsPolicySecureRbacTest.test_delete_attachment_policy_1_legacy_admin [0.276661s] ... FAILED

Captured traceback:
~~~~~~~~~~~~~~~~~~~
    Traceback (most recent call last):

      File "/home/zhihao/hdd/marshal/benchmarks/cross-repo-pr-impact/results/single-case-pipeline-996511-995405-v1-2026-08-26/replay-work/formal-opendev-996511--target-995405/target-a1/cinder/tests/unit/policies/test_attachments.py", line 252, in setUp
    super().setUp(enforce_scope=False, enforce_new_defaults=True,
    ~~~~~~~~~~~~~^^^^^^^^^^^^^^^^^^^^^^^^^^^^^^^^^^^^^^^^^^^^^^^^
                  *args, **kwargs)
                  ^^^^^^^^^^^^^^^^

      File "/home/zhihao/hdd/marshal/benchmarks/cross-repo-pr-impact/results/single-case-pipeline-996511-995405-v1-2026-08-26/replay-work/formal-opendev-996511--target-995405/target-a1/cinder/tests/unit/policies/test_attachments.py", line 54, in setUp
    super().setUp(enforce_scope, enforce_new_defaults, *args, **kwargs)
    ~~~~~~~~~~~~~^^^^^^^^^^^^^^^^^^^^^^^^^^^^^^^^^^^^^^^^^^^^^^^^^^^^^^

      File "/home/zhihao/hdd/marshal/benchmarks/cross-repo-pr-impact/results/single-case-pipeline-996511-995405-v1-2026-08-26/replay-work/formal-opendev-996511--target-995405/target-a1/cinder/tests/unit/policies/base.py", line 51, in setUp
    self.override_config('enforce_scope',
    ~~~~~~~~~~~~~~~~~~~~^^^^^^^^^^^^^^^^^
                         enforce_scope, 'oslo_policy')
                         ^^^^^^^^^^^^^^^^^^^^^^^^^^^^^

      File "/home/zhihao/hdd/marshal/benchmarks/cross-repo-pr-impact/results/single-case-pipeline-996511-995405-v1-2026-08-26/replay-work/formal-opendev-996511--target-995405/target-a1/cinder/tests/unit/test.py", line 353, in override_config
    CONF.set_override(name, override, group)
    ~~~~~~~~~~~~~~~~~^^^^^^^^^^^^^^^^^^^^^^^

      File "/home/zhihao/hdd/marshal/benchmarks/cross-repo-pr-impact/results/single-case-pipeline-996511-995405-v1-2026-08-26/replay-work/formal-opendev-996511--target-995405/target-a1/.tox/py3/lib/python3.13/site-packages/oslo_messaging/conffixture.py", line 84, in _wrapper
    return wrapped_function(*args, **kwargs)

      File "/home/zhihao/hdd/marshal/benchmarks/cross-repo-pr-impact/results/single-case-pipeline-996511-995405-v1-2026-08-26/replay-work/formal-opendev-996511--target-995405/target-a1/.tox/py3/lib/python3.13/site-packages/oslo_config/cfg.py", line 2430, in __inner
    result = f(self, *args, **kwargs)

      File "/home/zhihao/hdd/marshal/benchmarks/cross-repo-pr-impact/results/single-case-pipeline-996511-995405-v1-2026-08-26/replay-work/formal-opendev-996511--target-995405/target-a1/.tox/py3/lib/python3.13/site-packages/oslo_config/cfg.py", line 3085, in set_override
    opt_info = self._get_opt_info(name, group)

      File "/home/zhihao/hdd/marshal/benchmarks/cross-repo-pr-impact/results/single-case-pipeline-996511-995405-v1-2026-08-26/replay-work/formal-opendev-996511--target-995405/target-a1/.tox/py3/lib/python3.13/site-packages/oslo_config/cfg.py", line 3580, in _get_opt_info
    raise NoSuchOptError(opt_name, group)

    oslo_config.cfg.NoSuchOptError: no such option enforce_scope in group [oslo_policy]


Captured pythonlogging:
~~~~~~~~~~~~~~~~~~~~~~~
    2026-08-26 20:58:24,179 INFO [keystonemiddleware.auth_token] Starting Keystone auth_token middleware
2026-08-26 20:58:24,181 WARNING [keystonemiddleware._common.config] The option "auth_url" is not known to keystonemiddleware
2026-08-26 20:58:24,183 WARNING [keystonemiddleware.auth_token] Configuring www_authenticate_uri to point to the public identity endpoint is required; clients may not be able to authenticate against an admin endpoint

{11} cinder.tests.unit.policies.test_attachments.AttachmentsPolicyTest.test_complete_attachment_policy_1_legacy_admin [0.273873s] ... FAILED

Captured traceback:
~~~~~~~~~~~~~~~~~~~
    Traceback (most recent call last):

      File "/home/zhihao/hdd/marshal/benchmarks/cross-repo-pr-impact/results/single-case-pipeline-996511-995405-v1-2026-08-26/replay-work/formal-opendev-996511--target-995405/target-a1/cinder/tests/unit/policies/test_attachments.py", line 54, in setUp
    super().setUp(enforce_scope, enforce_new_defaults, *args, **kwargs)
    ~~~~~~~~~~~~~^^^^^^^^^^^^^^^^^^^^^^^^^^^^^^^^^^^^^^^^^^^^^^^^^^^^^^

      File "/home/zhihao/hdd/marshal/benchmarks/cross-repo-pr-impact/results/single-case-pipeline-996511-995405-v1-2026-08-26/replay-work/formal-opendev-996511--target-995405/target-a1/cinder/tests/unit/policies/base.py", line 51, in setUp
    self.override_config('enforce_scope',
    ~~~~~~~~~~~~~~~~~~~~^^^^^^^^^^^^^^^^^
                         enforce_scope, 'oslo_policy')
                         ^^^^^^^^^^^^^^^^^^^^^^^^^^^^^

      File "/home/zhihao/hdd/marshal/benchmarks/cross-repo-pr-impact/results/single-case-pipeline-996511-995405-v1-2026-08-26/replay-work/formal-opendev-996511--target-995405/target-a1/cinder/tests/unit/test.py", line 353, in override_config
    CONF.set_override(name, override, group)
    ~~~~~~~~~~~~~~~~~^^^^^^^^^^^^^^^^^^^^^^^

      File "/home/zhihao/hdd/marshal/benchmarks/cross-repo-pr-impact/results/single-case-pipeline-996511-995405-v1-2026-08-26/replay-work/formal-opendev-996511--target-995405/target-a1/.tox/py3/lib/python3.13/site-packages/oslo_messaging/conffixture.py", line 84, in _wrapper
    return wrapped_function(*args, **kwargs)

      File "/home/zhihao/hdd/marshal/benchmarks/cross-repo-pr-impact/results/single-case-pipeline-996511-995405-v1-2026-08-26/replay-work/formal-opendev-996511--target-995405/target-a1/.tox/py3/lib/python3.13/site-packages/oslo_config/cfg.py", line 2430, in __inner
    result = f(self, *args, **kwargs)

      File "/home/zhihao/hdd/marshal/benchmarks/cross-repo-pr-impact/results/single-case-pipeline-996511-995405-v1-2026-08-26/replay-work/formal-opendev-996511--target-995405/target-a1/.tox/py3/lib/python3.13/site-packages/oslo_config/cfg.py", line 3085, in set_override
    opt_info = self._get_opt_info(name, group)

      File "/home/zhihao/hdd/marshal/benchmarks/cross-repo-pr-impact/results/single-case-pipeline-996511-995405-v1-2026-08-26/replay-work/formal-opendev-996511--target-995405/target-a1/.tox/py3/lib/python3.13/site-packages/oslo_config/cfg.py", line 3580, in _get_opt_info
    raise NoSuchOptError(opt_name, group)

    oslo_config.cfg.NoSuchOptError: no such option enforce_scope in group [oslo_policy]


Captured pythonlogging:
~~~~~~~~~~~~~~~~~~~~~~~
    2026-08-26 20:58:24,209 INFO [keystonemiddleware.auth_token] Starting Keystone auth_token middleware
2026-08-26 20:58:24,211 WARNING [keystonemiddleware._common.config] The option "auth_url" is not known to keystonemiddleware
2026-08-26 20:58:24,213 WARNING [keystonemiddleware.auth_token] Configuring www_authenticate_uri to point to the public identity endpoint is required; clients may not be able to authenticate against an admin endpoint

{17} cinder.tests.unit.policies.test_attachments.AttachmentsPolicyTest.test_create_attachment_policy_6_project_reader [0.267143s] ... FAILED

Captured traceback:
~~~~~~~~~~~~~~~~~~~
    Traceback (most recent call last):

      File "/home/zhihao/hdd/marshal/benchmarks/cross-repo-pr-impact/results/single-case-pipeline-996511-995405-v1-2026-08-26/replay-work/formal-opendev-996511--target-995405/target-a1/cinder/tests/unit/policies/test_attachments.py", line 54, in setUp
    super().setUp(enforce_scope, enforce_new_defaults, *args, **kwargs)
    ~~~~~~~~~~~~~^^^^^^^^^^^^^^^^^^^^^^^^^^^^^^^^^^^^^^^^^^^^^^^^^^^^^^

      File "/home/zhihao/hdd/marshal/benchmarks/cross-repo-pr-impact/results/single-case-pipeline-996511-995405-v1-2026-08-26/replay-work/formal-opendev-996511--target-995405/target-a1/cinder/tests/unit/policies/base.py", line 51, in setUp
    self.override_config('enforce_scope',
    ~~~~~~~~~~~~~~~~~~~~^^^^^^^^^^^^^^^^^
                         enforce_scope, 'oslo_policy')
                         ^^^^^^^^^^^^^^^^^^^^^^^^^^^^^

      File "/home/zhihao/hdd/marshal/benchmarks/cross-repo-pr-impact/results/single-case-pipeline-996511-995405-v1-2026-08-26/replay-work/formal-opendev-996511--target-995405/target-a1/cinder/tests/unit/test.py", line 353, in override_config
    CONF.set_override(name, override, group)
    ~~~~~~~~~~~~~~~~~^^^^^^^^^^^^^^^^^^^^^^^

      File "/home/zhihao/hdd/marshal/benchmarks/cross-repo-pr-impact/results/single-case-pipeline-996511-995405-v1-2026-08-26/replay-work/formal-opendev-996511--target-995405/target-a1/.tox/py3/lib/python3.13/site-packages/oslo_messaging/conffixture.py", line 84, in _wrapper
    return wrapped_function(*args, **kwargs)

      File "/home/zhihao/hdd/marshal/benchmarks/cross-repo-pr-impact/results/single-case-pipeline-996511-995405-v1-2026-08-26/replay-work/formal-opendev-996511--target-995405/target-a1/.tox/py3/lib/python3.13/site-packages/oslo_config/cfg.py", line 2430, in __inner
    result = f(self, *args, **kwargs)

      File "/home/zhihao/hdd/marshal/benchmarks/cross-repo-pr-impact/results/single-case-pipeline-996511-995405-v1-2026-08-26/replay-work/formal-opendev-996511--target-995405/target-a1/.tox/py3/lib/python3.13/site-packages/oslo_config/cfg.py", line 3085, in set_override
    opt_info = self._get_opt_info(name, group)

      File "/home/zhihao/hdd/marshal/benchmarks/cross-repo-pr-impact/results/single-case-pipeline-996511-995405-v1-2026-08-26/replay-work/formal-opendev-996511--target-995405/target-a1/.tox/py3/lib/python3.13/site-packages/oslo_config/cfg.py", line 3580, in _get_opt_info
    raise NoSuchOptError(opt_name, group)

    oslo_config.cfg.NoSuchOptError: no such option enforce_scope in group [oslo_policy]


Captured pythonlogging:
~~~~~~~~~~~~~~~~~~~~~~~
    2026-08-26 20:58:24,220 INFO [keystonemiddleware.auth_token] Starting Keystone auth_token middleware
2026-08-26 20:58:24,222 WARNING [keystonemiddleware._common.config] The option "auth_url" is not known to keystonemiddleware
2026-08-26 20:58:24,224 WARNING [keystonemiddleware.auth_token] Configuring www_authenticate_uri to point to the public identity endpoint is required; clients may not be able to authenticate against an admin endpoint

{14} cinder.tests.unit.policies.test_attachments.AttachmentsPolicySecureRbacTest.test_multiattach_bootable_volume_policy_8_other_project_member [0.268058s] ... FAILED

Captured traceback:
~~~~~~~~~~~~~~~~~~~
    Traceback (most recent call last):

      File "/home/zhihao/hdd/marshal/benchmarks/cross-repo-pr-impact/results/single-case-pipeline-996511-995405-v1-2026-08-26/replay-work/formal-opendev-996511--target-995405/target-a1/cinder/tests/unit/policies/test_attachments.py", line 252, in setUp
    super().setUp(enforce_scope=False, enforce_new_defaults=True,
    ~~~~~~~~~~~~~^^^^^^^^^^^^^^^^^^^^^^^^^^^^^^^^^^^^^^^^^^^^^^^^
                  *args, **kwargs)
                  ^^^^^^^^^^^^^^^^

      File "/home/zhihao/hdd/marshal/benchmarks/cross-repo-pr-impact/results/single-case-pipeline-996511-995405-v1-2026-08-26/replay-work/formal-opendev-996511--target-995405/target-a1/cinder/tests/unit/policies/test_attachments.py", line 54, in setUp
    super().setUp(enforce_scope, enforce_new_defaults, *args, **kwargs)
    ~~~~~~~~~~~~~^^^^^^^^^^^^^^^^^^^^^^^^^^^^^^^^^^^^^^^^^^^^^^^^^^^^^^

      File "/home/zhihao/hdd/marshal/benchmarks/cross-repo-pr-impact/results/single-case-pipeline-996511-995405-v1-2026-08-26/replay-work/formal-opendev-996511--target-995405/target-a1/cinder/tests/unit/policies/base.py", line 51, in setUp
    self.override_config('enforce_scope',
    ~~~~~~~~~~~~~~~~~~~~^^^^^^^^^^^^^^^^^
                         enforce_scope, 'oslo_policy')
                         ^^^^^^^^^^^^^^^^^^^^^^^^^^^^^

      File "/home/zhihao/hdd/marshal/benchmarks/cross-repo-pr-impact/results/single-case-pipeline-996511-995405-v1-2026-08-26/replay-work/formal-opendev-996511--target-995405/target-a1/cinder/tests/unit/test.py", line 353, in override_config
    CONF.set_override(name, override, group)
    ~~~~~~~~~~~~~~~~~^^^^^^^^^^^^^^^^^^^^^^^

      File "/home/zhihao/hdd/marshal/benchmarks/cross-repo-pr-impact/results/single-case-pipeline-996511-995405-v1-2026-08-26/replay-work/formal-opendev-996511--target-995405/target-a1/.tox/py3/lib/python3.13/site-packages/oslo_messaging/conffixture.py", line 84, in _wrapper
    return wrapped_function(*args, **kwargs)

      File "/home/zhihao/hdd/marshal/benchmarks/cross-repo-pr-impact/results/single-case-pipeline-996511-995405-v1-2026-08-26/replay-work/formal-opendev-996511--target-995405/target-a1/.tox/py3/lib/python3.13/site-packages/oslo_config/cfg.py", line 2430, in __inner
    result = f(self, *args, **kwargs)

      File "/home/zhihao/hdd/marshal/benchmarks/cross-repo-pr-impact/results/single-case-pipeline-996511-995405-v1-2026-08-26/replay-work/formal-opendev-996511--target-995405/target-a1/.tox/py3/lib/python3.13/site-packages/oslo_config/cfg.py", line 3085, in set_override
    opt_info = self._get_opt_info(name, group)

      File "/home/zhihao/hdd/marshal/benchmarks/cross-repo-pr-impact/results/single-case-pipeline-996511-995405-v1-2026-08-26/replay-work/formal-opendev-996511--target-995405/target-a1/.tox/py3/lib/python3.13/site-packages/oslo_config/cfg.py", line 3580, in _get_opt_info
    raise NoSuchOptError(opt_name, group)

    oslo_config.cfg.NoSuchOptError: no such option enforce_scope in group [oslo_policy]


Captured pythonlogging:
~~~~~~~~~~~~~~~~~~~~~~~
    2026-08-26 20:58:24,223 INFO [keystonemiddleware.auth_token] Starting Keystone auth_token middleware
2026-08-26 20:58:24,224 WARNING [keystonemiddleware._common.config] The option "auth_url" is not known to keystonemiddleware
2026-08-26 20:58:24,227 WARNING [keystonemiddleware.auth_token] Configuring www_authenticate_uri to point to the public identity endpoint is required; clients may not be able to authenticate against an admin endpoint

{12} cinder.tests.unit.policies.test_attachments.AttachmentsPolicySecureRbacTest.test_update_attachment_policy_7_project_foo [0.266176s] ... FAILED

Captured traceback:
~~~~~~~~~~~~~~~~~~~
    Traceback (most recent call last):

      File "/home/zhihao/hdd/marshal/benchmarks/cross-repo-pr-impact/results/single-case-pipeline-996511-995405-v1-2026-08-26/replay-work/formal-opendev-996511--target-995405/target-a1/cinder/tests/unit/policies/test_attachments.py", line 252, in setUp
    super().setUp(enforce_scope=False, enforce_new_defaults=True,
    ~~~~~~~~~~~~~^^^^^^^^^^^^^^^^^^^^^^^^^^^^^^^^^^^^^^^^^^^^^^^^
                  *args, **kwargs)
                  ^^^^^^^^^^^^^^^^

      File "/home/zhihao/hdd/marshal/benchmarks/cross-repo-pr-impact/results/single-case-pipeline-996511-995405-v1-2026-08-26/replay-work/formal-opendev-996511--target-995405/target-a1/cinder/tests/unit/policies/test_attachments.py", line 54, in setUp
    super().setUp(enforce_scope, enforce_new_defaults, *args, **kwargs)
    ~~~~~~~~~~~~~^^^^^^^^^^^^^^^^^^^^^^^^^^^^^^^^^^^^^^^^^^^^^^^^^^^^^^

      File "/home/zhihao/hdd/marshal/benchmarks/cross-repo-pr-impact/results/single-case-pipeline-996511-995405-v1-2026-08-26/replay-work/formal-opendev-996511--target-995405/target-a1/cinder/tests/unit/policies/base.py", line 51, in setUp
    self.override_config('enforce_scope',
    ~~~~~~~~~~~~~~~~~~~~^^^^^^^^^^^^^^^^^
                         enforce_scope, 'oslo_policy')
                         ^^^^^^^^^^^^^^^^^^^^^^^^^^^^^

      File "/home/zhihao/hdd/marshal/benchmarks/cross-repo-pr-impact/results/single-case-pipeline-996511-995405-v1-2026-08-26/replay-work/formal-opendev-996511--target-995405/target-a1/cinder/tests/unit/test.py", line 353, in override_config
    CONF.set_override(name, override, group)
    ~~~~~~~~~~~~~~~~~^^^^^^^^^^^^^^^^^^^^^^^

      File "/home/zhihao/hdd/marshal/benchmarks/cross-repo-pr-impact/results/single-case-pipeline-996511-995405-v1-2026-08-26/replay-work/formal-opendev-996511--target-995405/target-a1/.tox/py3/lib/python3.13/site-packages/oslo_messaging/conffixture.py", line 84, in _wrapper
    return wrapped_function(*args, **kwargs)

      File "/home/zhihao/hdd/marshal/benchmarks/cross-repo-pr-impact/results/single-case-pipeline-996511-995405-v1-2026-08-26/replay-work/formal-opendev-996511--target-995405/target-a1/.tox/py3/lib/python3.13/site-packages/oslo_config/cfg.py", line 2430, in __inner
    result = f(self, *args, **kwargs)

      File "/home/zhihao/hdd/marshal/benchmarks/cross-repo-pr-impact/results/single-case-pipeline-996511-995405-v1-2026-08-26/replay-work/formal-opendev-996511--target-995405/target-a1/.tox/py3/lib/python3.13/site-packages/oslo_config/cfg.py", line 3085, in set_override
    opt_info = self._get_opt_info(name, group)

      File "/home/zhihao/hdd/marshal/benchmarks/cross-repo-pr-impact/results/single-case-pipeline-996511-995405-v1-2026-08-26/replay-work/formal-opendev-996511--target-995405/target-a1/.tox/py3/lib/python3.13/site-packages/oslo_config/cfg.py", line 3580, in _get_opt_info
    raise NoSuchOptError(opt_name, group)

    oslo_config.cfg.NoSuchOptError: no such option enforce_scope in group [oslo_policy]


Captured pythonlogging:
~~~~~~~~~~~~~~~~~~~~~~~
    2026-08-26 20:58:24,223 INFO [keystonemiddleware.auth_token] Starting Keystone auth_token middleware
2026-08-26 20:58:24,225 WARNING [keystonemiddleware._common.config] The option "auth_url" is not known to keystonemiddleware
2026-08-26 20:58:24,227 WARNING [keystonemiddleware.auth_token] Configuring www_authenticate_uri to point to the public identity endpoint is required; clients may not be able to authenticate against an admin endpoint

{24} cinder.tests.unit.policies.test_attachments.AttachmentsPolicySecureRbacTest.test_update_attachment_policy_2_legacy_owner [0.270613s] ... FAILED

Captured traceback:
~~~~~~~~~~~~~~~~~~~
    Traceback (most recent call last):

      File "/home/zhihao/hdd/marshal/benchmarks/cross-repo-pr-impact/results/single-case-pipeline-996511-995405-v1-2026-08-26/replay-work/formal-opendev-996511--target-995405/target-a1/cinder/tests/unit/policies/test_attachments.py", line 252, in setUp
    super().setUp(enforce_scope=False, enforce_new_defaults=True,
    ~~~~~~~~~~~~~^^^^^^^^^^^^^^^^^^^^^^^^^^^^^^^^^^^^^^^^^^^^^^^^
                  *args, **kwargs)
                  ^^^^^^^^^^^^^^^^

      File "/home/zhihao/hdd/marshal/benchmarks/cross-repo-pr-impact/results/single-case-pipeline-996511-995405-v1-2026-08-26/replay-work/formal-opendev-996511--target-995405/target-a1/cinder/tests/unit/policies/test_attachments.py", line 54, in setUp
    super().setUp(enforce_scope, enforce_new_defaults, *args, **kwargs)
    ~~~~~~~~~~~~~^^^^^^^^^^^^^^^^^^^^^^^^^^^^^^^^^^^^^^^^^^^^^^^^^^^^^^

      File "/home/zhihao/hdd/marshal/benchmarks/cross-repo-pr-impact/results/single-case-pipeline-996511-995405-v1-2026-08-26/replay-work/formal-opendev-996511--target-995405/target-a1/cinder/tests/unit/policies/base.py", line 51, in setUp
    self.override_config('enforce_scope',
    ~~~~~~~~~~~~~~~~~~~~^^^^^^^^^^^^^^^^^
                         enforce_scope, 'oslo_policy')
                         ^^^^^^^^^^^^^^^^^^^^^^^^^^^^^

      File "/home/zhihao/hdd/marshal/benchmarks/cross-repo-pr-impact/results/single-case-pipeline-996511-995405-v1-2026-08-26/replay-work/formal-opendev-996511--target-995405/target-a1/cinder/tests/unit/test.py", line 353, in override_config
    CONF.set_override(name, override, group)
    ~~~~~~~~~~~~~~~~~^^^^^^^^^^^^^^^^^^^^^^^

      File "/home/zhihao/hdd/marshal/benchmarks/cross-repo-pr-impact/results/single-case-pipeline-996511-995405-v1-2026-08-26/replay-work/formal-opendev-996511--target-995405/target-a1/.tox/py3/lib/python3.13/site-packages/oslo_messaging/conffixture.py", line 84, in _wrapper
    return wrapped_function(*args, **kwargs)

      File "/home/zhihao/hdd/marshal/benchmarks/cross-repo-pr-impact/results/single-case-pipeline-996511-995405-v1-2026-08-26/replay-work/formal-opendev-996511--target-995405/target-a1/.tox/py3/lib/python3.13/site-packages/oslo_config/cfg.py", line 2430, in __inner
    result = f(self, *args, **kwargs)

      File "/home/zhihao/hdd/marshal/benchmarks/cross-repo-pr-impact/results/single-case-pipeline-996511-995405-v1-2026-08-26/replay-work/formal-opendev-996511--target-995405/target-a1/.tox/py3/lib/python3.13/site-packages/oslo_config/cfg.py", line 3085, in set_override
    opt_info = self._get_opt_info(name, group)

      File "/home/zhihao/hdd/marshal/benchmarks/cross-repo-pr-impact/results/single-case-pipeline-996511-995405-v1-2026-08-26/replay-work/formal-opendev-996511--target-995405/target-a1/.tox/py3/lib/python3.13/site-packages/oslo_config/cfg.py", line 3580, in _get_opt_info
    raise NoSuchOptError(opt_name, group)

    oslo_config.cfg.NoSuchOptError: no such option enforce_scope in group [oslo_policy]


Captured pythonlogging:
~~~~~~~~~~~~~~~~~~~~~~~
    2026-08-26 20:58:24,311 INFO [keystonemiddleware.auth_token] Starting Keystone auth_token middleware
2026-08-26 20:58:24,312 WARNING [keystonemiddleware._common.config] The option "auth_url" is not known to keystonemiddleware
2026-08-26 20:58:24,315 WARNING [keystonemiddleware.auth_token] Configuring www_authenticate_uri to point to the public identity endpoint is required; clients may not be able to authenticate against an admin endpoint

{22} cinder.tests.unit.policies.test_attachments.AttachmentsPolicyTest.test_complete_attachment_policy_3_system_admin [0.275576s] ... FAILED

Captured traceback:
~~~~~~~~~~~~~~~~~~~
    Traceback (most recent call last):

      File "/home/zhihao/hdd/marshal/benchmarks/cross-repo-pr-impact/results/single-case-pipeline-996511-995405-v1-2026-08-26/replay-work/formal-opendev-996511--target-995405/target-a1/cinder/tests/unit/policies/test_attachments.py", line 54, in setUp
    super().setUp(enforce_scope, enforce_new_defaults, *args, **kwargs)
    ~~~~~~~~~~~~~^^^^^^^^^^^^^^^^^^^^^^^^^^^^^^^^^^^^^^^^^^^^^^^^^^^^^^

      File "/home/zhihao/hdd/marshal/benchmarks/cross-repo-pr-impact/results/single-case-pipeline-996511-995405-v1-2026-08-26/replay-work/formal-opendev-996511--target-995405/target-a1/cinder/tests/unit/policies/base.py", line 51, in setUp
    self.override_config('enforce_scope',
    ~~~~~~~~~~~~~~~~~~~~^^^^^^^^^^^^^^^^^
                         enforce_scope, 'oslo_policy')
                         ^^^^^^^^^^^^^^^^^^^^^^^^^^^^^

      File "/home/zhihao/hdd/marshal/benchmarks/cross-repo-pr-impact/results/single-case-pipeline-996511-995405-v1-2026-08-26/replay-work/formal-opendev-996511--target-995405/target-a1/cinder/tests/unit/test.py", line 353, in override_config
    CONF.set_override(name, override, group)
    ~~~~~~~~~~~~~~~~~^^^^^^^^^^^^^^^^^^^^^^^

      File "/home/zhihao/hdd/marshal/benchmarks/cross-repo-pr-impact/results/single-case-pipeline-996511-995405-v1-2026-08-26/replay-work/formal-opendev-996511--target-995405/target-a1/.tox/py3/lib/python3.13/site-packages/oslo_messaging/conffixture.py", line 84, in _wrapper
    return wrapped_function(*args, **kwargs)

      File "/home/zhihao/hdd/marshal/benchmarks/cross-repo-pr-impact/results/single-case-pipeline-996511-995405-v1-2026-08-26/replay-work/formal-opendev-996511--target-995405/target-a1/.tox/py3/lib/python3.13/site-packages/oslo_config/cfg.py", line 2430, in __inner
    result = f(self, *args, **kwargs)

      File "/home/zhihao/hdd/marshal/benchmarks/cross-repo-pr-impact/results/single-case-pipeline-996511-995405-v1-2026-08-26/replay-work/formal-opendev-996511--target-995405/target-a1/.tox/py3/lib/python3.13/site-packages/oslo_config/cfg.py", line 3085, in set_override
    opt_info = self._get_opt_info(name, group)

      File "/home/zhihao/hdd/marshal/benchmarks/cross-repo-pr-impact/results/single-case-pipeline-996511-995405-v1-2026-08-26/replay-work/formal-opendev-996511--target-995405/target-a1/.tox/py3/lib/python3.13/site-packages/oslo_config/cfg.py", line 3580, in _get_opt_info
    raise NoSuchOptError(opt_name, group)

    oslo_config.cfg.NoSuchOptError: no such option enforce_scope in group [oslo_policy]


Captured pythonlogging:
~~~~~~~~~~~~~~~~~~~~~~~
    2026-08-26 20:58:24,316 INFO [keystonemiddleware.auth_token] Starting Keystone auth_token middleware
2026-08-26 20:58:24,318 WARNING [keystonemiddleware._common.config] The option "auth_url" is not known to keystonemiddleware
2026-08-26 20:58:24,321 WARNING [keystonemiddleware.auth_token] Configuring www_authenticate_uri to point to the public identity endpoint is required; clients may not be able to authenticate against an admin endpoint

{37} cinder.tests.unit.policies.test_attachments.AttachmentsPolicyTest.test_multiattach_bootable_volume_policy_8_other_project_member [0.267891s] ... FAILED

Captured traceback:
~~~~~~~~~~~~~~~~~~~
    Traceback (most recent call last):

      File "/home/zhihao/hdd/marshal/benchmarks/cross-repo-pr-impact/results/single-case-pipeline-996511-995405-v1-2026-08-26/replay-work/formal-opendev-996511--target-995405/target-a1/cinder/tests/unit/policies/test_attachments.py", line 54, in setUp
    super().setUp(enforce_scope, enforce_new_defaults, *args, **kwargs)
    ~~~~~~~~~~~~~^^^^^^^^^^^^^^^^^^^^^^^^^^^^^^^^^^^^^^^^^^^^^^^^^^^^^^

      File "/home/zhihao/hdd/marshal/benchmarks/cross-repo-pr-impact/results/single-case-pipeline-996511-995405-v1-2026-08-26/replay-work/formal-opendev-996511--target-995405/target-a1/cinder/tests/unit/policies/base.py", line 51, in setUp
    self.override_config('enforce_scope',
    ~~~~~~~~~~~~~~~~~~~~^^^^^^^^^^^^^^^^^
                         enforce_scope, 'oslo_policy')
                         ^^^^^^^^^^^^^^^^^^^^^^^^^^^^^

      File "/home/zhihao/hdd/marshal/benchmarks/cross-repo-pr-impact/results/single-case-pipeline-996511-995405-v1-2026-08-26/replay-work/formal-opendev-996511--target-995405/target-a1/cinder/tests/unit/test.py", line 353, in override_config
    CONF.set_override(name, override, group)
    ~~~~~~~~~~~~~~~~~^^^^^^^^^^^^^^^^^^^^^^^

      File "/home/zhihao/hdd/marshal/benchmarks/cross-repo-pr-impact/results/single-case-pipeline-996511-995405-v1-2026-08-26/replay-work/formal-opendev-996511--target-995405/target-a1/.tox/py3/lib/python3.13/site-packages/oslo_messaging/conffixture.py", line 84, in _wrapper
    return wrapped_function(*args, **kwargs)

      File "/home/zhihao/hdd/marshal/benchmarks/cross-repo-pr-impact/results/single-case-pipeline-996511-995405-v1-2026-08-26/replay-work/formal-opendev-996511--target-995405/target-a1/.tox/py3/lib/python3.13/site-packages/oslo_config/cfg.py", line 2430, in __inner
    result = f(self, *args, **kwargs)

      File "/home/zhihao/hdd/marshal/benchmarks/cross-repo-pr-impact/results/single-case-pipeline-996511-995405-v1-2026-08-26/replay-work/formal-opendev-996511--target-995405/target-a1/.tox/py3/lib/python3.13/site-packages/oslo_config/cfg.py", line 3085, in set_override
    opt_info = self._get_opt_info(name, group)

      File "/home/zhihao/hdd/marshal/benchmarks/cross-repo-pr-impact/results/single-case-pipeline-996511-995405-v1-2026-08-26/replay-work/formal-opendev-996511--target-995405/target-a1/.tox/py3/lib/python3.13/site-packages/oslo_config/cfg.py", line 3580, in _get_opt_info
    raise NoSuchOptError(opt_name, group)

    oslo_config.cfg.NoSuchOptError: no such option enforce_scope in group [oslo_policy]


Captured pythonlogging:
~~~~~~~~~~~~~~~~~~~~~~~
    2026-08-26 20:58:24,329 INFO [keystonemiddleware.auth_token] Starting Keystone auth_token middleware
2026-08-26 20:58:24,331 WARNING [keystonemiddleware._common.config] The option "auth_url" is not known to keystonemiddleware
2026-08-26 20:58:24,333 WARNING [keystonemiddleware.auth_token] Configuring www_authenticate_uri to point to the public identity endpoint is required; clients may not be able to authenticate against an admin endpoint

{35} cinder.tests.unit.policies.test_attachments.AttachmentsPolicyTest.test_delete_attachment_policy_1_legacy_admin [0.266558s] ... FAILED

Captured traceback:
~~~~~~~~~~~~~~~~~~~
    Traceback (most recent call last):

      File "/home/zhihao/hdd/marshal/benchmarks/cross-repo-pr-impact/results/single-case-pipeline-996511-995405-v1-2026-08-26/replay-work/formal-opendev-996511--target-995405/target-a1/cinder/tests/unit/policies/test_attachments.py", line 54, in setUp
    super().setUp(enforce_scope, enforce_new_defaults, *args, **kwargs)
    ~~~~~~~~~~~~~^^^^^^^^^^^^^^^^^^^^^^^^^^^^^^^^^^^^^^^^^^^^^^^^^^^^^^

      File "/home/zhihao/hdd/marshal/benchmarks/cross-repo-pr-impact/results/single-case-pipeline-996511-995405-v1-2026-08-26/replay-work/formal-opendev-996511--target-995405/target-a1/cinder/tests/unit/policies/base.py", line 51, in setUp
    self.override_config('enforce_scope',
    ~~~~~~~~~~~~~~~~~~~~^^^^^^^^^^^^^^^^^
                         enforce_scope, 'oslo_policy')
                         ^^^^^^^^^^^^^^^^^^^^^^^^^^^^^

      File "/home/zhihao/hdd/marshal/benchmarks/cross-repo-pr-impact/results/single-case-pipeline-996511-995405-v1-2026-08-26/replay-work/formal-opendev-996511--target-995405/target-a1/cinder/tests/unit/test.py", line 353, in override_config
    CONF.set_override(name, override, group)
    ~~~~~~~~~~~~~~~~~^^^^^^^^^^^^^^^^^^^^^^^

      File "/home/zhihao/hdd/marshal/benchmarks/cross-repo-pr-impact/results/single-case-pipeline-996511-995405-v1-2026-08-26/replay-work/formal-opendev-996511--target-995405/target-a1/.tox/py3/lib/python3.13/site-packages/oslo_messaging/conffixture.py", line 84, in _wrapper
    return wrapped_function(*args, **kwargs)

      File "/home/zhihao/hdd/marshal/benchmarks/cross-repo-pr-impact/results/single-case-pipeline-996511-995405-v1-2026-08-26/replay-work/formal-opendev-996511--target-995405/target-a1/.tox/py3/lib/python3.13/site-packages/oslo_config/cfg.py", line 2430, in __inner
    result = f(self, *args, **kwargs)

      File "/home/zhihao/hdd/marshal/benchmarks/cross-repo-pr-impact/results/single-case-pipeline-996511-995405-v1-2026-08-26/replay-work/formal-opendev-996511--target-995405/target-a1/.tox/py3/lib/python3.13/site-packages/oslo_config/cfg.py", line 3085, in set_override
    opt_info = self._get_opt_info(name, group)

      File "/home/zhihao/hdd/marshal/benchmarks/cross-repo-pr-impact/results/single-case-pipeline-996511-995405-v1-2026-08-26/replay-work/formal-opendev-996511--target-995405/target-a1/.tox/py3/lib/python3.13/site-packages/oslo_config/cfg.py", line 3580, in _get_opt_info
    raise NoSuchOptError(opt_name, group)

    oslo_config.cfg.NoSuchOptError: no such option enforce_scope in group [oslo_policy]


Captured pythonlogging:
~~~~~~~~~~~~~~~~~~~~~~~
    2026-08-26 20:58:24,337 INFO [keystonemiddleware.auth_token] Starting Keystone auth_token middleware
2026-08-26 20:58:24,338 WARNING [keystonemiddleware._common.config] The option "auth_url" is not known to keystonemiddleware
2026-08-26 20:58:24,341 WARNING [keystonemiddleware.auth_token] Configuring www_authenticate_uri to point to the public identity endpoint is required; clients may not be able to authenticate against an admin endpoint

{28} cinder.tests.unit.policies.test_attachments.AttachmentsPolicyTest.test_delete_attachment_policy_4_project_admin [0.268902s] ... FAILED

Captured traceback:
~~~~~~~~~~~~~~~~~~~
    Traceback (most recent call last):

      File "/home/zhihao/hdd/marshal/benchmarks/cross-repo-pr-impact/results/single-case-pipeline-996511-995405-v1-2026-08-26/replay-work/formal-opendev-996511--target-995405/target-a1/cinder/tests/unit/policies/test_attachments.py", line 54, in setUp
    super().setUp(enforce_scope, enforce_new_defaults, *args, **kwargs)
    ~~~~~~~~~~~~~^^^^^^^^^^^^^^^^^^^^^^^^^^^^^^^^^^^^^^^^^^^^^^^^^^^^^^

      File "/home/zhihao/hdd/marshal/benchmarks/cross-repo-pr-impact/results/single-case-pipeline-996511-995405-v1-2026-08-26/replay-work/formal-opendev-996511--target-995405/target-a1/cinder/tests/unit/policies/base.py", line 51, in setUp
    self.override_config('enforce_scope',
    ~~~~~~~~~~~~~~~~~~~~^^^^^^^^^^^^^^^^^
                         enforce_scope, 'oslo_policy')
                         ^^^^^^^^^^^^^^^^^^^^^^^^^^^^^

      File "/home/zhihao/hdd/marshal/benchmarks/cross-repo-pr-impact/results/single-case-pipeline-996511-995405-v1-2026-08-26/replay-work/formal-opendev-996511--target-995405/target-a1/cinder/tests/unit/test.py", line 353, in override_config
    CONF.set_override(name, override, group)
    ~~~~~~~~~~~~~~~~~^^^^^^^^^^^^^^^^^^^^^^^

      File "/home/zhihao/hdd/marshal/benchmarks/cross-repo-pr-impact/results/single-case-pipeline-996511-995405-v1-2026-08-26/replay-work/formal-opendev-996511--target-995405/target-a1/.tox/py3/lib/python3.13/site-packages/oslo_messaging/conffixture.py", line 84, in _wrapper
    return wrapped_function(*args, **kwargs)

      File "/home/zhihao/hdd/marshal/benchmarks/cross-repo-pr-impact/results/single-case-pipeline-996511-995405-v1-2026-08-26/replay-work/formal-opendev-996511--target-995405/target-a1/.tox/py3/lib/python3.13/site-packages/oslo_config/cfg.py", line 2430, in __inner
    result = f(self, *args, **kwargs)

      File "/home/zhihao/hdd/marshal/benchmarks/cross-repo-pr-impact/results/single-case-pipeline-996511-995405-v1-2026-08-26/replay-work/formal-opendev-996511--target-995405/target-a1/.tox/py3/lib/python3.13/site-packages/oslo_config/cfg.py", line 3085, in set_override
    opt_info = self._get_opt_info(name, group)

      File "/home/zhihao/hdd/marshal/benchmarks/cross-repo-pr-impact/results/single-case-pipeline-996511-995405-v1-2026-08-26/replay-work/formal-opendev-996511--target-995405/target-a1/.tox/py3/lib/python3.13/site-packages/oslo_config/cfg.py", line 3580, in _get_opt_info
    raise NoSuchOptError(opt_name, group)

    oslo_config.cfg.NoSuchOptError: no such option enforce_scope in group [oslo_policy]


Captured pythonlogging:
~~~~~~~~~~~~~~~~~~~~~~~
    2026-08-26 20:58:24,348 INFO [keystonemiddleware.auth_token] Starting Keystone auth_token middleware
2026-08-26 20:58:24,349 WARNING [keystonemiddleware._common.config] The option "auth_url" is not known to keystonemiddleware
2026-08-26 20:58:24,352 WARNING [keystonemiddleware.auth_token] Configuring www_authenticate_uri to point to the public identity endpoint is required; clients may not be able to authenticate against an admin endpoint

{20} cinder.tests.unit.policies.test_attachments.AttachmentsPolicyTest.test_create_attachment_policy_5_project_member [0.274555s] ... FAILED

Captured traceback:
~~~~~~~~~~~~~~~~~~~
    Traceback (most recent call last):

      File "/home/zhihao/hdd/marshal/benchmarks/cross-repo-pr-impact/results/single-case-pipeline-996511-995405-v1-2026-08-26/replay-work/formal-opendev-996511--target-995405/target-a1/cinder/tests/unit/policies/test_attachments.py", line 54, in setUp
    super().setUp(enforce_scope, enforce_new_defaults, *args, **kwargs)
    ~~~~~~~~~~~~~^^^^^^^^^^^^^^^^^^^^^^^^^^^^^^^^^^^^^^^^^^^^^^^^^^^^^^

      File "/home/zhihao/hdd/marshal/benchmarks/cross-repo-pr-impact/results/single-case-pipeline-996511-995405-v1-2026-08-26/replay-work/formal-opendev-996511--target-995405/target-a1/cinder/tests/unit/policies/base.py", line 51, in setUp
    self.override_config('enforce_scope',
    ~~~~~~~~~~~~~~~~~~~~^^^^^^^^^^^^^^^^^
                         enforce_scope, 'oslo_policy')
                         ^^^^^^^^^^^^^^^^^^^^^^^^^^^^^

      File "/home/zhihao/hdd/marshal/benchmarks/cross-repo-pr-impact/results/single-case-pipeline-996511-995405-v1-2026-08-26/replay-work/formal-opendev-996511--target-995405/target-a1/cinder/tests/unit/test.py", line 353, in override_config
    CONF.set_override(name, override, group)
    ~~~~~~~~~~~~~~~~~^^^^^^^^^^^^^^^^^^^^^^^

      File "/home/zhihao/hdd/marshal/benchmarks/cross-repo-pr-impact/results/single-case-pipeline-996511-995405-v1-2026-08-26/replay-work/formal-opendev-996511--target-995405/target-a1/.tox/py3/lib/python3.13/site-packages/oslo_messaging/conffixture.py", line 84, in _wrapper
    return wrapped_function(*args, **kwargs)

      File "/home/zhihao/hdd/marshal/benchmarks/cross-repo-pr-impact/results/single-case-pipeline-996511-995405-v1-2026-08-26/replay-work/formal-opendev-996511--target-995405/target-a1/.tox/py3/lib/python3.13/site-packages/oslo_config/cfg.py", line 2430, in __inner
    result = f(self, *args, **kwargs)

      File "/home/zhihao/hdd/marshal/benchmarks/cross-repo-pr-impact/results/single-case-pipeline-996511-995405-v1-2026-08-26/replay-work/formal-opendev-996511--target-995405/target-a1/.tox/py3/lib/python3.13/site-packages/oslo_config/cfg.py", line 3085, in set_override
    opt_info = self._get_opt_info(name, group)

      File "/home/zhihao/hdd/marshal/benchmarks/cross-repo-pr-impact/results/single-case-pipeline-996511-995405-v1-2026-08-26/replay-work/formal-opendev-996511--target-995405/target-a1/.tox/py3/lib/python3.13/site-packages/oslo_config/cfg.py", line 3580, in _get_opt_info
    raise NoSuchOptError(opt_name, group)

    oslo_config.cfg.NoSuchOptError: no such option enforce_scope in group [oslo_policy]


Captured pythonlogging:
~~~~~~~~~~~~~~~~~~~~~~~
    2026-08-26 20:58:24,366 INFO [keystonemiddleware.auth_token] Starting Keystone auth_token middleware
2026-08-26 20:58:24,367 WARNING [keystonemiddleware._common.config] The option "auth_url" is not known to keystonemiddleware
2026-08-26 20:58:24,370 WARNING [keystonemiddleware.auth_token] Configuring www_authenticate_uri to point to the public identity endpoint is required; clients may not be able to authenticate against an admin endpoint

{21} cinder.tests.unit.policies.test_attachments.AttachmentsPolicySecureRbacTest.test_update_attachment_policy_3_system_admin [0.276579s] ... FAILED

Captured traceback:
~~~~~~~~~~~~~~~~~~~
    Traceback (most recent call last):

      File "/home/zhihao/hdd/marshal/benchmarks/cross-repo-pr-impact/results/single-case-pipeline-996511-995405-v1-2026-08-26/replay-work/formal-opendev-996511--target-995405/target-a1/cinder/tests/unit/policies/test_attachments.py", line 252, in setUp
    super().setUp(enforce_scope=False, enforce_new_defaults=True,
    ~~~~~~~~~~~~~^^^^^^^^^^^^^^^^^^^^^^^^^^^^^^^^^^^^^^^^^^^^^^^^
                  *args, **kwargs)
                  ^^^^^^^^^^^^^^^^

      File "/home/zhihao/hdd/marshal/benchmarks/cross-repo-pr-impact/results/single-case-pipeline-996511-995405-v1-2026-08-26/replay-work/formal-opendev-996511--target-995405/target-a1/cinder/tests/unit/policies/test_attachments.py", line 54, in setUp
    super().setUp(enforce_scope, enforce_new_defaults, *args, **kwargs)
    ~~~~~~~~~~~~~^^^^^^^^^^^^^^^^^^^^^^^^^^^^^^^^^^^^^^^^^^^^^^^^^^^^^^

      File "/home/zhihao/hdd/marshal/benchmarks/cross-repo-pr-impact/results/single-case-pipeline-996511-995405-v1-2026-08-26/replay-work/formal-opendev-996511--target-995405/target-a1/cinder/tests/unit/policies/base.py", line 51, in setUp
    self.override_config('enforce_scope',
    ~~~~~~~~~~~~~~~~~~~~^^^^^^^^^^^^^^^^^
                         enforce_scope, 'oslo_policy')
                         ^^^^^^^^^^^^^^^^^^^^^^^^^^^^^

      File "/home/zhihao/hdd/marshal/benchmarks/cross-repo-pr-impact/results/single-case-pipeline-996511-995405-v1-2026-08-26/replay-work/formal-opendev-996511--target-995405/target-a1/cinder/tests/unit/test.py", line 353, in override_config
    CONF.set_override(name, override, group)
    ~~~~~~~~~~~~~~~~~^^^^^^^^^^^^^^^^^^^^^^^

      File "/home/zhihao/hdd/marshal/benchmarks/cross-repo-pr-impact/results/single-case-pipeline-996511-995405-v1-2026-08-26/replay-work/formal-opendev-996511--target-995405/target-a1/.tox/py3/lib/python3.13/site-packages/oslo_messaging/conffixture.py", line 84, in _wrapper
    return wrapped_function(*args, **kwargs)

      File "/home/zhihao/hdd/marshal/benchmarks/cross-repo-pr-impact/results/single-case-pipeline-996511-995405-v1-2026-08-26/replay-work/formal-opendev-996511--target-995405/target-a1/.tox/py3/lib/python3.13/site-packages/oslo_config/cfg.py", line 2430, in __inner
    result = f(self, *args, **kwargs)

      File "/home/zhihao/hdd/marshal/benchmarks/cross-repo-pr-impact/results/single-case-pipeline-996511-995405-v1-2026-08-26/replay-work/formal-opendev-996511--target-995405/target-a1/.tox/py3/lib/python3.13/site-packages/oslo_config/cfg.py", line 3085, in set_override
    opt_info = self._get_opt_info(name, group)

      File "/home/zhihao/hdd/marshal/benchmarks/cross-repo-pr-impact/results/single-case-pipeline-996511-995405-v1-2026-08-26/replay-work/formal-opendev-996511--target-995405/target-a1/.tox/py3/lib/python3.13/site-packages/oslo_config/cfg.py", line 3580, in _get_opt_info
    raise NoSuchOptError(opt_name, group)

    oslo_config.cfg.NoSuchOptError: no such option enforce_scope in group [oslo_policy]


Captured pythonlogging:
~~~~~~~~~~~~~~~~~~~~~~~
    2026-08-26 20:58:24,392 INFO [keystonemiddleware.auth_token] Starting Keystone auth_token middleware
2026-08-26 20:58:24,393 WARNING [keystonemiddleware._common.config] The option "auth_url" is not known to keystonemiddleware
2026-08-26 20:58:24,396 WARNING [keystonemiddleware.auth_token] Configuring www_authenticate_uri to point to the public identity endpoint is required; clients may not be able to authenticate against an admin endpoint

{26} cinder.tests.unit.policies.test_attachments.AttachmentsPolicySecureRbacTest.test_create_attachment_policy_9_other_project_reader [0.270149s] ... FAILED

Captured traceback:
~~~~~~~~~~~~~~~~~~~
    Traceback (most recent call last):

      File "/home/zhihao/hdd/marshal/benchmarks/cross-repo-pr-impact/results/single-case-pipeline-996511-995405-v1-2026-08-26/replay-work/formal-opendev-996511--target-995405/target-a1/cinder/tests/unit/policies/test_attachments.py", line 252, in setUp
    super().setUp(enforce_scope=False, enforce_new_defaults=True,
    ~~~~~~~~~~~~~^^^^^^^^^^^^^^^^^^^^^^^^^^^^^^^^^^^^^^^^^^^^^^^^
                  *args, **kwargs)
                  ^^^^^^^^^^^^^^^^

      File "/home/zhihao/hdd/marshal/benchmarks/cross-repo-pr-impact/results/single-case-pipeline-996511-995405-v1-2026-08-26/replay-work/formal-opendev-996511--target-995405/target-a1/cinder/tests/unit/policies/test_attachments.py", line 54, in setUp
    super().setUp(enforce_scope, enforce_new_defaults, *args, **kwargs)
    ~~~~~~~~~~~~~^^^^^^^^^^^^^^^^^^^^^^^^^^^^^^^^^^^^^^^^^^^^^^^^^^^^^^

      File "/home/zhihao/hdd/marshal/benchmarks/cross-repo-pr-impact/results/single-case-pipeline-996511-995405-v1-2026-08-26/replay-work/formal-opendev-996511--target-995405/target-a1/cinder/tests/unit/policies/base.py", line 51, in setUp
    self.override_config('enforce_scope',
    ~~~~~~~~~~~~~~~~~~~~^^^^^^^^^^^^^^^^^
                         enforce_scope, 'oslo_policy')
                         ^^^^^^^^^^^^^^^^^^^^^^^^^^^^^

      File "/home/zhihao/hdd/marshal/benchmarks/cross-repo-pr-impact/results/single-case-pipeline-996511-995405-v1-2026-08-26/replay-work/formal-opendev-996511--target-995405/target-a1/cinder/tests/unit/test.py", line 353, in override_config
    CONF.set_override(name, override, group)
    ~~~~~~~~~~~~~~~~~^^^^^^^^^^^^^^^^^^^^^^^

      File "/home/zhihao/hdd/marshal/benchmarks/cross-repo-pr-impact/results/single-case-pipeline-996511-995405-v1-2026-08-26/replay-work/formal-opendev-996511--target-995405/target-a1/.tox/py3/lib/python3.13/site-packages/oslo_messaging/conffixture.py", line 84, in _wrapper
    return wrapped_function(*args, **kwargs)

      File "/home/zhihao/hdd/marshal/benchmarks/cross-repo-pr-impact/results/single-case-pipeline-996511-995405-v1-2026-08-26/replay-work/formal-opendev-996511--target-995405/target-a1/.tox/py3/lib/python3.13/site-packages/oslo_config/cfg.py", line 2430, in __inner
    result = f(self, *args, **kwargs)

      File "/home/zhihao/hdd/marshal/benchmarks/cross-repo-pr-impact/results/single-case-pipeline-996511-995405-v1-2026-08-26/replay-work/formal-opendev-996511--target-995405/target-a1/.tox/py3/lib/python3.13/site-packages/oslo_config/cfg.py", line 3085, in set_override
    opt_info = self._get_opt_info(name, group)

      File "/home/zhihao/hdd/marshal/benchmarks/cross-repo-pr-impact/results/single-case-pipeline-996511-995405-v1-2026-08-26/replay-work/formal-opendev-996511--target-995405/target-a1/.tox/py3/lib/python3.13/site-packages/oslo_config/cfg.py", line 3580, in _get_opt_info
    raise NoSuchOptError(opt_name, group)

    oslo_config.cfg.NoSuchOptError: no such option enforce_scope in group [oslo_policy]


Captured pythonlogging:
~~~~~~~~~~~~~~~~~~~~~~~
    2026-08-26 20:58:24,405 INFO [keystonemiddleware.auth_token] Starting Keystone auth_token middleware
2026-08-26 20:58:24,406 WARNING [keystonemiddleware._common.config] The option "auth_url" is not known to keystonemiddleware
2026-08-26 20:58:24,409 WARNING [keystonemiddleware.auth_token] Configuring www_authenticate_uri to point to the public identity endpoint is required; clients may not be able to authenticate against an admin endpoint

{29} cinder.tests.unit.policies.test_attachments.AttachmentsPolicySecureRbacTest.test_delete_attachment_policy_6_project_reader [0.275671s] ... FAILED

Captured traceback:
~~~~~~~~~~~~~~~~~~~
    Traceback (most recent call last):

      File "/home/zhihao/hdd/marshal/benchmarks/cross-repo-pr-impact/results/single-case-pipeline-996511-995405-v1-2026-08-26/replay-work/formal-opendev-996511--target-995405/target-a1/cinder/tests/unit/policies/test_attachments.py", line 252, in setUp
    super().setUp(enforce_scope=False, enforce_new_defaults=True,
    ~~~~~~~~~~~~~^^^^^^^^^^^^^^^^^^^^^^^^^^^^^^^^^^^^^^^^^^^^^^^^
                  *args, **kwargs)
                  ^^^^^^^^^^^^^^^^

      File "/home/zhihao/hdd/marshal/benchmarks/cross-repo-pr-impact/results/single-case-pipeline-996511-995405-v1-2026-08-26/replay-work/formal-opendev-996511--target-995405/target-a1/cinder/tests/unit/policies/test_attachments.py", line 54, in setUp
    super().setUp(enforce_scope, enforce_new_defaults, *args, **kwargs)
    ~~~~~~~~~~~~~^^^^^^^^^^^^^^^^^^^^^^^^^^^^^^^^^^^^^^^^^^^^^^^^^^^^^^

      File "/home/zhihao/hdd/marshal/benchmarks/cross-repo-pr-impact/results/single-case-pipeline-996511-995405-v1-2026-08-26/replay-work/formal-opendev-996511--target-995405/target-a1/cinder/tests/unit/policies/base.py", line 51, in setUp
    self.override_config('enforce_scope',
    ~~~~~~~~~~~~~~~~~~~~^^^^^^^^^^^^^^^^^
                         enforce_scope, 'oslo_policy')
                         ^^^^^^^^^^^^^^^^^^^^^^^^^^^^^

      File "/home/zhihao/hdd/marshal/benchmarks/cross-repo-pr-impact/results/single-case-pipeline-996511-995405-v1-2026-08-26/replay-work/formal-opendev-996511--target-995405/target-a1/cinder/tests/unit/test.py", line 353, in override_config
    CONF.set_override(name, override, group)
    ~~~~~~~~~~~~~~~~~^^^^^^^^^^^^^^^^^^^^^^^

      File "/home/zhihao/hdd/marshal/benchmarks/cross-repo-pr-impact/results/single-case-pipeline-996511-995405-v1-2026-08-26/replay-work/formal-opendev-996511--target-995405/target-a1/.tox/py3/lib/python3.13/site-packages/oslo_messaging/conffixture.py", line 84, in _wrapper
    return wrapped_function(*args, **kwargs)

      File "/home/zhihao/hdd/marshal/benchmarks/cross-repo-pr-impact/results/single-case-pipeline-996511-995405-v1-2026-08-26/replay-work/formal-opendev-996511--target-995405/target-a1/.tox/py3/lib/python3.13/site-packages/oslo_config/cfg.py", line 2430, in __inner
    result = f(self, *args, **kwargs)

      File "/home/zhihao/hdd/marshal/benchmarks/cross-repo-pr-impact/results/single-case-pipeline-996511-995405-v1-2026-08-26/replay-work/formal-opendev-996511--target-995405/target-a1/.tox/py3/lib/python3.13/site-packages/oslo_config/cfg.py", line 3085, in set_override
    opt_info = self._get_opt_info(name, group)

      File "/home/zhihao/hdd/marshal/benchmarks/cross-repo-pr-impact/results/single-case-pipeline-996511-995405-v1-2026-08-26/replay-work/formal-opendev-996511--target-995405/target-a1/.tox/py3/lib/python3.13/site-packages/oslo_config/cfg.py", line 3580, in _get_opt_info
    raise NoSuchOptError(opt_name, group)

    oslo_config.cfg.NoSuchOptError: no such option enforce_scope in group [oslo_policy]


Captured pythonlogging:
~~~~~~~~~~~~~~~~~~~~~~~
    2026-08-26 20:58:24,407 INFO [keystonemiddleware.auth_token] Starting Keystone auth_token middleware
2026-08-26 20:58:24,408 WARNING [keystonemiddleware._common.config] The option "auth_url" is not known to keystonemiddleware
2026-08-26 20:58:24,411 WARNING [keystonemiddleware.auth_token] Configuring www_authenticate_uri to point to the public identity endpoint is required; clients may not be able to authenticate against an admin endpoint

{36} cinder.tests.unit.policies.test_attachments.AttachmentsPolicySecureRbacTest.test_update_attachment_policy_1_legacy_admin [0.271530s] ... FAILED

Captured traceback:
~~~~~~~~~~~~~~~~~~~
    Traceback (most recent call last):

      File "/home/zhihao/hdd/marshal/benchmarks/cross-repo-pr-impact/results/single-case-pipeline-996511-995405-v1-2026-08-26/replay-work/formal-opendev-996511--target-995405/target-a1/cinder/tests/unit/policies/test_attachments.py", line 252, in setUp
    super().setUp(enforce_scope=False, enforce_new_defaults=True,
    ~~~~~~~~~~~~~^^^^^^^^^^^^^^^^^^^^^^^^^^^^^^^^^^^^^^^^^^^^^^^^
                  *args, **kwargs)
                  ^^^^^^^^^^^^^^^^

      File "/home/zhihao/hdd/marshal/benchmarks/cross-repo-pr-impact/results/single-case-pipeline-996511-995405-v1-2026-08-26/replay-work/formal-opendev-996511--target-995405/target-a1/cinder/tests/unit/policies/test_attachments.py", line 54, in setUp
    super().setUp(enforce_scope, enforce_new_defaults, *args, **kwargs)
    ~~~~~~~~~~~~~^^^^^^^^^^^^^^^^^^^^^^^^^^^^^^^^^^^^^^^^^^^^^^^^^^^^^^

      File "/home/zhihao/hdd/marshal/benchmarks/cross-repo-pr-impact/results/single-case-pipeline-996511-995405-v1-2026-08-26/replay-work/formal-opendev-996511--target-995405/target-a1/cinder/tests/unit/policies/base.py", line 51, in setUp
    self.override_config('enforce_scope',
    ~~~~~~~~~~~~~~~~~~~~^^^^^^^^^^^^^^^^^
                         enforce_scope, 'oslo_policy')
                         ^^^^^^^^^^^^^^^^^^^^^^^^^^^^^

      File "/home/zhihao/hdd/marshal/benchmarks/cross-repo-pr-impact/results/single-case-pipeline-996511-995405-v1-2026-08-26/replay-work/formal-opendev-996511--target-995405/target-a1/cinder/tests/unit/test.py", line 353, in override_config
    CONF.set_override(name, override, group)
    ~~~~~~~~~~~~~~~~~^^^^^^^^^^^^^^^^^^^^^^^

      File "/home/zhihao/hdd/marshal/benchmarks/cross-repo-pr-impact/results/single-case-pipeline-996511-995405-v1-2026-08-26/replay-work/formal-opendev-996511--target-995405/target-a1/.tox/py3/lib/python3.13/site-packages/oslo_messaging/conffixture.py", line 84, in _wrapper
    return wrapped_function(*args, **kwargs)

      File "/home/zhihao/hdd/marshal/benchmarks/cross-repo-pr-impact/results/single-case-pipeline-996511-995405-v1-2026-08-26/replay-work/formal-opendev-996511--target-995405/target-a1/.tox/py3/lib/python3.13/site-packages/oslo_config/cfg.py", line 2430, in __inner
    result = f(self, *args, **kwargs)

      File "/home/zhihao/hdd/marshal/benchmarks/cross-repo-pr-impact/results/single-case-pipeline-996511-995405-v1-2026-08-26/replay-work/formal-opendev-996511--target-995405/target-a1/.tox/py3/lib/python3.13/site-packages/oslo_config/cfg.py", line 3085, in set_override
    opt_info = self._get_opt_info(name, group)

      File "/home/zhihao/hdd/marshal/benchmarks/cross-repo-pr-impact/results/single-case-pipeline-996511-995405-v1-2026-08-26/replay-work/formal-opendev-996511--target-995405/target-a1/.tox/py3/lib/python3.13/site-packages/oslo_config/cfg.py", line 3580, in _get_opt_info
    raise NoSuchOptError(opt_name, group)

    oslo_config.cfg.NoSuchOptError: no such option enforce_scope in group [oslo_policy]


Captured pythonlogging:
~~~~~~~~~~~~~~~~~~~~~~~
    2026-08-26 20:58:24,416 INFO [keystonemiddleware.auth_token] Starting Keystone auth_token middleware
2026-08-26 20:58:24,418 WARNING [keystonemiddleware._common.config] The option "auth_url" is not known to keystonemiddleware
2026-08-26 20:58:24,420 WARNING [keystonemiddleware.auth_token] Configuring www_authenticate_uri to point to the public identity endpoint is required; clients may not be able to authenticate against an admin endpoint

{25} cinder.tests.unit.policies.test_attachments.AttachmentsPolicySecureRbacTest.test_create_attachment_policy_5_project_member [0.272985s] ... FAILED

Captured traceback:
~~~~~~~~~~~~~~~~~~~
    Traceback (most recent call last):

      File "/home/zhihao/hdd/marshal/benchmarks/cross-repo-pr-impact/results/single-case-pipeline-996511-995405-v1-2026-08-26/replay-work/formal-opendev-996511--target-995405/target-a1/cinder/tests/unit/policies/test_attachments.py", line 252, in setUp
    super().setUp(enforce_scope=False, enforce_new_defaults=True,
    ~~~~~~~~~~~~~^^^^^^^^^^^^^^^^^^^^^^^^^^^^^^^^^^^^^^^^^^^^^^^^
                  *args, **kwargs)
                  ^^^^^^^^^^^^^^^^

      File "/home/zhihao/hdd/marshal/benchmarks/cross-repo-pr-impact/results/single-case-pipeline-996511-995405-v1-2026-08-26/replay-work/formal-opendev-996511--target-995405/target-a1/cinder/tests/unit/policies/test_attachments.py", line 54, in setUp
    super().setUp(enforce_scope, enforce_new_defaults, *args, **kwargs)
    ~~~~~~~~~~~~~^^^^^^^^^^^^^^^^^^^^^^^^^^^^^^^^^^^^^^^^^^^^^^^^^^^^^^

      File "/home/zhihao/hdd/marshal/benchmarks/cross-repo-pr-impact/results/single-case-pipeline-996511-995405-v1-2026-08-26/replay-work/formal-opendev-996511--target-995405/target-a1/cinder/tests/unit/policies/base.py", line 51, in setUp
    self.override_config('enforce_scope',
    ~~~~~~~~~~~~~~~~~~~~^^^^^^^^^^^^^^^^^
                         enforce_scope, 'oslo_policy')
                         ^^^^^^^^^^^^^^^^^^^^^^^^^^^^^

      File "/home/zhihao/hdd/marshal/benchmarks/cross-repo-pr-impact/results/single-case-pipeline-996511-995405-v1-2026-08-26/replay-work/formal-opendev-996511--target-995405/target-a1/cinder/tests/unit/test.py", line 353, in override_config
    CONF.set_override(name, override, group)
    ~~~~~~~~~~~~~~~~~^^^^^^^^^^^^^^^^^^^^^^^

      File "/home/zhihao/hdd/marshal/benchmarks/cross-repo-pr-impact/results/single-case-pipeline-996511-995405-v1-2026-08-26/replay-work/formal-opendev-996511--target-995405/target-a1/.tox/py3/lib/python3.13/site-packages/oslo_messaging/conffixture.py", line 84, in _wrapper
    return wrapped_function(*args, **kwargs)

      File "/home/zhihao/hdd/marshal/benchmarks/cross-repo-pr-impact/results/single-case-pipeline-996511-995405-v1-2026-08-26/replay-work/formal-opendev-996511--target-995405/target-a1/.tox/py3/lib/python3.13/site-packages/oslo_config/cfg.py", line 2430, in __inner
    result = f(self, *args, **kwargs)

      File "/home/zhihao/hdd/marshal/benchmarks/cross-repo-pr-impact/results/single-case-pipeline-996511-995405-v1-2026-08-26/replay-work/formal-opendev-996511--target-995405/target-a1/.tox/py3/lib/python3.13/site-packages/oslo_config/cfg.py", line 3085, in set_override
    opt_info = self._get_opt_info(name, group)

      File "/home/zhihao/hdd/marshal/benchmarks/cross-repo-pr-impact/results/single-case-pipeline-996511-995405-v1-2026-08-26/replay-work/formal-opendev-996511--target-995405/target-a1/.tox/py3/lib/python3.13/site-packages/oslo_config/cfg.py", line 3580, in _get_opt_info
    raise NoSuchOptError(opt_name, group)

    oslo_config.cfg.NoSuchOptError: no such option enforce_scope in group [oslo_policy]


Captured pythonlogging:
~~~~~~~~~~~~~~~~~~~~~~~
    2026-08-26 20:58:24,433 INFO [keystonemiddleware.auth_token] Starting Keystone auth_token middleware
2026-08-26 20:58:24,434 WARNING [keystonemiddleware._common.config] The option "auth_url" is not known to keystonemiddleware
2026-08-26 20:58:24,437 WARNING [keystonemiddleware.auth_token] Configuring www_authenticate_uri to point to the public identity endpoint is required; clients may not be able to authenticate against an admin endpoint

{33} cinder.tests.unit.policies.test_attachments.AttachmentsPolicyTest.test_update_attachment_policy_7_project_foo [0.357033s] ... FAILED

Captured traceback:
~~~~~~~~~~~~~~~~~~~
    Traceback (most recent call last):

      File "/home/zhihao/hdd/marshal/benchmarks/cross-repo-pr-impact/results/single-case-pipeline-996511-995405-v1-2026-08-26/replay-work/formal-opendev-996511--target-995405/target-a1/cinder/tests/unit/policies/test_attachments.py", line 54, in setUp
    super().setUp(enforce_scope, enforce_new_defaults, *args, **kwargs)
    ~~~~~~~~~~~~~^^^^^^^^^^^^^^^^^^^^^^^^^^^^^^^^^^^^^^^^^^^^^^^^^^^^^^

      File "/home/zhihao/hdd/marshal/benchmarks/cross-repo-pr-impact/results/single-case-pipeline-996511-995405-v1-2026-08-26/replay-work/formal-opendev-996511--target-995405/target-a1/cinder/tests/unit/policies/base.py", line 51, in setUp
    self.override_config('enforce_scope',
    ~~~~~~~~~~~~~~~~~~~~^^^^^^^^^^^^^^^^^
                         enforce_scope, 'oslo_policy')
                         ^^^^^^^^^^^^^^^^^^^^^^^^^^^^^

      File "/home/zhihao/hdd/marshal/benchmarks/cross-repo-pr-impact/results/single-case-pipeline-996511-995405-v1-2026-08-26/replay-work/formal-opendev-996511--target-995405/target-a1/cinder/tests/unit/test.py", line 353, in override_config
    CONF.set_override(name, override, group)
    ~~~~~~~~~~~~~~~~~^^^^^^^^^^^^^^^^^^^^^^^

      File "/home/zhihao/hdd/marshal/benchmarks/cross-repo-pr-impact/results/single-case-pipeline-996511-995405-v1-2026-08-26/replay-work/formal-opendev-996511--target-995405/target-a1/.tox/py3/lib/python3.13/site-packages/oslo_messaging/conffixture.py", line 84, in _wrapper
    return wrapped_function(*args, **kwargs)

      File "/home/zhihao/hdd/marshal/benchmarks/cross-repo-pr-impact/results/single-case-pipeline-996511-995405-v1-2026-08-26/replay-work/formal-opendev-996511--target-995405/target-a1/.tox/py3/lib/python3.13/site-packages/oslo_config/cfg.py", line 2430, in __inner
    result = f(self, *args, **kwargs)

      File "/home/zhihao/hdd/marshal/benchmarks/cross-repo-pr-impact/results/single-case-pipeline-996511-995405-v1-2026-08-26/replay-work/formal-opendev-996511--target-995405/target-a1/.tox/py3/lib/python3.13/site-packages/oslo_config/cfg.py", line 3085, in set_override
    opt_info = self._get_opt_info(name, group)

      File "/home/zhihao/hdd/marshal/benchmarks/cross-repo-pr-impact/results/single-case-pipeline-996511-995405-v1-2026-08-26/replay-work/formal-opendev-996511--target-995405/target-a1/.tox/py3/lib/python3.13/site-packages/oslo_config/cfg.py", line 3580, in _get_opt_info
    raise NoSuchOptError(opt_name, group)

    oslo_config.cfg.NoSuchOptError: no such option enforce_scope in group [oslo_policy]


Captured pythonlogging:
~~~~~~~~~~~~~~~~~~~~~~~
    2026-08-26 20:58:24,355 INFO [keystonemiddleware.auth_token] Starting Keystone auth_token middleware
2026-08-26 20:58:24,357 WARNING [keystonemiddleware._common.config] The option "auth_url" is not known to keystonemiddleware
2026-08-26 20:58:24,359 WARNING [keystonemiddleware.auth_token] Configuring www_authenticate_uri to point to the public identity endpoint is required; clients may not be able to authenticate against an admin endpoint

{52} cinder.tests.unit.policies.test_attachments.AttachmentsPolicyTest.test_create_attachment_policy_2_legacy_owner [0.273534s] ... FAILED

Captured traceback:
~~~~~~~~~~~~~~~~~~~
    Traceback (most recent call last):

      File "/home/zhihao/hdd/marshal/benchmarks/cross-repo-pr-impact/results/single-case-pipeline-996511-995405-v1-2026-08-26/replay-work/formal-opendev-996511--target-995405/target-a1/cinder/tests/unit/policies/test_attachments.py", line 54, in setUp
    super().setUp(enforce_scope, enforce_new_defaults, *args, **kwargs)
    ~~~~~~~~~~~~~^^^^^^^^^^^^^^^^^^^^^^^^^^^^^^^^^^^^^^^^^^^^^^^^^^^^^^

      File "/home/zhihao/hdd/marshal/benchmarks/cross-repo-pr-impact/results/single-case-pipeline-996511-995405-v1-2026-08-26/replay-work/formal-opendev-996511--target-995405/target-a1/cinder/tests/unit/policies/base.py", line 51, in setUp
    self.override_config('enforce_scope',
    ~~~~~~~~~~~~~~~~~~~~^^^^^^^^^^^^^^^^^
                         enforce_scope, 'oslo_policy')
                         ^^^^^^^^^^^^^^^^^^^^^^^^^^^^^

      File "/home/zhihao/hdd/marshal/benchmarks/cross-repo-pr-impact/results/single-case-pipeline-996511-995405-v1-2026-08-26/replay-work/formal-opendev-996511--target-995405/target-a1/cinder/tests/unit/test.py", line 353, in override_config
    CONF.set_override(name, override, group)
    ~~~~~~~~~~~~~~~~~^^^^^^^^^^^^^^^^^^^^^^^

      File "/home/zhihao/hdd/marshal/benchmarks/cross-repo-pr-impact/results/single-case-pipeline-996511-995405-v1-2026-08-26/replay-work/formal-opendev-996511--target-995405/target-a1/.tox/py3/lib/python3.13/site-packages/oslo_messaging/conffixture.py", line 84, in _wrapper
    return wrapped_function(*args, **kwargs)

      File "/home/zhihao/hdd/marshal/benchmarks/cross-repo-pr-impact/results/single-case-pipeline-996511-995405-v1-2026-08-26/replay-work/formal-opendev-996511--target-995405/target-a1/.tox/py3/lib/python3.13/site-packages/oslo_config/cfg.py", line 2430, in __inner
    result = f(self, *args, **kwargs)

      File "/home/zhihao/hdd/marshal/benchmarks/cross-repo-pr-impact/results/single-case-pipeline-996511-995405-v1-2026-08-26/replay-work/formal-opendev-996511--target-995405/target-a1/.tox/py3/lib/python3.13/site-packages/oslo_config/cfg.py", line 3085, in set_override
    opt_info = self._get_opt_info(name, group)

      File "/home/zhihao/hdd/marshal/benchmarks/cross-repo-pr-impact/results/single-case-pipeline-996511-995405-v1-2026-08-26/replay-work/formal-opendev-996511--target-995405/target-a1/.tox/py3/lib/python3.13/site-packages/oslo_config/cfg.py", line 3580, in _get_opt_info
    raise NoSuchOptError(opt_name, group)

    oslo_config.cfg.NoSuchOptError: no such option enforce_scope in group [oslo_policy]


Captured pythonlogging:
~~~~~~~~~~~~~~~~~~~~~~~
    2026-08-26 20:58:24,448 INFO [keystonemiddleware.auth_token] Starting Keystone auth_token middleware
2026-08-26 20:58:24,450 WARNING [keystonemiddleware._common.config] The option "auth_url" is not known to keystonemiddleware
2026-08-26 20:58:24,452 WARNING [keystonemiddleware.auth_token] Configuring www_authenticate_uri to point to the public identity endpoint is required; clients may not be able to authenticate against an admin endpoint

{58} cinder.tests.unit.policies.test_attachments.AttachmentsPolicySecureRbacTest.test_multiattach_bootable_volume_policy_1_legacy_admin [0.273416s] ... FAILED

Captured traceback:
~~~~~~~~~~~~~~~~~~~
    Traceback (most recent call last):

      File "/home/zhihao/hdd/marshal/benchmarks/cross-repo-pr-impact/results/single-case-pipeline-996511-995405-v1-2026-08-26/replay-work/formal-opendev-996511--target-995405/target-a1/cinder/tests/unit/policies/test_attachments.py", line 252, in setUp
    super().setUp(enforce_scope=False, enforce_new_defaults=True,
    ~~~~~~~~~~~~~^^^^^^^^^^^^^^^^^^^^^^^^^^^^^^^^^^^^^^^^^^^^^^^^
                  *args, **kwargs)
                  ^^^^^^^^^^^^^^^^

      File "/home/zhihao/hdd/marshal/benchmarks/cross-repo-pr-impact/results/single-case-pipeline-996511-995405-v1-2026-08-26/replay-work/formal-opendev-996511--target-995405/target-a1/cinder/tests/unit/policies/test_attachments.py", line 54, in setUp
    super().setUp(enforce_scope, enforce_new_defaults, *args, **kwargs)
    ~~~~~~~~~~~~~^^^^^^^^^^^^^^^^^^^^^^^^^^^^^^^^^^^^^^^^^^^^^^^^^^^^^^

      File "/home/zhihao/hdd/marshal/benchmarks/cross-repo-pr-impact/results/single-case-pipeline-996511-995405-v1-2026-08-26/replay-work/formal-opendev-996511--target-995405/target-a1/cinder/tests/unit/policies/base.py", line 51, in setUp
    self.override_config('enforce_scope',
    ~~~~~~~~~~~~~~~~~~~~^^^^^^^^^^^^^^^^^
                         enforce_scope, 'oslo_policy')
                         ^^^^^^^^^^^^^^^^^^^^^^^^^^^^^

      File "/home/zhihao/hdd/marshal/benchmarks/cross-repo-pr-impact/results/single-case-pipeline-996511-995405-v1-2026-08-26/replay-work/formal-opendev-996511--target-995405/target-a1/cinder/tests/unit/test.py", line 353, in override_config
    CONF.set_override(name, override, group)
    ~~~~~~~~~~~~~~~~~^^^^^^^^^^^^^^^^^^^^^^^

      File "/home/zhihao/hdd/marshal/benchmarks/cross-repo-pr-impact/results/single-case-pipeline-996511-995405-v1-2026-08-26/replay-work/formal-opendev-996511--target-995405/target-a1/.tox/py3/lib/python3.13/site-packages/oslo_messaging/conffixture.py", line 84, in _wrapper
    return wrapped_function(*args, **kwargs)

      File "/home/zhihao/hdd/marshal/benchmarks/cross-repo-pr-impact/results/single-case-pipeline-996511-995405-v1-2026-08-26/replay-work/formal-opendev-996511--target-995405/target-a1/.tox/py3/lib/python3.13/site-packages/oslo_config/cfg.py", line 2430, in __inner
    result = f(self, *args, **kwargs)

      File "/home/zhihao/hdd/marshal/benchmarks/cross-repo-pr-impact/results/single-case-pipeline-996511-995405-v1-2026-08-26/replay-work/formal-opendev-996511--target-995405/target-a1/.tox/py3/lib/python3.13/site-packages/oslo_config/cfg.py", line 3085, in set_override
    opt_info = self._get_opt_info(name, group)

      File "/home/zhihao/hdd/marshal/benchmarks/cross-repo-pr-impact/results/single-case-pipeline-996511-995405-v1-2026-08-26/replay-work/formal-opendev-996511--target-995405/target-a1/.tox/py3/lib/python3.13/site-packages/oslo_config/cfg.py", line 3580, in _get_opt_info
    raise NoSuchOptError(opt_name, group)

    oslo_config.cfg.NoSuchOptError: no such option enforce_scope in group [oslo_policy]


Captured pythonlogging:
~~~~~~~~~~~~~~~~~~~~~~~
    2026-08-26 20:58:24,489 INFO [keystonemiddleware.auth_token] Starting Keystone auth_token middleware
2026-08-26 20:58:24,490 WARNING [keystonemiddleware._common.config] The option "auth_url" is not known to keystonemiddleware
2026-08-26 20:58:24,493 WARNING [keystonemiddleware.auth_token] Configuring www_authenticate_uri to point to the public identity endpoint is required; clients may not be able to authenticate against an admin endpoint

{13} cinder.tests.unit.policies.test_attachments.AttachmentsPolicySecureRbacTest.test_create_attachment_policy_8_other_project_member [0.276374s] ... FAILED

Captured traceback:
~~~~~~~~~~~~~~~~~~~
    Traceback (most recent call last):

      File "/home/zhihao/hdd/marshal/benchmarks/cross-repo-pr-impact/results/single-case-pipeline-996511-995405-v1-2026-08-26/replay-work/formal-opendev-996511--target-995405/target-a1/cinder/tests/unit/policies/test_attachments.py", line 252, in setUp
    super().setUp(enforce_scope=False, enforce_new_defaults=True,
    ~~~~~~~~~~~~~^^^^^^^^^^^^^^^^^^^^^^^^^^^^^^^^^^^^^^^^^^^^^^^^
                  *args, **kwargs)
                  ^^^^^^^^^^^^^^^^

      File "/home/zhihao/hdd/marshal/benchmarks/cross-repo-pr-impact/results/single-case-pipeline-996511-995405-v1-2026-08-26/replay-work/formal-opendev-996511--target-995405/target-a1/cinder/tests/unit/policies/test_attachments.py", line 54, in setUp
    super().setUp(enforce_scope, enforce_new_defaults, *args, **kwargs)
    ~~~~~~~~~~~~~^^^^^^^^^^^^^^^^^^^^^^^^^^^^^^^^^^^^^^^^^^^^^^^^^^^^^^

      File "/home/zhihao/hdd/marshal/benchmarks/cross-repo-pr-impact/results/single-case-pipeline-996511-995405-v1-2026-08-26/replay-work/formal-opendev-996511--target-995405/target-a1/cinder/tests/unit/policies/base.py", line 51, in setUp
    self.override_config('enforce_scope',
    ~~~~~~~~~~~~~~~~~~~~^^^^^^^^^^^^^^^^^
                         enforce_scope, 'oslo_policy')
                         ^^^^^^^^^^^^^^^^^^^^^^^^^^^^^

      File "/home/zhihao/hdd/marshal/benchmarks/cross-repo-pr-impact/results/single-case-pipeline-996511-995405-v1-2026-08-26/replay-work/formal-opendev-996511--target-995405/target-a1/cinder/tests/unit/test.py", line 353, in override_config
    CONF.set_override(name, override, group)
    ~~~~~~~~~~~~~~~~~^^^^^^^^^^^^^^^^^^^^^^^

      File "/home/zhihao/hdd/marshal/benchmarks/cross-repo-pr-impact/results/single-case-pipeline-996511-995405-v1-2026-08-26/replay-work/formal-opendev-996511--target-995405/target-a1/.tox/py3/lib/python3.13/site-packages/oslo_messaging/conffixture.py", line 84, in _wrapper
    return wrapped_function(*args, **kwargs)

      File "/home/zhihao/hdd/marshal/benchmarks/cross-repo-pr-impact/results/single-case-pipeline-996511-995405-v1-2026-08-26/replay-work/formal-opendev-996511--target-995405/target-a1/.tox/py3/lib/python3.13/site-packages/oslo_config/cfg.py", line 2430, in __inner
    result = f(self, *args, **kwargs)

      File "/home/zhihao/hdd/marshal/benchmarks/cross-repo-pr-impact/results/single-case-pipeline-996511-995405-v1-2026-08-26/replay-work/formal-opendev-996511--target-995405/target-a1/.tox/py3/lib/python3.13/site-packages/oslo_config/cfg.py", line 3085, in set_override
    opt_info = self._get_opt_info(name, group)

      File "/home/zhihao/hdd/marshal/benchmarks/cross-repo-pr-impact/results/single-case-pipeline-996511-995405-v1-2026-08-26/replay-work/formal-opendev-996511--target-995405/target-a1/.tox/py3/lib/python3.13/site-packages/oslo_config/cfg.py", line 3580, in _get_opt_info
    raise NoSuchOptError(opt_name, group)

    oslo_config.cfg.NoSuchOptError: no such option enforce_scope in group [oslo_policy]


Captured pythonlogging:
~~~~~~~~~~~~~~~~~~~~~~~
    2026-08-26 20:58:24,509 INFO [keystonemiddleware.auth_token] Starting Keystone auth_token middleware
2026-08-26 20:58:24,511 WARNING [keystonemiddleware._common.config] The option "auth_url" is not known to keystonemiddleware
2026-08-26 20:58:24,514 WARNING [keystonemiddleware.auth_token] Configuring www_authenticate_uri to point to the public identity endpoint is required; clients may not be able to authenticate against an admin endpoint

{41} cinder.tests.unit.policies.test_attachments.AttachmentsPolicyTest.test_multiattach_bootable_volume_policy_9_other_project_reader [0.281402s] ... FAILED

Captured traceback:
~~~~~~~~~~~~~~~~~~~
    Traceback (most recent call last):

      File "/home/zhihao/hdd/marshal/benchmarks/cross-repo-pr-impact/results/single-case-pipeline-996511-995405-v1-2026-08-26/replay-work/formal-opendev-996511--target-995405/target-a1/cinder/tests/unit/policies/test_attachments.py", line 54, in setUp
    super().setUp(enforce_scope, enforce_new_defaults, *args, **kwargs)
    ~~~~~~~~~~~~~^^^^^^^^^^^^^^^^^^^^^^^^^^^^^^^^^^^^^^^^^^^^^^^^^^^^^^

      File "/home/zhihao/hdd/marshal/benchmarks/cross-repo-pr-impact/results/single-case-pipeline-996511-995405-v1-2026-08-26/replay-work/formal-opendev-996511--target-995405/target-a1/cinder/tests/unit/policies/base.py", line 51, in setUp
    self.override_config('enforce_scope',
    ~~~~~~~~~~~~~~~~~~~~^^^^^^^^^^^^^^^^^
                         enforce_scope, 'oslo_policy')
                         ^^^^^^^^^^^^^^^^^^^^^^^^^^^^^

      File "/home/zhihao/hdd/marshal/benchmarks/cross-repo-pr-impact/results/single-case-pipeline-996511-995405-v1-2026-08-26/replay-work/formal-opendev-996511--target-995405/target-a1/cinder/tests/unit/test.py", line 353, in override_config
    CONF.set_override(name, override, group)
    ~~~~~~~~~~~~~~~~~^^^^^^^^^^^^^^^^^^^^^^^

      File "/home/zhihao/hdd/marshal/benchmarks/cross-repo-pr-impact/results/single-case-pipeline-996511-995405-v1-2026-08-26/replay-work/formal-opendev-996511--target-995405/target-a1/.tox/py3/lib/python3.13/site-packages/oslo_messaging/conffixture.py", line 84, in _wrapper
    return wrapped_function(*args, **kwargs)

      File "/home/zhihao/hdd/marshal/benchmarks/cross-repo-pr-impact/results/single-case-pipeline-996511-995405-v1-2026-08-26/replay-work/formal-opendev-996511--target-995405/target-a1/.tox/py3/lib/python3.13/site-packages/oslo_config/cfg.py", line 2430, in __inner
    result = f(self, *args, **kwargs)

      File "/home/zhihao/hdd/marshal/benchmarks/cross-repo-pr-impact/results/single-case-pipeline-996511-995405-v1-2026-08-26/replay-work/formal-opendev-996511--target-995405/target-a1/.tox/py3/lib/python3.13/site-packages/oslo_config/cfg.py", line 3085, in set_override
    opt_info = self._get_opt_info(name, group)

      File "/home/zhihao/hdd/marshal/benchmarks/cross-repo-pr-impact/results/single-case-pipeline-996511-995405-v1-2026-08-26/replay-work/formal-opendev-996511--target-995405/target-a1/.tox/py3/lib/python3.13/site-packages/oslo_config/cfg.py", line 3580, in _get_opt_info
    raise NoSuchOptError(opt_name, group)

    oslo_config.cfg.NoSuchOptError: no such option enforce_scope in group [oslo_policy]


Captured pythonlogging:
~~~~~~~~~~~~~~~~~~~~~~~
    2026-08-26 20:58:24,519 INFO [keystonemiddleware.auth_token] Starting Keystone auth_token middleware
2026-08-26 20:58:24,521 WARNING [keystonemiddleware._common.config] The option "auth_url" is not known to keystonemiddleware
2026-08-26 20:58:24,524 WARNING [keystonemiddleware.auth_token] Configuring www_authenticate_uri to point to the public identity endpoint is required; clients may not be able to authenticate against an admin endpoint

{66} cinder.tests.unit.policies.test_attachments.AttachmentsPolicySecureRbacTest.test_delete_attachment_policy_5_project_member [0.275539s] ... FAILED

Captured traceback:
~~~~~~~~~~~~~~~~~~~
    Traceback (most recent call last):

      File "/home/zhihao/hdd/marshal/benchmarks/cross-repo-pr-impact/results/single-case-pipeline-996511-995405-v1-2026-08-26/replay-work/formal-opendev-996511--target-995405/target-a1/cinder/tests/unit/policies/test_attachments.py", line 252, in setUp
    super().setUp(enforce_scope=False, enforce_new_defaults=True,
    ~~~~~~~~~~~~~^^^^^^^^^^^^^^^^^^^^^^^^^^^^^^^^^^^^^^^^^^^^^^^^
                  *args, **kwargs)
                  ^^^^^^^^^^^^^^^^

      File "/home/zhihao/hdd/marshal/benchmarks/cross-repo-pr-impact/results/single-case-pipeline-996511-995405-v1-2026-08-26/replay-work/formal-opendev-996511--target-995405/target-a1/cinder/tests/unit/policies/test_attachments.py", line 54, in setUp
    super().setUp(enforce_scope, enforce_new_defaults, *args, **kwargs)
    ~~~~~~~~~~~~~^^^^^^^^^^^^^^^^^^^^^^^^^^^^^^^^^^^^^^^^^^^^^^^^^^^^^^

      File "/home/zhihao/hdd/marshal/benchmarks/cross-repo-pr-impact/results/single-case-pipeline-996511-995405-v1-2026-08-26/replay-work/formal-opendev-996511--target-995405/target-a1/cinder/tests/unit/policies/base.py", line 51, in setUp
    self.override_config('enforce_scope',
    ~~~~~~~~~~~~~~~~~~~~^^^^^^^^^^^^^^^^^
                         enforce_scope, 'oslo_policy')
                         ^^^^^^^^^^^^^^^^^^^^^^^^^^^^^

      File "/home/zhihao/hdd/marshal/benchmarks/cross-repo-pr-impact/results/single-case-pipeline-996511-995405-v1-2026-08-26/replay-work/formal-opendev-996511--target-995405/target-a1/cinder/tests/unit/test.py", line 353, in override_config
    CONF.set_override(name, override, group)
    ~~~~~~~~~~~~~~~~~^^^^^^^^^^^^^^^^^^^^^^^

      File "/home/zhihao/hdd/marshal/benchmarks/cross-repo-pr-impact/results/single-case-pipeline-996511-995405-v1-2026-08-26/replay-work/formal-opendev-996511--target-995405/target-a1/.tox/py3/lib/python3.13/site-packages/oslo_messaging/conffixture.py", line 84, in _wrapper
    return wrapped_function(*args, **kwargs)

      File "/home/zhihao/hdd/marshal/benchmarks/cross-repo-pr-impact/results/single-case-pipeline-996511-995405-v1-2026-08-26/replay-work/formal-opendev-996511--target-995405/target-a1/.tox/py3/lib/python3.13/site-packages/oslo_config/cfg.py", line 2430, in __inner
    result = f(self, *args, **kwargs)

      File "/home/zhihao/hdd/marshal/benchmarks/cross-repo-pr-impact/results/single-case-pipeline-996511-995405-v1-2026-08-26/replay-work/formal-opendev-996511--target-995405/target-a1/.tox/py3/lib/python3.13/site-packages/oslo_config/cfg.py", line 3085, in set_override
    opt_info = self._get_opt_info(name, group)

      File "/home/zhihao/hdd/marshal/benchmarks/cross-repo-pr-impact/results/single-case-pipeline-996511-995405-v1-2026-08-26/replay-work/formal-opendev-996511--target-995405/target-a1/.tox/py3/lib/python3.13/site-packages/oslo_config/cfg.py", line 3580, in _get_opt_info
    raise NoSuchOptError(opt_name, group)

    oslo_config.cfg.NoSuchOptError: no such option enforce_scope in group [oslo_policy]


Captured pythonlogging:
~~~~~~~~~~~~~~~~~~~~~~~
    2026-08-26 20:58:24,532 INFO [keystonemiddleware.auth_token] Starting Keystone auth_token middleware
2026-08-26 20:58:24,534 WARNING [keystonemiddleware._common.config] The option "auth_url" is not known to keystonemiddleware
2026-08-26 20:58:24,536 WARNING [keystonemiddleware.auth_token] Configuring www_authenticate_uri to point to the public identity endpoint is required; clients may not be able to authenticate against an admin endpoint

{65} cinder.tests.unit.policies.test_attachments.AttachmentsPolicyTest.test_multiattach_bootable_volume_policy_6_project_reader [0.278667s] ... FAILED

Captured traceback:
~~~~~~~~~~~~~~~~~~~
    Traceback (most recent call last):

      File "/home/zhihao/hdd/marshal/benchmarks/cross-repo-pr-impact/results/single-case-pipeline-996511-995405-v1-2026-08-26/replay-work/formal-opendev-996511--target-995405/target-a1/cinder/tests/unit/policies/test_attachments.py", line 54, in setUp
    super().setUp(enforce_scope, enforce_new_defaults, *args, **kwargs)
    ~~~~~~~~~~~~~^^^^^^^^^^^^^^^^^^^^^^^^^^^^^^^^^^^^^^^^^^^^^^^^^^^^^^

      File "/home/zhihao/hdd/marshal/benchmarks/cross-repo-pr-impact/results/single-case-pipeline-996511-995405-v1-2026-08-26/replay-work/formal-opendev-996511--target-995405/target-a1/cinder/tests/unit/policies/base.py", line 51, in setUp
    self.override_config('enforce_scope',
    ~~~~~~~~~~~~~~~~~~~~^^^^^^^^^^^^^^^^^
                         enforce_scope, 'oslo_policy')
                         ^^^^^^^^^^^^^^^^^^^^^^^^^^^^^

      File "/home/zhihao/hdd/marshal/benchmarks/cross-repo-pr-impact/results/single-case-pipeline-996511-995405-v1-2026-08-26/replay-work/formal-opendev-996511--target-995405/target-a1/cinder/tests/unit/test.py", line 353, in override_config
    CONF.set_override(name, override, group)
    ~~~~~~~~~~~~~~~~~^^^^^^^^^^^^^^^^^^^^^^^

      File "/home/zhihao/hdd/marshal/benchmarks/cross-repo-pr-impact/results/single-case-pipeline-996511-995405-v1-2026-08-26/replay-work/formal-opendev-996511--target-995405/target-a1/.tox/py3/lib/python3.13/site-packages/oslo_messaging/conffixture.py", line 84, in _wrapper
    return wrapped_function(*args, **kwargs)

      File "/home/zhihao/hdd/marshal/benchmarks/cross-repo-pr-impact/results/single-case-pipeline-996511-995405-v1-2026-08-26/replay-work/formal-opendev-996511--target-995405/target-a1/.tox/py3/lib/python3.13/site-packages/oslo_config/cfg.py", line 2430, in __inner
    result = f(self, *args, **kwargs)

      File "/home/zhihao/hdd/marshal/benchmarks/cross-repo-pr-impact/results/single-case-pipeline-996511-995405-v1-2026-08-26/replay-work/formal-opendev-996511--target-995405/target-a1/.tox/py3/lib/python3.13/site-packages/oslo_config/cfg.py", line 3085, in set_override
    opt_info = self._get_opt_info(name, group)

      File "/home/zhihao/hdd/marshal/benchmarks/cross-repo-pr-impact/results/single-case-pipeline-996511-995405-v1-2026-08-26/replay-work/formal-opendev-996511--target-995405/target-a1/.tox/py3/lib/python3.13/site-packages/oslo_config/cfg.py", line 3580, in _get_opt_info
    raise NoSuchOptError(opt_name, group)

    oslo_config.cfg.NoSuchOptError: no such option enforce_scope in group [oslo_policy]


Captured pythonlogging:
~~~~~~~~~~~~~~~~~~~~~~~
    2026-08-26 20:58:24,541 INFO [keystonemiddleware.auth_token] Starting Keystone auth_token middleware
2026-08-26 20:58:24,542 WARNING [keystonemiddleware._common.config] The option "auth_url" is not known to keystonemiddleware
2026-08-26 20:58:24,545 WARNING [keystonemiddleware.auth_token] Configuring www_authenticate_uri to point to the public identity endpoint is required; clients may not be able to authenticate against an admin endpoint

{46} cinder.tests.unit.policies.test_attachments.AttachmentsPolicySecureRbacTest.test_delete_attachment_policy_7_project_foo [0.280352s] ... FAILED

Captured traceback:
~~~~~~~~~~~~~~~~~~~
    Traceback (most recent call last):

      File "/home/zhihao/hdd/marshal/benchmarks/cross-repo-pr-impact/results/single-case-pipeline-996511-995405-v1-2026-08-26/replay-work/formal-opendev-996511--target-995405/target-a1/cinder/tests/unit/policies/test_attachments.py", line 252, in setUp
    super().setUp(enforce_scope=False, enforce_new_defaults=True,
    ~~~~~~~~~~~~~^^^^^^^^^^^^^^^^^^^^^^^^^^^^^^^^^^^^^^^^^^^^^^^^
                  *args, **kwargs)
                  ^^^^^^^^^^^^^^^^

      File "/home/zhihao/hdd/marshal/benchmarks/cross-repo-pr-impact/results/single-case-pipeline-996511-995405-v1-2026-08-26/replay-work/formal-opendev-996511--target-995405/target-a1/cinder/tests/unit/policies/test_attachments.py", line 54, in setUp
    super().setUp(enforce_scope, enforce_new_defaults, *args, **kwargs)
    ~~~~~~~~~~~~~^^^^^^^^^^^^^^^^^^^^^^^^^^^^^^^^^^^^^^^^^^^^^^^^^^^^^^

      File "/home/zhihao/hdd/marshal/benchmarks/cross-repo-pr-impact/results/single-case-pipeline-996511-995405-v1-2026-08-26/replay-work/formal-opendev-996511--target-995405/target-a1/cinder/tests/unit/policies/base.py", line 51, in setUp
    self.override_config('enforce_scope',
    ~~~~~~~~~~~~~~~~~~~~^^^^^^^^^^^^^^^^^
                         enforce_scope, 'oslo_policy')
                         ^^^^^^^^^^^^^^^^^^^^^^^^^^^^^

      File "/home/zhihao/hdd/marshal/benchmarks/cross-repo-pr-impact/results/single-case-pipeline-996511-995405-v1-2026-08-26/replay-work/formal-opendev-996511--target-995405/target-a1/cinder/tests/unit/test.py", line 353, in override_config
    CONF.set_override(name, override, group)
    ~~~~~~~~~~~~~~~~~^^^^^^^^^^^^^^^^^^^^^^^

      File "/home/zhihao/hdd/marshal/benchmarks/cross-repo-pr-impact/results/single-case-pipeline-996511-995405-v1-2026-08-26/replay-work/formal-opendev-996511--target-995405/target-a1/.tox/py3/lib/python3.13/site-packages/oslo_messaging/conffixture.py", line 84, in _wrapper
    return wrapped_function(*args, **kwargs)

      File "/home/zhihao/hdd/marshal/benchmarks/cross-repo-pr-impact/results/single-case-pipeline-996511-995405-v1-2026-08-26/replay-work/formal-opendev-996511--target-995405/target-a1/.tox/py3/lib/python3.13/site-packages/oslo_config/cfg.py", line 2430, in __inner
    result = f(self, *args, **kwargs)

      File "/home/zhihao/hdd/marshal/benchmarks/cross-repo-pr-impact/results/single-case-pipeline-996511-995405-v1-2026-08-26/replay-work/formal-opendev-996511--target-995405/target-a1/.tox/py3/lib/python3.13/site-packages/oslo_config/cfg.py", line 3085, in set_override
    opt_info = self._get_opt_info(name, group)

      File "/home/zhihao/hdd/marshal/benchmarks/cross-repo-pr-impact/results/single-case-pipeline-996511-995405-v1-2026-08-26/replay-work/formal-opendev-996511--target-995405/target-a1/.tox/py3/lib/python3.13/site-packages/oslo_config/cfg.py", line 3580, in _get_opt_info
    raise NoSuchOptError(opt_name, group)

    oslo_config.cfg.NoSuchOptError: no such option enforce_scope in group [oslo_policy]


Captured pythonlogging:
~~~~~~~~~~~~~~~~~~~~~~~
    2026-08-26 20:58:24,555 INFO [keystonemiddleware.auth_token] Starting Keystone auth_token middleware
2026-08-26 20:58:24,557 WARNING [keystonemiddleware._common.config] The option "auth_url" is not known to keystonemiddleware
2026-08-26 20:58:24,560 WARNING [keystonemiddleware.auth_token] Configuring www_authenticate_uri to point to the public identity endpoint is required; clients may not be able to authenticate against an admin endpoint

{60} cinder.tests.unit.policies.test_attachments.AttachmentsPolicyTest.test_update_attachment_policy_6_project_reader [0.277341s] ... FAILED

Captured traceback:
~~~~~~~~~~~~~~~~~~~
    Traceback (most recent call last):

      File "/home/zhihao/hdd/marshal/benchmarks/cross-repo-pr-impact/results/single-case-pipeline-996511-995405-v1-2026-08-26/replay-work/formal-opendev-996511--target-995405/target-a1/cinder/tests/unit/policies/test_attachments.py", line 54, in setUp
    super().setUp(enforce_scope, enforce_new_defaults, *args, **kwargs)
    ~~~~~~~~~~~~~^^^^^^^^^^^^^^^^^^^^^^^^^^^^^^^^^^^^^^^^^^^^^^^^^^^^^^

      File "/home/zhihao/hdd/marshal/benchmarks/cross-repo-pr-impact/results/single-case-pipeline-996511-995405-v1-2026-08-26/replay-work/formal-opendev-996511--target-995405/target-a1/cinder/tests/unit/policies/base.py", line 51, in setUp
    self.override_config('enforce_scope',
    ~~~~~~~~~~~~~~~~~~~~^^^^^^^^^^^^^^^^^
                         enforce_scope, 'oslo_policy')
                         ^^^^^^^^^^^^^^^^^^^^^^^^^^^^^

      File "/home/zhihao/hdd/marshal/benchmarks/cross-repo-pr-impact/results/single-case-pipeline-996511-995405-v1-2026-08-26/replay-work/formal-opendev-996511--target-995405/target-a1/cinder/tests/unit/test.py", line 353, in override_config
    CONF.set_override(name, override, group)
    ~~~~~~~~~~~~~~~~~^^^^^^^^^^^^^^^^^^^^^^^

      File "/home/zhihao/hdd/marshal/benchmarks/cross-repo-pr-impact/results/single-case-pipeline-996511-995405-v1-2026-08-26/replay-work/formal-opendev-996511--target-995405/target-a1/.tox/py3/lib/python3.13/site-packages/oslo_messaging/conffixture.py", line 84, in _wrapper
    return wrapped_function(*args, **kwargs)

      File "/home/zhihao/hdd/marshal/benchmarks/cross-repo-pr-impact/results/single-case-pipeline-996511-995405-v1-2026-08-26/replay-work/formal-opendev-996511--target-995405/target-a1/.tox/py3/lib/python3.13/site-packages/oslo_config/cfg.py", line 2430, in __inner
    result = f(self, *args, **kwargs)

      File "/home/zhihao/hdd/marshal/benchmarks/cross-repo-pr-impact/results/single-case-pipeline-996511-995405-v1-2026-08-26/replay-work/formal-opendev-996511--target-995405/target-a1/.tox/py3/lib/python3.13/site-packages/oslo_config/cfg.py", line 3085, in set_override
    opt_info = self._get_opt_info(name, group)

      File "/home/zhihao/hdd/marshal/benchmarks/cross-repo-pr-impact/results/single-case-pipeline-996511-995405-v1-2026-08-26/replay-work/formal-opendev-996511--target-995405/target-a1/.tox/py3/lib/python3.13/site-packages/oslo_config/cfg.py", line 3580, in _get_opt_info
    raise NoSuchOptError(opt_name, group)

    oslo_config.cfg.NoSuchOptError: no such option enforce_scope in group [oslo_policy]


Captured pythonlogging:
~~~~~~~~~~~~~~~~~~~~~~~
    2026-08-26 20:58:24,578 INFO [keystonemiddleware.auth_token] Starting Keystone auth_token middleware
2026-08-26 20:58:24,579 WARNING [keystonemiddleware._common.config] The option "auth_url" is not known to keystonemiddleware
2026-08-26 20:58:24,582 WARNING [keystonemiddleware.auth_token] Configuring www_authenticate_uri to point to the public identity endpoint is required; clients may not be able to authenticate against an admin endpoint

{64} cinder.tests.unit.policies.test_attachments.AttachmentsPolicyTest.test_create_attachment_policy_3_system_admin [0.278186s] ... FAILED

Captured traceback:
~~~~~~~~~~~~~~~~~~~
    Traceback (most recent call last):

      File "/home/zhihao/hdd/marshal/benchmarks/cross-repo-pr-impact/results/single-case-pipeline-996511-995405-v1-2026-08-26/replay-work/formal-opendev-996511--target-995405/target-a1/cinder/tests/unit/policies/test_attachments.py", line 54, in setUp
    super().setUp(enforce_scope, enforce_new_defaults, *args, **kwargs)
    ~~~~~~~~~~~~~^^^^^^^^^^^^^^^^^^^^^^^^^^^^^^^^^^^^^^^^^^^^^^^^^^^^^^

      File "/home/zhihao/hdd/marshal/benchmarks/cross-repo-pr-impact/results/single-case-pipeline-996511-995405-v1-2026-08-26/replay-work/formal-opendev-996511--target-995405/target-a1/cinder/tests/unit/policies/base.py", line 51, in setUp
    self.override_config('enforce_scope',
    ~~~~~~~~~~~~~~~~~~~~^^^^^^^^^^^^^^^^^
                         enforce_scope, 'oslo_policy')
                         ^^^^^^^^^^^^^^^^^^^^^^^^^^^^^

      File "/home/zhihao/hdd/marshal/benchmarks/cross-repo-pr-impact/results/single-case-pipeline-996511-995405-v1-2026-08-26/replay-work/formal-opendev-996511--target-995405/target-a1/cinder/tests/unit/test.py", line 353, in override_config
    CONF.set_override(name, override, group)
    ~~~~~~~~~~~~~~~~~^^^^^^^^^^^^^^^^^^^^^^^

      File "/home/zhihao/hdd/marshal/benchmarks/cross-repo-pr-impact/results/single-case-pipeline-996511-995405-v1-2026-08-26/replay-work/formal-opendev-996511--target-995405/target-a1/.tox/py3/lib/python3.13/site-packages/oslo_messaging/conffixture.py", line 84, in _wrapper
    return wrapped_function(*args, **kwargs)

      File "/home/zhihao/hdd/marshal/benchmarks/cross-repo-pr-impact/results/single-case-pipeline-996511-995405-v1-2026-08-26/replay-work/formal-opendev-996511--target-995405/target-a1/.tox/py3/lib/python3.13/site-packages/oslo_config/cfg.py", line 2430, in __inner
    result = f(self, *args, **kwargs)

      File "/home/zhihao/hdd/marshal/benchmarks/cross-repo-pr-impact/results/single-case-pipeline-996511-995405-v1-2026-08-26/replay-work/formal-opendev-996511--target-995405/target-a1/.tox/py3/lib/python3.13/site-packages/oslo_config/cfg.py", line 3085, in set_override
    opt_info = self._get_opt_info(name, group)

      File "/home/zhihao/hdd/marshal/benchmarks/cross-repo-pr-impact/results/single-case-pipeline-996511-995405-v1-2026-08-26/replay-work/formal-opendev-996511--target-995405/target-a1/.tox/py3/lib/python3.13/site-packages/oslo_config/cfg.py", line 3580, in _get_opt_info
    raise NoSuchOptError(opt_name, group)

    oslo_config.cfg.NoSuchOptError: no such option enforce_scope in group [oslo_policy]


Captured pythonlogging:
~~~~~~~~~~~~~~~~~~~~~~~
    2026-08-26 20:58:24,578 INFO [keystonemiddleware.auth_token] Starting Keystone auth_token middleware
2026-08-26 20:58:24,580 WARNING [keystonemiddleware._common.config] The option "auth_url" is not known to keystonemiddleware
2026-08-26 20:58:24,582 WARNING [keystonemiddleware.auth_token] Configuring www_authenticate_uri to point to the public identity endpoint is required; clients may not be able to authenticate against an admin endpoint

{34} cinder.tests.unit.policies.test_attachments.AttachmentsPolicySecureRbacTest.test_complete_attachment_policy_5_project_member [0.280217s] ... FAILED

Captured traceback:
~~~~~~~~~~~~~~~~~~~
    Traceback (most recent call last):

      File "/home/zhihao/hdd/marshal/benchmarks/cross-repo-pr-impact/results/single-case-pipeline-996511-995405-v1-2026-08-26/replay-work/formal-opendev-996511--target-995405/target-a1/cinder/tests/unit/policies/test_attachments.py", line 252, in setUp
    super().setUp(enforce_scope=False, enforce_new_defaults=True,
    ~~~~~~~~~~~~~^^^^^^^^^^^^^^^^^^^^^^^^^^^^^^^^^^^^^^^^^^^^^^^^
                  *args, **kwargs)
                  ^^^^^^^^^^^^^^^^

      File "/home/zhihao/hdd/marshal/benchmarks/cross-repo-pr-impact/results/single-case-pipeline-996511-995405-v1-2026-08-26/replay-work/formal-opendev-996511--target-995405/target-a1/cinder/tests/unit/policies/test_attachments.py", line 54, in setUp
    super().setUp(enforce_scope, enforce_new_defaults, *args, **kwargs)
    ~~~~~~~~~~~~~^^^^^^^^^^^^^^^^^^^^^^^^^^^^^^^^^^^^^^^^^^^^^^^^^^^^^^

      File "/home/zhihao/hdd/marshal/benchmarks/cross-repo-pr-impact/results/single-case-pipeline-996511-995405-v1-2026-08-26/replay-work/formal-opendev-996511--target-995405/target-a1/cinder/tests/unit/policies/base.py", line 51, in setUp
    self.override_config('enforce_scope',
    ~~~~~~~~~~~~~~~~~~~~^^^^^^^^^^^^^^^^^
                         enforce_scope, 'oslo_policy')
                         ^^^^^^^^^^^^^^^^^^^^^^^^^^^^^

      File "/home/zhihao/hdd/marshal/benchmarks/cross-repo-pr-impact/results/single-case-pipeline-996511-995405-v1-2026-08-26/replay-work/formal-opendev-996511--target-995405/target-a1/cinder/tests/unit/test.py", line 353, in override_config
    CONF.set_override(name, override, group)
    ~~~~~~~~~~~~~~~~~^^^^^^^^^^^^^^^^^^^^^^^

      File "/home/zhihao/hdd/marshal/benchmarks/cross-repo-pr-impact/results/single-case-pipeline-996511-995405-v1-2026-08-26/replay-work/formal-opendev-996511--target-995405/target-a1/.tox/py3/lib/python3.13/site-packages/oslo_messaging/conffixture.py", line 84, in _wrapper
    return wrapped_function(*args, **kwargs)

      File "/home/zhihao/hdd/marshal/benchmarks/cross-repo-pr-impact/results/single-case-pipeline-996511-995405-v1-2026-08-26/replay-work/formal-opendev-996511--target-995405/target-a1/.tox/py3/lib/python3.13/site-packages/oslo_config/cfg.py", line 2430, in __inner
    result = f(self, *args, **kwargs)

      File "/home/zhihao/hdd/marshal/benchmarks/cross-repo-pr-impact/results/single-case-pipeline-996511-995405-v1-2026-08-26/replay-work/formal-opendev-996511--target-995405/target-a1/.tox/py3/lib/python3.13/site-packages/oslo_config/cfg.py", line 3085, in set_override
    opt_info = self._get_opt_info(name, group)

      File "/home/zhihao/hdd/marshal/benchmarks/cross-repo-pr-impact/results/single-case-pipeline-996511-995405-v1-2026-08-26/replay-work/formal-opendev-996511--target-995405/target-a1/.tox/py3/lib/python3.13/site-packages/oslo_config/cfg.py", line 3580, in _get_opt_info
    raise NoSuchOptError(opt_name, group)

    oslo_config.cfg.NoSuchOptError: no such option enforce_scope in group [oslo_policy]


Captured pythonlogging:
~~~~~~~~~~~~~~~~~~~~~~~
    2026-08-26 20:58:24,610 INFO [keystonemiddleware.auth_token] Starting Keystone auth_token middleware
2026-08-26 20:58:24,612 WARNING [keystonemiddleware._common.config] The option "auth_url" is not known to keystonemiddleware
2026-08-26 20:58:24,614 WARNING [keystonemiddleware.auth_token] Configuring www_authenticate_uri to point to the public identity endpoint is required; clients may not be able to authenticate against an admin endpoint

{5} cinder.tests.unit.policies.test_attachments.AttachmentsPolicyTest.test_complete_attachment_policy_7_project_foo [0.285230s] ... FAILED

Captured traceback:
~~~~~~~~~~~~~~~~~~~
    Traceback (most recent call last):

      File "/home/zhihao/hdd/marshal/benchmarks/cross-repo-pr-impact/results/single-case-pipeline-996511-995405-v1-2026-08-26/replay-work/formal-opendev-996511--target-995405/target-a1/cinder/tests/unit/policies/test_attachments.py", line 54, in setUp
    super().setUp(enforce_scope, enforce_new_defaults, *args, **kwargs)
    ~~~~~~~~~~~~~^^^^^^^^^^^^^^^^^^^^^^^^^^^^^^^^^^^^^^^^^^^^^^^^^^^^^^

      File "/home/zhihao/hdd/marshal/benchmarks/cross-repo-pr-impact/results/single-case-pipeline-996511-995405-v1-2026-08-26/replay-work/formal-opendev-996511--target-995405/target-a1/cinder/tests/unit/policies/base.py", line 51, in setUp
    self.override_config('enforce_scope',
    ~~~~~~~~~~~~~~~~~~~~^^^^^^^^^^^^^^^^^
                         enforce_scope, 'oslo_policy')
                         ^^^^^^^^^^^^^^^^^^^^^^^^^^^^^

      File "/home/zhihao/hdd/marshal/benchmarks/cross-repo-pr-impact/results/single-case-pipeline-996511-995405-v1-2026-08-26/replay-work/formal-opendev-996511--target-995405/target-a1/cinder/tests/unit/test.py", line 353, in override_config
    CONF.set_override(name, override, group)
    ~~~~~~~~~~~~~~~~~^^^^^^^^^^^^^^^^^^^^^^^

      File "/home/zhihao/hdd/marshal/benchmarks/cross-repo-pr-impact/results/single-case-pipeline-996511-995405-v1-2026-08-26/replay-work/formal-opendev-996511--target-995405/target-a1/.tox/py3/lib/python3.13/site-packages/oslo_messaging/conffixture.py", line 84, in _wrapper
    return wrapped_function(*args, **kwargs)

      File "/home/zhihao/hdd/marshal/benchmarks/cross-repo-pr-impact/results/single-case-pipeline-996511-995405-v1-2026-08-26/replay-work/formal-opendev-996511--target-995405/target-a1/.tox/py3/lib/python3.13/site-packages/oslo_config/cfg.py", line 2430, in __inner
    result = f(self, *args, **kwargs)

      File "/home/zhihao/hdd/marshal/benchmarks/cross-repo-pr-impact/results/single-case-pipeline-996511-995405-v1-2026-08-26/replay-work/formal-opendev-996511--target-995405/target-a1/.tox/py3/lib/python3.13/site-packages/oslo_config/cfg.py", line 3085, in set_override
    opt_info = self._get_opt_info(name, group)

      File "/home/zhihao/hdd/marshal/benchmarks/cross-repo-pr-impact/results/single-case-pipeline-996511-995405-v1-2026-08-26/replay-work/formal-opendev-996511--target-995405/target-a1/.tox/py3/lib/python3.13/site-packages/oslo_config/cfg.py", line 3580, in _get_opt_info
    raise NoSuchOptError(opt_name, group)

    oslo_config.cfg.NoSuchOptError: no such option enforce_scope in group [oslo_policy]


Captured pythonlogging:
~~~~~~~~~~~~~~~~~~~~~~~
    2026-08-26 20:58:24,647 INFO [keystonemiddleware.auth_token] Starting Keystone auth_token middleware
2026-08-26 20:58:24,649 WARNING [keystonemiddleware._common.config] The option "auth_url" is not known to keystonemiddleware
2026-08-26 20:58:24,651 WARNING [keystonemiddleware.auth_token] Configuring www_authenticate_uri to point to the public identity endpoint is required; clients may not be able to authenticate against an admin endpoint

{57} cinder.tests.unit.policies.test_attachments.AttachmentsPolicySecureRbacTest.test_create_attachment_policy_6_project_reader [0.428527s] ... FAILED

Captured traceback:
~~~~~~~~~~~~~~~~~~~
    Traceback (most recent call last):

      File "/home/zhihao/hdd/marshal/benchmarks/cross-repo-pr-impact/results/single-case-pipeline-996511-995405-v1-2026-08-26/replay-work/formal-opendev-996511--target-995405/target-a1/cinder/tests/unit/policies/test_attachments.py", line 252, in setUp
    super().setUp(enforce_scope=False, enforce_new_defaults=True,
    ~~~~~~~~~~~~~^^^^^^^^^^^^^^^^^^^^^^^^^^^^^^^^^^^^^^^^^^^^^^^^
                  *args, **kwargs)
                  ^^^^^^^^^^^^^^^^

      File "/home/zhihao/hdd/marshal/benchmarks/cross-repo-pr-impact/results/single-case-pipeline-996511-995405-v1-2026-08-26/replay-work/formal-opendev-996511--target-995405/target-a1/cinder/tests/unit/policies/test_attachments.py", line 54, in setUp
    super().setUp(enforce_scope, enforce_new_defaults, *args, **kwargs)
    ~~~~~~~~~~~~~^^^^^^^^^^^^^^^^^^^^^^^^^^^^^^^^^^^^^^^^^^^^^^^^^^^^^^

      File "/home/zhihao/hdd/marshal/benchmarks/cross-repo-pr-impact/results/single-case-pipeline-996511-995405-v1-2026-08-26/replay-work/formal-opendev-996511--target-995405/target-a1/cinder/tests/unit/policies/base.py", line 51, in setUp
    self.override_config('enforce_scope',
    ~~~~~~~~~~~~~~~~~~~~^^^^^^^^^^^^^^^^^
                         enforce_scope, 'oslo_policy')
                         ^^^^^^^^^^^^^^^^^^^^^^^^^^^^^

      File "/home/zhihao/hdd/marshal/benchmarks/cross-repo-pr-impact/results/single-case-pipeline-996511-995405-v1-2026-08-26/replay-work/formal-opendev-996511--target-995405/target-a1/cinder/tests/unit/test.py", line 353, in override_config
    CONF.set_override(name, override, group)
    ~~~~~~~~~~~~~~~~~^^^^^^^^^^^^^^^^^^^^^^^

      File "/home/zhihao/hdd/marshal/benchmarks/cross-repo-pr-impact/results/single-case-pipeline-996511-995405-v1-2026-08-26/replay-work/formal-opendev-996511--target-995405/target-a1/.tox/py3/lib/python3.13/site-packages/oslo_messaging/conffixture.py", line 84, in _wrapper
    return wrapped_function(*args, **kwargs)

      File "/home/zhihao/hdd/marshal/benchmarks/cross-repo-pr-impact/results/single-case-pipeline-996511-995405-v1-2026-08-26/replay-work/formal-opendev-996511--target-995405/target-a1/.tox/py3/lib/python3.13/site-packages/oslo_config/cfg.py", line 2430, in __inner
    result = f(self, *args, **kwargs)

      File "/home/zhihao/hdd/marshal/benchmarks/cross-repo-pr-impact/results/single-case-pipeline-996511-995405-v1-2026-08-26/replay-work/formal-opendev-996511--target-995405/target-a1/.tox/py3/lib/python3.13/site-packages/oslo_config/cfg.py", line 3085, in set_override
    opt_info = self._get_opt_info(name, group)

      File "/home/zhihao/hdd/marshal/benchmarks/cross-repo-pr-impact/results/single-case-pipeline-996511-995405-v1-2026-08-26/replay-work/formal-opendev-996511--target-995405/target-a1/.tox/py3/lib/python3.13/site-packages/oslo_config/cfg.py", line 3580, in _get_opt_info
    raise NoSuchOptError(opt_name, group)

    oslo_config.cfg.NoSuchOptError: no such option enforce_scope in group [oslo_policy]


Captured pythonlogging:
~~~~~~~~~~~~~~~~~~~~~~~
    2026-08-26 20:58:24,550 INFO [keystonemiddleware.auth_token] Starting Keystone auth_token middleware
2026-08-26 20:58:24,553 WARNING [keystonemiddleware._common.config] The option "auth_url" is not known to keystonemiddleware
2026-08-26 20:58:24,557 WARNING [keystonemiddleware.auth_token] Configuring www_authenticate_uri to point to the public identity endpoint is required; clients may not be able to authenticate against an admin endpoint

{9} cinder.tests.unit.policies.test_attachments.AttachmentsPolicySecureRbacTest.test_update_attachment_policy_5_project_member [0.283351s] ... FAILED

Captured traceback:
~~~~~~~~~~~~~~~~~~~
    Traceback (most recent call last):

      File "/home/zhihao/hdd/marshal/benchmarks/cross-repo-pr-impact/results/single-case-pipeline-996511-995405-v1-2026-08-26/replay-work/formal-opendev-996511--target-995405/target-a1/cinder/tests/unit/policies/test_attachments.py", line 252, in setUp
    super().setUp(enforce_scope=False, enforce_new_defaults=True,
    ~~~~~~~~~~~~~^^^^^^^^^^^^^^^^^^^^^^^^^^^^^^^^^^^^^^^^^^^^^^^^
                  *args, **kwargs)
                  ^^^^^^^^^^^^^^^^

      File "/home/zhihao/hdd/marshal/benchmarks/cross-repo-pr-impact/results/single-case-pipeline-996511-995405-v1-2026-08-26/replay-work/formal-opendev-996511--target-995405/target-a1/cinder/tests/unit/policies/test_attachments.py", line 54, in setUp
    super().setUp(enforce_scope, enforce_new_defaults, *args, **kwargs)
    ~~~~~~~~~~~~~^^^^^^^^^^^^^^^^^^^^^^^^^^^^^^^^^^^^^^^^^^^^^^^^^^^^^^

      File "/home/zhihao/hdd/marshal/benchmarks/cross-repo-pr-impact/results/single-case-pipeline-996511-995405-v1-2026-08-26/replay-work/formal-opendev-996511--target-995405/target-a1/cinder/tests/unit/policies/base.py", line 51, in setUp
    self.override_config('enforce_scope',
    ~~~~~~~~~~~~~~~~~~~~^^^^^^^^^^^^^^^^^
                         enforce_scope, 'oslo_policy')
                         ^^^^^^^^^^^^^^^^^^^^^^^^^^^^^

      File "/home/zhihao/hdd/marshal/benchmarks/cross-repo-pr-impact/results/single-case-pipeline-996511-995405-v1-2026-08-26/replay-work/formal-opendev-996511--target-995405/target-a1/cinder/tests/unit/test.py", line 353, in override_config
    CONF.set_override(name, override, group)
    ~~~~~~~~~~~~~~~~~^^^^^^^^^^^^^^^^^^^^^^^

      File "/home/zhihao/hdd/marshal/benchmarks/cross-repo-pr-impact/results/single-case-pipeline-996511-995405-v1-2026-08-26/replay-work/formal-opendev-996511--target-995405/target-a1/.tox/py3/lib/python3.13/site-packages/oslo_messaging/conffixture.py", line 84, in _wrapper
    return wrapped_function(*args, **kwargs)

      File "/home/zhihao/hdd/marshal/benchmarks/cross-repo-pr-impact/results/single-case-pipeline-996511-995405-v1-2026-08-26/replay-work/formal-opendev-996511--target-995405/target-a1/.tox/py3/lib/python3.13/site-packages/oslo_config/cfg.py", line 2430, in __inner
    result = f(self, *args, **kwargs)

      File "/home/zhihao/hdd/marshal/benchmarks/cross-repo-pr-impact/results/single-case-pipeline-996511-995405-v1-2026-08-26/replay-work/formal-opendev-996511--target-995405/target-a1/.tox/py3/lib/python3.13/site-packages/oslo_config/cfg.py", line 3085, in set_override
    opt_info = self._get_opt_info(name, group)

      File "/home/zhihao/hdd/marshal/benchmarks/cross-repo-pr-impact/results/single-case-pipeline-996511-995405-v1-2026-08-26/replay-work/formal-opendev-996511--target-995405/target-a1/.tox/py3/lib/python3.13/site-packages/oslo_config/cfg.py", line 3580, in _get_opt_info
    raise NoSuchOptError(opt_name, group)

    oslo_config.cfg.NoSuchOptError: no such option enforce_scope in group [oslo_policy]


Captured pythonlogging:
~~~~~~~~~~~~~~~~~~~~~~~
    2026-08-26 20:58:24,678 INFO [keystonemiddleware.auth_token] Starting Keystone auth_token middleware
2026-08-26 20:58:24,679 WARNING [keystonemiddleware._common.config] The option "auth_url" is not known to keystonemiddleware
2026-08-26 20:58:24,682 WARNING [keystonemiddleware.auth_token] Configuring www_authenticate_uri to point to the public identity endpoint is required; clients may not be able to authenticate against an admin endpoint

{7} cinder.tests.unit.policies.test_attachments.AttachmentsPolicySecureRbacTest.test_create_attachment_policy_4_project_admin [0.284884s] ... FAILED

Captured traceback:
~~~~~~~~~~~~~~~~~~~
    Traceback (most recent call last):

      File "/home/zhihao/hdd/marshal/benchmarks/cross-repo-pr-impact/results/single-case-pipeline-996511-995405-v1-2026-08-26/replay-work/formal-opendev-996511--target-995405/target-a1/cinder/tests/unit/policies/test_attachments.py", line 252, in setUp
    super().setUp(enforce_scope=False, enforce_new_defaults=True,
    ~~~~~~~~~~~~~^^^^^^^^^^^^^^^^^^^^^^^^^^^^^^^^^^^^^^^^^^^^^^^^
                  *args, **kwargs)
                  ^^^^^^^^^^^^^^^^

      File "/home/zhihao/hdd/marshal/benchmarks/cross-repo-pr-impact/results/single-case-pipeline-996511-995405-v1-2026-08-26/replay-work/formal-opendev-996511--target-995405/target-a1/cinder/tests/unit/policies/test_attachments.py", line 54, in setUp
    super().setUp(enforce_scope, enforce_new_defaults, *args, **kwargs)
    ~~~~~~~~~~~~~^^^^^^^^^^^^^^^^^^^^^^^^^^^^^^^^^^^^^^^^^^^^^^^^^^^^^^

      File "/home/zhihao/hdd/marshal/benchmarks/cross-repo-pr-impact/results/single-case-pipeline-996511-995405-v1-2026-08-26/replay-work/formal-opendev-996511--target-995405/target-a1/cinder/tests/unit/policies/base.py", line 51, in setUp
    self.override_config('enforce_scope',
    ~~~~~~~~~~~~~~~~~~~~^^^^^^^^^^^^^^^^^
                         enforce_scope, 'oslo_policy')
                         ^^^^^^^^^^^^^^^^^^^^^^^^^^^^^

      File "/home/zhihao/hdd/marshal/benchmarks/cross-repo-pr-impact/results/single-case-pipeline-996511-995405-v1-2026-08-26/replay-work/formal-opendev-996511--target-995405/target-a1/cinder/tests/unit/test.py", line 353, in override_config
    CONF.set_override(name, override, group)
    ~~~~~~~~~~~~~~~~~^^^^^^^^^^^^^^^^^^^^^^^

      File "/home/zhihao/hdd/marshal/benchmarks/cross-repo-pr-impact/results/single-case-pipeline-996511-995405-v1-2026-08-26/replay-work/formal-opendev-996511--target-995405/target-a1/.tox/py3/lib/python3.13/site-packages/oslo_messaging/conffixture.py", line 84, in _wrapper
    return wrapped_function(*args, **kwargs)

      File "/home/zhihao/hdd/marshal/benchmarks/cross-repo-pr-impact/results/single-case-pipeline-996511-995405-v1-2026-08-26/replay-work/formal-opendev-996511--target-995405/target-a1/.tox/py3/lib/python3.13/site-packages/oslo_config/cfg.py", line 2430, in __inner
    result = f(self, *args, **kwargs)

      File "/home/zhihao/hdd/marshal/benchmarks/cross-repo-pr-impact/results/single-case-pipeline-996511-995405-v1-2026-08-26/replay-work/formal-opendev-996511--target-995405/target-a1/.tox/py3/lib/python3.13/site-packages/oslo_config/cfg.py", line 3085, in set_override
    opt_info = self._get_opt_info(name, group)

      File "/home/zhihao/hdd/marshal/benchmarks/cross-repo-pr-impact/results/single-case-pipeline-996511-995405-v1-2026-08-26/replay-work/formal-opendev-996511--target-995405/target-a1/.tox/py3/lib/python3.13/site-packages/oslo_config/cfg.py", line 3580, in _get_opt_info
    raise NoSuchOptError(opt_name, group)

    oslo_config.cfg.NoSuchOptError: no such option enforce_scope in group [oslo_policy]


Captured pythonlogging:
~~~~~~~~~~~~~~~~~~~~~~~
    2026-08-26 20:58:24,680 INFO [keystonemiddleware.auth_token] Starting Keystone auth_token middleware
2026-08-26 20:58:24,681 WARNING [keystonemiddleware._common.config] The option "auth_url" is not known to keystonemiddleware
2026-08-26 20:58:24,684 WARNING [keystonemiddleware.auth_token] Configuring www_authenticate_uri to point to the public identity endpoint is required; clients may not be able to authenticate against an admin endpoint

{32} cinder.tests.unit.policies.test_attachments.AttachmentsPolicySecureRbacTest.test_multiattach_bootable_volume_policy_6_project_reader [0.286981s] ... FAILED

Captured traceback:
~~~~~~~~~~~~~~~~~~~
    Traceback (most recent call last):

      File "/home/zhihao/hdd/marshal/benchmarks/cross-repo-pr-impact/results/single-case-pipeline-996511-995405-v1-2026-08-26/replay-work/formal-opendev-996511--target-995405/target-a1/cinder/tests/unit/policies/test_attachments.py", line 252, in setUp
    super().setUp(enforce_scope=False, enforce_new_defaults=True,
    ~~~~~~~~~~~~~^^^^^^^^^^^^^^^^^^^^^^^^^^^^^^^^^^^^^^^^^^^^^^^^
                  *args, **kwargs)
                  ^^^^^^^^^^^^^^^^

      File "/home/zhihao/hdd/marshal/benchmarks/cross-repo-pr-impact/results/single-case-pipeline-996511-995405-v1-2026-08-26/replay-work/formal-opendev-996511--target-995405/target-a1/cinder/tests/unit/policies/test_attachments.py", line 54, in setUp
    super().setUp(enforce_scope, enforce_new_defaults, *args, **kwargs)
    ~~~~~~~~~~~~~^^^^^^^^^^^^^^^^^^^^^^^^^^^^^^^^^^^^^^^^^^^^^^^^^^^^^^

      File "/home/zhihao/hdd/marshal/benchmarks/cross-repo-pr-impact/results/single-case-pipeline-996511-995405-v1-2026-08-26/replay-work/formal-opendev-996511--target-995405/target-a1/cinder/tests/unit/policies/base.py", line 51, in setUp
    self.override_config('enforce_scope',
    ~~~~~~~~~~~~~~~~~~~~^^^^^^^^^^^^^^^^^
                         enforce_scope, 'oslo_policy')
                         ^^^^^^^^^^^^^^^^^^^^^^^^^^^^^

      File "/home/zhihao/hdd/marshal/benchmarks/cross-repo-pr-impact/results/single-case-pipeline-996511-995405-v1-2026-08-26/replay-work/formal-opendev-996511--target-995405/target-a1/cinder/tests/unit/test.py", line 353, in override_config
    CONF.set_override(name, override, group)
    ~~~~~~~~~~~~~~~~~^^^^^^^^^^^^^^^^^^^^^^^

      File "/home/zhihao/hdd/marshal/benchmarks/cross-repo-pr-impact/results/single-case-pipeline-996511-995405-v1-2026-08-26/replay-work/formal-opendev-996511--target-995405/target-a1/.tox/py3/lib/python3.13/site-packages/oslo_messaging/conffixture.py", line 84, in _wrapper
    return wrapped_function(*args, **kwargs)

      File "/home/zhihao/hdd/marshal/benchmarks/cross-repo-pr-impact/results/single-case-pipeline-996511-995405-v1-2026-08-26/replay-work/formal-opendev-996511--target-995405/target-a1/.tox/py3/lib/python3.13/site-packages/oslo_config/cfg.py", line 2430, in __inner
    result = f(self, *args, **kwargs)

      File "/home/zhihao/hdd/marshal/benchmarks/cross-repo-pr-impact/results/single-case-pipeline-996511-995405-v1-2026-08-26/replay-work/formal-opendev-996511--target-995405/target-a1/.tox/py3/lib/python3.13/site-packages/oslo_config/cfg.py", line 3085, in set_override
    opt_info = self._get_opt_info(name, group)

      File "/home/zhihao/hdd/marshal/benchmarks/cross-repo-pr-impact/results/single-case-pipeline-996511-995405-v1-2026-08-26/replay-work/formal-opendev-996511--target-995405/target-a1/.tox/py3/lib/python3.13/site-packages/oslo_config/cfg.py", line 3580, in _get_opt_info
    raise NoSuchOptError(opt_name, group)

    oslo_config.cfg.NoSuchOptError: no such option enforce_scope in group [oslo_policy]


Captured pythonlogging:
~~~~~~~~~~~~~~~~~~~~~~~
    2026-08-26 20:58:24,688 INFO [keystonemiddleware.auth_token] Starting Keystone auth_token middleware
2026-08-26 20:58:24,689 WARNING [keystonemiddleware._common.config] The option "auth_url" is not known to keystonemiddleware
2026-08-26 20:58:24,692 WARNING [keystonemiddleware.auth_token] Configuring www_authenticate_uri to point to the public identity endpoint is required; clients may not be able to authenticate against an admin endpoint

{44} cinder.tests.unit.policies.test_attachments.AttachmentsPolicyTest.test_complete_attachment_policy_2_legacy_owner [0.289123s] ... FAILED

Captured traceback:
~~~~~~~~~~~~~~~~~~~
    Traceback (most recent call last):

      File "/home/zhihao/hdd/marshal/benchmarks/cross-repo-pr-impact/results/single-case-pipeline-996511-995405-v1-2026-08-26/replay-work/formal-opendev-996511--target-995405/target-a1/cinder/tests/unit/policies/test_attachments.py", line 54, in setUp
    super().setUp(enforce_scope, enforce_new_defaults, *args, **kwargs)
    ~~~~~~~~~~~~~^^^^^^^^^^^^^^^^^^^^^^^^^^^^^^^^^^^^^^^^^^^^^^^^^^^^^^

      File "/home/zhihao/hdd/marshal/benchmarks/cross-repo-pr-impact/results/single-case-pipeline-996511-995405-v1-2026-08-26/replay-work/formal-opendev-996511--target-995405/target-a1/cinder/tests/unit/policies/base.py", line 51, in setUp
    self.override_config('enforce_scope',
    ~~~~~~~~~~~~~~~~~~~~^^^^^^^^^^^^^^^^^
                         enforce_scope, 'oslo_policy')
                         ^^^^^^^^^^^^^^^^^^^^^^^^^^^^^

      File "/home/zhihao/hdd/marshal/benchmarks/cross-repo-pr-impact/results/single-case-pipeline-996511-995405-v1-2026-08-26/replay-work/formal-opendev-996511--target-995405/target-a1/cinder/tests/unit/test.py", line 353, in override_config
    CONF.set_override(name, override, group)
    ~~~~~~~~~~~~~~~~~^^^^^^^^^^^^^^^^^^^^^^^

      File "/home/zhihao/hdd/marshal/benchmarks/cross-repo-pr-impact/results/single-case-pipeline-996511-995405-v1-2026-08-26/replay-work/formal-opendev-996511--target-995405/target-a1/.tox/py3/lib/python3.13/site-packages/oslo_messaging/conffixture.py", line 84, in _wrapper
    return wrapped_function(*args, **kwargs)

      File "/home/zhihao/hdd/marshal/benchmarks/cross-repo-pr-impact/results/single-case-pipeline-996511-995405-v1-2026-08-26/replay-work/formal-opendev-996511--target-995405/target-a1/.tox/py3/lib/python3.13/site-packages/oslo_config/cfg.py", line 2430, in __inner
    result = f(self, *args, **kwargs)

      File "/home/zhihao/hdd/marshal/benchmarks/cross-repo-pr-impact/results/single-case-pipeline-996511-995405-v1-2026-08-26/replay-work/formal-opendev-996511--target-995405/target-a1/.tox/py3/lib/python3.13/site-packages/oslo_config/cfg.py", line 3085, in set_override
    opt_info = self._get_opt_info(name, group)

      File "/home/zhihao/hdd/marshal/benchmarks/cross-repo-pr-impact/results/single-case-pipeline-996511-995405-v1-2026-08-26/replay-work/formal-opendev-996511--target-995405/target-a1/.tox/py3/lib/python3.13/site-packages/oslo_config/cfg.py", line 3580, in _get_opt_info
    raise NoSuchOptError(opt_name, group)

    oslo_config.cfg.NoSuchOptError: no such option enforce_scope in group [oslo_policy]


Captured pythonlogging:
~~~~~~~~~~~~~~~~~~~~~~~
    2026-08-26 20:58:24,697 INFO [keystonemiddleware.auth_token] Starting Keystone auth_token middleware
2026-08-26 20:58:24,698 WARNING [keystonemiddleware._common.config] The option "auth_url" is not known to keystonemiddleware
2026-08-26 20:58:24,701 WARNING [keystonemiddleware.auth_token] Configuring www_authenticate_uri to point to the public identity endpoint is required; clients may not be able to authenticate against an admin endpoint

{53} cinder.tests.unit.policies.test_attachments.AttachmentsPolicySecureRbacTest.test_update_attachment_policy_6_project_reader [0.286500s] ... FAILED

Captured traceback:
~~~~~~~~~~~~~~~~~~~
    Traceback (most recent call last):

      File "/home/zhihao/hdd/marshal/benchmarks/cross-repo-pr-impact/results/single-case-pipeline-996511-995405-v1-2026-08-26/replay-work/formal-opendev-996511--target-995405/target-a1/cinder/tests/unit/policies/test_attachments.py", line 252, in setUp
    super().setUp(enforce_scope=False, enforce_new_defaults=True,
    ~~~~~~~~~~~~~^^^^^^^^^^^^^^^^^^^^^^^^^^^^^^^^^^^^^^^^^^^^^^^^
                  *args, **kwargs)
                  ^^^^^^^^^^^^^^^^

      File "/home/zhihao/hdd/marshal/benchmarks/cross-repo-pr-impact/results/single-case-pipeline-996511-995405-v1-2026-08-26/replay-work/formal-opendev-996511--target-995405/target-a1/cinder/tests/unit/policies/test_attachments.py", line 54, in setUp
    super().setUp(enforce_scope, enforce_new_defaults, *args, **kwargs)
    ~~~~~~~~~~~~~^^^^^^^^^^^^^^^^^^^^^^^^^^^^^^^^^^^^^^^^^^^^^^^^^^^^^^

      File "/home/zhihao/hdd/marshal/benchmarks/cross-repo-pr-impact/results/single-case-pipeline-996511-995405-v1-2026-08-26/replay-work/formal-opendev-996511--target-995405/target-a1/cinder/tests/unit/policies/base.py", line 51, in setUp
    self.override_config('enforce_scope',
    ~~~~~~~~~~~~~~~~~~~~^^^^^^^^^^^^^^^^^
                         enforce_scope, 'oslo_policy')
                         ^^^^^^^^^^^^^^^^^^^^^^^^^^^^^

      File "/home/zhihao/hdd/marshal/benchmarks/cross-repo-pr-impact/results/single-case-pipeline-996511-995405-v1-2026-08-26/replay-work/formal-opendev-996511--target-995405/target-a1/cinder/tests/unit/test.py", line 353, in override_config
    CONF.set_override(name, override, group)
    ~~~~~~~~~~~~~~~~~^^^^^^^^^^^^^^^^^^^^^^^

      File "/home/zhihao/hdd/marshal/benchmarks/cross-repo-pr-impact/results/single-case-pipeline-996511-995405-v1-2026-08-26/replay-work/formal-opendev-996511--target-995405/target-a1/.tox/py3/lib/python3.13/site-packages/oslo_messaging/conffixture.py", line 84, in _wrapper
    return wrapped_function(*args, **kwargs)

      File "/home/zhihao/hdd/marshal/benchmarks/cross-repo-pr-impact/results/single-case-pipeline-996511-995405-v1-2026-08-26/replay-work/formal-opendev-996511--target-995405/target-a1/.tox/py3/lib/python3.13/site-packages/oslo_config/cfg.py", line 2430, in __inner
    result = f(self, *args, **kwargs)

      File "/home/zhihao/hdd/marshal/benchmarks/cross-repo-pr-impact/results/single-case-pipeline-996511-995405-v1-2026-08-26/replay-work/formal-opendev-996511--target-995405/target-a1/.tox/py3/lib/python3.13/site-packages/oslo_config/cfg.py", line 3085, in set_override
    opt_info = self._get_opt_info(name, group)

      File "/home/zhihao/hdd/marshal/benchmarks/cross-repo-pr-impact/results/single-case-pipeline-996511-995405-v1-2026-08-26/replay-work/formal-opendev-996511--target-995405/target-a1/.tox/py3/lib/python3.13/site-packages/oslo_config/cfg.py", line 3580, in _get_opt_info
    raise NoSuchOptError(opt_name, group)

    oslo_config.cfg.NoSuchOptError: no such option enforce_scope in group [oslo_policy]


Captured pythonlogging:
~~~~~~~~~~~~~~~~~~~~~~~
    2026-08-26 20:58:24,763 INFO [keystonemiddleware.auth_token] Starting Keystone auth_token middleware
2026-08-26 20:58:24,764 WARNING [keystonemiddleware._common.config] The option "auth_url" is not known to keystonemiddleware
2026-08-26 20:58:24,767 WARNING [keystonemiddleware.auth_token] Configuring www_authenticate_uri to point to the public identity endpoint is required; clients may not be able to authenticate against an admin endpoint

{59} cinder.tests.unit.policies.test_attachments.AttachmentsPolicyTest.test_multiattach_bootable_volume_policy_7_project_foo [0.293872s] ... FAILED

Captured traceback:
~~~~~~~~~~~~~~~~~~~
    Traceback (most recent call last):

      File "/home/zhihao/hdd/marshal/benchmarks/cross-repo-pr-impact/results/single-case-pipeline-996511-995405-v1-2026-08-26/replay-work/formal-opendev-996511--target-995405/target-a1/cinder/tests/unit/policies/test_attachments.py", line 54, in setUp
    super().setUp(enforce_scope, enforce_new_defaults, *args, **kwargs)
    ~~~~~~~~~~~~~^^^^^^^^^^^^^^^^^^^^^^^^^^^^^^^^^^^^^^^^^^^^^^^^^^^^^^

      File "/home/zhihao/hdd/marshal/benchmarks/cross-repo-pr-impact/results/single-case-pipeline-996511-995405-v1-2026-08-26/replay-work/formal-opendev-996511--target-995405/target-a1/cinder/tests/unit/policies/base.py", line 51, in setUp
    self.override_config('enforce_scope',
    ~~~~~~~~~~~~~~~~~~~~^^^^^^^^^^^^^^^^^
                         enforce_scope, 'oslo_policy')
                         ^^^^^^^^^^^^^^^^^^^^^^^^^^^^^

      File "/home/zhihao/hdd/marshal/benchmarks/cross-repo-pr-impact/results/single-case-pipeline-996511-995405-v1-2026-08-26/replay-work/formal-opendev-996511--target-995405/target-a1/cinder/tests/unit/test.py", line 353, in override_config
    CONF.set_override(name, override, group)
    ~~~~~~~~~~~~~~~~~^^^^^^^^^^^^^^^^^^^^^^^

      File "/home/zhihao/hdd/marshal/benchmarks/cross-repo-pr-impact/results/single-case-pipeline-996511-995405-v1-2026-08-26/replay-work/formal-opendev-996511--target-995405/target-a1/.tox/py3/lib/python3.13/site-packages/oslo_messaging/conffixture.py", line 84, in _wrapper
    return wrapped_function(*args, **kwargs)

      File "/home/zhihao/hdd/marshal/benchmarks/cross-repo-pr-impact/results/single-case-pipeline-996511-995405-v1-2026-08-26/replay-work/formal-opendev-996511--target-995405/target-a1/.tox/py3/lib/python3.13/site-packages/oslo_config/cfg.py", line 2430, in __inner
    result = f(self, *args, **kwargs)

      File "/home/zhihao/hdd/marshal/benchmarks/cross-repo-pr-impact/results/single-case-pipeline-996511-995405-v1-2026-08-26/replay-work/formal-opendev-996511--target-995405/target-a1/.tox/py3/lib/python3.13/site-packages/oslo_config/cfg.py", line 3085, in set_override
    opt_info = self._get_opt_info(name, group)

      File "/home/zhihao/hdd/marshal/benchmarks/cross-repo-pr-impact/results/single-case-pipeline-996511-995405-v1-2026-08-26/replay-work/formal-opendev-996511--target-995405/target-a1/.tox/py3/lib/python3.13/site-packages/oslo_config/cfg.py", line 3580, in _get_opt_info
    raise NoSuchOptError(opt_name, group)

    oslo_config.cfg.NoSuchOptError: no such option enforce_scope in group [oslo_policy]


Captured pythonlogging:
~~~~~~~~~~~~~~~~~~~~~~~
    2026-08-26 20:58:24,796 INFO [keystonemiddleware.auth_token] Starting Keystone auth_token middleware
2026-08-26 20:58:24,797 WARNING [keystonemiddleware._common.config] The option "auth_url" is not known to keystonemiddleware
2026-08-26 20:58:24,800 WARNING [keystonemiddleware.auth_token] Configuring www_authenticate_uri to point to the public identity endpoint is required; clients may not be able to authenticate against an admin endpoint

{49} cinder.tests.unit.policies.test_attachments.AttachmentsPolicyTest.test_update_attachment_policy_1_legacy_admin [0.288295s] ... FAILED

Captured traceback:
~~~~~~~~~~~~~~~~~~~
    Traceback (most recent call last):

      File "/home/zhihao/hdd/marshal/benchmarks/cross-repo-pr-impact/results/single-case-pipeline-996511-995405-v1-2026-08-26/replay-work/formal-opendev-996511--target-995405/target-a1/cinder/tests/unit/policies/test_attachments.py", line 54, in setUp
    super().setUp(enforce_scope, enforce_new_defaults, *args, **kwargs)
    ~~~~~~~~~~~~~^^^^^^^^^^^^^^^^^^^^^^^^^^^^^^^^^^^^^^^^^^^^^^^^^^^^^^

      File "/home/zhihao/hdd/marshal/benchmarks/cross-repo-pr-impact/results/single-case-pipeline-996511-995405-v1-2026-08-26/replay-work/formal-opendev-996511--target-995405/target-a1/cinder/tests/unit/policies/base.py", line 51, in setUp
    self.override_config('enforce_scope',
    ~~~~~~~~~~~~~~~~~~~~^^^^^^^^^^^^^^^^^
                         enforce_scope, 'oslo_policy')
                         ^^^^^^^^^^^^^^^^^^^^^^^^^^^^^

      File "/home/zhihao/hdd/marshal/benchmarks/cross-repo-pr-impact/results/single-case-pipeline-996511-995405-v1-2026-08-26/replay-work/formal-opendev-996511--target-995405/target-a1/cinder/tests/unit/test.py", line 353, in override_config
    CONF.set_override(name, override, group)
    ~~~~~~~~~~~~~~~~~^^^^^^^^^^^^^^^^^^^^^^^

      File "/home/zhihao/hdd/marshal/benchmarks/cross-repo-pr-impact/results/single-case-pipeline-996511-995405-v1-2026-08-26/replay-work/formal-opendev-996511--target-995405/target-a1/.tox/py3/lib/python3.13/site-packages/oslo_messaging/conffixture.py", line 84, in _wrapper
    return wrapped_function(*args, **kwargs)

      File "/home/zhihao/hdd/marshal/benchmarks/cross-repo-pr-impact/results/single-case-pipeline-996511-995405-v1-2026-08-26/replay-work/formal-opendev-996511--target-995405/target-a1/.tox/py3/lib/python3.13/site-packages/oslo_config/cfg.py", line 2430, in __inner
    result = f(self, *args, **kwargs)

      File "/home/zhihao/hdd/marshal/benchmarks/cross-repo-pr-impact/results/single-case-pipeline-996511-995405-v1-2026-08-26/replay-work/formal-opendev-996511--target-995405/target-a1/.tox/py3/lib/python3.13/site-packages/oslo_config/cfg.py", line 3085, in set_override
    opt_info = self._get_opt_info(name, group)

      File "/home/zhihao/hdd/marshal/benchmarks/cross-repo-pr-impact/results/single-case-pipeline-996511-995405-v1-2026-08-26/replay-work/formal-opendev-996511--target-995405/target-a1/.tox/py3/lib/python3.13/site-packages/oslo_config/cfg.py", line 3580, in _get_opt_info
    raise NoSuchOptError(opt_name, group)

    oslo_config.cfg.NoSuchOptError: no such option enforce_scope in group [oslo_policy]


Captured pythonlogging:
~~~~~~~~~~~~~~~~~~~~~~~
    2026-08-26 20:58:24,804 INFO [keystonemiddleware.auth_token] Starting Keystone auth_token middleware
2026-08-26 20:58:24,805 WARNING [keystonemiddleware._common.config] The option "auth_url" is not known to keystonemiddleware
2026-08-26 20:58:24,808 WARNING [keystonemiddleware.auth_token] Configuring www_authenticate_uri to point to the public identity endpoint is required; clients may not be able to authenticate against an admin endpoint

{23} cinder.tests.unit.policies.test_attachments.AttachmentsPolicySecureRbacTest.test_multiattach_bootable_volume_policy_3_system_admin [0.293024s] ... FAILED

Captured traceback:
~~~~~~~~~~~~~~~~~~~
    Traceback (most recent call last):

      File "/home/zhihao/hdd/marshal/benchmarks/cross-repo-pr-impact/results/single-case-pipeline-996511-995405-v1-2026-08-26/replay-work/formal-opendev-996511--target-995405/target-a1/cinder/tests/unit/policies/test_attachments.py", line 252, in setUp
    super().setUp(enforce_scope=False, enforce_new_defaults=True,
    ~~~~~~~~~~~~~^^^^^^^^^^^^^^^^^^^^^^^^^^^^^^^^^^^^^^^^^^^^^^^^
                  *args, **kwargs)
                  ^^^^^^^^^^^^^^^^

      File "/home/zhihao/hdd/marshal/benchmarks/cross-repo-pr-impact/results/single-case-pipeline-996511-995405-v1-2026-08-26/replay-work/formal-opendev-996511--target-995405/target-a1/cinder/tests/unit/policies/test_attachments.py", line 54, in setUp
    super().setUp(enforce_scope, enforce_new_defaults, *args, **kwargs)
    ~~~~~~~~~~~~~^^^^^^^^^^^^^^^^^^^^^^^^^^^^^^^^^^^^^^^^^^^^^^^^^^^^^^

      File "/home/zhihao/hdd/marshal/benchmarks/cross-repo-pr-impact/results/single-case-pipeline-996511-995405-v1-2026-08-26/replay-work/formal-opendev-996511--target-995405/target-a1/cinder/tests/unit/policies/base.py", line 51, in setUp
    self.override_config('enforce_scope',
    ~~~~~~~~~~~~~~~~~~~~^^^^^^^^^^^^^^^^^
                         enforce_scope, 'oslo_policy')
                         ^^^^^^^^^^^^^^^^^^^^^^^^^^^^^

      File "/home/zhihao/hdd/marshal/benchmarks/cross-repo-pr-impact/results/single-case-pipeline-996511-995405-v1-2026-08-26/replay-work/formal-opendev-996511--target-995405/target-a1/cinder/tests/unit/test.py", line 353, in override_config
    CONF.set_override(name, override, group)
    ~~~~~~~~~~~~~~~~~^^^^^^^^^^^^^^^^^^^^^^^

      File "/home/zhihao/hdd/marshal/benchmarks/cross-repo-pr-impact/results/single-case-pipeline-996511-995405-v1-2026-08-26/replay-work/formal-opendev-996511--target-995405/target-a1/.tox/py3/lib/python3.13/site-packages/oslo_messaging/conffixture.py", line 84, in _wrapper
    return wrapped_function(*args, **kwargs)

      File "/home/zhihao/hdd/marshal/benchmarks/cross-repo-pr-impact/results/single-case-pipeline-996511-995405-v1-2026-08-26/replay-work/formal-opendev-996511--target-995405/target-a1/.tox/py3/lib/python3.13/site-packages/oslo_config/cfg.py", line 2430, in __inner
    result = f(self, *args, **kwargs)

      File "/home/zhihao/hdd/marshal/benchmarks/cross-repo-pr-impact/results/single-case-pipeline-996511-995405-v1-2026-08-26/replay-work/formal-opendev-996511--target-995405/target-a1/.tox/py3/lib/python3.13/site-packages/oslo_config/cfg.py", line 3085, in set_override
    opt_info = self._get_opt_info(name, group)

      File "/home/zhihao/hdd/marshal/benchmarks/cross-repo-pr-impact/results/single-case-pipeline-996511-995405-v1-2026-08-26/replay-work/formal-opendev-996511--target-995405/target-a1/.tox/py3/lib/python3.13/site-packages/oslo_config/cfg.py", line 3580, in _get_opt_info
    raise NoSuchOptError(opt_name, group)

    oslo_config.cfg.NoSuchOptError: no such option enforce_scope in group [oslo_policy]


Captured pythonlogging:
~~~~~~~~~~~~~~~~~~~~~~~
    2026-08-26 20:58:24,815 INFO [keystonemiddleware.auth_token] Starting Keystone auth_token middleware
2026-08-26 20:58:24,817 WARNING [keystonemiddleware._common.config] The option "auth_url" is not known to keystonemiddleware
2026-08-26 20:58:24,819 WARNING [keystonemiddleware.auth_token] Configuring www_authenticate_uri to point to the public identity endpoint is required; clients may not be able to authenticate against an admin endpoint

{61} cinder.tests.unit.policies.test_attachments.AttachmentsPolicyTest.test_delete_attachment_policy_3_system_admin [0.297384s] ... FAILED

Captured traceback:
~~~~~~~~~~~~~~~~~~~
    Traceback (most recent call last):

      File "/home/zhihao/hdd/marshal/benchmarks/cross-repo-pr-impact/results/single-case-pipeline-996511-995405-v1-2026-08-26/replay-work/formal-opendev-996511--target-995405/target-a1/cinder/tests/unit/policies/test_attachments.py", line 54, in setUp
    super().setUp(enforce_scope, enforce_new_defaults, *args, **kwargs)
    ~~~~~~~~~~~~~^^^^^^^^^^^^^^^^^^^^^^^^^^^^^^^^^^^^^^^^^^^^^^^^^^^^^^

      File "/home/zhihao/hdd/marshal/benchmarks/cross-repo-pr-impact/results/single-case-pipeline-996511-995405-v1-2026-08-26/replay-work/formal-opendev-996511--target-995405/target-a1/cinder/tests/unit/policies/base.py", line 51, in setUp
    self.override_config('enforce_scope',
    ~~~~~~~~~~~~~~~~~~~~^^^^^^^^^^^^^^^^^
                         enforce_scope, 'oslo_policy')
                         ^^^^^^^^^^^^^^^^^^^^^^^^^^^^^

      File "/home/zhihao/hdd/marshal/benchmarks/cross-repo-pr-impact/results/single-case-pipeline-996511-995405-v1-2026-08-26/replay-work/formal-opendev-996511--target-995405/target-a1/cinder/tests/unit/test.py", line 353, in override_config
    CONF.set_override(name, override, group)
    ~~~~~~~~~~~~~~~~~^^^^^^^^^^^^^^^^^^^^^^^

      File "/home/zhihao/hdd/marshal/benchmarks/cross-repo-pr-impact/results/single-case-pipeline-996511-995405-v1-2026-08-26/replay-work/formal-opendev-996511--target-995405/target-a1/.tox/py3/lib/python3.13/site-packages/oslo_messaging/conffixture.py", line 84, in _wrapper
    return wrapped_function(*args, **kwargs)

      File "/home/zhihao/hdd/marshal/benchmarks/cross-repo-pr-impact/results/single-case-pipeline-996511-995405-v1-2026-08-26/replay-work/formal-opendev-996511--target-995405/target-a1/.tox/py3/lib/python3.13/site-packages/oslo_config/cfg.py", line 2430, in __inner
    result = f(self, *args, **kwargs)

      File "/home/zhihao/hdd/marshal/benchmarks/cross-repo-pr-impact/results/single-case-pipeline-996511-995405-v1-2026-08-26/replay-work/formal-opendev-996511--target-995405/target-a1/.tox/py3/lib/python3.13/site-packages/oslo_config/cfg.py", line 3085, in set_override
    opt_info = self._get_opt_info(name, group)

      File "/home/zhihao/hdd/marshal/benchmarks/cross-repo-pr-impact/results/single-case-pipeline-996511-995405-v1-2026-08-26/replay-work/formal-opendev-996511--target-995405/target-a1/.tox/py3/lib/python3.13/site-packages/oslo_config/cfg.py", line 3580, in _get_opt_info
    raise NoSuchOptError(opt_name, group)

    oslo_config.cfg.NoSuchOptError: no such option enforce_scope in group [oslo_policy]


Captured pythonlogging:
~~~~~~~~~~~~~~~~~~~~~~~
    2026-08-26 20:58:24,816 INFO [keystonemiddleware.auth_token] Starting Keystone auth_token middleware
2026-08-26 20:58:24,818 WARNING [keystonemiddleware._common.config] The option "auth_url" is not known to keystonemiddleware
2026-08-26 20:58:24,820 WARNING [keystonemiddleware.auth_token] Configuring www_authenticate_uri to point to the public identity endpoint is required; clients may not be able to authenticate against an admin endpoint

{40} cinder.tests.unit.policies.test_attachments.AttachmentsPolicyTest.test_update_attachment_policy_4_project_admin [0.291920s] ... FAILED

Captured traceback:
~~~~~~~~~~~~~~~~~~~
    Traceback (most recent call last):

      File "/home/zhihao/hdd/marshal/benchmarks/cross-repo-pr-impact/results/single-case-pipeline-996511-995405-v1-2026-08-26/replay-work/formal-opendev-996511--target-995405/target-a1/cinder/tests/unit/policies/test_attachments.py", line 54, in setUp
    super().setUp(enforce_scope, enforce_new_defaults, *args, **kwargs)
    ~~~~~~~~~~~~~^^^^^^^^^^^^^^^^^^^^^^^^^^^^^^^^^^^^^^^^^^^^^^^^^^^^^^

      File "/home/zhihao/hdd/marshal/benchmarks/cross-repo-pr-impact/results/single-case-pipeline-996511-995405-v1-2026-08-26/replay-work/formal-opendev-996511--target-995405/target-a1/cinder/tests/unit/policies/base.py", line 51, in setUp
    self.override_config('enforce_scope',
    ~~~~~~~~~~~~~~~~~~~~^^^^^^^^^^^^^^^^^
                         enforce_scope, 'oslo_policy')
                         ^^^^^^^^^^^^^^^^^^^^^^^^^^^^^

      File "/home/zhihao/hdd/marshal/benchmarks/cross-repo-pr-impact/results/single-case-pipeline-996511-995405-v1-2026-08-26/replay-work/formal-opendev-996511--target-995405/target-a1/cinder/tests/unit/test.py", line 353, in override_config
    CONF.set_override(name, override, group)
    ~~~~~~~~~~~~~~~~~^^^^^^^^^^^^^^^^^^^^^^^

      File "/home/zhihao/hdd/marshal/benchmarks/cross-repo-pr-impact/results/single-case-pipeline-996511-995405-v1-2026-08-26/replay-work/formal-opendev-996511--target-995405/target-a1/.tox/py3/lib/python3.13/site-packages/oslo_messaging/conffixture.py", line 84, in _wrapper
    return wrapped_function(*args, **kwargs)

      File "/home/zhihao/hdd/marshal/benchmarks/cross-repo-pr-impact/results/single-case-pipeline-996511-995405-v1-2026-08-26/replay-work/formal-opendev-996511--target-995405/target-a1/.tox/py3/lib/python3.13/site-packages/oslo_config/cfg.py", line 2430, in __inner
    result = f(self, *args, **kwargs)

      File "/home/zhihao/hdd/marshal/benchmarks/cross-repo-pr-impact/results/single-case-pipeline-996511-995405-v1-2026-08-26/replay-work/formal-opendev-996511--target-995405/target-a1/.tox/py3/lib/python3.13/site-packages/oslo_config/cfg.py", line 3085, in set_override
    opt_info = self._get_opt_info(name, group)

      File "/home/zhihao/hdd/marshal/benchmarks/cross-repo-pr-impact/results/single-case-pipeline-996511-995405-v1-2026-08-26/replay-work/formal-opendev-996511--target-995405/target-a1/.tox/py3/lib/python3.13/site-packages/oslo_config/cfg.py", line 3580, in _get_opt_info
    raise NoSuchOptError(opt_name, group)

    oslo_config.cfg.NoSuchOptError: no such option enforce_scope in group [oslo_policy]


Captured pythonlogging:
~~~~~~~~~~~~~~~~~~~~~~~
    2026-08-26 20:58:24,839 INFO [keystonemiddleware.auth_token] Starting Keystone auth_token middleware
2026-08-26 20:58:24,841 WARNING [keystonemiddleware._common.config] The option "auth_url" is not known to keystonemiddleware
2026-08-26 20:58:24,844 WARNING [keystonemiddleware.auth_token] Configuring www_authenticate_uri to point to the public identity endpoint is required; clients may not be able to authenticate against an admin endpoint

{67} cinder.tests.unit.policies.test_attachments.AttachmentsPolicyTest.test_complete_attachment_policy_5_project_member [0.294818s] ... FAILED

Captured traceback:
~~~~~~~~~~~~~~~~~~~
    Traceback (most recent call last):

      File "/home/zhihao/hdd/marshal/benchmarks/cross-repo-pr-impact/results/single-case-pipeline-996511-995405-v1-2026-08-26/replay-work/formal-opendev-996511--target-995405/target-a1/cinder/tests/unit/policies/test_attachments.py", line 54, in setUp
    super().setUp(enforce_scope, enforce_new_defaults, *args, **kwargs)
    ~~~~~~~~~~~~~^^^^^^^^^^^^^^^^^^^^^^^^^^^^^^^^^^^^^^^^^^^^^^^^^^^^^^

      File "/home/zhihao/hdd/marshal/benchmarks/cross-repo-pr-impact/results/single-case-pipeline-996511-995405-v1-2026-08-26/replay-work/formal-opendev-996511--target-995405/target-a1/cinder/tests/unit/policies/base.py", line 51, in setUp
    self.override_config('enforce_scope',
    ~~~~~~~~~~~~~~~~~~~~^^^^^^^^^^^^^^^^^
                         enforce_scope, 'oslo_policy')
                         ^^^^^^^^^^^^^^^^^^^^^^^^^^^^^

      File "/home/zhihao/hdd/marshal/benchmarks/cross-repo-pr-impact/results/single-case-pipeline-996511-995405-v1-2026-08-26/replay-work/formal-opendev-996511--target-995405/target-a1/cinder/tests/unit/test.py", line 353, in override_config
    CONF.set_override(name, override, group)
    ~~~~~~~~~~~~~~~~~^^^^^^^^^^^^^^^^^^^^^^^

      File "/home/zhihao/hdd/marshal/benchmarks/cross-repo-pr-impact/results/single-case-pipeline-996511-995405-v1-2026-08-26/replay-work/formal-opendev-996511--target-995405/target-a1/.tox/py3/lib/python3.13/site-packages/oslo_messaging/conffixture.py", line 84, in _wrapper
    return wrapped_function(*args, **kwargs)

      File "/home/zhihao/hdd/marshal/benchmarks/cross-repo-pr-impact/results/single-case-pipeline-996511-995405-v1-2026-08-26/replay-work/formal-opendev-996511--target-995405/target-a1/.tox/py3/lib/python3.13/site-packages/oslo_config/cfg.py", line 2430, in __inner
    result = f(self, *args, **kwargs)

      File "/home/zhihao/hdd/marshal/benchmarks/cross-repo-pr-impact/results/single-case-pipeline-996511-995405-v1-2026-08-26/replay-work/formal-opendev-996511--target-995405/target-a1/.tox/py3/lib/python3.13/site-packages/oslo_config/cfg.py", line 3085, in set_override
    opt_info = self._get_opt_info(name, group)

      File "/home/zhihao/hdd/marshal/benchmarks/cross-repo-pr-impact/results/single-case-pipeline-996511-995405-v1-2026-08-26/replay-work/formal-opendev-996511--target-995405/target-a1/.tox/py3/lib/python3.13/site-packages/oslo_config/cfg.py", line 3580, in _get_opt_info
    raise NoSuchOptError(opt_name, group)

    oslo_config.cfg.NoSuchOptError: no such option enforce_scope in group [oslo_policy]


Captured pythonlogging:
~~~~~~~~~~~~~~~~~~~~~~~
    2026-08-26 20:58:24,863 INFO [keystonemiddleware.auth_token] Starting Keystone auth_token middleware
2026-08-26 20:58:24,865 WARNING [keystonemiddleware._common.config] The option "auth_url" is not known to keystonemiddleware
2026-08-26 20:58:24,867 WARNING [keystonemiddleware.auth_token] Configuring www_authenticate_uri to point to the public identity endpoint is required; clients may not be able to authenticate against an admin endpoint

{54} cinder.tests.unit.policies.test_attachments.AttachmentsPolicySecureRbacTest.test_multiattach_bootable_volume_policy_2_legacy_owner [0.296570s] ... FAILED

Captured traceback:
~~~~~~~~~~~~~~~~~~~
    Traceback (most recent call last):

      File "/home/zhihao/hdd/marshal/benchmarks/cross-repo-pr-impact/results/single-case-pipeline-996511-995405-v1-2026-08-26/replay-work/formal-opendev-996511--target-995405/target-a1/cinder/tests/unit/policies/test_attachments.py", line 252, in setUp
    super().setUp(enforce_scope=False, enforce_new_defaults=True,
    ~~~~~~~~~~~~~^^^^^^^^^^^^^^^^^^^^^^^^^^^^^^^^^^^^^^^^^^^^^^^^
                  *args, **kwargs)
                  ^^^^^^^^^^^^^^^^

      File "/home/zhihao/hdd/marshal/benchmarks/cross-repo-pr-impact/results/single-case-pipeline-996511-995405-v1-2026-08-26/replay-work/formal-opendev-996511--target-995405/target-a1/cinder/tests/unit/policies/test_attachments.py", line 54, in setUp
    super().setUp(enforce_scope, enforce_new_defaults, *args, **kwargs)
    ~~~~~~~~~~~~~^^^^^^^^^^^^^^^^^^^^^^^^^^^^^^^^^^^^^^^^^^^^^^^^^^^^^^

      File "/home/zhihao/hdd/marshal/benchmarks/cross-repo-pr-impact/results/single-case-pipeline-996511-995405-v1-2026-08-26/replay-work/formal-opendev-996511--target-995405/target-a1/cinder/tests/unit/policies/base.py", line 51, in setUp
    self.override_config('enforce_scope',
    ~~~~~~~~~~~~~~~~~~~~^^^^^^^^^^^^^^^^^
                         enforce_scope, 'oslo_policy')
                         ^^^^^^^^^^^^^^^^^^^^^^^^^^^^^

      File "/home/zhihao/hdd/marshal/benchmarks/cross-repo-pr-impact/results/single-case-pipeline-996511-995405-v1-2026-08-26/replay-work/formal-opendev-996511--target-995405/target-a1/cinder/tests/unit/test.py", line 353, in override_config
    CONF.set_override(name, override, group)
    ~~~~~~~~~~~~~~~~~^^^^^^^^^^^^^^^^^^^^^^^

      File "/home/zhihao/hdd/marshal/benchmarks/cross-repo-pr-impact/results/single-case-pipeline-996511-995405-v1-2026-08-26/replay-work/formal-opendev-996511--target-995405/target-a1/.tox/py3/lib/python3.13/site-packages/oslo_messaging/conffixture.py", line 84, in _wrapper
    return wrapped_function(*args, **kwargs)

      File "/home/zhihao/hdd/marshal/benchmarks/cross-repo-pr-impact/results/single-case-pipeline-996511-995405-v1-2026-08-26/replay-work/formal-opendev-996511--target-995405/target-a1/.tox/py3/lib/python3.13/site-packages/oslo_config/cfg.py", line 2430, in __inner
    result = f(self, *args, **kwargs)

      File "/home/zhihao/hdd/marshal/benchmarks/cross-repo-pr-impact/results/single-case-pipeline-996511-995405-v1-2026-08-26/replay-work/formal-opendev-996511--target-995405/target-a1/.tox/py3/lib/python3.13/site-packages/oslo_config/cfg.py", line 3085, in set_override
    opt_info = self._get_opt_info(name, group)

      File "/home/zhihao/hdd/marshal/benchmarks/cross-repo-pr-impact/results/single-case-pipeline-996511-995405-v1-2026-08-26/replay-work/formal-opendev-996511--target-995405/target-a1/.tox/py3/lib/python3.13/site-packages/oslo_config/cfg.py", line 3580, in _get_opt_info
    raise NoSuchOptError(opt_name, group)

    oslo_config.cfg.NoSuchOptError: no such option enforce_scope in group [oslo_policy]


Captured pythonlogging:
~~~~~~~~~~~~~~~~~~~~~~~
    2026-08-26 20:58:24,881 INFO [keystonemiddleware.auth_token] Starting Keystone auth_token middleware
2026-08-26 20:58:24,882 WARNING [keystonemiddleware._common.config] The option "auth_url" is not known to keystonemiddleware
2026-08-26 20:58:24,885 WARNING [keystonemiddleware.auth_token] Configuring www_authenticate_uri to point to the public identity endpoint is required; clients may not be able to authenticate against an admin endpoint

{70} cinder.tests.unit.policies.test_attachments.AttachmentsPolicyTest.test_update_attachment_policy_5_project_member [0.293419s] ... FAILED

Captured traceback:
~~~~~~~~~~~~~~~~~~~
    Traceback (most recent call last):

      File "/home/zhihao/hdd/marshal/benchmarks/cross-repo-pr-impact/results/single-case-pipeline-996511-995405-v1-2026-08-26/replay-work/formal-opendev-996511--target-995405/target-a1/cinder/tests/unit/policies/test_attachments.py", line 54, in setUp
    super().setUp(enforce_scope, enforce_new_defaults, *args, **kwargs)
    ~~~~~~~~~~~~~^^^^^^^^^^^^^^^^^^^^^^^^^^^^^^^^^^^^^^^^^^^^^^^^^^^^^^

      File "/home/zhihao/hdd/marshal/benchmarks/cross-repo-pr-impact/results/single-case-pipeline-996511-995405-v1-2026-08-26/replay-work/formal-opendev-996511--target-995405/target-a1/cinder/tests/unit/policies/base.py", line 51, in setUp
    self.override_config('enforce_scope',
    ~~~~~~~~~~~~~~~~~~~~^^^^^^^^^^^^^^^^^
                         enforce_scope, 'oslo_policy')
                         ^^^^^^^^^^^^^^^^^^^^^^^^^^^^^

      File "/home/zhihao/hdd/marshal/benchmarks/cross-repo-pr-impact/results/single-case-pipeline-996511-995405-v1-2026-08-26/replay-work/formal-opendev-996511--target-995405/target-a1/cinder/tests/unit/test.py", line 353, in override_config
    CONF.set_override(name, override, group)
    ~~~~~~~~~~~~~~~~~^^^^^^^^^^^^^^^^^^^^^^^

      File "/home/zhihao/hdd/marshal/benchmarks/cross-repo-pr-impact/results/single-case-pipeline-996511-995405-v1-2026-08-26/replay-work/formal-opendev-996511--target-995405/target-a1/.tox/py3/lib/python3.13/site-packages/oslo_messaging/conffixture.py", line 84, in _wrapper
    return wrapped_function(*args, **kwargs)

      File "/home/zhihao/hdd/marshal/benchmarks/cross-repo-pr-impact/results/single-case-pipeline-996511-995405-v1-2026-08-26/replay-work/formal-opendev-996511--target-995405/target-a1/.tox/py3/lib/python3.13/site-packages/oslo_config/cfg.py", line 2430, in __inner
    result = f(self, *args, **kwargs)

      File "/home/zhihao/hdd/marshal/benchmarks/cross-repo-pr-impact/results/single-case-pipeline-996511-995405-v1-2026-08-26/replay-work/formal-opendev-996511--target-995405/target-a1/.tox/py3/lib/python3.13/site-packages/oslo_config/cfg.py", line 3085, in set_override
    opt_info = self._get_opt_info(name, group)

      File "/home/zhihao/hdd/marshal/benchmarks/cross-repo-pr-impact/results/single-case-pipeline-996511-995405-v1-2026-08-26/replay-work/formal-opendev-996511--target-995405/target-a1/.tox/py3/lib/python3.13/site-packages/oslo_config/cfg.py", line 3580, in _get_opt_info
    raise NoSuchOptError(opt_name, group)

    oslo_config.cfg.NoSuchOptError: no such option enforce_scope in group [oslo_policy]


Captured pythonlogging:
~~~~~~~~~~~~~~~~~~~~~~~
    2026-08-26 20:58:24,907 INFO [keystonemiddleware.auth_token] Starting Keystone auth_token middleware
2026-08-26 20:58:24,909 WARNING [keystonemiddleware._common.config] The option "auth_url" is not known to keystonemiddleware
2026-08-26 20:58:24,912 WARNING [keystonemiddleware.auth_token] Configuring www_authenticate_uri to point to the public identity endpoint is required; clients may not be able to authenticate against an admin endpoint

{30} cinder.tests.unit.policies.test_attachments.AttachmentsPolicySecureRbacTest.test_update_attachment_policy_4_project_admin [0.297343s] ... FAILED

Captured traceback:
~~~~~~~~~~~~~~~~~~~
    Traceback (most recent call last):

      File "/home/zhihao/hdd/marshal/benchmarks/cross-repo-pr-impact/results/single-case-pipeline-996511-995405-v1-2026-08-26/replay-work/formal-opendev-996511--target-995405/target-a1/cinder/tests/unit/policies/test_attachments.py", line 252, in setUp
    super().setUp(enforce_scope=False, enforce_new_defaults=True,
    ~~~~~~~~~~~~~^^^^^^^^^^^^^^^^^^^^^^^^^^^^^^^^^^^^^^^^^^^^^^^^
                  *args, **kwargs)
                  ^^^^^^^^^^^^^^^^

      File "/home/zhihao/hdd/marshal/benchmarks/cross-repo-pr-impact/results/single-case-pipeline-996511-995405-v1-2026-08-26/replay-work/formal-opendev-996511--target-995405/target-a1/cinder/tests/unit/policies/test_attachments.py", line 54, in setUp
    super().setUp(enforce_scope, enforce_new_defaults, *args, **kwargs)
    ~~~~~~~~~~~~~^^^^^^^^^^^^^^^^^^^^^^^^^^^^^^^^^^^^^^^^^^^^^^^^^^^^^^

      File "/home/zhihao/hdd/marshal/benchmarks/cross-repo-pr-impact/results/single-case-pipeline-996511-995405-v1-2026-08-26/replay-work/formal-opendev-996511--target-995405/target-a1/cinder/tests/unit/policies/base.py", line 51, in setUp
    self.override_config('enforce_scope',
    ~~~~~~~~~~~~~~~~~~~~^^^^^^^^^^^^^^^^^
                         enforce_scope, 'oslo_policy')
                         ^^^^^^^^^^^^^^^^^^^^^^^^^^^^^

      File "/home/zhihao/hdd/marshal/benchmarks/cross-repo-pr-impact/results/single-case-pipeline-996511-995405-v1-2026-08-26/replay-work/formal-opendev-996511--target-995405/target-a1/cinder/tests/unit/test.py", line 353, in override_config
    CONF.set_override(name, override, group)
    ~~~~~~~~~~~~~~~~~^^^^^^^^^^^^^^^^^^^^^^^

      File "/home/zhihao/hdd/marshal/benchmarks/cross-repo-pr-impact/results/single-case-pipeline-996511-995405-v1-2026-08-26/replay-work/formal-opendev-996511--target-995405/target-a1/.tox/py3/lib/python3.13/site-packages/oslo_messaging/conffixture.py", line 84, in _wrapper
    return wrapped_function(*args, **kwargs)

      File "/home/zhihao/hdd/marshal/benchmarks/cross-repo-pr-impact/results/single-case-pipeline-996511-995405-v1-2026-08-26/replay-work/formal-opendev-996511--target-995405/target-a1/.tox/py3/lib/python3.13/site-packages/oslo_config/cfg.py", line 2430, in __inner
    result = f(self, *args, **kwargs)

      File "/home/zhihao/hdd/marshal/benchmarks/cross-repo-pr-impact/results/single-case-pipeline-996511-995405-v1-2026-08-26/replay-work/formal-opendev-996511--target-995405/target-a1/.tox/py3/lib/python3.13/site-packages/oslo_config/cfg.py", line 3085, in set_override
    opt_info = self._get_opt_info(name, group)

      File "/home/zhihao/hdd/marshal/benchmarks/cross-repo-pr-impact/results/single-case-pipeline-996511-995405-v1-2026-08-26/replay-work/formal-opendev-996511--target-995405/target-a1/.tox/py3/lib/python3.13/site-packages/oslo_config/cfg.py", line 3580, in _get_opt_info
    raise NoSuchOptError(opt_name, group)

    oslo_config.cfg.NoSuchOptError: no such option enforce_scope in group [oslo_policy]


Captured pythonlogging:
~~~~~~~~~~~~~~~~~~~~~~~
    2026-08-26 20:58:24,927 INFO [keystonemiddleware.auth_token] Starting Keystone auth_token middleware
2026-08-26 20:58:24,929 WARNING [keystonemiddleware._common.config] The option "auth_url" is not known to keystonemiddleware
2026-08-26 20:58:24,932 WARNING [keystonemiddleware.auth_token] Configuring www_authenticate_uri to point to the public identity endpoint is required; clients may not be able to authenticate against an admin endpoint

{39} cinder.tests.unit.policies.test_attachments.AttachmentsPolicyTest.test_create_attachment_policy_1_legacy_admin [0.297817s] ... FAILED

Captured traceback:
~~~~~~~~~~~~~~~~~~~
    Traceback (most recent call last):

      File "/home/zhihao/hdd/marshal/benchmarks/cross-repo-pr-impact/results/single-case-pipeline-996511-995405-v1-2026-08-26/replay-work/formal-opendev-996511--target-995405/target-a1/cinder/tests/unit/policies/test_attachments.py", line 54, in setUp
    super().setUp(enforce_scope, enforce_new_defaults, *args, **kwargs)
    ~~~~~~~~~~~~~^^^^^^^^^^^^^^^^^^^^^^^^^^^^^^^^^^^^^^^^^^^^^^^^^^^^^^

      File "/home/zhihao/hdd/marshal/benchmarks/cross-repo-pr-impact/results/single-case-pipeline-996511-995405-v1-2026-08-26/replay-work/formal-opendev-996511--target-995405/target-a1/cinder/tests/unit/policies/base.py", line 51, in setUp
    self.override_config('enforce_scope',
    ~~~~~~~~~~~~~~~~~~~~^^^^^^^^^^^^^^^^^
                         enforce_scope, 'oslo_policy')
                         ^^^^^^^^^^^^^^^^^^^^^^^^^^^^^

      File "/home/zhihao/hdd/marshal/benchmarks/cross-repo-pr-impact/results/single-case-pipeline-996511-995405-v1-2026-08-26/replay-work/formal-opendev-996511--target-995405/target-a1/cinder/tests/unit/test.py", line 353, in override_config
    CONF.set_override(name, override, group)
    ~~~~~~~~~~~~~~~~~^^^^^^^^^^^^^^^^^^^^^^^

      File "/home/zhihao/hdd/marshal/benchmarks/cross-repo-pr-impact/results/single-case-pipeline-996511-995405-v1-2026-08-26/replay-work/formal-opendev-996511--target-995405/target-a1/.tox/py3/lib/python3.13/site-packages/oslo_messaging/conffixture.py", line 84, in _wrapper
    return wrapped_function(*args, **kwargs)

      File "/home/zhihao/hdd/marshal/benchmarks/cross-repo-pr-impact/results/single-case-pipeline-996511-995405-v1-2026-08-26/replay-work/formal-opendev-996511--target-995405/target-a1/.tox/py3/lib/python3.13/site-packages/oslo_config/cfg.py", line 2430, in __inner
    result = f(self, *args, **kwargs)

      File "/home/zhihao/hdd/marshal/benchmarks/cross-repo-pr-impact/results/single-case-pipeline-996511-995405-v1-2026-08-26/replay-work/formal-opendev-996511--target-995405/target-a1/.tox/py3/lib/python3.13/site-packages/oslo_config/cfg.py", line 3085, in set_override
    opt_info = self._get_opt_info(name, group)

      File "/home/zhihao/hdd/marshal/benchmarks/cross-repo-pr-impact/results/single-case-pipeline-996511-995405-v1-2026-08-26/replay-work/formal-opendev-996511--target-995405/target-a1/.tox/py3/lib/python3.13/site-packages/oslo_config/cfg.py", line 3580, in _get_opt_info
    raise NoSuchOptError(opt_name, group)

    oslo_config.cfg.NoSuchOptError: no such option enforce_scope in group [oslo_policy]


Captured pythonlogging:
~~~~~~~~~~~~~~~~~~~~~~~
    2026-08-26 20:58:24,956 INFO [keystonemiddleware.auth_token] Starting Keystone auth_token middleware
2026-08-26 20:58:24,958 WARNING [keystonemiddleware._common.config] The option "auth_url" is not known to keystonemiddleware
2026-08-26 20:58:24,961 WARNING [keystonemiddleware.auth_token] Configuring www_authenticate_uri to point to the public identity endpoint is required; clients may not be able to authenticate against an admin endpoint

{6} cinder.tests.unit.policies.test_attachments.AttachmentsPolicySecureRbacTest.test_complete_attachment_policy_6_project_reader [0.291515s] ... FAILED

Captured traceback:
~~~~~~~~~~~~~~~~~~~
    Traceback (most recent call last):

      File "/home/zhihao/hdd/marshal/benchmarks/cross-repo-pr-impact/results/single-case-pipeline-996511-995405-v1-2026-08-26/replay-work/formal-opendev-996511--target-995405/target-a1/cinder/tests/unit/policies/test_attachments.py", line 252, in setUp
    super().setUp(enforce_scope=False, enforce_new_defaults=True,
    ~~~~~~~~~~~~~^^^^^^^^^^^^^^^^^^^^^^^^^^^^^^^^^^^^^^^^^^^^^^^^
                  *args, **kwargs)
                  ^^^^^^^^^^^^^^^^

      File "/home/zhihao/hdd/marshal/benchmarks/cross-repo-pr-impact/results/single-case-pipeline-996511-995405-v1-2026-08-26/replay-work/formal-opendev-996511--target-995405/target-a1/cinder/tests/unit/policies/test_attachments.py", line 54, in setUp
    super().setUp(enforce_scope, enforce_new_defaults, *args, **kwargs)
    ~~~~~~~~~~~~~^^^^^^^^^^^^^^^^^^^^^^^^^^^^^^^^^^^^^^^^^^^^^^^^^^^^^^

      File "/home/zhihao/hdd/marshal/benchmarks/cross-repo-pr-impact/results/single-case-pipeline-996511-995405-v1-2026-08-26/replay-work/formal-opendev-996511--target-995405/target-a1/cinder/tests/unit/policies/base.py", line 51, in setUp
    self.override_config('enforce_scope',
    ~~~~~~~~~~~~~~~~~~~~^^^^^^^^^^^^^^^^^
                         enforce_scope, 'oslo_policy')
                         ^^^^^^^^^^^^^^^^^^^^^^^^^^^^^

      File "/home/zhihao/hdd/marshal/benchmarks/cross-repo-pr-impact/results/single-case-pipeline-996511-995405-v1-2026-08-26/replay-work/formal-opendev-996511--target-995405/target-a1/cinder/tests/unit/test.py", line 353, in override_config
    CONF.set_override(name, override, group)
    ~~~~~~~~~~~~~~~~~^^^^^^^^^^^^^^^^^^^^^^^

      File "/home/zhihao/hdd/marshal/benchmarks/cross-repo-pr-impact/results/single-case-pipeline-996511-995405-v1-2026-08-26/replay-work/formal-opendev-996511--target-995405/target-a1/.tox/py3/lib/python3.13/site-packages/oslo_messaging/conffixture.py", line 84, in _wrapper
    return wrapped_function(*args, **kwargs)

      File "/home/zhihao/hdd/marshal/benchmarks/cross-repo-pr-impact/results/single-case-pipeline-996511-995405-v1-2026-08-26/replay-work/formal-opendev-996511--target-995405/target-a1/.tox/py3/lib/python3.13/site-packages/oslo_config/cfg.py", line 2430, in __inner
    result = f(self, *args, **kwargs)

      File "/home/zhihao/hdd/marshal/benchmarks/cross-repo-pr-impact/results/single-case-pipeline-996511-995405-v1-2026-08-26/replay-work/formal-opendev-996511--target-995405/target-a1/.tox/py3/lib/python3.13/site-packages/oslo_config/cfg.py", line 3085, in set_override
    opt_info = self._get_opt_info(name, group)

      File "/home/zhihao/hdd/marshal/benchmarks/cross-repo-pr-impact/results/single-case-pipeline-996511-995405-v1-2026-08-26/replay-work/formal-opendev-996511--target-995405/target-a1/.tox/py3/lib/python3.13/site-packages/oslo_config/cfg.py", line 3580, in _get_opt_info
    raise NoSuchOptError(opt_name, group)

    oslo_config.cfg.NoSuchOptError: no such option enforce_scope in group [oslo_policy]


Captured pythonlogging:
~~~~~~~~~~~~~~~~~~~~~~~
    2026-08-26 20:58:24,966 INFO [keystonemiddleware.auth_token] Starting Keystone auth_token middleware
2026-08-26 20:58:24,968 WARNING [keystonemiddleware._common.config] The option "auth_url" is not known to keystonemiddleware
2026-08-26 20:58:24,971 WARNING [keystonemiddleware.auth_token] Configuring www_authenticate_uri to point to the public identity endpoint is required; clients may not be able to authenticate against an admin endpoint

{63} cinder.tests.unit.policies.test_attachments.AttachmentsPolicyTest.test_multiattach_bootable_volume_policy_1_legacy_admin [0.493075s] ... FAILED

Captured traceback:
~~~~~~~~~~~~~~~~~~~
    Traceback (most recent call last):

      File "/home/zhihao/hdd/marshal/benchmarks/cross-repo-pr-impact/results/single-case-pipeline-996511-995405-v1-2026-08-26/replay-work/formal-opendev-996511--target-995405/target-a1/cinder/tests/unit/policies/test_attachments.py", line 54, in setUp
    super().setUp(enforce_scope, enforce_new_defaults, *args, **kwargs)
    ~~~~~~~~~~~~~^^^^^^^^^^^^^^^^^^^^^^^^^^^^^^^^^^^^^^^^^^^^^^^^^^^^^^

      File "/home/zhihao/hdd/marshal/benchmarks/cross-repo-pr-impact/results/single-case-pipeline-996511-995405-v1-2026-08-26/replay-work/formal-opendev-996511--target-995405/target-a1/cinder/tests/unit/policies/base.py", line 51, in setUp
    self.override_config('enforce_scope',
    ~~~~~~~~~~~~~~~~~~~~^^^^^^^^^^^^^^^^^
                         enforce_scope, 'oslo_policy')
                         ^^^^^^^^^^^^^^^^^^^^^^^^^^^^^

      File "/home/zhihao/hdd/marshal/benchmarks/cross-repo-pr-impact/results/single-case-pipeline-996511-995405-v1-2026-08-26/replay-work/formal-opendev-996511--target-995405/target-a1/cinder/tests/unit/test.py", line 353, in override_config
    CONF.set_override(name, override, group)
    ~~~~~~~~~~~~~~~~~^^^^^^^^^^^^^^^^^^^^^^^

      File "/home/zhihao/hdd/marshal/benchmarks/cross-repo-pr-impact/results/single-case-pipeline-996511-995405-v1-2026-08-26/replay-work/formal-opendev-996511--target-995405/target-a1/.tox/py3/lib/python3.13/site-packages/oslo_messaging/conffixture.py", line 84, in _wrapper
    return wrapped_function(*args, **kwargs)

      File "/home/zhihao/hdd/marshal/benchmarks/cross-repo-pr-impact/results/single-case-pipeline-996511-995405-v1-2026-08-26/replay-work/formal-opendev-996511--target-995405/target-a1/.tox/py3/lib/python3.13/site-packages/oslo_config/cfg.py", line 2430, in __inner
    result = f(self, *args, **kwargs)

      File "/home/zhihao/hdd/marshal/benchmarks/cross-repo-pr-impact/results/single-case-pipeline-996511-995405-v1-2026-08-26/replay-work/formal-opendev-996511--target-995405/target-a1/.tox/py3/lib/python3.13/site-packages/oslo_config/cfg.py", line 3085, in set_override
    opt_info = self._get_opt_info(name, group)

      File "/home/zhihao/hdd/marshal/benchmarks/cross-repo-pr-impact/results/single-case-pipeline-996511-995405-v1-2026-08-26/replay-work/formal-opendev-996511--target-995405/target-a1/.tox/py3/lib/python3.13/site-packages/oslo_config/cfg.py", line 3580, in _get_opt_info
    raise NoSuchOptError(opt_name, group)

    oslo_config.cfg.NoSuchOptError: no such option enforce_scope in group [oslo_policy]


Captured pythonlogging:
~~~~~~~~~~~~~~~~~~~~~~~
    2026-08-26 20:58:24,826 INFO [keystonemiddleware.auth_token] Starting Keystone auth_token middleware
2026-08-26 20:58:24,830 WARNING [keystonemiddleware._common.config] The option "auth_url" is not known to keystonemiddleware
2026-08-26 20:58:24,835 WARNING [keystonemiddleware.auth_token] Configuring www_authenticate_uri to point to the public identity endpoint is required; clients may not be able to authenticate against an admin endpoint

{31} cinder.tests.unit.policies.test_attachments.AttachmentsPolicyTest.test_complete_attachment_policy_6_project_reader [0.302134s] ... FAILED

Captured traceback:
~~~~~~~~~~~~~~~~~~~
    Traceback (most recent call last):

      File "/home/zhihao/hdd/marshal/benchmarks/cross-repo-pr-impact/results/single-case-pipeline-996511-995405-v1-2026-08-26/replay-work/formal-opendev-996511--target-995405/target-a1/cinder/tests/unit/policies/test_attachments.py", line 54, in setUp
    super().setUp(enforce_scope, enforce_new_defaults, *args, **kwargs)
    ~~~~~~~~~~~~~^^^^^^^^^^^^^^^^^^^^^^^^^^^^^^^^^^^^^^^^^^^^^^^^^^^^^^

      File "/home/zhihao/hdd/marshal/benchmarks/cross-repo-pr-impact/results/single-case-pipeline-996511-995405-v1-2026-08-26/replay-work/formal-opendev-996511--target-995405/target-a1/cinder/tests/unit/policies/base.py", line 51, in setUp
    self.override_config('enforce_scope',
    ~~~~~~~~~~~~~~~~~~~~^^^^^^^^^^^^^^^^^
                         enforce_scope, 'oslo_policy')
                         ^^^^^^^^^^^^^^^^^^^^^^^^^^^^^

      File "/home/zhihao/hdd/marshal/benchmarks/cross-repo-pr-impact/results/single-case-pipeline-996511-995405-v1-2026-08-26/replay-work/formal-opendev-996511--target-995405/target-a1/cinder/tests/unit/test.py", line 353, in override_config
    CONF.set_override(name, override, group)
    ~~~~~~~~~~~~~~~~~^^^^^^^^^^^^^^^^^^^^^^^

      File "/home/zhihao/hdd/marshal/benchmarks/cross-repo-pr-impact/results/single-case-pipeline-996511-995405-v1-2026-08-26/replay-work/formal-opendev-996511--target-995405/target-a1/.tox/py3/lib/python3.13/site-packages/oslo_messaging/conffixture.py", line 84, in _wrapper
    return wrapped_function(*args, **kwargs)

      File "/home/zhihao/hdd/marshal/benchmarks/cross-repo-pr-impact/results/single-case-pipeline-996511-995405-v1-2026-08-26/replay-work/formal-opendev-996511--target-995405/target-a1/.tox/py3/lib/python3.13/site-packages/oslo_config/cfg.py", line 2430, in __inner
    result = f(self, *args, **kwargs)

      File "/home/zhihao/hdd/marshal/benchmarks/cross-repo-pr-impact/results/single-case-pipeline-996511-995405-v1-2026-08-26/replay-work/formal-opendev-996511--target-995405/target-a1/.tox/py3/lib/python3.13/site-packages/oslo_config/cfg.py", line 3085, in set_override
    opt_info = self._get_opt_info(name, group)

      File "/home/zhihao/hdd/marshal/benchmarks/cross-repo-pr-impact/results/single-case-pipeline-996511-995405-v1-2026-08-26/replay-work/formal-opendev-996511--target-995405/target-a1/.tox/py3/lib/python3.13/site-packages/oslo_config/cfg.py", line 3580, in _get_opt_info
    raise NoSuchOptError(opt_name, group)

    oslo_config.cfg.NoSuchOptError: no such option enforce_scope in group [oslo_policy]


Captured pythonlogging:
~~~~~~~~~~~~~~~~~~~~~~~
    2026-08-26 20:58:25,018 INFO [keystonemiddleware.auth_token] Starting Keystone auth_token middleware
2026-08-26 20:58:25,020 WARNING [keystonemiddleware._common.config] The option "auth_url" is not known to keystonemiddleware
2026-08-26 20:58:25,022 WARNING [keystonemiddleware.auth_token] Configuring www_authenticate_uri to point to the public identity endpoint is required; clients may not be able to authenticate against an admin endpoint

{50} cinder.tests.unit.policies.test_attachments.AttachmentsPolicyTest.test_multiattach_bootable_volume_policy_4_project_admin [0.301287s] ... FAILED

Captured traceback:
~~~~~~~~~~~~~~~~~~~
    Traceback (most recent call last):

      File "/home/zhihao/hdd/marshal/benchmarks/cross-repo-pr-impact/results/single-case-pipeline-996511-995405-v1-2026-08-26/replay-work/formal-opendev-996511--target-995405/target-a1/cinder/tests/unit/policies/test_attachments.py", line 54, in setUp
    super().setUp(enforce_scope, enforce_new_defaults, *args, **kwargs)
    ~~~~~~~~~~~~~^^^^^^^^^^^^^^^^^^^^^^^^^^^^^^^^^^^^^^^^^^^^^^^^^^^^^^

      File "/home/zhihao/hdd/marshal/benchmarks/cross-repo-pr-impact/results/single-case-pipeline-996511-995405-v1-2026-08-26/replay-work/formal-opendev-996511--target-995405/target-a1/cinder/tests/unit/policies/base.py", line 51, in setUp
    self.override_config('enforce_scope',
    ~~~~~~~~~~~~~~~~~~~~^^^^^^^^^^^^^^^^^
                         enforce_scope, 'oslo_policy')
                         ^^^^^^^^^^^^^^^^^^^^^^^^^^^^^

      File "/home/zhihao/hdd/marshal/benchmarks/cross-repo-pr-impact/results/single-case-pipeline-996511-995405-v1-2026-08-26/replay-work/formal-opendev-996511--target-995405/target-a1/cinder/tests/unit/test.py", line 353, in override_config
    CONF.set_override(name, override, group)
    ~~~~~~~~~~~~~~~~~^^^^^^^^^^^^^^^^^^^^^^^

      File "/home/zhihao/hdd/marshal/benchmarks/cross-repo-pr-impact/results/single-case-pipeline-996511-995405-v1-2026-08-26/replay-work/formal-opendev-996511--target-995405/target-a1/.tox/py3/lib/python3.13/site-packages/oslo_messaging/conffixture.py", line 84, in _wrapper
    return wrapped_function(*args, **kwargs)

      File "/home/zhihao/hdd/marshal/benchmarks/cross-repo-pr-impact/results/single-case-pipeline-996511-995405-v1-2026-08-26/replay-work/formal-opendev-996511--target-995405/target-a1/.tox/py3/lib/python3.13/site-packages/oslo_config/cfg.py", line 2430, in __inner
    result = f(self, *args, **kwargs)

      File "/home/zhihao/hdd/marshal/benchmarks/cross-repo-pr-impact/results/single-case-pipeline-996511-995405-v1-2026-08-26/replay-work/formal-opendev-996511--target-995405/target-a1/.tox/py3/lib/python3.13/site-packages/oslo_config/cfg.py", line 3085, in set_override
    opt_info = self._get_opt_info(name, group)

      File "/home/zhihao/hdd/marshal/benchmarks/cross-repo-pr-impact/results/single-case-pipeline-996511-995405-v1-2026-08-26/replay-work/formal-opendev-996511--target-995405/target-a1/.tox/py3/lib/python3.13/site-packages/oslo_config/cfg.py", line 3580, in _get_opt_info
    raise NoSuchOptError(opt_name, group)

    oslo_config.cfg.NoSuchOptError: no such option enforce_scope in group [oslo_policy]


Captured pythonlogging:
~~~~~~~~~~~~~~~~~~~~~~~
    2026-08-26 20:58:25,044 INFO [keystonemiddleware.auth_token] Starting Keystone auth_token middleware
2026-08-26 20:58:25,045 WARNING [keystonemiddleware._common.config] The option "auth_url" is not known to keystonemiddleware
2026-08-26 20:58:25,048 WARNING [keystonemiddleware.auth_token] Configuring www_authenticate_uri to point to the public identity endpoint is required; clients may not be able to authenticate against an admin endpoint

{38} cinder.tests.unit.policies.test_attachments.AttachmentsPolicyTest.test_complete_attachment_policy_4_project_admin [0.300766s] ... FAILED

Captured traceback:
~~~~~~~~~~~~~~~~~~~
    Traceback (most recent call last):

      File "/home/zhihao/hdd/marshal/benchmarks/cross-repo-pr-impact/results/single-case-pipeline-996511-995405-v1-2026-08-26/replay-work/formal-opendev-996511--target-995405/target-a1/cinder/tests/unit/policies/test_attachments.py", line 54, in setUp
    super().setUp(enforce_scope, enforce_new_defaults, *args, **kwargs)
    ~~~~~~~~~~~~~^^^^^^^^^^^^^^^^^^^^^^^^^^^^^^^^^^^^^^^^^^^^^^^^^^^^^^

      File "/home/zhihao/hdd/marshal/benchmarks/cross-repo-pr-impact/results/single-case-pipeline-996511-995405-v1-2026-08-26/replay-work/formal-opendev-996511--target-995405/target-a1/cinder/tests/unit/policies/base.py", line 51, in setUp
    self.override_config('enforce_scope',
    ~~~~~~~~~~~~~~~~~~~~^^^^^^^^^^^^^^^^^
                         enforce_scope, 'oslo_policy')
                         ^^^^^^^^^^^^^^^^^^^^^^^^^^^^^

      File "/home/zhihao/hdd/marshal/benchmarks/cross-repo-pr-impact/results/single-case-pipeline-996511-995405-v1-2026-08-26/replay-work/formal-opendev-996511--target-995405/target-a1/cinder/tests/unit/test.py", line 353, in override_config
    CONF.set_override(name, override, group)
    ~~~~~~~~~~~~~~~~~^^^^^^^^^^^^^^^^^^^^^^^

      File "/home/zhihao/hdd/marshal/benchmarks/cross-repo-pr-impact/results/single-case-pipeline-996511-995405-v1-2026-08-26/replay-work/formal-opendev-996511--target-995405/target-a1/.tox/py3/lib/python3.13/site-packages/oslo_messaging/conffixture.py", line 84, in _wrapper
    return wrapped_function(*args, **kwargs)

      File "/home/zhihao/hdd/marshal/benchmarks/cross-repo-pr-impact/results/single-case-pipeline-996511-995405-v1-2026-08-26/replay-work/formal-opendev-996511--target-995405/target-a1/.tox/py3/lib/python3.13/site-packages/oslo_config/cfg.py", line 2430, in __inner
    result = f(self, *args, **kwargs)

      File "/home/zhihao/hdd/marshal/benchmarks/cross-repo-pr-impact/results/single-case-pipeline-996511-995405-v1-2026-08-26/replay-work/formal-opendev-996511--target-995405/target-a1/.tox/py3/lib/python3.13/site-packages/oslo_config/cfg.py", line 3085, in set_override
    opt_info = self._get_opt_info(name, group)

      File "/home/zhihao/hdd/marshal/benchmarks/cross-repo-pr-impact/results/single-case-pipeline-996511-995405-v1-2026-08-26/replay-work/formal-opendev-996511--target-995405/target-a1/.tox/py3/lib/python3.13/site-packages/oslo_config/cfg.py", line 3580, in _get_opt_info
    raise NoSuchOptError(opt_name, group)

    oslo_config.cfg.NoSuchOptError: no such option enforce_scope in group [oslo_policy]


Captured pythonlogging:
~~~~~~~~~~~~~~~~~~~~~~~
    2026-08-26 20:58:25,078 INFO [keystonemiddleware.auth_token] Starting Keystone auth_token middleware
2026-08-26 20:58:25,080 WARNING [keystonemiddleware._common.config] The option "auth_url" is not known to keystonemiddleware
2026-08-26 20:58:25,083 WARNING [keystonemiddleware.auth_token] Configuring www_authenticate_uri to point to the public identity endpoint is required; clients may not be able to authenticate against an admin endpoint

{56} cinder.tests.unit.policies.test_attachments.AttachmentsPolicyTest.test_multiattach_bootable_volume_policy_2_legacy_owner [0.307656s] ... FAILED

Captured traceback:
~~~~~~~~~~~~~~~~~~~
    Traceback (most recent call last):

      File "/home/zhihao/hdd/marshal/benchmarks/cross-repo-pr-impact/results/single-case-pipeline-996511-995405-v1-2026-08-26/replay-work/formal-opendev-996511--target-995405/target-a1/cinder/tests/unit/policies/test_attachments.py", line 54, in setUp
    super().setUp(enforce_scope, enforce_new_defaults, *args, **kwargs)
    ~~~~~~~~~~~~~^^^^^^^^^^^^^^^^^^^^^^^^^^^^^^^^^^^^^^^^^^^^^^^^^^^^^^

      File "/home/zhihao/hdd/marshal/benchmarks/cross-repo-pr-impact/results/single-case-pipeline-996511-995405-v1-2026-08-26/replay-work/formal-opendev-996511--target-995405/target-a1/cinder/tests/unit/policies/base.py", line 51, in setUp
    self.override_config('enforce_scope',
    ~~~~~~~~~~~~~~~~~~~~^^^^^^^^^^^^^^^^^
                         enforce_scope, 'oslo_policy')
                         ^^^^^^^^^^^^^^^^^^^^^^^^^^^^^

      File "/home/zhihao/hdd/marshal/benchmarks/cross-repo-pr-impact/results/single-case-pipeline-996511-995405-v1-2026-08-26/replay-work/formal-opendev-996511--target-995405/target-a1/cinder/tests/unit/test.py", line 353, in override_config
    CONF.set_override(name, override, group)
    ~~~~~~~~~~~~~~~~~^^^^^^^^^^^^^^^^^^^^^^^

      File "/home/zhihao/hdd/marshal/benchmarks/cross-repo-pr-impact/results/single-case-pipeline-996511-995405-v1-2026-08-26/replay-work/formal-opendev-996511--target-995405/target-a1/.tox/py3/lib/python3.13/site-packages/oslo_messaging/conffixture.py", line 84, in _wrapper
    return wrapped_function(*args, **kwargs)

      File "/home/zhihao/hdd/marshal/benchmarks/cross-repo-pr-impact/results/single-case-pipeline-996511-995405-v1-2026-08-26/replay-work/formal-opendev-996511--target-995405/target-a1/.tox/py3/lib/python3.13/site-packages/oslo_config/cfg.py", line 2430, in __inner
    result = f(self, *args, **kwargs)

      File "/home/zhihao/hdd/marshal/benchmarks/cross-repo-pr-impact/results/single-case-pipeline-996511-995405-v1-2026-08-26/replay-work/formal-opendev-996511--target-995405/target-a1/.tox/py3/lib/python3.13/site-packages/oslo_config/cfg.py", line 3085, in set_override
    opt_info = self._get_opt_info(name, group)

      File "/home/zhihao/hdd/marshal/benchmarks/cross-repo-pr-impact/results/single-case-pipeline-996511-995405-v1-2026-08-26/replay-work/formal-opendev-996511--target-995405/target-a1/.tox/py3/lib/python3.13/site-packages/oslo_config/cfg.py", line 3580, in _get_opt_info
    raise NoSuchOptError(opt_name, group)

    oslo_config.cfg.NoSuchOptError: no such option enforce_scope in group [oslo_policy]


Captured pythonlogging:
~~~~~~~~~~~~~~~~~~~~~~~
    2026-08-26 20:58:25,096 INFO [keystonemiddleware.auth_token] Starting Keystone auth_token middleware
2026-08-26 20:58:25,098 WARNING [keystonemiddleware._common.config] The option "auth_url" is not known to keystonemiddleware
2026-08-26 20:58:25,101 WARNING [keystonemiddleware.auth_token] Configuring www_authenticate_uri to point to the public identity endpoint is required; clients may not be able to authenticate against an admin endpoint

{48} cinder.tests.unit.policies.test_attachments.AttachmentsPolicyTest.test_delete_attachment_policy_7_project_foo [0.362274s] ... FAILED

Captured traceback:
~~~~~~~~~~~~~~~~~~~
    Traceback (most recent call last):

      File "/home/zhihao/hdd/marshal/benchmarks/cross-repo-pr-impact/results/single-case-pipeline-996511-995405-v1-2026-08-26/replay-work/formal-opendev-996511--target-995405/target-a1/cinder/tests/unit/policies/test_attachments.py", line 54, in setUp
    super().setUp(enforce_scope, enforce_new_defaults, *args, **kwargs)
    ~~~~~~~~~~~~~^^^^^^^^^^^^^^^^^^^^^^^^^^^^^^^^^^^^^^^^^^^^^^^^^^^^^^

      File "/home/zhihao/hdd/marshal/benchmarks/cross-repo-pr-impact/results/single-case-pipeline-996511-995405-v1-2026-08-26/replay-work/formal-opendev-996511--target-995405/target-a1/cinder/tests/unit/policies/base.py", line 51, in setUp
    self.override_config('enforce_scope',
    ~~~~~~~~~~~~~~~~~~~~^^^^^^^^^^^^^^^^^
                         enforce_scope, 'oslo_policy')
                         ^^^^^^^^^^^^^^^^^^^^^^^^^^^^^

      File "/home/zhihao/hdd/marshal/benchmarks/cross-repo-pr-impact/results/single-case-pipeline-996511-995405-v1-2026-08-26/replay-work/formal-opendev-996511--target-995405/target-a1/cinder/tests/unit/test.py", line 353, in override_config
    CONF.set_override(name, override, group)
    ~~~~~~~~~~~~~~~~~^^^^^^^^^^^^^^^^^^^^^^^

      File "/home/zhihao/hdd/marshal/benchmarks/cross-repo-pr-impact/results/single-case-pipeline-996511-995405-v1-2026-08-26/replay-work/formal-opendev-996511--target-995405/target-a1/.tox/py3/lib/python3.13/site-packages/oslo_messaging/conffixture.py", line 84, in _wrapper
    return wrapped_function(*args, **kwargs)

      File "/home/zhihao/hdd/marshal/benchmarks/cross-repo-pr-impact/results/single-case-pipeline-996511-995405-v1-2026-08-26/replay-work/formal-opendev-996511--target-995405/target-a1/.tox/py3/lib/python3.13/site-packages/oslo_config/cfg.py", line 2430, in __inner
    result = f(self, *args, **kwargs)

      File "/home/zhihao/hdd/marshal/benchmarks/cross-repo-pr-impact/results/single-case-pipeline-996511-995405-v1-2026-08-26/replay-work/formal-opendev-996511--target-995405/target-a1/.tox/py3/lib/python3.13/site-packages/oslo_config/cfg.py", line 3085, in set_override
    opt_info = self._get_opt_info(name, group)

      File "/home/zhihao/hdd/marshal/benchmarks/cross-repo-pr-impact/results/single-case-pipeline-996511-995405-v1-2026-08-26/replay-work/formal-opendev-996511--target-995405/target-a1/.tox/py3/lib/python3.13/site-packages/oslo_config/cfg.py", line 3580, in _get_opt_info
    raise NoSuchOptError(opt_name, group)

    oslo_config.cfg.NoSuchOptError: no such option enforce_scope in group [oslo_policy]


Captured pythonlogging:
~~~~~~~~~~~~~~~~~~~~~~~
    2026-08-26 20:58:25,101 INFO [keystonemiddleware.auth_token] Starting Keystone auth_token middleware
2026-08-26 20:58:25,102 WARNING [keystonemiddleware._common.config] The option "auth_url" is not known to keystonemiddleware
2026-08-26 20:58:25,105 WARNING [keystonemiddleware.auth_token] Configuring www_authenticate_uri to point to the public identity endpoint is required; clients may not be able to authenticate against an admin endpoint

{76} cinder.tests.unit.policies.test_attachments.AttachmentsPolicySecureRbacTest.test_create_attachment_policy_2_legacy_owner [0.305601s] ... FAILED

Captured traceback:
~~~~~~~~~~~~~~~~~~~
    Traceback (most recent call last):

      File "/home/zhihao/hdd/marshal/benchmarks/cross-repo-pr-impact/results/single-case-pipeline-996511-995405-v1-2026-08-26/replay-work/formal-opendev-996511--target-995405/target-a1/cinder/tests/unit/policies/test_attachments.py", line 252, in setUp
    super().setUp(enforce_scope=False, enforce_new_defaults=True,
    ~~~~~~~~~~~~~^^^^^^^^^^^^^^^^^^^^^^^^^^^^^^^^^^^^^^^^^^^^^^^^
                  *args, **kwargs)
                  ^^^^^^^^^^^^^^^^

      File "/home/zhihao/hdd/marshal/benchmarks/cross-repo-pr-impact/results/single-case-pipeline-996511-995405-v1-2026-08-26/replay-work/formal-opendev-996511--target-995405/target-a1/cinder/tests/unit/policies/test_attachments.py", line 54, in setUp
    super().setUp(enforce_scope, enforce_new_defaults, *args, **kwargs)
    ~~~~~~~~~~~~~^^^^^^^^^^^^^^^^^^^^^^^^^^^^^^^^^^^^^^^^^^^^^^^^^^^^^^

      File "/home/zhihao/hdd/marshal/benchmarks/cross-repo-pr-impact/results/single-case-pipeline-996511-995405-v1-2026-08-26/replay-work/formal-opendev-996511--target-995405/target-a1/cinder/tests/unit/policies/base.py", line 51, in setUp
    self.override_config('enforce_scope',
    ~~~~~~~~~~~~~~~~~~~~^^^^^^^^^^^^^^^^^
                         enforce_scope, 'oslo_policy')
                         ^^^^^^^^^^^^^^^^^^^^^^^^^^^^^

      File "/home/zhihao/hdd/marshal/benchmarks/cross-repo-pr-impact/results/single-case-pipeline-996511-995405-v1-2026-08-26/replay-work/formal-opendev-996511--target-995405/target-a1/cinder/tests/unit/test.py", line 353, in override_config
    CONF.set_override(name, override, group)
    ~~~~~~~~~~~~~~~~~^^^^^^^^^^^^^^^^^^^^^^^

      File "/home/zhihao/hdd/marshal/benchmarks/cross-repo-pr-impact/results/single-case-pipeline-996511-995405-v1-2026-08-26/replay-work/formal-opendev-996511--target-995405/target-a1/.tox/py3/lib/python3.13/site-packages/oslo_messaging/conffixture.py", line 84, in _wrapper
    return wrapped_function(*args, **kwargs)

      File "/home/zhihao/hdd/marshal/benchmarks/cross-repo-pr-impact/results/single-case-pipeline-996511-995405-v1-2026-08-26/replay-work/formal-opendev-996511--target-995405/target-a1/.tox/py3/lib/python3.13/site-packages/oslo_config/cfg.py", line 2430, in __inner
    result = f(self, *args, **kwargs)

      File "/home/zhihao/hdd/marshal/benchmarks/cross-repo-pr-impact/results/single-case-pipeline-996511-995405-v1-2026-08-26/replay-work/formal-opendev-996511--target-995405/target-a1/.tox/py3/lib/python3.13/site-packages/oslo_config/cfg.py", line 3085, in set_override
    opt_info = self._get_opt_info(name, group)

      File "/home/zhihao/hdd/marshal/benchmarks/cross-repo-pr-impact/results/single-case-pipeline-996511-995405-v1-2026-08-26/replay-work/formal-opendev-996511--target-995405/target-a1/.tox/py3/lib/python3.13/site-packages/oslo_config/cfg.py", line 3580, in _get_opt_info
    raise NoSuchOptError(opt_name, group)

    oslo_config.cfg.NoSuchOptError: no such option enforce_scope in group [oslo_policy]


Captured pythonlogging:
~~~~~~~~~~~~~~~~~~~~~~~
    2026-08-26 20:58:25,176 INFO [keystonemiddleware.auth_token] Starting Keystone auth_token middleware
2026-08-26 20:58:25,177 WARNING [keystonemiddleware._common.config] The option "auth_url" is not known to keystonemiddleware
2026-08-26 20:58:25,180 WARNING [keystonemiddleware.auth_token] Configuring www_authenticate_uri to point to the public identity endpoint is required; clients may not be able to authenticate against an admin endpoint

{45} cinder.tests.unit.policies.test_attachments.AttachmentsPolicyTest.test_create_attachment_policy_7_project_foo [0.310729s] ... FAILED

Captured traceback:
~~~~~~~~~~~~~~~~~~~
    Traceback (most recent call last):

      File "/home/zhihao/hdd/marshal/benchmarks/cross-repo-pr-impact/results/single-case-pipeline-996511-995405-v1-2026-08-26/replay-work/formal-opendev-996511--target-995405/target-a1/cinder/tests/unit/policies/test_attachments.py", line 54, in setUp
    super().setUp(enforce_scope, enforce_new_defaults, *args, **kwargs)
    ~~~~~~~~~~~~~^^^^^^^^^^^^^^^^^^^^^^^^^^^^^^^^^^^^^^^^^^^^^^^^^^^^^^

      File "/home/zhihao/hdd/marshal/benchmarks/cross-repo-pr-impact/results/single-case-pipeline-996511-995405-v1-2026-08-26/replay-work/formal-opendev-996511--target-995405/target-a1/cinder/tests/unit/policies/base.py", line 51, in setUp
    self.override_config('enforce_scope',
    ~~~~~~~~~~~~~~~~~~~~^^^^^^^^^^^^^^^^^
                         enforce_scope, 'oslo_policy')
                         ^^^^^^^^^^^^^^^^^^^^^^^^^^^^^

      File "/home/zhihao/hdd/marshal/benchmarks/cross-repo-pr-impact/results/single-case-pipeline-996511-995405-v1-2026-08-26/replay-work/formal-opendev-996511--target-995405/target-a1/cinder/tests/unit/test.py", line 353, in override_config
    CONF.set_override(name, override, group)
    ~~~~~~~~~~~~~~~~~^^^^^^^^^^^^^^^^^^^^^^^

      File "/home/zhihao/hdd/marshal/benchmarks/cross-repo-pr-impact/results/single-case-pipeline-996511-995405-v1-2026-08-26/replay-work/formal-opendev-996511--target-995405/target-a1/.tox/py3/lib/python3.13/site-packages/oslo_messaging/conffixture.py", line 84, in _wrapper
    return wrapped_function(*args, **kwargs)

      File "/home/zhihao/hdd/marshal/benchmarks/cross-repo-pr-impact/results/single-case-pipeline-996511-995405-v1-2026-08-26/replay-work/formal-opendev-996511--target-995405/target-a1/.tox/py3/lib/python3.13/site-packages/oslo_config/cfg.py", line 2430, in __inner
    result = f(self, *args, **kwargs)

      File "/home/zhihao/hdd/marshal/benchmarks/cross-repo-pr-impact/results/single-case-pipeline-996511-995405-v1-2026-08-26/replay-work/formal-opendev-996511--target-995405/target-a1/.tox/py3/lib/python3.13/site-packages/oslo_config/cfg.py", line 3085, in set_override
    opt_info = self._get_opt_info(name, group)

      File "/home/zhihao/hdd/marshal/benchmarks/cross-repo-pr-impact/results/single-case-pipeline-996511-995405-v1-2026-08-26/replay-work/formal-opendev-996511--target-995405/target-a1/.tox/py3/lib/python3.13/site-packages/oslo_config/cfg.py", line 3580, in _get_opt_info
    raise NoSuchOptError(opt_name, group)

    oslo_config.cfg.NoSuchOptError: no such option enforce_scope in group [oslo_policy]


Captured pythonlogging:
~~~~~~~~~~~~~~~~~~~~~~~
    2026-08-26 20:58:25,228 INFO [keystonemiddleware.auth_token] Starting Keystone auth_token middleware
2026-08-26 20:58:25,230 WARNING [keystonemiddleware._common.config] The option "auth_url" is not known to keystonemiddleware
2026-08-26 20:58:25,233 WARNING [keystonemiddleware.auth_token] Configuring www_authenticate_uri to point to the public identity endpoint is required; clients may not be able to authenticate against an admin endpoint

{0} cinder.tests.unit.policies.test_attachments.AttachmentsPolicySecureRbacTest.test_multiattach_bootable_volume_policy_5_project_member [0.307795s] ... FAILED

Captured traceback:
~~~~~~~~~~~~~~~~~~~
    Traceback (most recent call last):

      File "/home/zhihao/hdd/marshal/benchmarks/cross-repo-pr-impact/results/single-case-pipeline-996511-995405-v1-2026-08-26/replay-work/formal-opendev-996511--target-995405/target-a1/cinder/tests/unit/policies/test_attachments.py", line 252, in setUp
    super().setUp(enforce_scope=False, enforce_new_defaults=True,
    ~~~~~~~~~~~~~^^^^^^^^^^^^^^^^^^^^^^^^^^^^^^^^^^^^^^^^^^^^^^^^
                  *args, **kwargs)
                  ^^^^^^^^^^^^^^^^

      File "/home/zhihao/hdd/marshal/benchmarks/cross-repo-pr-impact/results/single-case-pipeline-996511-995405-v1-2026-08-26/replay-work/formal-opendev-996511--target-995405/target-a1/cinder/tests/unit/policies/test_attachments.py", line 54, in setUp
    super().setUp(enforce_scope, enforce_new_defaults, *args, **kwargs)
    ~~~~~~~~~~~~~^^^^^^^^^^^^^^^^^^^^^^^^^^^^^^^^^^^^^^^^^^^^^^^^^^^^^^

      File "/home/zhihao/hdd/marshal/benchmarks/cross-repo-pr-impact/results/single-case-pipeline-996511-995405-v1-2026-08-26/replay-work/formal-opendev-996511--target-995405/target-a1/cinder/tests/unit/policies/base.py", line 51, in setUp
    self.override_config('enforce_scope',
    ~~~~~~~~~~~~~~~~~~~~^^^^^^^^^^^^^^^^^
                         enforce_scope, 'oslo_policy')
                         ^^^^^^^^^^^^^^^^^^^^^^^^^^^^^

      File "/home/zhihao/hdd/marshal/benchmarks/cross-repo-pr-impact/results/single-case-pipeline-996511-995405-v1-2026-08-26/replay-work/formal-opendev-996511--target-995405/target-a1/cinder/tests/unit/test.py", line 353, in override_config
    CONF.set_override(name, override, group)
    ~~~~~~~~~~~~~~~~~^^^^^^^^^^^^^^^^^^^^^^^

      File "/home/zhihao/hdd/marshal/benchmarks/cross-repo-pr-impact/results/single-case-pipeline-996511-995405-v1-2026-08-26/replay-work/formal-opendev-996511--target-995405/target-a1/.tox/py3/lib/python3.13/site-packages/oslo_messaging/conffixture.py", line 84, in _wrapper
    return wrapped_function(*args, **kwargs)

      File "/home/zhihao/hdd/marshal/benchmarks/cross-repo-pr-impact/results/single-case-pipeline-996511-995405-v1-2026-08-26/replay-work/formal-opendev-996511--target-995405/target-a1/.tox/py3/lib/python3.13/site-packages/oslo_config/cfg.py", line 2430, in __inner
    result = f(self, *args, **kwargs)

      File "/home/zhihao/hdd/marshal/benchmarks/cross-repo-pr-impact/results/single-case-pipeline-996511-995405-v1-2026-08-26/replay-work/formal-opendev-996511--target-995405/target-a1/.tox/py3/lib/python3.13/site-packages/oslo_config/cfg.py", line 3085, in set_override
    opt_info = self._get_opt_info(name, group)

      File "/home/zhihao/hdd/marshal/benchmarks/cross-repo-pr-impact/results/single-case-pipeline-996511-995405-v1-2026-08-26/replay-work/formal-opendev-996511--target-995405/target-a1/.tox/py3/lib/python3.13/site-packages/oslo_config/cfg.py", line 3580, in _get_opt_info
    raise NoSuchOptError(opt_name, group)

    oslo_config.cfg.NoSuchOptError: no such option enforce_scope in group [oslo_policy]


Captured pythonlogging:
~~~~~~~~~~~~~~~~~~~~~~~
    2026-08-26 20:58:25,329 INFO [keystonemiddleware.auth_token] Starting Keystone auth_token middleware
2026-08-26 20:58:25,331 WARNING [keystonemiddleware._common.config] The option "auth_url" is not known to keystonemiddleware
2026-08-26 20:58:25,334 WARNING [keystonemiddleware.auth_token] Configuring www_authenticate_uri to point to the public identity endpoint is required; clients may not be able to authenticate against an admin endpoint

{69} cinder.tests.unit.policies.test_attachments.AttachmentsPolicyTest.test_delete_attachment_policy_6_project_reader [0.330419s] ... FAILED

Captured traceback:
~~~~~~~~~~~~~~~~~~~
    Traceback (most recent call last):

      File "/home/zhihao/hdd/marshal/benchmarks/cross-repo-pr-impact/results/single-case-pipeline-996511-995405-v1-2026-08-26/replay-work/formal-opendev-996511--target-995405/target-a1/cinder/tests/unit/policies/test_attachments.py", line 54, in setUp
    super().setUp(enforce_scope, enforce_new_defaults, *args, **kwargs)
    ~~~~~~~~~~~~~^^^^^^^^^^^^^^^^^^^^^^^^^^^^^^^^^^^^^^^^^^^^^^^^^^^^^^

      File "/home/zhihao/hdd/marshal/benchmarks/cross-repo-pr-impact/results/single-case-pipeline-996511-995405-v1-2026-08-26/replay-work/formal-opendev-996511--target-995405/target-a1/cinder/tests/unit/policies/base.py", line 51, in setUp
    self.override_config('enforce_scope',
    ~~~~~~~~~~~~~~~~~~~~^^^^^^^^^^^^^^^^^
                         enforce_scope, 'oslo_policy')
                         ^^^^^^^^^^^^^^^^^^^^^^^^^^^^^

      File "/home/zhihao/hdd/marshal/benchmarks/cross-repo-pr-impact/results/single-case-pipeline-996511-995405-v1-2026-08-26/replay-work/formal-opendev-996511--target-995405/target-a1/cinder/tests/unit/test.py", line 353, in override_config
    CONF.set_override(name, override, group)
    ~~~~~~~~~~~~~~~~~^^^^^^^^^^^^^^^^^^^^^^^

      File "/home/zhihao/hdd/marshal/benchmarks/cross-repo-pr-impact/results/single-case-pipeline-996511-995405-v1-2026-08-26/replay-work/formal-opendev-996511--target-995405/target-a1/.tox/py3/lib/python3.13/site-packages/oslo_messaging/conffixture.py", line 84, in _wrapper
    return wrapped_function(*args, **kwargs)

      File "/home/zhihao/hdd/marshal/benchmarks/cross-repo-pr-impact/results/single-case-pipeline-996511-995405-v1-2026-08-26/replay-work/formal-opendev-996511--target-995405/target-a1/.tox/py3/lib/python3.13/site-packages/oslo_config/cfg.py", line 2430, in __inner
    result = f(self, *args, **kwargs)

      File "/home/zhihao/hdd/marshal/benchmarks/cross-repo-pr-impact/results/single-case-pipeline-996511-995405-v1-2026-08-26/replay-work/formal-opendev-996511--target-995405/target-a1/.tox/py3/lib/python3.13/site-packages/oslo_config/cfg.py", line 3085, in set_override
    opt_info = self._get_opt_info(name, group)

      File "/home/zhihao/hdd/marshal/benchmarks/cross-repo-pr-impact/results/single-case-pipeline-996511-995405-v1-2026-08-26/replay-work/formal-opendev-996511--target-995405/target-a1/.tox/py3/lib/python3.13/site-packages/oslo_config/cfg.py", line 3580, in _get_opt_info
    raise NoSuchOptError(opt_name, group)

    oslo_config.cfg.NoSuchOptError: no such option enforce_scope in group [oslo_policy]


Captured pythonlogging:
~~~~~~~~~~~~~~~~~~~~~~~
    2026-08-26 20:58:25,327 INFO [keystonemiddleware.auth_token] Starting Keystone auth_token middleware
2026-08-26 20:58:25,328 WARNING [keystonemiddleware._common.config] The option "auth_url" is not known to keystonemiddleware
2026-08-26 20:58:25,331 WARNING [keystonemiddleware.auth_token] Configuring www_authenticate_uri to point to the public identity endpoint is required; clients may not be able to authenticate against an admin endpoint

{62} cinder.tests.unit.policies.test_attachments.AttachmentsPolicySecureRbacTest.test_complete_attachment_policy_3_system_admin [0.305120s] ... FAILED

Captured traceback:
~~~~~~~~~~~~~~~~~~~
    Traceback (most recent call last):

      File "/home/zhihao/hdd/marshal/benchmarks/cross-repo-pr-impact/results/single-case-pipeline-996511-995405-v1-2026-08-26/replay-work/formal-opendev-996511--target-995405/target-a1/cinder/tests/unit/policies/test_attachments.py", line 252, in setUp
    super().setUp(enforce_scope=False, enforce_new_defaults=True,
    ~~~~~~~~~~~~~^^^^^^^^^^^^^^^^^^^^^^^^^^^^^^^^^^^^^^^^^^^^^^^^
                  *args, **kwargs)
                  ^^^^^^^^^^^^^^^^

      File "/home/zhihao/hdd/marshal/benchmarks/cross-repo-pr-impact/results/single-case-pipeline-996511-995405-v1-2026-08-26/replay-work/formal-opendev-996511--target-995405/target-a1/cinder/tests/unit/policies/test_attachments.py", line 54, in setUp
    super().setUp(enforce_scope, enforce_new_defaults, *args, **kwargs)
    ~~~~~~~~~~~~~^^^^^^^^^^^^^^^^^^^^^^^^^^^^^^^^^^^^^^^^^^^^^^^^^^^^^^

      File "/home/zhihao/hdd/marshal/benchmarks/cross-repo-pr-impact/results/single-case-pipeline-996511-995405-v1-2026-08-26/replay-work/formal-opendev-996511--target-995405/target-a1/cinder/tests/unit/policies/base.py", line 51, in setUp
    self.override_config('enforce_scope',
    ~~~~~~~~~~~~~~~~~~~~^^^^^^^^^^^^^^^^^
                         enforce_scope, 'oslo_policy')
                         ^^^^^^^^^^^^^^^^^^^^^^^^^^^^^

      File "/home/zhihao/hdd/marshal/benchmarks/cross-repo-pr-impact/results/single-case-pipeline-996511-995405-v1-2026-08-26/replay-work/formal-opendev-996511--target-995405/target-a1/cinder/tests/unit/test.py", line 353, in override_config
    CONF.set_override(name, override, group)
    ~~~~~~~~~~~~~~~~~^^^^^^^^^^^^^^^^^^^^^^^

      File "/home/zhihao/hdd/marshal/benchmarks/cross-repo-pr-impact/results/single-case-pipeline-996511-995405-v1-2026-08-26/replay-work/formal-opendev-996511--target-995405/target-a1/.tox/py3/lib/python3.13/site-packages/oslo_messaging/conffixture.py", line 84, in _wrapper
    return wrapped_function(*args, **kwargs)

      File "/home/zhihao/hdd/marshal/benchmarks/cross-repo-pr-impact/results/single-case-pipeline-996511-995405-v1-2026-08-26/replay-work/formal-opendev-996511--target-995405/target-a1/.tox/py3/lib/python3.13/site-packages/oslo_config/cfg.py", line 2430, in __inner
    result = f(self, *args, **kwargs)

      File "/home/zhihao/hdd/marshal/benchmarks/cross-repo-pr-impact/results/single-case-pipeline-996511-995405-v1-2026-08-26/replay-work/formal-opendev-996511--target-995405/target-a1/.tox/py3/lib/python3.13/site-packages/oslo_config/cfg.py", line 3085, in set_override
    opt_info = self._get_opt_info(name, group)

      File "/home/zhihao/hdd/marshal/benchmarks/cross-repo-pr-impact/results/single-case-pipeline-996511-995405-v1-2026-08-26/replay-work/formal-opendev-996511--target-995405/target-a1/.tox/py3/lib/python3.13/site-packages/oslo_config/cfg.py", line 3580, in _get_opt_info
    raise NoSuchOptError(opt_name, group)

    oslo_config.cfg.NoSuchOptError: no such option enforce_scope in group [oslo_policy]


Captured pythonlogging:
~~~~~~~~~~~~~~~~~~~~~~~
    2026-08-26 20:58:25,371 INFO [keystonemiddleware.auth_token] Starting Keystone auth_token middleware
2026-08-26 20:58:25,372 WARNING [keystonemiddleware._common.config] The option "auth_url" is not known to keystonemiddleware
2026-08-26 20:58:25,375 WARNING [keystonemiddleware.auth_token] Configuring www_authenticate_uri to point to the public identity endpoint is required; clients may not be able to authenticate against an admin endpoint

{75} cinder.tests.unit.policies.test_attachments.AttachmentsPolicyTest.test_create_attachment_policy_9_other_project_reader [0.318117s] ... FAILED

Captured traceback:
~~~~~~~~~~~~~~~~~~~
    Traceback (most recent call last):

      File "/home/zhihao/hdd/marshal/benchmarks/cross-repo-pr-impact/results/single-case-pipeline-996511-995405-v1-2026-08-26/replay-work/formal-opendev-996511--target-995405/target-a1/cinder/tests/unit/policies/test_attachments.py", line 54, in setUp
    super().setUp(enforce_scope, enforce_new_defaults, *args, **kwargs)
    ~~~~~~~~~~~~~^^^^^^^^^^^^^^^^^^^^^^^^^^^^^^^^^^^^^^^^^^^^^^^^^^^^^^

      File "/home/zhihao/hdd/marshal/benchmarks/cross-repo-pr-impact/results/single-case-pipeline-996511-995405-v1-2026-08-26/replay-work/formal-opendev-996511--target-995405/target-a1/cinder/tests/unit/policies/base.py", line 51, in setUp
    self.override_config('enforce_scope',
    ~~~~~~~~~~~~~~~~~~~~^^^^^^^^^^^^^^^^^
                         enforce_scope, 'oslo_policy')
                         ^^^^^^^^^^^^^^^^^^^^^^^^^^^^^

      File "/home/zhihao/hdd/marshal/benchmarks/cross-repo-pr-impact/results/single-case-pipeline-996511-995405-v1-2026-08-26/replay-work/formal-opendev-996511--target-995405/target-a1/cinder/tests/unit/test.py", line 353, in override_config
    CONF.set_override(name, override, group)
    ~~~~~~~~~~~~~~~~~^^^^^^^^^^^^^^^^^^^^^^^

      File "/home/zhihao/hdd/marshal/benchmarks/cross-repo-pr-impact/results/single-case-pipeline-996511-995405-v1-2026-08-26/replay-work/formal-opendev-996511--target-995405/target-a1/.tox/py3/lib/python3.13/site-packages/oslo_messaging/conffixture.py", line 84, in _wrapper
    return wrapped_function(*args, **kwargs)

      File "/home/zhihao/hdd/marshal/benchmarks/cross-repo-pr-impact/results/single-case-pipeline-996511-995405-v1-2026-08-26/replay-work/formal-opendev-996511--target-995405/target-a1/.tox/py3/lib/python3.13/site-packages/oslo_config/cfg.py", line 2430, in __inner
    result = f(self, *args, **kwargs)

      File "/home/zhihao/hdd/marshal/benchmarks/cross-repo-pr-impact/results/single-case-pipeline-996511-995405-v1-2026-08-26/replay-work/formal-opendev-996511--target-995405/target-a1/.tox/py3/lib/python3.13/site-packages/oslo_config/cfg.py", line 3085, in set_override
    opt_info = self._get_opt_info(name, group)

      File "/home/zhihao/hdd/marshal/benchmarks/cross-repo-pr-impact/results/single-case-pipeline-996511-995405-v1-2026-08-26/replay-work/formal-opendev-996511--target-995405/target-a1/.tox/py3/lib/python3.13/site-packages/oslo_config/cfg.py", line 3580, in _get_opt_info
    raise NoSuchOptError(opt_name, group)

    oslo_config.cfg.NoSuchOptError: no such option enforce_scope in group [oslo_policy]


Captured pythonlogging:
~~~~~~~~~~~~~~~~~~~~~~~
    2026-08-26 20:58:25,383 INFO [keystonemiddleware.auth_token] Starting Keystone auth_token middleware
2026-08-26 20:58:25,385 WARNING [keystonemiddleware._common.config] The option "auth_url" is not known to keystonemiddleware
2026-08-26 20:58:25,388 WARNING [keystonemiddleware.auth_token] Configuring www_authenticate_uri to point to the public identity endpoint is required; clients may not be able to authenticate against an admin endpoint

{47} cinder.tests.unit.policies.test_attachments.AttachmentsPolicySecureRbacTest.test_multiattach_bootable_volume_policy_9_other_project_reader [0.312193s] ... FAILED

Captured traceback:
~~~~~~~~~~~~~~~~~~~
    Traceback (most recent call last):

      File "/home/zhihao/hdd/marshal/benchmarks/cross-repo-pr-impact/results/single-case-pipeline-996511-995405-v1-2026-08-26/replay-work/formal-opendev-996511--target-995405/target-a1/cinder/tests/unit/policies/test_attachments.py", line 252, in setUp
    super().setUp(enforce_scope=False, enforce_new_defaults=True,
    ~~~~~~~~~~~~~^^^^^^^^^^^^^^^^^^^^^^^^^^^^^^^^^^^^^^^^^^^^^^^^
                  *args, **kwargs)
                  ^^^^^^^^^^^^^^^^

      File "/home/zhihao/hdd/marshal/benchmarks/cross-repo-pr-impact/results/single-case-pipeline-996511-995405-v1-2026-08-26/replay-work/formal-opendev-996511--target-995405/target-a1/cinder/tests/unit/policies/test_attachments.py", line 54, in setUp
    super().setUp(enforce_scope, enforce_new_defaults, *args, **kwargs)
    ~~~~~~~~~~~~~^^^^^^^^^^^^^^^^^^^^^^^^^^^^^^^^^^^^^^^^^^^^^^^^^^^^^^

      File "/home/zhihao/hdd/marshal/benchmarks/cross-repo-pr-impact/results/single-case-pipeline-996511-995405-v1-2026-08-26/replay-work/formal-opendev-996511--target-995405/target-a1/cinder/tests/unit/policies/base.py", line 51, in setUp
    self.override_config('enforce_scope',
    ~~~~~~~~~~~~~~~~~~~~^^^^^^^^^^^^^^^^^
                         enforce_scope, 'oslo_policy')
                         ^^^^^^^^^^^^^^^^^^^^^^^^^^^^^

      File "/home/zhihao/hdd/marshal/benchmarks/cross-repo-pr-impact/results/single-case-pipeline-996511-995405-v1-2026-08-26/replay-work/formal-opendev-996511--target-995405/target-a1/cinder/tests/unit/test.py", line 353, in override_config
    CONF.set_override(name, override, group)
    ~~~~~~~~~~~~~~~~~^^^^^^^^^^^^^^^^^^^^^^^

      File "/home/zhihao/hdd/marshal/benchmarks/cross-repo-pr-impact/results/single-case-pipeline-996511-995405-v1-2026-08-26/replay-work/formal-opendev-996511--target-995405/target-a1/.tox/py3/lib/python3.13/site-packages/oslo_messaging/conffixture.py", line 84, in _wrapper
    return wrapped_function(*args, **kwargs)

      File "/home/zhihao/hdd/marshal/benchmarks/cross-repo-pr-impact/results/single-case-pipeline-996511-995405-v1-2026-08-26/replay-work/formal-opendev-996511--target-995405/target-a1/.tox/py3/lib/python3.13/site-packages/oslo_config/cfg.py", line 2430, in __inner
    result = f(self, *args, **kwargs)

      File "/home/zhihao/hdd/marshal/benchmarks/cross-repo-pr-impact/results/single-case-pipeline-996511-995405-v1-2026-08-26/replay-work/formal-opendev-996511--target-995405/target-a1/.tox/py3/lib/python3.13/site-packages/oslo_config/cfg.py", line 3085, in set_override
    opt_info = self._get_opt_info(name, group)

      File "/home/zhihao/hdd/marshal/benchmarks/cross-repo-pr-impact/results/single-case-pipeline-996511-995405-v1-2026-08-26/replay-work/formal-opendev-996511--target-995405/target-a1/.tox/py3/lib/python3.13/site-packages/oslo_config/cfg.py", line 3580, in _get_opt_info
    raise NoSuchOptError(opt_name, group)

    oslo_config.cfg.NoSuchOptError: no such option enforce_scope in group [oslo_policy]


Captured pythonlogging:
~~~~~~~~~~~~~~~~~~~~~~~
    2026-08-26 20:58:25,498 INFO [keystonemiddleware.auth_token] Starting Keystone auth_token middleware
2026-08-26 20:58:25,500 WARNING [keystonemiddleware._common.config] The option "auth_url" is not known to keystonemiddleware
2026-08-26 20:58:25,503 WARNING [keystonemiddleware.auth_token] Configuring www_authenticate_uri to point to the public identity endpoint is required; clients may not be able to authenticate against an admin endpoint

{77} cinder.tests.unit.policies.test_attachments.AttachmentsPolicySecureRbacTest.test_delete_attachment_policy_3_system_admin [0.315875s] ... FAILED

Captured traceback:
~~~~~~~~~~~~~~~~~~~
    Traceback (most recent call last):

      File "/home/zhihao/hdd/marshal/benchmarks/cross-repo-pr-impact/results/single-case-pipeline-996511-995405-v1-2026-08-26/replay-work/formal-opendev-996511--target-995405/target-a1/cinder/tests/unit/policies/test_attachments.py", line 252, in setUp
    super().setUp(enforce_scope=False, enforce_new_defaults=True,
    ~~~~~~~~~~~~~^^^^^^^^^^^^^^^^^^^^^^^^^^^^^^^^^^^^^^^^^^^^^^^^
                  *args, **kwargs)
                  ^^^^^^^^^^^^^^^^

      File "/home/zhihao/hdd/marshal/benchmarks/cross-repo-pr-impact/results/single-case-pipeline-996511-995405-v1-2026-08-26/replay-work/formal-opendev-996511--target-995405/target-a1/cinder/tests/unit/policies/test_attachments.py", line 54, in setUp
    super().setUp(enforce_scope, enforce_new_defaults, *args, **kwargs)
    ~~~~~~~~~~~~~^^^^^^^^^^^^^^^^^^^^^^^^^^^^^^^^^^^^^^^^^^^^^^^^^^^^^^

      File "/home/zhihao/hdd/marshal/benchmarks/cross-repo-pr-impact/results/single-case-pipeline-996511-995405-v1-2026-08-26/replay-work/formal-opendev-996511--target-995405/target-a1/cinder/tests/unit/policies/base.py", line 51, in setUp
    self.override_config('enforce_scope',
    ~~~~~~~~~~~~~~~~~~~~^^^^^^^^^^^^^^^^^
                         enforce_scope, 'oslo_policy')
                         ^^^^^^^^^^^^^^^^^^^^^^^^^^^^^

      File "/home/zhihao/hdd/marshal/benchmarks/cross-repo-pr-impact/results/single-case-pipeline-996511-995405-v1-2026-08-26/replay-work/formal-opendev-996511--target-995405/target-a1/cinder/tests/unit/test.py", line 353, in override_config
    CONF.set_override(name, override, group)
    ~~~~~~~~~~~~~~~~~^^^^^^^^^^^^^^^^^^^^^^^

      File "/home/zhihao/hdd/marshal/benchmarks/cross-repo-pr-impact/results/single-case-pipeline-996511-995405-v1-2026-08-26/replay-work/formal-opendev-996511--target-995405/target-a1/.tox/py3/lib/python3.13/site-packages/oslo_messaging/conffixture.py", line 84, in _wrapper
    return wrapped_function(*args, **kwargs)

      File "/home/zhihao/hdd/marshal/benchmarks/cross-repo-pr-impact/results/single-case-pipeline-996511-995405-v1-2026-08-26/replay-work/formal-opendev-996511--target-995405/target-a1/.tox/py3/lib/python3.13/site-packages/oslo_config/cfg.py", line 2430, in __inner
    result = f(self, *args, **kwargs)

      File "/home/zhihao/hdd/marshal/benchmarks/cross-repo-pr-impact/results/single-case-pipeline-996511-995405-v1-2026-08-26/replay-work/formal-opendev-996511--target-995405/target-a1/.tox/py3/lib/python3.13/site-packages/oslo_config/cfg.py", line 3085, in set_override
    opt_info = self._get_opt_info(name, group)

      File "/home/zhihao/hdd/marshal/benchmarks/cross-repo-pr-impact/results/single-case-pipeline-996511-995405-v1-2026-08-26/replay-work/formal-opendev-996511--target-995405/target-a1/.tox/py3/lib/python3.13/site-packages/oslo_config/cfg.py", line 3580, in _get_opt_info
    raise NoSuchOptError(opt_name, group)

    oslo_config.cfg.NoSuchOptError: no such option enforce_scope in group [oslo_policy]


Captured pythonlogging:
~~~~~~~~~~~~~~~~~~~~~~~
    2026-08-26 20:58:25,518 INFO [keystonemiddleware.auth_token] Starting Keystone auth_token middleware
2026-08-26 20:58:25,520 WARNING [keystonemiddleware._common.config] The option "auth_url" is not known to keystonemiddleware
2026-08-26 20:58:25,523 WARNING [keystonemiddleware.auth_token] Configuring www_authenticate_uri to point to the public identity endpoint is required; clients may not be able to authenticate against an admin endpoint

{19} cinder.tests.unit.policies.test_attachments.AttachmentsPolicyTest.test_multiattach_bootable_volume_policy_3_system_admin [0.461188s] ... FAILED

Captured traceback:
~~~~~~~~~~~~~~~~~~~
    Traceback (most recent call last):

      File "/home/zhihao/hdd/marshal/benchmarks/cross-repo-pr-impact/results/single-case-pipeline-996511-995405-v1-2026-08-26/replay-work/formal-opendev-996511--target-995405/target-a1/cinder/tests/unit/policies/test_attachments.py", line 54, in setUp
    super().setUp(enforce_scope, enforce_new_defaults, *args, **kwargs)
    ~~~~~~~~~~~~~^^^^^^^^^^^^^^^^^^^^^^^^^^^^^^^^^^^^^^^^^^^^^^^^^^^^^^

      File "/home/zhihao/hdd/marshal/benchmarks/cross-repo-pr-impact/results/single-case-pipeline-996511-995405-v1-2026-08-26/replay-work/formal-opendev-996511--target-995405/target-a1/cinder/tests/unit/policies/base.py", line 51, in setUp
    self.override_config('enforce_scope',
    ~~~~~~~~~~~~~~~~~~~~^^^^^^^^^^^^^^^^^
                         enforce_scope, 'oslo_policy')
                         ^^^^^^^^^^^^^^^^^^^^^^^^^^^^^

      File "/home/zhihao/hdd/marshal/benchmarks/cross-repo-pr-impact/results/single-case-pipeline-996511-995405-v1-2026-08-26/replay-work/formal-opendev-996511--target-995405/target-a1/cinder/tests/unit/test.py", line 353, in override_config
    CONF.set_override(name, override, group)
    ~~~~~~~~~~~~~~~~~^^^^^^^^^^^^^^^^^^^^^^^

      File "/home/zhihao/hdd/marshal/benchmarks/cross-repo-pr-impact/results/single-case-pipeline-996511-995405-v1-2026-08-26/replay-work/formal-opendev-996511--target-995405/target-a1/.tox/py3/lib/python3.13/site-packages/oslo_messaging/conffixture.py", line 84, in _wrapper
    return wrapped_function(*args, **kwargs)

      File "/home/zhihao/hdd/marshal/benchmarks/cross-repo-pr-impact/results/single-case-pipeline-996511-995405-v1-2026-08-26/replay-work/formal-opendev-996511--target-995405/target-a1/.tox/py3/lib/python3.13/site-packages/oslo_config/cfg.py", line 2430, in __inner
    result = f(self, *args, **kwargs)

      File "/home/zhihao/hdd/marshal/benchmarks/cross-repo-pr-impact/results/single-case-pipeline-996511-995405-v1-2026-08-26/replay-work/formal-opendev-996511--target-995405/target-a1/.tox/py3/lib/python3.13/site-packages/oslo_config/cfg.py", line 3085, in set_override
    opt_info = self._get_opt_info(name, group)

      File "/home/zhihao/hdd/marshal/benchmarks/cross-repo-pr-impact/results/single-case-pipeline-996511-995405-v1-2026-08-26/replay-work/formal-opendev-996511--target-995405/target-a1/.tox/py3/lib/python3.13/site-packages/oslo_config/cfg.py", line 3580, in _get_opt_info
    raise NoSuchOptError(opt_name, group)

    oslo_config.cfg.NoSuchOptError: no such option enforce_scope in group [oslo_policy]


Captured pythonlogging:
~~~~~~~~~~~~~~~~~~~~~~~
    2026-08-26 20:58:25,401 INFO [keystonemiddleware.auth_token] Starting Keystone auth_token middleware
2026-08-26 20:58:25,403 WARNING [keystonemiddleware._common.config] The option "auth_url" is not known to keystonemiddleware
2026-08-26 20:58:25,408 WARNING [keystonemiddleware.auth_token] Configuring www_authenticate_uri to point to the public identity endpoint is required; clients may not be able to authenticate against an admin endpoint

{16} cinder.tests.unit.policies.test_attachments.AttachmentsPolicyTest.test_delete_attachment_policy_5_project_member [0.322895s] ... FAILED

Captured traceback:
~~~~~~~~~~~~~~~~~~~
    Traceback (most recent call last):

      File "/home/zhihao/hdd/marshal/benchmarks/cross-repo-pr-impact/results/single-case-pipeline-996511-995405-v1-2026-08-26/replay-work/formal-opendev-996511--target-995405/target-a1/cinder/tests/unit/policies/test_attachments.py", line 54, in setUp
    super().setUp(enforce_scope, enforce_new_defaults, *args, **kwargs)
    ~~~~~~~~~~~~~^^^^^^^^^^^^^^^^^^^^^^^^^^^^^^^^^^^^^^^^^^^^^^^^^^^^^^

      File "/home/zhihao/hdd/marshal/benchmarks/cross-repo-pr-impact/results/single-case-pipeline-996511-995405-v1-2026-08-26/replay-work/formal-opendev-996511--target-995405/target-a1/cinder/tests/unit/policies/base.py", line 51, in setUp
    self.override_config('enforce_scope',
    ~~~~~~~~~~~~~~~~~~~~^^^^^^^^^^^^^^^^^
                         enforce_scope, 'oslo_policy')
                         ^^^^^^^^^^^^^^^^^^^^^^^^^^^^^

      File "/home/zhihao/hdd/marshal/benchmarks/cross-repo-pr-impact/results/single-case-pipeline-996511-995405-v1-2026-08-26/replay-work/formal-opendev-996511--target-995405/target-a1/cinder/tests/unit/test.py", line 353, in override_config
    CONF.set_override(name, override, group)
    ~~~~~~~~~~~~~~~~~^^^^^^^^^^^^^^^^^^^^^^^

      File "/home/zhihao/hdd/marshal/benchmarks/cross-repo-pr-impact/results/single-case-pipeline-996511-995405-v1-2026-08-26/replay-work/formal-opendev-996511--target-995405/target-a1/.tox/py3/lib/python3.13/site-packages/oslo_messaging/conffixture.py", line 84, in _wrapper
    return wrapped_function(*args, **kwargs)

      File "/home/zhihao/hdd/marshal/benchmarks/cross-repo-pr-impact/results/single-case-pipeline-996511-995405-v1-2026-08-26/replay-work/formal-opendev-996511--target-995405/target-a1/.tox/py3/lib/python3.13/site-packages/oslo_config/cfg.py", line 2430, in __inner
    result = f(self, *args, **kwargs)

      File "/home/zhihao/hdd/marshal/benchmarks/cross-repo-pr-impact/results/single-case-pipeline-996511-995405-v1-2026-08-26/replay-work/formal-opendev-996511--target-995405/target-a1/.tox/py3/lib/python3.13/site-packages/oslo_config/cfg.py", line 3085, in set_override
    opt_info = self._get_opt_info(name, group)

      File "/home/zhihao/hdd/marshal/benchmarks/cross-repo-pr-impact/results/single-case-pipeline-996511-995405-v1-2026-08-26/replay-work/formal-opendev-996511--target-995405/target-a1/.tox/py3/lib/python3.13/site-packages/oslo_config/cfg.py", line 3580, in _get_opt_info
    raise NoSuchOptError(opt_name, group)

    oslo_config.cfg.NoSuchOptError: no such option enforce_scope in group [oslo_policy]


Captured pythonlogging:
~~~~~~~~~~~~~~~~~~~~~~~
    2026-08-26 20:58:25,574 INFO [keystonemiddleware.auth_token] Starting Keystone auth_token middleware
2026-08-26 20:58:25,576 WARNING [keystonemiddleware._common.config] The option "auth_url" is not known to keystonemiddleware
2026-08-26 20:58:25,579 WARNING [keystonemiddleware.auth_token] Configuring www_authenticate_uri to point to the public identity endpoint is required; clients may not be able to authenticate against an admin endpoint

{42} cinder.tests.unit.policies.test_attachments.AttachmentsPolicySecureRbacTest.test_multiattach_bootable_volume_policy_4_project_admin [0.318896s] ... FAILED

Captured traceback:
~~~~~~~~~~~~~~~~~~~
    Traceback (most recent call last):

      File "/home/zhihao/hdd/marshal/benchmarks/cross-repo-pr-impact/results/single-case-pipeline-996511-995405-v1-2026-08-26/replay-work/formal-opendev-996511--target-995405/target-a1/cinder/tests/unit/policies/test_attachments.py", line 252, in setUp
    super().setUp(enforce_scope=False, enforce_new_defaults=True,
    ~~~~~~~~~~~~~^^^^^^^^^^^^^^^^^^^^^^^^^^^^^^^^^^^^^^^^^^^^^^^^
                  *args, **kwargs)
                  ^^^^^^^^^^^^^^^^

      File "/home/zhihao/hdd/marshal/benchmarks/cross-repo-pr-impact/results/single-case-pipeline-996511-995405-v1-2026-08-26/replay-work/formal-opendev-996511--target-995405/target-a1/cinder/tests/unit/policies/test_attachments.py", line 54, in setUp
    super().setUp(enforce_scope, enforce_new_defaults, *args, **kwargs)
    ~~~~~~~~~~~~~^^^^^^^^^^^^^^^^^^^^^^^^^^^^^^^^^^^^^^^^^^^^^^^^^^^^^^

      File "/home/zhihao/hdd/marshal/benchmarks/cross-repo-pr-impact/results/single-case-pipeline-996511-995405-v1-2026-08-26/replay-work/formal-opendev-996511--target-995405/target-a1/cinder/tests/unit/policies/base.py", line 51, in setUp
    self.override_config('enforce_scope',
    ~~~~~~~~~~~~~~~~~~~~^^^^^^^^^^^^^^^^^
                         enforce_scope, 'oslo_policy')
                         ^^^^^^^^^^^^^^^^^^^^^^^^^^^^^

      File "/home/zhihao/hdd/marshal/benchmarks/cross-repo-pr-impact/results/single-case-pipeline-996511-995405-v1-2026-08-26/replay-work/formal-opendev-996511--target-995405/target-a1/cinder/tests/unit/test.py", line 353, in override_config
    CONF.set_override(name, override, group)
    ~~~~~~~~~~~~~~~~~^^^^^^^^^^^^^^^^^^^^^^^

      File "/home/zhihao/hdd/marshal/benchmarks/cross-repo-pr-impact/results/single-case-pipeline-996511-995405-v1-2026-08-26/replay-work/formal-opendev-996511--target-995405/target-a1/.tox/py3/lib/python3.13/site-packages/oslo_messaging/conffixture.py", line 84, in _wrapper
    return wrapped_function(*args, **kwargs)

      File "/home/zhihao/hdd/marshal/benchmarks/cross-repo-pr-impact/results/single-case-pipeline-996511-995405-v1-2026-08-26/replay-work/formal-opendev-996511--target-995405/target-a1/.tox/py3/lib/python3.13/site-packages/oslo_config/cfg.py", line 2430, in __inner
    result = f(self, *args, **kwargs)

      File "/home/zhihao/hdd/marshal/benchmarks/cross-repo-pr-impact/results/single-case-pipeline-996511-995405-v1-2026-08-26/replay-work/formal-opendev-996511--target-995405/target-a1/.tox/py3/lib/python3.13/site-packages/oslo_config/cfg.py", line 3085, in set_override
    opt_info = self._get_opt_info(name, group)

      File "/home/zhihao/hdd/marshal/benchmarks/cross-repo-pr-impact/results/single-case-pipeline-996511-995405-v1-2026-08-26/replay-work/formal-opendev-996511--target-995405/target-a1/.tox/py3/lib/python3.13/site-packages/oslo_config/cfg.py", line 3580, in _get_opt_info
    raise NoSuchOptError(opt_name, group)

    oslo_config.cfg.NoSuchOptError: no such option enforce_scope in group [oslo_policy]


Captured pythonlogging:
~~~~~~~~~~~~~~~~~~~~~~~
    2026-08-26 20:58:25,695 INFO [keystonemiddleware.auth_token] Starting Keystone auth_token middleware
2026-08-26 20:58:25,697 WARNING [keystonemiddleware._common.config] The option "auth_url" is not known to keystonemiddleware
2026-08-26 20:58:25,701 WARNING [keystonemiddleware.auth_token] Configuring www_authenticate_uri to point to the public identity endpoint is required; clients may not be able to authenticate against an admin endpoint

{55} cinder.tests.unit.policies.test_attachments.AttachmentsPolicyTest.test_create_attachment_policy_8_other_project_member [0.313825s] ... FAILED

Captured traceback:
~~~~~~~~~~~~~~~~~~~
    Traceback (most recent call last):

      File "/home/zhihao/hdd/marshal/benchmarks/cross-repo-pr-impact/results/single-case-pipeline-996511-995405-v1-2026-08-26/replay-work/formal-opendev-996511--target-995405/target-a1/cinder/tests/unit/policies/test_attachments.py", line 54, in setUp
    super().setUp(enforce_scope, enforce_new_defaults, *args, **kwargs)
    ~~~~~~~~~~~~~^^^^^^^^^^^^^^^^^^^^^^^^^^^^^^^^^^^^^^^^^^^^^^^^^^^^^^

      File "/home/zhihao/hdd/marshal/benchmarks/cross-repo-pr-impact/results/single-case-pipeline-996511-995405-v1-2026-08-26/replay-work/formal-opendev-996511--target-995405/target-a1/cinder/tests/unit/policies/base.py", line 51, in setUp
    self.override_config('enforce_scope',
    ~~~~~~~~~~~~~~~~~~~~^^^^^^^^^^^^^^^^^
                         enforce_scope, 'oslo_policy')
                         ^^^^^^^^^^^^^^^^^^^^^^^^^^^^^

      File "/home/zhihao/hdd/marshal/benchmarks/cross-repo-pr-impact/results/single-case-pipeline-996511-995405-v1-2026-08-26/replay-work/formal-opendev-996511--target-995405/target-a1/cinder/tests/unit/test.py", line 353, in override_config
    CONF.set_override(name, override, group)
    ~~~~~~~~~~~~~~~~~^^^^^^^^^^^^^^^^^^^^^^^

      File "/home/zhihao/hdd/marshal/benchmarks/cross-repo-pr-impact/results/single-case-pipeline-996511-995405-v1-2026-08-26/replay-work/formal-opendev-996511--target-995405/target-a1/.tox/py3/lib/python3.13/site-packages/oslo_messaging/conffixture.py", line 84, in _wrapper
    return wrapped_function(*args, **kwargs)

      File "/home/zhihao/hdd/marshal/benchmarks/cross-repo-pr-impact/results/single-case-pipeline-996511-995405-v1-2026-08-26/replay-work/formal-opendev-996511--target-995405/target-a1/.tox/py3/lib/python3.13/site-packages/oslo_config/cfg.py", line 2430, in __inner
    result = f(self, *args, **kwargs)

      File "/home/zhihao/hdd/marshal/benchmarks/cross-repo-pr-impact/results/single-case-pipeline-996511-995405-v1-2026-08-26/replay-work/formal-opendev-996511--target-995405/target-a1/.tox/py3/lib/python3.13/site-packages/oslo_config/cfg.py", line 3085, in set_override
    opt_info = self._get_opt_info(name, group)

      File "/home/zhihao/hdd/marshal/benchmarks/cross-repo-pr-impact/results/single-case-pipeline-996511-995405-v1-2026-08-26/replay-work/formal-opendev-996511--target-995405/target-a1/.tox/py3/lib/python3.13/site-packages/oslo_config/cfg.py", line 3580, in _get_opt_info
    raise NoSuchOptError(opt_name, group)

    oslo_config.cfg.NoSuchOptError: no such option enforce_scope in group [oslo_policy]


Captured pythonlogging:
~~~~~~~~~~~~~~~~~~~~~~~
    2026-08-26 20:58:25,728 INFO [keystonemiddleware.auth_token] Starting Keystone auth_token middleware
2026-08-26 20:58:25,730 WARNING [keystonemiddleware._common.config] The option "auth_url" is not known to keystonemiddleware
2026-08-26 20:58:25,733 WARNING [keystonemiddleware.auth_token] Configuring www_authenticate_uri to point to the public identity endpoint is required; clients may not be able to authenticate against an admin endpoint

{72} cinder.tests.unit.policies.test_attachments.AttachmentsPolicyTest.test_multiattach_bootable_volume_policy_5_project_member [0.314573s] ... FAILED

Captured traceback:
~~~~~~~~~~~~~~~~~~~
    Traceback (most recent call last):

      File "/home/zhihao/hdd/marshal/benchmarks/cross-repo-pr-impact/results/single-case-pipeline-996511-995405-v1-2026-08-26/replay-work/formal-opendev-996511--target-995405/target-a1/cinder/tests/unit/policies/test_attachments.py", line 54, in setUp
    super().setUp(enforce_scope, enforce_new_defaults, *args, **kwargs)
    ~~~~~~~~~~~~~^^^^^^^^^^^^^^^^^^^^^^^^^^^^^^^^^^^^^^^^^^^^^^^^^^^^^^

      File "/home/zhihao/hdd/marshal/benchmarks/cross-repo-pr-impact/results/single-case-pipeline-996511-995405-v1-2026-08-26/replay-work/formal-opendev-996511--target-995405/target-a1/cinder/tests/unit/policies/base.py", line 51, in setUp
    self.override_config('enforce_scope',
    ~~~~~~~~~~~~~~~~~~~~^^^^^^^^^^^^^^^^^
                         enforce_scope, 'oslo_policy')
                         ^^^^^^^^^^^^^^^^^^^^^^^^^^^^^

      File "/home/zhihao/hdd/marshal/benchmarks/cross-repo-pr-impact/results/single-case-pipeline-996511-995405-v1-2026-08-26/replay-work/formal-opendev-996511--target-995405/target-a1/cinder/tests/unit/test.py", line 353, in override_config
    CONF.set_override(name, override, group)
    ~~~~~~~~~~~~~~~~~^^^^^^^^^^^^^^^^^^^^^^^

      File "/home/zhihao/hdd/marshal/benchmarks/cross-repo-pr-impact/results/single-case-pipeline-996511-995405-v1-2026-08-26/replay-work/formal-opendev-996511--target-995405/target-a1/.tox/py3/lib/python3.13/site-packages/oslo_messaging/conffixture.py", line 84, in _wrapper
    return wrapped_function(*args, **kwargs)

      File "/home/zhihao/hdd/marshal/benchmarks/cross-repo-pr-impact/results/single-case-pipeline-996511-995405-v1-2026-08-26/replay-work/formal-opendev-996511--target-995405/target-a1/.tox/py3/lib/python3.13/site-packages/oslo_config/cfg.py", line 2430, in __inner
    result = f(self, *args, **kwargs)

      File "/home/zhihao/hdd/marshal/benchmarks/cross-repo-pr-impact/results/single-case-pipeline-996511-995405-v1-2026-08-26/replay-work/formal-opendev-996511--target-995405/target-a1/.tox/py3/lib/python3.13/site-packages/oslo_config/cfg.py", line 3085, in set_override
    opt_info = self._get_opt_info(name, group)

      File "/home/zhihao/hdd/marshal/benchmarks/cross-repo-pr-impact/results/single-case-pipeline-996511-995405-v1-2026-08-26/replay-work/formal-opendev-996511--target-995405/target-a1/.tox/py3/lib/python3.13/site-packages/oslo_config/cfg.py", line 3580, in _get_opt_info
    raise NoSuchOptError(opt_name, group)

    oslo_config.cfg.NoSuchOptError: no such option enforce_scope in group [oslo_policy]


Captured pythonlogging:
~~~~~~~~~~~~~~~~~~~~~~~
    2026-08-26 20:58:25,789 INFO [keystonemiddleware.auth_token] Starting Keystone auth_token middleware
2026-08-26 20:58:25,791 WARNING [keystonemiddleware._common.config] The option "auth_url" is not known to keystonemiddleware
2026-08-26 20:58:25,794 WARNING [keystonemiddleware.auth_token] Configuring www_authenticate_uri to point to the public identity endpoint is required; clients may not be able to authenticate against an admin endpoint

{4} cinder.tests.unit.policies.test_attachments.AttachmentsPolicyTest.test_create_attachment_policy_4_project_admin [0.321844s] ... FAILED

Captured traceback:
~~~~~~~~~~~~~~~~~~~
    Traceback (most recent call last):

      File "/home/zhihao/hdd/marshal/benchmarks/cross-repo-pr-impact/results/single-case-pipeline-996511-995405-v1-2026-08-26/replay-work/formal-opendev-996511--target-995405/target-a1/cinder/tests/unit/policies/test_attachments.py", line 54, in setUp
    super().setUp(enforce_scope, enforce_new_defaults, *args, **kwargs)
    ~~~~~~~~~~~~~^^^^^^^^^^^^^^^^^^^^^^^^^^^^^^^^^^^^^^^^^^^^^^^^^^^^^^

      File "/home/zhihao/hdd/marshal/benchmarks/cross-repo-pr-impact/results/single-case-pipeline-996511-995405-v1-2026-08-26/replay-work/formal-opendev-996511--target-995405/target-a1/cinder/tests/unit/policies/base.py", line 51, in setUp
    self.override_config('enforce_scope',
    ~~~~~~~~~~~~~~~~~~~~^^^^^^^^^^^^^^^^^
                         enforce_scope, 'oslo_policy')
                         ^^^^^^^^^^^^^^^^^^^^^^^^^^^^^

      File "/home/zhihao/hdd/marshal/benchmarks/cross-repo-pr-impact/results/single-case-pipeline-996511-995405-v1-2026-08-26/replay-work/formal-opendev-996511--target-995405/target-a1/cinder/tests/unit/test.py", line 353, in override_config
    CONF.set_override(name, override, group)
    ~~~~~~~~~~~~~~~~~^^^^^^^^^^^^^^^^^^^^^^^

      File "/home/zhihao/hdd/marshal/benchmarks/cross-repo-pr-impact/results/single-case-pipeline-996511-995405-v1-2026-08-26/replay-work/formal-opendev-996511--target-995405/target-a1/.tox/py3/lib/python3.13/site-packages/oslo_messaging/conffixture.py", line 84, in _wrapper
    return wrapped_function(*args, **kwargs)

      File "/home/zhihao/hdd/marshal/benchmarks/cross-repo-pr-impact/results/single-case-pipeline-996511-995405-v1-2026-08-26/replay-work/formal-opendev-996511--target-995405/target-a1/.tox/py3/lib/python3.13/site-packages/oslo_config/cfg.py", line 2430, in __inner
    result = f(self, *args, **kwargs)

      File "/home/zhihao/hdd/marshal/benchmarks/cross-repo-pr-impact/results/single-case-pipeline-996511-995405-v1-2026-08-26/replay-work/formal-opendev-996511--target-995405/target-a1/.tox/py3/lib/python3.13/site-packages/oslo_config/cfg.py", line 3085, in set_override
    opt_info = self._get_opt_info(name, group)

      File "/home/zhihao/hdd/marshal/benchmarks/cross-repo-pr-impact/results/single-case-pipeline-996511-995405-v1-2026-08-26/replay-work/formal-opendev-996511--target-995405/target-a1/.tox/py3/lib/python3.13/site-packages/oslo_config/cfg.py", line 3580, in _get_opt_info
    raise NoSuchOptError(opt_name, group)

    oslo_config.cfg.NoSuchOptError: no such option enforce_scope in group [oslo_policy]


Captured pythonlogging:
~~~~~~~~~~~~~~~~~~~~~~~
    2026-08-26 20:58:25,824 INFO [keystonemiddleware.auth_token] Starting Keystone auth_token middleware
2026-08-26 20:58:25,825 WARNING [keystonemiddleware._common.config] The option "auth_url" is not known to keystonemiddleware
2026-08-26 20:58:25,829 WARNING [keystonemiddleware.auth_token] Configuring www_authenticate_uri to point to the public identity endpoint is required; clients may not be able to authenticate against an admin endpoint

{27} cinder.tests.unit.policies.test_attachments.AttachmentsPolicySecureRbacTest.test_multiattach_bootable_volume_policy_7_project_foo [0.308098s] ... FAILED

Captured traceback:
~~~~~~~~~~~~~~~~~~~
    Traceback (most recent call last):

      File "/home/zhihao/hdd/marshal/benchmarks/cross-repo-pr-impact/results/single-case-pipeline-996511-995405-v1-2026-08-26/replay-work/formal-opendev-996511--target-995405/target-a1/cinder/tests/unit/policies/test_attachments.py", line 252, in setUp
    super().setUp(enforce_scope=False, enforce_new_defaults=True,
    ~~~~~~~~~~~~~^^^^^^^^^^^^^^^^^^^^^^^^^^^^^^^^^^^^^^^^^^^^^^^^
                  *args, **kwargs)
                  ^^^^^^^^^^^^^^^^

      File "/home/zhihao/hdd/marshal/benchmarks/cross-repo-pr-impact/results/single-case-pipeline-996511-995405-v1-2026-08-26/replay-work/formal-opendev-996511--target-995405/target-a1/cinder/tests/unit/policies/test_attachments.py", line 54, in setUp
    super().setUp(enforce_scope, enforce_new_defaults, *args, **kwargs)
    ~~~~~~~~~~~~~^^^^^^^^^^^^^^^^^^^^^^^^^^^^^^^^^^^^^^^^^^^^^^^^^^^^^^

      File "/home/zhihao/hdd/marshal/benchmarks/cross-repo-pr-impact/results/single-case-pipeline-996511-995405-v1-2026-08-26/replay-work/formal-opendev-996511--target-995405/target-a1/cinder/tests/unit/policies/base.py", line 51, in setUp
    self.override_config('enforce_scope',
    ~~~~~~~~~~~~~~~~~~~~^^^^^^^^^^^^^^^^^
                         enforce_scope, 'oslo_policy')
                         ^^^^^^^^^^^^^^^^^^^^^^^^^^^^^

      File "/home/zhihao/hdd/marshal/benchmarks/cross-repo-pr-impact/results/single-case-pipeline-996511-995405-v1-2026-08-26/replay-work/formal-opendev-996511--target-995405/target-a1/cinder/tests/unit/test.py", line 353, in override_config
    CONF.set_override(name, override, group)
    ~~~~~~~~~~~~~~~~~^^^^^^^^^^^^^^^^^^^^^^^

      File "/home/zhihao/hdd/marshal/benchmarks/cross-repo-pr-impact/results/single-case-pipeline-996511-995405-v1-2026-08-26/replay-work/formal-opendev-996511--target-995405/target-a1/.tox/py3/lib/python3.13/site-packages/oslo_messaging/conffixture.py", line 84, in _wrapper
    return wrapped_function(*args, **kwargs)

      File "/home/zhihao/hdd/marshal/benchmarks/cross-repo-pr-impact/results/single-case-pipeline-996511-995405-v1-2026-08-26/replay-work/formal-opendev-996511--target-995405/target-a1/.tox/py3/lib/python3.13/site-packages/oslo_config/cfg.py", line 2430, in __inner
    result = f(self, *args, **kwargs)

      File "/home/zhihao/hdd/marshal/benchmarks/cross-repo-pr-impact/results/single-case-pipeline-996511-995405-v1-2026-08-26/replay-work/formal-opendev-996511--target-995405/target-a1/.tox/py3/lib/python3.13/site-packages/oslo_config/cfg.py", line 3085, in set_override
    opt_info = self._get_opt_info(name, group)

      File "/home/zhihao/hdd/marshal/benchmarks/cross-repo-pr-impact/results/single-case-pipeline-996511-995405-v1-2026-08-26/replay-work/formal-opendev-996511--target-995405/target-a1/.tox/py3/lib/python3.13/site-packages/oslo_config/cfg.py", line 3580, in _get_opt_info
    raise NoSuchOptError(opt_name, group)

    oslo_config.cfg.NoSuchOptError: no such option enforce_scope in group [oslo_policy]


Captured pythonlogging:
~~~~~~~~~~~~~~~~~~~~~~~
    2026-08-26 20:58:25,870 INFO [keystonemiddleware.auth_token] Starting Keystone auth_token middleware
2026-08-26 20:58:25,872 WARNING [keystonemiddleware._common.config] The option "auth_url" is not known to keystonemiddleware
2026-08-26 20:58:25,875 WARNING [keystonemiddleware.auth_token] Configuring www_authenticate_uri to point to the public identity endpoint is required; clients may not be able to authenticate against an admin endpoint

{73} cinder.tests.unit.policies.test_attachments.AttachmentsPolicySecureRbacTest.test_complete_attachment_policy_4_project_admin [0.307378s] ... FAILED

Captured traceback:
~~~~~~~~~~~~~~~~~~~
    Traceback (most recent call last):

      File "/home/zhihao/hdd/marshal/benchmarks/cross-repo-pr-impact/results/single-case-pipeline-996511-995405-v1-2026-08-26/replay-work/formal-opendev-996511--target-995405/target-a1/cinder/tests/unit/policies/test_attachments.py", line 252, in setUp
    super().setUp(enforce_scope=False, enforce_new_defaults=True,
    ~~~~~~~~~~~~~^^^^^^^^^^^^^^^^^^^^^^^^^^^^^^^^^^^^^^^^^^^^^^^^
                  *args, **kwargs)
                  ^^^^^^^^^^^^^^^^

      File "/home/zhihao/hdd/marshal/benchmarks/cross-repo-pr-impact/results/single-case-pipeline-996511-995405-v1-2026-08-26/replay-work/formal-opendev-996511--target-995405/target-a1/cinder/tests/unit/policies/test_attachments.py", line 54, in setUp
    super().setUp(enforce_scope, enforce_new_defaults, *args, **kwargs)
    ~~~~~~~~~~~~~^^^^^^^^^^^^^^^^^^^^^^^^^^^^^^^^^^^^^^^^^^^^^^^^^^^^^^

      File "/home/zhihao/hdd/marshal/benchmarks/cross-repo-pr-impact/results/single-case-pipeline-996511-995405-v1-2026-08-26/replay-work/formal-opendev-996511--target-995405/target-a1/cinder/tests/unit/policies/base.py", line 51, in setUp
    self.override_config('enforce_scope',
    ~~~~~~~~~~~~~~~~~~~~^^^^^^^^^^^^^^^^^
                         enforce_scope, 'oslo_policy')
                         ^^^^^^^^^^^^^^^^^^^^^^^^^^^^^

      File "/home/zhihao/hdd/marshal/benchmarks/cross-repo-pr-impact/results/single-case-pipeline-996511-995405-v1-2026-08-26/replay-work/formal-opendev-996511--target-995405/target-a1/cinder/tests/unit/test.py", line 353, in override_config
    CONF.set_override(name, override, group)
    ~~~~~~~~~~~~~~~~~^^^^^^^^^^^^^^^^^^^^^^^

      File "/home/zhihao/hdd/marshal/benchmarks/cross-repo-pr-impact/results/single-case-pipeline-996511-995405-v1-2026-08-26/replay-work/formal-opendev-996511--target-995405/target-a1/.tox/py3/lib/python3.13/site-packages/oslo_messaging/conffixture.py", line 84, in _wrapper
    return wrapped_function(*args, **kwargs)

      File "/home/zhihao/hdd/marshal/benchmarks/cross-repo-pr-impact/results/single-case-pipeline-996511-995405-v1-2026-08-26/replay-work/formal-opendev-996511--target-995405/target-a1/.tox/py3/lib/python3.13/site-packages/oslo_config/cfg.py", line 2430, in __inner
    result = f(self, *args, **kwargs)

      File "/home/zhihao/hdd/marshal/benchmarks/cross-repo-pr-impact/results/single-case-pipeline-996511-995405-v1-2026-08-26/replay-work/formal-opendev-996511--target-995405/target-a1/.tox/py3/lib/python3.13/site-packages/oslo_config/cfg.py", line 3085, in set_override
    opt_info = self._get_opt_info(name, group)

      File "/home/zhihao/hdd/marshal/benchmarks/cross-repo-pr-impact/results/single-case-pipeline-996511-995405-v1-2026-08-26/replay-work/formal-opendev-996511--target-995405/target-a1/.tox/py3/lib/python3.13/site-packages/oslo_config/cfg.py", line 3580, in _get_opt_info
    raise NoSuchOptError(opt_name, group)

    oslo_config.cfg.NoSuchOptError: no such option enforce_scope in group [oslo_policy]


Captured pythonlogging:
~~~~~~~~~~~~~~~~~~~~~~~
    2026-08-26 20:58:25,994 INFO [keystonemiddleware.auth_token] Starting Keystone auth_token middleware
2026-08-26 20:58:25,996 WARNING [keystonemiddleware._common.config] The option "auth_url" is not known to keystonemiddleware
2026-08-26 20:58:25,999 WARNING [keystonemiddleware.auth_token] Configuring www_authenticate_uri to point to the public identity endpoint is required; clients may not be able to authenticate against an admin endpoint

{8} cinder.tests.unit.policies.test_attachments.AttachmentsPolicySecureRbacTest.test_create_attachment_policy_1_legacy_admin [0.381265s] ... FAILED

Captured traceback:
~~~~~~~~~~~~~~~~~~~
    Traceback (most recent call last):

      File "/home/zhihao/hdd/marshal/benchmarks/cross-repo-pr-impact/results/single-case-pipeline-996511-995405-v1-2026-08-26/replay-work/formal-opendev-996511--target-995405/target-a1/cinder/tests/unit/policies/test_attachments.py", line 252, in setUp
    super().setUp(enforce_scope=False, enforce_new_defaults=True,
    ~~~~~~~~~~~~~^^^^^^^^^^^^^^^^^^^^^^^^^^^^^^^^^^^^^^^^^^^^^^^^
                  *args, **kwargs)
                  ^^^^^^^^^^^^^^^^

      File "/home/zhihao/hdd/marshal/benchmarks/cross-repo-pr-impact/results/single-case-pipeline-996511-995405-v1-2026-08-26/replay-work/formal-opendev-996511--target-995405/target-a1/cinder/tests/unit/policies/test_attachments.py", line 54, in setUp
    super().setUp(enforce_scope, enforce_new_defaults, *args, **kwargs)
    ~~~~~~~~~~~~~^^^^^^^^^^^^^^^^^^^^^^^^^^^^^^^^^^^^^^^^^^^^^^^^^^^^^^

      File "/home/zhihao/hdd/marshal/benchmarks/cross-repo-pr-impact/results/single-case-pipeline-996511-995405-v1-2026-08-26/replay-work/formal-opendev-996511--target-995405/target-a1/cinder/tests/unit/policies/base.py", line 51, in setUp
    self.override_config('enforce_scope',
    ~~~~~~~~~~~~~~~~~~~~^^^^^^^^^^^^^^^^^
                         enforce_scope, 'oslo_policy')
                         ^^^^^^^^^^^^^^^^^^^^^^^^^^^^^

      File "/home/zhihao/hdd/marshal/benchmarks/cross-repo-pr-impact/results/single-case-pipeline-996511-995405-v1-2026-08-26/replay-work/formal-opendev-996511--target-995405/target-a1/cinder/tests/unit/test.py", line 353, in override_config
    CONF.set_override(name, override, group)
    ~~~~~~~~~~~~~~~~~^^^^^^^^^^^^^^^^^^^^^^^

      File "/home/zhihao/hdd/marshal/benchmarks/cross-repo-pr-impact/results/single-case-pipeline-996511-995405-v1-2026-08-26/replay-work/formal-opendev-996511--target-995405/target-a1/.tox/py3/lib/python3.13/site-packages/oslo_messaging/conffixture.py", line 84, in _wrapper
    return wrapped_function(*args, **kwargs)

      File "/home/zhihao/hdd/marshal/benchmarks/cross-repo-pr-impact/results/single-case-pipeline-996511-995405-v1-2026-08-26/replay-work/formal-opendev-996511--target-995405/target-a1/.tox/py3/lib/python3.13/site-packages/oslo_config/cfg.py", line 2430, in __inner
    result = f(self, *args, **kwargs)

      File "/home/zhihao/hdd/marshal/benchmarks/cross-repo-pr-impact/results/single-case-pipeline-996511-995405-v1-2026-08-26/replay-work/formal-opendev-996511--target-995405/target-a1/.tox/py3/lib/python3.13/site-packages/oslo_config/cfg.py", line 3085, in set_override
    opt_info = self._get_opt_info(name, group)

      File "/home/zhihao/hdd/marshal/benchmarks/cross-repo-pr-impact/results/single-case-pipeline-996511-995405-v1-2026-08-26/replay-work/formal-opendev-996511--target-995405/target-a1/.tox/py3/lib/python3.13/site-packages/oslo_config/cfg.py", line 3580, in _get_opt_info
    raise NoSuchOptError(opt_name, group)

    oslo_config.cfg.NoSuchOptError: no such option enforce_scope in group [oslo_policy]


Captured pythonlogging:
~~~~~~~~~~~~~~~~~~~~~~~
    2026-08-26 20:58:26,152 INFO [keystonemiddleware.auth_token] Starting Keystone auth_token middleware
2026-08-26 20:58:26,154 WARNING [keystonemiddleware._common.config] The option "auth_url" is not known to keystonemiddleware
2026-08-26 20:58:26,159 WARNING [keystonemiddleware.auth_token] Configuring www_authenticate_uri to point to the public identity endpoint is required; clients may not be able to authenticate against an admin endpoint

{10} cinder.tests.unit.policies.test_attachments.AttachmentsPolicySecureRbacTest.test_delete_attachment_policy_4_project_admin [0.381307s] ... FAILED

Captured traceback:
~~~~~~~~~~~~~~~~~~~
    Traceback (most recent call last):

      File "/home/zhihao/hdd/marshal/benchmarks/cross-repo-pr-impact/results/single-case-pipeline-996511-995405-v1-2026-08-26/replay-work/formal-opendev-996511--target-995405/target-a1/cinder/tests/unit/policies/test_attachments.py", line 252, in setUp
    super().setUp(enforce_scope=False, enforce_new_defaults=True,
    ~~~~~~~~~~~~~^^^^^^^^^^^^^^^^^^^^^^^^^^^^^^^^^^^^^^^^^^^^^^^^
                  *args, **kwargs)
                  ^^^^^^^^^^^^^^^^

      File "/home/zhihao/hdd/marshal/benchmarks/cross-repo-pr-impact/results/single-case-pipeline-996511-995405-v1-2026-08-26/replay-work/formal-opendev-996511--target-995405/target-a1/cinder/tests/unit/policies/test_attachments.py", line 54, in setUp
    super().setUp(enforce_scope, enforce_new_defaults, *args, **kwargs)
    ~~~~~~~~~~~~~^^^^^^^^^^^^^^^^^^^^^^^^^^^^^^^^^^^^^^^^^^^^^^^^^^^^^^

      File "/home/zhihao/hdd/marshal/benchmarks/cross-repo-pr-impact/results/single-case-pipeline-996511-995405-v1-2026-08-26/replay-work/formal-opendev-996511--target-995405/target-a1/cinder/tests/unit/policies/base.py", line 51, in setUp
    self.override_config('enforce_scope',
    ~~~~~~~~~~~~~~~~~~~~^^^^^^^^^^^^^^^^^
                         enforce_scope, 'oslo_policy')
                         ^^^^^^^^^^^^^^^^^^^^^^^^^^^^^

      File "/home/zhihao/hdd/marshal/benchmarks/cross-repo-pr-impact/results/single-case-pipeline-996511-995405-v1-2026-08-26/replay-work/formal-opendev-996511--target-995405/target-a1/cinder/tests/unit/test.py", line 353, in override_config
    CONF.set_override(name, override, group)
    ~~~~~~~~~~~~~~~~~^^^^^^^^^^^^^^^^^^^^^^^

      File "/home/zhihao/hdd/marshal/benchmarks/cross-repo-pr-impact/results/single-case-pipeline-996511-995405-v1-2026-08-26/replay-work/formal-opendev-996511--target-995405/target-a1/.tox/py3/lib/python3.13/site-packages/oslo_messaging/conffixture.py", line 84, in _wrapper
    return wrapped_function(*args, **kwargs)

      File "/home/zhihao/hdd/marshal/benchmarks/cross-repo-pr-impact/results/single-case-pipeline-996511-995405-v1-2026-08-26/replay-work/formal-opendev-996511--target-995405/target-a1/.tox/py3/lib/python3.13/site-packages/oslo_config/cfg.py", line 2430, in __inner
    result = f(self, *args, **kwargs)

      File "/home/zhihao/hdd/marshal/benchmarks/cross-repo-pr-impact/results/single-case-pipeline-996511-995405-v1-2026-08-26/replay-work/formal-opendev-996511--target-995405/target-a1/.tox/py3/lib/python3.13/site-packages/oslo_config/cfg.py", line 3085, in set_override
    opt_info = self._get_opt_info(name, group)

      File "/home/zhihao/hdd/marshal/benchmarks/cross-repo-pr-impact/results/single-case-pipeline-996511-995405-v1-2026-08-26/replay-work/formal-opendev-996511--target-995405/target-a1/.tox/py3/lib/python3.13/site-packages/oslo_config/cfg.py", line 3580, in _get_opt_info
    raise NoSuchOptError(opt_name, group)

    oslo_config.cfg.NoSuchOptError: no such option enforce_scope in group [oslo_policy]


Captured pythonlogging:
~~~~~~~~~~~~~~~~~~~~~~~
    2026-08-26 20:58:26,152 INFO [keystonemiddleware.auth_token] Starting Keystone auth_token middleware
2026-08-26 20:58:26,155 WARNING [keystonemiddleware._common.config] The option "auth_url" is not known to keystonemiddleware
2026-08-26 20:58:26,159 WARNING [keystonemiddleware.auth_token] Configuring www_authenticate_uri to point to the public identity endpoint is required; clients may not be able to authenticate against an admin endpoint

{3} cinder.tests.unit.policies.test_attachments.AttachmentsPolicyTest.test_delete_attachment_policy_2_legacy_owner [0.308280s] ... FAILED

Captured traceback:
~~~~~~~~~~~~~~~~~~~
    Traceback (most recent call last):

      File "/home/zhihao/hdd/marshal/benchmarks/cross-repo-pr-impact/results/single-case-pipeline-996511-995405-v1-2026-08-26/replay-work/formal-opendev-996511--target-995405/target-a1/cinder/tests/unit/policies/test_attachments.py", line 54, in setUp
    super().setUp(enforce_scope, enforce_new_defaults, *args, **kwargs)
    ~~~~~~~~~~~~~^^^^^^^^^^^^^^^^^^^^^^^^^^^^^^^^^^^^^^^^^^^^^^^^^^^^^^

      File "/home/zhihao/hdd/marshal/benchmarks/cross-repo-pr-impact/results/single-case-pipeline-996511-995405-v1-2026-08-26/replay-work/formal-opendev-996511--target-995405/target-a1/cinder/tests/unit/policies/base.py", line 51, in setUp
    self.override_config('enforce_scope',
    ~~~~~~~~~~~~~~~~~~~~^^^^^^^^^^^^^^^^^
                         enforce_scope, 'oslo_policy')
                         ^^^^^^^^^^^^^^^^^^^^^^^^^^^^^

      File "/home/zhihao/hdd/marshal/benchmarks/cross-repo-pr-impact/results/single-case-pipeline-996511-995405-v1-2026-08-26/replay-work/formal-opendev-996511--target-995405/target-a1/cinder/tests/unit/test.py", line 353, in override_config
    CONF.set_override(name, override, group)
    ~~~~~~~~~~~~~~~~~^^^^^^^^^^^^^^^^^^^^^^^

      File "/home/zhihao/hdd/marshal/benchmarks/cross-repo-pr-impact/results/single-case-pipeline-996511-995405-v1-2026-08-26/replay-work/formal-opendev-996511--target-995405/target-a1/.tox/py3/lib/python3.13/site-packages/oslo_messaging/conffixture.py", line 84, in _wrapper
    return wrapped_function(*args, **kwargs)

      File "/home/zhihao/hdd/marshal/benchmarks/cross-repo-pr-impact/results/single-case-pipeline-996511-995405-v1-2026-08-26/replay-work/formal-opendev-996511--target-995405/target-a1/.tox/py3/lib/python3.13/site-packages/oslo_config/cfg.py", line 2430, in __inner
    result = f(self, *args, **kwargs)

      File "/home/zhihao/hdd/marshal/benchmarks/cross-repo-pr-impact/results/single-case-pipeline-996511-995405-v1-2026-08-26/replay-work/formal-opendev-996511--target-995405/target-a1/.tox/py3/lib/python3.13/site-packages/oslo_config/cfg.py", line 3085, in set_override
    opt_info = self._get_opt_info(name, group)

      File "/home/zhihao/hdd/marshal/benchmarks/cross-repo-pr-impact/results/single-case-pipeline-996511-995405-v1-2026-08-26/replay-work/formal-opendev-996511--target-995405/target-a1/.tox/py3/lib/python3.13/site-packages/oslo_config/cfg.py", line 3580, in _get_opt_info
    raise NoSuchOptError(opt_name, group)

    oslo_config.cfg.NoSuchOptError: no such option enforce_scope in group [oslo_policy]


Captured pythonlogging:
~~~~~~~~~~~~~~~~~~~~~~~
    2026-08-26 20:58:26,211 INFO [keystonemiddleware.auth_token] Starting Keystone auth_token middleware
2026-08-26 20:58:26,213 WARNING [keystonemiddleware._common.config] The option "auth_url" is not known to keystonemiddleware
2026-08-26 20:58:26,216 WARNING [keystonemiddleware.auth_token] Configuring www_authenticate_uri to point to the public identity endpoint is required; clients may not be able to authenticate against an admin endpoint

{18} cinder.tests.unit.policies.test_attachments.AttachmentsPolicyTest.test_update_attachment_policy_3_system_admin [0.375500s] ... FAILED

Captured traceback:
~~~~~~~~~~~~~~~~~~~
    Traceback (most recent call last):

      File "/home/zhihao/hdd/marshal/benchmarks/cross-repo-pr-impact/results/single-case-pipeline-996511-995405-v1-2026-08-26/replay-work/formal-opendev-996511--target-995405/target-a1/cinder/tests/unit/policies/test_attachments.py", line 54, in setUp
    super().setUp(enforce_scope, enforce_new_defaults, *args, **kwargs)
    ~~~~~~~~~~~~~^^^^^^^^^^^^^^^^^^^^^^^^^^^^^^^^^^^^^^^^^^^^^^^^^^^^^^

      File "/home/zhihao/hdd/marshal/benchmarks/cross-repo-pr-impact/results/single-case-pipeline-996511-995405-v1-2026-08-26/replay-work/formal-opendev-996511--target-995405/target-a1/cinder/tests/unit/policies/base.py", line 51, in setUp
    self.override_config('enforce_scope',
    ~~~~~~~~~~~~~~~~~~~~^^^^^^^^^^^^^^^^^
                         enforce_scope, 'oslo_policy')
                         ^^^^^^^^^^^^^^^^^^^^^^^^^^^^^

      File "/home/zhihao/hdd/marshal/benchmarks/cross-repo-pr-impact/results/single-case-pipeline-996511-995405-v1-2026-08-26/replay-work/formal-opendev-996511--target-995405/target-a1/cinder/tests/unit/test.py", line 353, in override_config
    CONF.set_override(name, override, group)
    ~~~~~~~~~~~~~~~~~^^^^^^^^^^^^^^^^^^^^^^^

      File "/home/zhihao/hdd/marshal/benchmarks/cross-repo-pr-impact/results/single-case-pipeline-996511-995405-v1-2026-08-26/replay-work/formal-opendev-996511--target-995405/target-a1/.tox/py3/lib/python3.13/site-packages/oslo_messaging/conffixture.py", line 84, in _wrapper
    return wrapped_function(*args, **kwargs)

      File "/home/zhihao/hdd/marshal/benchmarks/cross-repo-pr-impact/results/single-case-pipeline-996511-995405-v1-2026-08-26/replay-work/formal-opendev-996511--target-995405/target-a1/.tox/py3/lib/python3.13/site-packages/oslo_config/cfg.py", line 2430, in __inner
    result = f(self, *args, **kwargs)

      File "/home/zhihao/hdd/marshal/benchmarks/cross-repo-pr-impact/results/single-case-pipeline-996511-995405-v1-2026-08-26/replay-work/formal-opendev-996511--target-995405/target-a1/.tox/py3/lib/python3.13/site-packages/oslo_config/cfg.py", line 3085, in set_override
    opt_info = self._get_opt_info(name, group)

      File "/home/zhihao/hdd/marshal/benchmarks/cross-repo-pr-impact/results/single-case-pipeline-996511-995405-v1-2026-08-26/replay-work/formal-opendev-996511--target-995405/target-a1/.tox/py3/lib/python3.13/site-packages/oslo_config/cfg.py", line 3580, in _get_opt_info
    raise NoSuchOptError(opt_name, group)

    oslo_config.cfg.NoSuchOptError: no such option enforce_scope in group [oslo_policy]


Captured pythonlogging:
~~~~~~~~~~~~~~~~~~~~~~~
    2026-08-26 20:58:26,188 INFO [keystonemiddleware.auth_token] Starting Keystone auth_token middleware
2026-08-26 20:58:26,190 WARNING [keystonemiddleware._common.config] The option "auth_url" is not known to keystonemiddleware
2026-08-26 20:58:26,195 WARNING [keystonemiddleware.auth_token] Configuring www_authenticate_uri to point to the public identity endpoint is required; clients may not be able to authenticate against an admin endpoint

{68} cinder.tests.unit.policies.test_attachments.AttachmentsPolicySecureRbacTest.test_complete_attachment_policy_1_legacy_admin [0.296491s] ... FAILED

Captured traceback:
~~~~~~~~~~~~~~~~~~~
    Traceback (most recent call last):

      File "/home/zhihao/hdd/marshal/benchmarks/cross-repo-pr-impact/results/single-case-pipeline-996511-995405-v1-2026-08-26/replay-work/formal-opendev-996511--target-995405/target-a1/cinder/tests/unit/policies/test_attachments.py", line 252, in setUp
    super().setUp(enforce_scope=False, enforce_new_defaults=True,
    ~~~~~~~~~~~~~^^^^^^^^^^^^^^^^^^^^^^^^^^^^^^^^^^^^^^^^^^^^^^^^
                  *args, **kwargs)
                  ^^^^^^^^^^^^^^^^

      File "/home/zhihao/hdd/marshal/benchmarks/cross-repo-pr-impact/results/single-case-pipeline-996511-995405-v1-2026-08-26/replay-work/formal-opendev-996511--target-995405/target-a1/cinder/tests/unit/policies/test_attachments.py", line 54, in setUp
    super().setUp(enforce_scope, enforce_new_defaults, *args, **kwargs)
    ~~~~~~~~~~~~~^^^^^^^^^^^^^^^^^^^^^^^^^^^^^^^^^^^^^^^^^^^^^^^^^^^^^^

      File "/home/zhihao/hdd/marshal/benchmarks/cross-repo-pr-impact/results/single-case-pipeline-996511-995405-v1-2026-08-26/replay-work/formal-opendev-996511--target-995405/target-a1/cinder/tests/unit/policies/base.py", line 51, in setUp
    self.override_config('enforce_scope',
    ~~~~~~~~~~~~~~~~~~~~^^^^^^^^^^^^^^^^^
                         enforce_scope, 'oslo_policy')
                         ^^^^^^^^^^^^^^^^^^^^^^^^^^^^^

      File "/home/zhihao/hdd/marshal/benchmarks/cross-repo-pr-impact/results/single-case-pipeline-996511-995405-v1-2026-08-26/replay-work/formal-opendev-996511--target-995405/target-a1/cinder/tests/unit/test.py", line 353, in override_config
    CONF.set_override(name, override, group)
    ~~~~~~~~~~~~~~~~~^^^^^^^^^^^^^^^^^^^^^^^

      File "/home/zhihao/hdd/marshal/benchmarks/cross-repo-pr-impact/results/single-case-pipeline-996511-995405-v1-2026-08-26/replay-work/formal-opendev-996511--target-995405/target-a1/.tox/py3/lib/python3.13/site-packages/oslo_messaging/conffixture.py", line 84, in _wrapper
    return wrapped_function(*args, **kwargs)

      File "/home/zhihao/hdd/marshal/benchmarks/cross-repo-pr-impact/results/single-case-pipeline-996511-995405-v1-2026-08-26/replay-work/formal-opendev-996511--target-995405/target-a1/.tox/py3/lib/python3.13/site-packages/oslo_config/cfg.py", line 2430, in __inner
    result = f(self, *args, **kwargs)

      File "/home/zhihao/hdd/marshal/benchmarks/cross-repo-pr-impact/results/single-case-pipeline-996511-995405-v1-2026-08-26/replay-work/formal-opendev-996511--target-995405/target-a1/.tox/py3/lib/python3.13/site-packages/oslo_config/cfg.py", line 3085, in set_override
    opt_info = self._get_opt_info(name, group)

      File "/home/zhihao/hdd/marshal/benchmarks/cross-repo-pr-impact/results/single-case-pipeline-996511-995405-v1-2026-08-26/replay-work/formal-opendev-996511--target-995405/target-a1/.tox/py3/lib/python3.13/site-packages/oslo_config/cfg.py", line 3580, in _get_opt_info
    raise NoSuchOptError(opt_name, group)

    oslo_config.cfg.NoSuchOptError: no such option enforce_scope in group [oslo_policy]


Captured pythonlogging:
~~~~~~~~~~~~~~~~~~~~~~~
    2026-08-26 20:58:26,272 INFO [keystonemiddleware.auth_token] Starting Keystone auth_token middleware
2026-08-26 20:58:26,273 WARNING [keystonemiddleware._common.config] The option "auth_url" is not known to keystonemiddleware
2026-08-26 20:58:26,277 WARNING [keystonemiddleware.auth_token] Configuring www_authenticate_uri to point to the public identity endpoint is required; clients may not be able to authenticate against an admin endpoint

{71} cinder.tests.unit.policies.test_attachments.AttachmentsPolicySecureRbacTest.test_create_attachment_policy_3_system_admin [0.287346s] ... FAILED

Captured traceback:
~~~~~~~~~~~~~~~~~~~
    Traceback (most recent call last):

      File "/home/zhihao/hdd/marshal/benchmarks/cross-repo-pr-impact/results/single-case-pipeline-996511-995405-v1-2026-08-26/replay-work/formal-opendev-996511--target-995405/target-a1/cinder/tests/unit/policies/test_attachments.py", line 252, in setUp
    super().setUp(enforce_scope=False, enforce_new_defaults=True,
    ~~~~~~~~~~~~~^^^^^^^^^^^^^^^^^^^^^^^^^^^^^^^^^^^^^^^^^^^^^^^^
                  *args, **kwargs)
                  ^^^^^^^^^^^^^^^^

      File "/home/zhihao/hdd/marshal/benchmarks/cross-repo-pr-impact/results/single-case-pipeline-996511-995405-v1-2026-08-26/replay-work/formal-opendev-996511--target-995405/target-a1/cinder/tests/unit/policies/test_attachments.py", line 54, in setUp
    super().setUp(enforce_scope, enforce_new_defaults, *args, **kwargs)
    ~~~~~~~~~~~~~^^^^^^^^^^^^^^^^^^^^^^^^^^^^^^^^^^^^^^^^^^^^^^^^^^^^^^

      File "/home/zhihao/hdd/marshal/benchmarks/cross-repo-pr-impact/results/single-case-pipeline-996511-995405-v1-2026-08-26/replay-work/formal-opendev-996511--target-995405/target-a1/cinder/tests/unit/policies/base.py", line 51, in setUp
    self.override_config('enforce_scope',
    ~~~~~~~~~~~~~~~~~~~~^^^^^^^^^^^^^^^^^
                         enforce_scope, 'oslo_policy')
                         ^^^^^^^^^^^^^^^^^^^^^^^^^^^^^

      File "/home/zhihao/hdd/marshal/benchmarks/cross-repo-pr-impact/results/single-case-pipeline-996511-995405-v1-2026-08-26/replay-work/formal-opendev-996511--target-995405/target-a1/cinder/tests/unit/test.py", line 353, in override_config
    CONF.set_override(name, override, group)
    ~~~~~~~~~~~~~~~~~^^^^^^^^^^^^^^^^^^^^^^^

      File "/home/zhihao/hdd/marshal/benchmarks/cross-repo-pr-impact/results/single-case-pipeline-996511-995405-v1-2026-08-26/replay-work/formal-opendev-996511--target-995405/target-a1/.tox/py3/lib/python3.13/site-packages/oslo_messaging/conffixture.py", line 84, in _wrapper
    return wrapped_function(*args, **kwargs)

      File "/home/zhihao/hdd/marshal/benchmarks/cross-repo-pr-impact/results/single-case-pipeline-996511-995405-v1-2026-08-26/replay-work/formal-opendev-996511--target-995405/target-a1/.tox/py3/lib/python3.13/site-packages/oslo_config/cfg.py", line 2430, in __inner
    result = f(self, *args, **kwargs)

      File "/home/zhihao/hdd/marshal/benchmarks/cross-repo-pr-impact/results/single-case-pipeline-996511-995405-v1-2026-08-26/replay-work/formal-opendev-996511--target-995405/target-a1/.tox/py3/lib/python3.13/site-packages/oslo_config/cfg.py", line 3085, in set_override
    opt_info = self._get_opt_info(name, group)

      File "/home/zhihao/hdd/marshal/benchmarks/cross-repo-pr-impact/results/single-case-pipeline-996511-995405-v1-2026-08-26/replay-work/formal-opendev-996511--target-995405/target-a1/.tox/py3/lib/python3.13/site-packages/oslo_config/cfg.py", line 3580, in _get_opt_info
    raise NoSuchOptError(opt_name, group)

    oslo_config.cfg.NoSuchOptError: no such option enforce_scope in group [oslo_policy]


Captured pythonlogging:
~~~~~~~~~~~~~~~~~~~~~~~
    2026-08-26 20:58:26,451 INFO [keystonemiddleware.auth_token] Starting Keystone auth_token middleware
2026-08-26 20:58:26,452 WARNING [keystonemiddleware._common.config] The option "auth_url" is not known to keystonemiddleware
2026-08-26 20:58:26,455 WARNING [keystonemiddleware.auth_token] Configuring www_authenticate_uri to point to the public identity endpoint is required; clients may not be able to authenticate against an admin endpoint

{15} cinder.tests.unit.policies.test_attachments.AttachmentsPolicySecureRbacTest.test_create_attachment_policy_7_project_foo [0.295387s] ... FAILED

Captured traceback:
~~~~~~~~~~~~~~~~~~~
    Traceback (most recent call last):

      File "/home/zhihao/hdd/marshal/benchmarks/cross-repo-pr-impact/results/single-case-pipeline-996511-995405-v1-2026-08-26/replay-work/formal-opendev-996511--target-995405/target-a1/cinder/tests/unit/policies/test_attachments.py", line 252, in setUp
    super().setUp(enforce_scope=False, enforce_new_defaults=True,
    ~~~~~~~~~~~~~^^^^^^^^^^^^^^^^^^^^^^^^^^^^^^^^^^^^^^^^^^^^^^^^
                  *args, **kwargs)
                  ^^^^^^^^^^^^^^^^

      File "/home/zhihao/hdd/marshal/benchmarks/cross-repo-pr-impact/results/single-case-pipeline-996511-995405-v1-2026-08-26/replay-work/formal-opendev-996511--target-995405/target-a1/cinder/tests/unit/policies/test_attachments.py", line 54, in setUp
    super().setUp(enforce_scope, enforce_new_defaults, *args, **kwargs)
    ~~~~~~~~~~~~~^^^^^^^^^^^^^^^^^^^^^^^^^^^^^^^^^^^^^^^^^^^^^^^^^^^^^^

      File "/home/zhihao/hdd/marshal/benchmarks/cross-repo-pr-impact/results/single-case-pipeline-996511-995405-v1-2026-08-26/replay-work/formal-opendev-996511--target-995405/target-a1/cinder/tests/unit/policies/base.py", line 51, in setUp
    self.override_config('enforce_scope',
    ~~~~~~~~~~~~~~~~~~~~^^^^^^^^^^^^^^^^^
                         enforce_scope, 'oslo_policy')
                         ^^^^^^^^^^^^^^^^^^^^^^^^^^^^^

      File "/home/zhihao/hdd/marshal/benchmarks/cross-repo-pr-impact/results/single-case-pipeline-996511-995405-v1-2026-08-26/replay-work/formal-opendev-996511--target-995405/target-a1/cinder/tests/unit/test.py", line 353, in override_config
    CONF.set_override(name, override, group)
    ~~~~~~~~~~~~~~~~~^^^^^^^^^^^^^^^^^^^^^^^

      File "/home/zhihao/hdd/marshal/benchmarks/cross-repo-pr-impact/results/single-case-pipeline-996511-995405-v1-2026-08-26/replay-work/formal-opendev-996511--target-995405/target-a1/.tox/py3/lib/python3.13/site-packages/oslo_messaging/conffixture.py", line 84, in _wrapper
    return wrapped_function(*args, **kwargs)

      File "/home/zhihao/hdd/marshal/benchmarks/cross-repo-pr-impact/results/single-case-pipeline-996511-995405-v1-2026-08-26/replay-work/formal-opendev-996511--target-995405/target-a1/.tox/py3/lib/python3.13/site-packages/oslo_config/cfg.py", line 2430, in __inner
    result = f(self, *args, **kwargs)

      File "/home/zhihao/hdd/marshal/benchmarks/cross-repo-pr-impact/results/single-case-pipeline-996511-995405-v1-2026-08-26/replay-work/formal-opendev-996511--target-995405/target-a1/.tox/py3/lib/python3.13/site-packages/oslo_config/cfg.py", line 3085, in set_override
    opt_info = self._get_opt_info(name, group)

      File "/home/zhihao/hdd/marshal/benchmarks/cross-repo-pr-impact/results/single-case-pipeline-996511-995405-v1-2026-08-26/replay-work/formal-opendev-996511--target-995405/target-a1/.tox/py3/lib/python3.13/site-packages/oslo_config/cfg.py", line 3580, in _get_opt_info
    raise NoSuchOptError(opt_name, group)

    oslo_config.cfg.NoSuchOptError: no such option enforce_scope in group [oslo_policy]


Captured pythonlogging:
~~~~~~~~~~~~~~~~~~~~~~~
    2026-08-26 20:58:26,479 INFO [keystonemiddleware.auth_token] Starting Keystone auth_token middleware
2026-08-26 20:58:26,480 WARNING [keystonemiddleware._common.config] The option "auth_url" is not known to keystonemiddleware
2026-08-26 20:58:26,483 WARNING [keystonemiddleware.auth_token] Configuring www_authenticate_uri to point to the public identity endpoint is required; clients may not be able to authenticate against an admin endpoint

{51} cinder.tests.unit.policies.test_attachments.AttachmentsPolicySecureRbacTest.test_complete_attachment_policy_2_legacy_owner [0.299659s] ... FAILED

Captured traceback:
~~~~~~~~~~~~~~~~~~~
    Traceback (most recent call last):

      File "/home/zhihao/hdd/marshal/benchmarks/cross-repo-pr-impact/results/single-case-pipeline-996511-995405-v1-2026-08-26/replay-work/formal-opendev-996511--target-995405/target-a1/cinder/tests/unit/policies/test_attachments.py", line 252, in setUp
    super().setUp(enforce_scope=False, enforce_new_defaults=True,
    ~~~~~~~~~~~~~^^^^^^^^^^^^^^^^^^^^^^^^^^^^^^^^^^^^^^^^^^^^^^^^
                  *args, **kwargs)
                  ^^^^^^^^^^^^^^^^

      File "/home/zhihao/hdd/marshal/benchmarks/cross-repo-pr-impact/results/single-case-pipeline-996511-995405-v1-2026-08-26/replay-work/formal-opendev-996511--target-995405/target-a1/cinder/tests/unit/policies/test_attachments.py", line 54, in setUp
    super().setUp(enforce_scope, enforce_new_defaults, *args, **kwargs)
    ~~~~~~~~~~~~~^^^^^^^^^^^^^^^^^^^^^^^^^^^^^^^^^^^^^^^^^^^^^^^^^^^^^^

      File "/home/zhihao/hdd/marshal/benchmarks/cross-repo-pr-impact/results/single-case-pipeline-996511-995405-v1-2026-08-26/replay-work/formal-opendev-996511--target-995405/target-a1/cinder/tests/unit/policies/base.py", line 51, in setUp
    self.override_config('enforce_scope',
    ~~~~~~~~~~~~~~~~~~~~^^^^^^^^^^^^^^^^^
                         enforce_scope, 'oslo_policy')
                         ^^^^^^^^^^^^^^^^^^^^^^^^^^^^^

      File "/home/zhihao/hdd/marshal/benchmarks/cross-repo-pr-impact/results/single-case-pipeline-996511-995405-v1-2026-08-26/replay-work/formal-opendev-996511--target-995405/target-a1/cinder/tests/unit/test.py", line 353, in override_config
    CONF.set_override(name, override, group)
    ~~~~~~~~~~~~~~~~~^^^^^^^^^^^^^^^^^^^^^^^

      File "/home/zhihao/hdd/marshal/benchmarks/cross-repo-pr-impact/results/single-case-pipeline-996511-995405-v1-2026-08-26/replay-work/formal-opendev-996511--target-995405/target-a1/.tox/py3/lib/python3.13/site-packages/oslo_messaging/conffixture.py", line 84, in _wrapper
    return wrapped_function(*args, **kwargs)

      File "/home/zhihao/hdd/marshal/benchmarks/cross-repo-pr-impact/results/single-case-pipeline-996511-995405-v1-2026-08-26/replay-work/formal-opendev-996511--target-995405/target-a1/.tox/py3/lib/python3.13/site-packages/oslo_config/cfg.py", line 2430, in __inner
    result = f(self, *args, **kwargs)

      File "/home/zhihao/hdd/marshal/benchmarks/cross-repo-pr-impact/results/single-case-pipeline-996511-995405-v1-2026-08-26/replay-work/formal-opendev-996511--target-995405/target-a1/.tox/py3/lib/python3.13/site-packages/oslo_config/cfg.py", line 3085, in set_override
    opt_info = self._get_opt_info(name, group)

      File "/home/zhihao/hdd/marshal/benchmarks/cross-repo-pr-impact/results/single-case-pipeline-996511-995405-v1-2026-08-26/replay-work/formal-opendev-996511--target-995405/target-a1/.tox/py3/lib/python3.13/site-packages/oslo_config/cfg.py", line 3580, in _get_opt_info
    raise NoSuchOptError(opt_name, group)

    oslo_config.cfg.NoSuchOptError: no such option enforce_scope in group [oslo_policy]


Captured pythonlogging:
~~~~~~~~~~~~~~~~~~~~~~~
    2026-08-26 20:58:26,590 INFO [keystonemiddleware.auth_token] Starting Keystone auth_token middleware
2026-08-26 20:58:26,591 WARNING [keystonemiddleware._common.config] The option "auth_url" is not known to keystonemiddleware
2026-08-26 20:58:26,595 WARNING [keystonemiddleware.auth_token] Configuring www_authenticate_uri to point to the public identity endpoint is required; clients may not be able to authenticate against an admin endpoint

{74} cinder.tests.unit.policies.test_attachments.AttachmentsPolicyTest.test_update_attachment_policy_2_legacy_owner [0.286984s] ... FAILED

Captured traceback:
~~~~~~~~~~~~~~~~~~~
    Traceback (most recent call last):

      File "/home/zhihao/hdd/marshal/benchmarks/cross-repo-pr-impact/results/single-case-pipeline-996511-995405-v1-2026-08-26/replay-work/formal-opendev-996511--target-995405/target-a1/cinder/tests/unit/policies/test_attachments.py", line 54, in setUp
    super().setUp(enforce_scope, enforce_new_defaults, *args, **kwargs)
    ~~~~~~~~~~~~~^^^^^^^^^^^^^^^^^^^^^^^^^^^^^^^^^^^^^^^^^^^^^^^^^^^^^^

      File "/home/zhihao/hdd/marshal/benchmarks/cross-repo-pr-impact/results/single-case-pipeline-996511-995405-v1-2026-08-26/replay-work/formal-opendev-996511--target-995405/target-a1/cinder/tests/unit/policies/base.py", line 51, in setUp
    self.override_config('enforce_scope',
    ~~~~~~~~~~~~~~~~~~~~^^^^^^^^^^^^^^^^^
                         enforce_scope, 'oslo_policy')
                         ^^^^^^^^^^^^^^^^^^^^^^^^^^^^^

      File "/home/zhihao/hdd/marshal/benchmarks/cross-repo-pr-impact/results/single-case-pipeline-996511-995405-v1-2026-08-26/replay-work/formal-opendev-996511--target-995405/target-a1/cinder/tests/unit/test.py", line 353, in override_config
    CONF.set_override(name, override, group)
    ~~~~~~~~~~~~~~~~~^^^^^^^^^^^^^^^^^^^^^^^

      File "/home/zhihao/hdd/marshal/benchmarks/cross-repo-pr-impact/results/single-case-pipeline-996511-995405-v1-2026-08-26/replay-work/formal-opendev-996511--target-995405/target-a1/.tox/py3/lib/python3.13/site-packages/oslo_messaging/conffixture.py", line 84, in _wrapper
    return wrapped_function(*args, **kwargs)

      File "/home/zhihao/hdd/marshal/benchmarks/cross-repo-pr-impact/results/single-case-pipeline-996511-995405-v1-2026-08-26/replay-work/formal-opendev-996511--target-995405/target-a1/.tox/py3/lib/python3.13/site-packages/oslo_config/cfg.py", line 2430, in __inner
    result = f(self, *args, **kwargs)

      File "/home/zhihao/hdd/marshal/benchmarks/cross-repo-pr-impact/results/single-case-pipeline-996511-995405-v1-2026-08-26/replay-work/formal-opendev-996511--target-995405/target-a1/.tox/py3/lib/python3.13/site-packages/oslo_config/cfg.py", line 3085, in set_override
    opt_info = self._get_opt_info(name, group)

      File "/home/zhihao/hdd/marshal/benchmarks/cross-repo-pr-impact/results/single-case-pipeline-996511-995405-v1-2026-08-26/replay-work/formal-opendev-996511--target-995405/target-a1/.tox/py3/lib/python3.13/site-packages/oslo_config/cfg.py", line 3580, in _get_opt_info
    raise NoSuchOptError(opt_name, group)

    oslo_config.cfg.NoSuchOptError: no such option enforce_scope in group [oslo_policy]


Captured pythonlogging:
~~~~~~~~~~~~~~~~~~~~~~~
    2026-08-26 20:58:26,738 INFO [keystonemiddleware.auth_token] Starting Keystone auth_token middleware
2026-08-26 20:58:26,739 WARNING [keystonemiddleware._common.config] The option "auth_url" is not known to keystonemiddleware
2026-08-26 20:58:26,742 WARNING [keystonemiddleware.auth_token] Configuring www_authenticate_uri to point to the public identity endpoint is required; clients may not be able to authenticate against an admin endpoint

{43} cinder.tests.unit.policies.test_attachments.AttachmentsPolicySecureRbacTest.test_complete_attachment_policy_7_project_foo [0.283424s] ... FAILED

Captured traceback:
~~~~~~~~~~~~~~~~~~~
    Traceback (most recent call last):

      File "/home/zhihao/hdd/marshal/benchmarks/cross-repo-pr-impact/results/single-case-pipeline-996511-995405-v1-2026-08-26/replay-work/formal-opendev-996511--target-995405/target-a1/cinder/tests/unit/policies/test_attachments.py", line 252, in setUp
    super().setUp(enforce_scope=False, enforce_new_defaults=True,
    ~~~~~~~~~~~~~^^^^^^^^^^^^^^^^^^^^^^^^^^^^^^^^^^^^^^^^^^^^^^^^
                  *args, **kwargs)
                  ^^^^^^^^^^^^^^^^

      File "/home/zhihao/hdd/marshal/benchmarks/cross-repo-pr-impact/results/single-case-pipeline-996511-995405-v1-2026-08-26/replay-work/formal-opendev-996511--target-995405/target-a1/cinder/tests/unit/policies/test_attachments.py", line 54, in setUp
    super().setUp(enforce_scope, enforce_new_defaults, *args, **kwargs)
    ~~~~~~~~~~~~~^^^^^^^^^^^^^^^^^^^^^^^^^^^^^^^^^^^^^^^^^^^^^^^^^^^^^^

      File "/home/zhihao/hdd/marshal/benchmarks/cross-repo-pr-impact/results/single-case-pipeline-996511-995405-v1-2026-08-26/replay-work/formal-opendev-996511--target-995405/target-a1/cinder/tests/unit/policies/base.py", line 51, in setUp
    self.override_config('enforce_scope',
    ~~~~~~~~~~~~~~~~~~~~^^^^^^^^^^^^^^^^^
                         enforce_scope, 'oslo_policy')
                         ^^^^^^^^^^^^^^^^^^^^^^^^^^^^^

      File "/home/zhihao/hdd/marshal/benchmarks/cross-repo-pr-impact/results/single-case-pipeline-996511-995405-v1-2026-08-26/replay-work/formal-opendev-996511--target-995405/target-a1/cinder/tests/unit/test.py", line 353, in override_config
    CONF.set_override(name, override, group)
    ~~~~~~~~~~~~~~~~~^^^^^^^^^^^^^^^^^^^^^^^

      File "/home/zhihao/hdd/marshal/benchmarks/cross-repo-pr-impact/results/single-case-pipeline-996511-995405-v1-2026-08-26/replay-work/formal-opendev-996511--target-995405/target-a1/.tox/py3/lib/python3.13/site-packages/oslo_messaging/conffixture.py", line 84, in _wrapper
    return wrapped_function(*args, **kwargs)

      File "/home/zhihao/hdd/marshal/benchmarks/cross-repo-pr-impact/results/single-case-pipeline-996511-995405-v1-2026-08-26/replay-work/formal-opendev-996511--target-995405/target-a1/.tox/py3/lib/python3.13/site-packages/oslo_config/cfg.py", line 2430, in __inner
    result = f(self, *args, **kwargs)

      File "/home/zhihao/hdd/marshal/benchmarks/cross-repo-pr-impact/results/single-case-pipeline-996511-995405-v1-2026-08-26/replay-work/formal-opendev-996511--target-995405/target-a1/.tox/py3/lib/python3.13/site-packages/oslo_config/cfg.py", line 3085, in set_override
    opt_info = self._get_opt_info(name, group)

      File "/home/zhihao/hdd/marshal/benchmarks/cross-repo-pr-impact/results/single-case-pipeline-996511-995405-v1-2026-08-26/replay-work/formal-opendev-996511--target-995405/target-a1/.tox/py3/lib/python3.13/site-packages/oslo_config/cfg.py", line 3580, in _get_opt_info
    raise NoSuchOptError(opt_name, group)

    oslo_config.cfg.NoSuchOptError: no such option enforce_scope in group [oslo_policy]


Captured pythonlogging:
~~~~~~~~~~~~~~~~~~~~~~~
    2026-08-26 20:58:26,865 INFO [keystonemiddleware.auth_token] Starting Keystone auth_token middleware
2026-08-26 20:58:26,866 WARNING [keystonemiddleware._common.config] The option "auth_url" is not known to keystonemiddleware
2026-08-26 20:58:26,869 WARNING [keystonemiddleware.auth_token] Configuring www_authenticate_uri to point to the public identity endpoint is required; clients may not be able to authenticate against an admin endpoint


==============================
Failed 78 tests - output below:
==============================

cinder.tests.unit.policies.test_attachments.AttachmentsPolicySecureRbacTest.test_delete_attachment_policy_2_legacy_owner
------------------------------------------------------------------------------------------------------------------------

Captured traceback:
~~~~~~~~~~~~~~~~~~~
    Traceback (most recent call last):

      File "/home/zhihao/hdd/marshal/benchmarks/cross-repo-pr-impact/results/single-case-pipeline-996511-995405-v1-2026-08-26/replay-work/formal-opendev-996511--target-995405/target-a1/cinder/tests/unit/policies/test_attachments.py", line 252, in setUp
    super().setUp(enforce_scope=False, enforce_new_defaults=True,
    ~~~~~~~~~~~~~^^^^^^^^^^^^^^^^^^^^^^^^^^^^^^^^^^^^^^^^^^^^^^^^
                  *args, **kwargs)
                  ^^^^^^^^^^^^^^^^

      File "/home/zhihao/hdd/marshal/benchmarks/cross-repo-pr-impact/results/single-case-pipeline-996511-995405-v1-2026-08-26/replay-work/formal-opendev-996511--target-995405/target-a1/cinder/tests/unit/policies/test_attachments.py", line 54, in setUp
    super().setUp(enforce_scope, enforce_new_defaults, *args, **kwargs)
    ~~~~~~~~~~~~~^^^^^^^^^^^^^^^^^^^^^^^^^^^^^^^^^^^^^^^^^^^^^^^^^^^^^^

      File "/home/zhihao/hdd/marshal/benchmarks/cross-repo-pr-impact/results/single-case-pipeline-996511-995405-v1-2026-08-26/replay-work/formal-opendev-996511--target-995405/target-a1/cinder/tests/unit/policies/base.py", line 51, in setUp
    self.override_config('enforce_scope',
    ~~~~~~~~~~~~~~~~~~~~^^^^^^^^^^^^^^^^^
                         enforce_scope, 'oslo_policy')
                         ^^^^^^^^^^^^^^^^^^^^^^^^^^^^^

      File "/home/zhihao/hdd/marshal/benchmarks/cross-repo-pr-impact/results/single-case-pipeline-996511-995405-v1-2026-08-26/replay-work/formal-opendev-996511--target-995405/target-a1/cinder/tests/unit/test.py", line 353, in override_config
    CONF.set_override(name, override, group)
    ~~~~~~~~~~~~~~~~~^^^^^^^^^^^^^^^^^^^^^^^

      File "/home/zhihao/hdd/marshal/benchmarks/cross-repo-pr-impact/results/single-case-pipeline-996511-995405-v1-2026-08-26/replay-work/formal-opendev-996511--target-995405/target-a1/.tox/py3/lib/python3.13/site-packages/oslo_messaging/conffixture.py", line 84, in _wrapper
    return wrapped_function(*args, **kwargs)

      File "/home/zhihao/hdd/marshal/benchmarks/cross-repo-pr-impact/results/single-case-pipeline-996511-995405-v1-2026-08-26/replay-work/formal-opendev-996511--target-995405/target-a1/.tox/py3/lib/python3.13/site-packages/oslo_config/cfg.py", line 2430, in __inner
    result = f(self, *args, **kwargs)

      File "/home/zhihao/hdd/marshal/benchmarks/cross-repo-pr-impact/results/single-case-pipeline-996511-995405-v1-2026-08-26/replay-work/formal-opendev-996511--target-995405/target-a1/.tox/py3/lib/python3.13/site-packages/oslo_config/cfg.py", line 3085, in set_override
    opt_info = self._get_opt_info(name, group)

      File "/home/zhihao/hdd/marshal/benchmarks/cross-repo-pr-impact/results/single-case-pipeline-996511-995405-v1-2026-08-26/replay-work/formal-opendev-996511--target-995405/target-a1/.tox/py3/lib/python3.13/site-packages/oslo_config/cfg.py", line 3580, in _get_opt_info
    raise NoSuchOptError(opt_name, group)

    oslo_config.cfg.NoSuchOptError: no such option enforce_scope in group [oslo_policy]


Captured pythonlogging:
~~~~~~~~~~~~~~~~~~~~~~~
    2026-08-26 20:58:24,161 INFO [keystonemiddleware.auth_token] Starting Keystone auth_token middleware
2026-08-26 20:58:24,162 WARNING [keystonemiddleware._common.config] The option "auth_url" is not known to keystonemiddleware
2026-08-26 20:58:24,165 WARNING [keystonemiddleware.auth_token] Configuring www_authenticate_uri to point to the public identity endpoint is required; clients may not be able to authenticate against an admin endpoint


cinder.tests.unit.policies.test_attachments.AttachmentsPolicySecureRbacTest.test_delete_attachment_policy_1_legacy_admin
------------------------------------------------------------------------------------------------------------------------

Captured traceback:
~~~~~~~~~~~~~~~~~~~
    Traceback (most recent call last):

      File "/home/zhihao/hdd/marshal/benchmarks/cross-repo-pr-impact/results/single-case-pipeline-996511-995405-v1-2026-08-26/replay-work/formal-opendev-996511--target-995405/target-a1/cinder/tests/unit/policies/test_attachments.py", line 252, in setUp
    super().setUp(enforce_scope=False, enforce_new_defaults=True,
    ~~~~~~~~~~~~~^^^^^^^^^^^^^^^^^^^^^^^^^^^^^^^^^^^^^^^^^^^^^^^^
                  *args, **kwargs)
                  ^^^^^^^^^^^^^^^^

      File "/home/zhihao/hdd/marshal/benchmarks/cross-repo-pr-impact/results/single-case-pipeline-996511-995405-v1-2026-08-26/replay-work/formal-opendev-996511--target-995405/target-a1/cinder/tests/unit/policies/test_attachments.py", line 54, in setUp
    super().setUp(enforce_scope, enforce_new_defaults, *args, **kwargs)
    ~~~~~~~~~~~~~^^^^^^^^^^^^^^^^^^^^^^^^^^^^^^^^^^^^^^^^^^^^^^^^^^^^^^

      File "/home/zhihao/hdd/marshal/benchmarks/cross-repo-pr-impact/results/single-case-pipeline-996511-995405-v1-2026-08-26/replay-work/formal-opendev-996511--target-995405/target-a1/cinder/tests/unit/policies/base.py", line 51, in setUp
    self.override_config('enforce_scope',
    ~~~~~~~~~~~~~~~~~~~~^^^^^^^^^^^^^^^^^
                         enforce_scope, 'oslo_policy')
                         ^^^^^^^^^^^^^^^^^^^^^^^^^^^^^

      File "/home/zhihao/hdd/marshal/benchmarks/cross-repo-pr-impact/results/single-case-pipeline-996511-995405-v1-2026-08-26/replay-work/formal-opendev-996511--target-995405/target-a1/cinder/tests/unit/test.py", line 353, in override_config
    CONF.set_override(name, override, group)
    ~~~~~~~~~~~~~~~~~^^^^^^^^^^^^^^^^^^^^^^^

      File "/home/zhihao/hdd/marshal/benchmarks/cross-repo-pr-impact/results/single-case-pipeline-996511-995405-v1-2026-08-26/replay-work/formal-opendev-996511--target-995405/target-a1/.tox/py3/lib/python3.13/site-packages/oslo_messaging/conffixture.py", line 84, in _wrapper
    return wrapped_function(*args, **kwargs)

      File "/home/zhihao/hdd/marshal/benchmarks/cross-repo-pr-impact/results/single-case-pipeline-996511-995405-v1-2026-08-26/replay-work/formal-opendev-996511--target-995405/target-a1/.tox/py3/lib/python3.13/site-packages/oslo_config/cfg.py", line 2430, in __inner
    result = f(self, *args, **kwargs)

      File "/home/zhihao/hdd/marshal/benchmarks/cross-repo-pr-impact/results/single-case-pipeline-996511-995405-v1-2026-08-26/replay-work/formal-opendev-996511--target-995405/target-a1/.tox/py3/lib/python3.13/site-packages/oslo_config/cfg.py", line 3085, in set_override
    opt_info = self._get_opt_info(name, group)

      File "/home/zhihao/hdd/marshal/benchmarks/cross-repo-pr-impact/results/single-case-pipeline-996511-995405-v1-2026-08-26/replay-work/formal-opendev-996511--target-995405/target-a1/.tox/py3/lib/python3.13/site-packages/oslo_config/cfg.py", line 3580, in _get_opt_info
    raise NoSuchOptError(opt_name, group)

    oslo_config.cfg.NoSuchOptError: no such option enforce_scope in group [oslo_policy]


Captured pythonlogging:
~~~~~~~~~~~~~~~~~~~~~~~
    2026-08-26 20:58:24,179 INFO [keystonemiddleware.auth_token] Starting Keystone auth_token middleware
2026-08-26 20:58:24,181 WARNING [keystonemiddleware._common.config] The option "auth_url" is not known to keystonemiddleware
2026-08-26 20:58:24,183 WARNING [keystonemiddleware.auth_token] Configuring www_authenticate_uri to point to the public identity endpoint is required; clients may not be able to authenticate against an admin endpoint


cinder.tests.unit.policies.test_attachments.AttachmentsPolicyTest.test_complete_attachment_policy_1_legacy_admin
----------------------------------------------------------------------------------------------------------------

Captured traceback:
~~~~~~~~~~~~~~~~~~~
    Traceback (most recent call last):

      File "/home/zhihao/hdd/marshal/benchmarks/cross-repo-pr-impact/results/single-case-pipeline-996511-995405-v1-2026-08-26/replay-work/formal-opendev-996511--target-995405/target-a1/cinder/tests/unit/policies/test_attachments.py", line 54, in setUp
    super().setUp(enforce_scope, enforce_new_defaults, *args, **kwargs)
    ~~~~~~~~~~~~~^^^^^^^^^^^^^^^^^^^^^^^^^^^^^^^^^^^^^^^^^^^^^^^^^^^^^^

      File "/home/zhihao/hdd/marshal/benchmarks/cross-repo-pr-impact/results/single-case-pipeline-996511-995405-v1-2026-08-26/replay-work/formal-opendev-996511--target-995405/target-a1/cinder/tests/unit/policies/base.py", line 51, in setUp
    self.override_config('enforce_scope',
    ~~~~~~~~~~~~~~~~~~~~^^^^^^^^^^^^^^^^^
                         enforce_scope, 'oslo_policy')
                         ^^^^^^^^^^^^^^^^^^^^^^^^^^^^^

      File "/home/zhihao/hdd/marshal/benchmarks/cross-repo-pr-impact/results/single-case-pipeline-996511-995405-v1-2026-08-26/replay-work/formal-opendev-996511--target-995405/target-a1/cinder/tests/unit/test.py", line 353, in override_config
    CONF.set_override(name, override, group)
    ~~~~~~~~~~~~~~~~~^^^^^^^^^^^^^^^^^^^^^^^

      File "/home/zhihao/hdd/marshal/benchmarks/cross-repo-pr-impact/results/single-case-pipeline-996511-995405-v1-2026-08-26/replay-work/formal-opendev-996511--target-995405/target-a1/.tox/py3/lib/python3.13/site-packages/oslo_messaging/conffixture.py", line 84, in _wrapper
    return wrapped_function(*args, **kwargs)

      File "/home/zhihao/hdd/marshal/benchmarks/cross-repo-pr-impact/results/single-case-pipeline-996511-995405-v1-2026-08-26/replay-work/formal-opendev-996511--target-995405/target-a1/.tox/py3/lib/python3.13/site-packages/oslo_config/cfg.py", line 2430, in __inner
    result = f(self, *args, **kwargs)

      File "/home/zhihao/hdd/marshal/benchmarks/cross-repo-pr-impact/results/single-case-pipeline-996511-995405-v1-2026-08-26/replay-work/formal-opendev-996511--target-995405/target-a1/.tox/py3/lib/python3.13/site-packages/oslo_config/cfg.py", line 3085, in set_override
    opt_info = self._get_opt_info(name, group)

      File "/home/zhihao/hdd/marshal/benchmarks/cross-repo-pr-impact/results/single-case-pipeline-996511-995405-v1-2026-08-26/replay-work/formal-opendev-996511--target-995405/target-a1/.tox/py3/lib/python3.13/site-packages/oslo_config/cfg.py", line 3580, in _get_opt_info
    raise NoSuchOptError(opt_name, group)

    oslo_config.cfg.NoSuchOptError: no such option enforce_scope in group [oslo_policy]


Captured pythonlogging:
~~~~~~~~~~~~~~~~~~~~~~~
    2026-08-26 20:58:24,209 INFO [keystonemiddleware.auth_token] Starting Keystone auth_token middleware
2026-08-26 20:58:24,211 WARNING [keystonemiddleware._common.config] The option "auth_url" is not known to keystonemiddleware
2026-08-26 20:58:24,213 WARNING [keystonemiddleware.auth_token] Configuring www_authenticate_uri to point to the public identity endpoint is required; clients may not be able to authenticate against an admin endpoint


cinder.tests.unit.policies.test_attachments.AttachmentsPolicyTest.test_create_attachment_policy_6_project_reader
----------------------------------------------------------------------------------------------------------------

Captured traceback:
~~~~~~~~~~~~~~~~~~~
    Traceback (most recent call last):

      File "/home/zhihao/hdd/marshal/benchmarks/cross-repo-pr-impact/results/single-case-pipeline-996511-995405-v1-2026-08-26/replay-work/formal-opendev-996511--target-995405/target-a1/cinder/tests/unit/policies/test_attachments.py", line 54, in setUp
    super().setUp(enforce_scope, enforce_new_defaults, *args, **kwargs)
    ~~~~~~~~~~~~~^^^^^^^^^^^^^^^^^^^^^^^^^^^^^^^^^^^^^^^^^^^^^^^^^^^^^^

      File "/home/zhihao/hdd/marshal/benchmarks/cross-repo-pr-impact/results/single-case-pipeline-996511-995405-v1-2026-08-26/replay-work/formal-opendev-996511--target-995405/target-a1/cinder/tests/unit/policies/base.py", line 51, in setUp
    self.override_config('enforce_scope',
    ~~~~~~~~~~~~~~~~~~~~^^^^^^^^^^^^^^^^^
                         enforce_scope, 'oslo_policy')
                         ^^^^^^^^^^^^^^^^^^^^^^^^^^^^^

      File "/home/zhihao/hdd/marshal/benchmarks/cross-repo-pr-impact/results/single-case-pipeline-996511-995405-v1-2026-08-26/replay-work/formal-opendev-996511--target-995405/target-a1/cinder/tests/unit/test.py", line 353, in override_config
    CONF.set_override(name, override, group)
    ~~~~~~~~~~~~~~~~~^^^^^^^^^^^^^^^^^^^^^^^

      File "/home/zhihao/hdd/marshal/benchmarks/cross-repo-pr-impact/results/single-case-pipeline-996511-995405-v1-2026-08-26/replay-work/formal-opendev-996511--target-995405/target-a1/.tox/py3/lib/python3.13/site-packages/oslo_messaging/conffixture.py", line 84, in _wrapper
    return wrapped_function(*args, **kwargs)

      File "/home/zhihao/hdd/marshal/benchmarks/cross-repo-pr-impact/results/single-case-pipeline-996511-995405-v1-2026-08-26/replay-work/formal-opendev-996511--target-995405/target-a1/.tox/py3/lib/python3.13/site-packages/oslo_config/cfg.py", line 2430, in __inner
    result = f(self, *args, **kwargs)

      File "/home/zhihao/hdd/marshal/benchmarks/cross-repo-pr-impact/results/single-case-pipeline-996511-995405-v1-2026-08-26/replay-work/formal-opendev-996511--target-995405/target-a1/.tox/py3/lib/python3.13/site-packages/oslo_config/cfg.py", line 3085, in set_override
    opt_info = self._get_opt_info(name, group)

      File "/home/zhihao/hdd/marshal/benchmarks/cross-repo-pr-impact/results/single-case-pipeline-996511-995405-v1-2026-08-26/replay-work/formal-opendev-996511--target-995405/target-a1/.tox/py3/lib/python3.13/site-packages/oslo_config/cfg.py", line 3580, in _get_opt_info
    raise NoSuchOptError(opt_name, group)

    oslo_config.cfg.NoSuchOptError: no such option enforce_scope in group [oslo_policy]


Captured pythonlogging:
~~~~~~~~~~~~~~~~~~~~~~~
    2026-08-26 20:58:24,220 INFO [keystonemiddleware.auth_token] Starting Keystone auth_token middleware
2026-08-26 20:58:24,222 WARNING [keystonemiddleware._common.config] The option "auth_url" is not known to keystonemiddleware
2026-08-26 20:58:24,224 WARNING [keystonemiddleware.auth_token] Configuring www_authenticate_uri to point to the public identity endpoint is required; clients may not be able to authenticate against an admin endpoint


cinder.tests.unit.policies.test_attachments.AttachmentsPolicySecureRbacTest.test_multiattach_bootable_volume_policy_8_other_project_member
------------------------------------------------------------------------------------------------------------------------------------------

Captured traceback:
~~~~~~~~~~~~~~~~~~~
    Traceback (most recent call last):

      File "/home/zhihao/hdd/marshal/benchmarks/cross-repo-pr-impact/results/single-case-pipeline-996511-995405-v1-2026-08-26/replay-work/formal-opendev-996511--target-995405/target-a1/cinder/tests/unit/policies/test_attachments.py", line 252, in setUp
    super().setUp(enforce_scope=False, enforce_new_defaults=True,
    ~~~~~~~~~~~~~^^^^^^^^^^^^^^^^^^^^^^^^^^^^^^^^^^^^^^^^^^^^^^^^
                  *args, **kwargs)
                  ^^^^^^^^^^^^^^^^

      File "/home/zhihao/hdd/marshal/benchmarks/cross-repo-pr-impact/results/single-case-pipeline-996511-995405-v1-2026-08-26/replay-work/formal-opendev-996511--target-995405/target-a1/cinder/tests/unit/policies/test_attachments.py", line 54, in setUp
    super().setUp(enforce_scope, enforce_new_defaults, *args, **kwargs)
    ~~~~~~~~~~~~~^^^^^^^^^^^^^^^^^^^^^^^^^^^^^^^^^^^^^^^^^^^^^^^^^^^^^^

      File "/home/zhihao/hdd/marshal/benchmarks/cross-repo-pr-impact/results/single-case-pipeline-996511-995405-v1-2026-08-26/replay-work/formal-opendev-996511--target-995405/target-a1/cinder/tests/unit/policies/base.py", line 51, in setUp
    self.override_config('enforce_scope',
    ~~~~~~~~~~~~~~~~~~~~^^^^^^^^^^^^^^^^^
                         enforce_scope, 'oslo_policy')
                         ^^^^^^^^^^^^^^^^^^^^^^^^^^^^^

      File "/home/zhihao/hdd/marshal/benchmarks/cross-repo-pr-impact/results/single-case-pipeline-996511-995405-v1-2026-08-26/replay-work/formal-opendev-996511--target-995405/target-a1/cinder/tests/unit/test.py", line 353, in override_config
    CONF.set_override(name, override, group)
    ~~~~~~~~~~~~~~~~~^^^^^^^^^^^^^^^^^^^^^^^

      File "/home/zhihao/hdd/marshal/benchmarks/cross-repo-pr-impact/results/single-case-pipeline-996511-995405-v1-2026-08-26/replay-work/formal-opendev-996511--target-995405/target-a1/.tox/py3/lib/python3.13/site-packages/oslo_messaging/conffixture.py", line 84, in _wrapper
    return wrapped_function(*args, **kwargs)

      File "/home/zhihao/hdd/marshal/benchmarks/cross-repo-pr-impact/results/single-case-pipeline-996511-995405-v1-2026-08-26/replay-work/formal-opendev-996511--target-995405/target-a1/.tox/py3/lib/python3.13/site-packages/oslo_config/cfg.py", line 2430, in __inner
    result = f(self, *args, **kwargs)

      File "/home/zhihao/hdd/marshal/benchmarks/cross-repo-pr-impact/results/single-case-pipeline-996511-995405-v1-2026-08-26/replay-work/formal-opendev-996511--target-995405/target-a1/.tox/py3/lib/python3.13/site-packages/oslo_config/cfg.py", line 3085, in set_override
    opt_info = self._get_opt_info(name, group)

      File "/home/zhihao/hdd/marshal/benchmarks/cross-repo-pr-impact/results/single-case-pipeline-996511-995405-v1-2026-08-26/replay-work/formal-opendev-996511--target-995405/target-a1/.tox/py3/lib/python3.13/site-packages/oslo_config/cfg.py", line 3580, in _get_opt_info
    raise NoSuchOptError(opt_name, group)

    oslo_config.cfg.NoSuchOptError: no such option enforce_scope in group [oslo_policy]


Captured pythonlogging:
~~~~~~~~~~~~~~~~~~~~~~~
    2026-08-26 20:58:24,223 INFO [keystonemiddleware.auth_token] Starting Keystone auth_token middleware
2026-08-26 20:58:24,224 WARNING [keystonemiddleware._common.config] The option "auth_url" is not known to keystonemiddleware
2026-08-26 20:58:24,227 WARNING [keystonemiddleware.auth_token] Configuring www_authenticate_uri to point to the public identity endpoint is required; clients may not be able to authenticate against an admin endpoint


cinder.tests.unit.policies.test_attachments.AttachmentsPolicySecureRbacTest.test_update_attachment_policy_7_project_foo
-----------------------------------------------------------------------------------------------------------------------

Captured traceback:
~~~~~~~~~~~~~~~~~~~
    Traceback (most recent call last):

      File "/home/zhihao/hdd/marshal/benchmarks/cross-repo-pr-impact/results/single-case-pipeline-996511-995405-v1-2026-08-26/replay-work/formal-opendev-996511--target-995405/target-a1/cinder/tests/unit/policies/test_attachments.py", line 252, in setUp
    super().setUp(enforce_scope=False, enforce_new_defaults=True,
    ~~~~~~~~~~~~~^^^^^^^^^^^^^^^^^^^^^^^^^^^^^^^^^^^^^^^^^^^^^^^^
                  *args, **kwargs)
                  ^^^^^^^^^^^^^^^^

      File "/home/zhihao/hdd/marshal/benchmarks/cross-repo-pr-impact/results/single-case-pipeline-996511-995405-v1-2026-08-26/replay-work/formal-opendev-996511--target-995405/target-a1/cinder/tests/unit/policies/test_attachments.py", line 54, in setUp
    super().setUp(enforce_scope, enforce_new_defaults, *args, **kwargs)
    ~~~~~~~~~~~~~^^^^^^^^^^^^^^^^^^^^^^^^^^^^^^^^^^^^^^^^^^^^^^^^^^^^^^

      File "/home/zhihao/hdd/marshal/benchmarks/cross-repo-pr-impact/results/single-case-pipeline-996511-995405-v1-2026-08-26/replay-work/formal-opendev-996511--target-995405/target-a1/cinder/tests/unit/policies/base.py", line 51, in setUp
    self.override_config('enforce_scope',
    ~~~~~~~~~~~~~~~~~~~~^^^^^^^^^^^^^^^^^
                         enforce_scope, 'oslo_policy')
                         ^^^^^^^^^^^^^^^^^^^^^^^^^^^^^

      File "/home/zhihao/hdd/marshal/benchmarks/cross-repo-pr-impact/results/single-case-pipeline-996511-995405-v1-2026-08-26/replay-work/formal-opendev-996511--target-995405/target-a1/cinder/tests/unit/test.py", line 353, in override_config
    CONF.set_override(name, override, group)
    ~~~~~~~~~~~~~~~~~^^^^^^^^^^^^^^^^^^^^^^^

      File "/home/zhihao/hdd/marshal/benchmarks/cross-repo-pr-impact/results/single-case-pipeline-996511-995405-v1-2026-08-26/replay-work/formal-opendev-996511--target-995405/target-a1/.tox/py3/lib/python3.13/site-packages/oslo_messaging/conffixture.py", line 84, in _wrapper
    return wrapped_function(*args, **kwargs)

      File "/home/zhihao/hdd/marshal/benchmarks/cross-repo-pr-impact/results/single-case-pipeline-996511-995405-v1-2026-08-26/replay-work/formal-opendev-996511--target-995405/target-a1/.tox/py3/lib/python3.13/site-packages/oslo_config/cfg.py", line 2430, in __inner
    result = f(self, *args, **kwargs)

      File "/home/zhihao/hdd/marshal/benchmarks/cross-repo-pr-impact/results/single-case-pipeline-996511-995405-v1-2026-08-26/replay-work/formal-opendev-996511--target-995405/target-a1/.tox/py3/lib/python3.13/site-packages/oslo_config/cfg.py", line 3085, in set_override
    opt_info = self._get_opt_info(name, group)

      File "/home/zhihao/hdd/marshal/benchmarks/cross-repo-pr-impact/results/single-case-pipeline-996511-995405-v1-2026-08-26/replay-work/formal-opendev-996511--target-995405/target-a1/.tox/py3/lib/python3.13/site-packages/oslo_config/cfg.py", line 3580, in _get_opt_info
    raise NoSuchOptError(opt_name, group)

    oslo_config.cfg.NoSuchOptError: no such option enforce_scope in group [oslo_policy]


Captured pythonlogging:
~~~~~~~~~~~~~~~~~~~~~~~
    2026-08-26 20:58:24,223 INFO [keystonemiddleware.auth_token] Starting Keystone auth_token middleware
2026-08-26 20:58:24,225 WARNING [keystonemiddleware._common.config] The option "auth_url" is not known to keystonemiddleware
2026-08-26 20:58:24,227 WARNING [keystonemiddleware.auth_token] Configuring www_authenticate_uri to point to the public identity endpoint is required; clients may not be able to authenticate against an admin endpoint


cinder.tests.unit.policies.test_attachments.AttachmentsPolicySecureRbacTest.test_update_attachment_policy_2_legacy_owner
------------------------------------------------------------------------------------------------------------------------

Captured traceback:
~~~~~~~~~~~~~~~~~~~
    Traceback (most recent call last):

      File "/home/zhihao/hdd/marshal/benchmarks/cross-repo-pr-impact/results/single-case-pipeline-996511-995405-v1-2026-08-26/replay-work/formal-opendev-996511--target-995405/target-a1/cinder/tests/unit/policies/test_attachments.py", line 252, in setUp
    super().setUp(enforce_scope=False, enforce_new_defaults=True,
    ~~~~~~~~~~~~~^^^^^^^^^^^^^^^^^^^^^^^^^^^^^^^^^^^^^^^^^^^^^^^^
                  *args, **kwargs)
                  ^^^^^^^^^^^^^^^^

      File "/home/zhihao/hdd/marshal/benchmarks/cross-repo-pr-impact/results/single-case-pipeline-996511-995405-v1-2026-08-26/replay-work/formal-opendev-996511--target-995405/target-a1/cinder/tests/unit/policies/test_attachments.py", line 54, in setUp
    super().setUp(enforce_scope, enforce_new_defaults, *args, **kwargs)
    ~~~~~~~~~~~~~^^^^^^^^^^^^^^^^^^^^^^^^^^^^^^^^^^^^^^^^^^^^^^^^^^^^^^

      File "/home/zhihao/hdd/marshal/benchmarks/cross-repo-pr-impact/results/single-case-pipeline-996511-995405-v1-2026-08-26/replay-work/formal-opendev-996511--target-995405/target-a1/cinder/tests/unit/policies/base.py", line 51, in setUp
    self.override_config('enforce_scope',
    ~~~~~~~~~~~~~~~~~~~~^^^^^^^^^^^^^^^^^
                         enforce_scope, 'oslo_policy')
                         ^^^^^^^^^^^^^^^^^^^^^^^^^^^^^

      File "/home/zhihao/hdd/marshal/benchmarks/cross-repo-pr-impact/results/single-case-pipeline-996511-995405-v1-2026-08-26/replay-work/formal-opendev-996511--target-995405/target-a1/cinder/tests/unit/test.py", line 353, in override_config
    CONF.set_override(name, override, group)
    ~~~~~~~~~~~~~~~~~^^^^^^^^^^^^^^^^^^^^^^^

      File "/home/zhihao/hdd/marshal/benchmarks/cross-repo-pr-impact/results/single-case-pipeline-996511-995405-v1-2026-08-26/replay-work/formal-opendev-996511--target-995405/target-a1/.tox/py3/lib/python3.13/site-packages/oslo_messaging/conffixture.py", line 84, in _wrapper
    return wrapped_function(*args, **kwargs)

      File "/home/zhihao/hdd/marshal/benchmarks/cross-repo-pr-impact/results/single-case-pipeline-996511-995405-v1-2026-08-26/replay-work/formal-opendev-996511--target-995405/target-a1/.tox/py3/lib/python3.13/site-packages/oslo_config/cfg.py", line 2430, in __inner
    result = f(self, *args, **kwargs)

      File "/home/zhihao/hdd/marshal/benchmarks/cross-repo-pr-impact/results/single-case-pipeline-996511-995405-v1-2026-08-26/replay-work/formal-opendev-996511--target-995405/target-a1/.tox/py3/lib/python3.13/site-packages/oslo_config/cfg.py", line 3085, in set_override
    opt_info = self._get_opt_info(name, group)

      File "/home/zhihao/hdd/marshal/benchmarks/cross-repo-pr-impact/results/single-case-pipeline-996511-995405-v1-2026-08-26/replay-work/formal-opendev-996511--target-995405/target-a1/.tox/py3/lib/python3.13/site-packages/oslo_config/cfg.py", line 3580, in _get_opt_info
    raise NoSuchOptError(opt_name, group)

    oslo_config.cfg.NoSuchOptError: no such option enforce_scope in group [oslo_policy]


Captured pythonlogging:
~~~~~~~~~~~~~~~~~~~~~~~
    2026-08-26 20:58:24,311 INFO [keystonemiddleware.auth_token] Starting Keystone auth_token middleware
2026-08-26 20:58:24,312 WARNING [keystonemiddleware._common.config] The option "auth_url" is not known to keystonemiddleware
2026-08-26 20:58:24,315 WARNING [keystonemiddleware.auth_token] Configuring www_authenticate_uri to point to the public identity endpoint is required; clients may not be able to authenticate against an admin endpoint


cinder.tests.unit.policies.test_attachments.AttachmentsPolicyTest.test_complete_attachment_policy_3_system_admin
----------------------------------------------------------------------------------------------------------------

Captured traceback:
~~~~~~~~~~~~~~~~~~~
    Traceback (most recent call last):

      File "/home/zhihao/hdd/marshal/benchmarks/cross-repo-pr-impact/results/single-case-pipeline-996511-995405-v1-2026-08-26/replay-work/formal-opendev-996511--target-995405/target-a1/cinder/tests/unit/policies/test_attachments.py", line 54, in setUp
    super().setUp(enforce_scope, enforce_new_defaults, *args, **kwargs)
    ~~~~~~~~~~~~~^^^^^^^^^^^^^^^^^^^^^^^^^^^^^^^^^^^^^^^^^^^^^^^^^^^^^^

      File "/home/zhihao/hdd/marshal/benchmarks/cross-repo-pr-impact/results/single-case-pipeline-996511-995405-v1-2026-08-26/replay-work/formal-opendev-996511--target-995405/target-a1/cinder/tests/unit/policies/base.py", line 51, in setUp
    self.override_config('enforce_scope',
    ~~~~~~~~~~~~~~~~~~~~^^^^^^^^^^^^^^^^^
                         enforce_scope, 'oslo_policy')
                         ^^^^^^^^^^^^^^^^^^^^^^^^^^^^^

      File "/home/zhihao/hdd/marshal/benchmarks/cross-repo-pr-impact/results/single-case-pipeline-996511-995405-v1-2026-08-26/replay-work/formal-opendev-996511--target-995405/target-a1/cinder/tests/unit/test.py", line 353, in override_config
    CONF.set_override(name, override, group)
    ~~~~~~~~~~~~~~~~~^^^^^^^^^^^^^^^^^^^^^^^

      File "/home/zhihao/hdd/marshal/benchmarks/cross-repo-pr-impact/results/single-case-pipeline-996511-995405-v1-2026-08-26/replay-work/formal-opendev-996511--target-995405/target-a1/.tox/py3/lib/python3.13/site-packages/oslo_messaging/conffixture.py", line 84, in _wrapper
    return wrapped_function(*args, **kwargs)

      File "/home/zhihao/hdd/marshal/benchmarks/cross-repo-pr-impact/results/single-case-pipeline-996511-995405-v1-2026-08-26/replay-work/formal-opendev-996511--target-995405/target-a1/.tox/py3/lib/python3.13/site-packages/oslo_config/cfg.py", line 2430, in __inner
    result = f(self, *args, **kwargs)

      File "/home/zhihao/hdd/marshal/benchmarks/cross-repo-pr-impact/results/single-case-pipeline-996511-995405-v1-2026-08-26/replay-work/formal-opendev-996511--target-995405/target-a1/.tox/py3/lib/python3.13/site-packages/oslo_config/cfg.py", line 3085, in set_override
    opt_info = self._get_opt_info(name, group)

      File "/home/zhihao/hdd/marshal/benchmarks/cross-repo-pr-impact/results/single-case-pipeline-996511-995405-v1-2026-08-26/replay-work/formal-opendev-996511--target-995405/target-a1/.tox/py3/lib/python3.13/site-packages/oslo_config/cfg.py", line 3580, in _get_opt_info
    raise NoSuchOptError(opt_name, group)

    oslo_config.cfg.NoSuchOptError: no such option enforce_scope in group [oslo_policy]


Captured pythonlogging:
~~~~~~~~~~~~~~~~~~~~~~~
    2026-08-26 20:58:24,316 INFO [keystonemiddleware.auth_token] Starting Keystone auth_token middleware
2026-08-26 20:58:24,318 WARNING [keystonemiddleware._common.config] The option "auth_url" is not known to keystonemiddleware
2026-08-26 20:58:24,321 WARNING [keystonemiddleware.auth_token] Configuring www_authenticate_uri to point to the public identity endpoint is required; clients may not be able to authenticate against an admin endpoint


cinder.tests.unit.policies.test_attachments.AttachmentsPolicyTest.test_multiattach_bootable_volume_policy_8_other_project_member
--------------------------------------------------------------------------------------------------------------------------------

Captured traceback:
~~~~~~~~~~~~~~~~~~~
    Traceback (most recent call last):

      File "/home/zhihao/hdd/marshal/benchmarks/cross-repo-pr-impact/results/single-case-pipeline-996511-995405-v1-2026-08-26/replay-work/formal-opendev-996511--target-995405/target-a1/cinder/tests/unit/policies/test_attachments.py", line 54, in setUp
    super().setUp(enforce_scope, enforce_new_defaults, *args, **kwargs)
    ~~~~~~~~~~~~~^^^^^^^^^^^^^^^^^^^^^^^^^^^^^^^^^^^^^^^^^^^^^^^^^^^^^^

      File "/home/zhihao/hdd/marshal/benchmarks/cross-repo-pr-impact/results/single-case-pipeline-996511-995405-v1-2026-08-26/replay-work/formal-opendev-996511--target-995405/target-a1/cinder/tests/unit/policies/base.py", line 51, in setUp
    self.override_config('enforce_scope',
    ~~~~~~~~~~~~~~~~~~~~^^^^^^^^^^^^^^^^^
                         enforce_scope, 'oslo_policy')
                         ^^^^^^^^^^^^^^^^^^^^^^^^^^^^^

      File "/home/zhihao/hdd/marshal/benchmarks/cross-repo-pr-impact/results/single-case-pipeline-996511-995405-v1-2026-08-26/replay-work/formal-opendev-996511--target-995405/target-a1/cinder/tests/unit/test.py", line 353, in override_config
    CONF.set_override(name, override, group)
    ~~~~~~~~~~~~~~~~~^^^^^^^^^^^^^^^^^^^^^^^

      File "/home/zhihao/hdd/marshal/benchmarks/cross-repo-pr-impact/results/single-case-pipeline-996511-995405-v1-2026-08-26/replay-work/formal-opendev-996511--target-995405/target-a1/.tox/py3/lib/python3.13/site-packages/oslo_messaging/conffixture.py", line 84, in _wrapper
    return wrapped_function(*args, **kwargs)

      File "/home/zhihao/hdd/marshal/benchmarks/cross-repo-pr-impact/results/single-case-pipeline-996511-995405-v1-2026-08-26/replay-work/formal-opendev-996511--target-995405/target-a1/.tox/py3/lib/python3.13/site-packages/oslo_config/cfg.py", line 2430, in __inner
    result = f(self, *args, **kwargs)

      File "/home/zhihao/hdd/marshal/benchmarks/cross-repo-pr-impact/results/single-case-pipeline-996511-995405-v1-2026-08-26/replay-work/formal-opendev-996511--target-995405/target-a1/.tox/py3/lib/python3.13/site-packages/oslo_config/cfg.py", line 3085, in set_override
    opt_info = self._get_opt_info(name, group)

      File "/home/zhihao/hdd/marshal/benchmarks/cross-repo-pr-impact/results/single-case-pipeline-996511-995405-v1-2026-08-26/replay-work/formal-opendev-996511--target-995405/target-a1/.tox/py3/lib/python3.13/site-packages/oslo_config/cfg.py", line 3580, in _get_opt_info
    raise NoSuchOptError(opt_name, group)

    oslo_config.cfg.NoSuchOptError: no such option enforce_scope in group [oslo_policy]


Captured pythonlogging:
~~~~~~~~~~~~~~~~~~~~~~~
    2026-08-26 20:58:24,329 INFO [keystonemiddleware.auth_token] Starting Keystone auth_token middleware
2026-08-26 20:58:24,331 WARNING [keystonemiddleware._common.config] The option "auth_url" is not known to keystonemiddleware
2026-08-26 20:58:24,333 WARNING [keystonemiddleware.auth_token] Configuring www_authenticate_uri to point to the public identity endpoint is required; clients may not be able to authenticate against an admin endpoint


cinder.tests.unit.policies.test_attachments.AttachmentsPolicyTest.test_delete_attachment_policy_1_legacy_admin
--------------------------------------------------------------------------------------------------------------

Captured traceback:
~~~~~~~~~~~~~~~~~~~
    Traceback (most recent call last):

      File "/home/zhihao/hdd/marshal/benchmarks/cross-repo-pr-impact/results/single-case-pipeline-996511-995405-v1-2026-08-26/replay-work/formal-opendev-996511--target-995405/target-a1/cinder/tests/unit/policies/test_attachments.py", line 54, in setUp
    super().setUp(enforce_scope, enforce_new_defaults, *args, **kwargs)
    ~~~~~~~~~~~~~^^^^^^^^^^^^^^^^^^^^^^^^^^^^^^^^^^^^^^^^^^^^^^^^^^^^^^

      File "/home/zhihao/hdd/marshal/benchmarks/cross-repo-pr-impact/results/single-case-pipeline-996511-995405-v1-2026-08-26/replay-work/formal-opendev-996511--target-995405/target-a1/cinder/tests/unit/policies/base.py", line 51, in setUp
    self.override_config('enforce_scope',
    ~~~~~~~~~~~~~~~~~~~~^^^^^^^^^^^^^^^^^
                         enforce_scope, 'oslo_policy')
                         ^^^^^^^^^^^^^^^^^^^^^^^^^^^^^

      File "/home/zhihao/hdd/marshal/benchmarks/cross-repo-pr-impact/results/single-case-pipeline-996511-995405-v1-2026-08-26/replay-work/formal-opendev-996511--target-995405/target-a1/cinder/tests/unit/test.py", line 353, in override_config
    CONF.set_override(name, override, group)
    ~~~~~~~~~~~~~~~~~^^^^^^^^^^^^^^^^^^^^^^^

      File "/home/zhihao/hdd/marshal/benchmarks/cross-repo-pr-impact/results/single-case-pipeline-996511-995405-v1-2026-08-26/replay-work/formal-opendev-996511--target-995405/target-a1/.tox/py3/lib/python3.13/site-packages/oslo_messaging/conffixture.py", line 84, in _wrapper
    return wrapped_function(*args, **kwargs)

      File "/home/zhihao/hdd/marshal/benchmarks/cross-repo-pr-impact/results/single-case-pipeline-996511-995405-v1-2026-08-26/replay-work/formal-opendev-996511--target-995405/target-a1/.tox/py3/lib/python3.13/site-packages/oslo_config/cfg.py", line 2430, in __inner
    result = f(self, *args, **kwargs)

      File "/home/zhihao/hdd/marshal/benchmarks/cross-repo-pr-impact/results/single-case-pipeline-996511-995405-v1-2026-08-26/replay-work/formal-opendev-996511--target-995405/target-a1/.tox/py3/lib/python3.13/site-packages/oslo_config/cfg.py", line 3085, in set_override
    opt_info = self._get_opt_info(name, group)

      File "/home/zhihao/hdd/marshal/benchmarks/cross-repo-pr-impact/results/single-case-pipeline-996511-995405-v1-2026-08-26/replay-work/formal-opendev-996511--target-995405/target-a1/.tox/py3/lib/python3.13/site-packages/oslo_config/cfg.py", line 3580, in _get_opt_info
    raise NoSuchOptError(opt_name, group)

    oslo_config.cfg.NoSuchOptError: no such option enforce_scope in group [oslo_policy]


Captured pythonlogging:
~~~~~~~~~~~~~~~~~~~~~~~
    2026-08-26 20:58:24,337 INFO [keystonemiddleware.auth_token] Starting Keystone auth_token middleware
2026-08-26 20:58:24,338 WARNING [keystonemiddleware._common.config] The option "auth_url" is not known to keystonemiddleware
2026-08-26 20:58:24,341 WARNING [keystonemiddleware.auth_token] Configuring www_authenticate_uri to point to the public identity endpoint is required; clients may not be able to authenticate against an admin endpoint


cinder.tests.unit.policies.test_attachments.AttachmentsPolicyTest.test_delete_attachment_policy_4_project_admin
---------------------------------------------------------------------------------------------------------------

Captured traceback:
~~~~~~~~~~~~~~~~~~~
    Traceback (most recent call last):

      File "/home/zhihao/hdd/marshal/benchmarks/cross-repo-pr-impact/results/single-case-pipeline-996511-995405-v1-2026-08-26/replay-work/formal-opendev-996511--target-995405/target-a1/cinder/tests/unit/policies/test_attachments.py", line 54, in setUp
    super().setUp(enforce_scope, enforce_new_defaults, *args, **kwargs)
    ~~~~~~~~~~~~~^^^^^^^^^^^^^^^^^^^^^^^^^^^^^^^^^^^^^^^^^^^^^^^^^^^^^^

      File "/home/zhihao/hdd/marshal/benchmarks/cross-repo-pr-impact/results/single-case-pipeline-996511-995405-v1-2026-08-26/replay-work/formal-opendev-996511--target-995405/target-a1/cinder/tests/unit/policies/base.py", line 51, in setUp
    self.override_config('enforce_scope',
    ~~~~~~~~~~~~~~~~~~~~^^^^^^^^^^^^^^^^^
                         enforce_scope, 'oslo_policy')
                         ^^^^^^^^^^^^^^^^^^^^^^^^^^^^^

      File "/home/zhihao/hdd/marshal/benchmarks/cross-repo-pr-impact/results/single-case-pipeline-996511-995405-v1-2026-08-26/replay-work/formal-opendev-996511--target-995405/target-a1/cinder/tests/unit/test.py", line 353, in override_config
    CONF.set_override(name, override, group)
    ~~~~~~~~~~~~~~~~~^^^^^^^^^^^^^^^^^^^^^^^

      File "/home/zhihao/hdd/marshal/benchmarks/cross-repo-pr-impact/results/single-case-pipeline-996511-995405-v1-2026-08-26/replay-work/formal-opendev-996511--target-995405/target-a1/.tox/py3/lib/python3.13/site-packages/oslo_messaging/conffixture.py", line 84, in _wrapper
    return wrapped_function(*args, **kwargs)

      File "/home/zhihao/hdd/marshal/benchmarks/cross-repo-pr-impact/results/single-case-pipeline-996511-995405-v1-2026-08-26/replay-work/formal-opendev-996511--target-995405/target-a1/.tox/py3/lib/python3.13/site-packages/oslo_config/cfg.py", line 2430, in __inner
    result = f(self, *args, **kwargs)

      File "/home/zhihao/hdd/marshal/benchmarks/cross-repo-pr-impact/results/single-case-pipeline-996511-995405-v1-2026-08-26/replay-work/formal-opendev-996511--target-995405/target-a1/.tox/py3/lib/python3.13/site-packages/oslo_config/cfg.py", line 3085, in set_override
    opt_info = self._get_opt_info(name, group)

      File "/home/zhihao/hdd/marshal/benchmarks/cross-repo-pr-impact/results/single-case-pipeline-996511-995405-v1-2026-08-26/replay-work/formal-opendev-996511--target-995405/target-a1/.tox/py3/lib/python3.13/site-packages/oslo_config/cfg.py", line 3580, in _get_opt_info
    raise NoSuchOptError(opt_name, group)

    oslo_config.cfg.NoSuchOptError: no such option enforce_scope in group [oslo_policy]


Captured pythonlogging:
~~~~~~~~~~~~~~~~~~~~~~~
    2026-08-26 20:58:24,348 INFO [keystonemiddleware.auth_token] Starting Keystone auth_token middleware
2026-08-26 20:58:24,349 WARNING [keystonemiddleware._common.config] The option "auth_url" is not known to keystonemiddleware
2026-08-26 20:58:24,352 WARNING [keystonemiddleware.auth_token] Configuring www_authenticate_uri to point to the public identity endpoint is required; clients may not be able to authenticate against an admin endpoint


cinder.tests.unit.policies.test_attachments.AttachmentsPolicyTest.test_create_attachment_policy_5_project_member
----------------------------------------------------------------------------------------------------------------

Captured traceback:
~~~~~~~~~~~~~~~~~~~
    Traceback (most recent call last):

      File "/home/zhihao/hdd/marshal/benchmarks/cross-repo-pr-impact/results/single-case-pipeline-996511-995405-v1-2026-08-26/replay-work/formal-opendev-996511--target-995405/target-a1/cinder/tests/unit/policies/test_attachments.py", line 54, in setUp
    super().setUp(enforce_scope, enforce_new_defaults, *args, **kwargs)
    ~~~~~~~~~~~~~^^^^^^^^^^^^^^^^^^^^^^^^^^^^^^^^^^^^^^^^^^^^^^^^^^^^^^

      File "/home/zhihao/hdd/marshal/benchmarks/cross-repo-pr-impact/results/single-case-pipeline-996511-995405-v1-2026-08-26/replay-work/formal-opendev-996511--target-995405/target-a1/cinder/tests/unit/policies/base.py", line 51, in setUp
    self.override_config('enforce_scope',
    ~~~~~~~~~~~~~~~~~~~~^^^^^^^^^^^^^^^^^
                         enforce_scope, 'oslo_policy')
                         ^^^^^^^^^^^^^^^^^^^^^^^^^^^^^

      File "/home/zhihao/hdd/marshal/benchmarks/cross-repo-pr-impact/results/single-case-pipeline-996511-995405-v1-2026-08-26/replay-work/formal-opendev-996511--target-995405/target-a1/cinder/tests/unit/test.py", line 353, in override_config
    CONF.set_override(name, override, group)
    ~~~~~~~~~~~~~~~~~^^^^^^^^^^^^^^^^^^^^^^^

      File "/home/zhihao/hdd/marshal/benchmarks/cross-repo-pr-impact/results/single-case-pipeline-996511-995405-v1-2026-08-26/replay-work/formal-opendev-996511--target-995405/target-a1/.tox/py3/lib/python3.13/site-packages/oslo_messaging/conffixture.py", line 84, in _wrapper
    return wrapped_function(*args, **kwargs)

      File "/home/zhihao/hdd/marshal/benchmarks/cross-repo-pr-impact/results/single-case-pipeline-996511-995405-v1-2026-08-26/replay-work/formal-opendev-996511--target-995405/target-a1/.tox/py3/lib/python3.13/site-packages/oslo_config/cfg.py", line 2430, in __inner
    result = f(self, *args, **kwargs)

      File "/home/zhihao/hdd/marshal/benchmarks/cross-repo-pr-impact/results/single-case-pipeline-996511-995405-v1-2026-08-26/replay-work/formal-opendev-996511--target-995405/target-a1/.tox/py3/lib/python3.13/site-packages/oslo_config/cfg.py", line 3085, in set_override
    opt_info = self._get_opt_info(name, group)

      File "/home/zhihao/hdd/marshal/benchmarks/cross-repo-pr-impact/results/single-case-pipeline-996511-995405-v1-2026-08-26/replay-work/formal-opendev-996511--target-995405/target-a1/.tox/py3/lib/python3.13/site-packages/oslo_config/cfg.py", line 3580, in _get_opt_info
    raise NoSuchOptError(opt_name, group)

    oslo_config.cfg.NoSuchOptError: no such option enforce_scope in group [oslo_policy]


Captured pythonlogging:
~~~~~~~~~~~~~~~~~~~~~~~
    2026-08-26 20:58:24,366 INFO [keystonemiddleware.auth_token] Starting Keystone auth_token middleware
2026-08-26 20:58:24,367 WARNING [keystonemiddleware._common.config] The option "auth_url" is not known to keystonemiddleware
2026-08-26 20:58:24,370 WARNING [keystonemiddleware.auth_token] Configuring www_authenticate_uri to point to the public identity endpoint is required; clients may not be able to authenticate against an admin endpoint


cinder.tests.unit.policies.test_attachments.AttachmentsPolicySecureRbacTest.test_update_attachment_policy_3_system_admin
------------------------------------------------------------------------------------------------------------------------

Captured traceback:
~~~~~~~~~~~~~~~~~~~
    Traceback (most recent call last):

      File "/home/zhihao/hdd/marshal/benchmarks/cross-repo-pr-impact/results/single-case-pipeline-996511-995405-v1-2026-08-26/replay-work/formal-opendev-996511--target-995405/target-a1/cinder/tests/unit/policies/test_attachments.py", line 252, in setUp
    super().setUp(enforce_scope=False, enforce_new_defaults=True,
    ~~~~~~~~~~~~~^^^^^^^^^^^^^^^^^^^^^^^^^^^^^^^^^^^^^^^^^^^^^^^^
                  *args, **kwargs)
                  ^^^^^^^^^^^^^^^^

      File "/home/zhihao/hdd/marshal/benchmarks/cross-repo-pr-impact/results/single-case-pipeline-996511-995405-v1-2026-08-26/replay-work/formal-opendev-996511--target-995405/target-a1/cinder/tests/unit/policies/test_attachments.py", line 54, in setUp
    super().setUp(enforce_scope, enforce_new_defaults, *args, **kwargs)
    ~~~~~~~~~~~~~^^^^^^^^^^^^^^^^^^^^^^^^^^^^^^^^^^^^^^^^^^^^^^^^^^^^^^

      File "/home/zhihao/hdd/marshal/benchmarks/cross-repo-pr-impact/results/single-case-pipeline-996511-995405-v1-2026-08-26/replay-work/formal-opendev-996511--target-995405/target-a1/cinder/tests/unit/policies/base.py", line 51, in setUp
    self.override_config('enforce_scope',
    ~~~~~~~~~~~~~~~~~~~~^^^^^^^^^^^^^^^^^
                         enforce_scope, 'oslo_policy')
                         ^^^^^^^^^^^^^^^^^^^^^^^^^^^^^

      File "/home/zhihao/hdd/marshal/benchmarks/cross-repo-pr-impact/results/single-case-pipeline-996511-995405-v1-2026-08-26/replay-work/formal-opendev-996511--target-995405/target-a1/cinder/tests/unit/test.py", line 353, in override_config
    CONF.set_override(name, override, group)
    ~~~~~~~~~~~~~~~~~^^^^^^^^^^^^^^^^^^^^^^^

      File "/home/zhihao/hdd/marshal/benchmarks/cross-repo-pr-impact/results/single-case-pipeline-996511-995405-v1-2026-08-26/replay-work/formal-opendev-996511--target-995405/target-a1/.tox/py3/lib/python3.13/site-packages/oslo_messaging/conffixture.py", line 84, in _wrapper
    return wrapped_function(*args, **kwargs)

      File "/home/zhihao/hdd/marshal/benchmarks/cross-repo-pr-impact/results/single-case-pipeline-996511-995405-v1-2026-08-26/replay-work/formal-opendev-996511--target-995405/target-a1/.tox/py3/lib/python3.13/site-packages/oslo_config/cfg.py", line 2430, in __inner
    result = f(self, *args, **kwargs)

      File "/home/zhihao/hdd/marshal/benchmarks/cross-repo-pr-impact/results/single-case-pipeline-996511-995405-v1-2026-08-26/replay-work/formal-opendev-996511--target-995405/target-a1/.tox/py3/lib/python3.13/site-packages/oslo_config/cfg.py", line 3085, in set_override
    opt_info = self._get_opt_info(name, group)

      File "/home/zhihao/hdd/marshal/benchmarks/cross-repo-pr-impact/results/single-case-pipeline-996511-995405-v1-2026-08-26/replay-work/formal-opendev-996511--target-995405/target-a1/.tox/py3/lib/python3.13/site-packages/oslo_config/cfg.py", line 3580, in _get_opt_info
    raise NoSuchOptError(opt_name, group)

    oslo_config.cfg.NoSuchOptError: no such option enforce_scope in group [oslo_policy]


Captured pythonlogging:
~~~~~~~~~~~~~~~~~~~~~~~
    2026-08-26 20:58:24,392 INFO [keystonemiddleware.auth_token] Starting Keystone auth_token middleware
2026-08-26 20:58:24,393 WARNING [keystonemiddleware._common.config] The option "auth_url" is not known to keystonemiddleware
2026-08-26 20:58:24,396 WARNING [keystonemiddleware.auth_token] Configuring www_authenticate_uri to point to the public identity endpoint is required; clients may not be able to authenticate against an admin endpoint


cinder.tests.unit.policies.test_attachments.AttachmentsPolicySecureRbacTest.test_create_attachment_policy_9_other_project_reader
--------------------------------------------------------------------------------------------------------------------------------

Captured traceback:
~~~~~~~~~~~~~~~~~~~
    Traceback (most recent call last):

      File "/home/zhihao/hdd/marshal/benchmarks/cross-repo-pr-impact/results/single-case-pipeline-996511-995405-v1-2026-08-26/replay-work/formal-opendev-996511--target-995405/target-a1/cinder/tests/unit/policies/test_attachments.py", line 252, in setUp
    super().setUp(enforce_scope=False, enforce_new_defaults=True,
    ~~~~~~~~~~~~~^^^^^^^^^^^^^^^^^^^^^^^^^^^^^^^^^^^^^^^^^^^^^^^^
                  *args, **kwargs)
                  ^^^^^^^^^^^^^^^^

      File "/home/zhihao/hdd/marshal/benchmarks/cross-repo-pr-impact/results/single-case-pipeline-996511-995405-v1-2026-08-26/replay-work/formal-opendev-996511--target-995405/target-a1/cinder/tests/unit/policies/test_attachments.py", line 54, in setUp
    super().setUp(enforce_scope, enforce_new_defaults, *args, **kwargs)
    ~~~~~~~~~~~~~^^^^^^^^^^^^^^^^^^^^^^^^^^^^^^^^^^^^^^^^^^^^^^^^^^^^^^

      File "/home/zhihao/hdd/marshal/benchmarks/cross-repo-pr-impact/results/single-case-pipeline-996511-995405-v1-2026-08-26/replay-work/formal-opendev-996511--target-995405/target-a1/cinder/tests/unit/policies/base.py", line 51, in setUp
    self.override_config('enforce_scope',
    ~~~~~~~~~~~~~~~~~~~~^^^^^^^^^^^^^^^^^
                         enforce_scope, 'oslo_policy')
                         ^^^^^^^^^^^^^^^^^^^^^^^^^^^^^

      File "/home/zhihao/hdd/marshal/benchmarks/cross-repo-pr-impact/results/single-case-pipeline-996511-995405-v1-2026-08-26/replay-work/formal-opendev-996511--target-995405/target-a1/cinder/tests/unit/test.py", line 353, in override_config
    CONF.set_override(name, override, group)
    ~~~~~~~~~~~~~~~~~^^^^^^^^^^^^^^^^^^^^^^^

      File "/home/zhihao/hdd/marshal/benchmarks/cross-repo-pr-impact/results/single-case-pipeline-996511-995405-v1-2026-08-26/replay-work/formal-opendev-996511--target-995405/target-a1/.tox/py3/lib/python3.13/site-packages/oslo_messaging/conffixture.py", line 84, in _wrapper
    return wrapped_function(*args, **kwargs)

      File "/home/zhihao/hdd/marshal/benchmarks/cross-repo-pr-impact/results/single-case-pipeline-996511-995405-v1-2026-08-26/replay-work/formal-opendev-996511--target-995405/target-a1/.tox/py3/lib/python3.13/site-packages/oslo_config/cfg.py", line 2430, in __inner
    result = f(self, *args, **kwargs)

      File "/home/zhihao/hdd/marshal/benchmarks/cross-repo-pr-impact/results/single-case-pipeline-996511-995405-v1-2026-08-26/replay-work/formal-opendev-996511--target-995405/target-a1/.tox/py3/lib/python3.13/site-packages/oslo_config/cfg.py", line 3085, in set_override
    opt_info = self._get_opt_info(name, group)

      File "/home/zhihao/hdd/marshal/benchmarks/cross-repo-pr-impact/results/single-case-pipeline-996511-995405-v1-2026-08-26/replay-work/formal-opendev-996511--target-995405/target-a1/.tox/py3/lib/python3.13/site-packages/oslo_config/cfg.py", line 3580, in _get_opt_info
    raise NoSuchOptError(opt_name, group)

    oslo_config.cfg.NoSuchOptError: no such option enforce_scope in group [oslo_policy]


Captured pythonlogging:
~~~~~~~~~~~~~~~~~~~~~~~
    2026-08-26 20:58:24,405 INFO [keystonemiddleware.auth_token] Starting Keystone auth_token middleware
2026-08-26 20:58:24,406 WARNING [keystonemiddleware._common.config] The option "auth_url" is not known to keystonemiddleware
2026-08-26 20:58:24,409 WARNING [keystonemiddleware.auth_token] Configuring www_authenticate_uri to point to the public identity endpoint is required; clients may not be able to authenticate against an admin endpoint


cinder.tests.unit.policies.test_attachments.AttachmentsPolicySecureRbacTest.test_delete_attachment_policy_6_project_reader
--------------------------------------------------------------------------------------------------------------------------

Captured traceback:
~~~~~~~~~~~~~~~~~~~
    Traceback (most recent call last):

      File "/home/zhihao/hdd/marshal/benchmarks/cross-repo-pr-impact/results/single-case-pipeline-996511-995405-v1-2026-08-26/replay-work/formal-opendev-996511--target-995405/target-a1/cinder/tests/unit/policies/test_attachments.py", line 252, in setUp
    super().setUp(enforce_scope=False, enforce_new_defaults=True,
    ~~~~~~~~~~~~~^^^^^^^^^^^^^^^^^^^^^^^^^^^^^^^^^^^^^^^^^^^^^^^^
                  *args, **kwargs)
                  ^^^^^^^^^^^^^^^^

      File "/home/zhihao/hdd/marshal/benchmarks/cross-repo-pr-impact/results/single-case-pipeline-996511-995405-v1-2026-08-26/replay-work/formal-opendev-996511--target-995405/target-a1/cinder/tests/unit/policies/test_attachments.py", line 54, in setUp
    super().setUp(enforce_scope, enforce_new_defaults, *args, **kwargs)
    ~~~~~~~~~~~~~^^^^^^^^^^^^^^^^^^^^^^^^^^^^^^^^^^^^^^^^^^^^^^^^^^^^^^

      File "/home/zhihao/hdd/marshal/benchmarks/cross-repo-pr-impact/results/single-case-pipeline-996511-995405-v1-2026-08-26/replay-work/formal-opendev-996511--target-995405/target-a1/cinder/tests/unit/policies/base.py", line 51, in setUp
    self.override_config('enforce_scope',
    ~~~~~~~~~~~~~~~~~~~~^^^^^^^^^^^^^^^^^
                         enforce_scope, 'oslo_policy')
                         ^^^^^^^^^^^^^^^^^^^^^^^^^^^^^

      File "/home/zhihao/hdd/marshal/benchmarks/cross-repo-pr-impact/results/single-case-pipeline-996511-995405-v1-2026-08-26/replay-work/formal-opendev-996511--target-995405/target-a1/cinder/tests/unit/test.py", line 353, in override_config
    CONF.set_override(name, override, group)
    ~~~~~~~~~~~~~~~~~^^^^^^^^^^^^^^^^^^^^^^^

      File "/home/zhihao/hdd/marshal/benchmarks/cross-repo-pr-impact/results/single-case-pipeline-996511-995405-v1-2026-08-26/replay-work/formal-opendev-996511--target-995405/target-a1/.tox/py3/lib/python3.13/site-packages/oslo_messaging/conffixture.py", line 84, in _wrapper
    return wrapped_function(*args, **kwargs)

      File "/home/zhihao/hdd/marshal/benchmarks/cross-repo-pr-impact/results/single-case-pipeline-996511-995405-v1-2026-08-26/replay-work/formal-opendev-996511--target-995405/target-a1/.tox/py3/lib/python3.13/site-packages/oslo_config/cfg.py", line 2430, in __inner
    result = f(self, *args, **kwargs)

      File "/home/zhihao/hdd/marshal/benchmarks/cross-repo-pr-impact/results/single-case-pipeline-996511-995405-v1-2026-08-26/replay-work/formal-opendev-996511--target-995405/target-a1/.tox/py3/lib/python3.13/site-packages/oslo_config/cfg.py", line 3085, in set_override
    opt_info = self._get_opt_info(name, group)

      File "/home/zhihao/hdd/marshal/benchmarks/cross-repo-pr-impact/results/single-case-pipeline-996511-995405-v1-2026-08-26/replay-work/formal-opendev-996511--target-995405/target-a1/.tox/py3/lib/python3.13/site-packages/oslo_config/cfg.py", line 3580, in _get_opt_info
    raise NoSuchOptError(opt_name, group)

    oslo_config.cfg.NoSuchOptError: no such option enforce_scope in group [oslo_policy]


Captured pythonlogging:
~~~~~~~~~~~~~~~~~~~~~~~
    2026-08-26 20:58:24,407 INFO [keystonemiddleware.auth_token] Starting Keystone auth_token middleware
2026-08-26 20:58:24,408 WARNING [keystonemiddleware._common.config] The option "auth_url" is not known to keystonemiddleware
2026-08-26 20:58:24,411 WARNING [keystonemiddleware.auth_token] Configuring www_authenticate_uri to point to the public identity endpoint is required; clients may not be able to authenticate against an admin endpoint


cinder.tests.unit.policies.test_attachments.AttachmentsPolicySecureRbacTest.test_update_attachment_policy_1_legacy_admin
------------------------------------------------------------------------------------------------------------------------

Captured traceback:
~~~~~~~~~~~~~~~~~~~
    Traceback (most recent call last):

      File "/home/zhihao/hdd/marshal/benchmarks/cross-repo-pr-impact/results/single-case-pipeline-996511-995405-v1-2026-08-26/replay-work/formal-opendev-996511--target-995405/target-a1/cinder/tests/unit/policies/test_attachments.py", line 252, in setUp
    super().setUp(enforce_scope=False, enforce_new_defaults=True,
    ~~~~~~~~~~~~~^^^^^^^^^^^^^^^^^^^^^^^^^^^^^^^^^^^^^^^^^^^^^^^^
                  *args, **kwargs)
                  ^^^^^^^^^^^^^^^^

      File "/home/zhihao/hdd/marshal/benchmarks/cross-repo-pr-impact/results/single-case-pipeline-996511-995405-v1-2026-08-26/replay-work/formal-opendev-996511--target-995405/target-a1/cinder/tests/unit/policies/test_attachments.py", line 54, in setUp
    super().setUp(enforce_scope, enforce_new_defaults, *args, **kwargs)
    ~~~~~~~~~~~~~^^^^^^^^^^^^^^^^^^^^^^^^^^^^^^^^^^^^^^^^^^^^^^^^^^^^^^

      File "/home/zhihao/hdd/marshal/benchmarks/cross-repo-pr-impact/results/single-case-pipeline-996511-995405-v1-2026-08-26/replay-work/formal-opendev-996511--target-995405/target-a1/cinder/tests/unit/policies/base.py", line 51, in setUp
    self.override_config('enforce_scope',
    ~~~~~~~~~~~~~~~~~~~~^^^^^^^^^^^^^^^^^
                         enforce_scope, 'oslo_policy')
                         ^^^^^^^^^^^^^^^^^^^^^^^^^^^^^

      File "/home/zhihao/hdd/marshal/benchmarks/cross-repo-pr-impact/results/single-case-pipeline-996511-995405-v1-2026-08-26/replay-work/formal-opendev-996511--target-995405/target-a1/cinder/tests/unit/test.py", line 353, in override_config
    CONF.set_override(name, override, group)
    ~~~~~~~~~~~~~~~~~^^^^^^^^^^^^^^^^^^^^^^^

      File "/home/zhihao/hdd/marshal/benchmarks/cross-repo-pr-impact/results/single-case-pipeline-996511-995405-v1-2026-08-26/replay-work/formal-opendev-996511--target-995405/target-a1/.tox/py3/lib/python3.13/site-packages/oslo_messaging/conffixture.py", line 84, in _wrapper
    return wrapped_function(*args, **kwargs)

      File "/home/zhihao/hdd/marshal/benchmarks/cross-repo-pr-impact/results/single-case-pipeline-996511-995405-v1-2026-08-26/replay-work/formal-opendev-996511--target-995405/target-a1/.tox/py3/lib/python3.13/site-packages/oslo_config/cfg.py", line 2430, in __inner
    result = f(self, *args, **kwargs)

      File "/home/zhihao/hdd/marshal/benchmarks/cross-repo-pr-impact/results/single-case-pipeline-996511-995405-v1-2026-08-26/replay-work/formal-opendev-996511--target-995405/target-a1/.tox/py3/lib/python3.13/site-packages/oslo_config/cfg.py", line 3085, in set_override
    opt_info = self._get_opt_info(name, group)

      File "/home/zhihao/hdd/marshal/benchmarks/cross-repo-pr-impact/results/single-case-pipeline-996511-995405-v1-2026-08-26/replay-work/formal-opendev-996511--target-995405/target-a1/.tox/py3/lib/python3.13/site-packages/oslo_config/cfg.py", line 3580, in _get_opt_info
    raise NoSuchOptError(opt_name, group)

    oslo_config.cfg.NoSuchOptError: no such option enforce_scope in group [oslo_policy]


Captured pythonlogging:
~~~~~~~~~~~~~~~~~~~~~~~
    2026-08-26 20:58:24,416 INFO [keystonemiddleware.auth_token] Starting Keystone auth_token middleware
2026-08-26 20:58:24,418 WARNING [keystonemiddleware._common.config] The option "auth_url" is not known to keystonemiddleware
2026-08-26 20:58:24,420 WARNING [keystonemiddleware.auth_token] Configuring www_authenticate_uri to point to the public identity endpoint is required; clients may not be able to authenticate against an admin endpoint


cinder.tests.unit.policies.test_attachments.AttachmentsPolicySecureRbacTest.test_create_attachment_policy_5_project_member
--------------------------------------------------------------------------------------------------------------------------

Captured traceback:
~~~~~~~~~~~~~~~~~~~
    Traceback (most recent call last):

      File "/home/zhihao/hdd/marshal/benchmarks/cross-repo-pr-impact/results/single-case-pipeline-996511-995405-v1-2026-08-26/replay-work/formal-opendev-996511--target-995405/target-a1/cinder/tests/unit/policies/test_attachments.py", line 252, in setUp
    super().setUp(enforce_scope=False, enforce_new_defaults=True,
    ~~~~~~~~~~~~~^^^^^^^^^^^^^^^^^^^^^^^^^^^^^^^^^^^^^^^^^^^^^^^^
                  *args, **kwargs)
                  ^^^^^^^^^^^^^^^^

      File "/home/zhihao/hdd/marshal/benchmarks/cross-repo-pr-impact/results/single-case-pipeline-996511-995405-v1-2026-08-26/replay-work/formal-opendev-996511--target-995405/target-a1/cinder/tests/unit/policies/test_attachments.py", line 54, in setUp
    super().setUp(enforce_scope, enforce_new_defaults, *args, **kwargs)
    ~~~~~~~~~~~~~^^^^^^^^^^^^^^^^^^^^^^^^^^^^^^^^^^^^^^^^^^^^^^^^^^^^^^

      File "/home/zhihao/hdd/marshal/benchmarks/cross-repo-pr-impact/results/single-case-pipeline-996511-995405-v1-2026-08-26/replay-work/formal-opendev-996511--target-995405/target-a1/cinder/tests/unit/policies/base.py", line 51, in setUp
    self.override_config('enforce_scope',
    ~~~~~~~~~~~~~~~~~~~~^^^^^^^^^^^^^^^^^
                         enforce_scope, 'oslo_policy')
                         ^^^^^^^^^^^^^^^^^^^^^^^^^^^^^

      File "/home/zhihao/hdd/marshal/benchmarks/cross-repo-pr-impact/results/single-case-pipeline-996511-995405-v1-2026-08-26/replay-work/formal-opendev-996511--target-995405/target-a1/cinder/tests/unit/test.py", line 353, in override_config
    CONF.set_override(name, override, group)
    ~~~~~~~~~~~~~~~~~^^^^^^^^^^^^^^^^^^^^^^^

      File "/home/zhihao/hdd/marshal/benchmarks/cross-repo-pr-impact/results/single-case-pipeline-996511-995405-v1-2026-08-26/replay-work/formal-opendev-996511--target-995405/target-a1/.tox/py3/lib/python3.13/site-packages/oslo_messaging/conffixture.py", line 84, in _wrapper
    return wrapped_function(*args, **kwargs)

      File "/home/zhihao/hdd/marshal/benchmarks/cross-repo-pr-impact/results/single-case-pipeline-996511-995405-v1-2026-08-26/replay-work/formal-opendev-996511--target-995405/target-a1/.tox/py3/lib/python3.13/site-packages/oslo_config/cfg.py", line 2430, in __inner
    result = f(self, *args, **kwargs)

      File "/home/zhihao/hdd/marshal/benchmarks/cross-repo-pr-impact/results/single-case-pipeline-996511-995405-v1-2026-08-26/replay-work/formal-opendev-996511--target-995405/target-a1/.tox/py3/lib/python3.13/site-packages/oslo_config/cfg.py", line 3085, in set_override
    opt_info = self._get_opt_info(name, group)

      File "/home/zhihao/hdd/marshal/benchmarks/cross-repo-pr-impact/results/single-case-pipeline-996511-995405-v1-2026-08-26/replay-work/formal-opendev-996511--target-995405/target-a1/.tox/py3/lib/python3.13/site-packages/oslo_config/cfg.py", line 3580, in _get_opt_info
    raise NoSuchOptError(opt_name, group)

    oslo_config.cfg.NoSuchOptError: no such option enforce_scope in group [oslo_policy]


Captured pythonlogging:
~~~~~~~~~~~~~~~~~~~~~~~
    2026-08-26 20:58:24,433 INFO [keystonemiddleware.auth_token] Starting Keystone auth_token middleware
2026-08-26 20:58:24,434 WARNING [keystonemiddleware._common.config] The option "auth_url" is not known to keystonemiddleware
2026-08-26 20:58:24,437 WARNING [keystonemiddleware.auth_token] Configuring www_authenticate_uri to point to the public identity endpoint is required; clients may not be able to authenticate against an admin endpoint


cinder.tests.unit.policies.test_attachments.AttachmentsPolicyTest.test_update_attachment_policy_7_project_foo
-------------------------------------------------------------------------------------------------------------

Captured traceback:
~~~~~~~~~~~~~~~~~~~
    Traceback (most recent call last):

      File "/home/zhihao/hdd/marshal/benchmarks/cross-repo-pr-impact/results/single-case-pipeline-996511-995405-v1-2026-08-26/replay-work/formal-opendev-996511--target-995405/target-a1/cinder/tests/unit/policies/test_attachments.py", line 54, in setUp
    super().setUp(enforce_scope, enforce_new_defaults, *args, **kwargs)
    ~~~~~~~~~~~~~^^^^^^^^^^^^^^^^^^^^^^^^^^^^^^^^^^^^^^^^^^^^^^^^^^^^^^

      File "/home/zhihao/hdd/marshal/benchmarks/cross-repo-pr-impact/results/single-case-pipeline-996511-995405-v1-2026-08-26/replay-work/formal-opendev-996511--target-995405/target-a1/cinder/tests/unit/policies/base.py", line 51, in setUp
    self.override_config('enforce_scope',
    ~~~~~~~~~~~~~~~~~~~~^^^^^^^^^^^^^^^^^
                         enforce_scope, 'oslo_policy')
                         ^^^^^^^^^^^^^^^^^^^^^^^^^^^^^

      File "/home/zhihao/hdd/marshal/benchmarks/cross-repo-pr-impact/results/single-case-pipeline-996511-995405-v1-2026-08-26/replay-work/formal-opendev-996511--target-995405/target-a1/cinder/tests/unit/test.py", line 353, in override_config
    CONF.set_override(name, override, group)
    ~~~~~~~~~~~~~~~~~^^^^^^^^^^^^^^^^^^^^^^^

      File "/home/zhihao/hdd/marshal/benchmarks/cross-repo-pr-impact/results/single-case-pipeline-996511-995405-v1-2026-08-26/replay-work/formal-opendev-996511--target-995405/target-a1/.tox/py3/lib/python3.13/site-packages/oslo_messaging/conffixture.py", line 84, in _wrapper
    return wrapped_function(*args, **kwargs)

      File "/home/zhihao/hdd/marshal/benchmarks/cross-repo-pr-impact/results/single-case-pipeline-996511-995405-v1-2026-08-26/replay-work/formal-opendev-996511--target-995405/target-a1/.tox/py3/lib/python3.13/site-packages/oslo_config/cfg.py", line 2430, in __inner
    result = f(self, *args, **kwargs)

      File "/home/zhihao/hdd/marshal/benchmarks/cross-repo-pr-impact/results/single-case-pipeline-996511-995405-v1-2026-08-26/replay-work/formal-opendev-996511--target-995405/target-a1/.tox/py3/lib/python3.13/site-packages/oslo_config/cfg.py", line 3085, in set_override
    opt_info = self._get_opt_info(name, group)

      File "/home/zhihao/hdd/marshal/benchmarks/cross-repo-pr-impact/results/single-case-pipeline-996511-995405-v1-2026-08-26/replay-work/formal-opendev-996511--target-995405/target-a1/.tox/py3/lib/python3.13/site-packages/oslo_config/cfg.py", line 3580, in _get_opt_info
    raise NoSuchOptError(opt_name, group)

    oslo_config.cfg.NoSuchOptError: no such option enforce_scope in group [oslo_policy]


Captured pythonlogging:
~~~~~~~~~~~~~~~~~~~~~~~
    2026-08-26 20:58:24,355 INFO [keystonemiddleware.auth_token] Starting Keystone auth_token middleware
2026-08-26 20:58:24,357 WARNING [keystonemiddleware._common.config] The option "auth_url" is not known to keystonemiddleware
2026-08-26 20:58:24,359 WARNING [keystonemiddleware.auth_token] Configuring www_authenticate_uri to point to the public identity endpoint is required; clients may not be able to authenticate against an admin endpoint


cinder.tests.unit.policies.test_attachments.AttachmentsPolicyTest.test_create_attachment_policy_2_legacy_owner
--------------------------------------------------------------------------------------------------------------

Captured traceback:
~~~~~~~~~~~~~~~~~~~
    Traceback (most recent call last):

      File "/home/zhihao/hdd/marshal/benchmarks/cross-repo-pr-impact/results/single-case-pipeline-996511-995405-v1-2026-08-26/replay-work/formal-opendev-996511--target-995405/target-a1/cinder/tests/unit/policies/test_attachments.py", line 54, in setUp
    super().setUp(enforce_scope, enforce_new_defaults, *args, **kwargs)
    ~~~~~~~~~~~~~^^^^^^^^^^^^^^^^^^^^^^^^^^^^^^^^^^^^^^^^^^^^^^^^^^^^^^

      File "/home/zhihao/hdd/marshal/benchmarks/cross-repo-pr-impact/results/single-case-pipeline-996511-995405-v1-2026-08-26/replay-work/formal-opendev-996511--target-995405/target-a1/cinder/tests/unit/policies/base.py", line 51, in setUp
    self.override_config('enforce_scope',
    ~~~~~~~~~~~~~~~~~~~~^^^^^^^^^^^^^^^^^
                         enforce_scope, 'oslo_policy')
                         ^^^^^^^^^^^^^^^^^^^^^^^^^^^^^

      File "/home/zhihao/hdd/marshal/benchmarks/cross-repo-pr-impact/results/single-case-pipeline-996511-995405-v1-2026-08-26/replay-work/formal-opendev-996511--target-995405/target-a1/cinder/tests/unit/test.py", line 353, in override_config
    CONF.set_override(name, override, group)
    ~~~~~~~~~~~~~~~~~^^^^^^^^^^^^^^^^^^^^^^^

      File "/home/zhihao/hdd/marshal/benchmarks/cross-repo-pr-impact/results/single-case-pipeline-996511-995405-v1-2026-08-26/replay-work/formal-opendev-996511--target-995405/target-a1/.tox/py3/lib/python3.13/site-packages/oslo_messaging/conffixture.py", line 84, in _wrapper
    return wrapped_function(*args, **kwargs)

      File "/home/zhihao/hdd/marshal/benchmarks/cross-repo-pr-impact/results/single-case-pipeline-996511-995405-v1-2026-08-26/replay-work/formal-opendev-996511--target-995405/target-a1/.tox/py3/lib/python3.13/site-packages/oslo_config/cfg.py", line 2430, in __inner
    result = f(self, *args, **kwargs)

      File "/home/zhihao/hdd/marshal/benchmarks/cross-repo-pr-impact/results/single-case-pipeline-996511-995405-v1-2026-08-26/replay-work/formal-opendev-996511--target-995405/target-a1/.tox/py3/lib/python3.13/site-packages/oslo_config/cfg.py", line 3085, in set_override
    opt_info = self._get_opt_info(name, group)

      File "/home/zhihao/hdd/marshal/benchmarks/cross-repo-pr-impact/results/single-case-pipeline-996511-995405-v1-2026-08-26/replay-work/formal-opendev-996511--target-995405/target-a1/.tox/py3/lib/python3.13/site-packages/oslo_config/cfg.py", line 3580, in _get_opt_info
    raise NoSuchOptError(opt_name, group)

    oslo_config.cfg.NoSuchOptError: no such option enforce_scope in group [oslo_policy]


Captured pythonlogging:
~~~~~~~~~~~~~~~~~~~~~~~
    2026-08-26 20:58:24,448 INFO [keystonemiddleware.auth_token] Starting Keystone auth_token middleware
2026-08-26 20:58:24,450 WARNING [keystonemiddleware._common.config] The option "auth_url" is not known to keystonemiddleware
2026-08-26 20:58:24,452 WARNING [keystonemiddleware.auth_token] Configuring www_authenticate_uri to point to the public identity endpoint is required; clients may not be able to authenticate against an admin endpoint


cinder.tests.unit.policies.test_attachments.AttachmentsPolicySecureRbacTest.test_multiattach_bootable_volume_policy_1_legacy_admin
----------------------------------------------------------------------------------------------------------------------------------

Captured traceback:
~~~~~~~~~~~~~~~~~~~
    Traceback (most recent call last):

      File "/home/zhihao/hdd/marshal/benchmarks/cross-repo-pr-impact/results/single-case-pipeline-996511-995405-v1-2026-08-26/replay-work/formal-opendev-996511--target-995405/target-a1/cinder/tests/unit/policies/test_attachments.py", line 252, in setUp
    super().setUp(enforce_scope=False, enforce_new_defaults=True,
    ~~~~~~~~~~~~~^^^^^^^^^^^^^^^^^^^^^^^^^^^^^^^^^^^^^^^^^^^^^^^^
                  *args, **kwargs)
                  ^^^^^^^^^^^^^^^^

      File "/home/zhihao/hdd/marshal/benchmarks/cross-repo-pr-impact/results/single-case-pipeline-996511-995405-v1-2026-08-26/replay-work/formal-opendev-996511--target-995405/target-a1/cinder/tests/unit/policies/test_attachments.py", line 54, in setUp
    super().setUp(enforce_scope, enforce_new_defaults, *args, **kwargs)
    ~~~~~~~~~~~~~^^^^^^^^^^^^^^^^^^^^^^^^^^^^^^^^^^^^^^^^^^^^^^^^^^^^^^

      File "/home/zhihao/hdd/marshal/benchmarks/cross-repo-pr-impact/results/single-case-pipeline-996511-995405-v1-2026-08-26/replay-work/formal-opendev-996511--target-995405/target-a1/cinder/tests/unit/policies/base.py", line 51, in setUp
    self.override_config('enforce_scope',
    ~~~~~~~~~~~~~~~~~~~~^^^^^^^^^^^^^^^^^
                         enforce_scope, 'oslo_policy')
                         ^^^^^^^^^^^^^^^^^^^^^^^^^^^^^

      File "/home/zhihao/hdd/marshal/benchmarks/cross-repo-pr-impact/results/single-case-pipeline-996511-995405-v1-2026-08-26/replay-work/formal-opendev-996511--target-995405/target-a1/cinder/tests/unit/test.py", line 353, in override_config
    CONF.set_override(name, override, group)
    ~~~~~~~~~~~~~~~~~^^^^^^^^^^^^^^^^^^^^^^^

      File "/home/zhihao/hdd/marshal/benchmarks/cross-repo-pr-impact/results/single-case-pipeline-996511-995405-v1-2026-08-26/replay-work/formal-opendev-996511--target-995405/target-a1/.tox/py3/lib/python3.13/site-packages/oslo_messaging/conffixture.py", line 84, in _wrapper
    return wrapped_function(*args, **kwargs)

      File "/home/zhihao/hdd/marshal/benchmarks/cross-repo-pr-impact/results/single-case-pipeline-996511-995405-v1-2026-08-26/replay-work/formal-opendev-996511--target-995405/target-a1/.tox/py3/lib/python3.13/site-packages/oslo_config/cfg.py", line 2430, in __inner
    result = f(self, *args, **kwargs)

      File "/home/zhihao/hdd/marshal/benchmarks/cross-repo-pr-impact/results/single-case-pipeline-996511-995405-v1-2026-08-26/replay-work/formal-opendev-996511--target-995405/target-a1/.tox/py3/lib/python3.13/site-packages/oslo_config/cfg.py", line 3085, in set_override
    opt_info = self._get_opt_info(name, group)

      File "/home/zhihao/hdd/marshal/benchmarks/cross-repo-pr-impact/results/single-case-pipeline-996511-995405-v1-2026-08-26/replay-work/formal-opendev-996511--target-995405/target-a1/.tox/py3/lib/python3.13/site-packages/oslo_config/cfg.py", line 3580, in _get_opt_info
    raise NoSuchOptError(opt_name, group)

    oslo_config.cfg.NoSuchOptError: no such option enforce_scope in group [oslo_policy]


Captured pythonlogging:
~~~~~~~~~~~~~~~~~~~~~~~
    2026-08-26 20:58:24,489 INFO [keystonemiddleware.auth_token] Starting Keystone auth_token middleware
2026-08-26 20:58:24,490 WARNING [keystonemiddleware._common.config] The option "auth_url" is not known to keystonemiddleware
2026-08-26 20:58:24,493 WARNING [keystonemiddleware.auth_token] Configuring www_authenticate_uri to point to the public identity endpoint is required; clients may not be able to authenticate against an admin endpoint


cinder.tests.unit.policies.test_attachments.AttachmentsPolicySecureRbacTest.test_create_attachment_policy_8_other_project_member
--------------------------------------------------------------------------------------------------------------------------------

Captured traceback:
~~~~~~~~~~~~~~~~~~~
    Traceback (most recent call last):

      File "/home/zhihao/hdd/marshal/benchmarks/cross-repo-pr-impact/results/single-case-pipeline-996511-995405-v1-2026-08-26/replay-work/formal-opendev-996511--target-995405/target-a1/cinder/tests/unit/policies/test_attachments.py", line 252, in setUp
    super().setUp(enforce_scope=False, enforce_new_defaults=True,
    ~~~~~~~~~~~~~^^^^^^^^^^^^^^^^^^^^^^^^^^^^^^^^^^^^^^^^^^^^^^^^
                  *args, **kwargs)
                  ^^^^^^^^^^^^^^^^

      File "/home/zhihao/hdd/marshal/benchmarks/cross-repo-pr-impact/results/single-case-pipeline-996511-995405-v1-2026-08-26/replay-work/formal-opendev-996511--target-995405/target-a1/cinder/tests/unit/policies/test_attachments.py", line 54, in setUp
    super().setUp(enforce_scope, enforce_new_defaults, *args, **kwargs)
    ~~~~~~~~~~~~~^^^^^^^^^^^^^^^^^^^^^^^^^^^^^^^^^^^^^^^^^^^^^^^^^^^^^^

      File "/home/zhihao/hdd/marshal/benchmarks/cross-repo-pr-impact/results/single-case-pipeline-996511-995405-v1-2026-08-26/replay-work/formal-opendev-996511--target-995405/target-a1/cinder/tests/unit/policies/base.py", line 51, in setUp
    self.override_config('enforce_scope',
    ~~~~~~~~~~~~~~~~~~~~^^^^^^^^^^^^^^^^^
                         enforce_scope, 'oslo_policy')
                         ^^^^^^^^^^^^^^^^^^^^^^^^^^^^^

      File "/home/zhihao/hdd/marshal/benchmarks/cross-repo-pr-impact/results/single-case-pipeline-996511-995405-v1-2026-08-26/replay-work/formal-opendev-996511--target-995405/target-a1/cinder/tests/unit/test.py", line 353, in override_config
    CONF.set_override(name, override, group)
    ~~~~~~~~~~~~~~~~~^^^^^^^^^^^^^^^^^^^^^^^

      File "/home/zhihao/hdd/marshal/benchmarks/cross-repo-pr-impact/results/single-case-pipeline-996511-995405-v1-2026-08-26/replay-work/formal-opendev-996511--target-995405/target-a1/.tox/py3/lib/python3.13/site-packages/oslo_messaging/conffixture.py", line 84, in _wrapper
    return wrapped_function(*args, **kwargs)

      File "/home/zhihao/hdd/marshal/benchmarks/cross-repo-pr-impact/results/single-case-pipeline-996511-995405-v1-2026-08-26/replay-work/formal-opendev-996511--target-995405/target-a1/.tox/py3/lib/python3.13/site-packages/oslo_config/cfg.py", line 2430, in __inner
    result = f(self, *args, **kwargs)

      File "/home/zhihao/hdd/marshal/benchmarks/cross-repo-pr-impact/results/single-case-pipeline-996511-995405-v1-2026-08-26/replay-work/formal-opendev-996511--target-995405/target-a1/.tox/py3/lib/python3.13/site-packages/oslo_config/cfg.py", line 3085, in set_override
    opt_info = self._get_opt_info(name, group)

      File "/home/zhihao/hdd/marshal/benchmarks/cross-repo-pr-impact/results/single-case-pipeline-996511-995405-v1-2026-08-26/replay-work/formal-opendev-996511--target-995405/target-a1/.tox/py3/lib/python3.13/site-packages/oslo_config/cfg.py", line 3580, in _get_opt_info
    raise NoSuchOptError(opt_name, group)

    oslo_config.cfg.NoSuchOptError: no such option enforce_scope in group [oslo_policy]


Captured pythonlogging:
~~~~~~~~~~~~~~~~~~~~~~~
    2026-08-26 20:58:24,509 INFO [keystonemiddleware.auth_token] Starting Keystone auth_token middleware
2026-08-26 20:58:24,511 WARNING [keystonemiddleware._common.config] The option "auth_url" is not known to keystonemiddleware
2026-08-26 20:58:24,514 WARNING [keystonemiddleware.auth_token] Configuring www_authenticate_uri to point to the public identity endpoint is required; clients may not be able to authenticate against an admin endpoint


cinder.tests.unit.policies.test_attachments.AttachmentsPolicyTest.test_multiattach_bootable_volume_policy_9_other_project_reader
--------------------------------------------------------------------------------------------------------------------------------

Captured traceback:
~~~~~~~~~~~~~~~~~~~
    Traceback (most recent call last):

      File "/home/zhihao/hdd/marshal/benchmarks/cross-repo-pr-impact/results/single-case-pipeline-996511-995405-v1-2026-08-26/replay-work/formal-opendev-996511--target-995405/target-a1/cinder/tests/unit/policies/test_attachments.py", line 54, in setUp
    super().setUp(enforce_scope, enforce_new_defaults, *args, **kwargs)
    ~~~~~~~~~~~~~^^^^^^^^^^^^^^^^^^^^^^^^^^^^^^^^^^^^^^^^^^^^^^^^^^^^^^

      File "/home/zhihao/hdd/marshal/benchmarks/cross-repo-pr-impact/results/single-case-pipeline-996511-995405-v1-2026-08-26/replay-work/formal-opendev-996511--target-995405/target-a1/cinder/tests/unit/policies/base.py", line 51, in setUp
    self.override_config('enforce_scope',
    ~~~~~~~~~~~~~~~~~~~~^^^^^^^^^^^^^^^^^
                         enforce_scope, 'oslo_policy')
                         ^^^^^^^^^^^^^^^^^^^^^^^^^^^^^

      File "/home/zhihao/hdd/marshal/benchmarks/cross-repo-pr-impact/results/single-case-pipeline-996511-995405-v1-2026-08-26/replay-work/formal-opendev-996511--target-995405/target-a1/cinder/tests/unit/test.py", line 353, in override_config
    CONF.set_override(name, override, group)
    ~~~~~~~~~~~~~~~~~^^^^^^^^^^^^^^^^^^^^^^^

      File "/home/zhihao/hdd/marshal/benchmarks/cross-repo-pr-impact/results/single-case-pipeline-996511-995405-v1-2026-08-26/replay-work/formal-opendev-996511--target-995405/target-a1/.tox/py3/lib/python3.13/site-packages/oslo_messaging/conffixture.py", line 84, in _wrapper
    return wrapped_function(*args, **kwargs)

      File "/home/zhihao/hdd/marshal/benchmarks/cross-repo-pr-impact/results/single-case-pipeline-996511-995405-v1-2026-08-26/replay-work/formal-opendev-996511--target-995405/target-a1/.tox/py3/lib/python3.13/site-packages/oslo_config/cfg.py", line 2430, in __inner
    result = f(self, *args, **kwargs)

      File "/home/zhihao/hdd/marshal/benchmarks/cross-repo-pr-impact/results/single-case-pipeline-996511-995405-v1-2026-08-26/replay-work/formal-opendev-996511--target-995405/target-a1/.tox/py3/lib/python3.13/site-packages/oslo_config/cfg.py", line 3085, in set_override
    opt_info = self._get_opt_info(name, group)

      File "/home/zhihao/hdd/marshal/benchmarks/cross-repo-pr-impact/results/single-case-pipeline-996511-995405-v1-2026-08-26/replay-work/formal-opendev-996511--target-995405/target-a1/.tox/py3/lib/python3.13/site-packages/oslo_config/cfg.py", line 3580, in _get_opt_info
    raise NoSuchOptError(opt_name, group)

    oslo_config.cfg.NoSuchOptError: no such option enforce_scope in group [oslo_policy]


Captured pythonlogging:
~~~~~~~~~~~~~~~~~~~~~~~
    2026-08-26 20:58:24,519 INFO [keystonemiddleware.auth_token] Starting Keystone auth_token middleware
2026-08-26 20:58:24,521 WARNING [keystonemiddleware._common.config] The option "auth_url" is not known to keystonemiddleware
2026-08-26 20:58:24,524 WARNING [keystonemiddleware.auth_token] Configuring www_authenticate_uri to point to the public identity endpoint is required; clients may not be able to authenticate against an admin endpoint


cinder.tests.unit.policies.test_attachments.AttachmentsPolicySecureRbacTest.test_delete_attachment_policy_5_project_member
--------------------------------------------------------------------------------------------------------------------------

Captured traceback:
~~~~~~~~~~~~~~~~~~~
    Traceback (most recent call last):

      File "/home/zhihao/hdd/marshal/benchmarks/cross-repo-pr-impact/results/single-case-pipeline-996511-995405-v1-2026-08-26/replay-work/formal-opendev-996511--target-995405/target-a1/cinder/tests/unit/policies/test_attachments.py", line 252, in setUp
    super().setUp(enforce_scope=False, enforce_new_defaults=True,
    ~~~~~~~~~~~~~^^^^^^^^^^^^^^^^^^^^^^^^^^^^^^^^^^^^^^^^^^^^^^^^
                  *args, **kwargs)
                  ^^^^^^^^^^^^^^^^

      File "/home/zhihao/hdd/marshal/benchmarks/cross-repo-pr-impact/results/single-case-pipeline-996511-995405-v1-2026-08-26/replay-work/formal-opendev-996511--target-995405/target-a1/cinder/tests/unit/policies/test_attachments.py", line 54, in setUp
    super().setUp(enforce_scope, enforce_new_defaults, *args, **kwargs)
    ~~~~~~~~~~~~~^^^^^^^^^^^^^^^^^^^^^^^^^^^^^^^^^^^^^^^^^^^^^^^^^^^^^^

      File "/home/zhihao/hdd/marshal/benchmarks/cross-repo-pr-impact/results/single-case-pipeline-996511-995405-v1-2026-08-26/replay-work/formal-opendev-996511--target-995405/target-a1/cinder/tests/unit/policies/base.py", line 51, in setUp
    self.override_config('enforce_scope',
    ~~~~~~~~~~~~~~~~~~~~^^^^^^^^^^^^^^^^^
                         enforce_scope, 'oslo_policy')
                         ^^^^^^^^^^^^^^^^^^^^^^^^^^^^^

      File "/home/zhihao/hdd/marshal/benchmarks/cross-repo-pr-impact/results/single-case-pipeline-996511-995405-v1-2026-08-26/replay-work/formal-opendev-996511--target-995405/target-a1/cinder/tests/unit/test.py", line 353, in override_config
    CONF.set_override(name, override, group)
    ~~~~~~~~~~~~~~~~~^^^^^^^^^^^^^^^^^^^^^^^

      File "/home/zhihao/hdd/marshal/benchmarks/cross-repo-pr-impact/results/single-case-pipeline-996511-995405-v1-2026-08-26/replay-work/formal-opendev-996511--target-995405/target-a1/.tox/py3/lib/python3.13/site-packages/oslo_messaging/conffixture.py", line 84, in _wrapper
    return wrapped_function(*args, **kwargs)

      File "/home/zhihao/hdd/marshal/benchmarks/cross-repo-pr-impact/results/single-case-pipeline-996511-995405-v1-2026-08-26/replay-work/formal-opendev-996511--target-995405/target-a1/.tox/py3/lib/python3.13/site-packages/oslo_config/cfg.py", line 2430, in __inner
    result = f(self, *args, **kwargs)

      File "/home/zhihao/hdd/marshal/benchmarks/cross-repo-pr-impact/results/single-case-pipeline-996511-995405-v1-2026-08-26/replay-work/formal-opendev-996511--target-995405/target-a1/.tox/py3/lib/python3.13/site-packages/oslo_config/cfg.py", line 3085, in set_override
    opt_info = self._get_opt_info(name, group)

      File "/home/zhihao/hdd/marshal/benchmarks/cross-repo-pr-impact/results/single-case-pipeline-996511-995405-v1-2026-08-26/replay-work/formal-opendev-996511--target-995405/target-a1/.tox/py3/lib/python3.13/site-packages/oslo_config/cfg.py", line 3580, in _get_opt_info
    raise NoSuchOptError(opt_name, group)

    oslo_config.cfg.NoSuchOptError: no such option enforce_scope in group [oslo_policy]


Captured pythonlogging:
~~~~~~~~~~~~~~~~~~~~~~~
    2026-08-26 20:58:24,532 INFO [keystonemiddleware.auth_token] Starting Keystone auth_token middleware
2026-08-26 20:58:24,534 WARNING [keystonemiddleware._common.config] The option "auth_url" is not known to keystonemiddleware
2026-08-26 20:58:24,536 WARNING [keystonemiddleware.auth_token] Configuring www_authenticate_uri to point to the public identity endpoint is required; clients may not be able to authenticate against an admin endpoint


cinder.tests.unit.policies.test_attachments.AttachmentsPolicyTest.test_multiattach_bootable_volume_policy_6_project_reader
--------------------------------------------------------------------------------------------------------------------------

Captured traceback:
~~~~~~~~~~~~~~~~~~~
    Traceback (most recent call last):

      File "/home/zhihao/hdd/marshal/benchmarks/cross-repo-pr-impact/results/single-case-pipeline-996511-995405-v1-2026-08-26/replay-work/formal-opendev-996511--target-995405/target-a1/cinder/tests/unit/policies/test_attachments.py", line 54, in setUp
    super().setUp(enforce_scope, enforce_new_defaults, *args, **kwargs)
    ~~~~~~~~~~~~~^^^^^^^^^^^^^^^^^^^^^^^^^^^^^^^^^^^^^^^^^^^^^^^^^^^^^^

      File "/home/zhihao/hdd/marshal/benchmarks/cross-repo-pr-impact/results/single-case-pipeline-996511-995405-v1-2026-08-26/replay-work/formal-opendev-996511--target-995405/target-a1/cinder/tests/unit/policies/base.py", line 51, in setUp
    self.override_config('enforce_scope',
    ~~~~~~~~~~~~~~~~~~~~^^^^^^^^^^^^^^^^^
                         enforce_scope, 'oslo_policy')
                         ^^^^^^^^^^^^^^^^^^^^^^^^^^^^^

      File "/home/zhihao/hdd/marshal/benchmarks/cross-repo-pr-impact/results/single-case-pipeline-996511-995405-v1-2026-08-26/replay-work/formal-opendev-996511--target-995405/target-a1/cinder/tests/unit/test.py", line 353, in override_config
    CONF.set_override(name, override, group)
    ~~~~~~~~~~~~~~~~~^^^^^^^^^^^^^^^^^^^^^^^

      File "/home/zhihao/hdd/marshal/benchmarks/cross-repo-pr-impact/results/single-case-pipeline-996511-995405-v1-2026-08-26/replay-work/formal-opendev-996511--target-995405/target-a1/.tox/py3/lib/python3.13/site-packages/oslo_messaging/conffixture.py", line 84, in _wrapper
    return wrapped_function(*args, **kwargs)

      File "/home/zhihao/hdd/marshal/benchmarks/cross-repo-pr-impact/results/single-case-pipeline-996511-995405-v1-2026-08-26/replay-work/formal-opendev-996511--target-995405/target-a1/.tox/py3/lib/python3.13/site-packages/oslo_config/cfg.py", line 2430, in __inner
    result = f(self, *args, **kwargs)

      File "/home/zhihao/hdd/marshal/benchmarks/cross-repo-pr-impact/results/single-case-pipeline-996511-995405-v1-2026-08-26/replay-work/formal-opendev-996511--target-995405/target-a1/.tox/py3/lib/python3.13/site-packages/oslo_config/cfg.py", line 3085, in set_override
    opt_info = self._get_opt_info(name, group)

      File "/home/zhihao/hdd/marshal/benchmarks/cross-repo-pr-impact/results/single-case-pipeline-996511-995405-v1-2026-08-26/replay-work/formal-opendev-996511--target-995405/target-a1/.tox/py3/lib/python3.13/site-packages/oslo_config/cfg.py", line 3580, in _get_opt_info
    raise NoSuchOptError(opt_name, group)

    oslo_config.cfg.NoSuchOptError: no such option enforce_scope in group [oslo_policy]


Captured pythonlogging:
~~~~~~~~~~~~~~~~~~~~~~~
    2026-08-26 20:58:24,541 INFO [keystonemiddleware.auth_token] Starting Keystone auth_token middleware
2026-08-26 20:58:24,542 WARNING [keystonemiddleware._common.config] The option "auth_url" is not known to keystonemiddleware
2026-08-26 20:58:24,545 WARNING [keystonemiddleware.auth_token] Configuring www_authenticate_uri to point to the public identity endpoint is required; clients may not be able to authenticate against an admin endpoint


cinder.tests.unit.policies.test_attachments.AttachmentsPolicySecureRbacTest.test_delete_attachment_policy_7_project_foo
-----------------------------------------------------------------------------------------------------------------------

Captured traceback:
~~~~~~~~~~~~~~~~~~~
    Traceback (most recent call last):

      File "/home/zhihao/hdd/marshal/benchmarks/cross-repo-pr-impact/results/single-case-pipeline-996511-995405-v1-2026-08-26/replay-work/formal-opendev-996511--target-995405/target-a1/cinder/tests/unit/policies/test_attachments.py", line 252, in setUp
    super().setUp(enforce_scope=False, enforce_new_defaults=True,
    ~~~~~~~~~~~~~^^^^^^^^^^^^^^^^^^^^^^^^^^^^^^^^^^^^^^^^^^^^^^^^
                  *args, **kwargs)
                  ^^^^^^^^^^^^^^^^

      File "/home/zhihao/hdd/marshal/benchmarks/cross-repo-pr-impact/results/single-case-pipeline-996511-995405-v1-2026-08-26/replay-work/formal-opendev-996511--target-995405/target-a1/cinder/tests/unit/policies/test_attachments.py", line 54, in setUp
    super().setUp(enforce_scope, enforce_new_defaults, *args, **kwargs)
    ~~~~~~~~~~~~~^^^^^^^^^^^^^^^^^^^^^^^^^^^^^^^^^^^^^^^^^^^^^^^^^^^^^^

      File "/home/zhihao/hdd/marshal/benchmarks/cross-repo-pr-impact/results/single-case-pipeline-996511-995405-v1-2026-08-26/replay-work/formal-opendev-996511--target-995405/target-a1/cinder/tests/unit/policies/base.py", line 51, in setUp
    self.override_config('enforce_scope',
    ~~~~~~~~~~~~~~~~~~~~^^^^^^^^^^^^^^^^^
                         enforce_scope, 'oslo_policy')
                         ^^^^^^^^^^^^^^^^^^^^^^^^^^^^^

      File "/home/zhihao/hdd/marshal/benchmarks/cross-repo-pr-impact/results/single-case-pipeline-996511-995405-v1-2026-08-26/replay-work/formal-opendev-996511--target-995405/target-a1/cinder/tests/unit/test.py", line 353, in override_config
    CONF.set_override(name, override, group)
    ~~~~~~~~~~~~~~~~~^^^^^^^^^^^^^^^^^^^^^^^

      File "/home/zhihao/hdd/marshal/benchmarks/cross-repo-pr-impact/results/single-case-pipeline-996511-995405-v1-2026-08-26/replay-work/formal-opendev-996511--target-995405/target-a1/.tox/py3/lib/python3.13/site-packages/oslo_messaging/conffixture.py", line 84, in _wrapper
    return wrapped_function(*args, **kwargs)

      File "/home/zhihao/hdd/marshal/benchmarks/cross-repo-pr-impact/results/single-case-pipeline-996511-995405-v1-2026-08-26/replay-work/formal-opendev-996511--target-995405/target-a1/.tox/py3/lib/python3.13/site-packages/oslo_config/cfg.py", line 2430, in __inner
    result = f(self, *args, **kwargs)

      File "/home/zhihao/hdd/marshal/benchmarks/cross-repo-pr-impact/results/single-case-pipeline-996511-995405-v1-2026-08-26/replay-work/formal-opendev-996511--target-995405/target-a1/.tox/py3/lib/python3.13/site-packages/oslo_config/cfg.py", line 3085, in set_override
    opt_info = self._get_opt_info(name, group)

      File "/home/zhihao/hdd/marshal/benchmarks/cross-repo-pr-impact/results/single-case-pipeline-996511-995405-v1-2026-08-26/replay-work/formal-opendev-996511--target-995405/target-a1/.tox/py3/lib/python3.13/site-packages/oslo_config/cfg.py", line 3580, in _get_opt_info
    raise NoSuchOptError(opt_name, group)

    oslo_config.cfg.NoSuchOptError: no such option enforce_scope in group [oslo_policy]


Captured pythonlogging:
~~~~~~~~~~~~~~~~~~~~~~~
    2026-08-26 20:58:24,555 INFO [keystonemiddleware.auth_token] Starting Keystone auth_token middleware
2026-08-26 20:58:24,557 WARNING [keystonemiddleware._common.config] The option "auth_url" is not known to keystonemiddleware
2026-08-26 20:58:24,560 WARNING [keystonemiddleware.auth_token] Configuring www_authenticate_uri to point to the public identity endpoint is required; clients may not be able to authenticate against an admin endpoint


cinder.tests.unit.policies.test_attachments.AttachmentsPolicyTest.test_update_attachment_policy_6_project_reader
----------------------------------------------------------------------------------------------------------------

Captured traceback:
~~~~~~~~~~~~~~~~~~~
    Traceback (most recent call last):

      File "/home/zhihao/hdd/marshal/benchmarks/cross-repo-pr-impact/results/single-case-pipeline-996511-995405-v1-2026-08-26/replay-work/formal-opendev-996511--target-995405/target-a1/cinder/tests/unit/policies/test_attachments.py", line 54, in setUp
    super().setUp(enforce_scope, enforce_new_defaults, *args, **kwargs)
    ~~~~~~~~~~~~~^^^^^^^^^^^^^^^^^^^^^^^^^^^^^^^^^^^^^^^^^^^^^^^^^^^^^^

      File "/home/zhihao/hdd/marshal/benchmarks/cross-repo-pr-impact/results/single-case-pipeline-996511-995405-v1-2026-08-26/replay-work/formal-opendev-996511--target-995405/target-a1/cinder/tests/unit/policies/base.py", line 51, in setUp
    self.override_config('enforce_scope',
    ~~~~~~~~~~~~~~~~~~~~^^^^^^^^^^^^^^^^^
                         enforce_scope, 'oslo_policy')
                         ^^^^^^^^^^^^^^^^^^^^^^^^^^^^^

      File "/home/zhihao/hdd/marshal/benchmarks/cross-repo-pr-impact/results/single-case-pipeline-996511-995405-v1-2026-08-26/replay-work/formal-opendev-996511--target-995405/target-a1/cinder/tests/unit/test.py", line 353, in override_config
    CONF.set_override(name, override, group)
    ~~~~~~~~~~~~~~~~~^^^^^^^^^^^^^^^^^^^^^^^

      File "/home/zhihao/hdd/marshal/benchmarks/cross-repo-pr-impact/results/single-case-pipeline-996511-995405-v1-2026-08-26/replay-work/formal-opendev-996511--target-995405/target-a1/.tox/py3/lib/python3.13/site-packages/oslo_messaging/conffixture.py", line 84, in _wrapper
    return wrapped_function(*args, **kwargs)

      File "/home/zhihao/hdd/marshal/benchmarks/cross-repo-pr-impact/results/single-case-pipeline-996511-995405-v1-2026-08-26/replay-work/formal-opendev-996511--target-995405/target-a1/.tox/py3/lib/python3.13/site-packages/oslo_config/cfg.py", line 2430, in __inner
    result = f(self, *args, **kwargs)

      File "/home/zhihao/hdd/marshal/benchmarks/cross-repo-pr-impact/results/single-case-pipeline-996511-995405-v1-2026-08-26/replay-work/formal-opendev-996511--target-995405/target-a1/.tox/py3/lib/python3.13/site-packages/oslo_config/cfg.py", line 3085, in set_override
    opt_info = self._get_opt_info(name, group)

      File "/home/zhihao/hdd/marshal/benchmarks/cross-repo-pr-impact/results/single-case-pipeline-996511-995405-v1-2026-08-26/replay-work/formal-opendev-996511--target-995405/target-a1/.tox/py3/lib/python3.13/site-packages/oslo_config/cfg.py", line 3580, in _get_opt_info
    raise NoSuchOptError(opt_name, group)

    oslo_config.cfg.NoSuchOptError: no such option enforce_scope in group [oslo_policy]


Captured pythonlogging:
~~~~~~~~~~~~~~~~~~~~~~~
    2026-08-26 20:58:24,578 INFO [keystonemiddleware.auth_token] Starting Keystone auth_token middleware
2026-08-26 20:58:24,579 WARNING [keystonemiddleware._common.config] The option "auth_url" is not known to keystonemiddleware
2026-08-26 20:58:24,582 WARNING [keystonemiddleware.auth_token] Configuring www_authenticate_uri to point to the public identity endpoint is required; clients may not be able to authenticate against an admin endpoint


cinder.tests.unit.policies.test_attachments.AttachmentsPolicyTest.test_create_attachment_policy_3_system_admin
--------------------------------------------------------------------------------------------------------------

Captured traceback:
~~~~~~~~~~~~~~~~~~~
    Traceback (most recent call last):

      File "/home/zhihao/hdd/marshal/benchmarks/cross-repo-pr-impact/results/single-case-pipeline-996511-995405-v1-2026-08-26/replay-work/formal-opendev-996511--target-995405/target-a1/cinder/tests/unit/policies/test_attachments.py", line 54, in setUp
    super().setUp(enforce_scope, enforce_new_defaults, *args, **kwargs)
    ~~~~~~~~~~~~~^^^^^^^^^^^^^^^^^^^^^^^^^^^^^^^^^^^^^^^^^^^^^^^^^^^^^^

      File "/home/zhihao/hdd/marshal/benchmarks/cross-repo-pr-impact/results/single-case-pipeline-996511-995405-v1-2026-08-26/replay-work/formal-opendev-996511--target-995405/target-a1/cinder/tests/unit/policies/base.py", line 51, in setUp
    self.override_config('enforce_scope',
    ~~~~~~~~~~~~~~~~~~~~^^^^^^^^^^^^^^^^^
                         enforce_scope, 'oslo_policy')
                         ^^^^^^^^^^^^^^^^^^^^^^^^^^^^^

      File "/home/zhihao/hdd/marshal/benchmarks/cross-repo-pr-impact/results/single-case-pipeline-996511-995405-v1-2026-08-26/replay-work/formal-opendev-996511--target-995405/target-a1/cinder/tests/unit/test.py", line 353, in override_config
    CONF.set_override(name, override, group)
    ~~~~~~~~~~~~~~~~~^^^^^^^^^^^^^^^^^^^^^^^

      File "/home/zhihao/hdd/marshal/benchmarks/cross-repo-pr-impact/results/single-case-pipeline-996511-995405-v1-2026-08-26/replay-work/formal-opendev-996511--target-995405/target-a1/.tox/py3/lib/python3.13/site-packages/oslo_messaging/conffixture.py", line 84, in _wrapper
    return wrapped_function(*args, **kwargs)

      File "/home/zhihao/hdd/marshal/benchmarks/cross-repo-pr-impact/results/single-case-pipeline-996511-995405-v1-2026-08-26/replay-work/formal-opendev-996511--target-995405/target-a1/.tox/py3/lib/python3.13/site-packages/oslo_config/cfg.py", line 2430, in __inner
    result = f(self, *args, **kwargs)

      File "/home/zhihao/hdd/marshal/benchmarks/cross-repo-pr-impact/results/single-case-pipeline-996511-995405-v1-2026-08-26/replay-work/formal-opendev-996511--target-995405/target-a1/.tox/py3/lib/python3.13/site-packages/oslo_config/cfg.py", line 3085, in set_override
    opt_info = self._get_opt_info(name, group)

      File "/home/zhihao/hdd/marshal/benchmarks/cross-repo-pr-impact/results/single-case-pipeline-996511-995405-v1-2026-08-26/replay-work/formal-opendev-996511--target-995405/target-a1/.tox/py3/lib/python3.13/site-packages/oslo_config/cfg.py", line 3580, in _get_opt_info
    raise NoSuchOptError(opt_name, group)

    oslo_config.cfg.NoSuchOptError: no such option enforce_scope in group [oslo_policy]


Captured pythonlogging:
~~~~~~~~~~~~~~~~~~~~~~~
    2026-08-26 20:58:24,578 INFO [keystonemiddleware.auth_token] Starting Keystone auth_token middleware
2026-08-26 20:58:24,580 WARNING [keystonemiddleware._common.config] The option "auth_url" is not known to keystonemiddleware
2026-08-26 20:58:24,582 WARNING [keystonemiddleware.auth_token] Configuring www_authenticate_uri to point to the public identity endpoint is required; clients may not be able to authenticate against an admin endpoint


cinder.tests.unit.policies.test_attachments.AttachmentsPolicySecureRbacTest.test_complete_attachment_policy_5_project_member
----------------------------------------------------------------------------------------------------------------------------

Captured traceback:
~~~~~~~~~~~~~~~~~~~
    Traceback (most recent call last):

      File "/home/zhihao/hdd/marshal/benchmarks/cross-repo-pr-impact/results/single-case-pipeline-996511-995405-v1-2026-08-26/replay-work/formal-opendev-996511--target-995405/target-a1/cinder/tests/unit/policies/test_attachments.py", line 252, in setUp
    super().setUp(enforce_scope=False, enforce_new_defaults=True,
    ~~~~~~~~~~~~~^^^^^^^^^^^^^^^^^^^^^^^^^^^^^^^^^^^^^^^^^^^^^^^^
                  *args, **kwargs)
                  ^^^^^^^^^^^^^^^^

      File "/home/zhihao/hdd/marshal/benchmarks/cross-repo-pr-impact/results/single-case-pipeline-996511-995405-v1-2026-08-26/replay-work/formal-opendev-996511--target-995405/target-a1/cinder/tests/unit/policies/test_attachments.py", line 54, in setUp
    super().setUp(enforce_scope, enforce_new_defaults, *args, **kwargs)
    ~~~~~~~~~~~~~^^^^^^^^^^^^^^^^^^^^^^^^^^^^^^^^^^^^^^^^^^^^^^^^^^^^^^

      File "/home/zhihao/hdd/marshal/benchmarks/cross-repo-pr-impact/results/single-case-pipeline-996511-995405-v1-2026-08-26/replay-work/formal-opendev-996511--target-995405/target-a1/cinder/tests/unit/policies/base.py", line 51, in setUp
    self.override_config('enforce_scope',
    ~~~~~~~~~~~~~~~~~~~~^^^^^^^^^^^^^^^^^
                         enforce_scope, 'oslo_policy')
                         ^^^^^^^^^^^^^^^^^^^^^^^^^^^^^

      File "/home/zhihao/hdd/marshal/benchmarks/cross-repo-pr-impact/results/single-case-pipeline-996511-995405-v1-2026-08-26/replay-work/formal-opendev-996511--target-995405/target-a1/cinder/tests/unit/test.py", line 353, in override_config
    CONF.set_override(name, override, group)
    ~~~~~~~~~~~~~~~~~^^^^^^^^^^^^^^^^^^^^^^^

      File "/home/zhihao/hdd/marshal/benchmarks/cross-repo-pr-impact/results/single-case-pipeline-996511-995405-v1-2026-08-26/replay-work/formal-opendev-996511--target-995405/target-a1/.tox/py3/lib/python3.13/site-packages/oslo_messaging/conffixture.py", line 84, in _wrapper
    return wrapped_function(*args, **kwargs)

      File "/home/zhihao/hdd/marshal/benchmarks/cross-repo-pr-impact/results/single-case-pipeline-996511-995405-v1-2026-08-26/replay-work/formal-opendev-996511--target-995405/target-a1/.tox/py3/lib/python3.13/site-packages/oslo_config/cfg.py", line 2430, in __inner
    result = f(self, *args, **kwargs)

      File "/home/zhihao/hdd/marshal/benchmarks/cross-repo-pr-impact/results/single-case-pipeline-996511-995405-v1-2026-08-26/replay-work/formal-opendev-996511--target-995405/target-a1/.tox/py3/lib/python3.13/site-packages/oslo_config/cfg.py", line 3085, in set_override
    opt_info = self._get_opt_info(name, group)

      File "/home/zhihao/hdd/marshal/benchmarks/cross-repo-pr-impact/results/single-case-pipeline-996511-995405-v1-2026-08-26/replay-work/formal-opendev-996511--target-995405/target-a1/.tox/py3/lib/python3.13/site-packages/oslo_config/cfg.py", line 3580, in _get_opt_info
    raise NoSuchOptError(opt_name, group)

    oslo_config.cfg.NoSuchOptError: no such option enforce_scope in group [oslo_policy]


Captured pythonlogging:
~~~~~~~~~~~~~~~~~~~~~~~
    2026-08-26 20:58:24,610 INFO [keystonemiddleware.auth_token] Starting Keystone auth_token middleware
2026-08-26 20:58:24,612 WARNING [keystonemiddleware._common.config] The option "auth_url" is not known to keystonemiddleware
2026-08-26 20:58:24,614 WARNING [keystonemiddleware.auth_token] Configuring www_authenticate_uri to point to the public identity endpoint is required; clients may not be able to authenticate against an admin endpoint


cinder.tests.unit.policies.test_attachments.AttachmentsPolicyTest.test_complete_attachment_policy_7_project_foo
---------------------------------------------------------------------------------------------------------------

Captured traceback:
~~~~~~~~~~~~~~~~~~~
    Traceback (most recent call last):

      File "/home/zhihao/hdd/marshal/benchmarks/cross-repo-pr-impact/results/single-case-pipeline-996511-995405-v1-2026-08-26/replay-work/formal-opendev-996511--target-995405/target-a1/cinder/tests/unit/policies/test_attachments.py", line 54, in setUp
    super().setUp(enforce_scope, enforce_new_defaults, *args, **kwargs)
    ~~~~~~~~~~~~~^^^^^^^^^^^^^^^^^^^^^^^^^^^^^^^^^^^^^^^^^^^^^^^^^^^^^^

      File "/home/zhihao/hdd/marshal/benchmarks/cross-repo-pr-impact/results/single-case-pipeline-996511-995405-v1-2026-08-26/replay-work/formal-opendev-996511--target-995405/target-a1/cinder/tests/unit/policies/base.py", line 51, in setUp
    self.override_config('enforce_scope',
    ~~~~~~~~~~~~~~~~~~~~^^^^^^^^^^^^^^^^^
                         enforce_scope, 'oslo_policy')
                         ^^^^^^^^^^^^^^^^^^^^^^^^^^^^^

      File "/home/zhihao/hdd/marshal/benchmarks/cross-repo-pr-impact/results/single-case-pipeline-996511-995405-v1-2026-08-26/replay-work/formal-opendev-996511--target-995405/target-a1/cinder/tests/unit/test.py", line 353, in override_config
    CONF.set_override(name, override, group)
    ~~~~~~~~~~~~~~~~~^^^^^^^^^^^^^^^^^^^^^^^

      File "/home/zhihao/hdd/marshal/benchmarks/cross-repo-pr-impact/results/single-case-pipeline-996511-995405-v1-2026-08-26/replay-work/formal-opendev-996511--target-995405/target-a1/.tox/py3/lib/python3.13/site-packages/oslo_messaging/conffixture.py", line 84, in _wrapper
    return wrapped_function(*args, **kwargs)

      File "/home/zhihao/hdd/marshal/benchmarks/cross-repo-pr-impact/results/single-case-pipeline-996511-995405-v1-2026-08-26/replay-work/formal-opendev-996511--target-995405/target-a1/.tox/py3/lib/python3.13/site-packages/oslo_config/cfg.py", line 2430, in __inner
    result = f(self, *args, **kwargs)

      File "/home/zhihao/hdd/marshal/benchmarks/cross-repo-pr-impact/results/single-case-pipeline-996511-995405-v1-2026-08-26/replay-work/formal-opendev-996511--target-995405/target-a1/.tox/py3/lib/python3.13/site-packages/oslo_config/cfg.py", line 3085, in set_override
    opt_info = self._get_opt_info(name, group)

      File "/home/zhihao/hdd/marshal/benchmarks/cross-repo-pr-impact/results/single-case-pipeline-996511-995405-v1-2026-08-26/replay-work/formal-opendev-996511--target-995405/target-a1/.tox/py3/lib/python3.13/site-packages/oslo_config/cfg.py", line 3580, in _get_opt_info
    raise NoSuchOptError(opt_name, group)

    oslo_config.cfg.NoSuchOptError: no such option enforce_scope in group [oslo_policy]


Captured pythonlogging:
~~~~~~~~~~~~~~~~~~~~~~~
    2026-08-26 20:58:24,647 INFO [keystonemiddleware.auth_token] Starting Keystone auth_token middleware
2026-08-26 20:58:24,649 WARNING [keystonemiddleware._common.config] The option "auth_url" is not known to keystonemiddleware
2026-08-26 20:58:24,651 WARNING [keystonemiddleware.auth_token] Configuring www_authenticate_uri to point to the public identity endpoint is required; clients may not be able to authenticate against an admin endpoint


cinder.tests.unit.policies.test_attachments.AttachmentsPolicySecureRbacTest.test_create_attachment_policy_6_project_reader
--------------------------------------------------------------------------------------------------------------------------

Captured traceback:
~~~~~~~~~~~~~~~~~~~
    Traceback (most recent call last):

      File "/home/zhihao/hdd/marshal/benchmarks/cross-repo-pr-impact/results/single-case-pipeline-996511-995405-v1-2026-08-26/replay-work/formal-opendev-996511--target-995405/target-a1/cinder/tests/unit/policies/test_attachments.py", line 252, in setUp
    super().setUp(enforce_scope=False, enforce_new_defaults=True,
    ~~~~~~~~~~~~~^^^^^^^^^^^^^^^^^^^^^^^^^^^^^^^^^^^^^^^^^^^^^^^^
                  *args, **kwargs)
                  ^^^^^^^^^^^^^^^^

      File "/home/zhihao/hdd/marshal/benchmarks/cross-repo-pr-impact/results/single-case-pipeline-996511-995405-v1-2026-08-26/replay-work/formal-opendev-996511--target-995405/target-a1/cinder/tests/unit/policies/test_attachments.py", line 54, in setUp
    super().setUp(enforce_scope, enforce_new_defaults, *args, **kwargs)
    ~~~~~~~~~~~~~^^^^^^^^^^^^^^^^^^^^^^^^^^^^^^^^^^^^^^^^^^^^^^^^^^^^^^

      File "/home/zhihao/hdd/marshal/benchmarks/cross-repo-pr-impact/results/single-case-pipeline-996511-995405-v1-2026-08-26/replay-work/formal-opendev-996511--target-995405/target-a1/cinder/tests/unit/policies/base.py", line 51, in setUp
    self.override_config('enforce_scope',
    ~~~~~~~~~~~~~~~~~~~~^^^^^^^^^^^^^^^^^
                         enforce_scope, 'oslo_policy')
                         ^^^^^^^^^^^^^^^^^^^^^^^^^^^^^

      File "/home/zhihao/hdd/marshal/benchmarks/cross-repo-pr-impact/results/single-case-pipeline-996511-995405-v1-2026-08-26/replay-work/formal-opendev-996511--target-995405/target-a1/cinder/tests/unit/test.py", line 353, in override_config
    CONF.set_override(name, override, group)
    ~~~~~~~~~~~~~~~~~^^^^^^^^^^^^^^^^^^^^^^^

      File "/home/zhihao/hdd/marshal/benchmarks/cross-repo-pr-impact/results/single-case-pipeline-996511-995405-v1-2026-08-26/replay-work/formal-opendev-996511--target-995405/target-a1/.tox/py3/lib/python3.13/site-packages/oslo_messaging/conffixture.py", line 84, in _wrapper
    return wrapped_function(*args, **kwargs)

      File "/home/zhihao/hdd/marshal/benchmarks/cross-repo-pr-impact/results/single-case-pipeline-996511-995405-v1-2026-08-26/replay-work/formal-opendev-996511--target-995405/target-a1/.tox/py3/lib/python3.13/site-packages/oslo_config/cfg.py", line 2430, in __inner
    result = f(self, *args, **kwargs)

      File "/home/zhihao/hdd/marshal/benchmarks/cross-repo-pr-impact/results/single-case-pipeline-996511-995405-v1-2026-08-26/replay-work/formal-opendev-996511--target-995405/target-a1/.tox/py3/lib/python3.13/site-packages/oslo_config/cfg.py", line 3085, in set_override
    opt_info = self._get_opt_info(name, group)

      File "/home/zhihao/hdd/marshal/benchmarks/cross-repo-pr-impact/results/single-case-pipeline-996511-995405-v1-2026-08-26/replay-work/formal-opendev-996511--target-995405/target-a1/.tox/py3/lib/python3.13/site-packages/oslo_config/cfg.py", line 3580, in _get_opt_info
    raise NoSuchOptError(opt_name, group)

    oslo_config.cfg.NoSuchOptError: no such option enforce_scope in group [oslo_policy]


Captured pythonlogging:
~~~~~~~~~~~~~~~~~~~~~~~
    2026-08-26 20:58:24,550 INFO [keystonemiddleware.auth_token] Starting Keystone auth_token middleware
2026-08-26 20:58:24,553 WARNING [keystonemiddleware._common.config] The option "auth_url" is not known to keystonemiddleware
2026-08-26 20:58:24,557 WARNING [keystonemiddleware.auth_token] Configuring www_authenticate_uri to point to the public identity endpoint is required; clients may not be able to authenticate against an admin endpoint


cinder.tests.unit.policies.test_attachments.AttachmentsPolicySecureRbacTest.test_update_attachment_policy_5_project_member
--------------------------------------------------------------------------------------------------------------------------

Captured traceback:
~~~~~~~~~~~~~~~~~~~
    Traceback (most recent call last):

      File "/home/zhihao/hdd/marshal/benchmarks/cross-repo-pr-impact/results/single-case-pipeline-996511-995405-v1-2026-08-26/replay-work/formal-opendev-996511--target-995405/target-a1/cinder/tests/unit/policies/test_attachments.py", line 252, in setUp
    super().setUp(enforce_scope=False, enforce_new_defaults=True,
    ~~~~~~~~~~~~~^^^^^^^^^^^^^^^^^^^^^^^^^^^^^^^^^^^^^^^^^^^^^^^^
                  *args, **kwargs)
                  ^^^^^^^^^^^^^^^^

      File "/home/zhihao/hdd/marshal/benchmarks/cross-repo-pr-impact/results/single-case-pipeline-996511-995405-v1-2026-08-26/replay-work/formal-opendev-996511--target-995405/target-a1/cinder/tests/unit/policies/test_attachments.py", line 54, in setUp
    super().setUp(enforce_scope, enforce_new_defaults, *args, **kwargs)
    ~~~~~~~~~~~~~^^^^^^^^^^^^^^^^^^^^^^^^^^^^^^^^^^^^^^^^^^^^^^^^^^^^^^

      File "/home/zhihao/hdd/marshal/benchmarks/cross-repo-pr-impact/results/single-case-pipeline-996511-995405-v1-2026-08-26/replay-work/formal-opendev-996511--target-995405/target-a1/cinder/tests/unit/policies/base.py", line 51, in setUp
    self.override_config('enforce_scope',
    ~~~~~~~~~~~~~~~~~~~~^^^^^^^^^^^^^^^^^
                         enforce_scope, 'oslo_policy')
                         ^^^^^^^^^^^^^^^^^^^^^^^^^^^^^

      File "/home/zhihao/hdd/marshal/benchmarks/cross-repo-pr-impact/results/single-case-pipeline-996511-995405-v1-2026-08-26/replay-work/formal-opendev-996511--target-995405/target-a1/cinder/tests/unit/test.py", line 353, in override_config
    CONF.set_override(name, override, group)
    ~~~~~~~~~~~~~~~~~^^^^^^^^^^^^^^^^^^^^^^^

      File "/home/zhihao/hdd/marshal/benchmarks/cross-repo-pr-impact/results/single-case-pipeline-996511-995405-v1-2026-08-26/replay-work/formal-opendev-996511--target-995405/target-a1/.tox/py3/lib/python3.13/site-packages/oslo_messaging/conffixture.py", line 84, in _wrapper
    return wrapped_function(*args, **kwargs)

      File "/home/zhihao/hdd/marshal/benchmarks/cross-repo-pr-impact/results/single-case-pipeline-996511-995405-v1-2026-08-26/replay-work/formal-opendev-996511--target-995405/target-a1/.tox/py3/lib/python3.13/site-packages/oslo_config/cfg.py", line 2430, in __inner
    result = f(self, *args, **kwargs)

      File "/home/zhihao/hdd/marshal/benchmarks/cross-repo-pr-impact/results/single-case-pipeline-996511-995405-v1-2026-08-26/replay-work/formal-opendev-996511--target-995405/target-a1/.tox/py3/lib/python3.13/site-packages/oslo_config/cfg.py", line 3085, in set_override
    opt_info = self._get_opt_info(name, group)

      File "/home/zhihao/hdd/marshal/benchmarks/cross-repo-pr-impact/results/single-case-pipeline-996511-995405-v1-2026-08-26/replay-work/formal-opendev-996511--target-995405/target-a1/.tox/py3/lib/python3.13/site-packages/oslo_config/cfg.py", line 3580, in _get_opt_info
    raise NoSuchOptError(opt_name, group)

    oslo_config.cfg.NoSuchOptError: no such option enforce_scope in group [oslo_policy]


Captured pythonlogging:
~~~~~~~~~~~~~~~~~~~~~~~
    2026-08-26 20:58:24,678 INFO [keystonemiddleware.auth_token] Starting Keystone auth_token middleware
2026-08-26 20:58:24,679 WARNING [keystonemiddleware._common.config] The option "auth_url" is not known to keystonemiddleware
2026-08-26 20:58:24,682 WARNING [keystonemiddleware.auth_token] Configuring www_authenticate_uri to point to the public identity endpoint is required; clients may not be able to authenticate against an admin endpoint


cinder.tests.unit.policies.test_attachments.AttachmentsPolicySecureRbacTest.test_create_attachment_policy_4_project_admin
-------------------------------------------------------------------------------------------------------------------------

Captured traceback:
~~~~~~~~~~~~~~~~~~~
    Traceback (most recent call last):

      File "/home/zhihao/hdd/marshal/benchmarks/cross-repo-pr-impact/results/single-case-pipeline-996511-995405-v1-2026-08-26/replay-work/formal-opendev-996511--target-995405/target-a1/cinder/tests/unit/policies/test_attachments.py", line 252, in setUp
    super().setUp(enforce_scope=False, enforce_new_defaults=True,
    ~~~~~~~~~~~~~^^^^^^^^^^^^^^^^^^^^^^^^^^^^^^^^^^^^^^^^^^^^^^^^
                  *args, **kwargs)
                  ^^^^^^^^^^^^^^^^

      File "/home/zhihao/hdd/marshal/benchmarks/cross-repo-pr-impact/results/single-case-pipeline-996511-995405-v1-2026-08-26/replay-work/formal-opendev-996511--target-995405/target-a1/cinder/tests/unit/policies/test_attachments.py", line 54, in setUp
    super().setUp(enforce_scope, enforce_new_defaults, *args, **kwargs)
    ~~~~~~~~~~~~~^^^^^^^^^^^^^^^^^^^^^^^^^^^^^^^^^^^^^^^^^^^^^^^^^^^^^^

      File "/home/zhihao/hdd/marshal/benchmarks/cross-repo-pr-impact/results/single-case-pipeline-996511-995405-v1-2026-08-26/replay-work/formal-opendev-996511--target-995405/target-a1/cinder/tests/unit/policies/base.py", line 51, in setUp
    self.override_config('enforce_scope',
    ~~~~~~~~~~~~~~~~~~~~^^^^^^^^^^^^^^^^^
                         enforce_scope, 'oslo_policy')
                         ^^^^^^^^^^^^^^^^^^^^^^^^^^^^^

      File "/home/zhihao/hdd/marshal/benchmarks/cross-repo-pr-impact/results/single-case-pipeline-996511-995405-v1-2026-08-26/replay-work/formal-opendev-996511--target-995405/target-a1/cinder/tests/unit/test.py", line 353, in override_config
    CONF.set_override(name, override, group)
    ~~~~~~~~~~~~~~~~~^^^^^^^^^^^^^^^^^^^^^^^

      File "/home/zhihao/hdd/marshal/benchmarks/cross-repo-pr-impact/results/single-case-pipeline-996511-995405-v1-2026-08-26/replay-work/formal-opendev-996511--target-995405/target-a1/.tox/py3/lib/python3.13/site-packages/oslo_messaging/conffixture.py", line 84, in _wrapper
    return wrapped_function(*args, **kwargs)

      File "/home/zhihao/hdd/marshal/benchmarks/cross-repo-pr-impact/results/single-case-pipeline-996511-995405-v1-2026-08-26/replay-work/formal-opendev-996511--target-995405/target-a1/.tox/py3/lib/python3.13/site-packages/oslo_config/cfg.py", line 2430, in __inner
    result = f(self, *args, **kwargs)

      File "/home/zhihao/hdd/marshal/benchmarks/cross-repo-pr-impact/results/single-case-pipeline-996511-995405-v1-2026-08-26/replay-work/formal-opendev-996511--target-995405/target-a1/.tox/py3/lib/python3.13/site-packages/oslo_config/cfg.py", line 3085, in set_override
    opt_info = self._get_opt_info(name, group)

      File "/home/zhihao/hdd/marshal/benchmarks/cross-repo-pr-impact/results/single-case-pipeline-996511-995405-v1-2026-08-26/replay-work/formal-opendev-996511--target-995405/target-a1/.tox/py3/lib/python3.13/site-packages/oslo_config/cfg.py", line 3580, in _get_opt_info
    raise NoSuchOptError(opt_name, group)

    oslo_config.cfg.NoSuchOptError: no such option enforce_scope in group [oslo_policy]


Captured pythonlogging:
~~~~~~~~~~~~~~~~~~~~~~~
    2026-08-26 20:58:24,680 INFO [keystonemiddleware.auth_token] Starting Keystone auth_token middleware
2026-08-26 20:58:24,681 WARNING [keystonemiddleware._common.config] The option "auth_url" is not known to keystonemiddleware
2026-08-26 20:58:24,684 WARNING [keystonemiddleware.auth_token] Configuring www_authenticate_uri to point to the public identity endpoint is required; clients may not be able to authenticate against an admin endpoint


cinder.tests.unit.policies.test_attachments.AttachmentsPolicySecureRbacTest.test_multiattach_bootable_volume_policy_6_project_reader
------------------------------------------------------------------------------------------------------------------------------------

Captured traceback:
~~~~~~~~~~~~~~~~~~~
    Traceback (most recent call last):

      File "/home/zhihao/hdd/marshal/benchmarks/cross-repo-pr-impact/results/single-case-pipeline-996511-995405-v1-2026-08-26/replay-work/formal-opendev-996511--target-995405/target-a1/cinder/tests/unit/policies/test_attachments.py", line 252, in setUp
    super().setUp(enforce_scope=False, enforce_new_defaults=True,
    ~~~~~~~~~~~~~^^^^^^^^^^^^^^^^^^^^^^^^^^^^^^^^^^^^^^^^^^^^^^^^
                  *args, **kwargs)
                  ^^^^^^^^^^^^^^^^

      File "/home/zhihao/hdd/marshal/benchmarks/cross-repo-pr-impact/results/single-case-pipeline-996511-995405-v1-2026-08-26/replay-work/formal-opendev-996511--target-995405/target-a1/cinder/tests/unit/policies/test_attachments.py", line 54, in setUp
    super().setUp(enforce_scope, enforce_new_defaults, *args, **kwargs)
    ~~~~~~~~~~~~~^^^^^^^^^^^^^^^^^^^^^^^^^^^^^^^^^^^^^^^^^^^^^^^^^^^^^^

      File "/home/zhihao/hdd/marshal/benchmarks/cross-repo-pr-impact/results/single-case-pipeline-996511-995405-v1-2026-08-26/replay-work/formal-opendev-996511--target-995405/target-a1/cinder/tests/unit/policies/base.py", line 51, in setUp
    self.override_config('enforce_scope',
    ~~~~~~~~~~~~~~~~~~~~^^^^^^^^^^^^^^^^^
                         enforce_scope, 'oslo_policy')
                         ^^^^^^^^^^^^^^^^^^^^^^^^^^^^^

      File "/home/zhihao/hdd/marshal/benchmarks/cross-repo-pr-impact/results/single-case-pipeline-996511-995405-v1-2026-08-26/replay-work/formal-opendev-996511--target-995405/target-a1/cinder/tests/unit/test.py", line 353, in override_config
    CONF.set_override(name, override, group)
    ~~~~~~~~~~~~~~~~~^^^^^^^^^^^^^^^^^^^^^^^

      File "/home/zhihao/hdd/marshal/benchmarks/cross-repo-pr-impact/results/single-case-pipeline-996511-995405-v1-2026-08-26/replay-work/formal-opendev-996511--target-995405/target-a1/.tox/py3/lib/python3.13/site-packages/oslo_messaging/conffixture.py", line 84, in _wrapper
    return wrapped_function(*args, **kwargs)

      File "/home/zhihao/hdd/marshal/benchmarks/cross-repo-pr-impact/results/single-case-pipeline-996511-995405-v1-2026-08-26/replay-work/formal-opendev-996511--target-995405/target-a1/.tox/py3/lib/python3.13/site-packages/oslo_config/cfg.py", line 2430, in __inner
    result = f(self, *args, **kwargs)

      File "/home/zhihao/hdd/marshal/benchmarks/cross-repo-pr-impact/results/single-case-pipeline-996511-995405-v1-2026-08-26/replay-work/formal-opendev-996511--target-995405/target-a1/.tox/py3/lib/python3.13/site-packages/oslo_config/cfg.py", line 3085, in set_override
    opt_info = self._get_opt_info(name, group)

      File "/home/zhihao/hdd/marshal/benchmarks/cross-repo-pr-impact/results/single-case-pipeline-996511-995405-v1-2026-08-26/replay-work/formal-opendev-996511--target-995405/target-a1/.tox/py3/lib/python3.13/site-packages/oslo_config/cfg.py", line 3580, in _get_opt_info
    raise NoSuchOptError(opt_name, group)

    oslo_config.cfg.NoSuchOptError: no such option enforce_scope in group [oslo_policy]


Captured pythonlogging:
~~~~~~~~~~~~~~~~~~~~~~~
    2026-08-26 20:58:24,688 INFO [keystonemiddleware.auth_token] Starting Keystone auth_token middleware
2026-08-26 20:58:24,689 WARNING [keystonemiddleware._common.config] The option "auth_url" is not known to keystonemiddleware
2026-08-26 20:58:24,692 WARNING [keystonemiddleware.auth_token] Configuring www_authenticate_uri to point to the public identity endpoint is required; clients may not be able to authenticate against an admin endpoint


cinder.tests.unit.policies.test_attachments.AttachmentsPolicyTest.test_complete_attachment_policy_2_legacy_owner
----------------------------------------------------------------------------------------------------------------

Captured traceback:
~~~~~~~~~~~~~~~~~~~
    Traceback (most recent call last):

      File "/home/zhihao/hdd/marshal/benchmarks/cross-repo-pr-impact/results/single-case-pipeline-996511-995405-v1-2026-08-26/replay-work/formal-opendev-996511--target-995405/target-a1/cinder/tests/unit/policies/test_attachments.py", line 54, in setUp
    super().setUp(enforce_scope, enforce_new_defaults, *args, **kwargs)
    ~~~~~~~~~~~~~^^^^^^^^^^^^^^^^^^^^^^^^^^^^^^^^^^^^^^^^^^^^^^^^^^^^^^

      File "/home/zhihao/hdd/marshal/benchmarks/cross-repo-pr-impact/results/single-case-pipeline-996511-995405-v1-2026-08-26/replay-work/formal-opendev-996511--target-995405/target-a1/cinder/tests/unit/policies/base.py", line 51, in setUp
    self.override_config('enforce_scope',
    ~~~~~~~~~~~~~~~~~~~~^^^^^^^^^^^^^^^^^
                         enforce_scope, 'oslo_policy')
                         ^^^^^^^^^^^^^^^^^^^^^^^^^^^^^

      File "/home/zhihao/hdd/marshal/benchmarks/cross-repo-pr-impact/results/single-case-pipeline-996511-995405-v1-2026-08-26/replay-work/formal-opendev-996511--target-995405/target-a1/cinder/tests/unit/test.py", line 353, in override_config
    CONF.set_override(name, override, group)
    ~~~~~~~~~~~~~~~~~^^^^^^^^^^^^^^^^^^^^^^^

      File "/home/zhihao/hdd/marshal/benchmarks/cross-repo-pr-impact/results/single-case-pipeline-996511-995405-v1-2026-08-26/replay-work/formal-opendev-996511--target-995405/target-a1/.tox/py3/lib/python3.13/site-packages/oslo_messaging/conffixture.py", line 84, in _wrapper
    return wrapped_function(*args, **kwargs)

      File "/home/zhihao/hdd/marshal/benchmarks/cross-repo-pr-impact/results/single-case-pipeline-996511-995405-v1-2026-08-26/replay-work/formal-opendev-996511--target-995405/target-a1/.tox/py3/lib/python3.13/site-packages/oslo_config/cfg.py", line 2430, in __inner
    result = f(self, *args, **kwargs)

      File "/home/zhihao/hdd/marshal/benchmarks/cross-repo-pr-impact/results/single-case-pipeline-996511-995405-v1-2026-08-26/replay-work/formal-opendev-996511--target-995405/target-a1/.tox/py3/lib/python3.13/site-packages/oslo_config/cfg.py", line 3085, in set_override
    opt_info = self._get_opt_info(name, group)

      File "/home/zhihao/hdd/marshal/benchmarks/cross-repo-pr-impact/results/single-case-pipeline-996511-995405-v1-2026-08-26/replay-work/formal-opendev-996511--target-995405/target-a1/.tox/py3/lib/python3.13/site-packages/oslo_config/cfg.py", line 3580, in _get_opt_info
    raise NoSuchOptError(opt_name, group)

    oslo_config.cfg.NoSuchOptError: no such option enforce_scope in group [oslo_policy]


Captured pythonlogging:
~~~~~~~~~~~~~~~~~~~~~~~
    2026-08-26 20:58:24,697 INFO [keystonemiddleware.auth_token] Starting Keystone auth_token middleware
2026-08-26 20:58:24,698 WARNING [keystonemiddleware._common.config] The option "auth_url" is not known to keystonemiddleware
2026-08-26 20:58:24,701 WARNING [keystonemiddleware.auth_token] Configuring www_authenticate_uri to point to the public identity endpoint is required; clients may not be able to authenticate against an admin endpoint


cinder.tests.unit.policies.test_attachments.AttachmentsPolicySecureRbacTest.test_update_attachment_policy_6_project_reader
--------------------------------------------------------------------------------------------------------------------------

Captured traceback:
~~~~~~~~~~~~~~~~~~~
    Traceback (most recent call last):

      File "/home/zhihao/hdd/marshal/benchmarks/cross-repo-pr-impact/results/single-case-pipeline-996511-995405-v1-2026-08-26/replay-work/formal-opendev-996511--target-995405/target-a1/cinder/tests/unit/policies/test_attachments.py", line 252, in setUp
    super().setUp(enforce_scope=False, enforce_new_defaults=True,
    ~~~~~~~~~~~~~^^^^^^^^^^^^^^^^^^^^^^^^^^^^^^^^^^^^^^^^^^^^^^^^
                  *args, **kwargs)
                  ^^^^^^^^^^^^^^^^

      File "/home/zhihao/hdd/marshal/benchmarks/cross-repo-pr-impact/results/single-case-pipeline-996511-995405-v1-2026-08-26/replay-work/formal-opendev-996511--target-995405/target-a1/cinder/tests/unit/policies/test_attachments.py", line 54, in setUp
    super().setUp(enforce_scope, enforce_new_defaults, *args, **kwargs)
    ~~~~~~~~~~~~~^^^^^^^^^^^^^^^^^^^^^^^^^^^^^^^^^^^^^^^^^^^^^^^^^^^^^^

      File "/home/zhihao/hdd/marshal/benchmarks/cross-repo-pr-impact/results/single-case-pipeline-996511-995405-v1-2026-08-26/replay-work/formal-opendev-996511--target-995405/target-a1/cinder/tests/unit/policies/base.py", line 51, in setUp
    self.override_config('enforce_scope',
    ~~~~~~~~~~~~~~~~~~~~^^^^^^^^^^^^^^^^^
                         enforce_scope, 'oslo_policy')
                         ^^^^^^^^^^^^^^^^^^^^^^^^^^^^^

      File "/home/zhihao/hdd/marshal/benchmarks/cross-repo-pr-impact/results/single-case-pipeline-996511-995405-v1-2026-08-26/replay-work/formal-opendev-996511--target-995405/target-a1/cinder/tests/unit/test.py", line 353, in override_config
    CONF.set_override(name, override, group)
    ~~~~~~~~~~~~~~~~~^^^^^^^^^^^^^^^^^^^^^^^

      File "/home/zhihao/hdd/marshal/benchmarks/cross-repo-pr-impact/results/single-case-pipeline-996511-995405-v1-2026-08-26/replay-work/formal-opendev-996511--target-995405/target-a1/.tox/py3/lib/python3.13/site-packages/oslo_messaging/conffixture.py", line 84, in _wrapper
    return wrapped_function(*args, **kwargs)

      File "/home/zhihao/hdd/marshal/benchmarks/cross-repo-pr-impact/results/single-case-pipeline-996511-995405-v1-2026-08-26/replay-work/formal-opendev-996511--target-995405/target-a1/.tox/py3/lib/python3.13/site-packages/oslo_config/cfg.py", line 2430, in __inner
    result = f(self, *args, **kwargs)

      File "/home/zhihao/hdd/marshal/benchmarks/cross-repo-pr-impact/results/single-case-pipeline-996511-995405-v1-2026-08-26/replay-work/formal-opendev-996511--target-995405/target-a1/.tox/py3/lib/python3.13/site-packages/oslo_config/cfg.py", line 3085, in set_override
    opt_info = self._get_opt_info(name, group)

      File "/home/zhihao/hdd/marshal/benchmarks/cross-repo-pr-impact/results/single-case-pipeline-996511-995405-v1-2026-08-26/replay-work/formal-opendev-996511--target-995405/target-a1/.tox/py3/lib/python3.13/site-packages/oslo_config/cfg.py", line 3580, in _get_opt_info
    raise NoSuchOptError(opt_name, group)

    oslo_config.cfg.NoSuchOptError: no such option enforce_scope in group [oslo_policy]


Captured pythonlogging:
~~~~~~~~~~~~~~~~~~~~~~~
    2026-08-26 20:58:24,763 INFO [keystonemiddleware.auth_token] Starting Keystone auth_token middleware
2026-08-26 20:58:24,764 WARNING [keystonemiddleware._common.config] The option "auth_url" is not known to keystonemiddleware
2026-08-26 20:58:24,767 WARNING [keystonemiddleware.auth_token] Configuring www_authenticate_uri to point to the public identity endpoint is required; clients may not be able to authenticate against an admin endpoint


cinder.tests.unit.policies.test_attachments.AttachmentsPolicyTest.test_multiattach_bootable_volume_policy_7_project_foo
-----------------------------------------------------------------------------------------------------------------------

Captured traceback:
~~~~~~~~~~~~~~~~~~~
    Traceback (most recent call last):

      File "/home/zhihao/hdd/marshal/benchmarks/cross-repo-pr-impact/results/single-case-pipeline-996511-995405-v1-2026-08-26/replay-work/formal-opendev-996511--target-995405/target-a1/cinder/tests/unit/policies/test_attachments.py", line 54, in setUp
    super().setUp(enforce_scope, enforce_new_defaults, *args, **kwargs)
    ~~~~~~~~~~~~~^^^^^^^^^^^^^^^^^^^^^^^^^^^^^^^^^^^^^^^^^^^^^^^^^^^^^^

      File "/home/zhihao/hdd/marshal/benchmarks/cross-repo-pr-impact/results/single-case-pipeline-996511-995405-v1-2026-08-26/replay-work/formal-opendev-996511--target-995405/target-a1/cinder/tests/unit/policies/base.py", line 51, in setUp
    self.override_config('enforce_scope',
    ~~~~~~~~~~~~~~~~~~~~^^^^^^^^^^^^^^^^^
                         enforce_scope, 'oslo_policy')
                         ^^^^^^^^^^^^^^^^^^^^^^^^^^^^^

      File "/home/zhihao/hdd/marshal/benchmarks/cross-repo-pr-impact/results/single-case-pipeline-996511-995405-v1-2026-08-26/replay-work/formal-opendev-996511--target-995405/target-a1/cinder/tests/unit/test.py", line 353, in override_config
    CONF.set_override(name, override, group)
    ~~~~~~~~~~~~~~~~~^^^^^^^^^^^^^^^^^^^^^^^

      File "/home/zhihao/hdd/marshal/benchmarks/cross-repo-pr-impact/results/single-case-pipeline-996511-995405-v1-2026-08-26/replay-work/formal-opendev-996511--target-995405/target-a1/.tox/py3/lib/python3.13/site-packages/oslo_messaging/conffixture.py", line 84, in _wrapper
    return wrapped_function(*args, **kwargs)

      File "/home/zhihao/hdd/marshal/benchmarks/cross-repo-pr-impact/results/single-case-pipeline-996511-995405-v1-2026-08-26/replay-work/formal-opendev-996511--target-995405/target-a1/.tox/py3/lib/python3.13/site-packages/oslo_config/cfg.py", line 2430, in __inner
    result = f(self, *args, **kwargs)

      File "/home/zhihao/hdd/marshal/benchmarks/cross-repo-pr-impact/results/single-case-pipeline-996511-995405-v1-2026-08-26/replay-work/formal-opendev-996511--target-995405/target-a1/.tox/py3/lib/python3.13/site-packages/oslo_config/cfg.py", line 3085, in set_override
    opt_info = self._get_opt_info(name, group)

      File "/home/zhihao/hdd/marshal/benchmarks/cross-repo-pr-impact/results/single-case-pipeline-996511-995405-v1-2026-08-26/replay-work/formal-opendev-996511--target-995405/target-a1/.tox/py3/lib/python3.13/site-packages/oslo_config/cfg.py", line 3580, in _get_opt_info
    raise NoSuchOptError(opt_name, group)

    oslo_config.cfg.NoSuchOptError: no such option enforce_scope in group [oslo_policy]


Captured pythonlogging:
~~~~~~~~~~~~~~~~~~~~~~~
    2026-08-26 20:58:24,796 INFO [keystonemiddleware.auth_token] Starting Keystone auth_token middleware
2026-08-26 20:58:24,797 WARNING [keystonemiddleware._common.config] The option "auth_url" is not known to keystonemiddleware
2026-08-26 20:58:24,800 WARNING [keystonemiddleware.auth_token] Configuring www_authenticate_uri to point to the public identity endpoint is required; clients may not be able to authenticate against an admin endpoint


cinder.tests.unit.policies.test_attachments.AttachmentsPolicyTest.test_update_attachment_policy_1_legacy_admin
--------------------------------------------------------------------------------------------------------------

Captured traceback:
~~~~~~~~~~~~~~~~~~~
    Traceback (most recent call last):

      File "/home/zhihao/hdd/marshal/benchmarks/cross-repo-pr-impact/results/single-case-pipeline-996511-995405-v1-2026-08-26/replay-work/formal-opendev-996511--target-995405/target-a1/cinder/tests/unit/policies/test_attachments.py", line 54, in setUp
    super().setUp(enforce_scope, enforce_new_defaults, *args, **kwargs)
    ~~~~~~~~~~~~~^^^^^^^^^^^^^^^^^^^^^^^^^^^^^^^^^^^^^^^^^^^^^^^^^^^^^^

      File "/home/zhihao/hdd/marshal/benchmarks/cross-repo-pr-impact/results/single-case-pipeline-996511-995405-v1-2026-08-26/replay-work/formal-opendev-996511--target-995405/target-a1/cinder/tests/unit/policies/base.py", line 51, in setUp
    self.override_config('enforce_scope',
    ~~~~~~~~~~~~~~~~~~~~^^^^^^^^^^^^^^^^^
                         enforce_scope, 'oslo_policy')
                         ^^^^^^^^^^^^^^^^^^^^^^^^^^^^^

      File "/home/zhihao/hdd/marshal/benchmarks/cross-repo-pr-impact/results/single-case-pipeline-996511-995405-v1-2026-08-26/replay-work/formal-opendev-996511--target-995405/target-a1/cinder/tests/unit/test.py", line 353, in override_config
    CONF.set_override(name, override, group)
    ~~~~~~~~~~~~~~~~~^^^^^^^^^^^^^^^^^^^^^^^

      File "/home/zhihao/hdd/marshal/benchmarks/cross-repo-pr-impact/results/single-case-pipeline-996511-995405-v1-2026-08-26/replay-work/formal-opendev-996511--target-995405/target-a1/.tox/py3/lib/python3.13/site-packages/oslo_messaging/conffixture.py", line 84, in _wrapper
    return wrapped_function(*args, **kwargs)

      File "/home/zhihao/hdd/marshal/benchmarks/cross-repo-pr-impact/results/single-case-pipeline-996511-995405-v1-2026-08-26/replay-work/formal-opendev-996511--target-995405/target-a1/.tox/py3/lib/python3.13/site-packages/oslo_config/cfg.py", line 2430, in __inner
    result = f(self, *args, **kwargs)

      File "/home/zhihao/hdd/marshal/benchmarks/cross-repo-pr-impact/results/single-case-pipeline-996511-995405-v1-2026-08-26/replay-work/formal-opendev-996511--target-995405/target-a1/.tox/py3/lib/python3.13/site-packages/oslo_config/cfg.py", line 3085, in set_override
    opt_info = self._get_opt_info(name, group)

      File "/home/zhihao/hdd/marshal/benchmarks/cross-repo-pr-impact/results/single-case-pipeline-996511-995405-v1-2026-08-26/replay-work/formal-opendev-996511--target-995405/target-a1/.tox/py3/lib/python3.13/site-packages/oslo_config/cfg.py", line 3580, in _get_opt_info
    raise NoSuchOptError(opt_name, group)

    oslo_config.cfg.NoSuchOptError: no such option enforce_scope in group [oslo_policy]


Captured pythonlogging:
~~~~~~~~~~~~~~~~~~~~~~~
    2026-08-26 20:58:24,804 INFO [keystonemiddleware.auth_token] Starting Keystone auth_token middleware
2026-08-26 20:58:24,805 WARNING [keystonemiddleware._common.config] The option "auth_url" is not known to keystonemiddleware
2026-08-26 20:58:24,808 WARNING [keystonemiddleware.auth_token] Configuring www_authenticate_uri to point to the public identity endpoint is required; clients may not be able to authenticate against an admin endpoint


cinder.tests.unit.policies.test_attachments.AttachmentsPolicySecureRbacTest.test_multiattach_bootable_volume_policy_3_system_admin
----------------------------------------------------------------------------------------------------------------------------------

Captured traceback:
~~~~~~~~~~~~~~~~~~~
    Traceback (most recent call last):

      File "/home/zhihao/hdd/marshal/benchmarks/cross-repo-pr-impact/results/single-case-pipeline-996511-995405-v1-2026-08-26/replay-work/formal-opendev-996511--target-995405/target-a1/cinder/tests/unit/policies/test_attachments.py", line 252, in setUp
    super().setUp(enforce_scope=False, enforce_new_defaults=True,
    ~~~~~~~~~~~~~^^^^^^^^^^^^^^^^^^^^^^^^^^^^^^^^^^^^^^^^^^^^^^^^
                  *args, **kwargs)
                  ^^^^^^^^^^^^^^^^

      File "/home/zhihao/hdd/marshal/benchmarks/cross-repo-pr-impact/results/single-case-pipeline-996511-995405-v1-2026-08-26/replay-work/formal-opendev-996511--target-995405/target-a1/cinder/tests/unit/policies/test_attachments.py", line 54, in setUp
    super().setUp(enforce_scope, enforce_new_defaults, *args, **kwargs)
    ~~~~~~~~~~~~~^^^^^^^^^^^^^^^^^^^^^^^^^^^^^^^^^^^^^^^^^^^^^^^^^^^^^^

      File "/home/zhihao/hdd/marshal/benchmarks/cross-repo-pr-impact/results/single-case-pipeline-996511-995405-v1-2026-08-26/replay-work/formal-opendev-996511--target-995405/target-a1/cinder/tests/unit/policies/base.py", line 51, in setUp
    self.override_config('enforce_scope',
    ~~~~~~~~~~~~~~~~~~~~^^^^^^^^^^^^^^^^^
                         enforce_scope, 'oslo_policy')
                         ^^^^^^^^^^^^^^^^^^^^^^^^^^^^^

      File "/home/zhihao/hdd/marshal/benchmarks/cross-repo-pr-impact/results/single-case-pipeline-996511-995405-v1-2026-08-26/replay-work/formal-opendev-996511--target-995405/target-a1/cinder/tests/unit/test.py", line 353, in override_config
    CONF.set_override(name, override, group)
    ~~~~~~~~~~~~~~~~~^^^^^^^^^^^^^^^^^^^^^^^

      File "/home/zhihao/hdd/marshal/benchmarks/cross-repo-pr-impact/results/single-case-pipeline-996511-995405-v1-2026-08-26/replay-work/formal-opendev-996511--target-995405/target-a1/.tox/py3/lib/python3.13/site-packages/oslo_messaging/conffixture.py", line 84, in _wrapper
    return wrapped_function(*args, **kwargs)

      File "/home/zhihao/hdd/marshal/benchmarks/cross-repo-pr-impact/results/single-case-pipeline-996511-995405-v1-2026-08-26/replay-work/formal-opendev-996511--target-995405/target-a1/.tox/py3/lib/python3.13/site-packages/oslo_config/cfg.py", line 2430, in __inner
    result = f(self, *args, **kwargs)

      File "/home/zhihao/hdd/marshal/benchmarks/cross-repo-pr-impact/results/single-case-pipeline-996511-995405-v1-2026-08-26/replay-work/formal-opendev-996511--target-995405/target-a1/.tox/py3/lib/python3.13/site-packages/oslo_config/cfg.py", line 3085, in set_override
    opt_info = self._get_opt_info(name, group)

      File "/home/zhihao/hdd/marshal/benchmarks/cross-repo-pr-impact/results/single-case-pipeline-996511-995405-v1-2026-08-26/replay-work/formal-opendev-996511--target-995405/target-a1/.tox/py3/lib/python3.13/site-packages/oslo_config/cfg.py", line 3580, in _get_opt_info
    raise NoSuchOptError(opt_name, group)

    oslo_config.cfg.NoSuchOptError: no such option enforce_scope in group [oslo_policy]


Captured pythonlogging:
~~~~~~~~~~~~~~~~~~~~~~~
    2026-08-26 20:58:24,815 INFO [keystonemiddleware.auth_token] Starting Keystone auth_token middleware
2026-08-26 20:58:24,817 WARNING [keystonemiddleware._common.config] The option "auth_url" is not known to keystonemiddleware
2026-08-26 20:58:24,819 WARNING [keystonemiddleware.auth_token] Configuring www_authenticate_uri to point to the public identity endpoint is required; clients may not be able to authenticate against an admin endpoint


cinder.tests.unit.policies.test_attachments.AttachmentsPolicyTest.test_delete_attachment_policy_3_system_admin
--------------------------------------------------------------------------------------------------------------

Captured traceback:
~~~~~~~~~~~~~~~~~~~
    Traceback (most recent call last):

      File "/home/zhihao/hdd/marshal/benchmarks/cross-repo-pr-impact/results/single-case-pipeline-996511-995405-v1-2026-08-26/replay-work/formal-opendev-996511--target-995405/target-a1/cinder/tests/unit/policies/test_attachments.py", line 54, in setUp
    super().setUp(enforce_scope, enforce_new_defaults, *args, **kwargs)
    ~~~~~~~~~~~~~^^^^^^^^^^^^^^^^^^^^^^^^^^^^^^^^^^^^^^^^^^^^^^^^^^^^^^

      File "/home/zhihao/hdd/marshal/benchmarks/cross-repo-pr-impact/results/single-case-pipeline-996511-995405-v1-2026-08-26/replay-work/formal-opendev-996511--target-995405/target-a1/cinder/tests/unit/policies/base.py", line 51, in setUp
    self.override_config('enforce_scope',
    ~~~~~~~~~~~~~~~~~~~~^^^^^^^^^^^^^^^^^
                         enforce_scope, 'oslo_policy')
                         ^^^^^^^^^^^^^^^^^^^^^^^^^^^^^

      File "/home/zhihao/hdd/marshal/benchmarks/cross-repo-pr-impact/results/single-case-pipeline-996511-995405-v1-2026-08-26/replay-work/formal-opendev-996511--target-995405/target-a1/cinder/tests/unit/test.py", line 353, in override_config
    CONF.set_override(name, override, group)
    ~~~~~~~~~~~~~~~~~^^^^^^^^^^^^^^^^^^^^^^^

      File "/home/zhihao/hdd/marshal/benchmarks/cross-repo-pr-impact/results/single-case-pipeline-996511-995405-v1-2026-08-26/replay-work/formal-opendev-996511--target-995405/target-a1/.tox/py3/lib/python3.13/site-packages/oslo_messaging/conffixture.py", line 84, in _wrapper
    return wrapped_function(*args, **kwargs)

      File "/home/zhihao/hdd/marshal/benchmarks/cross-repo-pr-impact/results/single-case-pipeline-996511-995405-v1-2026-08-26/replay-work/formal-opendev-996511--target-995405/target-a1/.tox/py3/lib/python3.13/site-packages/oslo_config/cfg.py", line 2430, in __inner
    result = f(self, *args, **kwargs)

      File "/home/zhihao/hdd/marshal/benchmarks/cross-repo-pr-impact/results/single-case-pipeline-996511-995405-v1-2026-08-26/replay-work/formal-opendev-996511--target-995405/target-a1/.tox/py3/lib/python3.13/site-packages/oslo_config/cfg.py", line 3085, in set_override
    opt_info = self._get_opt_info(name, group)

      File "/home/zhihao/hdd/marshal/benchmarks/cross-repo-pr-impact/results/single-case-pipeline-996511-995405-v1-2026-08-26/replay-work/formal-opendev-996511--target-995405/target-a1/.tox/py3/lib/python3.13/site-packages/oslo_config/cfg.py", line 3580, in _get_opt_info
    raise NoSuchOptError(opt_name, group)

    oslo_config.cfg.NoSuchOptError: no such option enforce_scope in group [oslo_policy]


Captured pythonlogging:
~~~~~~~~~~~~~~~~~~~~~~~
    2026-08-26 20:58:24,816 INFO [keystonemiddleware.auth_token] Starting Keystone auth_token middleware
2026-08-26 20:58:24,818 WARNING [keystonemiddleware._common.config] The option "auth_url" is not known to keystonemiddleware
2026-08-26 20:58:24,820 WARNING [keystonemiddleware.auth_token] Configuring www_authenticate_uri to point to the public identity endpoint is required; clients may not be able to authenticate against an admin endpoint


cinder.tests.unit.policies.test_attachments.AttachmentsPolicyTest.test_update_attachment_policy_4_project_admin
---------------------------------------------------------------------------------------------------------------

Captured traceback:
~~~~~~~~~~~~~~~~~~~
    Traceback (most recent call last):

      File "/home/zhihao/hdd/marshal/benchmarks/cross-repo-pr-impact/results/single-case-pipeline-996511-995405-v1-2026-08-26/replay-work/formal-opendev-996511--target-995405/target-a1/cinder/tests/unit/policies/test_attachments.py", line 54, in setUp
    super().setUp(enforce_scope, enforce_new_defaults, *args, **kwargs)
    ~~~~~~~~~~~~~^^^^^^^^^^^^^^^^^^^^^^^^^^^^^^^^^^^^^^^^^^^^^^^^^^^^^^

      File "/home/zhihao/hdd/marshal/benchmarks/cross-repo-pr-impact/results/single-case-pipeline-996511-995405-v1-2026-08-26/replay-work/formal-opendev-996511--target-995405/target-a1/cinder/tests/unit/policies/base.py", line 51, in setUp
    self.override_config('enforce_scope',
    ~~~~~~~~~~~~~~~~~~~~^^^^^^^^^^^^^^^^^
                         enforce_scope, 'oslo_policy')
                         ^^^^^^^^^^^^^^^^^^^^^^^^^^^^^

      File "/home/zhihao/hdd/marshal/benchmarks/cross-repo-pr-impact/results/single-case-pipeline-996511-995405-v1-2026-08-26/replay-work/formal-opendev-996511--target-995405/target-a1/cinder/tests/unit/test.py", line 353, in override_config
    CONF.set_override(name, override, group)
    ~~~~~~~~~~~~~~~~~^^^^^^^^^^^^^^^^^^^^^^^

      File "/home/zhihao/hdd/marshal/benchmarks/cross-repo-pr-impact/results/single-case-pipeline-996511-995405-v1-2026-08-26/replay-work/formal-opendev-996511--target-995405/target-a1/.tox/py3/lib/python3.13/site-packages/oslo_messaging/conffixture.py", line 84, in _wrapper
    return wrapped_function(*args, **kwargs)

      File "/home/zhihao/hdd/marshal/benchmarks/cross-repo-pr-impact/results/single-case-pipeline-996511-995405-v1-2026-08-26/replay-work/formal-opendev-996511--target-995405/target-a1/.tox/py3/lib/python3.13/site-packages/oslo_config/cfg.py", line 2430, in __inner
    result = f(self, *args, **kwargs)

      File "/home/zhihao/hdd/marshal/benchmarks/cross-repo-pr-impact/results/single-case-pipeline-996511-995405-v1-2026-08-26/replay-work/formal-opendev-996511--target-995405/target-a1/.tox/py3/lib/python3.13/site-packages/oslo_config/cfg.py", line 3085, in set_override
    opt_info = self._get_opt_info(name, group)

      File "/home/zhihao/hdd/marshal/benchmarks/cross-repo-pr-impact/results/single-case-pipeline-996511-995405-v1-2026-08-26/replay-work/formal-opendev-996511--target-995405/target-a1/.tox/py3/lib/python3.13/site-packages/oslo_config/cfg.py", line 3580, in _get_opt_info
    raise NoSuchOptError(opt_name, group)

    oslo_config.cfg.NoSuchOptError: no such option enforce_scope in group [oslo_policy]


Captured pythonlogging:
~~~~~~~~~~~~~~~~~~~~~~~
    2026-08-26 20:58:24,839 INFO [keystonemiddleware.auth_token] Starting Keystone auth_token middleware
2026-08-26 20:58:24,841 WARNING [keystonemiddleware._common.config] The option "auth_url" is not known to keystonemiddleware
2026-08-26 20:58:24,844 WARNING [keystonemiddleware.auth_token] Configuring www_authenticate_uri to point to the public identity endpoint is required; clients may not be able to authenticate against an admin endpoint


cinder.tests.unit.policies.test_attachments.AttachmentsPolicyTest.test_complete_attachment_policy_5_project_member
------------------------------------------------------------------------------------------------------------------

Captured traceback:
~~~~~~~~~~~~~~~~~~~
    Traceback (most recent call last):

      File "/home/zhihao/hdd/marshal/benchmarks/cross-repo-pr-impact/results/single-case-pipeline-996511-995405-v1-2026-08-26/replay-work/formal-opendev-996511--target-995405/target-a1/cinder/tests/unit/policies/test_attachments.py", line 54, in setUp
    super().setUp(enforce_scope, enforce_new_defaults, *args, **kwargs)
    ~~~~~~~~~~~~~^^^^^^^^^^^^^^^^^^^^^^^^^^^^^^^^^^^^^^^^^^^^^^^^^^^^^^

      File "/home/zhihao/hdd/marshal/benchmarks/cross-repo-pr-impact/results/single-case-pipeline-996511-995405-v1-2026-08-26/replay-work/formal-opendev-996511--target-995405/target-a1/cinder/tests/unit/policies/base.py", line 51, in setUp
    self.override_config('enforce_scope',
    ~~~~~~~~~~~~~~~~~~~~^^^^^^^^^^^^^^^^^
                         enforce_scope, 'oslo_policy')
                         ^^^^^^^^^^^^^^^^^^^^^^^^^^^^^

      File "/home/zhihao/hdd/marshal/benchmarks/cross-repo-pr-impact/results/single-case-pipeline-996511-995405-v1-2026-08-26/replay-work/formal-opendev-996511--target-995405/target-a1/cinder/tests/unit/test.py", line 353, in override_config
    CONF.set_override(name, override, group)
    ~~~~~~~~~~~~~~~~~^^^^^^^^^^^^^^^^^^^^^^^

      File "/home/zhihao/hdd/marshal/benchmarks/cross-repo-pr-impact/results/single-case-pipeline-996511-995405-v1-2026-08-26/replay-work/formal-opendev-996511--target-995405/target-a1/.tox/py3/lib/python3.13/site-packages/oslo_messaging/conffixture.py", line 84, in _wrapper
    return wrapped_function(*args, **kwargs)

      File "/home/zhihao/hdd/marshal/benchmarks/cross-repo-pr-impact/results/single-case-pipeline-996511-995405-v1-2026-08-26/replay-work/formal-opendev-996511--target-995405/target-a1/.tox/py3/lib/python3.13/site-packages/oslo_config/cfg.py", line 2430, in __inner
    result = f(self, *args, **kwargs)

      File "/home/zhihao/hdd/marshal/benchmarks/cross-repo-pr-impact/results/single-case-pipeline-996511-995405-v1-2026-08-26/replay-work/formal-opendev-996511--target-995405/target-a1/.tox/py3/lib/python3.13/site-packages/oslo_config/cfg.py", line 3085, in set_override
    opt_info = self._get_opt_info(name, group)

      File "/home/zhihao/hdd/marshal/benchmarks/cross-repo-pr-impact/results/single-case-pipeline-996511-995405-v1-2026-08-26/replay-work/formal-opendev-996511--target-995405/target-a1/.tox/py3/lib/python3.13/site-packages/oslo_config/cfg.py", line 3580, in _get_opt_info
    raise NoSuchOptError(opt_name, group)

    oslo_config.cfg.NoSuchOptError: no such option enforce_scope in group [oslo_policy]


Captured pythonlogging:
~~~~~~~~~~~~~~~~~~~~~~~
    2026-08-26 20:58:24,863 INFO [keystonemiddleware.auth_token] Starting Keystone auth_token middleware
2026-08-26 20:58:24,865 WARNING [keystonemiddleware._common.config] The option "auth_url" is not known to keystonemiddleware
2026-08-26 20:58:24,867 WARNING [keystonemiddleware.auth_token] Configuring www_authenticate_uri to point to the public identity endpoint is required; clients may not be able to authenticate against an admin endpoint


cinder.tests.unit.policies.test_attachments.AttachmentsPolicySecureRbacTest.test_multiattach_bootable_volume_policy_2_legacy_owner
----------------------------------------------------------------------------------------------------------------------------------

Captured traceback:
~~~~~~~~~~~~~~~~~~~
    Traceback (most recent call last):

      File "/home/zhihao/hdd/marshal/benchmarks/cross-repo-pr-impact/results/single-case-pipeline-996511-995405-v1-2026-08-26/replay-work/formal-opendev-996511--target-995405/target-a1/cinder/tests/unit/policies/test_attachments.py", line 252, in setUp
    super().setUp(enforce_scope=False, enforce_new_defaults=True,
    ~~~~~~~~~~~~~^^^^^^^^^^^^^^^^^^^^^^^^^^^^^^^^^^^^^^^^^^^^^^^^
                  *args, **kwargs)
                  ^^^^^^^^^^^^^^^^

      File "/home/zhihao/hdd/marshal/benchmarks/cross-repo-pr-impact/results/single-case-pipeline-996511-995405-v1-2026-08-26/replay-work/formal-opendev-996511--target-995405/target-a1/cinder/tests/unit/policies/test_attachments.py", line 54, in setUp
    super().setUp(enforce_scope, enforce_new_defaults, *args, **kwargs)
    ~~~~~~~~~~~~~^^^^^^^^^^^^^^^^^^^^^^^^^^^^^^^^^^^^^^^^^^^^^^^^^^^^^^

      File "/home/zhihao/hdd/marshal/benchmarks/cross-repo-pr-impact/results/single-case-pipeline-996511-995405-v1-2026-08-26/replay-work/formal-opendev-996511--target-995405/target-a1/cinder/tests/unit/policies/base.py", line 51, in setUp
    self.override_config('enforce_scope',
    ~~~~~~~~~~~~~~~~~~~~^^^^^^^^^^^^^^^^^
                         enforce_scope, 'oslo_policy')
                         ^^^^^^^^^^^^^^^^^^^^^^^^^^^^^

      File "/home/zhihao/hdd/marshal/benchmarks/cross-repo-pr-impact/results/single-case-pipeline-996511-995405-v1-2026-08-26/replay-work/formal-opendev-996511--target-995405/target-a1/cinder/tests/unit/test.py", line 353, in override_config
    CONF.set_override(name, override, group)
    ~~~~~~~~~~~~~~~~~^^^^^^^^^^^^^^^^^^^^^^^

      File "/home/zhihao/hdd/marshal/benchmarks/cross-repo-pr-impact/results/single-case-pipeline-996511-995405-v1-2026-08-26/replay-work/formal-opendev-996511--target-995405/target-a1/.tox/py3/lib/python3.13/site-packages/oslo_messaging/conffixture.py", line 84, in _wrapper
    return wrapped_function(*args, **kwargs)

      File "/home/zhihao/hdd/marshal/benchmarks/cross-repo-pr-impact/results/single-case-pipeline-996511-995405-v1-2026-08-26/replay-work/formal-opendev-996511--target-995405/target-a1/.tox/py3/lib/python3.13/site-packages/oslo_config/cfg.py", line 2430, in __inner
    result = f(self, *args, **kwargs)

      File "/home/zhihao/hdd/marshal/benchmarks/cross-repo-pr-impact/results/single-case-pipeline-996511-995405-v1-2026-08-26/replay-work/formal-opendev-996511--target-995405/target-a1/.tox/py3/lib/python3.13/site-packages/oslo_config/cfg.py", line 3085, in set_override
    opt_info = self._get_opt_info(name, group)

      File "/home/zhihao/hdd/marshal/benchmarks/cross-repo-pr-impact/results/single-case-pipeline-996511-995405-v1-2026-08-26/replay-work/formal-opendev-996511--target-995405/target-a1/.tox/py3/lib/python3.13/site-packages/oslo_config/cfg.py", line 3580, in _get_opt_info
    raise NoSuchOptError(opt_name, group)

    oslo_config.cfg.NoSuchOptError: no such option enforce_scope in group [oslo_policy]


Captured pythonlogging:
~~~~~~~~~~~~~~~~~~~~~~~
    2026-08-26 20:58:24,881 INFO [keystonemiddleware.auth_token] Starting Keystone auth_token middleware
2026-08-26 20:58:24,882 WARNING [keystonemiddleware._common.config] The option "auth_url" is not known to keystonemiddleware
2026-08-26 20:58:24,885 WARNING [keystonemiddleware.auth_token] Configuring www_authenticate_uri to point to the public identity endpoint is required; clients may not be able to authenticate against an admin endpoint


cinder.tests.unit.policies.test_attachments.AttachmentsPolicyTest.test_update_attachment_policy_5_project_member
----------------------------------------------------------------------------------------------------------------

Captured traceback:
~~~~~~~~~~~~~~~~~~~
    Traceback (most recent call last):

      File "/home/zhihao/hdd/marshal/benchmarks/cross-repo-pr-impact/results/single-case-pipeline-996511-995405-v1-2026-08-26/replay-work/formal-opendev-996511--target-995405/target-a1/cinder/tests/unit/policies/test_attachments.py", line 54, in setUp
    super().setUp(enforce_scope, enforce_new_defaults, *args, **kwargs)
    ~~~~~~~~~~~~~^^^^^^^^^^^^^^^^^^^^^^^^^^^^^^^^^^^^^^^^^^^^^^^^^^^^^^

      File "/home/zhihao/hdd/marshal/benchmarks/cross-repo-pr-impact/results/single-case-pipeline-996511-995405-v1-2026-08-26/replay-work/formal-opendev-996511--target-995405/target-a1/cinder/tests/unit/policies/base.py", line 51, in setUp
    self.override_config('enforce_scope',
    ~~~~~~~~~~~~~~~~~~~~^^^^^^^^^^^^^^^^^
                         enforce_scope, 'oslo_policy')
                         ^^^^^^^^^^^^^^^^^^^^^^^^^^^^^

      File "/home/zhihao/hdd/marshal/benchmarks/cross-repo-pr-impact/results/single-case-pipeline-996511-995405-v1-2026-08-26/replay-work/formal-opendev-996511--target-995405/target-a1/cinder/tests/unit/test.py", line 353, in override_config
    CONF.set_override(name, override, group)
    ~~~~~~~~~~~~~~~~~^^^^^^^^^^^^^^^^^^^^^^^

      File "/home/zhihao/hdd/marshal/benchmarks/cross-repo-pr-impact/results/single-case-pipeline-996511-995405-v1-2026-08-26/replay-work/formal-opendev-996511--target-995405/target-a1/.tox/py3/lib/python3.13/site-packages/oslo_messaging/conffixture.py", line 84, in _wrapper
    return wrapped_function(*args, **kwargs)

      File "/home/zhihao/hdd/marshal/benchmarks/cross-repo-pr-impact/results/single-case-pipeline-996511-995405-v1-2026-08-26/replay-work/formal-opendev-996511--target-995405/target-a1/.tox/py3/lib/python3.13/site-packages/oslo_config/cfg.py", line 2430, in __inner
    result = f(self, *args, **kwargs)

      File "/home/zhihao/hdd/marshal/benchmarks/cross-repo-pr-impact/results/single-case-pipeline-996511-995405-v1-2026-08-26/replay-work/formal-opendev-996511--target-995405/target-a1/.tox/py3/lib/python3.13/site-packages/oslo_config/cfg.py", line 3085, in set_override
    opt_info = self._get_opt_info(name, group)

      File "/home/zhihao/hdd/marshal/benchmarks/cross-repo-pr-impact/results/single-case-pipeline-996511-995405-v1-2026-08-26/replay-work/formal-opendev-996511--target-995405/target-a1/.tox/py3/lib/python3.13/site-packages/oslo_config/cfg.py", line 3580, in _get_opt_info
    raise NoSuchOptError(opt_name, group)

    oslo_config.cfg.NoSuchOptError: no such option enforce_scope in group [oslo_policy]


Captured pythonlogging:
~~~~~~~~~~~~~~~~~~~~~~~
    2026-08-26 20:58:24,907 INFO [keystonemiddleware.auth_token] Starting Keystone auth_token middleware
2026-08-26 20:58:24,909 WARNING [keystonemiddleware._common.config] The option "auth_url" is not known to keystonemiddleware
2026-08-26 20:58:24,912 WARNING [keystonemiddleware.auth_token] Configuring www_authenticate_uri to point to the public identity endpoint is required; clients may not be able to authenticate against an admin endpoint


cinder.tests.unit.policies.test_attachments.AttachmentsPolicySecureRbacTest.test_update_attachment_policy_4_project_admin
-------------------------------------------------------------------------------------------------------------------------

Captured traceback:
~~~~~~~~~~~~~~~~~~~
    Traceback (most recent call last):

      File "/home/zhihao/hdd/marshal/benchmarks/cross-repo-pr-impact/results/single-case-pipeline-996511-995405-v1-2026-08-26/replay-work/formal-opendev-996511--target-995405/target-a1/cinder/tests/unit/policies/test_attachments.py", line 252, in setUp
    super().setUp(enforce_scope=False, enforce_new_defaults=True,
    ~~~~~~~~~~~~~^^^^^^^^^^^^^^^^^^^^^^^^^^^^^^^^^^^^^^^^^^^^^^^^
                  *args, **kwargs)
                  ^^^^^^^^^^^^^^^^

      File "/home/zhihao/hdd/marshal/benchmarks/cross-repo-pr-impact/results/single-case-pipeline-996511-995405-v1-2026-08-26/replay-work/formal-opendev-996511--target-995405/target-a1/cinder/tests/unit/policies/test_attachments.py", line 54, in setUp
    super().setUp(enforce_scope, enforce_new_defaults, *args, **kwargs)
    ~~~~~~~~~~~~~^^^^^^^^^^^^^^^^^^^^^^^^^^^^^^^^^^^^^^^^^^^^^^^^^^^^^^

      File "/home/zhihao/hdd/marshal/benchmarks/cross-repo-pr-impact/results/single-case-pipeline-996511-995405-v1-2026-08-26/replay-work/formal-opendev-996511--target-995405/target-a1/cinder/tests/unit/policies/base.py", line 51, in setUp
    self.override_config('enforce_scope',
    ~~~~~~~~~~~~~~~~~~~~^^^^^^^^^^^^^^^^^
                         enforce_scope, 'oslo_policy')
                         ^^^^^^^^^^^^^^^^^^^^^^^^^^^^^

      File "/home/zhihao/hdd/marshal/benchmarks/cross-repo-pr-impact/results/single-case-pipeline-996511-995405-v1-2026-08-26/replay-work/formal-opendev-996511--target-995405/target-a1/cinder/tests/unit/test.py", line 353, in override_config
    CONF.set_override(name, override, group)
    ~~~~~~~~~~~~~~~~~^^^^^^^^^^^^^^^^^^^^^^^

      File "/home/zhihao/hdd/marshal/benchmarks/cross-repo-pr-impact/results/single-case-pipeline-996511-995405-v1-2026-08-26/replay-work/formal-opendev-996511--target-995405/target-a1/.tox/py3/lib/python3.13/site-packages/oslo_messaging/conffixture.py", line 84, in _wrapper
    return wrapped_function(*args, **kwargs)

      File "/home/zhihao/hdd/marshal/benchmarks/cross-repo-pr-impact/results/single-case-pipeline-996511-995405-v1-2026-08-26/replay-work/formal-opendev-996511--target-995405/target-a1/.tox/py3/lib/python3.13/site-packages/oslo_config/cfg.py", line 2430, in __inner
    result = f(self, *args, **kwargs)

      File "/home/zhihao/hdd/marshal/benchmarks/cross-repo-pr-impact/results/single-case-pipeline-996511-995405-v1-2026-08-26/replay-work/formal-opendev-996511--target-995405/target-a1/.tox/py3/lib/python3.13/site-packages/oslo_config/cfg.py", line 3085, in set_override
    opt_info = self._get_opt_info(name, group)

      File "/home/zhihao/hdd/marshal/benchmarks/cross-repo-pr-impact/results/single-case-pipeline-996511-995405-v1-2026-08-26/replay-work/formal-opendev-996511--target-995405/target-a1/.tox/py3/lib/python3.13/site-packages/oslo_config/cfg.py", line 3580, in _get_opt_info
    raise NoSuchOptError(opt_name, group)

    oslo_config.cfg.NoSuchOptError: no such option enforce_scope in group [oslo_policy]


Captured pythonlogging:
~~~~~~~~~~~~~~~~~~~~~~~
    2026-08-26 20:58:24,927 INFO [keystonemiddleware.auth_token] Starting Keystone auth_token middleware
2026-08-26 20:58:24,929 WARNING [keystonemiddleware._common.config] The option "auth_url" is not known to keystonemiddleware
2026-08-26 20:58:24,932 WARNING [keystonemiddleware.auth_token] Configuring www_authenticate_uri to point to the public identity endpoint is required; clients may not be able to authenticate against an admin endpoint


cinder.tests.unit.policies.test_attachments.AttachmentsPolicyTest.test_create_attachment_policy_1_legacy_admin
--------------------------------------------------------------------------------------------------------------

Captured traceback:
~~~~~~~~~~~~~~~~~~~
    Traceback (most recent call last):

      File "/home/zhihao/hdd/marshal/benchmarks/cross-repo-pr-impact/results/single-case-pipeline-996511-995405-v1-2026-08-26/replay-work/formal-opendev-996511--target-995405/target-a1/cinder/tests/unit/policies/test_attachments.py", line 54, in setUp
    super().setUp(enforce_scope, enforce_new_defaults, *args, **kwargs)
    ~~~~~~~~~~~~~^^^^^^^^^^^^^^^^^^^^^^^^^^^^^^^^^^^^^^^^^^^^^^^^^^^^^^

      File "/home/zhihao/hdd/marshal/benchmarks/cross-repo-pr-impact/results/single-case-pipeline-996511-995405-v1-2026-08-26/replay-work/formal-opendev-996511--target-995405/target-a1/cinder/tests/unit/policies/base.py", line 51, in setUp
    self.override_config('enforce_scope',
    ~~~~~~~~~~~~~~~~~~~~^^^^^^^^^^^^^^^^^
                         enforce_scope, 'oslo_policy')
                         ^^^^^^^^^^^^^^^^^^^^^^^^^^^^^

      File "/home/zhihao/hdd/marshal/benchmarks/cross-repo-pr-impact/results/single-case-pipeline-996511-995405-v1-2026-08-26/replay-work/formal-opendev-996511--target-995405/target-a1/cinder/tests/unit/test.py", line 353, in override_config
    CONF.set_override(name, override, group)
    ~~~~~~~~~~~~~~~~~^^^^^^^^^^^^^^^^^^^^^^^

      File "/home/zhihao/hdd/marshal/benchmarks/cross-repo-pr-impact/results/single-case-pipeline-996511-995405-v1-2026-08-26/replay-work/formal-opendev-996511--target-995405/target-a1/.tox/py3/lib/python3.13/site-packages/oslo_messaging/conffixture.py", line 84, in _wrapper
    return wrapped_function(*args, **kwargs)

      File "/home/zhihao/hdd/marshal/benchmarks/cross-repo-pr-impact/results/single-case-pipeline-996511-995405-v1-2026-08-26/replay-work/formal-opendev-996511--target-995405/target-a1/.tox/py3/lib/python3.13/site-packages/oslo_config/cfg.py", line 2430, in __inner
    result = f(self, *args, **kwargs)

      File "/home/zhihao/hdd/marshal/benchmarks/cross-repo-pr-impact/results/single-case-pipeline-996511-995405-v1-2026-08-26/replay-work/formal-opendev-996511--target-995405/target-a1/.tox/py3/lib/python3.13/site-packages/oslo_config/cfg.py", line 3085, in set_override
    opt_info = self._get_opt_info(name, group)

      File "/home/zhihao/hdd/marshal/benchmarks/cross-repo-pr-impact/results/single-case-pipeline-996511-995405-v1-2026-08-26/replay-work/formal-opendev-996511--target-995405/target-a1/.tox/py3/lib/python3.13/site-packages/oslo_config/cfg.py", line 3580, in _get_opt_info
    raise NoSuchOptError(opt_name, group)

    oslo_config.cfg.NoSuchOptError: no such option enforce_scope in group [oslo_policy]


Captured pythonlogging:
~~~~~~~~~~~~~~~~~~~~~~~
    2026-08-26 20:58:24,956 INFO [keystonemiddleware.auth_token] Starting Keystone auth_token middleware
2026-08-26 20:58:24,958 WARNING [keystonemiddleware._common.config] The option "auth_url" is not known to keystonemiddleware
2026-08-26 20:58:24,961 WARNING [keystonemiddleware.auth_token] Configuring www_authenticate_uri to point to the public identity endpoint is required; clients may not be able to authenticate against an admin endpoint


cinder.tests.unit.policies.test_attachments.AttachmentsPolicySecureRbacTest.test_complete_attachment_policy_6_project_reader
----------------------------------------------------------------------------------------------------------------------------

Captured traceback:
~~~~~~~~~~~~~~~~~~~
    Traceback (most recent call last):

      File "/home/zhihao/hdd/marshal/benchmarks/cross-repo-pr-impact/results/single-case-pipeline-996511-995405-v1-2026-08-26/replay-work/formal-opendev-996511--target-995405/target-a1/cinder/tests/unit/policies/test_attachments.py", line 252, in setUp
    super().setUp(enforce_scope=False, enforce_new_defaults=True,
    ~~~~~~~~~~~~~^^^^^^^^^^^^^^^^^^^^^^^^^^^^^^^^^^^^^^^^^^^^^^^^
                  *args, **kwargs)
                  ^^^^^^^^^^^^^^^^

      File "/home/zhihao/hdd/marshal/benchmarks/cross-repo-pr-impact/results/single-case-pipeline-996511-995405-v1-2026-08-26/replay-work/formal-opendev-996511--target-995405/target-a1/cinder/tests/unit/policies/test_attachments.py", line 54, in setUp
    super().setUp(enforce_scope, enforce_new_defaults, *args, **kwargs)
    ~~~~~~~~~~~~~^^^^^^^^^^^^^^^^^^^^^^^^^^^^^^^^^^^^^^^^^^^^^^^^^^^^^^

      File "/home/zhihao/hdd/marshal/benchmarks/cross-repo-pr-impact/results/single-case-pipeline-996511-995405-v1-2026-08-26/replay-work/formal-opendev-996511--target-995405/target-a1/cinder/tests/unit/policies/base.py", line 51, in setUp
    self.override_config('enforce_scope',
    ~~~~~~~~~~~~~~~~~~~~^^^^^^^^^^^^^^^^^
                         enforce_scope, 'oslo_policy')
                         ^^^^^^^^^^^^^^^^^^^^^^^^^^^^^

      File "/home/zhihao/hdd/marshal/benchmarks/cross-repo-pr-impact/results/single-case-pipeline-996511-995405-v1-2026-08-26/replay-work/formal-opendev-996511--target-995405/target-a1/cinder/tests/unit/test.py", line 353, in override_config
    CONF.set_override(name, override, group)
    ~~~~~~~~~~~~~~~~~^^^^^^^^^^^^^^^^^^^^^^^

      File "/home/zhihao/hdd/marshal/benchmarks/cross-repo-pr-impact/results/single-case-pipeline-996511-995405-v1-2026-08-26/replay-work/formal-opendev-996511--target-995405/target-a1/.tox/py3/lib/python3.13/site-packages/oslo_messaging/conffixture.py", line 84, in _wrapper
    return wrapped_function(*args, **kwargs)

      File "/home/zhihao/hdd/marshal/benchmarks/cross-repo-pr-impact/results/single-case-pipeline-996511-995405-v1-2026-08-26/replay-work/formal-opendev-996511--target-995405/target-a1/.tox/py3/lib/python3.13/site-packages/oslo_config/cfg.py", line 2430, in __inner
    result = f(self, *args, **kwargs)

      File "/home/zhihao/hdd/marshal/benchmarks/cross-repo-pr-impact/results/single-case-pipeline-996511-995405-v1-2026-08-26/replay-work/formal-opendev-996511--target-995405/target-a1/.tox/py3/lib/python3.13/site-packages/oslo_config/cfg.py", line 3085, in set_override
    opt_info = self._get_opt_info(name, group)

      File "/home/zhihao/hdd/marshal/benchmarks/cross-repo-pr-impact/results/single-case-pipeline-996511-995405-v1-2026-08-26/replay-work/formal-opendev-996511--target-995405/target-a1/.tox/py3/lib/python3.13/site-packages/oslo_config/cfg.py", line 3580, in _get_opt_info
    raise NoSuchOptError(opt_name, group)

    oslo_config.cfg.NoSuchOptError: no such option enforce_scope in group [oslo_policy]


Captured pythonlogging:
~~~~~~~~~~~~~~~~~~~~~~~
    2026-08-26 20:58:24,966 INFO [keystonemiddleware.auth_token] Starting Keystone auth_token middleware
2026-08-26 20:58:24,968 WARNING [keystonemiddleware._common.config] The option "auth_url" is not known to keystonemiddleware
2026-08-26 20:58:24,971 WARNING [keystonemiddleware.auth_token] Configuring www_authenticate_uri to point to the public identity endpoint is required; clients may not be able to authenticate against an admin endpoint


cinder.tests.unit.policies.test_attachments.AttachmentsPolicyTest.test_multiattach_bootable_volume_policy_1_legacy_admin
------------------------------------------------------------------------------------------------------------------------

Captured traceback:
~~~~~~~~~~~~~~~~~~~
    Traceback (most recent call last):

      File "/home/zhihao/hdd/marshal/benchmarks/cross-repo-pr-impact/results/single-case-pipeline-996511-995405-v1-2026-08-26/replay-work/formal-opendev-996511--target-995405/target-a1/cinder/tests/unit/policies/test_attachments.py", line 54, in setUp
    super().setUp(enforce_scope, enforce_new_defaults, *args, **kwargs)
    ~~~~~~~~~~~~~^^^^^^^^^^^^^^^^^^^^^^^^^^^^^^^^^^^^^^^^^^^^^^^^^^^^^^

      File "/home/zhihao/hdd/marshal/benchmarks/cross-repo-pr-impact/results/single-case-pipeline-996511-995405-v1-2026-08-26/replay-work/formal-opendev-996511--target-995405/target-a1/cinder/tests/unit/policies/base.py", line 51, in setUp
    self.override_config('enforce_scope',
    ~~~~~~~~~~~~~~~~~~~~^^^^^^^^^^^^^^^^^
                         enforce_scope, 'oslo_policy')
                         ^^^^^^^^^^^^^^^^^^^^^^^^^^^^^

      File "/home/zhihao/hdd/marshal/benchmarks/cross-repo-pr-impact/results/single-case-pipeline-996511-995405-v1-2026-08-26/replay-work/formal-opendev-996511--target-995405/target-a1/cinder/tests/unit/test.py", line 353, in override_config
    CONF.set_override(name, override, group)
    ~~~~~~~~~~~~~~~~~^^^^^^^^^^^^^^^^^^^^^^^

      File "/home/zhihao/hdd/marshal/benchmarks/cross-repo-pr-impact/results/single-case-pipeline-996511-995405-v1-2026-08-26/replay-work/formal-opendev-996511--target-995405/target-a1/.tox/py3/lib/python3.13/site-packages/oslo_messaging/conffixture.py", line 84, in _wrapper
    return wrapped_function(*args, **kwargs)

      File "/home/zhihao/hdd/marshal/benchmarks/cross-repo-pr-impact/results/single-case-pipeline-996511-995405-v1-2026-08-26/replay-work/formal-opendev-996511--target-995405/target-a1/.tox/py3/lib/python3.13/site-packages/oslo_config/cfg.py", line 2430, in __inner
    result = f(self, *args, **kwargs)

      File "/home/zhihao/hdd/marshal/benchmarks/cross-repo-pr-impact/results/single-case-pipeline-996511-995405-v1-2026-08-26/replay-work/formal-opendev-996511--target-995405/target-a1/.tox/py3/lib/python3.13/site-packages/oslo_config/cfg.py", line 3085, in set_override
    opt_info = self._get_opt_info(name, group)

      File "/home/zhihao/hdd/marshal/benchmarks/cross-repo-pr-impact/results/single-case-pipeline-996511-995405-v1-2026-08-26/replay-work/formal-opendev-996511--target-995405/target-a1/.tox/py3/lib/python3.13/site-packages/oslo_config/cfg.py", line 3580, in _get_opt_info
    raise NoSuchOptError(opt_name, group)

    oslo_config.cfg.NoSuchOptError: no such option enforce_scope in group [oslo_policy]


Captured pythonlogging:
~~~~~~~~~~~~~~~~~~~~~~~
    2026-08-26 20:58:24,826 INFO [keystonemiddleware.auth_token] Starting Keystone auth_token middleware
2026-08-26 20:58:24,830 WARNING [keystonemiddleware._common.config] The option "auth_url" is not known to keystonemiddleware
2026-08-26 20:58:24,835 WARNING [keystonemiddleware.auth_token] Configuring www_authenticate_uri to point to the public identity endpoint is required; clients may not be able to authenticate against an admin endpoint


cinder.tests.unit.policies.test_attachments.AttachmentsPolicyTest.test_complete_attachment_policy_6_project_reader
------------------------------------------------------------------------------------------------------------------

Captured traceback:
~~~~~~~~~~~~~~~~~~~
    Traceback (most recent call last):

      File "/home/zhihao/hdd/marshal/benchmarks/cross-repo-pr-impact/results/single-case-pipeline-996511-995405-v1-2026-08-26/replay-work/formal-opendev-996511--target-995405/target-a1/cinder/tests/unit/policies/test_attachments.py", line 54, in setUp
    super().setUp(enforce_scope, enforce_new_defaults, *args, **kwargs)
    ~~~~~~~~~~~~~^^^^^^^^^^^^^^^^^^^^^^^^^^^^^^^^^^^^^^^^^^^^^^^^^^^^^^

      File "/home/zhihao/hdd/marshal/benchmarks/cross-repo-pr-impact/results/single-case-pipeline-996511-995405-v1-2026-08-26/replay-work/formal-opendev-996511--target-995405/target-a1/cinder/tests/unit/policies/base.py", line 51, in setUp
    self.override_config('enforce_scope',
    ~~~~~~~~~~~~~~~~~~~~^^^^^^^^^^^^^^^^^
                         enforce_scope, 'oslo_policy')
                         ^^^^^^^^^^^^^^^^^^^^^^^^^^^^^

      File "/home/zhihao/hdd/marshal/benchmarks/cross-repo-pr-impact/results/single-case-pipeline-996511-995405-v1-2026-08-26/replay-work/formal-opendev-996511--target-995405/target-a1/cinder/tests/unit/test.py", line 353, in override_config
    CONF.set_override(name, override, group)
    ~~~~~~~~~~~~~~~~~^^^^^^^^^^^^^^^^^^^^^^^

      File "/home/zhihao/hdd/marshal/benchmarks/cross-repo-pr-impact/results/single-case-pipeline-996511-995405-v1-2026-08-26/replay-work/formal-opendev-996511--target-995405/target-a1/.tox/py3/lib/python3.13/site-packages/oslo_messaging/conffixture.py", line 84, in _wrapper
    return wrapped_function(*args, **kwargs)

      File "/home/zhihao/hdd/marshal/benchmarks/cross-repo-pr-impact/results/single-case-pipeline-996511-995405-v1-2026-08-26/replay-work/formal-opendev-996511--target-995405/target-a1/.tox/py3/lib/python3.13/site-packages/oslo_config/cfg.py", line 2430, in __inner
    result = f(self, *args, **kwargs)

      File "/home/zhihao/hdd/marshal/benchmarks/cross-repo-pr-impact/results/single-case-pipeline-996511-995405-v1-2026-08-26/replay-work/formal-opendev-996511--target-995405/target-a1/.tox/py3/lib/python3.13/site-packages/oslo_config/cfg.py", line 3085, in set_override
    opt_info = self._get_opt_info(name, group)

      File "/home/zhihao/hdd/marshal/benchmarks/cross-repo-pr-impact/results/single-case-pipeline-996511-995405-v1-2026-08-26/replay-work/formal-opendev-996511--target-995405/target-a1/.tox/py3/lib/python3.13/site-packages/oslo_config/cfg.py", line 3580, in _get_opt_info
    raise NoSuchOptError(opt_name, group)

    oslo_config.cfg.NoSuchOptError: no such option enforce_scope in group [oslo_policy]


Captured pythonlogging:
~~~~~~~~~~~~~~~~~~~~~~~
    2026-08-26 20:58:25,018 INFO [keystonemiddleware.auth_token] Starting Keystone auth_token middleware
2026-08-26 20:58:25,020 WARNING [keystonemiddleware._common.config] The option "auth_url" is not known to keystonemiddleware
2026-08-26 20:58:25,022 WARNING [keystonemiddleware.auth_token] Configuring www_authenticate_uri to point to the public identity endpoint is required; clients may not be able to authenticate against an admin endpoint


cinder.tests.unit.policies.test_attachments.AttachmentsPolicyTest.test_multiattach_bootable_volume_policy_4_project_admin
-------------------------------------------------------------------------------------------------------------------------

Captured traceback:
~~~~~~~~~~~~~~~~~~~
    Traceback (most recent call last):

      File "/home/zhihao/hdd/marshal/benchmarks/cross-repo-pr-impact/results/single-case-pipeline-996511-995405-v1-2026-08-26/replay-work/formal-opendev-996511--target-995405/target-a1/cinder/tests/unit/policies/test_attachments.py", line 54, in setUp
    super().setUp(enforce_scope, enforce_new_defaults, *args, **kwargs)
    ~~~~~~~~~~~~~^^^^^^^^^^^^^^^^^^^^^^^^^^^^^^^^^^^^^^^^^^^^^^^^^^^^^^

      File "/home/zhihao/hdd/marshal/benchmarks/cross-repo-pr-impact/results/single-case-pipeline-996511-995405-v1-2026-08-26/replay-work/formal-opendev-996511--target-995405/target-a1/cinder/tests/unit/policies/base.py", line 51, in setUp
    self.override_config('enforce_scope',
    ~~~~~~~~~~~~~~~~~~~~^^^^^^^^^^^^^^^^^
                         enforce_scope, 'oslo_policy')
                         ^^^^^^^^^^^^^^^^^^^^^^^^^^^^^

      File "/home/zhihao/hdd/marshal/benchmarks/cross-repo-pr-impact/results/single-case-pipeline-996511-995405-v1-2026-08-26/replay-work/formal-opendev-996511--target-995405/target-a1/cinder/tests/unit/test.py", line 353, in override_config
    CONF.set_override(name, override, group)
    ~~~~~~~~~~~~~~~~~^^^^^^^^^^^^^^^^^^^^^^^

      File "/home/zhihao/hdd/marshal/benchmarks/cross-repo-pr-impact/results/single-case-pipeline-996511-995405-v1-2026-08-26/replay-work/formal-opendev-996511--target-995405/target-a1/.tox/py3/lib/python3.13/site-packages/oslo_messaging/conffixture.py", line 84, in _wrapper
    return wrapped_function(*args, **kwargs)

      File "/home/zhihao/hdd/marshal/benchmarks/cross-repo-pr-impact/results/single-case-pipeline-996511-995405-v1-2026-08-26/replay-work/formal-opendev-996511--target-995405/target-a1/.tox/py3/lib/python3.13/site-packages/oslo_config/cfg.py", line 2430, in __inner
    result = f(self, *args, **kwargs)

      File "/home/zhihao/hdd/marshal/benchmarks/cross-repo-pr-impact/results/single-case-pipeline-996511-995405-v1-2026-08-26/replay-work/formal-opendev-996511--target-995405/target-a1/.tox/py3/lib/python3.13/site-packages/oslo_config/cfg.py", line 3085, in set_override
    opt_info = self._get_opt_info(name, group)

      File "/home/zhihao/hdd/marshal/benchmarks/cross-repo-pr-impact/results/single-case-pipeline-996511-995405-v1-2026-08-26/replay-work/formal-opendev-996511--target-995405/target-a1/.tox/py3/lib/python3.13/site-packages/oslo_config/cfg.py", line 3580, in _get_opt_info
    raise NoSuchOptError(opt_name, group)

    oslo_config.cfg.NoSuchOptError: no such option enforce_scope in group [oslo_policy]


Captured pythonlogging:
~~~~~~~~~~~~~~~~~~~~~~~
    2026-08-26 20:58:25,044 INFO [keystonemiddleware.auth_token] Starting Keystone auth_token middleware
2026-08-26 20:58:25,045 WARNING [keystonemiddleware._common.config] The option "auth_url" is not known to keystonemiddleware
2026-08-26 20:58:25,048 WARNING [keystonemiddleware.auth_token] Configuring www_authenticate_uri to point to the public identity endpoint is required; clients may not be able to authenticate against an admin endpoint


cinder.tests.unit.policies.test_attachments.AttachmentsPolicyTest.test_complete_attachment_policy_4_project_admin
-----------------------------------------------------------------------------------------------------------------

Captured traceback:
~~~~~~~~~~~~~~~~~~~
    Traceback (most recent call last):

      File "/home/zhihao/hdd/marshal/benchmarks/cross-repo-pr-impact/results/single-case-pipeline-996511-995405-v1-2026-08-26/replay-work/formal-opendev-996511--target-995405/target-a1/cinder/tests/unit/policies/test_attachments.py", line 54, in setUp
    super().setUp(enforce_scope, enforce_new_defaults, *args, **kwargs)
    ~~~~~~~~~~~~~^^^^^^^^^^^^^^^^^^^^^^^^^^^^^^^^^^^^^^^^^^^^^^^^^^^^^^

      File "/home/zhihao/hdd/marshal/benchmarks/cross-repo-pr-impact/results/single-case-pipeline-996511-995405-v1-2026-08-26/replay-work/formal-opendev-996511--target-995405/target-a1/cinder/tests/unit/policies/base.py", line 51, in setUp
    self.override_config('enforce_scope',
    ~~~~~~~~~~~~~~~~~~~~^^^^^^^^^^^^^^^^^
                         enforce_scope, 'oslo_policy')
                         ^^^^^^^^^^^^^^^^^^^^^^^^^^^^^

      File "/home/zhihao/hdd/marshal/benchmarks/cross-repo-pr-impact/results/single-case-pipeline-996511-995405-v1-2026-08-26/replay-work/formal-opendev-996511--target-995405/target-a1/cinder/tests/unit/test.py", line 353, in override_config
    CONF.set_override(name, override, group)
    ~~~~~~~~~~~~~~~~~^^^^^^^^^^^^^^^^^^^^^^^

      File "/home/zhihao/hdd/marshal/benchmarks/cross-repo-pr-impact/results/single-case-pipeline-996511-995405-v1-2026-08-26/replay-work/formal-opendev-996511--target-995405/target-a1/.tox/py3/lib/python3.13/site-packages/oslo_messaging/conffixture.py", line 84, in _wrapper
    return wrapped_function(*args, **kwargs)

      File "/home/zhihao/hdd/marshal/benchmarks/cross-repo-pr-impact/results/single-case-pipeline-996511-995405-v1-2026-08-26/replay-work/formal-opendev-996511--target-995405/target-a1/.tox/py3/lib/python3.13/site-packages/oslo_config/cfg.py", line 2430, in __inner
    result = f(self, *args, **kwargs)

      File "/home/zhihao/hdd/marshal/benchmarks/cross-repo-pr-impact/results/single-case-pipeline-996511-995405-v1-2026-08-26/replay-work/formal-opendev-996511--target-995405/target-a1/.tox/py3/lib/python3.13/site-packages/oslo_config/cfg.py", line 3085, in set_override
    opt_info = self._get_opt_info(name, group)

      File "/home/zhihao/hdd/marshal/benchmarks/cross-repo-pr-impact/results/single-case-pipeline-996511-995405-v1-2026-08-26/replay-work/formal-opendev-996511--target-995405/target-a1/.tox/py3/lib/python3.13/site-packages/oslo_config/cfg.py", line 3580, in _get_opt_info
    raise NoSuchOptError(opt_name, group)

    oslo_config.cfg.NoSuchOptError: no such option enforce_scope in group [oslo_policy]


Captured pythonlogging:
~~~~~~~~~~~~~~~~~~~~~~~
    2026-08-26 20:58:25,078 INFO [keystonemiddleware.auth_token] Starting Keystone auth_token middleware
2026-08-26 20:58:25,080 WARNING [keystonemiddleware._common.config] The option "auth_url" is not known to keystonemiddleware
2026-08-26 20:58:25,083 WARNING [keystonemiddleware.auth_token] Configuring www_authenticate_uri to point to the public identity endpoint is required; clients may not be able to authenticate against an admin endpoint


cinder.tests.unit.policies.test_attachments.AttachmentsPolicyTest.test_multiattach_bootable_volume_policy_2_legacy_owner
------------------------------------------------------------------------------------------------------------------------

Captured traceback:
~~~~~~~~~~~~~~~~~~~
    Traceback (most recent call last):

      File "/home/zhihao/hdd/marshal/benchmarks/cross-repo-pr-impact/results/single-case-pipeline-996511-995405-v1-2026-08-26/replay-work/formal-opendev-996511--target-995405/target-a1/cinder/tests/unit/policies/test_attachments.py", line 54, in setUp
    super().setUp(enforce_scope, enforce_new_defaults, *args, **kwargs)
    ~~~~~~~~~~~~~^^^^^^^^^^^^^^^^^^^^^^^^^^^^^^^^^^^^^^^^^^^^^^^^^^^^^^

      File "/home/zhihao/hdd/marshal/benchmarks/cross-repo-pr-impact/results/single-case-pipeline-996511-995405-v1-2026-08-26/replay-work/formal-opendev-996511--target-995405/target-a1/cinder/tests/unit/policies/base.py", line 51, in setUp
    self.override_config('enforce_scope',
    ~~~~~~~~~~~~~~~~~~~~^^^^^^^^^^^^^^^^^
                         enforce_scope, 'oslo_policy')
                         ^^^^^^^^^^^^^^^^^^^^^^^^^^^^^

      File "/home/zhihao/hdd/marshal/benchmarks/cross-repo-pr-impact/results/single-case-pipeline-996511-995405-v1-2026-08-26/replay-work/formal-opendev-996511--target-995405/target-a1/cinder/tests/unit/test.py", line 353, in override_config
    CONF.set_override(name, override, group)
    ~~~~~~~~~~~~~~~~~^^^^^^^^^^^^^^^^^^^^^^^

      File "/home/zhihao/hdd/marshal/benchmarks/cross-repo-pr-impact/results/single-case-pipeline-996511-995405-v1-2026-08-26/replay-work/formal-opendev-996511--target-995405/target-a1/.tox/py3/lib/python3.13/site-packages/oslo_messaging/conffixture.py", line 84, in _wrapper
    return wrapped_function(*args, **kwargs)

      File "/home/zhihao/hdd/marshal/benchmarks/cross-repo-pr-impact/results/single-case-pipeline-996511-995405-v1-2026-08-26/replay-work/formal-opendev-996511--target-995405/target-a1/.tox/py3/lib/python3.13/site-packages/oslo_config/cfg.py", line 2430, in __inner
    result = f(self, *args, **kwargs)

      File "/home/zhihao/hdd/marshal/benchmarks/cross-repo-pr-impact/results/single-case-pipeline-996511-995405-v1-2026-08-26/replay-work/formal-opendev-996511--target-995405/target-a1/.tox/py3/lib/python3.13/site-packages/oslo_config/cfg.py", line 3085, in set_override
    opt_info = self._get_opt_info(name, group)

      File "/home/zhihao/hdd/marshal/benchmarks/cross-repo-pr-impact/results/single-case-pipeline-996511-995405-v1-2026-08-26/replay-work/formal-opendev-996511--target-995405/target-a1/.tox/py3/lib/python3.13/site-packages/oslo_config/cfg.py", line 3580, in _get_opt_info
    raise NoSuchOptError(opt_name, group)

    oslo_config.cfg.NoSuchOptError: no such option enforce_scope in group [oslo_policy]


Captured pythonlogging:
~~~~~~~~~~~~~~~~~~~~~~~
    2026-08-26 20:58:25,096 INFO [keystonemiddleware.auth_token] Starting Keystone auth_token middleware
2026-08-26 20:58:25,098 WARNING [keystonemiddleware._common.config] The option "auth_url" is not known to keystonemiddleware
2026-08-26 20:58:25,101 WARNING [keystonemiddleware.auth_token] Configuring www_authenticate_uri to point to the public identity endpoint is required; clients may not be able to authenticate against an admin endpoint


cinder.tests.unit.policies.test_attachments.AttachmentsPolicyTest.test_delete_attachment_policy_7_project_foo
-------------------------------------------------------------------------------------------------------------

Captured traceback:
~~~~~~~~~~~~~~~~~~~
    Traceback (most recent call last):

      File "/home/zhihao/hdd/marshal/benchmarks/cross-repo-pr-impact/results/single-case-pipeline-996511-995405-v1-2026-08-26/replay-work/formal-opendev-996511--target-995405/target-a1/cinder/tests/unit/policies/test_attachments.py", line 54, in setUp
    super().setUp(enforce_scope, enforce_new_defaults, *args, **kwargs)
    ~~~~~~~~~~~~~^^^^^^^^^^^^^^^^^^^^^^^^^^^^^^^^^^^^^^^^^^^^^^^^^^^^^^

      File "/home/zhihao/hdd/marshal/benchmarks/cross-repo-pr-impact/results/single-case-pipeline-996511-995405-v1-2026-08-26/replay-work/formal-opendev-996511--target-995405/target-a1/cinder/tests/unit/policies/base.py", line 51, in setUp
    self.override_config('enforce_scope',
    ~~~~~~~~~~~~~~~~~~~~^^^^^^^^^^^^^^^^^
                         enforce_scope, 'oslo_policy')
                         ^^^^^^^^^^^^^^^^^^^^^^^^^^^^^

      File "/home/zhihao/hdd/marshal/benchmarks/cross-repo-pr-impact/results/single-case-pipeline-996511-995405-v1-2026-08-26/replay-work/formal-opendev-996511--target-995405/target-a1/cinder/tests/unit/test.py", line 353, in override_config
    CONF.set_override(name, override, group)
    ~~~~~~~~~~~~~~~~~^^^^^^^^^^^^^^^^^^^^^^^

      File "/home/zhihao/hdd/marshal/benchmarks/cross-repo-pr-impact/results/single-case-pipeline-996511-995405-v1-2026-08-26/replay-work/formal-opendev-996511--target-995405/target-a1/.tox/py3/lib/python3.13/site-packages/oslo_messaging/conffixture.py", line 84, in _wrapper
    return wrapped_function(*args, **kwargs)

      File "/home/zhihao/hdd/marshal/benchmarks/cross-repo-pr-impact/results/single-case-pipeline-996511-995405-v1-2026-08-26/replay-work/formal-opendev-996511--target-995405/target-a1/.tox/py3/lib/python3.13/site-packages/oslo_config/cfg.py", line 2430, in __inner
    result = f(self, *args, **kwargs)

      File "/home/zhihao/hdd/marshal/benchmarks/cross-repo-pr-impact/results/single-case-pipeline-996511-995405-v1-2026-08-26/replay-work/formal-opendev-996511--target-995405/target-a1/.tox/py3/lib/python3.13/site-packages/oslo_config/cfg.py", line 3085, in set_override
    opt_info = self._get_opt_info(name, group)

      File "/home/zhihao/hdd/marshal/benchmarks/cross-repo-pr-impact/results/single-case-pipeline-996511-995405-v1-2026-08-26/replay-work/formal-opendev-996511--target-995405/target-a1/.tox/py3/lib/python3.13/site-packages/oslo_config/cfg.py", line 3580, in _get_opt_info
    raise NoSuchOptError(opt_name, group)

    oslo_config.cfg.NoSuchOptError: no such option enforce_scope in group [oslo_policy]


Captured pythonlogging:
~~~~~~~~~~~~~~~~~~~~~~~
    2026-08-26 20:58:25,101 INFO [keystonemiddleware.auth_token] Starting Keystone auth_token middleware
2026-08-26 20:58:25,102 WARNING [keystonemiddleware._common.config] The option "auth_url" is not known to keystonemiddleware
2026-08-26 20:58:25,105 WARNING [keystonemiddleware.auth_token] Configuring www_authenticate_uri to point to the public identity endpoint is required; clients may not be able to authenticate against an admin endpoint


cinder.tests.unit.policies.test_attachments.AttachmentsPolicySecureRbacTest.test_create_attachment_policy_2_legacy_owner
------------------------------------------------------------------------------------------------------------------------

Captured traceback:
~~~~~~~~~~~~~~~~~~~
    Traceback (most recent call last):

      File "/home/zhihao/hdd/marshal/benchmarks/cross-repo-pr-impact/results/single-case-pipeline-996511-995405-v1-2026-08-26/replay-work/formal-opendev-996511--target-995405/target-a1/cinder/tests/unit/policies/test_attachments.py", line 252, in setUp
    super().setUp(enforce_scope=False, enforce_new_defaults=True,
    ~~~~~~~~~~~~~^^^^^^^^^^^^^^^^^^^^^^^^^^^^^^^^^^^^^^^^^^^^^^^^
                  *args, **kwargs)
                  ^^^^^^^^^^^^^^^^

      File "/home/zhihao/hdd/marshal/benchmarks/cross-repo-pr-impact/results/single-case-pipeline-996511-995405-v1-2026-08-26/replay-work/formal-opendev-996511--target-995405/target-a1/cinder/tests/unit/policies/test_attachments.py", line 54, in setUp
    super().setUp(enforce_scope, enforce_new_defaults, *args, **kwargs)
    ~~~~~~~~~~~~~^^^^^^^^^^^^^^^^^^^^^^^^^^^^^^^^^^^^^^^^^^^^^^^^^^^^^^

      File "/home/zhihao/hdd/marshal/benchmarks/cross-repo-pr-impact/results/single-case-pipeline-996511-995405-v1-2026-08-26/replay-work/formal-opendev-996511--target-995405/target-a1/cinder/tests/unit/policies/base.py", line 51, in setUp
    self.override_config('enforce_scope',
    ~~~~~~~~~~~~~~~~~~~~^^^^^^^^^^^^^^^^^
                         enforce_scope, 'oslo_policy')
                         ^^^^^^^^^^^^^^^^^^^^^^^^^^^^^

      File "/home/zhihao/hdd/marshal/benchmarks/cross-repo-pr-impact/results/single-case-pipeline-996511-995405-v1-2026-08-26/replay-work/formal-opendev-996511--target-995405/target-a1/cinder/tests/unit/test.py", line 353, in override_config
    CONF.set_override(name, override, group)
    ~~~~~~~~~~~~~~~~~^^^^^^^^^^^^^^^^^^^^^^^

      File "/home/zhihao/hdd/marshal/benchmarks/cross-repo-pr-impact/results/single-case-pipeline-996511-995405-v1-2026-08-26/replay-work/formal-opendev-996511--target-995405/target-a1/.tox/py3/lib/python3.13/site-packages/oslo_messaging/conffixture.py", line 84, in _wrapper
    return wrapped_function(*args, **kwargs)

      File "/home/zhihao/hdd/marshal/benchmarks/cross-repo-pr-impact/results/single-case-pipeline-996511-995405-v1-2026-08-26/replay-work/formal-opendev-996511--target-995405/target-a1/.tox/py3/lib/python3.13/site-packages/oslo_config/cfg.py", line 2430, in __inner
    result = f(self, *args, **kwargs)

      File "/home/zhihao/hdd/marshal/benchmarks/cross-repo-pr-impact/results/single-case-pipeline-996511-995405-v1-2026-08-26/replay-work/formal-opendev-996511--target-995405/target-a1/.tox/py3/lib/python3.13/site-packages/oslo_config/cfg.py", line 3085, in set_override
    opt_info = self._get_opt_info(name, group)

      File "/home/zhihao/hdd/marshal/benchmarks/cross-repo-pr-impact/results/single-case-pipeline-996511-995405-v1-2026-08-26/replay-work/formal-opendev-996511--target-995405/target-a1/.tox/py3/lib/python3.13/site-packages/oslo_config/cfg.py", line 3580, in _get_opt_info
    raise NoSuchOptError(opt_name, group)

    oslo_config.cfg.NoSuchOptError: no such option enforce_scope in group [oslo_policy]


Captured pythonlogging:
~~~~~~~~~~~~~~~~~~~~~~~
    2026-08-26 20:58:25,176 INFO [keystonemiddleware.auth_token] Starting Keystone auth_token middleware
2026-08-26 20:58:25,177 WARNING [keystonemiddleware._common.config] The option "auth_url" is not known to keystonemiddleware
2026-08-26 20:58:25,180 WARNING [keystonemiddleware.auth_token] Configuring www_authenticate_uri to point to the public identity endpoint is required; clients may not be able to authenticate against an admin endpoint


cinder.tests.unit.policies.test_attachments.AttachmentsPolicyTest.test_create_attachment_policy_7_project_foo
-------------------------------------------------------------------------------------------------------------

Captured traceback:
~~~~~~~~~~~~~~~~~~~
    Traceback (most recent call last):

      File "/home/zhihao/hdd/marshal/benchmarks/cross-repo-pr-impact/results/single-case-pipeline-996511-995405-v1-2026-08-26/replay-work/formal-opendev-996511--target-995405/target-a1/cinder/tests/unit/policies/test_attachments.py", line 54, in setUp
    super().setUp(enforce_scope, enforce_new_defaults, *args, **kwargs)
    ~~~~~~~~~~~~~^^^^^^^^^^^^^^^^^^^^^^^^^^^^^^^^^^^^^^^^^^^^^^^^^^^^^^

      File "/home/zhihao/hdd/marshal/benchmarks/cross-repo-pr-impact/results/single-case-pipeline-996511-995405-v1-2026-08-26/replay-work/formal-opendev-996511--target-995405/target-a1/cinder/tests/unit/policies/base.py", line 51, in setUp
    self.override_config('enforce_scope',
    ~~~~~~~~~~~~~~~~~~~~^^^^^^^^^^^^^^^^^
                         enforce_scope, 'oslo_policy')
                         ^^^^^^^^^^^^^^^^^^^^^^^^^^^^^

      File "/home/zhihao/hdd/marshal/benchmarks/cross-repo-pr-impact/results/single-case-pipeline-996511-995405-v1-2026-08-26/replay-work/formal-opendev-996511--target-995405/target-a1/cinder/tests/unit/test.py", line 353, in override_config
    CONF.set_override(name, override, group)
    ~~~~~~~~~~~~~~~~~^^^^^^^^^^^^^^^^^^^^^^^

      File "/home/zhihao/hdd/marshal/benchmarks/cross-repo-pr-impact/results/single-case-pipeline-996511-995405-v1-2026-08-26/replay-work/formal-opendev-996511--target-995405/target-a1/.tox/py3/lib/python3.13/site-packages/oslo_messaging/conffixture.py", line 84, in _wrapper
    return wrapped_function(*args, **kwargs)

      File "/home/zhihao/hdd/marshal/benchmarks/cross-repo-pr-impact/results/single-case-pipeline-996511-995405-v1-2026-08-26/replay-work/formal-opendev-996511--target-995405/target-a1/.tox/py3/lib/python3.13/site-packages/oslo_config/cfg.py", line 2430, in __inner
    result = f(self, *args, **kwargs)

      File "/home/zhihao/hdd/marshal/benchmarks/cross-repo-pr-impact/results/single-case-pipeline-996511-995405-v1-2026-08-26/replay-work/formal-opendev-996511--target-995405/target-a1/.tox/py3/lib/python3.13/site-packages/oslo_config/cfg.py", line 3085, in set_override
    opt_info = self._get_opt_info(name, group)

      File "/home/zhihao/hdd/marshal/benchmarks/cross-repo-pr-impact/results/single-case-pipeline-996511-995405-v1-2026-08-26/replay-work/formal-opendev-996511--target-995405/target-a1/.tox/py3/lib/python3.13/site-packages/oslo_config/cfg.py", line 3580, in _get_opt_info
    raise NoSuchOptError(opt_name, group)

    oslo_config.cfg.NoSuchOptError: no such option enforce_scope in group [oslo_policy]


Captured pythonlogging:
~~~~~~~~~~~~~~~~~~~~~~~
    2026-08-26 20:58:25,228 INFO [keystonemiddleware.auth_token] Starting Keystone auth_token middleware
2026-08-26 20:58:25,230 WARNING [keystonemiddleware._common.config] The option "auth_url" is not known to keystonemiddleware
2026-08-26 20:58:25,233 WARNING [keystonemiddleware.auth_token] Configuring www_authenticate_uri to point to the public identity endpoint is required; clients may not be able to authenticate against an admin endpoint


cinder.tests.unit.policies.test_attachments.AttachmentsPolicySecureRbacTest.test_multiattach_bootable_volume_policy_5_project_member
------------------------------------------------------------------------------------------------------------------------------------

Captured traceback:
~~~~~~~~~~~~~~~~~~~
    Traceback (most recent call last):

      File "/home/zhihao/hdd/marshal/benchmarks/cross-repo-pr-impact/results/single-case-pipeline-996511-995405-v1-2026-08-26/replay-work/formal-opendev-996511--target-995405/target-a1/cinder/tests/unit/policies/test_attachments.py", line 252, in setUp
    super().setUp(enforce_scope=False, enforce_new_defaults=True,
    ~~~~~~~~~~~~~^^^^^^^^^^^^^^^^^^^^^^^^^^^^^^^^^^^^^^^^^^^^^^^^
                  *args, **kwargs)
                  ^^^^^^^^^^^^^^^^

      File "/home/zhihao/hdd/marshal/benchmarks/cross-repo-pr-impact/results/single-case-pipeline-996511-995405-v1-2026-08-26/replay-work/formal-opendev-996511--target-995405/target-a1/cinder/tests/unit/policies/test_attachments.py", line 54, in setUp
    super().setUp(enforce_scope, enforce_new_defaults, *args, **kwargs)
    ~~~~~~~~~~~~~^^^^^^^^^^^^^^^^^^^^^^^^^^^^^^^^^^^^^^^^^^^^^^^^^^^^^^

      File "/home/zhihao/hdd/marshal/benchmarks/cross-repo-pr-impact/results/single-case-pipeline-996511-995405-v1-2026-08-26/replay-work/formal-opendev-996511--target-995405/target-a1/cinder/tests/unit/policies/base.py", line 51, in setUp
    self.override_config('enforce_scope',
    ~~~~~~~~~~~~~~~~~~~~^^^^^^^^^^^^^^^^^
                         enforce_scope, 'oslo_policy')
                         ^^^^^^^^^^^^^^^^^^^^^^^^^^^^^

      File "/home/zhihao/hdd/marshal/benchmarks/cross-repo-pr-impact/results/single-case-pipeline-996511-995405-v1-2026-08-26/replay-work/formal-opendev-996511--target-995405/target-a1/cinder/tests/unit/test.py", line 353, in override_config
    CONF.set_override(name, override, group)
    ~~~~~~~~~~~~~~~~~^^^^^^^^^^^^^^^^^^^^^^^

      File "/home/zhihao/hdd/marshal/benchmarks/cross-repo-pr-impact/results/single-case-pipeline-996511-995405-v1-2026-08-26/replay-work/formal-opendev-996511--target-995405/target-a1/.tox/py3/lib/python3.13/site-packages/oslo_messaging/conffixture.py", line 84, in _wrapper
    return wrapped_function(*args, **kwargs)

      File "/home/zhihao/hdd/marshal/benchmarks/cross-repo-pr-impact/results/single-case-pipeline-996511-995405-v1-2026-08-26/replay-work/formal-opendev-996511--target-995405/target-a1/.tox/py3/lib/python3.13/site-packages/oslo_config/cfg.py", line 2430, in __inner
    result = f(self, *args, **kwargs)

      File "/home/zhihao/hdd/marshal/benchmarks/cross-repo-pr-impact/results/single-case-pipeline-996511-995405-v1-2026-08-26/replay-work/formal-opendev-996511--target-995405/target-a1/.tox/py3/lib/python3.13/site-packages/oslo_config/cfg.py", line 3085, in set_override
    opt_info = self._get_opt_info(name, group)

      File "/home/zhihao/hdd/marshal/benchmarks/cross-repo-pr-impact/results/single-case-pipeline-996511-995405-v1-2026-08-26/replay-work/formal-opendev-996511--target-995405/target-a1/.tox/py3/lib/python3.13/site-packages/oslo_config/cfg.py", line 3580, in _get_opt_info
    raise NoSuchOptError(opt_name, group)

    oslo_config.cfg.NoSuchOptError: no such option enforce_scope in group [oslo_policy]


Captured pythonlogging:
~~~~~~~~~~~~~~~~~~~~~~~
    2026-08-26 20:58:25,329 INFO [keystonemiddleware.auth_token] Starting Keystone auth_token middleware
2026-08-26 20:58:25,331 WARNING [keystonemiddleware._common.config] The option "auth_url" is not known to keystonemiddleware
2026-08-26 20:58:25,334 WARNING [keystonemiddleware.auth_token] Configuring www_authenticate_uri to point to the public identity endpoint is required; clients may not be able to authenticate against an admin endpoint


cinder.tests.unit.policies.test_attachments.AttachmentsPolicyTest.test_delete_attachment_policy_6_project_reader
----------------------------------------------------------------------------------------------------------------

Captured traceback:
~~~~~~~~~~~~~~~~~~~
    Traceback (most recent call last):

      File "/home/zhihao/hdd/marshal/benchmarks/cross-repo-pr-impact/results/single-case-pipeline-996511-995405-v1-2026-08-26/replay-work/formal-opendev-996511--target-995405/target-a1/cinder/tests/unit/policies/test_attachments.py", line 54, in setUp
    super().setUp(enforce_scope, enforce_new_defaults, *args, **kwargs)
    ~~~~~~~~~~~~~^^^^^^^^^^^^^^^^^^^^^^^^^^^^^^^^^^^^^^^^^^^^^^^^^^^^^^

      File "/home/zhihao/hdd/marshal/benchmarks/cross-repo-pr-impact/results/single-case-pipeline-996511-995405-v1-2026-08-26/replay-work/formal-opendev-996511--target-995405/target-a1/cinder/tests/unit/policies/base.py", line 51, in setUp
    self.override_config('enforce_scope',
    ~~~~~~~~~~~~~~~~~~~~^^^^^^^^^^^^^^^^^
                         enforce_scope, 'oslo_policy')
                         ^^^^^^^^^^^^^^^^^^^^^^^^^^^^^

      File "/home/zhihao/hdd/marshal/benchmarks/cross-repo-pr-impact/results/single-case-pipeline-996511-995405-v1-2026-08-26/replay-work/formal-opendev-996511--target-995405/target-a1/cinder/tests/unit/test.py", line 353, in override_config
    CONF.set_override(name, override, group)
    ~~~~~~~~~~~~~~~~~^^^^^^^^^^^^^^^^^^^^^^^

      File "/home/zhihao/hdd/marshal/benchmarks/cross-repo-pr-impact/results/single-case-pipeline-996511-995405-v1-2026-08-26/replay-work/formal-opendev-996511--target-995405/target-a1/.tox/py3/lib/python3.13/site-packages/oslo_messaging/conffixture.py", line 84, in _wrapper
    return wrapped_function(*args, **kwargs)

      File "/home/zhihao/hdd/marshal/benchmarks/cross-repo-pr-impact/results/single-case-pipeline-996511-995405-v1-2026-08-26/replay-work/formal-opendev-996511--target-995405/target-a1/.tox/py3/lib/python3.13/site-packages/oslo_config/cfg.py", line 2430, in __inner
    result = f(self, *args, **kwargs)

      File "/home/zhihao/hdd/marshal/benchmarks/cross-repo-pr-impact/results/single-case-pipeline-996511-995405-v1-2026-08-26/replay-work/formal-opendev-996511--target-995405/target-a1/.tox/py3/lib/python3.13/site-packages/oslo_config/cfg.py", line 3085, in set_override
    opt_info = self._get_opt_info(name, group)

      File "/home/zhihao/hdd/marshal/benchmarks/cross-repo-pr-impact/results/single-case-pipeline-996511-995405-v1-2026-08-26/replay-work/formal-opendev-996511--target-995405/target-a1/.tox/py3/lib/python3.13/site-packages/oslo_config/cfg.py", line 3580, in _get_opt_info
    raise NoSuchOptError(opt_name, group)

    oslo_config.cfg.NoSuchOptError: no such option enforce_scope in group [oslo_policy]


Captured pythonlogging:
~~~~~~~~~~~~~~~~~~~~~~~
    2026-08-26 20:58:25,327 INFO [keystonemiddleware.auth_token] Starting Keystone auth_token middleware
2026-08-26 20:58:25,328 WARNING [keystonemiddleware._common.config] The option "auth_url" is not known to keystonemiddleware
2026-08-26 20:58:25,331 WARNING [keystonemiddleware.auth_token] Configuring www_authenticate_uri to point to the public identity endpoint is required; clients may not be able to authenticate against an admin endpoint


cinder.tests.unit.policies.test_attachments.AttachmentsPolicySecureRbacTest.test_complete_attachment_policy_3_system_admin
--------------------------------------------------------------------------------------------------------------------------

Captured traceback:
~~~~~~~~~~~~~~~~~~~
    Traceback (most recent call last):

      File "/home/zhihao/hdd/marshal/benchmarks/cross-repo-pr-impact/results/single-case-pipeline-996511-995405-v1-2026-08-26/replay-work/formal-opendev-996511--target-995405/target-a1/cinder/tests/unit/policies/test_attachments.py", line 252, in setUp
    super().setUp(enforce_scope=False, enforce_new_defaults=True,
    ~~~~~~~~~~~~~^^^^^^^^^^^^^^^^^^^^^^^^^^^^^^^^^^^^^^^^^^^^^^^^
                  *args, **kwargs)
                  ^^^^^^^^^^^^^^^^

      File "/home/zhihao/hdd/marshal/benchmarks/cross-repo-pr-impact/results/single-case-pipeline-996511-995405-v1-2026-08-26/replay-work/formal-opendev-996511--target-995405/target-a1/cinder/tests/unit/policies/test_attachments.py", line 54, in setUp
    super().setUp(enforce_scope, enforce_new_defaults, *args, **kwargs)
    ~~~~~~~~~~~~~^^^^^^^^^^^^^^^^^^^^^^^^^^^^^^^^^^^^^^^^^^^^^^^^^^^^^^

      File "/home/zhihao/hdd/marshal/benchmarks/cross-repo-pr-impact/results/single-case-pipeline-996511-995405-v1-2026-08-26/replay-work/formal-opendev-996511--target-995405/target-a1/cinder/tests/unit/policies/base.py", line 51, in setUp
    self.override_config('enforce_scope',
    ~~~~~~~~~~~~~~~~~~~~^^^^^^^^^^^^^^^^^
                         enforce_scope, 'oslo_policy')
                         ^^^^^^^^^^^^^^^^^^^^^^^^^^^^^

      File "/home/zhihao/hdd/marshal/benchmarks/cross-repo-pr-impact/results/single-case-pipeline-996511-995405-v1-2026-08-26/replay-work/formal-opendev-996511--target-995405/target-a1/cinder/tests/unit/test.py", line 353, in override_config
    CONF.set_override(name, override, group)
    ~~~~~~~~~~~~~~~~~^^^^^^^^^^^^^^^^^^^^^^^

      File "/home/zhihao/hdd/marshal/benchmarks/cross-repo-pr-impact/results/single-case-pipeline-996511-995405-v1-2026-08-26/replay-work/formal-opendev-996511--target-995405/target-a1/.tox/py3/lib/python3.13/site-packages/oslo_messaging/conffixture.py", line 84, in _wrapper
    return wrapped_function(*args, **kwargs)

      File "/home/zhihao/hdd/marshal/benchmarks/cross-repo-pr-impact/results/single-case-pipeline-996511-995405-v1-2026-08-26/replay-work/formal-opendev-996511--target-995405/target-a1/.tox/py3/lib/python3.13/site-packages/oslo_config/cfg.py", line 2430, in __inner
    result = f(self, *args, **kwargs)

      File "/home/zhihao/hdd/marshal/benchmarks/cross-repo-pr-impact/results/single-case-pipeline-996511-995405-v1-2026-08-26/replay-work/formal-opendev-996511--target-995405/target-a1/.tox/py3/lib/python3.13/site-packages/oslo_config/cfg.py", line 3085, in set_override
    opt_info = self._get_opt_info(name, group)

      File "/home/zhihao/hdd/marshal/benchmarks/cross-repo-pr-impact/results/single-case-pipeline-996511-995405-v1-2026-08-26/replay-work/formal-opendev-996511--target-995405/target-a1/.tox/py3/lib/python3.13/site-packages/oslo_config/cfg.py", line 3580, in _get_opt_info
    raise NoSuchOptError(opt_name, group)

    oslo_config.cfg.NoSuchOptError: no such option enforce_scope in group [oslo_policy]


Captured pythonlogging:
~~~~~~~~~~~~~~~~~~~~~~~
    2026-08-26 20:58:25,371 INFO [keystonemiddleware.auth_token] Starting Keystone auth_token middleware
2026-08-26 20:58:25,372 WARNING [keystonemiddleware._common.config] The option "auth_url" is not known to keystonemiddleware
2026-08-26 20:58:25,375 WARNING [keystonemiddleware.auth_token] Configuring www_authenticate_uri to point to the public identity endpoint is required; clients may not be able to authenticate against an admin endpoint


cinder.tests.unit.policies.test_attachments.AttachmentsPolicyTest.test_create_attachment_policy_9_other_project_reader
----------------------------------------------------------------------------------------------------------------------

Captured traceback:
~~~~~~~~~~~~~~~~~~~
    Traceback (most recent call last):

      File "/home/zhihao/hdd/marshal/benchmarks/cross-repo-pr-impact/results/single-case-pipeline-996511-995405-v1-2026-08-26/replay-work/formal-opendev-996511--target-995405/target-a1/cinder/tests/unit/policies/test_attachments.py", line 54, in setUp
    super().setUp(enforce_scope, enforce_new_defaults, *args, **kwargs)
    ~~~~~~~~~~~~~^^^^^^^^^^^^^^^^^^^^^^^^^^^^^^^^^^^^^^^^^^^^^^^^^^^^^^

      File "/home/zhihao/hdd/marshal/benchmarks/cross-repo-pr-impact/results/single-case-pipeline-996511-995405-v1-2026-08-26/replay-work/formal-opendev-996511--target-995405/target-a1/cinder/tests/unit/policies/base.py", line 51, in setUp
    self.override_config('enforce_scope',
    ~~~~~~~~~~~~~~~~~~~~^^^^^^^^^^^^^^^^^
                         enforce_scope, 'oslo_policy')
                         ^^^^^^^^^^^^^^^^^^^^^^^^^^^^^

      File "/home/zhihao/hdd/marshal/benchmarks/cross-repo-pr-impact/results/single-case-pipeline-996511-995405-v1-2026-08-26/replay-work/formal-opendev-996511--target-995405/target-a1/cinder/tests/unit/test.py", line 353, in override_config
    CONF.set_override(name, override, group)
    ~~~~~~~~~~~~~~~~~^^^^^^^^^^^^^^^^^^^^^^^

      File "/home/zhihao/hdd/marshal/benchmarks/cross-repo-pr-impact/results/single-case-pipeline-996511-995405-v1-2026-08-26/replay-work/formal-opendev-996511--target-995405/target-a1/.tox/py3/lib/python3.13/site-packages/oslo_messaging/conffixture.py", line 84, in _wrapper
    return wrapped_function(*args, **kwargs)

      File "/home/zhihao/hdd/marshal/benchmarks/cross-repo-pr-impact/results/single-case-pipeline-996511-995405-v1-2026-08-26/replay-work/formal-opendev-996511--target-995405/target-a1/.tox/py3/lib/python3.13/site-packages/oslo_config/cfg.py", line 2430, in __inner
    result = f(self, *args, **kwargs)

      File "/home/zhihao/hdd/marshal/benchmarks/cross-repo-pr-impact/results/single-case-pipeline-996511-995405-v1-2026-08-26/replay-work/formal-opendev-996511--target-995405/target-a1/.tox/py3/lib/python3.13/site-packages/oslo_config/cfg.py", line 3085, in set_override
    opt_info = self._get_opt_info(name, group)

      File "/home/zhihao/hdd/marshal/benchmarks/cross-repo-pr-impact/results/single-case-pipeline-996511-995405-v1-2026-08-26/replay-work/formal-opendev-996511--target-995405/target-a1/.tox/py3/lib/python3.13/site-packages/oslo_config/cfg.py", line 3580, in _get_opt_info
    raise NoSuchOptError(opt_name, group)

    oslo_config.cfg.NoSuchOptError: no such option enforce_scope in group [oslo_policy]


Captured pythonlogging:
~~~~~~~~~~~~~~~~~~~~~~~
    2026-08-26 20:58:25,383 INFO [keystonemiddleware.auth_token] Starting Keystone auth_token middleware
2026-08-26 20:58:25,385 WARNING [keystonemiddleware._common.config] The option "auth_url" is not known to keystonemiddleware
2026-08-26 20:58:25,388 WARNING [keystonemiddleware.auth_token] Configuring www_authenticate_uri to point to the public identity endpoint is required; clients may not be able to authenticate against an admin endpoint


cinder.tests.unit.policies.test_attachments.AttachmentsPolicySecureRbacTest.test_multiattach_bootable_volume_policy_9_other_project_reader
------------------------------------------------------------------------------------------------------------------------------------------

Captured traceback:
~~~~~~~~~~~~~~~~~~~
    Traceback (most recent call last):

      File "/home/zhihao/hdd/marshal/benchmarks/cross-repo-pr-impact/results/single-case-pipeline-996511-995405-v1-2026-08-26/replay-work/formal-opendev-996511--target-995405/target-a1/cinder/tests/unit/policies/test_attachments.py", line 252, in setUp
    super().setUp(enforce_scope=False, enforce_new_defaults=True,
    ~~~~~~~~~~~~~^^^^^^^^^^^^^^^^^^^^^^^^^^^^^^^^^^^^^^^^^^^^^^^^
                  *args, **kwargs)
                  ^^^^^^^^^^^^^^^^

      File "/home/zhihao/hdd/marshal/benchmarks/cross-repo-pr-impact/results/single-case-pipeline-996511-995405-v1-2026-08-26/replay-work/formal-opendev-996511--target-995405/target-a1/cinder/tests/unit/policies/test_attachments.py", line 54, in setUp
    super().setUp(enforce_scope, enforce_new_defaults, *args, **kwargs)
    ~~~~~~~~~~~~~^^^^^^^^^^^^^^^^^^^^^^^^^^^^^^^^^^^^^^^^^^^^^^^^^^^^^^

      File "/home/zhihao/hdd/marshal/benchmarks/cross-repo-pr-impact/results/single-case-pipeline-996511-995405-v1-2026-08-26/replay-work/formal-opendev-996511--target-995405/target-a1/cinder/tests/unit/policies/base.py", line 51, in setUp
    self.override_config('enforce_scope',
    ~~~~~~~~~~~~~~~~~~~~^^^^^^^^^^^^^^^^^
                         enforce_scope, 'oslo_policy')
                         ^^^^^^^^^^^^^^^^^^^^^^^^^^^^^

      File "/home/zhihao/hdd/marshal/benchmarks/cross-repo-pr-impact/results/single-case-pipeline-996511-995405-v1-2026-08-26/replay-work/formal-opendev-996511--target-995405/target-a1/cinder/tests/unit/test.py", line 353, in override_config
    CONF.set_override(name, override, group)
    ~~~~~~~~~~~~~~~~~^^^^^^^^^^^^^^^^^^^^^^^

      File "/home/zhihao/hdd/marshal/benchmarks/cross-repo-pr-impact/results/single-case-pipeline-996511-995405-v1-2026-08-26/replay-work/formal-opendev-996511--target-995405/target-a1/.tox/py3/lib/python3.13/site-packages/oslo_messaging/conffixture.py", line 84, in _wrapper
    return wrapped_function(*args, **kwargs)

      File "/home/zhihao/hdd/marshal/benchmarks/cross-repo-pr-impact/results/single-case-pipeline-996511-995405-v1-2026-08-26/replay-work/formal-opendev-996511--target-995405/target-a1/.tox/py3/lib/python3.13/site-packages/oslo_config/cfg.py", line 2430, in __inner
    result = f(self, *args, **kwargs)

      File "/home/zhihao/hdd/marshal/benchmarks/cross-repo-pr-impact/results/single-case-pipeline-996511-995405-v1-2026-08-26/replay-work/formal-opendev-996511--target-995405/target-a1/.tox/py3/lib/python3.13/site-packages/oslo_config/cfg.py", line 3085, in set_override
    opt_info = self._get_opt_info(name, group)

      File "/home/zhihao/hdd/marshal/benchmarks/cross-repo-pr-impact/results/single-case-pipeline-996511-995405-v1-2026-08-26/replay-work/formal-opendev-996511--target-995405/target-a1/.tox/py3/lib/python3.13/site-packages/oslo_config/cfg.py", line 3580, in _get_opt_info
    raise NoSuchOptError(opt_name, group)

    oslo_config.cfg.NoSuchOptError: no such option enforce_scope in group [oslo_policy]


Captured pythonlogging:
~~~~~~~~~~~~~~~~~~~~~~~
    2026-08-26 20:58:25,498 INFO [keystonemiddleware.auth_token] Starting Keystone auth_token middleware
2026-08-26 20:58:25,500 WARNING [keystonemiddleware._common.config] The option "auth_url" is not known to keystonemiddleware
2026-08-26 20:58:25,503 WARNING [keystonemiddleware.auth_token] Configuring www_authenticate_uri to point to the public identity endpoint is required; clients may not be able to authenticate against an admin endpoint


cinder.tests.unit.policies.test_attachments.AttachmentsPolicySecureRbacTest.test_delete_attachment_policy_3_system_admin
------------------------------------------------------------------------------------------------------------------------

Captured traceback:
~~~~~~~~~~~~~~~~~~~
    Traceback (most recent call last):

      File "/home/zhihao/hdd/marshal/benchmarks/cross-repo-pr-impact/results/single-case-pipeline-996511-995405-v1-2026-08-26/replay-work/formal-opendev-996511--target-995405/target-a1/cinder/tests/unit/policies/test_attachments.py", line 252, in setUp
    super().setUp(enforce_scope=False, enforce_new_defaults=True,
    ~~~~~~~~~~~~~^^^^^^^^^^^^^^^^^^^^^^^^^^^^^^^^^^^^^^^^^^^^^^^^
                  *args, **kwargs)
                  ^^^^^^^^^^^^^^^^

      File "/home/zhihao/hdd/marshal/benchmarks/cross-repo-pr-impact/results/single-case-pipeline-996511-995405-v1-2026-08-26/replay-work/formal-opendev-996511--target-995405/target-a1/cinder/tests/unit/policies/test_attachments.py", line 54, in setUp
    super().setUp(enforce_scope, enforce_new_defaults, *args, **kwargs)
    ~~~~~~~~~~~~~^^^^^^^^^^^^^^^^^^^^^^^^^^^^^^^^^^^^^^^^^^^^^^^^^^^^^^

      File "/home/zhihao/hdd/marshal/benchmarks/cross-repo-pr-impact/results/single-case-pipeline-996511-995405-v1-2026-08-26/replay-work/formal-opendev-996511--target-995405/target-a1/cinder/tests/unit/policies/base.py", line 51, in setUp
    self.override_config('enforce_scope',
    ~~~~~~~~~~~~~~~~~~~~^^^^^^^^^^^^^^^^^
                         enforce_scope, 'oslo_policy')
                         ^^^^^^^^^^^^^^^^^^^^^^^^^^^^^

      File "/home/zhihao/hdd/marshal/benchmarks/cross-repo-pr-impact/results/single-case-pipeline-996511-995405-v1-2026-08-26/replay-work/formal-opendev-996511--target-995405/target-a1/cinder/tests/unit/test.py", line 353, in override_config
    CONF.set_override(name, override, group)
    ~~~~~~~~~~~~~~~~~^^^^^^^^^^^^^^^^^^^^^^^

      File "/home/zhihao/hdd/marshal/benchmarks/cross-repo-pr-impact/results/single-case-pipeline-996511-995405-v1-2026-08-26/replay-work/formal-opendev-996511--target-995405/target-a1/.tox/py3/lib/python3.13/site-packages/oslo_messaging/conffixture.py", line 84, in _wrapper
    return wrapped_function(*args, **kwargs)

      File "/home/zhihao/hdd/marshal/benchmarks/cross-repo-pr-impact/results/single-case-pipeline-996511-995405-v1-2026-08-26/replay-work/formal-opendev-996511--target-995405/target-a1/.tox/py3/lib/python3.13/site-packages/oslo_config/cfg.py", line 2430, in __inner
    result = f(self, *args, **kwargs)

      File "/home/zhihao/hdd/marshal/benchmarks/cross-repo-pr-impact/results/single-case-pipeline-996511-995405-v1-2026-08-26/replay-work/formal-opendev-996511--target-995405/target-a1/.tox/py3/lib/python3.13/site-packages/oslo_config/cfg.py", line 3085, in set_override
    opt_info = self._get_opt_info(name, group)

      File "/home/zhihao/hdd/marshal/benchmarks/cross-repo-pr-impact/results/single-case-pipeline-996511-995405-v1-2026-08-26/replay-work/formal-opendev-996511--target-995405/target-a1/.tox/py3/lib/python3.13/site-packages/oslo_config/cfg.py", line 3580, in _get_opt_info
    raise NoSuchOptError(opt_name, group)

    oslo_config.cfg.NoSuchOptError: no such option enforce_scope in group [oslo_policy]


Captured pythonlogging:
~~~~~~~~~~~~~~~~~~~~~~~
    2026-08-26 20:58:25,518 INFO [keystonemiddleware.auth_token] Starting Keystone auth_token middleware
2026-08-26 20:58:25,520 WARNING [keystonemiddleware._common.config] The option "auth_url" is not known to keystonemiddleware
2026-08-26 20:58:25,523 WARNING [keystonemiddleware.auth_token] Configuring www_authenticate_uri to point to the public identity endpoint is required; clients may not be able to authenticate against an admin endpoint


cinder.tests.unit.policies.test_attachments.AttachmentsPolicyTest.test_multiattach_bootable_volume_policy_3_system_admin
------------------------------------------------------------------------------------------------------------------------

Captured traceback:
~~~~~~~~~~~~~~~~~~~
    Traceback (most recent call last):

      File "/home/zhihao/hdd/marshal/benchmarks/cross-repo-pr-impact/results/single-case-pipeline-996511-995405-v1-2026-08-26/replay-work/formal-opendev-996511--target-995405/target-a1/cinder/tests/unit/policies/test_attachments.py", line 54, in setUp
    super().setUp(enforce_scope, enforce_new_defaults, *args, **kwargs)
    ~~~~~~~~~~~~~^^^^^^^^^^^^^^^^^^^^^^^^^^^^^^^^^^^^^^^^^^^^^^^^^^^^^^

      File "/home/zhihao/hdd/marshal/benchmarks/cross-repo-pr-impact/results/single-case-pipeline-996511-995405-v1-2026-08-26/replay-work/formal-opendev-996511--target-995405/target-a1/cinder/tests/unit/policies/base.py", line 51, in setUp
    self.override_config('enforce_scope',
    ~~~~~~~~~~~~~~~~~~~~^^^^^^^^^^^^^^^^^
                         enforce_scope, 'oslo_policy')
                         ^^^^^^^^^^^^^^^^^^^^^^^^^^^^^

      File "/home/zhihao/hdd/marshal/benchmarks/cross-repo-pr-impact/results/single-case-pipeline-996511-995405-v1-2026-08-26/replay-work/formal-opendev-996511--target-995405/target-a1/cinder/tests/unit/test.py", line 353, in override_config
    CONF.set_override(name, override, group)
    ~~~~~~~~~~~~~~~~~^^^^^^^^^^^^^^^^^^^^^^^

      File "/home/zhihao/hdd/marshal/benchmarks/cross-repo-pr-impact/results/single-case-pipeline-996511-995405-v1-2026-08-26/replay-work/formal-opendev-996511--target-995405/target-a1/.tox/py3/lib/python3.13/site-packages/oslo_messaging/conffixture.py", line 84, in _wrapper
    return wrapped_function(*args, **kwargs)

      File "/home/zhihao/hdd/marshal/benchmarks/cross-repo-pr-impact/results/single-case-pipeline-996511-995405-v1-2026-08-26/replay-work/formal-opendev-996511--target-995405/target-a1/.tox/py3/lib/python3.13/site-packages/oslo_config/cfg.py", line 2430, in __inner
    result = f(self, *args, **kwargs)

      File "/home/zhihao/hdd/marshal/benchmarks/cross-repo-pr-impact/results/single-case-pipeline-996511-995405-v1-2026-08-26/replay-work/formal-opendev-996511--target-995405/target-a1/.tox/py3/lib/python3.13/site-packages/oslo_config/cfg.py", line 3085, in set_override
    opt_info = self._get_opt_info(name, group)

      File "/home/zhihao/hdd/marshal/benchmarks/cross-repo-pr-impact/results/single-case-pipeline-996511-995405-v1-2026-08-26/replay-work/formal-opendev-996511--target-995405/target-a1/.tox/py3/lib/python3.13/site-packages/oslo_config/cfg.py", line 3580, in _get_opt_info
    raise NoSuchOptError(opt_name, group)

    oslo_config.cfg.NoSuchOptError: no such option enforce_scope in group [oslo_policy]


Captured pythonlogging:
~~~~~~~~~~~~~~~~~~~~~~~
    2026-08-26 20:58:25,401 INFO [keystonemiddleware.auth_token] Starting Keystone auth_token middleware
2026-08-26 20:58:25,403 WARNING [keystonemiddleware._common.config] The option "auth_url" is not known to keystonemiddleware
2026-08-26 20:58:25,408 WARNING [keystonemiddleware.auth_token] Configuring www_authenticate_uri to point to the public identity endpoint is required; clients may not be able to authenticate against an admin endpoint


cinder.tests.unit.policies.test_attachments.AttachmentsPolicyTest.test_delete_attachment_policy_5_project_member
----------------------------------------------------------------------------------------------------------------

Captured traceback:
~~~~~~~~~~~~~~~~~~~
    Traceback (most recent call last):

      File "/home/zhihao/hdd/marshal/benchmarks/cross-repo-pr-impact/results/single-case-pipeline-996511-995405-v1-2026-08-26/replay-work/formal-opendev-996511--target-995405/target-a1/cinder/tests/unit/policies/test_attachments.py", line 54, in setUp
    super().setUp(enforce_scope, enforce_new_defaults, *args, **kwargs)
    ~~~~~~~~~~~~~^^^^^^^^^^^^^^^^^^^^^^^^^^^^^^^^^^^^^^^^^^^^^^^^^^^^^^

      File "/home/zhihao/hdd/marshal/benchmarks/cross-repo-pr-impact/results/single-case-pipeline-996511-995405-v1-2026-08-26/replay-work/formal-opendev-996511--target-995405/target-a1/cinder/tests/unit/policies/base.py", line 51, in setUp
    self.override_config('enforce_scope',
    ~~~~~~~~~~~~~~~~~~~~^^^^^^^^^^^^^^^^^
                         enforce_scope, 'oslo_policy')
                         ^^^^^^^^^^^^^^^^^^^^^^^^^^^^^

      File "/home/zhihao/hdd/marshal/benchmarks/cross-repo-pr-impact/results/single-case-pipeline-996511-995405-v1-2026-08-26/replay-work/formal-opendev-996511--target-995405/target-a1/cinder/tests/unit/test.py", line 353, in override_config
    CONF.set_override(name, override, group)
    ~~~~~~~~~~~~~~~~~^^^^^^^^^^^^^^^^^^^^^^^

      File "/home/zhihao/hdd/marshal/benchmarks/cross-repo-pr-impact/results/single-case-pipeline-996511-995405-v1-2026-08-26/replay-work/formal-opendev-996511--target-995405/target-a1/.tox/py3/lib/python3.13/site-packages/oslo_messaging/conffixture.py", line 84, in _wrapper
    return wrapped_function(*args, **kwargs)

      File "/home/zhihao/hdd/marshal/benchmarks/cross-repo-pr-impact/results/single-case-pipeline-996511-995405-v1-2026-08-26/replay-work/formal-opendev-996511--target-995405/target-a1/.tox/py3/lib/python3.13/site-packages/oslo_config/cfg.py", line 2430, in __inner
    result = f(self, *args, **kwargs)

      File "/home/zhihao/hdd/marshal/benchmarks/cross-repo-pr-impact/results/single-case-pipeline-996511-995405-v1-2026-08-26/replay-work/formal-opendev-996511--target-995405/target-a1/.tox/py3/lib/python3.13/site-packages/oslo_config/cfg.py", line 3085, in set_override
    opt_info = self._get_opt_info(name, group)

      File "/home/zhihao/hdd/marshal/benchmarks/cross-repo-pr-impact/results/single-case-pipeline-996511-995405-v1-2026-08-26/replay-work/formal-opendev-996511--target-995405/target-a1/.tox/py3/lib/python3.13/site-packages/oslo_config/cfg.py", line 3580, in _get_opt_info
    raise NoSuchOptError(opt_name, group)

    oslo_config.cfg.NoSuchOptError: no such option enforce_scope in group [oslo_policy]


Captured pythonlogging:
~~~~~~~~~~~~~~~~~~~~~~~
    2026-08-26 20:58:25,574 INFO [keystonemiddleware.auth_token] Starting Keystone auth_token middleware
2026-08-26 20:58:25,576 WARNING [keystonemiddleware._common.config] The option "auth_url" is not known to keystonemiddleware
2026-08-26 20:58:25,579 WARNING [keystonemiddleware.auth_token] Configuring www_authenticate_uri to point to the public identity endpoint is required; clients may not be able to authenticate against an admin endpoint


cinder.tests.unit.policies.test_attachments.AttachmentsPolicySecureRbacTest.test_multiattach_bootable_volume_policy_4_project_admin
-----------------------------------------------------------------------------------------------------------------------------------

Captured traceback:
~~~~~~~~~~~~~~~~~~~
    Traceback (most recent call last):

      File "/home/zhihao/hdd/marshal/benchmarks/cross-repo-pr-impact/results/single-case-pipeline-996511-995405-v1-2026-08-26/replay-work/formal-opendev-996511--target-995405/target-a1/cinder/tests/unit/policies/test_attachments.py", line 252, in setUp
    super().setUp(enforce_scope=False, enforce_new_defaults=True,
    ~~~~~~~~~~~~~^^^^^^^^^^^^^^^^^^^^^^^^^^^^^^^^^^^^^^^^^^^^^^^^
                  *args, **kwargs)
                  ^^^^^^^^^^^^^^^^

      File "/home/zhihao/hdd/marshal/benchmarks/cross-repo-pr-impact/results/single-case-pipeline-996511-995405-v1-2026-08-26/replay-work/formal-opendev-996511--target-995405/target-a1/cinder/tests/unit/policies/test_attachments.py", line 54, in setUp
    super().setUp(enforce_scope, enforce_new_defaults, *args, **kwargs)
    ~~~~~~~~~~~~~^^^^^^^^^^^^^^^^^^^^^^^^^^^^^^^^^^^^^^^^^^^^^^^^^^^^^^

      File "/home/zhihao/hdd/marshal/benchmarks/cross-repo-pr-impact/results/single-case-pipeline-996511-995405-v1-2026-08-26/replay-work/formal-opendev-996511--target-995405/target-a1/cinder/tests/unit/policies/base.py", line 51, in setUp
    self.override_config('enforce_scope',
    ~~~~~~~~~~~~~~~~~~~~^^^^^^^^^^^^^^^^^
                         enforce_scope, 'oslo_policy')
                         ^^^^^^^^^^^^^^^^^^^^^^^^^^^^^

      File "/home/zhihao/hdd/marshal/benchmarks/cross-repo-pr-impact/results/single-case-pipeline-996511-995405-v1-2026-08-26/replay-work/formal-opendev-996511--target-995405/target-a1/cinder/tests/unit/test.py", line 353, in override_config
    CONF.set_override(name, override, group)
    ~~~~~~~~~~~~~~~~~^^^^^^^^^^^^^^^^^^^^^^^

      File "/home/zhihao/hdd/marshal/benchmarks/cross-repo-pr-impact/results/single-case-pipeline-996511-995405-v1-2026-08-26/replay-work/formal-opendev-996511--target-995405/target-a1/.tox/py3/lib/python3.13/site-packages/oslo_messaging/conffixture.py", line 84, in _wrapper
    return wrapped_function(*args, **kwargs)

      File "/home/zhihao/hdd/marshal/benchmarks/cross-repo-pr-impact/results/single-case-pipeline-996511-995405-v1-2026-08-26/replay-work/formal-opendev-996511--target-995405/target-a1/.tox/py3/lib/python3.13/site-packages/oslo_config/cfg.py", line 2430, in __inner
    result = f(self, *args, **kwargs)

      File "/home/zhihao/hdd/marshal/benchmarks/cross-repo-pr-impact/results/single-case-pipeline-996511-995405-v1-2026-08-26/replay-work/formal-opendev-996511--target-995405/target-a1/.tox/py3/lib/python3.13/site-packages/oslo_config/cfg.py", line 3085, in set_override
    opt_info = self._get_opt_info(name, group)

      File "/home/zhihao/hdd/marshal/benchmarks/cross-repo-pr-impact/results/single-case-pipeline-996511-995405-v1-2026-08-26/replay-work/formal-opendev-996511--target-995405/target-a1/.tox/py3/lib/python3.13/site-packages/oslo_config/cfg.py", line 3580, in _get_opt_info
    raise NoSuchOptError(opt_name, group)

    oslo_config.cfg.NoSuchOptError: no such option enforce_scope in group [oslo_policy]


Captured pythonlogging:
~~~~~~~~~~~~~~~~~~~~~~~
    2026-08-26 20:58:25,695 INFO [keystonemiddleware.auth_token] Starting Keystone auth_token middleware
2026-08-26 20:58:25,697 WARNING [keystonemiddleware._common.config] The option "auth_url" is not known to keystonemiddleware
2026-08-26 20:58:25,701 WARNING [keystonemiddleware.auth_token] Configuring www_authenticate_uri to point to the public identity endpoint is required; clients may not be able to authenticate against an admin endpoint


cinder.tests.unit.policies.test_attachments.AttachmentsPolicyTest.test_create_attachment_policy_8_other_project_member
----------------------------------------------------------------------------------------------------------------------

Captured traceback:
~~~~~~~~~~~~~~~~~~~
    Traceback (most recent call last):

      File "/home/zhihao/hdd/marshal/benchmarks/cross-repo-pr-impact/results/single-case-pipeline-996511-995405-v1-2026-08-26/replay-work/formal-opendev-996511--target-995405/target-a1/cinder/tests/unit/policies/test_attachments.py", line 54, in setUp
    super().setUp(enforce_scope, enforce_new_defaults, *args, **kwargs)
    ~~~~~~~~~~~~~^^^^^^^^^^^^^^^^^^^^^^^^^^^^^^^^^^^^^^^^^^^^^^^^^^^^^^

      File "/home/zhihao/hdd/marshal/benchmarks/cross-repo-pr-impact/results/single-case-pipeline-996511-995405-v1-2026-08-26/replay-work/formal-opendev-996511--target-995405/target-a1/cinder/tests/unit/policies/base.py", line 51, in setUp
    self.override_config('enforce_scope',
    ~~~~~~~~~~~~~~~~~~~~^^^^^^^^^^^^^^^^^
                         enforce_scope, 'oslo_policy')
                         ^^^^^^^^^^^^^^^^^^^^^^^^^^^^^

      File "/home/zhihao/hdd/marshal/benchmarks/cross-repo-pr-impact/results/single-case-pipeline-996511-995405-v1-2026-08-26/replay-work/formal-opendev-996511--target-995405/target-a1/cinder/tests/unit/test.py", line 353, in override_config
    CONF.set_override(name, override, group)
    ~~~~~~~~~~~~~~~~~^^^^^^^^^^^^^^^^^^^^^^^

      File "/home/zhihao/hdd/marshal/benchmarks/cross-repo-pr-impact/results/single-case-pipeline-996511-995405-v1-2026-08-26/replay-work/formal-opendev-996511--target-995405/target-a1/.tox/py3/lib/python3.13/site-packages/oslo_messaging/conffixture.py", line 84, in _wrapper
    return wrapped_function(*args, **kwargs)

      File "/home/zhihao/hdd/marshal/benchmarks/cross-repo-pr-impact/results/single-case-pipeline-996511-995405-v1-2026-08-26/replay-work/formal-opendev-996511--target-995405/target-a1/.tox/py3/lib/python3.13/site-packages/oslo_config/cfg.py", line 2430, in __inner
    result = f(self, *args, **kwargs)

      File "/home/zhihao/hdd/marshal/benchmarks/cross-repo-pr-impact/results/single-case-pipeline-996511-995405-v1-2026-08-26/replay-work/formal-opendev-996511--target-995405/target-a1/.tox/py3/lib/python3.13/site-packages/oslo_config/cfg.py", line 3085, in set_override
    opt_info = self._get_opt_info(name, group)

      File "/home/zhihao/hdd/marshal/benchmarks/cross-repo-pr-impact/results/single-case-pipeline-996511-995405-v1-2026-08-26/replay-work/formal-opendev-996511--target-995405/target-a1/.tox/py3/lib/python3.13/site-packages/oslo_config/cfg.py", line 3580, in _get_opt_info
    raise NoSuchOptError(opt_name, group)

    oslo_config.cfg.NoSuchOptError: no such option enforce_scope in group [oslo_policy]


Captured pythonlogging:
~~~~~~~~~~~~~~~~~~~~~~~
    2026-08-26 20:58:25,728 INFO [keystonemiddleware.auth_token] Starting Keystone auth_token middleware
2026-08-26 20:58:25,730 WARNING [keystonemiddleware._common.config] The option "auth_url" is not known to keystonemiddleware
2026-08-26 20:58:25,733 WARNING [keystonemiddleware.auth_token] Configuring www_authenticate_uri to point to the public identity endpoint is required; clients may not be able to authenticate against an admin endpoint


cinder.tests.unit.policies.test_attachments.AttachmentsPolicyTest.test_multiattach_bootable_volume_policy_5_project_member
--------------------------------------------------------------------------------------------------------------------------

Captured traceback:
~~~~~~~~~~~~~~~~~~~
    Traceback (most recent call last):

      File "/home/zhihao/hdd/marshal/benchmarks/cross-repo-pr-impact/results/single-case-pipeline-996511-995405-v1-2026-08-26/replay-work/formal-opendev-996511--target-995405/target-a1/cinder/tests/unit/policies/test_attachments.py", line 54, in setUp
    super().setUp(enforce_scope, enforce_new_defaults, *args, **kwargs)
    ~~~~~~~~~~~~~^^^^^^^^^^^^^^^^^^^^^^^^^^^^^^^^^^^^^^^^^^^^^^^^^^^^^^

      File "/home/zhihao/hdd/marshal/benchmarks/cross-repo-pr-impact/results/single-case-pipeline-996511-995405-v1-2026-08-26/replay-work/formal-opendev-996511--target-995405/target-a1/cinder/tests/unit/policies/base.py", line 51, in setUp
    self.override_config('enforce_scope',
    ~~~~~~~~~~~~~~~~~~~~^^^^^^^^^^^^^^^^^
                         enforce_scope, 'oslo_policy')
                         ^^^^^^^^^^^^^^^^^^^^^^^^^^^^^

      File "/home/zhihao/hdd/marshal/benchmarks/cross-repo-pr-impact/results/single-case-pipeline-996511-995405-v1-2026-08-26/replay-work/formal-opendev-996511--target-995405/target-a1/cinder/tests/unit/test.py", line 353, in override_config
    CONF.set_override(name, override, group)
    ~~~~~~~~~~~~~~~~~^^^^^^^^^^^^^^^^^^^^^^^

      File "/home/zhihao/hdd/marshal/benchmarks/cross-repo-pr-impact/results/single-case-pipeline-996511-995405-v1-2026-08-26/replay-work/formal-opendev-996511--target-995405/target-a1/.tox/py3/lib/python3.13/site-packages/oslo_messaging/conffixture.py", line 84, in _wrapper
    return wrapped_function(*args, **kwargs)

      File "/home/zhihao/hdd/marshal/benchmarks/cross-repo-pr-impact/results/single-case-pipeline-996511-995405-v1-2026-08-26/replay-work/formal-opendev-996511--target-995405/target-a1/.tox/py3/lib/python3.13/site-packages/oslo_config/cfg.py", line 2430, in __inner
    result = f(self, *args, **kwargs)

      File "/home/zhihao/hdd/marshal/benchmarks/cross-repo-pr-impact/results/single-case-pipeline-996511-995405-v1-2026-08-26/replay-work/formal-opendev-996511--target-995405/target-a1/.tox/py3/lib/python3.13/site-packages/oslo_config/cfg.py", line 3085, in set_override
    opt_info = self._get_opt_info(name, group)

      File "/home/zhihao/hdd/marshal/benchmarks/cross-repo-pr-impact/results/single-case-pipeline-996511-995405-v1-2026-08-26/replay-work/formal-opendev-996511--target-995405/target-a1/.tox/py3/lib/python3.13/site-packages/oslo_config/cfg.py", line 3580, in _get_opt_info
    raise NoSuchOptError(opt_name, group)

    oslo_config.cfg.NoSuchOptError: no such option enforce_scope in group [oslo_policy]


Captured pythonlogging:
~~~~~~~~~~~~~~~~~~~~~~~
    2026-08-26 20:58:25,789 INFO [keystonemiddleware.auth_token] Starting Keystone auth_token middleware
2026-08-26 20:58:25,791 WARNING [keystonemiddleware._common.config] The option "auth_url" is not known to keystonemiddleware
2026-08-26 20:58:25,794 WARNING [keystonemiddleware.auth_token] Configuring www_authenticate_uri to point to the public identity endpoint is required; clients may not be able to authenticate against an admin endpoint


cinder.tests.unit.policies.test_attachments.AttachmentsPolicyTest.test_create_attachment_policy_4_project_admin
---------------------------------------------------------------------------------------------------------------

Captured traceback:
~~~~~~~~~~~~~~~~~~~
    Traceback (most recent call last):

      File "/home/zhihao/hdd/marshal/benchmarks/cross-repo-pr-impact/results/single-case-pipeline-996511-995405-v1-2026-08-26/replay-work/formal-opendev-996511--target-995405/target-a1/cinder/tests/unit/policies/test_attachments.py", line 54, in setUp
    super().setUp(enforce_scope, enforce_new_defaults, *args, **kwargs)
    ~~~~~~~~~~~~~^^^^^^^^^^^^^^^^^^^^^^^^^^^^^^^^^^^^^^^^^^^^^^^^^^^^^^

      File "/home/zhihao/hdd/marshal/benchmarks/cross-repo-pr-impact/results/single-case-pipeline-996511-995405-v1-2026-08-26/replay-work/formal-opendev-996511--target-995405/target-a1/cinder/tests/unit/policies/base.py", line 51, in setUp
    self.override_config('enforce_scope',
    ~~~~~~~~~~~~~~~~~~~~^^^^^^^^^^^^^^^^^
                         enforce_scope, 'oslo_policy')
                         ^^^^^^^^^^^^^^^^^^^^^^^^^^^^^

      File "/home/zhihao/hdd/marshal/benchmarks/cross-repo-pr-impact/results/single-case-pipeline-996511-995405-v1-2026-08-26/replay-work/formal-opendev-996511--target-995405/target-a1/cinder/tests/unit/test.py", line 353, in override_config
    CONF.set_override(name, override, group)
    ~~~~~~~~~~~~~~~~~^^^^^^^^^^^^^^^^^^^^^^^

      File "/home/zhihao/hdd/marshal/benchmarks/cross-repo-pr-impact/results/single-case-pipeline-996511-995405-v1-2026-08-26/replay-work/formal-opendev-996511--target-995405/target-a1/.tox/py3/lib/python3.13/site-packages/oslo_messaging/conffixture.py", line 84, in _wrapper
    return wrapped_function(*args, **kwargs)

      File "/home/zhihao/hdd/marshal/benchmarks/cross-repo-pr-impact/results/single-case-pipeline-996511-995405-v1-2026-08-26/replay-work/formal-opendev-996511--target-995405/target-a1/.tox/py3/lib/python3.13/site-packages/oslo_config/cfg.py", line 2430, in __inner
    result = f(self, *args, **kwargs)

      File "/home/zhihao/hdd/marshal/benchmarks/cross-repo-pr-impact/results/single-case-pipeline-996511-995405-v1-2026-08-26/replay-work/formal-opendev-996511--target-995405/target-a1/.tox/py3/lib/python3.13/site-packages/oslo_config/cfg.py", line 3085, in set_override
    opt_info = self._get_opt_info(name, group)

      File "/home/zhihao/hdd/marshal/benchmarks/cross-repo-pr-impact/results/single-case-pipeline-996511-995405-v1-2026-08-26/replay-work/formal-opendev-996511--target-995405/target-a1/.tox/py3/lib/python3.13/site-packages/oslo_config/cfg.py", line 3580, in _get_opt_info
    raise NoSuchOptError(opt_name, group)

    oslo_config.cfg.NoSuchOptError: no such option enforce_scope in group [oslo_policy]


Captured pythonlogging:
~~~~~~~~~~~~~~~~~~~~~~~
    2026-08-26 20:58:25,824 INFO [keystonemiddleware.auth_token] Starting Keystone auth_token middleware
2026-08-26 20:58:25,825 WARNING [keystonemiddleware._common.config] The option "auth_url" is not known to keystonemiddleware
2026-08-26 20:58:25,829 WARNING [keystonemiddleware.auth_token] Configuring www_authenticate_uri to point to the public identity endpoint is required; clients may not be able to authenticate against an admin endpoint


cinder.tests.unit.policies.test_attachments.AttachmentsPolicySecureRbacTest.test_multiattach_bootable_volume_policy_7_project_foo
---------------------------------------------------------------------------------------------------------------------------------

Captured traceback:
~~~~~~~~~~~~~~~~~~~
    Traceback (most recent call last):

      File "/home/zhihao/hdd/marshal/benchmarks/cross-repo-pr-impact/results/single-case-pipeline-996511-995405-v1-2026-08-26/replay-work/formal-opendev-996511--target-995405/target-a1/cinder/tests/unit/policies/test_attachments.py", line 252, in setUp
    super().setUp(enforce_scope=False, enforce_new_defaults=True,
    ~~~~~~~~~~~~~^^^^^^^^^^^^^^^^^^^^^^^^^^^^^^^^^^^^^^^^^^^^^^^^
                  *args, **kwargs)
                  ^^^^^^^^^^^^^^^^

      File "/home/zhihao/hdd/marshal/benchmarks/cross-repo-pr-impact/results/single-case-pipeline-996511-995405-v1-2026-08-26/replay-work/formal-opendev-996511--target-995405/target-a1/cinder/tests/unit/policies/test_attachments.py", line 54, in setUp
    super().setUp(enforce_scope, enforce_new_defaults, *args, **kwargs)
    ~~~~~~~~~~~~~^^^^^^^^^^^^^^^^^^^^^^^^^^^^^^^^^^^^^^^^^^^^^^^^^^^^^^

      File "/home/zhihao/hdd/marshal/benchmarks/cross-repo-pr-impact/results/single-case-pipeline-996511-995405-v1-2026-08-26/replay-work/formal-opendev-996511--target-995405/target-a1/cinder/tests/unit/policies/base.py", line 51, in setUp
    self.override_config('enforce_scope',
    ~~~~~~~~~~~~~~~~~~~~^^^^^^^^^^^^^^^^^
                         enforce_scope, 'oslo_policy')
                         ^^^^^^^^^^^^^^^^^^^^^^^^^^^^^

      File "/home/zhihao/hdd/marshal/benchmarks/cross-repo-pr-impact/results/single-case-pipeline-996511-995405-v1-2026-08-26/replay-work/formal-opendev-996511--target-995405/target-a1/cinder/tests/unit/test.py", line 353, in override_config
    CONF.set_override(name, override, group)
    ~~~~~~~~~~~~~~~~~^^^^^^^^^^^^^^^^^^^^^^^

      File "/home/zhihao/hdd/marshal/benchmarks/cross-repo-pr-impact/results/single-case-pipeline-996511-995405-v1-2026-08-26/replay-work/formal-opendev-996511--target-995405/target-a1/.tox/py3/lib/python3.13/site-packages/oslo_messaging/conffixture.py", line 84, in _wrapper
    return wrapped_function(*args, **kwargs)

      File "/home/zhihao/hdd/marshal/benchmarks/cross-repo-pr-impact/results/single-case-pipeline-996511-995405-v1-2026-08-26/replay-work/formal-opendev-996511--target-995405/target-a1/.tox/py3/lib/python3.13/site-packages/oslo_config/cfg.py", line 2430, in __inner
    result = f(self, *args, **kwargs)

      File "/home/zhihao/hdd/marshal/benchmarks/cross-repo-pr-impact/results/single-case-pipeline-996511-995405-v1-2026-08-26/replay-work/formal-opendev-996511--target-995405/target-a1/.tox/py3/lib/python3.13/site-packages/oslo_config/cfg.py", line 3085, in set_override
    opt_info = self._get_opt_info(name, group)

      File "/home/zhihao/hdd/marshal/benchmarks/cross-repo-pr-impact/results/single-case-pipeline-996511-995405-v1-2026-08-26/replay-work/formal-opendev-996511--target-995405/target-a1/.tox/py3/lib/python3.13/site-packages/oslo_config/cfg.py", line 3580, in _get_opt_info
    raise NoSuchOptError(opt_name, group)

    oslo_config.cfg.NoSuchOptError: no such option enforce_scope in group [oslo_policy]


Captured pythonlogging:
~~~~~~~~~~~~~~~~~~~~~~~
    2026-08-26 20:58:25,870 INFO [keystonemiddleware.auth_token] Starting Keystone auth_token middleware
2026-08-26 20:58:25,872 WARNING [keystonemiddleware._common.config] The option "auth_url" is not known to keystonemiddleware
2026-08-26 20:58:25,875 WARNING [keystonemiddleware.auth_token] Configuring www_authenticate_uri to point to the public identity endpoint is required; clients may not be able to authenticate against an admin endpoint


cinder.tests.unit.policies.test_attachments.AttachmentsPolicySecureRbacTest.test_complete_attachment_policy_4_project_admin
---------------------------------------------------------------------------------------------------------------------------

Captured traceback:
~~~~~~~~~~~~~~~~~~~
    Traceback (most recent call last):

      File "/home/zhihao/hdd/marshal/benchmarks/cross-repo-pr-impact/results/single-case-pipeline-996511-995405-v1-2026-08-26/replay-work/formal-opendev-996511--target-995405/target-a1/cinder/tests/unit/policies/test_attachments.py", line 252, in setUp
    super().setUp(enforce_scope=False, enforce_new_defaults=True,
    ~~~~~~~~~~~~~^^^^^^^^^^^^^^^^^^^^^^^^^^^^^^^^^^^^^^^^^^^^^^^^
                  *args, **kwargs)
                  ^^^^^^^^^^^^^^^^

      File "/home/zhihao/hdd/marshal/benchmarks/cross-repo-pr-impact/results/single-case-pipeline-996511-995405-v1-2026-08-26/replay-work/formal-opendev-996511--target-995405/target-a1/cinder/tests/unit/policies/test_attachments.py", line 54, in setUp
    super().setUp(enforce_scope, enforce_new_defaults, *args, **kwargs)
    ~~~~~~~~~~~~~^^^^^^^^^^^^^^^^^^^^^^^^^^^^^^^^^^^^^^^^^^^^^^^^^^^^^^

      File "/home/zhihao/hdd/marshal/benchmarks/cross-repo-pr-impact/results/single-case-pipeline-996511-995405-v1-2026-08-26/replay-work/formal-opendev-996511--target-995405/target-a1/cinder/tests/unit/policies/base.py", line 51, in setUp
    self.override_config('enforce_scope',
    ~~~~~~~~~~~~~~~~~~~~^^^^^^^^^^^^^^^^^
                         enforce_scope, 'oslo_policy')
                         ^^^^^^^^^^^^^^^^^^^^^^^^^^^^^

      File "/home/zhihao/hdd/marshal/benchmarks/cross-repo-pr-impact/results/single-case-pipeline-996511-995405-v1-2026-08-26/replay-work/formal-opendev-996511--target-995405/target-a1/cinder/tests/unit/test.py", line 353, in override_config
    CONF.set_override(name, override, group)
    ~~~~~~~~~~~~~~~~~^^^^^^^^^^^^^^^^^^^^^^^

      File "/home/zhihao/hdd/marshal/benchmarks/cross-repo-pr-impact/results/single-case-pipeline-996511-995405-v1-2026-08-26/replay-work/formal-opendev-996511--target-995405/target-a1/.tox/py3/lib/python3.13/site-packages/oslo_messaging/conffixture.py", line 84, in _wrapper
    return wrapped_function(*args, **kwargs)

      File "/home/zhihao/hdd/marshal/benchmarks/cross-repo-pr-impact/results/single-case-pipeline-996511-995405-v1-2026-08-26/replay-work/formal-opendev-996511--target-995405/target-a1/.tox/py3/lib/python3.13/site-packages/oslo_config/cfg.py", line 2430, in __inner
    result = f(self, *args, **kwargs)

      File "/home/zhihao/hdd/marshal/benchmarks/cross-repo-pr-impact/results/single-case-pipeline-996511-995405-v1-2026-08-26/replay-work/formal-opendev-996511--target-995405/target-a1/.tox/py3/lib/python3.13/site-packages/oslo_config/cfg.py", line 3085, in set_override
    opt_info = self._get_opt_info(name, group)

      File "/home/zhihao/hdd/marshal/benchmarks/cross-repo-pr-impact/results/single-case-pipeline-996511-995405-v1-2026-08-26/replay-work/formal-opendev-996511--target-995405/target-a1/.tox/py3/lib/python3.13/site-packages/oslo_config/cfg.py", line 3580, in _get_opt_info
    raise NoSuchOptError(opt_name, group)

    oslo_config.cfg.NoSuchOptError: no such option enforce_scope in group [oslo_policy]


Captured pythonlogging:
~~~~~~~~~~~~~~~~~~~~~~~
    2026-08-26 20:58:25,994 INFO [keystonemiddleware.auth_token] Starting Keystone auth_token middleware
2026-08-26 20:58:25,996 WARNING [keystonemiddleware._common.config] The option "auth_url" is not known to keystonemiddleware
2026-08-26 20:58:25,999 WARNING [keystonemiddleware.auth_token] Configuring www_authenticate_uri to point to the public identity endpoint is required; clients may not be able to authenticate against an admin endpoint


cinder.tests.unit.policies.test_attachments.AttachmentsPolicySecureRbacTest.test_create_attachment_policy_1_legacy_admin
------------------------------------------------------------------------------------------------------------------------

Captured traceback:
~~~~~~~~~~~~~~~~~~~
    Traceback (most recent call last):

      File "/home/zhihao/hdd/marshal/benchmarks/cross-repo-pr-impact/results/single-case-pipeline-996511-995405-v1-2026-08-26/replay-work/formal-opendev-996511--target-995405/target-a1/cinder/tests/unit/policies/test_attachments.py", line 252, in setUp
    super().setUp(enforce_scope=False, enforce_new_defaults=True,
    ~~~~~~~~~~~~~^^^^^^^^^^^^^^^^^^^^^^^^^^^^^^^^^^^^^^^^^^^^^^^^
                  *args, **kwargs)
                  ^^^^^^^^^^^^^^^^

      File "/home/zhihao/hdd/marshal/benchmarks/cross-repo-pr-impact/results/single-case-pipeline-996511-995405-v1-2026-08-26/replay-work/formal-opendev-996511--target-995405/target-a1/cinder/tests/unit/policies/test_attachments.py", line 54, in setUp
    super().setUp(enforce_scope, enforce_new_defaults, *args, **kwargs)
    ~~~~~~~~~~~~~^^^^^^^^^^^^^^^^^^^^^^^^^^^^^^^^^^^^^^^^^^^^^^^^^^^^^^

      File "/home/zhihao/hdd/marshal/benchmarks/cross-repo-pr-impact/results/single-case-pipeline-996511-995405-v1-2026-08-26/replay-work/formal-opendev-996511--target-995405/target-a1/cinder/tests/unit/policies/base.py", line 51, in setUp
    self.override_config('enforce_scope',
    ~~~~~~~~~~~~~~~~~~~~^^^^^^^^^^^^^^^^^
                         enforce_scope, 'oslo_policy')
                         ^^^^^^^^^^^^^^^^^^^^^^^^^^^^^

      File "/home/zhihao/hdd/marshal/benchmarks/cross-repo-pr-impact/results/single-case-pipeline-996511-995405-v1-2026-08-26/replay-work/formal-opendev-996511--target-995405/target-a1/cinder/tests/unit/test.py", line 353, in override_config
    CONF.set_override(name, override, group)
    ~~~~~~~~~~~~~~~~~^^^^^^^^^^^^^^^^^^^^^^^

      File "/home/zhihao/hdd/marshal/benchmarks/cross-repo-pr-impact/results/single-case-pipeline-996511-995405-v1-2026-08-26/replay-work/formal-opendev-996511--target-995405/target-a1/.tox/py3/lib/python3.13/site-packages/oslo_messaging/conffixture.py", line 84, in _wrapper
    return wrapped_function(*args, **kwargs)

      File "/home/zhihao/hdd/marshal/benchmarks/cross-repo-pr-impact/results/single-case-pipeline-996511-995405-v1-2026-08-26/replay-work/formal-opendev-996511--target-995405/target-a1/.tox/py3/lib/python3.13/site-packages/oslo_config/cfg.py", line 2430, in __inner
    result = f(self, *args, **kwargs)

      File "/home/zhihao/hdd/marshal/benchmarks/cross-repo-pr-impact/results/single-case-pipeline-996511-995405-v1-2026-08-26/replay-work/formal-opendev-996511--target-995405/target-a1/.tox/py3/lib/python3.13/site-packages/oslo_config/cfg.py", line 3085, in set_override
    opt_info = self._get_opt_info(name, group)

      File "/home/zhihao/hdd/marshal/benchmarks/cross-repo-pr-impact/results/single-case-pipeline-996511-995405-v1-2026-08-26/replay-work/formal-opendev-996511--target-995405/target-a1/.tox/py3/lib/python3.13/site-packages/oslo_config/cfg.py", line 3580, in _get_opt_info
    raise NoSuchOptError(opt_name, group)

    oslo_config.cfg.NoSuchOptError: no such option enforce_scope in group [oslo_policy]


Captured pythonlogging:
~~~~~~~~~~~~~~~~~~~~~~~
    2026-08-26 20:58:26,152 INFO [keystonemiddleware.auth_token] Starting Keystone auth_token middleware
2026-08-26 20:58:26,154 WARNING [keystonemiddleware._common.config] The option "auth_url" is not known to keystonemiddleware
2026-08-26 20:58:26,159 WARNING [keystonemiddleware.auth_token] Configuring www_authenticate_uri to point to the public identity endpoint is required; clients may not be able to authenticate against an admin endpoint


cinder.tests.unit.policies.test_attachments.AttachmentsPolicySecureRbacTest.test_delete_attachment_policy_4_project_admin
-------------------------------------------------------------------------------------------------------------------------

Captured traceback:
~~~~~~~~~~~~~~~~~~~
    Traceback (most recent call last):

      File "/home/zhihao/hdd/marshal/benchmarks/cross-repo-pr-impact/results/single-case-pipeline-996511-995405-v1-2026-08-26/replay-work/formal-opendev-996511--target-995405/target-a1/cinder/tests/unit/policies/test_attachments.py", line 252, in setUp
    super().setUp(enforce_scope=False, enforce_new_defaults=True,
    ~~~~~~~~~~~~~^^^^^^^^^^^^^^^^^^^^^^^^^^^^^^^^^^^^^^^^^^^^^^^^
                  *args, **kwargs)
                  ^^^^^^^^^^^^^^^^

      File "/home/zhihao/hdd/marshal/benchmarks/cross-repo-pr-impact/results/single-case-pipeline-996511-995405-v1-2026-08-26/replay-work/formal-opendev-996511--target-995405/target-a1/cinder/tests/unit/policies/test_attachments.py", line 54, in setUp
    super().setUp(enforce_scope, enforce_new_defaults, *args, **kwargs)
    ~~~~~~~~~~~~~^^^^^^^^^^^^^^^^^^^^^^^^^^^^^^^^^^^^^^^^^^^^^^^^^^^^^^

      File "/home/zhihao/hdd/marshal/benchmarks/cross-repo-pr-impact/results/single-case-pipeline-996511-995405-v1-2026-08-26/replay-work/formal-opendev-996511--target-995405/target-a1/cinder/tests/unit/policies/base.py", line 51, in setUp
    self.override_config('enforce_scope',
    ~~~~~~~~~~~~~~~~~~~~^^^^^^^^^^^^^^^^^
                         enforce_scope, 'oslo_policy')
                         ^^^^^^^^^^^^^^^^^^^^^^^^^^^^^

      File "/home/zhihao/hdd/marshal/benchmarks/cross-repo-pr-impact/results/single-case-pipeline-996511-995405-v1-2026-08-26/replay-work/formal-opendev-996511--target-995405/target-a1/cinder/tests/unit/test.py", line 353, in override_config
    CONF.set_override(name, override, group)
    ~~~~~~~~~~~~~~~~~^^^^^^^^^^^^^^^^^^^^^^^

      File "/home/zhihao/hdd/marshal/benchmarks/cross-repo-pr-impact/results/single-case-pipeline-996511-995405-v1-2026-08-26/replay-work/formal-opendev-996511--target-995405/target-a1/.tox/py3/lib/python3.13/site-packages/oslo_messaging/conffixture.py", line 84, in _wrapper
    return wrapped_function(*args, **kwargs)

      File "/home/zhihao/hdd/marshal/benchmarks/cross-repo-pr-impact/results/single-case-pipeline-996511-995405-v1-2026-08-26/replay-work/formal-opendev-996511--target-995405/target-a1/.tox/py3/lib/python3.13/site-packages/oslo_config/cfg.py", line 2430, in __inner
    result = f(self, *args, **kwargs)

      File "/home/zhihao/hdd/marshal/benchmarks/cross-repo-pr-impact/results/single-case-pipeline-996511-995405-v1-2026-08-26/replay-work/formal-opendev-996511--target-995405/target-a1/.tox/py3/lib/python3.13/site-packages/oslo_config/cfg.py", line 3085, in set_override
    opt_info = self._get_opt_info(name, group)

      File "/home/zhihao/hdd/marshal/benchmarks/cross-repo-pr-impact/results/single-case-pipeline-996511-995405-v1-2026-08-26/replay-work/formal-opendev-996511--target-995405/target-a1/.tox/py3/lib/python3.13/site-packages/oslo_config/cfg.py", line 3580, in _get_opt_info
    raise NoSuchOptError(opt_name, group)

    oslo_config.cfg.NoSuchOptError: no such option enforce_scope in group [oslo_policy]


Captured pythonlogging:
~~~~~~~~~~~~~~~~~~~~~~~
    2026-08-26 20:58:26,152 INFO [keystonemiddleware.auth_token] Starting Keystone auth_token middleware
2026-08-26 20:58:26,155 WARNING [keystonemiddleware._common.config] The option "auth_url" is not known to keystonemiddleware
2026-08-26 20:58:26,159 WARNING [keystonemiddleware.auth_token] Configuring www_authenticate_uri to point to the public identity endpoint is required; clients may not be able to authenticate against an admin endpoint


cinder.tests.unit.policies.test_attachments.AttachmentsPolicyTest.test_delete_attachment_policy_2_legacy_owner
--------------------------------------------------------------------------------------------------------------

Captured traceback:
~~~~~~~~~~~~~~~~~~~
    Traceback (most recent call last):

      File "/home/zhihao/hdd/marshal/benchmarks/cross-repo-pr-impact/results/single-case-pipeline-996511-995405-v1-2026-08-26/replay-work/formal-opendev-996511--target-995405/target-a1/cinder/tests/unit/policies/test_attachments.py", line 54, in setUp
    super().setUp(enforce_scope, enforce_new_defaults, *args, **kwargs)
    ~~~~~~~~~~~~~^^^^^^^^^^^^^^^^^^^^^^^^^^^^^^^^^^^^^^^^^^^^^^^^^^^^^^

      File "/home/zhihao/hdd/marshal/benchmarks/cross-repo-pr-impact/results/single-case-pipeline-996511-995405-v1-2026-08-26/replay-work/formal-opendev-996511--target-995405/target-a1/cinder/tests/unit/policies/base.py", line 51, in setUp
    self.override_config('enforce_scope',
    ~~~~~~~~~~~~~~~~~~~~^^^^^^^^^^^^^^^^^
                         enforce_scope, 'oslo_policy')
                         ^^^^^^^^^^^^^^^^^^^^^^^^^^^^^

      File "/home/zhihao/hdd/marshal/benchmarks/cross-repo-pr-impact/results/single-case-pipeline-996511-995405-v1-2026-08-26/replay-work/formal-opendev-996511--target-995405/target-a1/cinder/tests/unit/test.py", line 353, in override_config
    CONF.set_override(name, override, group)
    ~~~~~~~~~~~~~~~~~^^^^^^^^^^^^^^^^^^^^^^^

      File "/home/zhihao/hdd/marshal/benchmarks/cross-repo-pr-impact/results/single-case-pipeline-996511-995405-v1-2026-08-26/replay-work/formal-opendev-996511--target-995405/target-a1/.tox/py3/lib/python3.13/site-packages/oslo_messaging/conffixture.py", line 84, in _wrapper
    return wrapped_function(*args, **kwargs)

      File "/home/zhihao/hdd/marshal/benchmarks/cross-repo-pr-impact/results/single-case-pipeline-996511-995405-v1-2026-08-26/replay-work/formal-opendev-996511--target-995405/target-a1/.tox/py3/lib/python3.13/site-packages/oslo_config/cfg.py", line 2430, in __inner
    result = f(self, *args, **kwargs)

      File "/home/zhihao/hdd/marshal/benchmarks/cross-repo-pr-impact/results/single-case-pipeline-996511-995405-v1-2026-08-26/replay-work/formal-opendev-996511--target-995405/target-a1/.tox/py3/lib/python3.13/site-packages/oslo_config/cfg.py", line 3085, in set_override
    opt_info = self._get_opt_info(name, group)

      File "/home/zhihao/hdd/marshal/benchmarks/cross-repo-pr-impact/results/single-case-pipeline-996511-995405-v1-2026-08-26/replay-work/formal-opendev-996511--target-995405/target-a1/.tox/py3/lib/python3.13/site-packages/oslo_config/cfg.py", line 3580, in _get_opt_info
    raise NoSuchOptError(opt_name, group)

    oslo_config.cfg.NoSuchOptError: no such option enforce_scope in group [oslo_policy]


Captured pythonlogging:
~~~~~~~~~~~~~~~~~~~~~~~
    2026-08-26 20:58:26,211 INFO [keystonemiddleware.auth_token] Starting Keystone auth_token middleware
2026-08-26 20:58:26,213 WARNING [keystonemiddleware._common.config] The option "auth_url" is not known to keystonemiddleware
2026-08-26 20:58:26,216 WARNING [keystonemiddleware.auth_token] Configuring www_authenticate_uri to point to the public identity endpoint is required; clients may not be able to authenticate against an admin endpoint


cinder.tests.unit.policies.test_attachments.AttachmentsPolicyTest.test_update_attachment_policy_3_system_admin
--------------------------------------------------------------------------------------------------------------

Captured traceback:
~~~~~~~~~~~~~~~~~~~
    Traceback (most recent call last):

      File "/home/zhihao/hdd/marshal/benchmarks/cross-repo-pr-impact/results/single-case-pipeline-996511-995405-v1-2026-08-26/replay-work/formal-opendev-996511--target-995405/target-a1/cinder/tests/unit/policies/test_attachments.py", line 54, in setUp
    super().setUp(enforce_scope, enforce_new_defaults, *args, **kwargs)
    ~~~~~~~~~~~~~^^^^^^^^^^^^^^^^^^^^^^^^^^^^^^^^^^^^^^^^^^^^^^^^^^^^^^

      File "/home/zhihao/hdd/marshal/benchmarks/cross-repo-pr-impact/results/single-case-pipeline-996511-995405-v1-2026-08-26/replay-work/formal-opendev-996511--target-995405/target-a1/cinder/tests/unit/policies/base.py", line 51, in setUp
    self.override_config('enforce_scope',
    ~~~~~~~~~~~~~~~~~~~~^^^^^^^^^^^^^^^^^
                         enforce_scope, 'oslo_policy')
                         ^^^^^^^^^^^^^^^^^^^^^^^^^^^^^

      File "/home/zhihao/hdd/marshal/benchmarks/cross-repo-pr-impact/results/single-case-pipeline-996511-995405-v1-2026-08-26/replay-work/formal-opendev-996511--target-995405/target-a1/cinder/tests/unit/test.py", line 353, in override_config
    CONF.set_override(name, override, group)
    ~~~~~~~~~~~~~~~~~^^^^^^^^^^^^^^^^^^^^^^^

      File "/home/zhihao/hdd/marshal/benchmarks/cross-repo-pr-impact/results/single-case-pipeline-996511-995405-v1-2026-08-26/replay-work/formal-opendev-996511--target-995405/target-a1/.tox/py3/lib/python3.13/site-packages/oslo_messaging/conffixture.py", line 84, in _wrapper
    return wrapped_function(*args, **kwargs)

      File "/home/zhihao/hdd/marshal/benchmarks/cross-repo-pr-impact/results/single-case-pipeline-996511-995405-v1-2026-08-26/replay-work/formal-opendev-996511--target-995405/target-a1/.tox/py3/lib/python3.13/site-packages/oslo_config/cfg.py", line 2430, in __inner
    result = f(self, *args, **kwargs)

      File "/home/zhihao/hdd/marshal/benchmarks/cross-repo-pr-impact/results/single-case-pipeline-996511-995405-v1-2026-08-26/replay-work/formal-opendev-996511--target-995405/target-a1/.tox/py3/lib/python3.13/site-packages/oslo_config/cfg.py", line 3085, in set_override
    opt_info = self._get_opt_info(name, group)

      File "/home/zhihao/hdd/marshal/benchmarks/cross-repo-pr-impact/results/single-case-pipeline-996511-995405-v1-2026-08-26/replay-work/formal-opendev-996511--target-995405/target-a1/.tox/py3/lib/python3.13/site-packages/oslo_config/cfg.py", line 3580, in _get_opt_info
    raise NoSuchOptError(opt_name, group)

    oslo_config.cfg.NoSuchOptError: no such option enforce_scope in group [oslo_policy]


Captured pythonlogging:
~~~~~~~~~~~~~~~~~~~~~~~
    2026-08-26 20:58:26,188 INFO [keystonemiddleware.auth_token] Starting Keystone auth_token middleware
2026-08-26 20:58:26,190 WARNING [keystonemiddleware._common.config] The option "auth_url" is not known to keystonemiddleware
2026-08-26 20:58:26,195 WARNING [keystonemiddleware.auth_token] Configuring www_authenticate_uri to point to the public identity endpoint is required; clients may not be able to authenticate against an admin endpoint


cinder.tests.unit.policies.test_attachments.AttachmentsPolicySecureRbacTest.test_complete_attachment_policy_1_legacy_admin
--------------------------------------------------------------------------------------------------------------------------

Captured traceback:
~~~~~~~~~~~~~~~~~~~
    Traceback (most recent call last):

      File "/home/zhihao/hdd/marshal/benchmarks/cross-repo-pr-impact/results/single-case-pipeline-996511-995405-v1-2026-08-26/replay-work/formal-opendev-996511--target-995405/target-a1/cinder/tests/unit/policies/test_attachments.py", line 252, in setUp
    super().setUp(enforce_scope=False, enforce_new_defaults=True,
    ~~~~~~~~~~~~~^^^^^^^^^^^^^^^^^^^^^^^^^^^^^^^^^^^^^^^^^^^^^^^^
                  *args, **kwargs)
                  ^^^^^^^^^^^^^^^^

      File "/home/zhihao/hdd/marshal/benchmarks/cross-repo-pr-impact/results/single-case-pipeline-996511-995405-v1-2026-08-26/replay-work/formal-opendev-996511--target-995405/target-a1/cinder/tests/unit/policies/test_attachments.py", line 54, in setUp
    super().setUp(enforce_scope, enforce_new_defaults, *args, **kwargs)
    ~~~~~~~~~~~~~^^^^^^^^^^^^^^^^^^^^^^^^^^^^^^^^^^^^^^^^^^^^^^^^^^^^^^

      File "/home/zhihao/hdd/marshal/benchmarks/cross-repo-pr-impact/results/single-case-pipeline-996511-995405-v1-2026-08-26/replay-work/formal-opendev-996511--target-995405/target-a1/cinder/tests/unit/policies/base.py", line 51, in setUp
    self.override_config('enforce_scope',
    ~~~~~~~~~~~~~~~~~~~~^^^^^^^^^^^^^^^^^
                         enforce_scope, 'oslo_policy')
                         ^^^^^^^^^^^^^^^^^^^^^^^^^^^^^

      File "/home/zhihao/hdd/marshal/benchmarks/cross-repo-pr-impact/results/single-case-pipeline-996511-995405-v1-2026-08-26/replay-work/formal-opendev-996511--target-995405/target-a1/cinder/tests/unit/test.py", line 353, in override_config
    CONF.set_override(name, override, group)
    ~~~~~~~~~~~~~~~~~^^^^^^^^^^^^^^^^^^^^^^^

      File "/home/zhihao/hdd/marshal/benchmarks/cross-repo-pr-impact/results/single-case-pipeline-996511-995405-v1-2026-08-26/replay-work/formal-opendev-996511--target-995405/target-a1/.tox/py3/lib/python3.13/site-packages/oslo_messaging/conffixture.py", line 84, in _wrapper
    return wrapped_function(*args, **kwargs)

      File "/home/zhihao/hdd/marshal/benchmarks/cross-repo-pr-impact/results/single-case-pipeline-996511-995405-v1-2026-08-26/replay-work/formal-opendev-996511--target-995405/target-a1/.tox/py3/lib/python3.13/site-packages/oslo_config/cfg.py", line 2430, in __inner
    result = f(self, *args, **kwargs)

      File "/home/zhihao/hdd/marshal/benchmarks/cross-repo-pr-impact/results/single-case-pipeline-996511-995405-v1-2026-08-26/replay-work/formal-opendev-996511--target-995405/target-a1/.tox/py3/lib/python3.13/site-packages/oslo_config/cfg.py", line 3085, in set_override
    opt_info = self._get_opt_info(name, group)

      File "/home/zhihao/hdd/marshal/benchmarks/cross-repo-pr-impact/results/single-case-pipeline-996511-995405-v1-2026-08-26/replay-work/formal-opendev-996511--target-995405/target-a1/.tox/py3/lib/python3.13/site-packages/oslo_config/cfg.py", line 3580, in _get_opt_info
    raise NoSuchOptError(opt_name, group)

    oslo_config.cfg.NoSuchOptError: no such option enforce_scope in group [oslo_policy]


Captured pythonlogging:
~~~~~~~~~~~~~~~~~~~~~~~
    2026-08-26 20:58:26,272 INFO [keystonemiddleware.auth_token] Starting Keystone auth_token middleware
2026-08-26 20:58:26,273 WARNING [keystonemiddleware._common.config] The option "auth_url" is not known to keystonemiddleware
2026-08-26 20:58:26,277 WARNING [keystonemiddleware.auth_token] Configuring www_authenticate_uri to point to the public identity endpoint is required; clients may not be able to authenticate against an admin endpoint


cinder.tests.unit.policies.test_attachments.AttachmentsPolicySecureRbacTest.test_create_attachment_policy_3_system_admin
------------------------------------------------------------------------------------------------------------------------

Captured traceback:
~~~~~~~~~~~~~~~~~~~
    Traceback (most recent call last):

      File "/home/zhihao/hdd/marshal/benchmarks/cross-repo-pr-impact/results/single-case-pipeline-996511-995405-v1-2026-08-26/replay-work/formal-opendev-996511--target-995405/target-a1/cinder/tests/unit/policies/test_attachments.py", line 252, in setUp
    super().setUp(enforce_scope=False, enforce_new_defaults=True,
    ~~~~~~~~~~~~~^^^^^^^^^^^^^^^^^^^^^^^^^^^^^^^^^^^^^^^^^^^^^^^^
                  *args, **kwargs)
                  ^^^^^^^^^^^^^^^^

      File "/home/zhihao/hdd/marshal/benchmarks/cross-repo-pr-impact/results/single-case-pipeline-996511-995405-v1-2026-08-26/replay-work/formal-opendev-996511--target-995405/target-a1/cinder/tests/unit/policies/test_attachments.py", line 54, in setUp
    super().setUp(enforce_scope, enforce_new_defaults, *args, **kwargs)
    ~~~~~~~~~~~~~^^^^^^^^^^^^^^^^^^^^^^^^^^^^^^^^^^^^^^^^^^^^^^^^^^^^^^

      File "/home/zhihao/hdd/marshal/benchmarks/cross-repo-pr-impact/results/single-case-pipeline-996511-995405-v1-2026-08-26/replay-work/formal-opendev-996511--target-995405/target-a1/cinder/tests/unit/policies/base.py", line 51, in setUp
    self.override_config('enforce_scope',
    ~~~~~~~~~~~~~~~~~~~~^^^^^^^^^^^^^^^^^
                         enforce_scope, 'oslo_policy')
                         ^^^^^^^^^^^^^^^^^^^^^^^^^^^^^

      File "/home/zhihao/hdd/marshal/benchmarks/cross-repo-pr-impact/results/single-case-pipeline-996511-995405-v1-2026-08-26/replay-work/formal-opendev-996511--target-995405/target-a1/cinder/tests/unit/test.py", line 353, in override_config
    CONF.set_override(name, override, group)
    ~~~~~~~~~~~~~~~~~^^^^^^^^^^^^^^^^^^^^^^^

      File "/home/zhihao/hdd/marshal/benchmarks/cross-repo-pr-impact/results/single-case-pipeline-996511-995405-v1-2026-08-26/replay-work/formal-opendev-996511--target-995405/target-a1/.tox/py3/lib/python3.13/site-packages/oslo_messaging/conffixture.py", line 84, in _wrapper
    return wrapped_function(*args, **kwargs)

      File "/home/zhihao/hdd/marshal/benchmarks/cross-repo-pr-impact/results/single-case-pipeline-996511-995405-v1-2026-08-26/replay-work/formal-opendev-996511--target-995405/target-a1/.tox/py3/lib/python3.13/site-packages/oslo_config/cfg.py", line 2430, in __inner
    result = f(self, *args, **kwargs)

      File "/home/zhihao/hdd/marshal/benchmarks/cross-repo-pr-impact/results/single-case-pipeline-996511-995405-v1-2026-08-26/replay-work/formal-opendev-996511--target-995405/target-a1/.tox/py3/lib/python3.13/site-packages/oslo_config/cfg.py", line 3085, in set_override
    opt_info = self._get_opt_info(name, group)

      File "/home/zhihao/hdd/marshal/benchmarks/cross-repo-pr-impact/results/single-case-pipeline-996511-995405-v1-2026-08-26/replay-work/formal-opendev-996511--target-995405/target-a1/.tox/py3/lib/python3.13/site-packages/oslo_config/cfg.py", line 3580, in _get_opt_info
    raise NoSuchOptError(opt_name, group)

    oslo_config.cfg.NoSuchOptError: no such option enforce_scope in group [oslo_policy]


Captured pythonlogging:
~~~~~~~~~~~~~~~~~~~~~~~
    2026-08-26 20:58:26,451 INFO [keystonemiddleware.auth_token] Starting Keystone auth_token middleware
2026-08-26 20:58:26,452 WARNING [keystonemiddleware._common.config] The option "auth_url" is not known to keystonemiddleware
2026-08-26 20:58:26,455 WARNING [keystonemiddleware.auth_token] Configuring www_authenticate_uri to point to the public identity endpoint is required; clients may not be able to authenticate against an admin endpoint


cinder.tests.unit.policies.test_attachments.AttachmentsPolicySecureRbacTest.test_create_attachment_policy_7_project_foo
-----------------------------------------------------------------------------------------------------------------------

Captured traceback:
~~~~~~~~~~~~~~~~~~~
    Traceback (most recent call last):

      File "/home/zhihao/hdd/marshal/benchmarks/cross-repo-pr-impact/results/single-case-pipeline-996511-995405-v1-2026-08-26/replay-work/formal-opendev-996511--target-995405/target-a1/cinder/tests/unit/policies/test_attachments.py", line 252, in setUp
    super().setUp(enforce_scope=False, enforce_new_defaults=True,
    ~~~~~~~~~~~~~^^^^^^^^^^^^^^^^^^^^^^^^^^^^^^^^^^^^^^^^^^^^^^^^
                  *args, **kwargs)
                  ^^^^^^^^^^^^^^^^

      File "/home/zhihao/hdd/marshal/benchmarks/cross-repo-pr-impact/results/single-case-pipeline-996511-995405-v1-2026-08-26/replay-work/formal-opendev-996511--target-995405/target-a1/cinder/tests/unit/policies/test_attachments.py", line 54, in setUp
    super().setUp(enforce_scope, enforce_new_defaults, *args, **kwargs)
    ~~~~~~~~~~~~~^^^^^^^^^^^^^^^^^^^^^^^^^^^^^^^^^^^^^^^^^^^^^^^^^^^^^^

      File "/home/zhihao/hdd/marshal/benchmarks/cross-repo-pr-impact/results/single-case-pipeline-996511-995405-v1-2026-08-26/replay-work/formal-opendev-996511--target-995405/target-a1/cinder/tests/unit/policies/base.py", line 51, in setUp
    self.override_config('enforce_scope',
    ~~~~~~~~~~~~~~~~~~~~^^^^^^^^^^^^^^^^^
                         enforce_scope, 'oslo_policy')
                         ^^^^^^^^^^^^^^^^^^^^^^^^^^^^^

      File "/home/zhihao/hdd/marshal/benchmarks/cross-repo-pr-impact/results/single-case-pipeline-996511-995405-v1-2026-08-26/replay-work/formal-opendev-996511--target-995405/target-a1/cinder/tests/unit/test.py", line 353, in override_config
    CONF.set_override(name, override, group)
    ~~~~~~~~~~~~~~~~~^^^^^^^^^^^^^^^^^^^^^^^

      File "/home/zhihao/hdd/marshal/benchmarks/cross-repo-pr-impact/results/single-case-pipeline-996511-995405-v1-2026-08-26/replay-work/formal-opendev-996511--target-995405/target-a1/.tox/py3/lib/python3.13/site-packages/oslo_messaging/conffixture.py", line 84, in _wrapper
    return wrapped_function(*args, **kwargs)

      File "/home/zhihao/hdd/marshal/benchmarks/cross-repo-pr-impact/results/single-case-pipeline-996511-995405-v1-2026-08-26/replay-work/formal-opendev-996511--target-995405/target-a1/.tox/py3/lib/python3.13/site-packages/oslo_config/cfg.py", line 2430, in __inner
    result = f(self, *args, **kwargs)

      File "/home/zhihao/hdd/marshal/benchmarks/cross-repo-pr-impact/results/single-case-pipeline-996511-995405-v1-2026-08-26/replay-work/formal-opendev-996511--target-995405/target-a1/.tox/py3/lib/python3.13/site-packages/oslo_config/cfg.py", line 3085, in set_override
    opt_info = self._get_opt_info(name, group)

      File "/home/zhihao/hdd/marshal/benchmarks/cross-repo-pr-impact/results/single-case-pipeline-996511-995405-v1-2026-08-26/replay-work/formal-opendev-996511--target-995405/target-a1/.tox/py3/lib/python3.13/site-packages/oslo_config/cfg.py", line 3580, in _get_opt_info
    raise NoSuchOptError(opt_name, group)

    oslo_config.cfg.NoSuchOptError: no such option enforce_scope in group [oslo_policy]


Captured pythonlogging:
~~~~~~~~~~~~~~~~~~~~~~~
    2026-08-26 20:58:26,479 INFO [keystonemiddleware.auth_token] Starting Keystone auth_token middleware
2026-08-26 20:58:26,480 WARNING [keystonemiddleware._common.config] The option "auth_url" is not known to keystonemiddleware
2026-08-26 20:58:26,483 WARNING [keystonemiddleware.auth_token] Configuring www_authenticate_uri to point to the public identity endpoint is required; clients may not be able to authenticate against an admin endpoint


cinder.tests.unit.policies.test_attachments.AttachmentsPolicySecureRbacTest.test_complete_attachment_policy_2_legacy_owner
--------------------------------------------------------------------------------------------------------------------------

Captured traceback:
~~~~~~~~~~~~~~~~~~~
    Traceback (most recent call last):

      File "/home/zhihao/hdd/marshal/benchmarks/cross-repo-pr-impact/results/single-case-pipeline-996511-995405-v1-2026-08-26/replay-work/formal-opendev-996511--target-995405/target-a1/cinder/tests/unit/policies/test_attachments.py", line 252, in setUp
    super().setUp(enforce_scope=False, enforce_new_defaults=True,
    ~~~~~~~~~~~~~^^^^^^^^^^^^^^^^^^^^^^^^^^^^^^^^^^^^^^^^^^^^^^^^
                  *args, **kwargs)
                  ^^^^^^^^^^^^^^^^

      File "/home/zhihao/hdd/marshal/benchmarks/cross-repo-pr-impact/results/single-case-pipeline-996511-995405-v1-2026-08-26/replay-work/formal-opendev-996511--target-995405/target-a1/cinder/tests/unit/policies/test_attachments.py", line 54, in setUp
    super().setUp(enforce_scope, enforce_new_defaults, *args, **kwargs)
    ~~~~~~~~~~~~~^^^^^^^^^^^^^^^^^^^^^^^^^^^^^^^^^^^^^^^^^^^^^^^^^^^^^^

      File "/home/zhihao/hdd/marshal/benchmarks/cross-repo-pr-impact/results/single-case-pipeline-996511-995405-v1-2026-08-26/replay-work/formal-opendev-996511--target-995405/target-a1/cinder/tests/unit/policies/base.py", line 51, in setUp
    self.override_config('enforce_scope',
    ~~~~~~~~~~~~~~~~~~~~^^^^^^^^^^^^^^^^^
                         enforce_scope, 'oslo_policy')
                         ^^^^^^^^^^^^^^^^^^^^^^^^^^^^^

      File "/home/zhihao/hdd/marshal/benchmarks/cross-repo-pr-impact/results/single-case-pipeline-996511-995405-v1-2026-08-26/replay-work/formal-opendev-996511--target-995405/target-a1/cinder/tests/unit/test.py", line 353, in override_config
    CONF.set_override(name, override, group)
    ~~~~~~~~~~~~~~~~~^^^^^^^^^^^^^^^^^^^^^^^

      File "/home/zhihao/hdd/marshal/benchmarks/cross-repo-pr-impact/results/single-case-pipeline-996511-995405-v1-2026-08-26/replay-work/formal-opendev-996511--target-995405/target-a1/.tox/py3/lib/python3.13/site-packages/oslo_messaging/conffixture.py", line 84, in _wrapper
    return wrapped_function(*args, **kwargs)

      File "/home/zhihao/hdd/marshal/benchmarks/cross-repo-pr-impact/results/single-case-pipeline-996511-995405-v1-2026-08-26/replay-work/formal-opendev-996511--target-995405/target-a1/.tox/py3/lib/python3.13/site-packages/oslo_config/cfg.py", line 2430, in __inner
    result = f(self, *args, **kwargs)

      File "/home/zhihao/hdd/marshal/benchmarks/cross-repo-pr-impact/results/single-case-pipeline-996511-995405-v1-2026-08-26/replay-work/formal-opendev-996511--target-995405/target-a1/.tox/py3/lib/python3.13/site-packages/oslo_config/cfg.py", line 3085, in set_override
    opt_info = self._get_opt_info(name, group)

      File "/home/zhihao/hdd/marshal/benchmarks/cross-repo-pr-impact/results/single-case-pipeline-996511-995405-v1-2026-08-26/replay-work/formal-opendev-996511--target-995405/target-a1/.tox/py3/lib/python3.13/site-packages/oslo_config/cfg.py", line 3580, in _get_opt_info
    raise NoSuchOptError(opt_name, group)

    oslo_config.cfg.NoSuchOptError: no such option enforce_scope in group [oslo_policy]


Captured pythonlogging:
~~~~~~~~~~~~~~~~~~~~~~~
    2026-08-26 20:58:26,590 INFO [keystonemiddleware.auth_token] Starting Keystone auth_token middleware
2026-08-26 20:58:26,591 WARNING [keystonemiddleware._common.config] The option "auth_url" is not known to keystonemiddleware
2026-08-26 20:58:26,595 WARNING [keystonemiddleware.auth_token] Configuring www_authenticate_uri to point to the public identity endpoint is required; clients may not be able to authenticate against an admin endpoint


cinder.tests.unit.policies.test_attachments.AttachmentsPolicyTest.test_update_attachment_policy_2_legacy_owner
--------------------------------------------------------------------------------------------------------------

Captured traceback:
~~~~~~~~~~~~~~~~~~~
    Traceback (most recent call last):

      File "/home/zhihao/hdd/marshal/benchmarks/cross-repo-pr-impact/results/single-case-pipeline-996511-995405-v1-2026-08-26/replay-work/formal-opendev-996511--target-995405/target-a1/cinder/tests/unit/policies/test_attachments.py", line 54, in setUp
    super().setUp(enforce_scope, enforce_new_defaults, *args, **kwargs)
    ~~~~~~~~~~~~~^^^^^^^^^^^^^^^^^^^^^^^^^^^^^^^^^^^^^^^^^^^^^^^^^^^^^^

      File "/home/zhihao/hdd/marshal/benchmarks/cross-repo-pr-impact/results/single-case-pipeline-996511-995405-v1-2026-08-26/replay-work/formal-opendev-996511--target-995405/target-a1/cinder/tests/unit/policies/base.py", line 51, in setUp
    self.override_config('enforce_scope',
    ~~~~~~~~~~~~~~~~~~~~^^^^^^^^^^^^^^^^^
                         enforce_scope, 'oslo_policy')
                         ^^^^^^^^^^^^^^^^^^^^^^^^^^^^^

      File "/home/zhihao/hdd/marshal/benchmarks/cross-repo-pr-impact/results/single-case-pipeline-996511-995405-v1-2026-08-26/replay-work/formal-opendev-996511--target-995405/target-a1/cinder/tests/unit/test.py", line 353, in override_config
    CONF.set_override(name, override, group)
    ~~~~~~~~~~~~~~~~~^^^^^^^^^^^^^^^^^^^^^^^

      File "/home/zhihao/hdd/marshal/benchmarks/cross-repo-pr-impact/results/single-case-pipeline-996511-995405-v1-2026-08-26/replay-work/formal-opendev-996511--target-995405/target-a1/.tox/py3/lib/python3.13/site-packages/oslo_messaging/conffixture.py", line 84, in _wrapper
    return wrapped_function(*args, **kwargs)

      File "/home/zhihao/hdd/marshal/benchmarks/cross-repo-pr-impact/results/single-case-pipeline-996511-995405-v1-2026-08-26/replay-work/formal-opendev-996511--target-995405/target-a1/.tox/py3/lib/python3.13/site-packages/oslo_config/cfg.py", line 2430, in __inner
    result = f(self, *args, **kwargs)

      File "/home/zhihao/hdd/marshal/benchmarks/cross-repo-pr-impact/results/single-case-pipeline-996511-995405-v1-2026-08-26/replay-work/formal-opendev-996511--target-995405/target-a1/.tox/py3/lib/python3.13/site-packages/oslo_config/cfg.py", line 3085, in set_override
    opt_info = self._get_opt_info(name, group)

      File "/home/zhihao/hdd/marshal/benchmarks/cross-repo-pr-impact/results/single-case-pipeline-996511-995405-v1-2026-08-26/replay-work/formal-opendev-996511--target-995405/target-a1/.tox/py3/lib/python3.13/site-packages/oslo_config/cfg.py", line 3580, in _get_opt_info
    raise NoSuchOptError(opt_name, group)

    oslo_config.cfg.NoSuchOptError: no such option enforce_scope in group [oslo_policy]


Captured pythonlogging:
~~~~~~~~~~~~~~~~~~~~~~~
    2026-08-26 20:58:26,738 INFO [keystonemiddleware.auth_token] Starting Keystone auth_token middleware
2026-08-26 20:58:26,739 WARNING [keystonemiddleware._common.config] The option "auth_url" is not known to keystonemiddleware
2026-08-26 20:58:26,742 WARNING [keystonemiddleware.auth_token] Configuring www_authenticate_uri to point to the public identity endpoint is required; clients may not be able to authenticate against an admin endpoint


cinder.tests.unit.policies.test_attachments.AttachmentsPolicySecureRbacTest.test_complete_attachment_policy_7_project_foo
-------------------------------------------------------------------------------------------------------------------------

Captured traceback:
~~~~~~~~~~~~~~~~~~~
    Traceback (most recent call last):

      File "/home/zhihao/hdd/marshal/benchmarks/cross-repo-pr-impact/results/single-case-pipeline-996511-995405-v1-2026-08-26/replay-work/formal-opendev-996511--target-995405/target-a1/cinder/tests/unit/policies/test_attachments.py", line 252, in setUp
    super().setUp(enforce_scope=False, enforce_new_defaults=True,
    ~~~~~~~~~~~~~^^^^^^^^^^^^^^^^^^^^^^^^^^^^^^^^^^^^^^^^^^^^^^^^
                  *args, **kwargs)
                  ^^^^^^^^^^^^^^^^

      File "/home/zhihao/hdd/marshal/benchmarks/cross-repo-pr-impact/results/single-case-pipeline-996511-995405-v1-2026-08-26/replay-work/formal-opendev-996511--target-995405/target-a1/cinder/tests/unit/policies/test_attachments.py", line 54, in setUp
    super().setUp(enforce_scope, enforce_new_defaults, *args, **kwargs)
    ~~~~~~~~~~~~~^^^^^^^^^^^^^^^^^^^^^^^^^^^^^^^^^^^^^^^^^^^^^^^^^^^^^^

      File "/home/zhihao/hdd/marshal/benchmarks/cross-repo-pr-impact/results/single-case-pipeline-996511-995405-v1-2026-08-26/replay-work/formal-opendev-996511--target-995405/target-a1/cinder/tests/unit/policies/base.py", line 51, in setUp
    self.override_config('enforce_scope',
    ~~~~~~~~~~~~~~~~~~~~^^^^^^^^^^^^^^^^^
                         enforce_scope, 'oslo_policy')
                         ^^^^^^^^^^^^^^^^^^^^^^^^^^^^^


No tests were successful during the run
      File "/home/zhihao/hdd/marshal/benchmarks/cross-repo-pr-impact/results/single-case-pipeline-996511-995405-v1-2026-08-26/replay-work/formal-opendev-996511--target-995405/target-a1/cinder/tests/unit/test.py", line 353, in override_config
    CONF.set_override(name, override, group)
    ~~~~~~~~~~~~~~~~~^^^^^^^^^^^^^^^^^^^^^^^

      File "/home/zhihao/hdd/marshal/benchmarks/cross-repo-pr-impact/results/single-case-pipeline-996511-995405-v1-2026-08-26/replay-work/formal-opendev-996511--target-995405/target-a1/.tox/py3/lib/python3.13/site-packages/oslo_messaging/conffixture.py", line 84, in _wrapper
    return wrapped_function(*args, **kwargs)

      File "/home/zhihao/hdd/marshal/benchmarks/cross-repo-pr-impact/results/single-case-pipeline-996511-995405-v1-2026-08-26/replay-work/formal-opendev-996511--target-995405/target-a1/.tox/py3/lib/python3.13/site-packages/oslo_config/cfg.py", line 2430, in __inner
    result = f(self, *args, **kwargs)

      File "/home/zhihao/hdd/marshal/benchmarks/cross-repo-pr-impact/results/single-case-pipeline-996511-995405-v1-2026-08-26/replay-work/formal-opendev-996511--target-995405/target-a1/.tox/py3/lib/python3.13/site-packages/oslo_config/cfg.py", line 3085, in set_override
    opt_info = self._get_opt_info(name, group)

      File "/home/zhihao/hdd/marshal/benchmarks/cross-repo-pr-impact/results/single-case-pipeline-996511-995405-v1-2026-08-26/replay-work/formal-opendev-996511--target-995405/target-a1/.tox/py3/lib/python3.13/site-packages/oslo_config/cfg.py", line 3580, in _get_opt_info
    raise NoSuchOptError(opt_name, group)

    oslo_config.cfg.NoSuchOptError: no such option enforce_scope in group [oslo_policy]


Captured pythonlogging:
~~~~~~~~~~~~~~~~~~~~~~~
    2026-08-26 20:58:26,865 INFO [keystonemiddleware.auth_token] Starting Keystone auth_token middleware
2026-08-26 20:58:26,866 WARNING [keystonemiddleware._common.config] The option "auth_url" is not known to keystonemiddleware
2026-08-26 20:58:26,869 WARNING [keystonemiddleware.auth_token] Configuring www_authenticate_uri to point to the public identity endpoint is required; clients may not be able to authenticate against an admin endpoint



======
Totals
======
Ran: 78 tests in 2.9851 sec.
 - Passed: 0
 - Skipped: 0
 - Expected Fail: 0
 - Unexpected Success: 0
 - Failed: 78
Sum of execute time for each test: 23.5725 sec.

==============
Worker Balance
==============
 - Worker 0 (1 tests) => 0:00:00.307795
 - Worker 1 (1 tests) => 0:00:00.276661
 - Worker 2 (1 tests) => 0:00:00.279544
 - Worker 3 (1 tests) => 0:00:00.308280
 - Worker 4 (1 tests) => 0:00:00.321844
 - Worker 5 (1 tests) => 0:00:00.285230
 - Worker 6 (1 tests) => 0:00:00.291515
 - Worker 7 (1 tests) => 0:00:00.284884
 - Worker 8 (1 tests) => 0:00:00.381265
 - Worker 9 (1 tests) => 0:00:00.283351
 - Worker 10 (1 tests) => 0:00:00.381307
 - Worker 11 (1 tests) => 0:00:00.273873
 - Worker 12 (1 tests) => 0:00:00.266176
 - Worker 13 (1 tests) => 0:00:00.276374
 - Worker 14 (1 tests) => 0:00:00.268058
 - Worker 15 (1 tests) => 0:00:00.295387
 - Worker 16 (1 tests) => 0:00:00.322895
 - Worker 17 (1 tests) => 0:00:00.267143
 - Worker 18 (1 tests) => 0:00:00.375500
 - Worker 19 (1 tests) => 0:00:00.461188
 - Worker 20 (1 tests) => 0:00:00.274555
 - Worker 21 (1 tests) => 0:00:00.276579
 - Worker 22 (1 tests) => 0:00:00.275576
 - Worker 23 (1 tests) => 0:00:00.293024
 - Worker 24 (1 tests) => 0:00:00.270613
 - Worker 25 (1 tests) => 0:00:00.272985
 - Worker 26 (1 tests) => 0:00:00.270149
 - Worker 27 (1 tests) => 0:00:00.308098
 - Worker 28 (1 tests) => 0:00:00.268902
 - Worker 29 (1 tests) => 0:00:00.275671
 - Worker 30 (1 tests) => 0:00:00.297343
 - Worker 31 (1 tests) => 0:00:00.302134
 - Worker 32 (1 tests) => 0:00:00.286981
 - Worker 33 (1 tests) => 0:00:00.357033
 - Worker 34 (1 tests) => 0:00:00.280217
 - Worker 35 (1 tests) => 0:00:00.266558
 - Worker 36 (1 tests) => 0:00:00.271530
 - Worker 37 (1 tests) => 0:00:00.267891
 - Worker 38 (1 tests) => 0:00:00.300766
 - Worker 39 (1 tests) => 0:00:00.297817
 - Worker 40 (1 tests) => 0:00:00.291920
 - Worker 41 (1 tests) => 0:00:00.281402
 - Worker 42 (1 tests) => 0:00:00.318896
 - Worker 43 (1 tests) => 0:00:00.283424
 - Worker 44 (1 tests) => 0:00:00.289123
 - Worker 45 (1 tests) => 0:00:00.310729
 - Worker 46 (1 tests) => 0:00:00.280352
 - Worker 47 (1 tests) => 0:00:00.312193
 - Worker 48 (1 tests) => 0:00:00.362274
 - Worker 49 (1 tests) => 0:00:00.288295
 - Worker 50 (1 tests) => 0:00:00.301287
 - Worker 51 (1 tests) => 0:00:00.299659
 - Worker 52 (1 tests) => 0:00:00.273534
 - Worker 53 (1 tests) => 0:00:00.286500
 - Worker 54 (1 tests) => 0:00:00.296570
 - Worker 55 (1 tests) => 0:00:00.313825
 - Worker 56 (1 tests) => 0:00:00.307656
 - Worker 57 (1 tests) => 0:00:00.428527
 - Worker 58 (1 tests) => 0:00:00.273416
 - Worker 59 (1 tests) => 0:00:00.293872
 - Worker 60 (1 tests) => 0:00:00.277341
 - Worker 61 (1 tests) => 0:00:00.297384
 - Worker 62 (1 tests) => 0:00:00.305120
 - Worker 63 (1 tests) => 0:00:00.493075
 - Worker 64 (1 tests) => 0:00:00.278186
 - Worker 65 (1 tests) => 0:00:00.278667
 - Worker 66 (1 tests) => 0:00:00.275539
 - Worker 67 (1 tests) => 0:00:00.294818
 - Worker 68 (1 tests) => 0:00:00.296491
 - Worker 69 (1 tests) => 0:00:00.330419
 - Worker 70 (1 tests) => 0:00:00.293419
 - Worker 71 (1 tests) => 0:00:00.287346
 - Worker 72 (1 tests) => 0:00:00.314573
 - Worker 73 (1 tests) => 0:00:00.307378
 - Worker 74 (1 tests) => 0:00:00.286984
 - Worker 75 (1 tests) => 0:00:00.318117
 - Worker 76 (1 tests) => 0:00:00.305601
 - Worker 77 (1 tests) => 0:00:00.315875
