[INFO] Scanning for projects...
[INFO] 
[INFO] --------------< com.fasterxml.jackson.core:jackson-core >---------------
[INFO] Building Jackson-core 2.8.0
[INFO]   from pom.xml
[INFO] -------------------------------[ bundle ]-------------------------------
Downloading from central: https://repo.maven.apache.org/maven2/org/jacoco/jacoco-maven-plugin/0.8.4/jacoco-maven-plugin-0.8.4.pom
Progress (1): 862 B
Progress (1): 2.4 kB
Progress (1): 4.4 kB
                    
Downloaded from central: https://repo.maven.apache.org/maven2/org/jacoco/jacoco-maven-plugin/0.8.4/jacoco-maven-plugin-0.8.4.pom (4.4 kB at 5.4 kB/s)
Downloading from central: https://repo.maven.apache.org/maven2/org/jacoco/org.jacoco.build/0.8.4/org.jacoco.build-0.8.4.pom
Progress (1): 760 B
Progress (1): 2.1 kB
Progress (1): 4.2 kB
Progress (1): 7.5 kB
Progress (1): 11 kB 
Progress (1): 15 kB
Progress (1): 18 kB
Progress (1): 20 kB
Progress (1): 23 kB
Progress (1): 25 kB
Progress (1): 27 kB
Progress (1): 33 kB
Progress (1): 39 kB
                   
Downloaded from central: https://repo.maven.apache.org/maven2/org/jacoco/org.jacoco.build/0.8.4/org.jacoco.build-0.8.4.pom (39 kB at 145 kB/s)
Downloading from central: https://repo.maven.apache.org/maven2/org/jacoco/jacoco-maven-plugin/0.8.4/jacoco-maven-plugin-0.8.4.jar
Progress (1): 0.9/53 kB
Progress (1): 2.3/53 kB
Progress (1): 3.6/53 kB
Progress (1): 5.0/53 kB
Progress (1): 6.4/53 kB
Progress (1): 7.7/53 kB
Progress (1): 9.1/53 kB
Progress (1): 10/53 kB 
Progress (1): 12/53 kB
Progress (1): 12/53 kB
Progress (1): 14/53 kB
Progress (1): 15/53 kB
Progress (1): 16/53 kB
Progress (1): 18/53 kB
Progress (1): 19/53 kB
Progress (1): 21/53 kB
Progress (1): 22/53 kB
Progress (1): 23/53 kB
Progress (1): 25/53 kB
Progress (1): 26/53 kB
Progress (1): 27/53 kB
Progress (1): 29/53 kB
Progress (1): 30/53 kB
Progress (1): 31/53 kB
Progress (1): 33/53 kB
Progress (1): 34/53 kB
Progress (1): 36/53 kB
Progress (1): 37/53 kB
Progress (1): 38/53 kB
Progress (1): 40/53 kB
Progress (1): 41/53 kB
Progress (1): 42/53 kB
Progress (1): 47/53 kB
Progress (1): 51/53 kB
Progress (1): 53 kB   
                   
Downloaded from central: https://repo.maven.apache.org/maven2/org/jacoco/jacoco-maven-plugin/0.8.4/jacoco-maven-plugin-0.8.4.jar (53 kB at 79 kB/s)
Downloading from central: https://repo.maven.apache.org/maven2/org/apache/maven/plugins/maven-site-plugin/3.1/maven-site-plugin-3.1.pom
Progress (1): 991 B
Progress (1): 3.9 kB
Progress (1): 6.7 kB
Progress (1): 11 kB 
Progress (1): 17 kB
Progress (1): 18 kB
                   
Downloaded from central: https://repo.maven.apache.org/maven2/org/apache/maven/plugins/maven-site-plugin/3.1/maven-site-plugin-3.1.pom (18 kB at 85 kB/s)
Downloading from central: https://repo.maven.apache.org/maven2/org/apache/maven/plugins/maven-plugins/22/maven-plugins-22.pom
Progress (1): 748 B
Progress (1): 2.2 kB
Progress (1): 6.3 kB
Progress (1): 8.6 kB
Progress (1): 11 kB 
Progress (1): 13 kB
                   
Downloaded from central: https://repo.maven.apache.org/maven2/org/apache/maven/plugins/maven-plugins/22/maven-plugins-22.pom (13 kB at 67 kB/s)
Downloading from central: https://repo.maven.apache.org/maven2/org/apache/maven/maven-parent/21/maven-parent-21.pom
Progress (1): 740 B
Progress (1): 2.0 kB
Progress (1): 6.0 kB
Progress (1): 11 kB 
Progress (1): 15 kB
Progress (1): 18 kB
Progress (1): 20 kB
Progress (1): 20 kB
Progress (1): 25 kB
Progress (1): 26 kB
                   
Downloaded from central: https://repo.maven.apache.org/maven2/org/apache/maven/maven-parent/21/maven-parent-21.pom (26 kB at 64 kB/s)
Downloading from central: https://repo.maven.apache.org/maven2/org/apache/apache/10/apache-10.pom
Progress (1): 753 B
Progress (1): 2.1 kB
Progress (1): 4.1 kB
Progress (1): 8.9 kB
Progress (1): 12 kB 
Progress (1): 15 kB
                   
Downloaded from central: https://repo.maven.apache.org/maven2/org/apache/apache/10/apache-10.pom (15 kB at 56 kB/s)
Downloading from central: https://repo.maven.apache.org/maven2/org/apache/maven/plugins/maven-site-plugin/3.1/maven-site-plugin-3.1.jar
Progress (1): 3.8/120 kB
Progress (1): 8.0/120 kB
Progress (1): 12/120 kB 
Progress (1): 16/120 kB
Progress (1): 21/120 kB
Progress (1): 25/120 kB
Progress (1): 29/120 kB
Progress (1): 33/120 kB
Progress (1): 38/120 kB
Progress (1): 42/120 kB
Progress (1): 46/120 kB
Progress (1): 50/120 kB
Progress (1): 54/120 kB
Progress (1): 59/120 kB
Progress (1): 63/120 kB
Progress (1): 67/120 kB
Progress (1): 71/120 kB
Progress (1): 76/120 kB
Progress (1): 80/120 kB
Progress (1): 84/120 kB
Progress (1): 88/120 kB
Progress (1): 93/120 kB
Progress (1): 97/120 kB
Progress (1): 101/120 kB
Progress (1): 105/120 kB
Progress (1): 109/120 kB
Progress (1): 114/120 kB
Progress (1): 118/120 kB
Progress (1): 120 kB    
                    
Downloaded from central: https://repo.maven.apache.org/maven2/org/apache/maven/plugins/maven-site-plugin/3.1/maven-site-plugin-3.1.jar (120 kB at 108 kB/s)
Downloading from central: https://repo.maven.apache.org/maven2/org/apache/maven/plugins/maven-enforcer-plugin/3.0.0-M1/maven-enforcer-plugin-3.0.0-M1.pom
Progress (1): 826 B
Progress (1): 3.4 kB
Progress (1): 5.3 kB
Progress (1): 7.2 kB
                    
Downloaded from central: https://repo.maven.apache.org/maven2/org/apache/maven/plugins/maven-enforcer-plugin/3.0.0-M1/maven-enforcer-plugin-3.0.0-M1.pom (7.2 kB at 37 kB/s)
Downloading from central: https://repo.maven.apache.org/maven2/org/apache/maven/enforcer/enforcer/3.0.0-M1/enforcer-3.0.0-M1.pom
Progress (1): 812 B
Progress (1): 2.4 kB
Progress (1): 6.0 kB
Progress (1): 8.3 kB
                    
Downloaded from central: https://repo.maven.apache.org/maven2/org/apache/maven/enforcer/enforcer/3.0.0-M1/enforcer-3.0.0-M1.pom (8.3 kB at 15 kB/s)
Downloading from central: https://repo.maven.apache.org/maven2/org/apache/maven/plugins/maven-enforcer-plugin/3.0.0-M1/maven-enforcer-plugin-3.0.0-M1.jar
Progress (1): 7.7/26 kB
Progress (1): 15/26 kB 
Progress (1): 26 kB   
                   
Downloaded from central: https://repo.maven.apache.org/maven2/org/apache/maven/plugins/maven-enforcer-plugin/3.0.0-M1/maven-enforcer-plugin-3.0.0-M1.jar (26 kB at 134 kB/s)
Downloading from central: https://repo.maven.apache.org/maven2/org/codehaus/mojo/build-helper-maven-plugin/1.7/build-helper-maven-plugin-1.7.pom
Progress (1): 1.0 kB
Progress (1): 3.6 kB
Progress (1): 5.4 kB
                    
Downloaded from central: https://repo.maven.apache.org/maven2/org/codehaus/mojo/build-helper-maven-plugin/1.7/build-helper-maven-plugin-1.7.pom (5.4 kB at 29 kB/s)
Downloading from central: https://repo.maven.apache.org/maven2/org/codehaus/mojo/mojo-parent/28/mojo-parent-28.pom
Progress (1): 738 B
Progress (1): 2.7 kB
Progress (1): 4.6 kB
Progress (1): 8.8 kB
Progress (1): 12 kB 
Progress (1): 15 kB
Progress (1): 19 kB
Progress (1): 24 kB
Progress (1): 26 kB
                   
Downloaded from central: https://repo.maven.apache.org/maven2/org/codehaus/mojo/mojo-parent/28/mojo-parent-28.pom (26 kB at 50 kB/s)
Downloading from central: https://repo.maven.apache.org/maven2/org/codehaus/codehaus-parent/3/codehaus-parent-3.pom
Progress (1): 1.1 kB
Progress (1): 2.9 kB
Progress (1): 4.1 kB
                    
Downloaded from central: https://repo.maven.apache.org/maven2/org/codehaus/codehaus-parent/3/codehaus-parent-3.pom (4.1 kB at 10 kB/s)
Downloading from central: https://repo.maven.apache.org/maven2/org/codehaus/mojo/build-helper-maven-plugin/1.7/build-helper-maven-plugin-1.7.jar
Progress (1): 7.7/33 kB
Progress (1): 16/33 kB 
Progress (1): 24/33 kB
Progress (1): 33 kB   
                   
Downloaded from central: https://repo.maven.apache.org/maven2/org/codehaus/mojo/build-helper-maven-plugin/1.7/build-helper-maven-plugin-1.7.jar (33 kB at 55 kB/s)
Downloading from central: https://repo.maven.apache.org/maven2/com/google/code/maven-replacer-plugin/replacer/1.5.3/replacer-1.5.3.pom
Progress (1): 1.2 kB
Progress (1): 2.1 kB
Progress (1): 4.0 kB
Progress (1): 5.8 kB
                    
Downloaded from central: https://repo.maven.apache.org/maven2/com/google/code/maven-replacer-plugin/replacer/1.5.3/replacer-1.5.3.pom (5.8 kB at 29 kB/s)
Downloading from central: https://repo.maven.apache.org/maven2/com/google/code/maven-replacer-plugin/replacer/1.5.3/replacer-1.5.3.jar
Progress (1): 7.7/40 kB
Progress (1): 15/40 kB 
Progress (1): 32/40 kB
Progress (1): 40 kB   
                   
Downloaded from central: https://repo.maven.apache.org/maven2/com/google/code/maven-replacer-plugin/replacer/1.5.3/replacer-1.5.3.jar (40 kB at 80 kB/s)
Downloading from central: https://repo.maven.apache.org/maven2/org/apache/maven/plugins/maven-resources-plugin/2.7/maven-resources-plugin-2.7.pom
Progress (1): 772 B
Progress (1): 2.1 kB
Progress (1): 5.5 kB
Progress (1): 7.7 kB
                    
Downloaded from central: https://repo.maven.apache.org/maven2/org/apache/maven/plugins/maven-resources-plugin/2.7/maven-resources-plugin-2.7.pom (7.7 kB at 11 kB/s)
Downloading from central: https://repo.maven.apache.org/maven2/org/apache/maven/plugins/maven-plugins/25/maven-plugins-25.pom
Progress (1): 753 B
Progress (1): 2.2 kB
Progress (1): 4.1 kB
Progress (1): 6.6 kB
Progress (1): 9.6 kB
                    
Downloaded from central: https://repo.maven.apache.org/maven2/org/apache/maven/plugins/maven-plugins/25/maven-plugins-25.pom (9.6 kB at 19 kB/s)
Downloading from central: https://repo.maven.apache.org/maven2/org/apache/maven/plugins/maven-resources-plugin/2.7/maven-resources-plugin-2.7.jar
Progress (1): 7.7/31 kB
Progress (1): 16/31 kB 
Progress (1): 24/31 kB
Progress (1): 31 kB   
                   
Downloaded from central: https://repo.maven.apache.org/maven2/org/apache/maven/plugins/maven-resources-plugin/2.7/maven-resources-plugin-2.7.jar (31 kB at 71 kB/s)
Downloading from central: https://repo.maven.apache.org/maven2/org/apache/maven/plugins/maven-compiler-plugin/3.8.0/maven-compiler-plugin-3.8.0.pom
Progress (1): 756 B
Progress (1): 2.2 kB
Progress (1): 4.3 kB
Progress (1): 8.1 kB
Progress (1): 10 kB 
Progress (1): 12 kB
                   
Downloaded from central: https://repo.maven.apache.org/maven2/org/apache/maven/plugins/maven-compiler-plugin/3.8.0/maven-compiler-plugin-3.8.0.pom (12 kB at 59 kB/s)
Downloading from central: https://repo.maven.apache.org/maven2/org/apache/maven/plugins/maven-plugins/32/maven-plugins-32.pom
Progress (1): 756 B
Progress (1): 2.3 kB
Progress (1): 4.7 kB
Progress (1): 7.6 kB
Progress (1): 10.0 kB
Progress (1): 11 kB  
                   
Downloaded from central: https://repo.maven.apache.org/maven2/org/apache/maven/plugins/maven-plugins/32/maven-plugins-32.pom (11 kB at 53 kB/s)
Downloading from central: https://repo.maven.apache.org/maven2/org/apache/maven/maven-parent/32/maven-parent-32.pom
Progress (1): 717 B
Progress (1): 1.9 kB
Progress (1): 5.4 kB
Progress (1): 9.9 kB
Progress (1): 14 kB 
Progress (1): 19 kB
Progress (1): 24 kB
Progress (1): 25 kB
Progress (1): 27 kB
Progress (1): 30 kB
Progress (1): 34 kB
Progress (1): 37 kB
Progress (1): 41 kB
Progress (1): 43 kB
                   
Downloaded from central: https://repo.maven.apache.org/maven2/org/apache/maven/maven-parent/32/maven-parent-32.pom (43 kB at 187 kB/s)
Downloading from central: https://repo.maven.apache.org/maven2/org/apache/apache/20/apache-20.pom
Progress (1): 754 B
Progress (1): 2.1 kB
Progress (1): 3.9 kB
Progress (1): 8.3 kB
Progress (1): 13 kB 
Progress (1): 16 kB
                   
Downloaded from central: https://repo.maven.apache.org/maven2/org/apache/apache/20/apache-20.pom (16 kB at 59 kB/s)
Downloading from central: https://repo.maven.apache.org/maven2/org/apache/maven/plugins/maven-compiler-plugin/3.8.0/maven-compiler-plugin-3.8.0.jar
Progress (1): 7.7/62 kB
Progress (1): 16/62 kB 
Progress (1): 32/62 kB
Progress (1): 49/62 kB
Progress (1): 62 kB   
                   
Downloaded from central: https://repo.maven.apache.org/maven2/org/apache/maven/plugins/maven-compiler-plugin/3.8.0/maven-compiler-plugin-3.8.0.jar (62 kB at 49 kB/s)
Downloading from central: https://repo.maven.apache.org/maven2/org/apache/maven/plugins/maven-surefire-plugin/2.22.2/maven-surefire-plugin-2.22.2.pom
Progress (1): 822 B
Progress (1): 2.8 kB
Progress (1): 5.0 kB
                    
Downloaded from central: https://repo.maven.apache.org/maven2/org/apache/maven/plugins/maven-surefire-plugin/2.22.2/maven-surefire-plugin-2.22.2.pom (5.0 kB at 11 kB/s)
Downloading from central: https://repo.maven.apache.org/maven2/org/apache/maven/surefire/surefire/2.22.2/surefire-2.22.2.pom
Progress (1): 846 B
Progress (1): 2.6 kB
Progress (1): 4.1 kB
Progress (1): 4.1 kB
Progress (1): 9.2 kB
Progress (1): 13 kB 
Progress (1): 16 kB
Progress (1): 19 kB
Progress (1): 22 kB
Progress (1): 25 kB
Progress (1): 26 kB
                   
Downloaded from central: https://repo.maven.apache.org/maven2/org/apache/maven/surefire/surefire/2.22.2/surefire-2.22.2.pom (26 kB at 60 kB/s)
Downloading from central: https://repo.maven.apache.org/maven2/org/apache/maven/plugins/maven-surefire-plugin/2.22.2/maven-surefire-plugin-2.22.2.jar
Progress (1): 7.7/41 kB
Progress (1): 16/41 kB 
Progress (1): 24/41 kB
Progress (1): 40/41 kB
Progress (1): 41 kB   
                   
Downloaded from central: https://repo.maven.apache.org/maven2/org/apache/maven/plugins/maven-surefire-plugin/2.22.2/maven-surefire-plugin-2.22.2.jar (41 kB at 66 kB/s)
Downloading from central: https://repo.maven.apache.org/maven2/org/moditect/moditect-maven-plugin/1.0.0.Beta2/moditect-maven-plugin-1.0.0.Beta2.pom
Progress (1): 859 B
Progress (1): 3.7 kB
Progress (1): 4.1 kB
                    
Downloaded from central: https://repo.maven.apache.org/maven2/org/moditect/moditect-maven-plugin/1.0.0.Beta2/moditect-maven-plugin-1.0.0.Beta2.pom (4.1 kB at 20 kB/s)
Downloading from central: https://repo.maven.apache.org/maven2/org/moditect/moditect-parent/1.0.0.Beta2/moditect-parent-1.0.0.Beta2.pom
Progress (1): 765 B
Progress (1): 2.5 kB
Progress (1): 7.5 kB
Progress (1): 10 kB 
                   
Downloaded from central: https://repo.maven.apache.org/maven2/org/moditect/moditect-parent/1.0.0.Beta2/moditect-parent-1.0.0.Beta2.pom (10 kB at 51 kB/s)
Downloading from central: https://repo.maven.apache.org/maven2/org/moditect/moditect-maven-plugin/1.0.0.Beta2/moditect-maven-plugin-1.0.0.Beta2.jar
Progress (1): 7.7/42 kB
Progress (1): 16/42 kB 
Progress (1): 24/42 kB
Progress (1): 40/42 kB
Progress (1): 42 kB   
                   
Downloaded from central: https://repo.maven.apache.org/maven2/org/moditect/moditect-maven-plugin/1.0.0.Beta2/moditect-maven-plugin-1.0.0.Beta2.jar (42 kB at 89 kB/s)
[INFO] 
[INFO] --- enforcer:3.0.0-M1:enforce (enforce-java) @ jackson-core ---
Downloading from central: https://repo.maven.apache.org/maven2/org/codehaus/plexus/plexus-utils/3.0.24/plexus-utils-3.0.24.pom
Progress (1): 810 B
Progress (1): 2.4 kB
Progress (1): 4.1 kB
                    
Downloaded from central: https://repo.maven.apache.org/maven2/org/codehaus/plexus/plexus-utils/3.0.24/plexus-utils-3.0.24.pom (4.1 kB at 21 kB/s)
Downloading from central: https://repo.maven.apache.org/maven2/org/apache/maven/enforcer/enforcer-api/3.0.0-M1/enforcer-api-3.0.0-M1.pom
Progress (1): 857 B
Progress (1): 2.5 kB
Progress (1): 2.9 kB
                    
Downloaded from central: https://repo.maven.apache.org/maven2/org/apache/maven/enforcer/enforcer-api/3.0.0-M1/enforcer-api-3.0.0-M1.pom (2.9 kB at 14 kB/s)
Downloading from central: https://repo.maven.apache.org/maven2/junit/junit/4.11/junit-4.11.pom
Progress (1): 1.2 kB
Progress (1): 2.3 kB
                    
Downloaded from central: https://repo.maven.apache.org/maven2/junit/junit/4.11/junit-4.11.pom (2.3 kB at 4.5 kB/s)
Downloading from central: https://repo.maven.apache.org/maven2/org/apache/maven/enforcer/enforcer-rules/3.0.0-M1/enforcer-rules-3.0.0-M1.pom
Progress (1): 853 B
Progress (1): 3.7 kB
Progress (1): 3.9 kB
                    
Downloaded from central: https://repo.maven.apache.org/maven2/org/apache/maven/enforcer/enforcer-rules/3.0.0-M1/enforcer-rules-3.0.0-M1.pom (3.9 kB at 5.3 kB/s)
Downloading from central: https://repo.maven.apache.org/maven2/org/apache/maven/shared/maven-common-artifact-filters/3.0.1/maven-common-artifact-filters-3.0.1.pom
Progress (1): 807 B
Progress (1): 2.3 kB
Progress (1): 4.8 kB
                    
Downloaded from central: https://repo.maven.apache.org/maven2/org/apache/maven/shared/maven-common-artifact-filters/3.0.1/maven-common-artifact-filters-3.0.1.pom (4.8 kB at 25 kB/s)
Downloading from central: https://repo.maven.apache.org/maven2/org/apache/maven/shared/maven-shared-utils/3.1.0/maven-shared-utils-3.1.0.pom
Progress (1): 802 B
Progress (1): 2.3 kB
Progress (1): 4.5 kB
Progress (1): 5.0 kB
                    
Downloaded from central: https://repo.maven.apache.org/maven2/org/apache/maven/shared/maven-shared-utils/3.1.0/maven-shared-utils-3.1.0.pom (5.0 kB at 8.8 kB/s)
Downloading from central: https://repo.maven.apache.org/maven2/org/apache/commons/commons-lang3/3.5/commons-lang3-3.5.pom
Progress (1): 752 B
Progress (1): 2.1 kB
Progress (1): 5.4 kB
Progress (1): 9.0 kB
Progress (1): 12 kB 
Progress (1): 14 kB
Progress (1): 16 kB
Progress (1): 19 kB
Progress (1): 22 kB
Progress (1): 23 kB
                   
Downloaded from central: https://repo.maven.apache.org/maven2/org/apache/commons/commons-lang3/3.5/commons-lang3-3.5.pom (23 kB at 108 kB/s)
Downloading from central: https://repo.maven.apache.org/maven2/org/apache/commons/commons-parent/41/commons-parent-41.pom
Progress (1): 705 B
Progress (1): 1.9 kB
Progress (1): 3.2 kB
Progress (1): 4.5 kB
Progress (1): 6.0 kB
Progress (1): 9.4 kB
Progress (1): 12 kB 
Progress (1): 14 kB
Progress (1): 18 kB
Progress (1): 21 kB
Progress (1): 23 kB
Progress (1): 26 kB
Progress (1): 29 kB
Progress (1): 32 kB
Progress (1): 34 kB
Progress (1): 35 kB
Progress (1): 37 kB
Progress (1): 42 kB
Progress (1): 46 kB
Progress (1): 51 kB
Progress (1): 54 kB
Progress (1): 56 kB
Progress (1): 58 kB
Progress (1): 59 kB
Progress (1): 62 kB
Progress (1): 63 kB
Progress (1): 65 kB
                   
Downloaded from central: https://repo.maven.apache.org/maven2/org/apache/commons/commons-parent/41/commons-parent-41.pom (65 kB at 248 kB/s)
Downloading from central: https://repo.maven.apache.org/maven2/commons-codec/commons-codec/1.6/commons-codec-1.6.pom
Progress (1): 752 B
Progress (1): 2.1 kB
Progress (1): 4.4 kB
Progress (1): 6.6 kB
Progress (1): 9.2 kB
Progress (1): 11 kB 
                   
Downloaded from central: https://repo.maven.apache.org/maven2/commons-codec/commons-codec/1.6/commons-codec-1.6.pom (11 kB at 35 kB/s)
Downloading from central: https://repo.maven.apache.org/maven2/org/apache/commons/commons-parent/22/commons-parent-22.pom
Progress (1): 724 B
Progress (1): 1.9 kB
Progress (1): 3.4 kB
Progress (1): 7.0 kB
Progress (1): 9.8 kB
Progress (1): 14 kB 
Progress (1): 17 kB
Progress (1): 19 kB
Progress (1): 23 kB
Progress (1): 30 kB
Progress (1): 33 kB
Progress (1): 36 kB
Progress (1): 38 kB
Progress (1): 41 kB
Progress (1): 42 kB
                   
Downloaded from central: https://repo.maven.apache.org/maven2/org/apache/commons/commons-parent/22/commons-parent-22.pom (42 kB at 182 kB/s)
Downloading from central: https://repo.maven.apache.org/maven2/org/beanshell/bsh/2.0b4/bsh-2.0b4.pom
Progress (1): 1.2 kB
                    
Downloaded from central: https://repo.maven.apache.org/maven2/org/beanshell/bsh/2.0b4/bsh-2.0b4.pom (1.2 kB at 1.3 kB/s)
Downloading from central: https://repo.maven.apache.org/maven2/org/beanshell/beanshell/2.0b4/beanshell-2.0b4.pom
Progress (1): 1.4 kB
                    
Downloaded from central: https://repo.maven.apache.org/maven2/org/beanshell/beanshell/2.0b4/beanshell-2.0b4.pom (1.4 kB at 3.5 kB/s)
Downloading from central: https://repo.maven.apache.org/maven2/org/apache/maven/shared/maven-dependency-tree/2.2/maven-dependency-tree-2.2.pom
Progress (1): 784 B
Progress (1): 2.3 kB
Progress (1): 4.9 kB
Progress (1): 7.3 kB
                    
Downloaded from central: https://repo.maven.apache.org/maven2/org/apache/maven/shared/maven-dependency-tree/2.2/maven-dependency-tree-2.2.pom (7.3 kB at 7.7 kB/s)
Downloading from central: https://repo.maven.apache.org/maven2/org/apache/maven/maven-compat/3.0/maven-compat-3.0.pom
Progress (1): 843 B
Progress (1): 3.6 kB
Progress (1): 4.0 kB
                    
Downloaded from central: https://repo.maven.apache.org/maven2/org/apache/maven/maven-compat/3.0/maven-compat-3.0.pom (4.0 kB at 6.0 kB/s)
Downloading from central: https://repo.maven.apache.org/maven2/org/codehaus/plexus/plexus-utils/3.0.24/plexus-utils-3.0.24.jar
Progress (1): 7.7/247 kB
Progress (1): 11/247 kB 
Progress (1): 28/247 kB
Progress (1): 44/247 kB
Progress (1): 61/247 kB
Progress (1): 77/247 kB
Progress (1): 93/247 kB
Progress (1): 110/247 kB
Progress (1): 126/247 kB
Progress (1): 131/247 kB
Progress (1): 147/247 kB
Progress (1): 164/247 kB
Progress (1): 180/247 kB
Progress (1): 197/247 kB
Progress (1): 213/247 kB
Progress (1): 229/247 kB
Progress (1): 246/247 kB
Progress (1): 247 kB    
                    
Downloaded from central: https://repo.maven.apache.org/maven2/org/codehaus/plexus/plexus-utils/3.0.24/plexus-utils-3.0.24.jar (247 kB at 16 kB/s)
Downloading from central: https://repo.maven.apache.org/maven2/org/apache/maven/enforcer/enforcer-api/3.0.0-M1/enforcer-api-3.0.0-M1.jar
Downloading from central: https://repo.maven.apache.org/maven2/junit/junit/4.11/junit-4.11.jar
Downloading from central: https://repo.maven.apache.org/maven2/org/apache/maven/enforcer/enforcer-rules/3.0.0-M1/enforcer-rules-3.0.0-M1.jar
Downloading from central: https://repo.maven.apache.org/maven2/org/apache/maven/shared/maven-common-artifact-filters/3.0.1/maven-common-artifact-filters-3.0.1.jar
Downloading from central: https://repo.maven.apache.org/maven2/org/apache/maven/shared/maven-shared-utils/3.1.0/maven-shared-utils-3.1.0.jar
Progress (1): 7.7/12 kB
Progress (1): 12 kB    
                   
Downloaded from central: https://repo.maven.apache.org/maven2/org/apache/maven/enforcer/enforcer-api/3.0.0-M1/enforcer-api-3.0.0-M1.jar (12 kB at 20 kB/s)
Downloading from central: https://repo.maven.apache.org/maven2/org/apache/commons/commons-lang3/3.5/commons-lang3-3.5.jar
Progress (1): 0.9/61 kB
Progress (1): 2.3/61 kB
Progress (1): 3.6/61 kB
Progress (1): 5.0/61 kB
Progress (1): 6.4/61 kB
Progress (1): 7.7/61 kB
Progress (1): 9.1/61 kB
Progress (1): 10/61 kB 
Progress (1): 12/61 kB
Progress (2): 12/61 kB | 0.9/164 kB
Progress (2): 13/61 kB | 0.9/164 kB
Progress (2): 13/61 kB | 2.3/164 kB
Progress (2): 15/61 kB | 2.3/164 kB
Progress (2): 15/61 kB | 3.6/164 kB
Progress (2): 16/61 kB | 3.6/164 kB
Progress (2): 16/61 kB | 5.0/164 kB
Progress (2): 17/61 kB | 5.0/164 kB
Progress (2): 17/61 kB | 6.4/164 kB
Progress (2): 19/61 kB | 6.4/164 kB
Progress (2): 19/61 kB | 7.7/164 kB
Progress (2): 20/61 kB | 7.7/164 kB
Progress (2): 20/61 kB | 9.1/164 kB
Progress (2): 21/61 kB | 9.1/164 kB
Progress (2): 21/61 kB | 10/164 kB 
Progress (2): 23/61 kB | 10/164 kB
Progress (2): 23/61 kB | 12/164 kB
Progress (2): 24/61 kB | 12/164 kB
Progress (2): 24/61 kB | 13/164 kB
Progress (2): 26/61 kB | 13/164 kB
Progress (2): 26/61 kB | 15/164 kB
Progress (2): 27/61 kB | 15/164 kB
Progress (2): 27/61 kB | 16/164 kB
Progress (2): 28/61 kB | 16/164 kB
Progress (2): 28/61 kB | 17/164 kB
Progress (2): 29/61 kB | 17/164 kB
Progress (2): 29/61 kB | 19/164 kB
Progress (2): 30/61 kB | 19/164 kB
Progress (2): 30/61 kB | 20/164 kB
Progress (2): 32/61 kB | 20/164 kB
Progress (2): 32/61 kB | 21/164 kB
Progress (2): 33/61 kB | 21/164 kB
Progress (2): 33/61 kB | 23/164 kB
Progress (2): 35/61 kB | 23/164 kB
Progress (2): 35/61 kB | 24/164 kB
Progress (2): 36/61 kB | 24/164 kB
Progress (2): 36/61 kB | 26/164 kB
Progress (2): 37/61 kB | 26/164 kB
Progress (2): 37/61 kB | 27/164 kB
Progress (2): 39/61 kB | 27/164 kB
Progress (2): 39/61 kB | 28/164 kB
Progress (2): 40/61 kB | 28/164 kB
Progress (2): 40/61 kB | 30/164 kB
Progress (2): 41/61 kB | 30/164 kB
Progress (2): 43/61 kB | 30/164 kB
Progress (2): 44/61 kB | 30/164 kB
Progress (2): 44/61 kB | 31/164 kB
Progress (2): 46/61 kB | 31/164 kB
Progress (2): 46/61 kB | 32/164 kB
Progress (2): 47/61 kB | 32/164 kB
Progress (2): 47/61 kB | 34/164 kB
Progress (2): 47/61 kB | 35/164 kB
Progress (2): 47/61 kB | 36/164 kB
Progress (2): 48/61 kB | 36/164 kB
Progress (2): 48/61 kB | 38/164 kB
Progress (2): 50/61 kB | 38/164 kB
Progress (2): 50/61 kB | 39/164 kB
Progress (2): 51/61 kB | 39/164 kB
Progress (2): 51/61 kB | 41/164 kB
Progress (2): 52/61 kB | 41/164 kB
Progress (2): 54/61 kB | 41/164 kB
Progress (2): 54/61 kB | 42/164 kB
Progress (2): 55/61 kB | 42/164 kB
Progress (2): 55/61 kB | 43/164 kB
Progress (2): 55/61 kB | 45/164 kB
Progress (2): 55/61 kB | 46/164 kB
Progress (2): 59/61 kB | 46/164 kB
Progress (2): 59/61 kB | 47/164 kB
Progress (2): 61 kB | 47/164 kB   
Progress (2): 61 kB | 49/164 kB
Progress (2): 61 kB | 50/164 kB
Progress (2): 61 kB | 52/164 kB
Progress (2): 61 kB | 53/164 kB
Progress (2): 61 kB | 54/164 kB
Progress (2): 61 kB | 56/164 kB
Progress (2): 61 kB | 60/164 kB
Progress (2): 61 kB | 64/164 kB
Progress (2): 61 kB | 68/164 kB
Progress (2): 61 kB | 73/164 kB
Progress (2): 61 kB | 77/164 kB
Progress (2): 61 kB | 81/164 kB
Progress (2): 61 kB | 85/164 kB
Progress (2): 61 kB | 89/164 kB
Progress (2): 61 kB | 94/164 kB
Progress (2): 61 kB | 98/164 kB
Progress (2): 61 kB | 102/164 kB
Progress (2): 61 kB | 106/164 kB
Progress (2): 61 kB | 111/164 kB
Progress (2): 61 kB | 115/164 kB
Progress (2): 61 kB | 119/164 kB
Progress (2): 61 kB | 122/164 kB
Progress (2): 61 kB | 127/164 kB
Progress (2): 61 kB | 131/164 kB
Progress (2): 61 kB | 135/164 kB
Progress (2): 61 kB | 139/164 kB
Progress (2): 61 kB | 144/164 kB
Progress (2): 61 kB | 148/164 kB
Progress (2): 61 kB | 152/164 kB
Progress (2): 61 kB | 156/164 kB
Progress (2): 61 kB | 160/164 kB
Progress (2): 61 kB | 164 kB    
                            
Downloaded from central: https://repo.maven.apache.org/maven2/org/apache/maven/shared/maven-shared-utils/3.1.0/maven-shared-utils-3.1.0.jar (164 kB at 103 kB/s)
Downloading from central: https://repo.maven.apache.org/maven2/commons-codec/commons-codec/1.6/commons-codec-1.6.jar
Progress (2): 61 kB | 0.9/105 kB
Progress (3): 61 kB | 0.9/105 kB | 7.7/480 kB
Progress (3): 61 kB | 2.3/105 kB | 7.7/480 kB
Progress (3): 61 kB | 3.6/105 kB | 7.7/480 kB
Progress (3): 61 kB | 5.0/105 kB | 7.7/480 kB
Progress (3): 61 kB | 5.0/105 kB | 16/480 kB 
Progress (3): 61 kB | 6.4/105 kB | 16/480 kB
Progress (3): 61 kB | 7.7/105 kB | 16/480 kB
Progress (3): 61 kB | 9.1/105 kB | 16/480 kB
Progress (3): 61 kB | 10/105 kB | 16/480 kB 
Progress (3): 61 kB | 12/105 kB | 16/480 kB
Progress (3): 61 kB | 13/105 kB | 16/480 kB
Progress (3): 61 kB | 15/105 kB | 16/480 kB
Progress (3): 61 kB | 16/105 kB | 16/480 kB
Progress (3): 61 kB | 17/105 kB | 16/480 kB
Progress (3): 61 kB | 19/105 kB | 16/480 kB
                                           
Downloaded from central: https://repo.maven.apache.org/maven2/org/apache/maven/shared/maven-common-artifact-filters/3.0.1/maven-common-artifact-filters-3.0.1.jar (61 kB at 38 kB/s)
Progress (2): 20/105 kB | 16/480 kB
                                   
Downloading from central: https://repo.maven.apache.org/maven2/org/beanshell/bsh/2.0b4/bsh-2.0b4.jar
Progress (2): 21/105 kB | 16/480 kB
Progress (2): 23/105 kB | 16/480 kB
Progress (2): 24/105 kB | 16/480 kB
Progress (2): 26/105 kB | 16/480 kB
Progress (2): 27/105 kB | 16/480 kB
Progress (2): 28/105 kB | 16/480 kB
Progress (2): 30/105 kB | 16/480 kB
Progress (2): 31/105 kB | 16/480 kB
Progress (2): 32/105 kB | 16/480 kB
Progress (2): 34/105 kB | 16/480 kB
Progress (2): 35/105 kB | 16/480 kB
Progress (2): 36/105 kB | 16/480 kB
Progress (2): 38/105 kB | 16/480 kB
Progress (2): 39/105 kB | 16/480 kB
Progress (2): 41/105 kB | 16/480 kB
Progress (2): 41/105 kB | 29/480 kB
Progress (2): 42/105 kB | 29/480 kB
Progress (2): 43/105 kB | 29/480 kB
Progress (2): 45/105 kB | 29/480 kB
Progress (2): 46/105 kB | 29/480 kB
Progress (2): 47/105 kB | 29/480 kB
Progress (2): 49/105 kB | 29/480 kB
Progress (2): 50/105 kB | 29/480 kB
Progress (2): 52/105 kB | 29/480 kB
Progress (2): 53/105 kB | 29/480 kB
Progress (2): 54/105 kB | 29/480 kB
Progress (2): 56/105 kB | 29/480 kB
Progress (2): 57/105 kB | 29/480 kB
Progress (2): 61/105 kB | 29/480 kB
Progress (2): 65/105 kB | 29/480 kB
Progress (3): 65/105 kB | 29/480 kB | 0.9/245 kB
Progress (3): 65/105 kB | 29/480 kB | 2.3/245 kB
Progress (3): 65/105 kB | 29/480 kB | 3.6/245 kB
Progress (3): 65/105 kB | 29/480 kB | 5.0/245 kB
Progress (3): 65/105 kB | 29/480 kB | 6.4/245 kB
Progress (3): 65/105 kB | 29/480 kB | 7.7/245 kB
Progress (3): 65/105 kB | 29/480 kB | 9.1/245 kB
Progress (3): 65/105 kB | 29/480 kB | 10/245 kB 
Progress (3): 65/105 kB | 29/480 kB | 12/245 kB
Progress (3): 65/105 kB | 29/480 kB | 13/245 kB
Progress (3): 65/105 kB | 29/480 kB | 15/245 kB
Progress (3): 65/105 kB | 29/480 kB | 16/245 kB
Progress (3): 65/105 kB | 29/480 kB | 17/245 kB
Progress (3): 65/105 kB | 29/480 kB | 19/245 kB
Progress (3): 65/105 kB | 29/480 kB | 20/245 kB
Progress (3): 65/105 kB | 29/480 kB | 21/245 kB
Progress (3): 65/105 kB | 29/480 kB | 23/245 kB
Progress (3): 65/105 kB | 29/480 kB | 24/245 kB
Progress (3): 65/105 kB | 29/480 kB | 25/245 kB
Progress (3): 65/105 kB | 29/480 kB | 27/245 kB
Progress (3): 65/105 kB | 29/480 kB | 28/245 kB
Progress (3): 65/105 kB | 29/480 kB | 30/245 kB
Progress (3): 65/105 kB | 29/480 kB | 31/245 kB
Progress (3): 65/105 kB | 29/480 kB | 32/245 kB
Progress (3): 70/105 kB | 29/480 kB | 32/245 kB
Progress (4): 70/105 kB | 29/480 kB | 32/245 kB | 3.8/282 kB
Progress (4): 74/105 kB | 29/480 kB | 32/245 kB | 3.8/282 kB
Progress (5): 74/105 kB | 29/480 kB | 32/245 kB | 3.8/282 kB | 3.8/233 kB
Progress (5): 78/105 kB | 29/480 kB | 32/245 kB | 3.8/282 kB | 3.8/233 kB
Progress (5): 78/105 kB | 29/480 kB | 32/245 kB | 8.0/282 kB | 3.8/233 kB
Progress (5): 82/105 kB | 29/480 kB | 32/245 kB | 8.0/282 kB | 3.8/233 kB
Progress (5): 82/105 kB | 29/480 kB | 32/245 kB | 8.0/282 kB | 8.0/233 kB
Progress (5): 86/105 kB | 29/480 kB | 32/245 kB | 8.0/282 kB | 8.0/233 kB
Progress (5): 91/105 kB | 29/480 kB | 32/245 kB | 8.0/282 kB | 8.0/233 kB
Progress (5): 91/105 kB | 29/480 kB | 32/245 kB | 8.0/282 kB | 12/233 kB 
Progress (5): 91/105 kB | 29/480 kB | 32/245 kB | 12/282 kB | 12/233 kB 
Progress (5): 95/105 kB | 29/480 kB | 32/245 kB | 12/282 kB | 12/233 kB
Progress (5): 95/105 kB | 29/480 kB | 32/245 kB | 15/282 kB | 12/233 kB
Progress (5): 95/105 kB | 29/480 kB | 32/245 kB | 15/282 kB | 16/233 kB
Progress (5): 99/105 kB | 29/480 kB | 32/245 kB | 15/282 kB | 16/233 kB
Progress (5): 103/105 kB | 29/480 kB | 32/245 kB | 15/282 kB | 16/233 kB
Progress (5): 105 kB | 29/480 kB | 32/245 kB | 15/282 kB | 16/233 kB    
Progress (5): 105 kB | 29/480 kB | 32/245 kB | 20/282 kB | 16/233 kB
Progress (5): 105 kB | 29/480 kB | 32/245 kB | 20/282 kB | 21/233 kB
Progress (5): 105 kB | 29/480 kB | 32/245 kB | 24/282 kB | 21/233 kB
Progress (5): 105 kB | 29/480 kB | 32/245 kB | 28/282 kB | 21/233 kB
Progress (5): 105 kB | 29/480 kB | 32/245 kB | 32/282 kB | 21/233 kB
Progress (5): 105 kB | 45/480 kB | 32/245 kB | 32/282 kB | 21/233 kB
Progress (5): 105 kB | 61/480 kB | 32/245 kB | 32/282 kB | 21/233 kB
Progress (5): 105 kB | 61/480 kB | 34/245 kB | 32/282 kB | 21/233 kB
Progress (5): 105 kB | 61/480 kB | 34/245 kB | 32/282 kB | 25/233 kB
                                                                    
Downloaded from central: https://repo.maven.apache.org/maven2/org/apache/maven/enforcer/enforcer-rules/3.0.0-M1/enforcer-rules-3.0.0-M1.jar (105 kB at 41 kB/s)
Progress (4): 61/480 kB | 34/245 kB | 37/282 kB | 25/233 kB
                                                           
Downloading from central: https://repo.maven.apache.org/maven2/org/apache/maven/shared/maven-dependency-tree/2.2/maven-dependency-tree-2.2.jar
Progress (4): 61/480 kB | 35/245 kB | 37/282 kB | 25/233 kB
Progress (4): 61/480 kB | 35/245 kB | 37/282 kB | 28/233 kB
Progress (4): 61/480 kB | 36/245 kB | 37/282 kB | 28/233 kB
Progress (4): 61/480 kB | 38/245 kB | 37/282 kB | 28/233 kB
Progress (4): 61/480 kB | 38/245 kB | 41/282 kB | 28/233 kB
Progress (4): 61/480 kB | 39/245 kB | 41/282 kB | 28/233 kB
Progress (4): 61/480 kB | 39/245 kB | 41/282 kB | 32/233 kB
Progress (4): 61/480 kB | 41/245 kB | 41/282 kB | 32/233 kB
Progress (4): 61/480 kB | 41/245 kB | 45/282 kB | 32/233 kB
Progress (4): 61/480 kB | 42/245 kB | 45/282 kB | 32/233 kB
Progress (4): 61/480 kB | 43/245 kB | 45/282 kB | 32/233 kB
Progress (4): 61/480 kB | 43/245 kB | 45/282 kB | 36/233 kB
Progress (4): 61/480 kB | 45/245 kB | 45/282 kB | 36/233 kB
Progress (4): 61/480 kB | 45/245 kB | 49/282 kB | 36/233 kB
Progress (4): 61/480 kB | 46/245 kB | 49/282 kB | 36/233 kB
Progress (4): 61/480 kB | 46/245 kB | 49/282 kB | 40/233 kB
Progress (4): 61/480 kB | 47/245 kB | 49/282 kB | 40/233 kB
Progress (4): 61/480 kB | 49/245 kB | 49/282 kB | 40/233 kB
Progress (4): 61/480 kB | 49/245 kB | 54/282 kB | 40/233 kB
Progress (4): 61/480 kB | 50/245 kB | 54/282 kB | 40/233 kB
Progress (4): 61/480 kB | 50/245 kB | 54/282 kB | 45/233 kB
Progress (4): 61/480 kB | 51/245 kB | 54/282 kB | 45/233 kB
Progress (4): 61/480 kB | 53/245 kB | 54/282 kB | 45/233 kB
Progress (4): 61/480 kB | 54/245 kB | 54/282 kB | 45/233 kB
Progress (4): 61/480 kB | 54/245 kB | 58/282 kB | 45/233 kB
Progress (4): 61/480 kB | 54/245 kB | 58/282 kB | 49/233 kB
Progress (4): 61/480 kB | 56/245 kB | 58/282 kB | 49/233 kB
Progress (4): 61/480 kB | 56/245 kB | 62/282 kB | 49/233 kB
Progress (4): 61/480 kB | 56/245 kB | 62/282 kB | 53/233 kB
Progress (4): 61/480 kB | 60/245 kB | 62/282 kB | 53/233 kB
Progress (4): 61/480 kB | 60/245 kB | 66/282 kB | 53/233 kB
Progress (4): 61/480 kB | 60/245 kB | 66/282 kB | 57/233 kB
Progress (4): 61/480 kB | 64/245 kB | 66/282 kB | 57/233 kB
Progress (4): 61/480 kB | 64/245 kB | 70/282 kB | 57/233 kB
Progress (4): 61/480 kB | 68/245 kB | 70/282 kB | 57/233 kB
Progress (4): 61/480 kB | 68/245 kB | 75/282 kB | 57/233 kB
Progress (4): 61/480 kB | 73/245 kB | 75/282 kB | 57/233 kB
Progress (4): 61/480 kB | 73/245 kB | 79/282 kB | 57/233 kB
Progress (4): 61/480 kB | 77/245 kB | 79/282 kB | 57/233 kB
Progress (4): 61/480 kB | 77/245 kB | 83/282 kB | 57/233 kB
Progress (4): 61/480 kB | 77/245 kB | 83/282 kB | 74/233 kB
Progress (4): 61/480 kB | 81/245 kB | 83/282 kB | 74/233 kB
Progress (4): 61/480 kB | 81/245 kB | 87/282 kB | 74/233 kB
Progress (4): 61/480 kB | 85/245 kB | 87/282 kB | 74/233 kB
Progress (4): 61/480 kB | 85/245 kB | 92/282 kB | 74/233 kB
Progress (4): 61/480 kB | 85/245 kB | 96/282 kB | 74/233 kB
Progress (4): 61/480 kB | 85/245 kB | 96/282 kB | 90/233 kB
Progress (4): 61/480 kB | 85/245 kB | 100/282 kB | 90/233 kB
Progress (4): 61/480 kB | 85/245 kB | 104/282 kB | 90/233 kB
Progress (4): 61/480 kB | 85/245 kB | 109/282 kB | 90/233 kB
Progress (4): 61/480 kB | 85/245 kB | 113/282 kB | 90/233 kB
Progress (4): 61/480 kB | 85/245 kB | 113/282 kB | 106/233 kB
Progress (4): 61/480 kB | 85/245 kB | 117/282 kB | 106/233 kB
Progress (4): 61/480 kB | 85/245 kB | 121/282 kB | 106/233 kB
Progress (4): 61/480 kB | 85/245 kB | 125/282 kB | 106/233 kB
Progress (4): 61/480 kB | 85/245 kB | 125/282 kB | 123/233 kB
Progress (4): 61/480 kB | 85/245 kB | 130/282 kB | 123/233 kB
Progress (4): 61/480 kB | 85/245 kB | 134/282 kB | 123/233 kB
Progress (4): 61/480 kB | 85/245 kB | 138/282 kB | 123/233 kB
Progress (4): 61/480 kB | 85/245 kB | 142/282 kB | 123/233 kB
Progress (4): 61/480 kB | 85/245 kB | 142/282 kB | 139/233 kB
Progress (4): 61/480 kB | 85/245 kB | 147/282 kB | 139/233 kB
Progress (4): 61/480 kB | 85/245 kB | 151/282 kB | 139/233 kB
Progress (4): 61/480 kB | 85/245 kB | 155/282 kB | 139/233 kB
Progress (4): 61/480 kB | 85/245 kB | 159/282 kB | 139/233 kB
Progress (4): 61/480 kB | 85/245 kB | 159/282 kB | 156/233 kB
Progress (4): 61/480 kB | 85/245 kB | 159/282 kB | 159/233 kB
Progress (4): 61/480 kB | 85/245 kB | 176/282 kB | 159/233 kB
Progress (4): 61/480 kB | 85/245 kB | 176/282 kB | 175/233 kB
Progress (4): 61/480 kB | 85/245 kB | 192/282 kB | 175/233 kB
Progress (4): 61/480 kB | 85/245 kB | 192/282 kB | 192/233 kB
Progress (4): 61/480 kB | 85/245 kB | 208/282 kB | 192/233 kB
Progress (4): 61/480 kB | 85/245 kB | 208/282 kB | 208/233 kB
Progress (4): 61/480 kB | 85/245 kB | 225/282 kB | 208/233 kB
Progress (4): 61/480 kB | 85/245 kB | 225/282 kB | 224/233 kB
Progress (4): 61/480 kB | 85/245 kB | 225/282 kB | 233 kB    
Progress (4): 61/480 kB | 85/245 kB | 241/282 kB | 233 kB
                                                         
Downloaded from central: https://repo.maven.apache.org/maven2/commons-codec/commons-codec/1.6/commons-codec-1.6.jar (233 kB at 90 kB/s)
Downloading from central: https://repo.maven.apache.org/maven2/org/eclipse/aether/aether-util/0.9.0.M2/aether-util-0.9.0.M2.jar
Progress (3): 61/480 kB | 85/245 kB | 258/282 kB
Progress (3): 61/480 kB | 85/245 kB | 274/282 kB
Progress (3): 61/480 kB | 85/245 kB | 278/282 kB
Progress (3): 61/480 kB | 85/245 kB | 282 kB    
                                            
Downloaded from central: https://repo.maven.apache.org/maven2/org/beanshell/bsh/2.0b4/bsh-2.0b4.jar (282 kB at 109 kB/s)
Downloading from central: https://repo.maven.apache.org/maven2/org/apache/maven/maven-compat/3.0/maven-compat-3.0.jar
Progress (2): 61/480 kB | 89/245 kB
Progress (3): 61/480 kB | 89/245 kB | 3.8/64 kB
Progress (4): 61/480 kB | 89/245 kB | 3.8/64 kB | 7.7/134 kB
Progress (5): 61/480 kB | 89/245 kB | 3.8/64 kB | 7.7/134 kB | 7.7/285 kB
Progress (5): 61/480 kB | 89/245 kB | 3.8/64 kB | 7.7/134 kB | 7.7/285 kB
Progress (5): 61/480 kB | 89/245 kB | 8.0/64 kB | 7.7/134 kB | 7.7/285 kB
Progress (5): 61/480 kB | 94/245 kB | 8.0/64 kB | 7.7/134 kB | 7.7/285 kB
Progress (5): 61/480 kB | 94/245 kB | 8.0/64 kB | 7.7/134 kB | 15/285 kB 
Progress (5): 61/480 kB | 94/245 kB | 12/64 kB | 7.7/134 kB | 15/285 kB 
Progress (5): 61/480 kB | 98/245 kB | 12/64 kB | 7.7/134 kB | 15/285 kB
Progress (5): 61/480 kB | 98/245 kB | 16/64 kB | 7.7/134 kB | 15/285 kB
Progress (5): 61/480 kB | 98/245 kB | 21/64 kB | 7.7/134 kB | 15/285 kB
Progress (5): 61/480 kB | 102/245 kB | 21/64 kB | 7.7/134 kB | 15/285 kB
Progress (5): 61/480 kB | 102/245 kB | 24/64 kB | 7.7/134 kB | 15/285 kB
Progress (5): 61/480 kB | 102/245 kB | 28/64 kB | 7.7/134 kB | 15/285 kB
Progress (5): 61/480 kB | 106/245 kB | 28/64 kB | 7.7/134 kB | 15/285 kB
Progress (5): 61/480 kB | 106/245 kB | 28/64 kB | 24/134 kB | 15/285 kB 
Progress (5): 61/480 kB | 106/245 kB | 33/64 kB | 24/134 kB | 15/285 kB
Progress (5): 61/480 kB | 106/245 kB | 37/64 kB | 24/134 kB | 15/285 kB
Progress (5): 61/480 kB | 111/245 kB | 37/64 kB | 24/134 kB | 15/285 kB
Progress (5): 61/480 kB | 111/245 kB | 41/64 kB | 24/134 kB | 15/285 kB
Progress (5): 61/480 kB | 111/245 kB | 45/64 kB | 24/134 kB | 15/285 kB
Progress (5): 61/480 kB | 115/245 kB | 45/64 kB | 24/134 kB | 15/285 kB
Progress (5): 61/480 kB | 115/245 kB | 49/64 kB | 24/134 kB | 15/285 kB
Progress (5): 61/480 kB | 115/245 kB | 54/64 kB | 24/134 kB | 15/285 kB
Progress (5): 61/480 kB | 119/245 kB | 54/64 kB | 24/134 kB | 15/285 kB
Progress (5): 61/480 kB | 119/245 kB | 58/64 kB | 24/134 kB | 15/285 kB
Progress (5): 61/480 kB | 119/245 kB | 62/64 kB | 24/134 kB | 15/285 kB
Progress (5): 61/480 kB | 123/245 kB | 62/64 kB | 24/134 kB | 15/285 kB
Progress (5): 61/480 kB | 123/245 kB | 64 kB | 24/134 kB | 15/285 kB   
Progress (5): 61/480 kB | 127/245 kB | 64 kB | 24/134 kB | 15/285 kB
Progress (5): 61/480 kB | 132/245 kB | 64 kB | 24/134 kB | 15/285 kB
Progress (5): 61/480 kB | 136/245 kB | 64 kB | 24/134 kB | 15/285 kB
                                                                    
Downloaded from central: https://repo.maven.apache.org/maven2/org/apache/maven/shared/maven-dependency-tree/2.2/maven-dependency-tree-2.2.jar (64 kB at 20 kB/s)
Progress (4): 61/480 kB | 140/245 kB | 24/134 kB | 15/285 kB
Progress (4): 61/480 kB | 144/245 kB | 24/134 kB | 15/285 kB
Progress (4): 61/480 kB | 149/245 kB | 24/134 kB | 15/285 kB
Progress (4): 61/480 kB | 153/245 kB | 24/134 kB | 15/285 kB
Progress (4): 61/480 kB | 155/245 kB | 24/134 kB | 15/285 kB
Progress (4): 61/480 kB | 159/245 kB | 24/134 kB | 15/285 kB
Progress (4): 61/480 kB | 164/245 kB | 24/134 kB | 15/285 kB
Progress (4): 61/480 kB | 168/245 kB | 24/134 kB | 15/285 kB
Progress (4): 61/480 kB | 172/245 kB | 24/134 kB | 15/285 kB
Progress (4): 61/480 kB | 176/245 kB | 24/134 kB | 15/285 kB
Progress (4): 61/480 kB | 181/245 kB | 24/134 kB | 15/285 kB
Progress (4): 61/480 kB | 185/245 kB | 24/134 kB | 15/285 kB
Progress (4): 61/480 kB | 189/245 kB | 24/134 kB | 15/285 kB
Progress (4): 61/480 kB | 193/245 kB | 24/134 kB | 15/285 kB
Progress (4): 61/480 kB | 197/245 kB | 24/134 kB | 15/285 kB
Progress (4): 61/480 kB | 202/245 kB | 24/134 kB | 15/285 kB
Progress (4): 61/480 kB | 206/245 kB | 24/134 kB | 15/285 kB
Progress (4): 61/480 kB | 210/245 kB | 24/134 kB | 15/285 kB
Progress (4): 61/480 kB | 214/245 kB | 24/134 kB | 15/285 kB
Progress (4): 61/480 kB | 219/245 kB | 24/134 kB | 15/285 kB
Progress (4): 61/480 kB | 223/245 kB | 24/134 kB | 15/285 kB
Progress (4): 78/480 kB | 223/245 kB | 24/134 kB | 15/285 kB
Progress (4): 78/480 kB | 223/245 kB | 24/134 kB | 32/285 kB
Progress (4): 78/480 kB | 223/245 kB | 24/134 kB | 48/285 kB
Progress (4): 78/480 kB | 223/245 kB | 24/134 kB | 65/285 kB
Progress (4): 78/480 kB | 223/245 kB | 24/134 kB | 81/285 kB
Progress (4): 78/480 kB | 223/245 kB | 24/134 kB | 97/285 kB
Progress (4): 78/480 kB | 223/245 kB | 24/134 kB | 114/285 kB
Progress (4): 78/480 kB | 223/245 kB | 24/134 kB | 115/285 kB
Progress (4): 78/480 kB | 223/245 kB | 24/134 kB | 131/285 kB
Progress (4): 78/480 kB | 223/245 kB | 24/134 kB | 147/285 kB
Progress (4): 78/480 kB | 223/245 kB | 24/134 kB | 164/285 kB
Progress (4): 78/480 kB | 223/245 kB | 24/134 kB | 180/285 kB
Progress (4): 78/480 kB | 223/245 kB | 24/134 kB | 197/285 kB
Progress (4): 78/480 kB | 223/245 kB | 24/134 kB | 213/285 kB
Progress (4): 78/480 kB | 223/245 kB | 24/134 kB | 229/285 kB
Progress (4): 78/480 kB | 223/245 kB | 24/134 kB | 246/285 kB
Progress (4): 78/480 kB | 223/245 kB | 24/134 kB | 262/285 kB
Progress (4): 78/480 kB | 223/245 kB | 24/134 kB | 279/285 kB
Progress (4): 78/480 kB | 223/245 kB | 24/134 kB | 285 kB    
                                                         
Downloaded from central: https://repo.maven.apache.org/maven2/org/apache/maven/maven-compat/3.0/maven-compat-3.0.jar (285 kB at 90 kB/s)
Progress (3): 94/480 kB | 223/245 kB | 24/134 kB
Progress (3): 94/480 kB | 223/245 kB | 40/134 kB
Progress (3): 94/480 kB | 223/245 kB | 57/134 kB
Progress (3): 94/480 kB | 223/245 kB | 73/134 kB
Progress (3): 94/480 kB | 223/245 kB | 90/134 kB
Progress (3): 94/480 kB | 239/245 kB | 90/134 kB
Progress (3): 94/480 kB | 245 kB | 90/134 kB    
                                            
Downloaded from central: https://repo.maven.apache.org/maven2/junit/junit/4.11/junit-4.11.jar (245 kB at 74 kB/s)
Progress (2): 111/480 kB | 90/134 kB
Progress (2): 111/480 kB | 106/134 kB
Progress (2): 111/480 kB | 122/134 kB
Progress (2): 111/480 kB | 134 kB    
                                 
Downloaded from central: https://repo.maven.apache.org/maven2/org/eclipse/aether/aether-util/0.9.0.M2/aether-util-0.9.0.M2.jar (134 kB at 34 kB/s)
Progress (1): 127/480 kB
Progress (1): 143/480 kB
Progress (1): 160/480 kB
Progress (1): 176/480 kB
Progress (1): 193/480 kB
Progress (1): 209/480 kB
Progress (1): 225/480 kB
Progress (1): 242/480 kB
Progress (1): 245/480 kB
Progress (1): 262/480 kB
Progress (1): 278/480 kB
Progress (1): 294/480 kB
Progress (1): 311/480 kB
Progress (1): 327/480 kB
Progress (1): 343/480 kB
Progress (1): 360/480 kB
Progress (1): 376/480 kB
Progress (1): 393/480 kB
Progress (1): 409/480 kB
Progress (1): 425/480 kB
Progress (1): 442/480 kB
Progress (1): 458/480 kB
Progress (1): 474/480 kB
Progress (1): 480 kB    
                    
Downloaded from central: https://repo.maven.apache.org/maven2/org/apache/commons/commons-lang3/3.5/commons-lang3-3.5.jar (480 kB at 57 kB/s)
[INFO] 
[INFO] --- enforcer:3.0.0-M1:enforce (enforce-properties) @ jackson-core ---
[INFO] 
[INFO] --- jacoco:0.8.4:prepare-agent (default) @ jackson-core ---
Downloading from central: https://repo.maven.apache.org/maven2/org/codehaus/plexus/plexus-component-annotations/1.5.4/plexus-component-annotations-1.5.4.pom
Progress (1): 815 B
                   
Downloaded from central: https://repo.maven.apache.org/maven2/org/codehaus/plexus/plexus-component-annotations/1.5.4/plexus-component-annotations-1.5.4.pom (815 B at 4.3 kB/s)
Downloading from central: https://repo.maven.apache.org/maven2/org/apache/maven/shared/file-management/1.2.1/file-management-1.2.1.pom
Progress (1): 816 B
Progress (1): 2.5 kB
Progress (1): 3.9 kB
                    
Downloaded from central: https://repo.maven.apache.org/maven2/org/apache/maven/shared/file-management/1.2.1/file-management-1.2.1.pom (3.9 kB at 20 kB/s)
Downloading from central: https://repo.maven.apache.org/maven2/org/apache/maven/shared/maven-shared-components/10/maven-shared-components-10.pom
Progress (1): 776 B
Progress (1): 2.9 kB
Progress (1): 6.6 kB
Progress (1): 8.4 kB
                    
Downloaded from central: https://repo.maven.apache.org/maven2/org/apache/maven/shared/maven-shared-components/10/maven-shared-components-10.pom (8.4 kB at 17 kB/s)
Downloading from central: https://repo.maven.apache.org/maven2/org/apache/maven/maven-parent/9/maven-parent-9.pom
Progress (1): 725 B
Progress (1): 1.9 kB
Progress (1): 6.2 kB
Progress (1): 11 kB 
Progress (1): 14 kB
Progress (1): 16 kB
Progress (1): 21 kB
Progress (1): 24 kB
Progress (1): 30 kB
Progress (1): 33 kB
                   
Downloaded from central: https://repo.maven.apache.org/maven2/org/apache/maven/maven-parent/9/maven-parent-9.pom (33 kB at 79 kB/s)
Downloading from central: https://repo.maven.apache.org/maven2/org/apache/maven/maven-plugin-api/2.0.6/maven-plugin-api-2.0.6.pom
Progress (1): 847 B
Progress (1): 1.5 kB
                    
Downloaded from central: https://repo.maven.apache.org/maven2/org/apache/maven/maven-plugin-api/2.0.6/maven-plugin-api-2.0.6.pom (1.5 kB at 1.4 kB/s)
Downloading from central: https://repo.maven.apache.org/maven2/org/apache/maven/maven/2.0.6/maven-2.0.6.pom
Progress (1): 782 B
Progress (1): 2.0 kB
Progress (1): 4.4 kB
Progress (1): 9.0 kB
                    
Downloaded from central: https://repo.maven.apache.org/maven2/org/apache/maven/maven/2.0.6/maven-2.0.6.pom (9.0 kB at 18 kB/s)
Downloading from central: https://repo.maven.apache.org/maven2/org/apache/maven/maven-parent/5/maven-parent-5.pom
Progress (1): 755 B
Progress (1): 2.1 kB
Progress (1): 5.4 kB
Progress (1): 9.1 kB
Progress (1): 12 kB 
Progress (1): 15 kB
                   
Downloaded from central: https://repo.maven.apache.org/maven2/org/apache/maven/maven-parent/5/maven-parent-5.pom (15 kB at 16 kB/s)
Downloading from central: https://repo.maven.apache.org/maven2/org/apache/apache/3/apache-3.pom
Progress (1): 812 B
Progress (1): 2.3 kB
Progress (1): 3.4 kB
                    
Downloaded from central: https://repo.maven.apache.org/maven2/org/apache/apache/3/apache-3.pom (3.4 kB at 4.8 kB/s)
Downloading from central: https://repo.maven.apache.org/maven2/org/apache/maven/shared/maven-shared-io/1.1/maven-shared-io-1.1.pom
Progress (1): 813 B
Progress (1): 2.9 kB
Progress (1): 4.1 kB
                    
Downloaded from central: https://repo.maven.apache.org/maven2/org/apache/maven/shared/maven-shared-io/1.1/maven-shared-io-1.1.pom (4.1 kB at 10.0 kB/s)
Downloading from central: https://repo.maven.apache.org/maven2/org/apache/maven/shared/maven-shared-components/8/maven-shared-components-8.pom
Progress (1): 1.4 kB
Progress (1): 2.7 kB
                    
Downloaded from central: https://repo.maven.apache.org/maven2/org/apache/maven/shared/maven-shared-components/8/maven-shared-components-8.pom (2.7 kB at 14 kB/s)
Downloading from central: https://repo.maven.apache.org/maven2/org/apache/maven/maven-parent/7/maven-parent-7.pom
Progress (1): 751 B
Progress (1): 2.0 kB
Progress (1): 4.5 kB
Progress (1): 8.0 kB
Progress (1): 12 kB 
Progress (1): 16 kB
Progress (1): 20 kB
Progress (1): 21 kB
                   
Downloaded from central: https://repo.maven.apache.org/maven2/org/apache/maven/maven-parent/7/maven-parent-7.pom (21 kB at 27 kB/s)
Downloading from central: https://repo.maven.apache.org/maven2/org/apache/maven/maven-artifact/2.0.2/maven-artifact-2.0.2.pom
Progress (1): 765 B
                   
Downloaded from central: https://repo.maven.apache.org/maven2/org/apache/maven/maven-artifact/2.0.2/maven-artifact-2.0.2.pom (765 B at 3.1 kB/s)
Downloading from central: https://repo.maven.apache.org/maven2/org/apache/maven/maven/2.0.2/maven-2.0.2.pom
Progress (1): 903 B
Progress (1): 3.6 kB
Progress (1): 9.7 kB
Progress (1): 13 kB 
Progress (1): 13 kB
                   
Downloaded from central: https://repo.maven.apache.org/maven2/org/apache/maven/maven/2.0.2/maven-2.0.2.pom (13 kB at 16 kB/s)
Downloading from central: https://repo.maven.apache.org/maven2/org/codehaus/plexus/plexus-utils/1.1/plexus-utils-1.1.pom
Progress (1): 767 B
                   
Downloaded from central: https://repo.maven.apache.org/maven2/org/codehaus/plexus/plexus-utils/1.1/plexus-utils-1.1.pom (767 B at 2.3 kB/s)
Downloading from central: https://repo.maven.apache.org/maven2/org/apache/maven/maven-artifact-manager/2.0.2/maven-artifact-manager-2.0.2.pom
Progress (1): 1.4 kB
                    
Downloaded from central: https://repo.maven.apache.org/maven2/org/apache/maven/maven-artifact-manager/2.0.2/maven-artifact-manager-2.0.2.pom (1.4 kB at 6.4 kB/s)
Downloading from central: https://repo.maven.apache.org/maven2/org/apache/maven/maven-repository-metadata/2.0.2/maven-repository-metadata-2.0.2.pom
Progress (1): 1.3 kB
                    
Downloaded from central: https://repo.maven.apache.org/maven2/org/apache/maven/maven-repository-metadata/2.0.2/maven-repository-metadata-2.0.2.pom (1.3 kB at 2.8 kB/s)
Downloading from central: https://repo.maven.apache.org/maven2/org/apache/maven/wagon/wagon-provider-api/1.0-alpha-6/wagon-provider-api-1.0-alpha-6.pom
Progress (1): 588 B
                   
Downloaded from central: https://repo.maven.apache.org/maven2/org/apache/maven/wagon/wagon-provider-api/1.0-alpha-6/wagon-provider-api-1.0-alpha-6.pom (588 B at 2.7 kB/s)
Downloading from central: https://repo.maven.apache.org/maven2/org/apache/maven/wagon/wagon/1.0-alpha-6/wagon-1.0-alpha-6.pom
Progress (1): 1.2 kB
Progress (1): 4.8 kB
Progress (1): 6.4 kB
                    
Downloaded from central: https://repo.maven.apache.org/maven2/org/apache/maven/wagon/wagon/1.0-alpha-6/wagon-1.0-alpha-6.pom (6.4 kB at 25 kB/s)
Downloading from central: https://repo.maven.apache.org/maven2/org/codehaus/plexus/plexus-utils/1.4.6/plexus-utils-1.4.6.pom
Progress (1): 1.2 kB
Progress (1): 2.3 kB
                    
Downloaded from central: https://repo.maven.apache.org/maven2/org/codehaus/plexus/plexus-utils/1.4.6/plexus-utils-1.4.6.pom (2.3 kB at 10 kB/s)
Downloading from central: https://repo.maven.apache.org/maven2/org/codehaus/plexus/plexus-utils/1.5.6/plexus-utils-1.5.6.pom
Progress (1): 1.4 kB
Progress (1): 4.4 kB
Progress (1): 5.3 kB
                    
Downloaded from central: https://repo.maven.apache.org/maven2/org/codehaus/plexus/plexus-utils/1.5.6/plexus-utils-1.5.6.pom (5.3 kB at 22 kB/s)
Downloading from central: https://repo.maven.apache.org/maven2/org/codehaus/plexus/plexus/1.0.12/plexus-1.0.12.pom
Progress (1): 1.2 kB
Progress (1): 4.1 kB
Progress (1): 7.3 kB
Progress (1): 9.8 kB
Progress (1): 9.8 kB
                    
Downloaded from central: https://repo.maven.apache.org/maven2/org/codehaus/plexus/plexus/1.0.12/plexus-1.0.12.pom (9.8 kB at 13 kB/s)
Downloading from central: https://repo.maven.apache.org/maven2/org/apache/maven/reporting/maven-reporting-impl/2.1/maven-reporting-impl-2.1.pom
Progress (1): 827 B
Progress (1): 2.3 kB
Progress (1): 4.5 kB
                    
Downloaded from central: https://repo.maven.apache.org/maven2/org/apache/maven/reporting/maven-reporting-impl/2.1/maven-reporting-impl-2.1.pom (4.5 kB at 5.2 kB/s)
Downloading from central: https://repo.maven.apache.org/maven2/org/apache/maven/maven-project/2.0.10/maven-project-2.0.10.pom
Progress (1): 822 B
Progress (1): 2.8 kB
                    
Downloaded from central: https://repo.maven.apache.org/maven2/org/apache/maven/maven-project/2.0.10/maven-project-2.0.10.pom (2.8 kB at 13 kB/s)
Downloading from central: https://repo.maven.apache.org/maven2/org/apache/maven/maven/2.0.10/maven-2.0.10.pom
Progress (1): 799 B
Progress (1): 2.0 kB
Progress (1): 5.8 kB
Progress (1): 9.1 kB
Progress (1): 12 kB 
Progress (1): 17 kB
Progress (1): 21 kB
Progress (1): 24 kB
                   
Downloaded from central: https://repo.maven.apache.org/maven2/org/apache/maven/maven/2.0.10/maven-2.0.10.pom (24 kB at 45 kB/s)
Downloading from central: https://repo.maven.apache.org/maven2/org/apache/maven/maven-settings/2.0.10/maven-settings-2.0.10.pom
Progress (1): 823 B
Progress (1): 2.2 kB
                    
Downloaded from central: https://repo.maven.apache.org/maven2/org/apache/maven/maven-settings/2.0.10/maven-settings-2.0.10.pom (2.2 kB at 6.0 kB/s)
Downloading from central: https://repo.maven.apache.org/maven2/org/apache/maven/maven-model/2.0.10/maven-model-2.0.10.pom
Progress (1): 793 B
Progress (1): 3.1 kB
Progress (1): 3.3 kB
                    
Downloaded from central: https://repo.maven.apache.org/maven2/org/apache/maven/maven-model/2.0.10/maven-model-2.0.10.pom (3.3 kB at 5.5 kB/s)
Downloading from central: https://repo.maven.apache.org/maven2/org/codehaus/plexus/plexus-interpolation/1.1/plexus-interpolation-1.1.pom
Progress (1): 1.4 kB
                    
Downloaded from central: https://repo.maven.apache.org/maven2/org/codehaus/plexus/plexus-interpolation/1.1/plexus-interpolation-1.1.pom (1.4 kB at 6.6 kB/s)
Downloading from central: https://repo.maven.apache.org/maven2/org/apache/maven/maven-profile/2.0.10/maven-profile-2.0.10.pom
Progress (1): 823 B
Progress (1): 2.1 kB
                    
Downloaded from central: https://repo.maven.apache.org/maven2/org/apache/maven/maven-profile/2.0.10/maven-profile-2.0.10.pom (2.1 kB at 9.4 kB/s)
Downloading from central: https://repo.maven.apache.org/maven2/org/apache/maven/maven-artifact-manager/2.0.10/maven-artifact-manager-2.0.10.pom
Progress (1): 818 B
Progress (1): 2.7 kB
                    
Downloaded from central: https://repo.maven.apache.org/maven2/org/apache/maven/maven-artifact-manager/2.0.10/maven-artifact-manager-2.0.10.pom (2.7 kB at 12 kB/s)
Downloading from central: https://repo.maven.apache.org/maven2/org/apache/maven/maven-repository-metadata/2.0.10/maven-repository-metadata-2.0.10.pom
Progress (1): 822 B
Progress (1): 2.3 kB
                    
Downloaded from central: https://repo.maven.apache.org/maven2/org/apache/maven/maven-repository-metadata/2.0.10/maven-repository-metadata-2.0.10.pom (2.3 kB at 4.2 kB/s)
Downloading from central: https://repo.maven.apache.org/maven2/org/apache/maven/maven-artifact/2.0.10/maven-artifact-2.0.10.pom
Progress (1): 834 B
Progress (1): 1.6 kB
                    
Downloaded from central: https://repo.maven.apache.org/maven2/org/apache/maven/maven-artifact/2.0.10/maven-artifact-2.0.10.pom (1.6 kB at 5.1 kB/s)
Downloading from central: https://repo.maven.apache.org/maven2/org/apache/maven/maven-plugin-registry/2.0.10/maven-plugin-registry-2.0.10.pom
Progress (1): 827 B
Progress (1): 2.0 kB
                    
Downloaded from central: https://repo.maven.apache.org/maven2/org/apache/maven/maven-plugin-registry/2.0.10/maven-plugin-registry-2.0.10.pom (2.0 kB at 9.0 kB/s)
Downloading from central: https://repo.maven.apache.org/maven2/org/apache/maven/maven-plugin-api/2.0.10/maven-plugin-api-2.0.10.pom
Progress (1): 837 B
Progress (1): 1.5 kB
                    
Downloaded from central: https://repo.maven.apache.org/maven2/org/apache/maven/maven-plugin-api/2.0.10/maven-plugin-api-2.0.10.pom (1.5 kB at 3.1 kB/s)
Downloading from central: https://repo.maven.apache.org/maven2/org/apache/maven/doxia/doxia-sink-api/1.1.2/doxia-sink-api-1.1.2.pom
Progress (1): 834 B
Progress (1): 1.6 kB
                    
Downloaded from central: https://repo.maven.apache.org/maven2/org/apache/maven/doxia/doxia-sink-api/1.1.2/doxia-sink-api-1.1.2.pom (1.6 kB at 1.8 kB/s)
Downloading from central: https://repo.maven.apache.org/maven2/org/apache/maven/doxia/doxia/1.1.2/doxia-1.1.2.pom
Progress (1): 753 B
Progress (1): 2.1 kB
Progress (1): 5.3 kB
Progress (1): 11 kB 
Progress (1): 14 kB
Progress (1): 18 kB
                   
Downloaded from central: https://repo.maven.apache.org/maven2/org/apache/maven/doxia/doxia/1.1.2/doxia-1.1.2.pom (18 kB at 60 kB/s)
Downloading from central: https://repo.maven.apache.org/maven2/org/apache/maven/doxia/doxia-logging-api/1.1.2/doxia-logging-api-1.1.2.pom
Progress (1): 835 B
Progress (1): 1.6 kB
                    
Downloaded from central: https://repo.maven.apache.org/maven2/org/apache/maven/doxia/doxia-logging-api/1.1.2/doxia-logging-api-1.1.2.pom (1.6 kB at 7.1 kB/s)
Downloading from central: https://repo.maven.apache.org/maven2/org/apache/maven/doxia/doxia-core/1.1.2/doxia-core-1.1.2.pom
Progress (1): 799 B
Progress (1): 3.0 kB
Progress (1): 3.7 kB
                    
Downloaded from central: https://repo.maven.apache.org/maven2/org/apache/maven/doxia/doxia-core/1.1.2/doxia-core-1.1.2.pom (3.7 kB at 16 kB/s)
Downloading from central: https://repo.maven.apache.org/maven2/org/codehaus/plexus/plexus-utils/1.5.12/plexus-utils-1.5.12.pom
Progress (1): 1.0 kB
Progress (1): 3.7 kB
Progress (1): 5.6 kB
                    
Downloaded from central: https://repo.maven.apache.org/maven2/org/codehaus/plexus/plexus-utils/1.5.12/plexus-utils-1.5.12.pom (5.6 kB at 12 kB/s)
Downloading from central: https://repo.maven.apache.org/maven2/xerces/xercesImpl/2.8.1/xercesImpl-2.8.1.pom
Progress (1): 996 B
Progress (1): 2.2 kB
                    
Downloaded from central: https://repo.maven.apache.org/maven2/xerces/xercesImpl/2.8.1/xercesImpl-2.8.1.pom (2.2 kB at 10.0 kB/s)
Downloading from central: https://repo.maven.apache.org/maven2/xml-apis/xml-apis/1.3.03/xml-apis-1.3.03.pom
Progress (1): 738 B
                   
Downloaded from central: https://repo.maven.apache.org/maven2/xml-apis/xml-apis/1.3.03/xml-apis-1.3.03.pom (738 B at 1.6 kB/s)
Downloading from central: https://repo.maven.apache.org/maven2/org/apache/apache/1/apache-1.pom
Progress (1): 805 B
Progress (1): 2.3 kB
Progress (1): 3.4 kB
                    
Downloaded from central: https://repo.maven.apache.org/maven2/org/apache/apache/1/apache-1.pom (3.4 kB at 6.1 kB/s)
Downloading from central: https://repo.maven.apache.org/maven2/commons-lang/commons-lang/2.4/commons-lang-2.4.pom
Progress (1): 791 B
Progress (1): 2.2 kB
Progress (1): 6.1 kB
Progress (1): 10 kB 
Progress (1): 13 kB
Progress (1): 14 kB
                   
Downloaded from central: https://repo.maven.apache.org/maven2/commons-lang/commons-lang/2.4/commons-lang-2.4.pom (14 kB at 16 kB/s)
Downloading from central: https://repo.maven.apache.org/maven2/org/apache/commons/commons-parent/9/commons-parent-9.pom
Progress (1): 1.1 kB
Progress (1): 2.7 kB
Progress (1): 7.5 kB
Progress (1): 10 kB 
Progress (1): 13 kB
Progress (1): 19 kB
Progress (1): 22 kB
                   
Downloaded from central: https://repo.maven.apache.org/maven2/org/apache/commons/commons-parent/9/commons-parent-9.pom (22 kB at 35 kB/s)
Downloading from central: https://repo.maven.apache.org/maven2/commons-httpclient/commons-httpclient/3.1/commons-httpclient-3.1.pom
Progress (1): 962 B
Progress (1): 4.0 kB
Progress (1): 6.4 kB
Progress (1): 7.8 kB
                    
Downloaded from central: https://repo.maven.apache.org/maven2/commons-httpclient/commons-httpclient/3.1/commons-httpclient-3.1.pom (7.8 kB at 9.9 kB/s)
Downloading from central: https://repo.maven.apache.org/maven2/commons-logging/commons-logging/1.0.4/commons-logging-1.0.4.pom
Progress (1): 1.5 kB
Progress (1): 4.1 kB
Progress (1): 5.3 kB
                    
Downloaded from central: https://repo.maven.apache.org/maven2/commons-logging/commons-logging/1.0.4/commons-logging-1.0.4.pom (5.3 kB at 7.4 kB/s)
Downloading from central: https://repo.maven.apache.org/maven2/commons-codec/commons-codec/1.2/commons-codec-1.2.pom
Progress (1): 993 B
Progress (1): 2.9 kB
Progress (1): 3.8 kB
                    
Downloaded from central: https://repo.maven.apache.org/maven2/commons-codec/commons-codec/1.2/commons-codec-1.2.pom (3.8 kB at 4.6 kB/s)
Downloading from central: https://repo.maven.apache.org/maven2/org/apache/maven/doxia/doxia-site-renderer/1.1.2/doxia-site-renderer-1.1.2.pom
Progress (1): 785 B
Progress (1): 2.6 kB
Progress (1): 6.1 kB
                    
Downloaded from central: https://repo.maven.apache.org/maven2/org/apache/maven/doxia/doxia-site-renderer/1.1.2/doxia-site-renderer-1.1.2.pom (6.1 kB at 11 kB/s)
Downloading from central: https://repo.maven.apache.org/maven2/org/apache/maven/doxia/doxia-sitetools/1.1.2/doxia-sitetools-1.1.2.pom
Progress (1): 747 B
Progress (1): 2.2 kB
Progress (1): 5.4 kB
Progress (1): 9.7 kB
Progress (1): 13 kB 
Progress (1): 15 kB
                   
Downloaded from central: https://repo.maven.apache.org/maven2/org/apache/maven/doxia/doxia-sitetools/1.1.2/doxia-sitetools-1.1.2.pom (15 kB at 18 kB/s)
Downloading from central: https://repo.maven.apache.org/maven2/org/apache/maven/doxia/doxia-decoration-model/1.1.2/doxia-decoration-model-1.1.2.pom
Progress (1): 818 B
Progress (1): 2.5 kB
Progress (1): 3.0 kB
                    
Downloaded from central: https://repo.maven.apache.org/maven2/org/apache/maven/doxia/doxia-decoration-model/1.1.2/doxia-decoration-model-1.1.2.pom (3.0 kB at 12 kB/s)
Downloading from central: https://repo.maven.apache.org/maven2/org/apache/maven/doxia/doxia-module-xhtml/1.1.2/doxia-module-xhtml-1.1.2.pom
Progress (1): 832 B
Progress (1): 1.6 kB
                    
Downloaded from central: https://repo.maven.apache.org/maven2/org/apache/maven/doxia/doxia-module-xhtml/1.1.2/doxia-module-xhtml-1.1.2.pom (1.6 kB at 7.1 kB/s)
Downloading from central: https://repo.maven.apache.org/maven2/org/apache/maven/doxia/doxia-modules/1.1.2/doxia-modules-1.1.2.pom
Progress (1): 819 B
Progress (1): 2.4 kB
                    
Downloaded from central: https://repo.maven.apache.org/maven2/org/apache/maven/doxia/doxia-modules/1.1.2/doxia-modules-1.1.2.pom (2.4 kB at 3.5 kB/s)
Downloading from central: https://repo.maven.apache.org/maven2/org/apache/maven/doxia/doxia-module-fml/1.1.2/doxia-module-fml-1.1.2.pom
Progress (1): 785 B
Progress (1): 2.4 kB
Progress (1): 5.1 kB
Progress (1): 5.5 kB
                    
Downloaded from central: https://repo.maven.apache.org/maven2/org/apache/maven/doxia/doxia-module-fml/1.1.2/doxia-module-fml-1.1.2.pom (5.5 kB at 21 kB/s)
Downloading from central: https://repo.maven.apache.org/maven2/commons-collections/commons-collections/3.2.2/commons-collections-3.2.2.pom
Progress (1): 785 B
Progress (1): 2.4 kB
Progress (1): 5.9 kB
Progress (1): 9.5 kB
Progress (1): 11 kB 
Progress (1): 12 kB
                   
Downloaded from central: https://repo.maven.apache.org/maven2/commons-collections/commons-collections/3.2.2/commons-collections-3.2.2.pom (12 kB at 41 kB/s)
Downloading from central: https://repo.maven.apache.org/maven2/commons-validator/commons-validator/1.2.0/commons-validator-1.2.0.pom
Progress (1): 1.2 kB
Progress (1): 4.3 kB
Progress (1): 6.4 kB
Progress (1): 9.1 kB
                    
Downloaded from central: https://repo.maven.apache.org/maven2/commons-validator/commons-validator/1.2.0/commons-validator-1.2.0.pom (9.1 kB at 11 kB/s)
Downloading from central: https://repo.maven.apache.org/maven2/commons-beanutils/commons-beanutils/1.7.0/commons-beanutils-1.7.0.pom
Progress (1): 357 B
                   
Downloaded from central: https://repo.maven.apache.org/maven2/commons-beanutils/commons-beanutils/1.7.0/commons-beanutils-1.7.0.pom (357 B at 587 B/s)
Downloading from central: https://repo.maven.apache.org/maven2/commons-logging/commons-logging/1.0.3/commons-logging-1.0.3.pom
Progress (1): 866 B
                   
Downloaded from central: https://repo.maven.apache.org/maven2/commons-logging/commons-logging/1.0.3/commons-logging-1.0.3.pom (866 B at 1.7 kB/s)
Downloading from central: https://repo.maven.apache.org/maven2/commons-digester/commons-digester/1.6/commons-digester-1.6.pom
Progress (1): 974 B
                   
Downloaded from central: https://repo.maven.apache.org/maven2/commons-digester/commons-digester/1.6/commons-digester-1.6.pom (974 B at 4.6 kB/s)
Downloading from central: https://repo.maven.apache.org/maven2/commons-beanutils/commons-beanutils/1.6/commons-beanutils-1.6.pom
Progress (1): 1.9 kB
Progress (1): 2.3 kB
                    
Downloaded from central: https://repo.maven.apache.org/maven2/commons-beanutils/commons-beanutils/1.6/commons-beanutils-1.6.pom (2.3 kB at 6.5 kB/s)
Downloading from central: https://repo.maven.apache.org/maven2/commons-logging/commons-logging/1.0/commons-logging-1.0.pom
Progress (1): 163 B
                   
Downloaded from central: https://repo.maven.apache.org/maven2/commons-logging/commons-logging/1.0/commons-logging-1.0.pom (163 B at 802 B/s)
Downloading from central: https://repo.maven.apache.org/maven2/xml-apis/xml-apis/1.0.b2/xml-apis-1.0.b2.pom
Progress (1): 955 B
Progress (1): 2.2 kB
                    
Downloaded from central: https://repo.maven.apache.org/maven2/xml-apis/xml-apis/1.0.b2/xml-apis-1.0.b2.pom (2.2 kB at 9.3 kB/s)
Downloading from central: https://repo.maven.apache.org/maven2/xml-apis/xml-apis/2.0.2/xml-apis-2.0.2.pom
Progress (1): 346 B
                   
Downloaded from central: https://repo.maven.apache.org/maven2/xml-apis/xml-apis/2.0.2/xml-apis-2.0.2.pom (346 B at 572 B/s)
Downloading from central: https://repo.maven.apache.org/maven2/org/jacoco/org.jacoco.agent/0.8.4/org.jacoco.agent-0.8.4.pom
Progress (1): 858 B
Progress (1): 3.4 kB
Progress (1): 3.5 kB
                    
Downloaded from central: https://repo.maven.apache.org/maven2/org/jacoco/org.jacoco.agent/0.8.4/org.jacoco.agent-0.8.4.pom (3.5 kB at 8.7 kB/s)
Downloading from central: https://repo.maven.apache.org/maven2/org/jacoco/org.jacoco.core/0.8.4/org.jacoco.core-0.8.4.pom
Progress (1): 910 B
Progress (1): 2.1 kB
                    
Downloaded from central: https://repo.maven.apache.org/maven2/org/jacoco/org.jacoco.core/0.8.4/org.jacoco.core-0.8.4.pom (2.1 kB at 3.1 kB/s)
Downloading from central: https://repo.maven.apache.org/maven2/org/ow2/asm/asm/7.1/asm-7.1.pom
Progress (1): 1.2 kB
Progress (1): 2.9 kB
                    
Downloaded from central: https://repo.maven.apache.org/maven2/org/ow2/asm/asm/7.1/asm-7.1.pom (2.9 kB at 5.5 kB/s)
Downloading from central: https://repo.maven.apache.org/maven2/org/ow2/asm/asm-commons/7.1/asm-commons-7.1.pom
Progress (1): 1.1 kB
Progress (1): 3.7 kB
                    
Downloaded from central: https://repo.maven.apache.org/maven2/org/ow2/asm/asm-commons/7.1/asm-commons-7.1.pom (3.7 kB at 16 kB/s)
Downloading from central: https://repo.maven.apache.org/maven2/org/ow2/asm/asm-tree/7.1/asm-tree-7.1.pom
Progress (1): 1.2 kB
Progress (1): 3.1 kB
                    
Downloaded from central: https://repo.maven.apache.org/maven2/org/ow2/asm/asm-tree/7.1/asm-tree-7.1.pom (3.1 kB at 14 kB/s)
Downloading from central: https://repo.maven.apache.org/maven2/org/ow2/asm/asm-analysis/7.1/asm-analysis-7.1.pom
Progress (1): 1.2 kB
Progress (1): 3.2 kB
                    
Downloaded from central: https://repo.maven.apache.org/maven2/org/ow2/asm/asm-analysis/7.1/asm-analysis-7.1.pom (3.2 kB at 13 kB/s)
Downloading from central: https://repo.maven.apache.org/maven2/org/jacoco/org.jacoco.report/0.8.4/org.jacoco.report-0.8.4.pom
Progress (1): 912 B
Progress (1): 1.9 kB
                    
Downloaded from central: https://repo.maven.apache.org/maven2/org/jacoco/org.jacoco.report/0.8.4/org.jacoco.report-0.8.4.pom (1.9 kB at 2.0 kB/s)
Downloading from central: https://repo.maven.apache.org/maven2/org/codehaus/plexus/plexus-utils/3.0.22/plexus-utils-3.0.22.jar
Progress (1): 7.7/245 kB
Progress (1): 16/245 kB 
Progress (1): 32/245 kB
Progress (1): 49/245 kB
Progress (1): 65/245 kB
Progress (1): 81/245 kB
Progress (1): 98/245 kB
Progress (1): 114/245 kB
Progress (1): 131/245 kB
Progress (1): 147/245 kB
Progress (1): 163/245 kB
Progress (1): 180/245 kB
Progress (1): 196/245 kB
Progress (1): 212/245 kB
Progress (1): 229/245 kB
Progress (1): 245 kB    
                    
Downloaded from central: https://repo.maven.apache.org/maven2/org/codehaus/plexus/plexus-utils/3.0.22/plexus-utils-3.0.22.jar (245 kB at 31 kB/s)
Downloading from central: https://repo.maven.apache.org/maven2/org/apache/maven/shared/file-management/1.2.1/file-management-1.2.1.jar
Downloading from central: https://repo.maven.apache.org/maven2/org/apache/maven/shared/maven-shared-io/1.1/maven-shared-io-1.1.jar
Downloading from central: https://repo.maven.apache.org/maven2/org/apache/maven/maven-artifact-manager/2.0.2/maven-artifact-manager-2.0.2.jar
Downloading from central: https://repo.maven.apache.org/maven2/org/apache/maven/wagon/wagon-provider-api/1.0-alpha-6/wagon-provider-api-1.0-alpha-6.jar
Downloading from central: https://repo.maven.apache.org/maven2/org/apache/maven/reporting/maven-reporting-impl/2.1/maven-reporting-impl-2.1.jar
Progress (1): 7.7/17 kB
Progress (1): 16/17 kB 
Progress (1): 17 kB   
                   
Downloaded from central: https://repo.maven.apache.org/maven2/org/apache/maven/reporting/maven-reporting-impl/2.1/maven-reporting-impl-2.1.jar (17 kB at 80 kB/s)
Downloading from central: https://repo.maven.apache.org/maven2/org/apache/maven/maven-project/2.0.10/maven-project-2.0.10.jar
Progress (1): 3.8/43 kB
Progress (1): 8.0/43 kB
Progress (1): 12/43 kB 
Progress (1): 16/43 kB
Progress (1): 21/43 kB
Progress (1): 24/43 kB
Progress (2): 24/43 kB | 7.7/49 kB
Progress (2): 24/43 kB | 16/49 kB 
Progress (2): 28/43 kB | 16/49 kB
Progress (2): 33/43 kB | 16/49 kB
Progress (2): 37/43 kB | 16/49 kB
Progress (2): 41/43 kB | 16/49 kB
Progress (2): 43 kB | 16/49 kB   
                              
Downloaded from central: https://repo.maven.apache.org/maven2/org/apache/maven/wagon/wagon-provider-api/1.0-alpha-6/wagon-provider-api-1.0-alpha-6.jar (43 kB at 168 kB/s)
Downloading from central: https://repo.maven.apache.org/maven2/org/apache/maven/maven-profile/2.0.10/maven-profile-2.0.10.jar
Progress (1): 25/49 kB
Progress (2): 25/49 kB | 7.7/38 kB
Progress (2): 25/49 kB | 7.7/38 kB
Progress (2): 41/49 kB | 7.7/38 kB
Progress (3): 41/49 kB | 7.7/38 kB | 7.7/123 kB
Progress (4): 41/49 kB | 7.7/38 kB | 7.7/123 kB | 7.7/37 kB
Progress (5): 41/49 kB | 7.7/38 kB | 7.7/123 kB | 7.7/37 kB | 7.7/39 kB
Progress (5): 41/49 kB | 7.7/38 kB | 7.7/123 kB | 7.7/37 kB | 7.7/39 kB
Progress (5): 41/49 kB | 24/38 kB | 7.7/123 kB | 7.7/37 kB | 7.7/39 kB 
Progress (5): 41/49 kB | 24/38 kB | 7.7/123 kB | 7.7/37 kB | 15/39 kB 
Progress (5): 41/49 kB | 24/38 kB | 7.7/123 kB | 16/37 kB | 15/39 kB 
Progress (5): 49 kB | 24/38 kB | 7.7/123 kB | 16/37 kB | 15/39 kB   
Progress (5): 49 kB | 24/38 kB | 7.7/123 kB | 16/37 kB | 32/39 kB
Progress (5): 49 kB | 24/38 kB | 24/123 kB | 16/37 kB | 32/39 kB 
Progress (5): 49 kB | 24/38 kB | 24/123 kB | 32/37 kB | 32/39 kB
Progress (5): 49 kB | 38 kB | 24/123 kB | 32/37 kB | 32/39 kB   
                                                             
Downloaded from central: https://repo.maven.apache.org/maven2/org/apache/maven/maven-artifact-manager/2.0.2/maven-artifact-manager-2.0.2.jar (49 kB at 61 kB/s)
Progress (4): 38 kB | 24/123 kB | 37 kB | 32/39 kB
                                                  
Downloading from central: https://repo.maven.apache.org/maven2/org/apache/maven/maven-plugin-registry/2.0.10/maven-plugin-registry-2.0.10.jar
Progress (4): 38 kB | 24/123 kB | 37 kB | 39 kB
Progress (4): 38 kB | 40/123 kB | 37 kB | 39 kB
                                               
Downloaded from central: https://repo.maven.apache.org/maven2/org/apache/maven/maven-profile/2.0.10/maven-profile-2.0.10.jar (37 kB at 46 kB/s)
Downloading from central: https://repo.maven.apache.org/maven2/org/apache/maven/doxia/doxia-core/1.1.2/doxia-core-1.1.2.jar
Downloaded from central: https://repo.maven.apache.org/maven2/org/apache/maven/shared/maven-shared-io/1.1/maven-shared-io-1.1.jar (39 kB at 49 kB/s)
Downloading from central: https://repo.maven.apache.org/maven2/org/apache/maven/doxia/doxia-logging-api/1.1.2/doxia-logging-api-1.1.2.jar
Downloaded from central: https://repo.maven.apache.org/maven2/org/apache/maven/shared/file-management/1.2.1/file-management-1.2.1.jar (38 kB at 47 kB/s)
Downloading from central: https://repo.maven.apache.org/maven2/xerces/xercesImpl/2.8.1/xercesImpl-2.8.1.jar
Progress (1): 57/123 kB
Progress (1): 66/123 kB
Progress (1): 82/123 kB
Progress (1): 98/123 kB
Progress (1): 115/123 kB
Progress (1): 123 kB    
                    
Downloaded from central: https://repo.maven.apache.org/maven2/org/apache/maven/maven-project/2.0.10/maven-project-2.0.10.jar (123 kB at 152 kB/s)
Downloading from central: https://repo.maven.apache.org/maven2/commons-lang/commons-lang/2.4/commons-lang-2.4.jar
Progress (1): 3.2/11 kB
Progress (2): 3.2/11 kB | 7.7/262 kB
Progress (3): 3.2/11 kB | 7.7/262 kB | 7.7/30 kB
Progress (4): 3.2/11 kB | 7.7/262 kB | 7.7/30 kB | 7.7/158 kB
Progress (5): 3.2/11 kB | 7.7/262 kB | 7.7/30 kB | 7.7/158 kB | 0/1.2 MB
Progress (5): 3.2/11 kB | 7.7/262 kB | 16/30 kB | 7.7/158 kB | 0/1.2 MB 
Progress (5): 3.2/11 kB | 16/262 kB | 16/30 kB | 7.7/158 kB | 0/1.2 MB 
Progress (5): 3.2/11 kB | 16/262 kB | 16/30 kB | 16/158 kB | 0/1.2 MB 
Progress (5): 3.2/11 kB | 16/262 kB | 16/30 kB | 16/158 kB | 0/1.2 MB
Progress (5): 11 kB | 16/262 kB | 16/30 kB | 16/158 kB | 0/1.2 MB    
Progress (5): 11 kB | 16/262 kB | 25/30 kB | 16/158 kB | 0/1.2 MB
Progress (5): 11 kB | 25/262 kB | 25/30 kB | 16/158 kB | 0/1.2 MB
Progress (5): 11 kB | 25/262 kB | 25/30 kB | 16/158 kB | 0/1.2 MB
Progress (5): 11 kB | 25/262 kB | 30 kB | 16/158 kB | 0/1.2 MB   
Progress (5): 11 kB | 25/262 kB | 30 kB | 32/158 kB | 0/1.2 MB
                                                              
Downloaded from central: https://repo.maven.apache.org/maven2/org/apache/maven/doxia/doxia-logging-api/1.1.2/doxia-logging-api-1.1.2.jar (11 kB at 7.3 kB/s)
Downloading from central: https://repo.maven.apache.org/maven2/commons-httpclient/commons-httpclient/3.1/commons-httpclient-3.1.jar
Progress (4): 25/262 kB | 30 kB | 32/158 kB | 0/1.2 MB
                                                      
Downloaded from central: https://repo.maven.apache.org/maven2/org/apache/maven/maven-plugin-registry/2.0.10/maven-plugin-registry-2.0.10.jar (30 kB at 20 kB/s)
Downloading from central: https://repo.maven.apache.org/maven2/commons-codec/commons-codec/1.2/commons-codec-1.2.jar
Progress (3): 41/262 kB | 32/158 kB | 0/1.2 MB
Progress (3): 41/262 kB | 49/158 kB | 0/1.2 MB
Progress (3): 41/262 kB | 49/158 kB | 0/1.2 MB
Progress (3): 57/262 kB | 49/158 kB | 0/1.2 MB
Progress (3): 57/262 kB | 65/158 kB | 0/1.2 MB
Progress (3): 57/262 kB | 66/158 kB | 0/1.2 MB
Progress (3): 57/262 kB | 66/158 kB | 0.1/1.2 MB
Progress (3): 74/262 kB | 66/158 kB | 0.1/1.2 MB
Progress (3): 74/262 kB | 82/158 kB | 0.1/1.2 MB
Progress (3): 74/262 kB | 82/158 kB | 0.1/1.2 MB
Progress (3): 90/262 kB | 82/158 kB | 0.1/1.2 MB
Progress (3): 90/262 kB | 98/158 kB | 0.1/1.2 MB
Progress (3): 90/262 kB | 98/158 kB | 0.1/1.2 MB
Progress (3): 106/262 kB | 98/158 kB | 0.1/1.2 MB
Progress (3): 106/262 kB | 115/158 kB | 0.1/1.2 MB
Progress (3): 106/262 kB | 115/158 kB | 0.1/1.2 MB
Progress (3): 123/262 kB | 115/158 kB | 0.1/1.2 MB
Progress (3): 123/262 kB | 131/158 kB | 0.1/1.2 MB
Progress (3): 123/262 kB | 131/158 kB | 0.1/1.2 MB
Progress (3): 139/262 kB | 131/158 kB | 0.1/1.2 MB
Progress (3): 139/262 kB | 131/158 kB | 0.1/1.2 MB
Progress (3): 156/262 kB | 131/158 kB | 0.1/1.2 MB
Progress (3): 156/262 kB | 131/158 kB | 0.2/1.2 MB
Progress (3): 172/262 kB | 131/158 kB | 0.2/1.2 MB
Progress (3): 188/262 kB | 131/158 kB | 0.2/1.2 MB
Progress (3): 205/262 kB | 131/158 kB | 0.2/1.2 MB
Progress (3): 221/262 kB | 131/158 kB | 0.2/1.2 MB
Progress (3): 238/262 kB | 131/158 kB | 0.2/1.2 MB
Progress (3): 254/262 kB | 131/158 kB | 0.2/1.2 MB
Progress (3): 262 kB | 131/158 kB | 0.2/1.2 MB    
                                              
Downloaded from central: https://repo.maven.apache.org/maven2/commons-lang/commons-lang/2.4/commons-lang-2.4.jar (262 kB at 167 kB/s)
Downloading from central: https://repo.maven.apache.org/maven2/org/apache/maven/doxia/doxia-site-renderer/1.1.2/doxia-site-renderer-1.1.2.jar
Progress (2): 147/158 kB | 0.2/1.2 MB
Progress (2): 147/158 kB | 0.2/1.2 MB
Progress (2): 147/158 kB | 0.2/1.2 MB
Progress (2): 147/158 kB | 0.2/1.2 MB
Progress (2): 147/158 kB | 0.2/1.2 MB
Progress (2): 158 kB | 0.2/1.2 MB    
                                 
Downloaded from central: https://repo.maven.apache.org/maven2/org/apache/maven/doxia/doxia-core/1.1.2/doxia-core-1.1.2.jar (158 kB at 97 kB/s)
Downloading from central: https://repo.maven.apache.org/maven2/org/apache/maven/doxia/doxia-decoration-model/1.1.2/doxia-decoration-model-1.1.2.jar
Progress (1): 0.2/1.2 MB
Progress (1): 0.3/1.2 MB
Progress (1): 0.3/1.2 MB
Progress (1): 0.3/1.2 MB
Progress (2): 0.3/1.2 MB | 3.2/50 kB
Progress (2): 0.3/1.2 MB | 11/50 kB 
Progress (3): 0.3/1.2 MB | 11/50 kB | 7.7/52 kB
Progress (3): 0.3/1.2 MB | 11/50 kB | 7.7/52 kB
Progress (3): 0.3/1.2 MB | 11/50 kB | 7.7/52 kB
Progress (3): 0.3/1.2 MB | 11/50 kB | 7.7/52 kB
Progress (3): 0.3/1.2 MB | 11/50 kB | 7.7/52 kB
Progress (3): 0.4/1.2 MB | 11/50 kB | 7.7/52 kB
Progress (3): 0.4/1.2 MB | 11/50 kB | 7.7/52 kB
Progress (3): 0.4/1.2 MB | 11/50 kB | 7.7/52 kB
Progress (3): 0.4/1.2 MB | 28/50 kB | 7.7/52 kB
Progress (3): 0.4/1.2 MB | 44/50 kB | 7.7/52 kB
Progress (3): 0.4/1.2 MB | 50 kB | 7.7/52 kB   
                                            
Downloaded from central: https://repo.maven.apache.org/maven2/org/apache/maven/doxia/doxia-site-renderer/1.1.2/doxia-site-renderer-1.1.2.jar (50 kB at 26 kB/s)
Downloading from central: https://repo.maven.apache.org/maven2/org/apache/maven/doxia/doxia-module-xhtml/1.1.2/doxia-module-xhtml-1.1.2.jar
Progress (3): 0.4/1.2 MB | 7.7/52 kB | 7.7/305 kB
Progress (3): 0.4/1.2 MB | 7.7/52 kB | 16/305 kB 
Progress (3): 0.4/1.2 MB | 7.7/52 kB | 24/305 kB
Progress (3): 0.4/1.2 MB | 7.7/52 kB | 24/305 kB
Progress (3): 0.4/1.2 MB | 7.7/52 kB | 40/305 kB
Progress (4): 0.4/1.2 MB | 7.7/52 kB | 40/305 kB | 7.7/30 kB
Progress (4): 0.4/1.2 MB | 7.7/52 kB | 40/305 kB | 7.7/30 kB
Progress (4): 0.4/1.2 MB | 24/52 kB | 40/305 kB | 7.7/30 kB 
Progress (4): 0.4/1.2 MB | 24/52 kB | 40/305 kB | 7.7/30 kB
Progress (4): 0.4/1.2 MB | 24/52 kB | 40/305 kB | 24/30 kB 
Progress (4): 0.4/1.2 MB | 40/52 kB | 40/305 kB | 24/30 kB
Progress (4): 0.4/1.2 MB | 40/52 kB | 40/305 kB | 24/30 kB
Progress (4): 0.4/1.2 MB | 40/52 kB | 57/305 kB | 24/30 kB
Progress (4): 0.4/1.2 MB | 52 kB | 57/305 kB | 24/30 kB   
Progress (4): 0.5/1.2 MB | 52 kB | 57/305 kB | 24/30 kB
Progress (4): 0.5/1.2 MB | 52 kB | 57/305 kB | 24/30 kB
Progress (4): 0.5/1.2 MB | 52 kB | 73/305 kB | 24/30 kB
Progress (4): 0.5/1.2 MB | 52 kB | 73/305 kB | 24/30 kB
Progress (4): 0.5/1.2 MB | 52 kB | 90/305 kB | 24/30 kB
Progress (4): 0.5/1.2 MB | 52 kB | 106/305 kB | 24/30 kB
Progress (4): 0.5/1.2 MB | 52 kB | 122/305 kB | 24/30 kB
Progress (4): 0.5/1.2 MB | 52 kB | 122/305 kB | 24/30 kB
Progress (4): 0.5/1.2 MB | 52 kB | 122/305 kB | 24/30 kB
Progress (5): 0.5/1.2 MB | 52 kB | 122/305 kB | 24/30 kB | 7.7/15 kB
Progress (5): 0.5/1.2 MB | 52 kB | 122/305 kB | 24/30 kB | 7.7/15 kB
                                                                    
Downloaded from central: https://repo.maven.apache.org/maven2/org/apache/maven/doxia/doxia-decoration-model/1.1.2/doxia-decoration-model-1.1.2.jar (52 kB at 23 kB/s)
Downloading from central: https://repo.maven.apache.org/maven2/org/apache/maven/doxia/doxia-module-fml/1.1.2/doxia-module-fml-1.1.2.jar
Progress (4): 0.5/1.2 MB | 122/305 kB | 24/30 kB | 15 kB
                                                        
Downloaded from central: https://repo.maven.apache.org/maven2/org/apache/maven/doxia/doxia-module-xhtml/1.1.2/doxia-module-xhtml-1.1.2.jar (15 kB at 6.5 kB/s)
Downloading from central: https://repo.maven.apache.org/maven2/commons-collections/commons-collections/3.2.2/commons-collections-3.2.2.jar
Progress (3): 0.5/1.2 MB | 139/305 kB | 24/30 kB
Progress (3): 0.5/1.2 MB | 155/305 kB | 24/30 kB
Progress (3): 0.5/1.2 MB | 155/305 kB | 24/30 kB
Progress (3): 0.6/1.2 MB | 155/305 kB | 24/30 kB
Progress (3): 0.6/1.2 MB | 155/305 kB | 24/30 kB
Progress (3): 0.6/1.2 MB | 172/305 kB | 24/30 kB
Progress (3): 0.6/1.2 MB | 188/305 kB | 24/30 kB
Progress (3): 0.6/1.2 MB | 188/305 kB | 24/30 kB
Progress (3): 0.6/1.2 MB | 188/305 kB | 24/30 kB
Progress (4): 0.6/1.2 MB | 188/305 kB | 24/30 kB | 7.7/37 kB
Progress (4): 0.6/1.2 MB | 188/305 kB | 24/30 kB | 7.7/37 kB
Progress (4): 0.6/1.2 MB | 204/305 kB | 24/30 kB | 7.7/37 kB
Progress (4): 0.6/1.2 MB | 221/305 kB | 24/30 kB | 7.7/37 kB
Progress (4): 0.6/1.2 MB | 237/305 kB | 24/30 kB | 7.7/37 kB
Progress (4): 0.6/1.2 MB | 237/305 kB | 24/30 kB | 24/37 kB 
Progress (4): 0.6/1.2 MB | 237/305 kB | 24/30 kB | 37 kB   
                                                        
Downloaded from central: https://repo.maven.apache.org/maven2/org/apache/maven/doxia/doxia-module-fml/1.1.2/doxia-module-fml-1.1.2.jar (37 kB at 15 kB/s)
Downloading from central: https://repo.maven.apache.org/maven2/commons-validator/commons-validator/1.2.0/commons-validator-1.2.0.jar
Progress (3): 0.6/1.2 MB | 237/305 kB | 24/30 kB
Progress (3): 0.6/1.2 MB | 237/305 kB | 24/30 kB
Progress (3): 0.6/1.2 MB | 237/305 kB | 30 kB   
Progress (3): 0.7/1.2 MB | 237/305 kB | 30 kB
Progress (4): 0.7/1.2 MB | 237/305 kB | 30 kB | 7.7/91 kB
Progress (4): 0.7/1.2 MB | 253/305 kB | 30 kB | 7.7/91 kB
Progress (5): 0.7/1.2 MB | 253/305 kB | 30 kB | 7.7/91 kB | 7.7/588 kB
Progress (5): 0.7/1.2 MB | 253/305 kB | 30 kB | 7.7/91 kB | 7.7/588 kB
Progress (5): 0.7/1.2 MB | 253/305 kB | 30 kB | 16/91 kB | 7.7/588 kB 
                                                                     
Downloaded from central: https://repo.maven.apache.org/maven2/commons-codec/commons-codec/1.2/commons-codec-1.2.jar (30 kB at 8.9 kB/s)
Downloading from central: https://repo.maven.apache.org/maven2/commons-beanutils/commons-beanutils/1.7.0/commons-beanutils-1.7.0.jar
Progress (4): 0.7/1.2 MB | 253/305 kB | 24/91 kB | 7.7/588 kB
Progress (4): 0.7/1.2 MB | 253/305 kB | 24/91 kB | 24/588 kB 
Progress (4): 0.7/1.2 MB | 253/305 kB | 24/91 kB | 24/588 kB
Progress (4): 0.7/1.2 MB | 270/305 kB | 24/91 kB | 24/588 kB
Progress (4): 0.7/1.2 MB | 270/305 kB | 40/91 kB | 24/588 kB
Progress (4): 0.7/1.2 MB | 270/305 kB | 40/91 kB | 40/588 kB
Progress (4): 0.7/1.2 MB | 270/305 kB | 40/91 kB | 40/588 kB
Progress (4): 0.7/1.2 MB | 270/305 kB | 57/91 kB | 40/588 kB
Progress (4): 0.7/1.2 MB | 270/305 kB | 57/91 kB | 57/588 kB
Progress (4): 0.7/1.2 MB | 286/305 kB | 57/91 kB | 57/588 kB
Progress (4): 0.7/1.2 MB | 286/305 kB | 57/91 kB | 57/588 kB
Progress (4): 0.7/1.2 MB | 286/305 kB | 73/91 kB | 57/588 kB
Progress (4): 0.7/1.2 MB | 286/305 kB | 73/91 kB | 73/588 kB
Progress (4): 0.7/1.2 MB | 286/305 kB | 90/91 kB | 73/588 kB
Progress (4): 0.7/1.2 MB | 286/305 kB | 91 kB | 73/588 kB   
Progress (4): 0.7/1.2 MB | 303/305 kB | 91 kB | 73/588 kB
Progress (4): 0.7/1.2 MB | 303/305 kB | 91 kB | 90/588 kB
Progress (4): 0.7/1.2 MB | 303/305 kB | 91 kB | 90/588 kB
Progress (4): 0.7/1.2 MB | 305 kB | 91 kB | 90/588 kB    
                                                     
Downloaded from central: https://repo.maven.apache.org/maven2/commons-validator/commons-validator/1.2.0/commons-validator-1.2.0.jar (91 kB at 27 kB/s)
Downloading from central: https://repo.maven.apache.org/maven2/commons-digester/commons-digester/1.6/commons-digester-1.6.jar
Progress (3): 0.7/1.2 MB | 305 kB | 106/588 kB
                                              
Downloaded from central: https://repo.maven.apache.org/maven2/commons-httpclient/commons-httpclient/3.1/commons-httpclient-3.1.jar (305 kB at 90 kB/s)
Downloading from central: https://repo.maven.apache.org/maven2/commons-logging/commons-logging/1.0.4/commons-logging-1.0.4.jar
Progress (2): 0.7/1.2 MB | 106/588 kB
Progress (2): 0.7/1.2 MB | 122/588 kB
Progress (2): 0.8/1.2 MB | 122/588 kB
Progress (2): 0.8/1.2 MB | 139/588 kB
Progress (2): 0.8/1.2 MB | 139/588 kB
Progress (2): 0.8/1.2 MB | 155/588 kB
Progress (2): 0.8/1.2 MB | 155/588 kB
Progress (2): 0.8/1.2 MB | 172/588 kB
Progress (2): 0.8/1.2 MB | 172/588 kB
Progress (2): 0.8/1.2 MB | 188/588 kB
Progress (2): 0.8/1.2 MB | 204/588 kB
Progress (2): 0.8/1.2 MB | 204/588 kB
Progress (2): 0.8/1.2 MB | 221/588 kB
Progress (2): 0.8/1.2 MB | 221/588 kB
Progress (2): 0.8/1.2 MB | 237/588 kB
Progress (2): 0.9/1.2 MB | 237/588 kB
Progress (2): 0.9/1.2 MB | 237/588 kB
Progress (2): 0.9/1.2 MB | 237/588 kB
Progress (2): 0.9/1.2 MB | 237/588 kB
Progress (2): 0.9/1.2 MB | 237/588 kB
Progress (2): 0.9/1.2 MB | 237/588 kB
Progress (2): 1.0/1.2 MB | 237/588 kB
Progress (2): 1.0/1.2 MB | 237/588 kB
Progress (2): 1.0/1.2 MB | 237/588 kB
Progress (2): 1.0/1.2 MB | 237/588 kB
Progress (2): 1.0/1.2 MB | 237/588 kB
Progress (2): 1.0/1.2 MB | 237/588 kB
Progress (2): 1.0/1.2 MB | 237/588 kB
Progress (2): 1.1/1.2 MB | 237/588 kB
Progress (2): 1.1/1.2 MB | 237/588 kB
Progress (2): 1.1/1.2 MB | 253/588 kB
Progress (2): 1.1/1.2 MB | 270/588 kB
Progress (2): 1.1/1.2 MB | 270/588 kB
Progress (2): 1.1/1.2 MB | 270/588 kB
Progress (2): 1.1/1.2 MB | 270/588 kB
Progress (2): 1.1/1.2 MB | 270/588 kB
Progress (2): 1.2/1.2 MB | 270/588 kB
Progress (2): 1.2/1.2 MB | 286/588 kB
Progress (3): 1.2/1.2 MB | 286/588 kB | 7.7/38 kB
Progress (3): 1.2/1.2 MB | 286/588 kB | 16/38 kB 
Progress (3): 1.2/1.2 MB | 286/588 kB | 16/38 kB
Progress (3): 1.2/1.2 MB | 303/588 kB | 16/38 kB
Progress (3): 1.2/1.2 MB | 303/588 kB | 16/38 kB
Progress (3): 1.2/1.2 MB | 319/588 kB | 16/38 kB
Progress (3): 1.2/1.2 MB | 319/588 kB | 16/38 kB
Progress (3): 1.2/1.2 MB | 335/588 kB | 16/38 kB
Progress (3): 1.2/1.2 MB | 335/588 kB | 16/38 kB
Progress (3): 1.2 MB | 335/588 kB | 16/38 kB    
Progress (3): 1.2 MB | 352/588 kB | 16/38 kB
                                            
Downloaded from central: https://repo.maven.apache.org/maven2/xerces/xercesImpl/2.8.1/xercesImpl-2.8.1.jar (1.2 MB at 324 kB/s)
Downloading from central: https://repo.maven.apache.org/maven2/xml-apis/xml-apis/1.0.b2/xml-apis-1.0.b2.jar
Progress (2): 352/588 kB | 33/38 kB
Progress (2): 352/588 kB | 38 kB   
                                
Downloaded from central: https://repo.maven.apache.org/maven2/commons-logging/commons-logging/1.0.4/commons-logging-1.0.4.jar (38 kB at 10 kB/s)
Downloading from central: https://repo.maven.apache.org/maven2/org/jacoco/org.jacoco.agent/0.8.4/org.jacoco.agent-0.8.4-runtime.jar
Progress (1): 368/588 kB
Progress (1): 385/588 kB
Progress (1): 401/588 kB
Progress (2): 401/588 kB | 7.7/189 kB
Progress (2): 401/588 kB | 16/189 kB 
Progress (2): 401/588 kB | 24/189 kB
Progress (3): 401/588 kB | 24/189 kB | 7.7/109 kB
Progress (3): 401/588 kB | 24/189 kB | 16/109 kB 
Progress (4): 401/588 kB | 24/189 kB | 16/109 kB | 7.7/281 kB
Progress (4): 417/588 kB | 24/189 kB | 16/109 kB | 7.7/281 kB
Progress (4): 417/588 kB | 24/189 kB | 16/109 kB | 16/281 kB 
Progress (5): 417/588 kB | 24/189 kB | 16/109 kB | 16/281 kB | 7.7/168 kB
Progress (5): 434/588 kB | 24/189 kB | 16/109 kB | 16/281 kB | 7.7/168 kB
Progress (5): 434/588 kB | 24/189 kB | 16/109 kB | 32/281 kB | 7.7/168 kB
Progress (5): 434/588 kB | 24/189 kB | 16/109 kB | 32/281 kB | 16/168 kB 
Progress (5): 450/588 kB | 24/189 kB | 16/109 kB | 32/281 kB | 16/168 kB
Progress (5): 450/588 kB | 24/189 kB | 16/109 kB | 48/281 kB | 16/168 kB
Progress (5): 450/588 kB | 24/189 kB | 16/109 kB | 48/281 kB | 32/168 kB
Progress (5): 450/588 kB | 24/189 kB | 16/109 kB | 65/281 kB | 32/168 kB
Progress (5): 450/588 kB | 24/189 kB | 16/109 kB | 65/281 kB | 49/168 kB
Progress (5): 450/588 kB | 24/189 kB | 16/109 kB | 81/281 kB | 49/168 kB
Progress (5): 450/588 kB | 24/189 kB | 16/109 kB | 81/281 kB | 65/168 kB
Progress (5): 450/588 kB | 24/189 kB | 16/109 kB | 97/281 kB | 65/168 kB
Progress (5): 450/588 kB | 24/189 kB | 16/109 kB | 97/281 kB | 81/168 kB
Progress (5): 450/588 kB | 24/189 kB | 16/109 kB | 114/281 kB | 81/168 kB
Progress (5): 450/588 kB | 24/189 kB | 16/109 kB | 114/281 kB | 98/168 kB
Progress (5): 450/588 kB | 24/189 kB | 16/109 kB | 114/281 kB | 114/168 kB
Progress (5): 450/588 kB | 24/189 kB | 16/109 kB | 130/281 kB | 114/168 kB
Progress (5): 450/588 kB | 24/189 kB | 16/109 kB | 131/281 kB | 114/168 kB
Progress (5): 450/588 kB | 24/189 kB | 16/109 kB | 131/281 kB | 131/168 kB
Progress (5): 450/588 kB | 24/189 kB | 16/109 kB | 147/281 kB | 131/168 kB
Progress (5): 450/588 kB | 24/189 kB | 16/109 kB | 147/281 kB | 147/168 kB
Progress (5): 450/588 kB | 24/189 kB | 16/109 kB | 164/281 kB | 147/168 kB
Progress (5): 450/588 kB | 24/189 kB | 16/109 kB | 180/281 kB | 147/168 kB
Progress (5): 450/588 kB | 24/189 kB | 16/109 kB | 197/281 kB | 147/168 kB
Progress (5): 450/588 kB | 24/189 kB | 16/109 kB | 213/281 kB | 147/168 kB
Progress (5): 450/588 kB | 24/189 kB | 16/109 kB | 229/281 kB | 147/168 kB
Progress (5): 466/588 kB | 24/189 kB | 16/109 kB | 229/281 kB | 147/168 kB
Progress (5): 466/588 kB | 24/189 kB | 24/109 kB | 229/281 kB | 147/168 kB
Progress (5): 466/588 kB | 24/189 kB | 24/109 kB | 246/281 kB | 147/168 kB
Progress (5): 466/588 kB | 24/189 kB | 40/109 kB | 246/281 kB | 147/168 kB
Progress (5): 466/588 kB | 24/189 kB | 40/109 kB | 262/281 kB | 147/168 kB
Progress (5): 483/588 kB | 24/189 kB | 40/109 kB | 262/281 kB | 147/168 kB
Progress (5): 499/588 kB | 24/189 kB | 40/109 kB | 262/281 kB | 147/168 kB
Progress (5): 499/588 kB | 24/189 kB | 40/109 kB | 262/281 kB | 163/168 kB
Progress (5): 516/588 kB | 24/189 kB | 40/109 kB | 262/281 kB | 163/168 kB
Progress (5): 516/588 kB | 24/189 kB | 40/109 kB | 262/281 kB | 168 kB    
                                                                      
Downloaded from central: https://repo.maven.apache.org/maven2/commons-digester/commons-digester/1.6/commons-digester-1.6.jar (168 kB at 40 kB/s)
Downloading from central: https://repo.maven.apache.org/maven2/org/jacoco/org.jacoco.core/0.8.4/org.jacoco.core-0.8.4.jar
Progress (4): 532/588 kB | 24/189 kB | 40/109 kB | 262/281 kB
Progress (4): 532/588 kB | 40/189 kB | 40/109 kB | 262/281 kB
Progress (4): 548/588 kB | 40/189 kB | 40/109 kB | 262/281 kB
Progress (4): 565/588 kB | 40/189 kB | 40/109 kB | 262/281 kB
Progress (4): 565/588 kB | 40/189 kB | 57/109 kB | 262/281 kB
Progress (4): 565/588 kB | 40/189 kB | 57/109 kB | 279/281 kB
Progress (4): 565/588 kB | 40/189 kB | 57/109 kB | 281 kB    
Progress (4): 565/588 kB | 40/189 kB | 73/109 kB | 281 kB
Progress (4): 565/588 kB | 40/189 kB | 90/109 kB | 281 kB
                                                         
Downloaded from central: https://repo.maven.apache.org/maven2/org/jacoco/org.jacoco.agent/0.8.4/org.jacoco.agent-0.8.4-runtime.jar (281 kB at 64 kB/s)
Downloading from central: https://repo.maven.apache.org/maven2/org/ow2/asm/asm/7.1/asm-7.1.jar
Progress (3): 565/588 kB | 40/189 kB | 106/109 kB
Progress (3): 581/588 kB | 40/189 kB | 106/109 kB
Progress (3): 588 kB | 40/189 kB | 106/109 kB    
                                             
Downloaded from central: https://repo.maven.apache.org/maven2/commons-collections/commons-collections/3.2.2/commons-collections-3.2.2.jar (588 kB at 132 kB/s)
Downloading from central: https://repo.maven.apache.org/maven2/org/ow2/asm/asm-commons/7.1/asm-commons-7.1.jar
Progress (3): 40/189 kB | 106/109 kB | 16/194 kB
Progress (3): 40/189 kB | 109 kB | 16/194 kB    
Progress (4): 40/189 kB | 109 kB | 16/194 kB | 3.2/115 kB
Progress (4): 57/189 kB | 109 kB | 16/194 kB | 3.2/115 kB
Progress (4): 57/189 kB | 109 kB | 33/194 kB | 3.2/115 kB
Progress (5): 57/189 kB | 109 kB | 33/194 kB | 3.2/115 kB | 7.7/70 kB
Progress (5): 57/189 kB | 109 kB | 33/194 kB | 3.2/115 kB | 16/70 kB 
Progress (5): 57/189 kB | 109 kB | 33/194 kB | 20/115 kB | 16/70 kB 
Progress (5): 57/189 kB | 109 kB | 49/194 kB | 20/115 kB | 16/70 kB
Progress (5): 73/189 kB | 109 kB | 49/194 kB | 20/115 kB | 16/70 kB
Progress (5): 73/189 kB | 109 kB | 49/194 kB | 36/115 kB | 16/70 kB
Progress (5): 73/189 kB | 109 kB | 66/194 kB | 36/115 kB | 16/70 kB
Progress (5): 90/189 kB | 109 kB | 66/194 kB | 36/115 kB | 16/70 kB
Progress (5): 90/189 kB | 109 kB | 66/194 kB | 52/115 kB | 16/70 kB
Progress (5): 90/189 kB | 109 kB | 82/194 kB | 52/115 kB | 16/70 kB
Progress (5): 90/189 kB | 109 kB | 82/194 kB | 69/115 kB | 16/70 kB
Progress (5): 90/189 kB | 109 kB | 98/194 kB | 69/115 kB | 16/70 kB
                                                                   
Downloaded from central: https://repo.maven.apache.org/maven2/xml-apis/xml-apis/1.0.b2/xml-apis-1.0.b2.jar (109 kB at 21 kB/s)
Downloading from central: https://repo.maven.apache.org/maven2/org/ow2/asm/asm-analysis/7.1/asm-analysis-7.1.jar
Progress (4): 90/189 kB | 98/194 kB | 85/115 kB | 16/70 kB
Progress (4): 90/189 kB | 115/194 kB | 85/115 kB | 16/70 kB
Progress (4): 90/189 kB | 115/194 kB | 101/115 kB | 16/70 kB
Progress (4): 90/189 kB | 131/194 kB | 101/115 kB | 16/70 kB
Progress (4): 90/189 kB | 131/194 kB | 115 kB | 16/70 kB    
Progress (4): 90/189 kB | 147/194 kB | 115 kB | 16/70 kB
                                                        
Downloaded from central: https://repo.maven.apache.org/maven2/org/ow2/asm/asm/7.1/asm-7.1.jar (115 kB at 23 kB/s)
Progress (3): 90/189 kB | 164/194 kB | 16/70 kB
                                               
Downloading from central: https://repo.maven.apache.org/maven2/org/ow2/asm/asm-tree/7.1/asm-tree-7.1.jar
Progress (3): 106/189 kB | 164/194 kB | 16/70 kB
Progress (3): 106/189 kB | 164/194 kB | 32/70 kB
Progress (3): 106/189 kB | 164/194 kB | 49/70 kB
Progress (3): 106/189 kB | 164/194 kB | 65/70 kB
Progress (3): 106/189 kB | 164/194 kB | 70 kB   
                                             
Downloaded from central: https://repo.maven.apache.org/maven2/org/ow2/asm/asm-commons/7.1/asm-commons-7.1.jar (70 kB at 14 kB/s)
Downloading from central: https://repo.maven.apache.org/maven2/org/jacoco/org.jacoco.report/0.8.4/org.jacoco.report-0.8.4.jar
Progress (2): 106/189 kB | 180/194 kB
Progress (2): 106/189 kB | 194 kB    
                                 
Downloaded from central: https://repo.maven.apache.org/maven2/org/jacoco/org.jacoco.core/0.8.4/org.jacoco.core-0.8.4.jar (194 kB at 37 kB/s)
Progress (1): 122/189 kB
Progress (1): 139/189 kB
Progress (2): 139/189 kB | 7.7/50 kB
Progress (3): 139/189 kB | 7.7/50 kB | 7.7/33 kB
Progress (3): 139/189 kB | 7.7/50 kB | 8.2/33 kB
Progress (3): 139/189 kB | 16/50 kB | 8.2/33 kB 
Progress (3): 139/189 kB | 24/50 kB | 8.2/33 kB
Progress (3): 139/189 kB | 24/50 kB | 25/33 kB 
Progress (3): 139/189 kB | 40/50 kB | 25/33 kB
Progress (3): 139/189 kB | 40/50 kB | 33 kB   
                                           
Downloaded from central: https://repo.maven.apache.org/maven2/org/ow2/asm/asm-analysis/7.1/asm-analysis-7.1.jar (33 kB at 6.1 kB/s)
Progress (2): 155/189 kB | 40/50 kB
Progress (3): 155/189 kB | 40/50 kB | 7.7/129 kB
Progress (3): 155/189 kB | 40/50 kB | 15/129 kB 
Progress (3): 155/189 kB | 40/50 kB | 32/129 kB
Progress (3): 155/189 kB | 40/50 kB | 48/129 kB
Progress (3): 155/189 kB | 40/50 kB | 65/129 kB
Progress (3): 155/189 kB | 40/50 kB | 81/129 kB
Progress (3): 155/189 kB | 40/50 kB | 97/129 kB
Progress (3): 155/189 kB | 50 kB | 97/129 kB   
Progress (3): 172/189 kB | 50 kB | 97/129 kB
Progress (3): 188/189 kB | 50 kB | 97/129 kB
Progress (3): 189 kB | 50 kB | 97/129 kB    
                                        
Downloaded from central: https://repo.maven.apache.org/maven2/commons-beanutils/commons-beanutils/1.7.0/commons-beanutils-1.7.0.jar (189 kB at 31 kB/s)
Downloaded from central: https://repo.maven.apache.org/maven2/org/ow2/asm/asm-tree/7.1/asm-tree-7.1.jar (50 kB at 8.2 kB/s)
Progress (1): 114/129 kB
Progress (1): 129 kB    
                    
Downloaded from central: https://repo.maven.apache.org/maven2/org/jacoco/org.jacoco.report/0.8.4/org.jacoco.report-0.8.4.jar (129 kB at 19 kB/s)
[INFO] Skipping JaCoCo execution because property jacoco.skip is set.
[INFO] argLine set to empty
[INFO] 
[INFO] --- build-helper:1.7:add-source (add-generated-sources) @ jackson-core ---
Downloading from central: https://repo.maven.apache.org/maven2/org/apache/maven/maven-model/2.0.6/maven-model-2.0.6.pom
Progress (1): 814 B
Progress (1): 3.0 kB
Progress (1): 3.0 kB
                    
Downloaded from central: https://repo.maven.apache.org/maven2/org/apache/maven/maven-model/2.0.6/maven-model-2.0.6.pom (3.0 kB at 12 kB/s)
Downloading from central: https://repo.maven.apache.org/maven2/org/apache/maven/maven-project/2.0.6/maven-project-2.0.6.pom
Progress (1): 823 B
Progress (1): 2.6 kB
                    
Downloaded from central: https://repo.maven.apache.org/maven2/org/apache/maven/maven-project/2.0.6/maven-project-2.0.6.pom (2.6 kB at 7.1 kB/s)
Downloading from central: https://repo.maven.apache.org/maven2/org/apache/maven/maven-settings/2.0.6/maven-settings-2.0.6.pom
Progress (1): 830 B
Progress (1): 2.0 kB
                    
Downloaded from central: https://repo.maven.apache.org/maven2/org/apache/maven/maven-settings/2.0.6/maven-settings-2.0.6.pom (2.0 kB at 6.7 kB/s)
Downloading from central: https://repo.maven.apache.org/maven2/junit/junit/3.8.2/junit-3.8.2.pom
Progress (1): 747 B
                   
Downloaded from central: https://repo.maven.apache.org/maven2/junit/junit/3.8.2/junit-3.8.2.pom (747 B at 3.0 kB/s)
Downloading from central: https://repo.maven.apache.org/maven2/org/apache/maven/maven-profile/2.0.6/maven-profile-2.0.6.pom
Progress (1): 830 B
Progress (1): 2.0 kB
                    
Downloaded from central: https://repo.maven.apache.org/maven2/org/apache/maven/maven-profile/2.0.6/maven-profile-2.0.6.pom (2.0 kB at 2.3 kB/s)
Downloading from central: https://repo.maven.apache.org/maven2/org/apache/maven/maven-artifact-manager/2.0.6/maven-artifact-manager-2.0.6.pom
Progress (1): 816 B
Progress (1): 2.6 kB
                    
Downloaded from central: https://repo.maven.apache.org/maven2/org/apache/maven/maven-artifact-manager/2.0.6/maven-artifact-manager-2.0.6.pom (2.6 kB at 9.4 kB/s)
Downloading from central: https://repo.maven.apache.org/maven2/org/apache/maven/maven-repository-metadata/2.0.6/maven-repository-metadata-2.0.6.pom
Progress (1): 832 B
Progress (1): 1.9 kB
                    
Downloaded from central: https://repo.maven.apache.org/maven2/org/apache/maven/maven-repository-metadata/2.0.6/maven-repository-metadata-2.0.6.pom (1.9 kB at 3.5 kB/s)
Downloading from central: https://repo.maven.apache.org/maven2/org/apache/maven/maven-artifact/2.0.6/maven-artifact-2.0.6.pom
Progress (1): 835 B
Progress (1): 1.6 kB
                    
Downloaded from central: https://repo.maven.apache.org/maven2/org/apache/maven/maven-artifact/2.0.6/maven-artifact-2.0.6.pom (1.6 kB at 3.2 kB/s)
Downloading from central: https://repo.maven.apache.org/maven2/org/apache/maven/maven-plugin-registry/2.0.6/maven-plugin-registry-2.0.6.pom
Progress (1): 830 B
Progress (1): 1.9 kB
                    
Downloaded from central: https://repo.maven.apache.org/maven2/org/apache/maven/maven-plugin-registry/2.0.6/maven-plugin-registry-2.0.6.pom (1.9 kB at 6.1 kB/s)
Downloading from central: https://repo.maven.apache.org/maven2/org/apache/maven/maven-core/2.0.6/maven-core-2.0.6.pom
Progress (1): 776 B
Progress (1): 2.7 kB
Progress (1): 6.7 kB
                    
Downloaded from central: https://repo.maven.apache.org/maven2/org/apache/maven/maven-core/2.0.6/maven-core-2.0.6.pom (6.7 kB at 9.3 kB/s)
Downloading from central: https://repo.maven.apache.org/maven2/org/apache/maven/maven-plugin-parameter-documenter/2.0.6/maven-plugin-parameter-documenter-2.0.6.pom
Progress (1): 830 B
Progress (1): 1.9 kB
                    
Downloaded from central: https://repo.maven.apache.org/maven2/org/apache/maven/maven-plugin-parameter-documenter/2.0.6/maven-plugin-parameter-documenter-2.0.6.pom (1.9 kB at 5.8 kB/s)
Downloading from central: https://repo.maven.apache.org/maven2/org/apache/maven/reporting/maven-reporting-api/2.0.6/maven-reporting-api-2.0.6.pom
Progress (1): 830 B
Progress (1): 1.8 kB
                    
Downloaded from central: https://repo.maven.apache.org/maven2/org/apache/maven/reporting/maven-reporting-api/2.0.6/maven-reporting-api-2.0.6.pom (1.8 kB at 8.1 kB/s)
Downloading from central: https://repo.maven.apache.org/maven2/org/apache/maven/reporting/maven-reporting/2.0.6/maven-reporting-2.0.6.pom
Progress (1): 835 B
Progress (1): 1.4 kB
                    
Downloaded from central: https://repo.maven.apache.org/maven2/org/apache/maven/reporting/maven-reporting/2.0.6/maven-reporting-2.0.6.pom (1.4 kB at 6.6 kB/s)
Downloading from central: https://repo.maven.apache.org/maven2/org/apache/maven/doxia/doxia-sink-api/1.0-alpha-7/doxia-sink-api-1.0-alpha-7.pom
Progress (1): 424 B
                   
Downloaded from central: https://repo.maven.apache.org/maven2/org/apache/maven/doxia/doxia-sink-api/1.0-alpha-7/doxia-sink-api-1.0-alpha-7.pom (424 B at 2.0 kB/s)
Downloading from central: https://repo.maven.apache.org/maven2/org/apache/maven/doxia/doxia/1.0-alpha-7/doxia-1.0-alpha-7.pom
Progress (1): 1.6 kB
Progress (1): 3.9 kB
                    
Downloaded from central: https://repo.maven.apache.org/maven2/org/apache/maven/doxia/doxia/1.0-alpha-7/doxia-1.0-alpha-7.pom (3.9 kB at 6.3 kB/s)
Downloading from central: https://repo.maven.apache.org/maven2/org/apache/maven/maven-error-diagnostics/2.0.6/maven-error-diagnostics-2.0.6.pom
Progress (1): 832 B
Progress (1): 1.7 kB
                    
Downloaded from central: https://repo.maven.apache.org/maven2/org/apache/maven/maven-error-diagnostics/2.0.6/maven-error-diagnostics-2.0.6.pom (1.7 kB at 3.8 kB/s)
Downloading from central: https://repo.maven.apache.org/maven2/commons-cli/commons-cli/1.0/commons-cli-1.0.pom
Progress (1): 1.4 kB
Progress (1): 2.1 kB
                    
Downloaded from central: https://repo.maven.apache.org/maven2/commons-cli/commons-cli/1.0/commons-cli-1.0.pom (2.1 kB at 10 kB/s)
Downloading from central: https://repo.maven.apache.org/maven2/org/apache/maven/maven-plugin-api/2.0/maven-plugin-api-2.0.pom
Progress (1): 601 B
                   
Downloaded from central: https://repo.maven.apache.org/maven2/org/apache/maven/maven-plugin-api/2.0/maven-plugin-api-2.0.pom (601 B at 2.9 kB/s)
Downloading from central: https://repo.maven.apache.org/maven2/org/apache/maven/maven/2.0/maven-2.0.pom
Progress (1): 1.0 kB
Progress (1): 4.6 kB
Progress (1): 7.1 kB
Progress (1): 8.8 kB
                    
Downloaded from central: https://repo.maven.apache.org/maven2/org/apache/maven/maven/2.0/maven-2.0.pom (8.8 kB at 42 kB/s)
Downloading from central: https://repo.maven.apache.org/maven2/org/apache/maven/maven-plugin-descriptor/2.0.6/maven-plugin-descriptor-2.0.6.pom
Progress (1): 830 B
Progress (1): 2.0 kB
                    
Downloaded from central: https://repo.maven.apache.org/maven2/org/apache/maven/maven-plugin-descriptor/2.0.6/maven-plugin-descriptor-2.0.6.pom (2.0 kB at 4.3 kB/s)
Downloading from central: https://repo.maven.apache.org/maven2/org/apache/maven/maven-monitor/2.0.6/maven-monitor-2.0.6.pom
Progress (1): 849 B
Progress (1): 1.3 kB
                    
Downloaded from central: https://repo.maven.apache.org/maven2/org/apache/maven/maven-monitor/2.0.6/maven-monitor-2.0.6.pom (1.3 kB at 6.0 kB/s)
Downloading from central: https://repo.maven.apache.org/maven2/org/apache/maven/maven-model/2.0.6/maven-model-2.0.6.jar
Progress (1): 16/86 kB
Progress (1): 33/86 kB
Progress (1): 49/86 kB
Progress (1): 66/86 kB
Progress (1): 82/86 kB
Progress (1): 86 kB   
                   
Downloaded from central: https://repo.maven.apache.org/maven2/org/apache/maven/maven-model/2.0.6/maven-model-2.0.6.jar (86 kB at 98 kB/s)
Downloading from central: https://repo.maven.apache.org/maven2/org/apache/maven/maven-project/2.0.6/maven-project-2.0.6.jar
Downloading from central: https://repo.maven.apache.org/maven2/org/apache/maven/maven-settings/2.0.6/maven-settings-2.0.6.jar
Downloading from central: https://repo.maven.apache.org/maven2/org/apache/maven/maven-profile/2.0.6/maven-profile-2.0.6.jar
Downloading from central: https://repo.maven.apache.org/maven2/org/apache/maven/maven-artifact-manager/2.0.6/maven-artifact-manager-2.0.6.jar
Downloading from central: https://repo.maven.apache.org/maven2/org/apache/maven/maven-plugin-registry/2.0.6/maven-plugin-registry-2.0.6.jar
Progress (1): 7.7/57 kB
Progress (1): 7.7/57 kB
Progress (2): 7.7/57 kB | 7.7/35 kB
Progress (2): 7.7/57 kB | 16/35 kB 
Progress (2): 7.7/57 kB | 24/35 kB
Progress (2): 7.7/57 kB | 35 kB   
                               
Downloaded from central: https://repo.maven.apache.org/maven2/org/apache/maven/maven-profile/2.0.6/maven-profile-2.0.6.jar (35 kB at 155 kB/s)
Downloading from central: https://repo.maven.apache.org/maven2/org/codehaus/plexus/plexus-container-default/1.0-alpha-9-stable-1/plexus-container-default-1.0-alpha-9-stable-1.jar
Progress (2): 7.7/57 kB | 7.7/29 kB
Progress (2): 7.7/57 kB | 16/29 kB 
Progress (2): 7.7/57 kB | 24/29 kB
Progress (3): 7.7/57 kB | 24/29 kB | 7.7/49 kB
Progress (3): 7.7/57 kB | 24/29 kB | 16/49 kB 
Progress (3): 24/57 kB | 24/29 kB | 16/49 kB 
Progress (3): 40/57 kB | 24/29 kB | 16/49 kB
Progress (4): 40/57 kB | 24/29 kB | 16/49 kB | 7.7/194 kB
Progress (4): 40/57 kB | 24/29 kB | 16/49 kB | 16/194 kB 
Progress (4): 40/57 kB | 24/29 kB | 16/49 kB | 32/194 kB
Progress (4): 40/57 kB | 24/29 kB | 16/49 kB | 49/194 kB
Progress (4): 57 kB | 24/29 kB | 16/49 kB | 49/194 kB   
Progress (4): 57 kB | 24/29 kB | 16/49 kB | 61/194 kB
                                                     
Downloaded from central: https://repo.maven.apache.org/maven2/org/apache/maven/maven-artifact-manager/2.0.6/maven-artifact-manager-2.0.6.jar (57 kB at 120 kB/s)
Downloading from central: https://repo.maven.apache.org/maven2/org/apache/maven/maven-core/2.0.6/maven-core-2.0.6.jar
Progress (3): 24/29 kB | 16/49 kB | 78/194 kB
Progress (3): 24/29 kB | 16/49 kB | 94/194 kB
Progress (3): 24/29 kB | 16/49 kB | 111/194 kB
Progress (3): 24/29 kB | 16/49 kB | 127/194 kB
Progress (3): 24/29 kB | 16/49 kB | 143/194 kB
Progress (3): 24/29 kB | 16/49 kB | 160/194 kB
Progress (3): 24/29 kB | 16/49 kB | 176/194 kB
Progress (3): 24/29 kB | 16/49 kB | 193/194 kB
Progress (3): 24/29 kB | 16/49 kB | 194 kB    
                                          
Downloaded from central: https://repo.maven.apache.org/maven2/org/codehaus/plexus/plexus-container-default/1.0-alpha-9-stable-1/plexus-container-default-1.0-alpha-9-stable-1.jar (194 kB at 339 kB/s)
Downloading from central: https://repo.maven.apache.org/maven2/org/apache/maven/maven-plugin-parameter-documenter/2.0.6/maven-plugin-parameter-documenter-2.0.6.jar
Progress (3): 24/29 kB | 16/49 kB | 7.7/116 kB
Progress (3): 24/29 kB | 16/49 kB | 16/116 kB 
Progress (3): 24/29 kB | 16/49 kB | 24/116 kB
Progress (3): 24/29 kB | 16/49 kB | 40/116 kB
Progress (3): 24/29 kB | 24/49 kB | 40/116 kB
Progress (4): 24/29 kB | 24/49 kB | 40/116 kB | 7.7/21 kB
Progress (4): 24/29 kB | 40/49 kB | 40/116 kB | 7.7/21 kB
Progress (4): 24/29 kB | 40/49 kB | 57/116 kB | 7.7/21 kB
Progress (4): 24/29 kB | 40/49 kB | 57/116 kB | 15/21 kB 
Progress (4): 24/29 kB | 40/49 kB | 73/116 kB | 15/21 kB
Progress (4): 24/29 kB | 40/49 kB | 73/116 kB | 21 kB   
Progress (4): 24/29 kB | 40/49 kB | 90/116 kB | 21 kB
Progress (4): 24/29 kB | 40/49 kB | 106/116 kB | 21 kB
Progress (4): 24/29 kB | 40/49 kB | 116 kB | 21 kB    
                                                  
Downloaded from central: https://repo.maven.apache.org/maven2/org/apache/maven/maven-plugin-parameter-documenter/2.0.6/maven-plugin-parameter-documenter-2.0.6.jar (21 kB at 26 kB/s)
Downloading from central: https://repo.maven.apache.org/maven2/org/apache/maven/reporting/maven-reporting-api/2.0.6/maven-reporting-api-2.0.6.jar
Progress (3): 29 kB | 40/49 kB | 116 kB
Progress (4): 29 kB | 40/49 kB | 116 kB | 7.7/152 kB
Progress (4): 29 kB | 40/49 kB | 116 kB | 16/152 kB 
Progress (4): 29 kB | 40/49 kB | 116 kB | 24/152 kB
Progress (4): 29 kB | 40/49 kB | 116 kB | 40/152 kB
Progress (4): 29 kB | 40/49 kB | 116 kB | 57/152 kB
Progress (5): 29 kB | 40/49 kB | 116 kB | 57/152 kB | 7.7/9.9 kB
Progress (5): 29 kB | 40/49 kB | 116 kB | 57/152 kB | 9.9 kB    
                                                            
Downloaded from central: https://repo.maven.apache.org/maven2/org/apache/maven/maven-project/2.0.6/maven-project-2.0.6.jar (116 kB at 100 kB/s)
Downloading from central: https://repo.maven.apache.org/maven2/org/apache/maven/doxia/doxia-sink-api/1.0-alpha-7/doxia-sink-api-1.0-alpha-7.jar
Downloaded from central: https://repo.maven.apache.org/maven2/org/apache/maven/reporting/maven-reporting-api/2.0.6/maven-reporting-api-2.0.6.jar (9.9 kB at 8.5 kB/s)
Downloaded from central: https://repo.maven.apache.org/maven2/org/apache/maven/maven-plugin-registry/2.0.6/maven-plugin-registry-2.0.6.jar (29 kB at 25 kB/s)
Downloading from central: https://repo.maven.apache.org/maven2/org/apache/maven/maven-repository-metadata/2.0.6/maven-repository-metadata-2.0.6.jar
Downloading from central: https://repo.maven.apache.org/maven2/org/apache/maven/maven-error-diagnostics/2.0.6/maven-error-diagnostics-2.0.6.jar
Progress (2): 40/49 kB | 73/152 kB
Progress (2): 40/49 kB | 90/152 kB
Progress (2): 40/49 kB | 106/152 kB
Progress (2): 40/49 kB | 122/152 kB
Progress (2): 40/49 kB | 139/152 kB
Progress (2): 40/49 kB | 152 kB    
                               
Downloaded from central: https://repo.maven.apache.org/maven2/org/apache/maven/maven-core/2.0.6/maven-core-2.0.6.jar (152 kB at 123 kB/s)
Downloading from central: https://repo.maven.apache.org/maven2/commons-cli/commons-cli/1.0/commons-cli-1.0.jar
Progress (1): 49 kB
                   
Downloaded from central: https://repo.maven.apache.org/maven2/org/apache/maven/maven-settings/2.0.6/maven-settings-2.0.6.jar (49 kB at 39 kB/s)
Downloading from central: https://repo.maven.apache.org/maven2/org/apache/maven/maven-plugin-descriptor/2.0.6/maven-plugin-descriptor-2.0.6.jar
Progress (1): 7.7/14 kB
Progress (1): 7.7/14 kB
Progress (1): 14 kB    
                   
Downloaded from central: https://repo.maven.apache.org/maven2/org/apache/maven/maven-error-diagnostics/2.0.6/maven-error-diagnostics-2.0.6.jar (14 kB at 9.9 kB/s)
Downloading from central: https://repo.maven.apache.org/maven2/org/codehaus/plexus/plexus-interactivity-api/1.0-alpha-4/plexus-interactivity-api-1.0-alpha-4.jar
Progress (1): 5.9 kB
                    
Downloaded from central: https://repo.maven.apache.org/maven2/org/apache/maven/doxia/doxia-sink-api/1.0-alpha-7/doxia-sink-api-1.0-alpha-7.jar (5.9 kB at 4.3 kB/s)
Downloading from central: https://repo.maven.apache.org/maven2/org/apache/maven/maven-monitor/2.0.6/maven-monitor-2.0.6.jar
Progress (1): 7.7/24 kB
Progress (1): 7.7/24 kB
Progress (2): 7.7/24 kB | 7.7/13 kB
Progress (3): 7.7/24 kB | 7.7/13 kB | 7.7/30 kB
Progress (3): 7.7/24 kB | 13 kB | 7.7/30 kB    
Progress (3): 7.7/24 kB | 13 kB | 16/30 kB 
Progress (3): 7.7/24 kB | 13 kB | 25/30 kB
                                          
Downloaded from central: https://repo.maven.apache.org/maven2/org/codehaus/plexus/plexus-interactivity-api/1.0-alpha-4/plexus-interactivity-api-1.0-alpha-4.jar (13 kB at 8.4 kB/s)
Downloading from central: https://repo.maven.apache.org/maven2/classworlds/classworlds/1.1/classworlds-1.1.jar
Progress (2): 24/24 kB | 25/30 kB
Progress (2): 24 kB | 25/30 kB   
                              
Downloaded from central: https://repo.maven.apache.org/maven2/org/apache/maven/maven-repository-metadata/2.0.6/maven-repository-metadata-2.0.6.jar (24 kB at 15 kB/s)
Downloading from central: https://repo.maven.apache.org/maven2/org/apache/maven/maven-plugin-api/2.0.6/maven-plugin-api-2.0.6.jar
Progress (1): 30 kB
Progress (2): 30 kB | 7.7/10 kB
Progress (3): 30 kB | 7.7/10 kB | 7.7/38 kB
Progress (4): 30 kB | 7.7/10 kB | 7.7/38 kB | 7.7/37 kB
Progress (4): 30 kB | 7.7/10 kB | 7.7/38 kB | 7.7/37 kB
Progress (4): 30 kB | 10 kB | 7.7/38 kB | 7.7/37 kB    
Progress (4): 30 kB | 10 kB | 7.7/38 kB | 16/37 kB 
Progress (4): 30 kB | 10 kB | 24/38 kB | 16/37 kB 
Progress (4): 30 kB | 10 kB | 24/38 kB | 24/37 kB
                                                 
Downloaded from central: https://repo.maven.apache.org/maven2/commons-cli/commons-cli/1.0/commons-cli-1.0.jar (30 kB at 15 kB/s)
Downloading from central: https://repo.maven.apache.org/maven2/org/apache/maven/maven-artifact/2.0.6/maven-artifact-2.0.6.jar
Downloaded from central: https://repo.maven.apache.org/maven2/org/apache/maven/maven-monitor/2.0.6/maven-monitor-2.0.6.jar (10 kB at 5.2 kB/s)
Progress (2): 38 kB | 24/37 kB
Progress (2): 38 kB | 37 kB   
                           
Downloaded from central: https://repo.maven.apache.org/maven2/classworlds/classworlds/1.1/classworlds-1.1.jar (38 kB at 19 kB/s)
Downloaded from central: https://repo.maven.apache.org/maven2/org/apache/maven/maven-plugin-descriptor/2.0.6/maven-plugin-descriptor-2.0.6.jar (37 kB at 19 kB/s)
Progress (1): 7.3/13 kB
Progress (1): 13 kB    
                   
Downloaded from central: https://repo.maven.apache.org/maven2/org/apache/maven/maven-plugin-api/2.0.6/maven-plugin-api-2.0.6.jar (13 kB at 5.3 kB/s)
Progress (1): 3.2/87 kB
Progress (1): 20/87 kB 
Progress (1): 33/87 kB
Progress (1): 49/87 kB
Progress (1): 66/87 kB
Progress (1): 82/87 kB
Progress (1): 87 kB   
                   
Downloaded from central: https://repo.maven.apache.org/maven2/org/apache/maven/maven-artifact/2.0.6/maven-artifact-2.0.6.jar (87 kB at 26 kB/s)
[INFO] Source directory: /home/zhihao/hdd/marshal/.work/rebuild_jackson_mock_logback/case-package/replay-work/formal-github-jackson-core-mock-interception--target-logback-elasticsearch/source-a1/target/generated-sources added.
[INFO] 
[INFO] --- replacer:1.5.3:replace (process-packageVersion) @ jackson-core ---
Downloading from central: https://repo.maven.apache.org/maven2/org/apache/maven/maven-plugin-api/3.0.3/maven-plugin-api-3.0.3.pom
Progress (1): 823 B
Progress (1): 2.3 kB
                    
Downloaded from central: https://repo.maven.apache.org/maven2/org/apache/maven/maven-plugin-api/3.0.3/maven-plugin-api-3.0.3.pom (2.3 kB at 12 kB/s)
Downloading from central: https://repo.maven.apache.org/maven2/org/apache/maven/maven/3.0.3/maven-3.0.3.pom
Progress (1): 763 B
Progress (1): 2.0 kB
Progress (1): 4.7 kB
Progress (1): 7.9 kB
Progress (1): 14 kB 
Progress (1): 18 kB
Progress (1): 21 kB
Progress (1): 23 kB
                   
Downloaded from central: https://repo.maven.apache.org/maven2/org/apache/maven/maven/3.0.3/maven-3.0.3.pom (23 kB at 42 kB/s)
Downloading from central: https://repo.maven.apache.org/maven2/org/apache/maven/maven-model/3.0.3/maven-model-3.0.3.pom
Progress (1): 793 B
Progress (1): 2.6 kB
Progress (1): 3.9 kB
                    
Downloaded from central: https://repo.maven.apache.org/maven2/org/apache/maven/maven-model/3.0.3/maven-model-3.0.3.pom (3.9 kB at 11 kB/s)
Downloading from central: https://repo.maven.apache.org/maven2/org/codehaus/plexus/plexus-utils/2.0.6/plexus-utils-2.0.6.pom
Progress (1): 818 B
Progress (1): 2.4 kB
Progress (1): 2.9 kB
                    
Downloaded from central: https://repo.maven.apache.org/maven2/org/codehaus/plexus/plexus-utils/2.0.6/plexus-utils-2.0.6.pom (2.9 kB at 14 kB/s)
Downloading from central: https://repo.maven.apache.org/maven2/org/apache/maven/maven-artifact/3.0.3/maven-artifact-3.0.3.pom
Progress (1): 850 B
Progress (1): 1.9 kB
                    
Downloaded from central: https://repo.maven.apache.org/maven2/org/apache/maven/maven-artifact/3.0.3/maven-artifact-3.0.3.pom (1.9 kB at 5.3 kB/s)
Downloading from central: https://repo.maven.apache.org/maven2/org/sonatype/sisu/sisu-inject-plexus/2.1.1/sisu-inject-plexus-2.1.1.pom
Progress (1): 953 B
Progress (1): 3.0 kB
                    
Downloaded from central: https://repo.maven.apache.org/maven2/org/sonatype/sisu/sisu-inject-plexus/2.1.1/sisu-inject-plexus-2.1.1.pom (3.0 kB at 5.9 kB/s)
Downloading from central: https://repo.maven.apache.org/maven2/org/sonatype/sisu/inject/guice-plexus/2.1.1/guice-plexus-2.1.1.pom
Progress (1): 965 B
Progress (1): 3.6 kB
                    
Downloaded from central: https://repo.maven.apache.org/maven2/org/sonatype/sisu/inject/guice-plexus/2.1.1/guice-plexus-2.1.1.pom (3.6 kB at 8.3 kB/s)
Downloading from central: https://repo.maven.apache.org/maven2/org/sonatype/sisu/inject/guice-bean/2.1.1/guice-bean-2.1.1.pom
Progress (1): 973 B
Progress (1): 3.0 kB
                    
Downloaded from central: https://repo.maven.apache.org/maven2/org/sonatype/sisu/inject/guice-bean/2.1.1/guice-bean-2.1.1.pom (3.0 kB at 15 kB/s)
Downloading from central: https://repo.maven.apache.org/maven2/org/sonatype/sisu/sisu-inject/2.1.1/sisu-inject-2.1.1.pom
Progress (1): 991 B
Progress (1): 1.8 kB
                    
Downloaded from central: https://repo.maven.apache.org/maven2/org/sonatype/sisu/sisu-inject/2.1.1/sisu-inject-2.1.1.pom (1.8 kB at 8.6 kB/s)
Downloading from central: https://repo.maven.apache.org/maven2/org/sonatype/sisu/sisu-parent/2.1.1/sisu-parent-2.1.1.pom
Progress (1): 924 B
Progress (1): 3.1 kB
Progress (1): 5.7 kB
Progress (1): 8.6 kB
Progress (1): 9.3 kB
                    
Downloaded from central: https://repo.maven.apache.org/maven2/org/sonatype/sisu/sisu-parent/2.1.1/sisu-parent-2.1.1.pom (9.3 kB at 21 kB/s)
Downloading from central: https://repo.maven.apache.org/maven2/org/sonatype/forge/forge-parent/7/forge-parent-7.pom
Progress (1): 737 B
Progress (1): 2.6 kB
Progress (1): 8.3 kB
Progress (1): 13 kB 
                   
Downloaded from central: https://repo.maven.apache.org/maven2/org/sonatype/forge/forge-parent/7/forge-parent-7.pom (13 kB at 52 kB/s)
Downloading from central: https://repo.maven.apache.org/maven2/org/codehaus/plexus/plexus-classworlds/2.4/plexus-classworlds-2.4.pom
Progress (1): 949 B
Progress (1): 2.9 kB
Progress (1): 3.9 kB
                    
Downloaded from central: https://repo.maven.apache.org/maven2/org/codehaus/plexus/plexus-classworlds/2.4/plexus-classworlds-2.4.pom (3.9 kB at 18 kB/s)
Downloading from central: https://repo.maven.apache.org/maven2/org/sonatype/sisu/sisu-inject-bean/2.1.1/sisu-inject-bean-2.1.1.pom
Progress (1): 953 B
Progress (1): 3.0 kB
                    
Downloaded from central: https://repo.maven.apache.org/maven2/org/sonatype/sisu/sisu-inject-bean/2.1.1/sisu-inject-bean-2.1.1.pom (3.0 kB at 14 kB/s)
Downloading from central: https://repo.maven.apache.org/maven2/org/sonatype/sisu/sisu-guice/2.9.4/sisu-guice-2.9.4.pom
Progress (1): 1.3 kB
Progress (1): 3.8 kB
Progress (1): 6.1 kB
Progress (1): 7.8 kB
                    
Downloaded from central: https://repo.maven.apache.org/maven2/org/sonatype/sisu/sisu-guice/2.9.4/sisu-guice-2.9.4.pom (7.8 kB at 34 kB/s)
Downloading from central: https://repo.maven.apache.org/maven2/org/sonatype/sisu/inject/guice-parent/2.9.4/guice-parent-2.9.4.pom
Progress (1): 792 B
Progress (1): 2.7 kB
Progress (1): 4.4 kB
Progress (1): 7.0 kB
Progress (1): 10 kB 
Progress (1): 13 kB
                   
Downloaded from central: https://repo.maven.apache.org/maven2/org/sonatype/sisu/inject/guice-parent/2.9.4/guice-parent-2.9.4.pom (13 kB at 26 kB/s)
Downloading from central: https://repo.maven.apache.org/maven2/org/apache/ant/ant/1.8.2/ant-1.8.2.pom
Progress (1): 789 B
Progress (1): 2.3 kB
Progress (1): 6.5 kB
Progress (1): 9.9 kB
                    
Downloaded from central: https://repo.maven.apache.org/maven2/org/apache/ant/ant/1.8.2/ant-1.8.2.pom (9.9 kB at 41 kB/s)
Downloading from central: https://repo.maven.apache.org/maven2/org/apache/ant/ant-parent/1.8.2/ant-parent-1.8.2.pom
Progress (1): 805 B
Progress (1): 2.2 kB
Progress (1): 4.6 kB
Progress (1): 4.7 kB
                    
Downloaded from central: https://repo.maven.apache.org/maven2/org/apache/ant/ant-parent/1.8.2/ant-parent-1.8.2.pom (4.7 kB at 21 kB/s)
Downloading from central: https://repo.maven.apache.org/maven2/org/apache/ant/ant-launcher/1.8.2/ant-launcher-1.8.2.pom
Progress (1): 848 B
Progress (1): 2.4 kB
                    
Downloaded from central: https://repo.maven.apache.org/maven2/org/apache/ant/ant-launcher/1.8.2/ant-launcher-1.8.2.pom (2.4 kB at 5.2 kB/s)
Downloading from central: https://repo.maven.apache.org/maven2/commons-io/commons-io/2.1/commons-io-2.1.pom
Progress (1): 797 B
Progress (1): 2.2 kB
Progress (1): 5.6 kB
Progress (1): 8.0 kB
Progress (1): 10 kB 
Progress (1): 11 kB
                   
Downloaded from central: https://repo.maven.apache.org/maven2/commons-io/commons-io/2.1/commons-io-2.1.pom (11 kB at 41 kB/s)
Downloading from central: https://repo.maven.apache.org/maven2/xerces/xercesImpl/2.8.0/xercesImpl-2.8.0.pom
Progress (1): 1.1 kB
Progress (1): 1.4 kB
                    
Downloaded from central: https://repo.maven.apache.org/maven2/xerces/xercesImpl/2.8.0/xercesImpl-2.8.0.pom (1.4 kB at 2.6 kB/s)
Downloading from central: https://repo.maven.apache.org/maven2/org/apache/maven/maven-plugin-api/3.0.3/maven-plugin-api-3.0.3.jar
Progress (1): 7.7/49 kB
Progress (1): 16/49 kB 
Progress (1): 24/49 kB
Progress (1): 40/49 kB
Progress (1): 49 kB   
                   
Downloaded from central: https://repo.maven.apache.org/maven2/org/apache/maven/maven-plugin-api/3.0.3/maven-plugin-api-3.0.3.jar (49 kB at 28 kB/s)
Downloading from central: https://repo.maven.apache.org/maven2/org/apache/maven/maven-model/3.0.3/maven-model-3.0.3.jar
Downloading from central: https://repo.maven.apache.org/maven2/org/codehaus/plexus/plexus-utils/2.0.6/plexus-utils-2.0.6.jar
Downloading from central: https://repo.maven.apache.org/maven2/org/apache/maven/maven-artifact/3.0.3/maven-artifact-3.0.3.jar
Downloading from central: https://repo.maven.apache.org/maven2/org/sonatype/sisu/sisu-inject-plexus/2.1.1/sisu-inject-plexus-2.1.1.jar
Downloading from central: https://repo.maven.apache.org/maven2/org/codehaus/plexus/plexus-classworlds/2.4/plexus-classworlds-2.4.jar
Progress (1): 7.7/196 kB
Progress (2): 7.7/196 kB | 7.7/52 kB
Progress (3): 7.7/196 kB | 7.7/52 kB | 7.7/47 kB
Progress (3): 7.7/196 kB | 7.7/52 kB | 12/47 kB 
Progress (3): 7.7/196 kB | 16/52 kB | 12/47 kB 
Progress (3): 16/196 kB | 16/52 kB | 12/47 kB 
Progress (3): 24/196 kB | 16/52 kB | 12/47 kB
Progress (3): 40/196 kB | 16/52 kB | 12/47 kB
Progress (3): 57/196 kB | 16/52 kB | 12/47 kB
Progress (3): 73/196 kB | 16/52 kB | 12/47 kB
Progress (3): 90/196 kB | 16/52 kB | 12/47 kB
Progress (3): 106/196 kB | 16/52 kB | 12/47 kB
Progress (3): 122/196 kB | 16/52 kB | 12/47 kB
Progress (3): 139/196 kB | 16/52 kB | 12/47 kB
Progress (3): 155/196 kB | 16/52 kB | 12/47 kB
Progress (3): 172/196 kB | 16/52 kB | 12/47 kB
Progress (3): 188/196 kB | 16/52 kB | 12/47 kB
Progress (3): 196 kB | 16/52 kB | 12/47 kB    
                                          
Downloaded from central: https://repo.maven.apache.org/maven2/org/sonatype/sisu/sisu-inject-plexus/2.1.1/sisu-inject-plexus-2.1.1.jar (196 kB at 561 kB/s)
Downloading from central: https://repo.maven.apache.org/maven2/org/sonatype/sisu/sisu-inject-bean/2.1.1/sisu-inject-bean-2.1.1.jar
Progress (3): 16/52 kB | 12/47 kB | 7.7/223 kB
Progress (3): 16/52 kB | 12/47 kB | 12/223 kB 
Progress (3): 16/52 kB | 29/47 kB | 12/223 kB
Progress (3): 16/52 kB | 45/47 kB | 12/223 kB
Progress (3): 16/52 kB | 47 kB | 12/223 kB   
                                          
Downloaded from central: https://repo.maven.apache.org/maven2/org/codehaus/plexus/plexus-classworlds/2.4/plexus-classworlds-2.4.jar (47 kB at 107 kB/s)
Downloading from central: https://repo.maven.apache.org/maven2/org/sonatype/sisu/sisu-guice/2.9.4/sisu-guice-2.9.4-no_aop.jar
Progress (3): 16/52 kB | 12/223 kB | 7.7/163 kB
Progress (3): 16/52 kB | 12/223 kB | 16/163 kB 
Progress (3): 16/52 kB | 12/223 kB | 32/163 kB
Progress (3): 16/52 kB | 12/223 kB | 49/163 kB
Progress (3): 16/52 kB | 12/223 kB | 65/163 kB
Progress (3): 32/52 kB | 12/223 kB | 65/163 kB
Progress (3): 49/52 kB | 12/223 kB | 65/163 kB
Progress (3): 52 kB | 12/223 kB | 65/163 kB   
                                           
Downloaded from central: https://repo.maven.apache.org/maven2/org/apache/maven/maven-artifact/3.0.3/maven-artifact-3.0.3.jar (52 kB at 98 kB/s)
Downloading from central: https://repo.maven.apache.org/maven2/org/apache/ant/ant/1.8.2/ant-1.8.2.jar
Progress (3): 12/223 kB | 65/163 kB | 8.2/230 kB
Progress (3): 12/223 kB | 65/163 kB | 25/230 kB 
Progress (3): 12/223 kB | 65/163 kB | 41/230 kB
Progress (3): 12/223 kB | 81/163 kB | 41/230 kB
Progress (3): 12/223 kB | 98/163 kB | 41/230 kB
Progress (3): 12/223 kB | 114/163 kB | 41/230 kB
Progress (3): 12/223 kB | 131/163 kB | 41/230 kB
Progress (3): 12/223 kB | 147/163 kB | 41/230 kB
Progress (3): 12/223 kB | 163/163 kB | 41/230 kB
Progress (3): 12/223 kB | 163 kB | 41/230 kB    
                                            
Downloaded from central: https://repo.maven.apache.org/maven2/org/apache/maven/maven-model/3.0.3/maven-model-3.0.3.jar (163 kB at 220 kB/s)
Downloading from central: https://repo.maven.apache.org/maven2/org/apache/ant/ant-launcher/1.8.2/ant-launcher-1.8.2.jar
Progress (3): 12/223 kB | 41/230 kB | 0/1.9 MB
Progress (3): 12/223 kB | 57/230 kB | 0/1.9 MB
Progress (3): 12/223 kB | 66/230 kB | 0/1.9 MB
Progress (3): 12/223 kB | 82/230 kB | 0/1.9 MB
Progress (3): 12/223 kB | 98/230 kB | 0/1.9 MB
Progress (3): 12/223 kB | 115/230 kB | 0/1.9 MB
Progress (3): 12/223 kB | 131/230 kB | 0/1.9 MB
Progress (3): 12/223 kB | 147/230 kB | 0/1.9 MB
Progress (3): 12/223 kB | 164/230 kB | 0/1.9 MB
Progress (3): 12/223 kB | 180/230 kB | 0/1.9 MB
Progress (3): 12/223 kB | 197/230 kB | 0/1.9 MB
Progress (3): 12/223 kB | 213/230 kB | 0/1.9 MB
Progress (3): 12/223 kB | 229/230 kB | 0/1.9 MB
Progress (3): 12/223 kB | 230 kB | 0/1.9 MB    
                                           
Downloaded from central: https://repo.maven.apache.org/maven2/org/sonatype/sisu/sisu-inject-bean/2.1.1/sisu-inject-bean-2.1.1.jar (230 kB at 294 kB/s)
Downloading from central: https://repo.maven.apache.org/maven2/commons-io/commons-io/2.1/commons-io-2.1.jar
Progress (2): 29/223 kB | 0/1.9 MB
Progress (3): 29/223 kB | 0/1.9 MB | 7.7/484 kB
Progress (3): 29/223 kB | 0/1.9 MB | 16/484 kB 
Progress (3): 29/223 kB | 0/1.9 MB | 16/484 kB
Progress (3): 29/223 kB | 0/1.9 MB | 33/484 kB
Progress (3): 29/223 kB | 0/1.9 MB | 49/484 kB
Progress (3): 29/223 kB | 0/1.9 MB | 66/484 kB
Progress (3): 29/223 kB | 0/1.9 MB | 82/484 kB
Progress (3): 45/223 kB | 0/1.9 MB | 82/484 kB
Progress (4): 45/223 kB | 0/1.9 MB | 82/484 kB | 7.7/163 kB
Progress (4): 45/223 kB | 0/1.9 MB | 82/484 kB | 16/163 kB 
Progress (4): 45/223 kB | 0/1.9 MB | 98/484 kB | 16/163 kB
Progress (4): 45/223 kB | 0/1.9 MB | 98/484 kB | 16/163 kB
Progress (4): 45/223 kB | 0/1.9 MB | 98/484 kB | 16/163 kB
Progress (4): 45/223 kB | 0/1.9 MB | 98/484 kB | 32/163 kB
Progress (4): 45/223 kB | 0/1.9 MB | 98/484 kB | 49/163 kB
Progress (4): 45/223 kB | 0/1.9 MB | 115/484 kB | 49/163 kB
Progress (4): 45/223 kB | 0/1.9 MB | 115/484 kB | 65/163 kB
Progress (4): 45/223 kB | 0/1.9 MB | 115/484 kB | 81/163 kB
Progress (4): 45/223 kB | 0/1.9 MB | 115/484 kB | 81/163 kB
Progress (4): 45/223 kB | 0/1.9 MB | 131/484 kB | 81/163 kB
Progress (4): 45/223 kB | 0.1/1.9 MB | 131/484 kB | 81/163 kB
Progress (4): 45/223 kB | 0.1/1.9 MB | 131/484 kB | 81/163 kB
Progress (4): 45/223 kB | 0.1/1.9 MB | 147/484 kB | 81/163 kB
Progress (4): 45/223 kB | 0.1/1.9 MB | 164/484 kB | 81/163 kB
Progress (4): 45/223 kB | 0.1/1.9 MB | 180/484 kB | 81/163 kB
Progress (4): 45/223 kB | 0.1/1.9 MB | 197/484 kB | 81/163 kB
Progress (4): 45/223 kB | 0.1/1.9 MB | 213/484 kB | 81/163 kB
Progress (4): 45/223 kB | 0.1/1.9 MB | 213/484 kB | 81/163 kB
Progress (4): 45/223 kB | 0.1/1.9 MB | 213/484 kB | 81/163 kB
Progress (4): 45/223 kB | 0.1/1.9 MB | 213/484 kB | 98/163 kB
Progress (4): 45/223 kB | 0.1/1.9 MB | 213/484 kB | 114/163 kB
Progress (4): 45/223 kB | 0.1/1.9 MB | 213/484 kB | 131/163 kB
Progress (4): 45/223 kB | 0.1/1.9 MB | 213/484 kB | 147/163 kB
Progress (4): 45/223 kB | 0.1/1.9 MB | 229/484 kB | 147/163 kB
Progress (4): 45/223 kB | 0.1/1.9 MB | 229/484 kB | 147/163 kB
Progress (4): 45/223 kB | 0.1/1.9 MB | 246/484 kB | 147/163 kB
Progress (4): 45/223 kB | 0.1/1.9 MB | 246/484 kB | 163 kB    
                                                          
Downloaded from central: https://repo.maven.apache.org/maven2/commons-io/commons-io/2.1/commons-io-2.1.jar (163 kB at 124 kB/s)
Downloading from central: https://repo.maven.apache.org/maven2/xerces/xercesImpl/2.8.0/xercesImpl-2.8.0.jar
Progress (3): 61/223 kB | 0.1/1.9 MB | 246/484 kB
Progress (3): 66/223 kB | 0.1/1.9 MB | 246/484 kB
Progress (3): 66/223 kB | 0.1/1.9 MB | 246/484 kB
Progress (3): 66/223 kB | 0.1/1.9 MB | 262/484 kB
Progress (3): 66/223 kB | 0.1/1.9 MB | 279/484 kB
Progress (3): 66/223 kB | 0.1/1.9 MB | 295/484 kB
Progress (3): 66/223 kB | 0.2/1.9 MB | 295/484 kB
Progress (3): 66/223 kB | 0.2/1.9 MB | 311/484 kB
Progress (3): 66/223 kB | 0.2/1.9 MB | 328/484 kB
Progress (3): 66/223 kB | 0.2/1.9 MB | 344/484 kB
Progress (3): 66/223 kB | 0.2/1.9 MB | 360/484 kB
Progress (3): 66/223 kB | 0.2/1.9 MB | 360/484 kB
Progress (3): 82/223 kB | 0.2/1.9 MB | 360/484 kB
Progress (3): 82/223 kB | 0.2/1.9 MB | 360/484 kB
Progress (3): 82/223 kB | 0.2/1.9 MB | 377/484 kB
Progress (4): 82/223 kB | 0.2/1.9 MB | 377/484 kB | 7.7/12 kB
Progress (5): 82/223 kB | 0.2/1.9 MB | 377/484 kB | 7.7/12 kB | 0/1.2 MB
Progress (5): 82/223 kB | 0.2/1.9 MB | 377/484 kB | 12 kB | 0/1.2 MB    
Progress (5): 82/223 kB | 0.2/1.9 MB | 377/484 kB | 12 kB | 0/1.2 MB
Progress (5): 82/223 kB | 0.2/1.9 MB | 393/484 kB | 12 kB | 0/1.2 MB
Progress (5): 98/223 kB | 0.2/1.9 MB | 393/484 kB | 12 kB | 0/1.2 MB
Progress (5): 98/223 kB | 0.2/1.9 MB | 393/484 kB | 12 kB | 0/1.2 MB
Progress (5): 98/223 kB | 0.2/1.9 MB | 393/484 kB | 12 kB | 0/1.2 MB
                                                                    
Downloaded from central: https://repo.maven.apache.org/maven2/org/apache/ant/ant-launcher/1.8.2/ant-launcher-1.8.2.jar (12 kB at 6.4 kB/s)
Downloading from central: https://repo.maven.apache.org/maven2/xml-apis/xml-apis/1.3.03/xml-apis-1.3.03.jar
Progress (4): 98/223 kB | 0.2/1.9 MB | 393/484 kB | 0/1.2 MB
Progress (4): 98/223 kB | 0.2/1.9 MB | 410/484 kB | 0/1.2 MB
Progress (4): 98/223 kB | 0.2/1.9 MB | 410/484 kB | 0/1.2 MB
Progress (4): 98/223 kB | 0.2/1.9 MB | 426/484 kB | 0/1.2 MB
Progress (4): 98/223 kB | 0.2/1.9 MB | 426/484 kB | 0/1.2 MB
Progress (4): 98/223 kB | 0.2/1.9 MB | 426/484 kB | 0.1/1.2 MB
Progress (4): 98/223 kB | 0.2/1.9 MB | 426/484 kB | 0.1/1.2 MB
Progress (4): 98/223 kB | 0.2/1.9 MB | 442/484 kB | 0.1/1.2 MB
Progress (4): 98/223 kB | 0.3/1.9 MB | 442/484 kB | 0.1/1.2 MB
Progress (4): 98/223 kB | 0.3/1.9 MB | 442/484 kB | 0.1/1.2 MB
Progress (4): 98/223 kB | 0.3/1.9 MB | 459/484 kB | 0.1/1.2 MB
Progress (4): 98/223 kB | 0.3/1.9 MB | 459/484 kB | 0.1/1.2 MB
Progress (4): 98/223 kB | 0.3/1.9 MB | 459/484 kB | 0.1/1.2 MB
Progress (4): 98/223 kB | 0.3/1.9 MB | 475/484 kB | 0.1/1.2 MB
Progress (4): 98/223 kB | 0.3/1.9 MB | 475/484 kB | 0.1/1.2 MB
Progress (4): 98/223 kB | 0.3/1.9 MB | 475/484 kB | 0.1/1.2 MB
Progress (4): 98/223 kB | 0.3/1.9 MB | 484 kB | 0.1/1.2 MB    
Progress (4): 98/223 kB | 0.3/1.9 MB | 484 kB | 0.1/1.2 MB
Progress (4): 98/223 kB | 0.3/1.9 MB | 484 kB | 0.1/1.2 MB
                                                          
Downloaded from central: https://repo.maven.apache.org/maven2/org/sonatype/sisu/sisu-guice/2.9.4/sisu-guice-2.9.4-no_aop.jar (484 kB at 249 kB/s)
Progress (3): 98/223 kB | 0.3/1.9 MB | 0.1/1.2 MB
Progress (3): 98/223 kB | 0.3/1.9 MB | 0.2/1.2 MB
Progress (3): 98/223 kB | 0.3/1.9 MB | 0.2/1.2 MB
Progress (3): 98/223 kB | 0.3/1.9 MB | 0.2/1.2 MB
Progress (3): 98/223 kB | 0.3/1.9 MB | 0.2/1.2 MB
Progress (3): 98/223 kB | 0.3/1.9 MB | 0.2/1.2 MB
Progress (3): 98/223 kB | 0.3/1.9 MB | 0.2/1.2 MB
Progress (3): 98/223 kB | 0.3/1.9 MB | 0.3/1.2 MB
Progress (3): 98/223 kB | 0.3/1.9 MB | 0.3/1.2 MB
Progress (3): 98/223 kB | 0.3/1.9 MB | 0.3/1.2 MB
Progress (3): 98/223 kB | 0.3/1.9 MB | 0.3/1.2 MB
Progress (3): 98/223 kB | 0.3/1.9 MB | 0.3/1.2 MB
Progress (3): 98/223 kB | 0.3/1.9 MB | 0.3/1.2 MB
Progress (3): 98/223 kB | 0.3/1.9 MB | 0.4/1.2 MB
Progress (3): 98/223 kB | 0.3/1.9 MB | 0.4/1.2 MB
Progress (3): 98/223 kB | 0.3/1.9 MB | 0.4/1.2 MB
Progress (3): 98/223 kB | 0.3/1.9 MB | 0.4/1.2 MB
Progress (3): 98/223 kB | 0.3/1.9 MB | 0.4/1.2 MB
Progress (3): 98/223 kB | 0.3/1.9 MB | 0.4/1.2 MB
Progress (3): 98/223 kB | 0.3/1.9 MB | 0.5/1.2 MB
Progress (3): 98/223 kB | 0.3/1.9 MB | 0.5/1.2 MB
Progress (3): 98/223 kB | 0.3/1.9 MB | 0.5/1.2 MB
Progress (3): 98/223 kB | 0.3/1.9 MB | 0.5/1.2 MB
Progress (3): 98/223 kB | 0.3/1.9 MB | 0.5/1.2 MB
Progress (3): 98/223 kB | 0.3/1.9 MB | 0.5/1.2 MB
Progress (3): 98/223 kB | 0.3/1.9 MB | 0.5/1.2 MB
Progress (3): 98/223 kB | 0.3/1.9 MB | 0.6/1.2 MB
Progress (3): 98/223 kB | 0.3/1.9 MB | 0.6/1.2 MB
Progress (3): 98/223 kB | 0.3/1.9 MB | 0.6/1.2 MB
Progress (3): 98/223 kB | 0.3/1.9 MB | 0.6/1.2 MB
Progress (3): 98/223 kB | 0.3/1.9 MB | 0.6/1.2 MB
Progress (3): 98/223 kB | 0.3/1.9 MB | 0.6/1.2 MB
Progress (3): 98/223 kB | 0.4/1.9 MB | 0.6/1.2 MB
Progress (3): 98/223 kB | 0.4/1.9 MB | 0.6/1.2 MB
Progress (3): 98/223 kB | 0.4/1.9 MB | 0.6/1.2 MB
Progress (3): 98/223 kB | 0.4/1.9 MB | 0.6/1.2 MB
Progress (3): 98/223 kB | 0.4/1.9 MB | 0.6/1.2 MB
Progress (3): 98/223 kB | 0.4/1.9 MB | 0.6/1.2 MB
Progress (3): 98/223 kB | 0.4/1.9 MB | 0.7/1.2 MB
Progress (3): 98/223 kB | 0.4/1.9 MB | 0.7/1.2 MB
Progress (3): 98/223 kB | 0.4/1.9 MB | 0.7/1.2 MB
Progress (3): 98/223 kB | 0.4/1.9 MB | 0.7/1.2 MB
Progress (3): 98/223 kB | 0.4/1.9 MB | 0.7/1.2 MB
Progress (3): 98/223 kB | 0.4/1.9 MB | 0.7/1.2 MB
Progress (3): 98/223 kB | 0.4/1.9 MB | 0.7/1.2 MB
Progress (3): 98/223 kB | 0.4/1.9 MB | 0.7/1.2 MB
Progress (3): 98/223 kB | 0.5/1.9 MB | 0.7/1.2 MB
Progress (3): 98/223 kB | 0.5/1.9 MB | 0.8/1.2 MB
Progress (3): 98/223 kB | 0.5/1.9 MB | 0.8/1.2 MB
Progress (3): 98/223 kB | 0.5/1.9 MB | 0.8/1.2 MB
Progress (3): 98/223 kB | 0.5/1.9 MB | 0.8/1.2 MB
Progress (3): 98/223 kB | 0.5/1.9 MB | 0.8/1.2 MB
Progress (3): 98/223 kB | 0.5/1.9 MB | 0.8/1.2 MB
Progress (3): 98/223 kB | 0.5/1.9 MB | 0.8/1.2 MB
Progress (3): 98/223 kB | 0.5/1.9 MB | 0.8/1.2 MB
Progress (3): 98/223 kB | 0.5/1.9 MB | 0.8/1.2 MB
Progress (4): 98/223 kB | 0.5/1.9 MB | 0.8/1.2 MB | 7.7/195 kB
Progress (4): 115/223 kB | 0.5/1.9 MB | 0.8/1.2 MB | 7.7/195 kB
Progress (4): 115/223 kB | 0.5/1.9 MB | 0.8/1.2 MB | 16/195 kB 
Progress (4): 115/223 kB | 0.5/1.9 MB | 0.8/1.2 MB | 32/195 kB
Progress (4): 115/223 kB | 0.5/1.9 MB | 0.8/1.2 MB | 32/195 kB
Progress (4): 131/223 kB | 0.5/1.9 MB | 0.8/1.2 MB | 32/195 kB
Progress (4): 131/223 kB | 0.5/1.9 MB | 0.9/1.2 MB | 32/195 kB
Progress (4): 131/223 kB | 0.5/1.9 MB | 0.9/1.2 MB | 32/195 kB
Progress (4): 131/223 kB | 0.5/1.9 MB | 0.9/1.2 MB | 32/195 kB
Progress (4): 131/223 kB | 0.5/1.9 MB | 0.9/1.2 MB | 32/195 kB
Progress (4): 131/223 kB | 0.5/1.9 MB | 0.9/1.2 MB | 32/195 kB
Progress (4): 131/223 kB | 0.5/1.9 MB | 0.9/1.2 MB | 32/195 kB
Progress (4): 131/223 kB | 0.5/1.9 MB | 1.0/1.2 MB | 32/195 kB
Progress (4): 131/223 kB | 0.5/1.9 MB | 1.0/1.2 MB | 32/195 kB
Progress (4): 131/223 kB | 0.5/1.9 MB | 1.0/1.2 MB | 32/195 kB
Progress (4): 131/223 kB | 0.5/1.9 MB | 1.0/1.2 MB | 32/195 kB
Progress (4): 131/223 kB | 0.5/1.9 MB | 1.0/1.2 MB | 32/195 kB
Progress (4): 131/223 kB | 0.5/1.9 MB | 1.0/1.2 MB | 32/195 kB
Progress (4): 131/223 kB | 0.5/1.9 MB | 1.1/1.2 MB | 32/195 kB
Progress (4): 131/223 kB | 0.5/1.9 MB | 1.1/1.2 MB | 32/195 kB
Progress (4): 131/223 kB | 0.5/1.9 MB | 1.1/1.2 MB | 32/195 kB
Progress (4): 131/223 kB | 0.5/1.9 MB | 1.1/1.2 MB | 32/195 kB
Progress (4): 131/223 kB | 0.5/1.9 MB | 1.1/1.2 MB | 32/195 kB
Progress (4): 131/223 kB | 0.5/1.9 MB | 1.1/1.2 MB | 32/195 kB
Progress (4): 131/223 kB | 0.5/1.9 MB | 1.2/1.2 MB | 32/195 kB
Progress (4): 131/223 kB | 0.5/1.9 MB | 1.2/1.2 MB | 32/195 kB
Progress (4): 131/223 kB | 0.5/1.9 MB | 1.2/1.2 MB | 32/195 kB
Progress (4): 131/223 kB | 0.5/1.9 MB | 1.2/1.2 MB | 32/195 kB
Progress (4): 131/223 kB | 0.5/1.9 MB | 1.2 MB | 32/195 kB    
                                                          
Downloaded from central: https://repo.maven.apache.org/maven2/xerces/xercesImpl/2.8.0/xercesImpl-2.8.0.jar (1.2 MB at 466 kB/s)
Progress (3): 131/223 kB | 0.5/1.9 MB | 49/195 kB
Progress (3): 131/223 kB | 0.5/1.9 MB | 65/195 kB
Progress (3): 131/223 kB | 0.5/1.9 MB | 81/195 kB
Progress (3): 131/223 kB | 0.5/1.9 MB | 98/195 kB
Progress (3): 131/223 kB | 0.5/1.9 MB | 98/195 kB
Progress (3): 147/223 kB | 0.5/1.9 MB | 98/195 kB
Progress (3): 147/223 kB | 0.6/1.9 MB | 98/195 kB
Progress (3): 147/223 kB | 0.6/1.9 MB | 98/195 kB
Progress (3): 147/223 kB | 0.6/1.9 MB | 98/195 kB
Progress (3): 147/223 kB | 0.6/1.9 MB | 98/195 kB
Progress (3): 147/223 kB | 0.6/1.9 MB | 98/195 kB
Progress (3): 147/223 kB | 0.6/1.9 MB | 98/195 kB
Progress (3): 147/223 kB | 0.7/1.9 MB | 98/195 kB
Progress (3): 147/223 kB | 0.7/1.9 MB | 98/195 kB
Progress (3): 147/223 kB | 0.7/1.9 MB | 114/195 kB
Progress (3): 147/223 kB | 0.7/1.9 MB | 131/195 kB
Progress (3): 147/223 kB | 0.7/1.9 MB | 147/195 kB
Progress (3): 147/223 kB | 0.7/1.9 MB | 163/195 kB
Progress (3): 147/223 kB | 0.7/1.9 MB | 180/195 kB
Progress (3): 147/223 kB | 0.7/1.9 MB | 195 kB    
Progress (3): 147/223 kB | 0.7/1.9 MB | 195 kB
Progress (3): 164/223 kB | 0.7/1.9 MB | 195 kB
Progress (3): 180/223 kB | 0.7/1.9 MB | 195 kB
Progress (3): 180/223 kB | 0.7/1.9 MB | 195 kB
Progress (3): 180/223 kB | 0.7/1.9 MB | 195 kB
Progress (3): 180/223 kB | 0.7/1.9 MB | 195 kB
Progress (3): 180/223 kB | 0.7/1.9 MB | 195 kB
Progress (3): 180/223 kB | 0.8/1.9 MB | 195 kB
Progress (3): 180/223 kB | 0.8/1.9 MB | 195 kB
Progress (3): 180/223 kB | 0.8/1.9 MB | 195 kB
Progress (3): 180/223 kB | 0.8/1.9 MB | 195 kB
Progress (3): 180/223 kB | 0.8/1.9 MB | 195 kB
Progress (3): 180/223 kB | 0.8/1.9 MB | 195 kB
Progress (3): 197/223 kB | 0.8/1.9 MB | 195 kB
                                              
Downloaded from central: https://repo.maven.apache.org/maven2/xml-apis/xml-apis/1.3.03/xml-apis-1.3.03.jar (195 kB at 59 kB/s)
Progress (2): 197/223 kB | 0.9/1.9 MB
Progress (2): 197/223 kB | 0.9/1.9 MB
Progress (2): 197/223 kB | 0.9/1.9 MB
Progress (2): 197/223 kB | 0.9/1.9 MB
Progress (2): 197/223 kB | 0.9/1.9 MB
Progress (2): 197/223 kB | 0.9/1.9 MB
Progress (2): 213/223 kB | 0.9/1.9 MB
Progress (2): 213/223 kB | 1.0/1.9 MB
Progress (2): 223 kB | 1.0/1.9 MB    
Progress (2): 223 kB | 1.0/1.9 MB
Progress (2): 223 kB | 1.0/1.9 MB
                                 
Downloaded from central: https://repo.maven.apache.org/maven2/org/codehaus/plexus/plexus-utils/2.0.6/plexus-utils-2.0.6.jar (223 kB at 56 kB/s)
Progress (1): 1.0/1.9 MB
Progress (1): 1.0/1.9 MB
Progress (1): 1.0/1.9 MB
Progress (1): 1.1/1.9 MB
Progress (1): 1.1/1.9 MB
Progress (1): 1.1/1.9 MB
Progress (1): 1.1/1.9 MB
Progress (1): 1.1/1.9 MB
Progress (1): 1.1/1.9 MB
Progress (1): 1.2/1.9 MB
Progress (1): 1.2/1.9 MB
Progress (1): 1.2/1.9 MB
Progress (1): 1.2/1.9 MB
Progress (1): 1.2/1.9 MB
Progress (1): 1.2/1.9 MB
Progress (1): 1.3/1.9 MB
Progress (1): 1.3/1.9 MB
Progress (1): 1.3/1.9 MB
Progress (1): 1.3/1.9 MB
Progress (1): 1.3/1.9 MB
Progress (1): 1.3/1.9 MB
Progress (1): 1.4/1.9 MB
Progress (1): 1.4/1.9 MB
Progress (1): 1.4/1.9 MB
Progress (1): 1.4/1.9 MB
Progress (1): 1.4/1.9 MB
Progress (1): 1.4/1.9 MB
Progress (1): 1.5/1.9 MB
Progress (1): 1.5/1.9 MB
Progress (1): 1.5/1.9 MB
Progress (1): 1.5/1.9 MB
Progress (1): 1.5/1.9 MB
Progress (1): 1.5/1.9 MB
Progress (1): 1.6/1.9 MB
Progress (1): 1.6/1.9 MB
Progress (1): 1.6/1.9 MB
Progress (1): 1.6/1.9 MB
Progress (1): 1.6/1.9 MB
Progress (1): 1.6/1.9 MB
Progress (1): 1.6/1.9 MB
Progress (1): 1.7/1.9 MB
Progress (1): 1.7/1.9 MB
Progress (1): 1.7/1.9 MB
Progress (1): 1.7/1.9 MB
Progress (1): 1.7/1.9 MB
Progress (1): 1.7/1.9 MB
Progress (1): 1.8/1.9 MB
Progress (1): 1.8/1.9 MB
Progress (1): 1.8/1.9 MB
Progress (1): 1.8/1.9 MB
Progress (1): 1.8/1.9 MB
Progress (1): 1.8/1.9 MB
Progress (1): 1.9/1.9 MB
Progress (1): 1.9/1.9 MB
Progress (1): 1.9/1.9 MB
Progress (1): 1.9/1.9 MB
Progress (1): 1.9/1.9 MB
Progress (1): 1.9 MB    
                    
Downloaded from central: https://repo.maven.apache.org/maven2/org/apache/ant/ant/1.8.2/ant-1.8.2.jar (1.9 MB at 307 kB/s)
[INFO] Replacement run on 1 file.
[INFO] 
[INFO] --- resources:2.7:resources (default-resources) @ jackson-core ---
Downloading from central: https://repo.maven.apache.org/maven2/org/apache/maven/shared/maven-filtering/1.2/maven-filtering-1.2.pom
Progress (1): 803 B
Progress (1): 2.3 kB
Progress (1): 5.8 kB
Progress (1): 6.5 kB
                    
Downloaded from central: https://repo.maven.apache.org/maven2/org/apache/maven/shared/maven-filtering/1.2/maven-filtering-1.2.pom (6.5 kB at 13 kB/s)
Downloading from central: https://repo.maven.apache.org/maven2/org/apache/maven/shared/maven-shared-utils/0.3/maven-shared-utils-0.3.pom
Progress (1): 1.2 kB
Progress (1): 3.7 kB
Progress (1): 4.0 kB
                    
Downloaded from central: https://repo.maven.apache.org/maven2/org/apache/maven/shared/maven-shared-utils/0.3/maven-shared-utils-0.3.pom (4.0 kB at 7.0 kB/s)
Downloading from central: https://repo.maven.apache.org/maven2/org/codehaus/plexus/plexus-interpolation/1.12/plexus-interpolation-1.12.pom
Progress (1): 889 B
                   
Downloaded from central: https://repo.maven.apache.org/maven2/org/codehaus/plexus/plexus-interpolation/1.12/plexus-interpolation-1.12.pom (889 B at 984 B/s)
Downloading from central: https://repo.maven.apache.org/maven2/org/sonatype/plexus/plexus-build-api/0.0.4/plexus-build-api-0.0.4.pom
Progress (1): 915 B
Progress (1): 2.9 kB
                    
Downloaded from central: https://repo.maven.apache.org/maven2/org/sonatype/plexus/plexus-build-api/0.0.4/plexus-build-api-0.0.4.pom (2.9 kB at 13 kB/s)
Downloading from central: https://repo.maven.apache.org/maven2/org/sonatype/spice/spice-parent/10/spice-parent-10.pom
Progress (1): 1.6 kB
Progress (1): 3.0 kB
                    
Downloaded from central: https://repo.maven.apache.org/maven2/org/sonatype/spice/spice-parent/10/spice-parent-10.pom (3.0 kB at 4.9 kB/s)
Downloading from central: https://repo.maven.apache.org/maven2/org/sonatype/forge/forge-parent/3/forge-parent-3.pom
Progress (1): 1.5 kB
Progress (1): 5.0 kB
                    
Downloaded from central: https://repo.maven.apache.org/maven2/org/sonatype/forge/forge-parent/3/forge-parent-3.pom (5.0 kB at 11 kB/s)
Downloading from central: https://repo.maven.apache.org/maven2/org/codehaus/plexus/plexus-interpolation/1.19/plexus-interpolation-1.19.pom
Progress (1): 1.0 kB
                    
Downloaded from central: https://repo.maven.apache.org/maven2/org/codehaus/plexus/plexus-interpolation/1.19/plexus-interpolation-1.19.pom (1.0 kB at 2.3 kB/s)
Downloading from central: https://repo.maven.apache.org/maven2/org/apache/maven/maven-plugin-api/2.2.1/maven-plugin-api-2.2.1.jar
Progress (1): 7.7/12 kB
Progress (1): 11/12 kB 
Progress (1): 12 kB   
                   
Downloaded from central: https://repo.maven.apache.org/maven2/org/apache/maven/maven-plugin-api/2.2.1/maven-plugin-api-2.2.1.jar (12 kB at 35 kB/s)
Downloading from central: https://repo.maven.apache.org/maven2/org/apache/maven/maven-project/2.2.1/maven-project-2.2.1.jar
Downloading from central: https://repo.maven.apache.org/maven2/org/apache/maven/maven-profile/2.2.1/maven-profile-2.2.1.jar
Downloading from central: https://repo.maven.apache.org/maven2/org/apache/maven/maven-artifact-manager/2.2.1/maven-artifact-manager-2.2.1.jar
Downloading from central: https://repo.maven.apache.org/maven2/org/apache/maven/maven-plugin-registry/2.2.1/maven-plugin-registry-2.2.1.jar
Downloading from central: https://repo.maven.apache.org/maven2/org/apache/maven/maven-core/2.2.1/maven-core-2.2.1.jar
Progress (1): 7.7/30 kB
Progress (1): 16/30 kB 
Progress (1): 24/30 kB
Progress (1): 30 kB   
                   
Downloaded from central: https://repo.maven.apache.org/maven2/org/apache/maven/maven-plugin-registry/2.2.1/maven-plugin-registry-2.2.1.jar (30 kB at 138 kB/s)
Downloading from central: https://repo.maven.apache.org/maven2/org/apache/maven/maven-plugin-parameter-documenter/2.2.1/maven-plugin-parameter-documenter-2.2.1.jar
Progress (1): 7.7/178 kB
Progress (1): 11/178 kB 
Progress (1): 28/178 kB
Progress (2): 28/178 kB | 7.7/22 kB
Progress (2): 28/178 kB | 16/22 kB 
Progress (2): 28/178 kB | 22 kB   
                               
Downloaded from central: https://repo.maven.apache.org/maven2/org/apache/maven/maven-plugin-parameter-documenter/2.2.1/maven-plugin-parameter-documenter-2.2.1.jar (22 kB at 52 kB/s)
Downloading from central: https://repo.maven.apache.org/maven2/org/slf4j/slf4j-jdk14/1.5.6/slf4j-jdk14-1.5.6.jar
Progress (2): 28/178 kB | 7.7/68 kB
Progress (2): 28/178 kB | 16/68 kB 
Progress (2): 28/178 kB | 28/68 kB
Progress (3): 28/178 kB | 28/68 kB | 7.7/156 kB
Progress (3): 28/178 kB | 28/68 kB | 16/156 kB 
Progress (3): 28/178 kB | 28/68 kB | 32/156 kB
Progress (3): 44/178 kB | 28/68 kB | 32/156 kB
Progress (3): 44/178 kB | 44/68 kB | 32/156 kB
Progress (3): 61/178 kB | 44/68 kB | 32/156 kB
Progress (4): 61/178 kB | 44/68 kB | 32/156 kB | 7.7/35 kB
Progress (4): 61/178 kB | 44/68 kB | 32/156 kB | 12/35 kB 
Progress (4): 61/178 kB | 44/68 kB | 49/156 kB | 12/35 kB
Progress (4): 61/178 kB | 44/68 kB | 65/156 kB | 12/35 kB
Progress (4): 77/178 kB | 44/68 kB | 65/156 kB | 12/35 kB
Progress (4): 93/178 kB | 44/68 kB | 65/156 kB | 12/35 kB
Progress (4): 110/178 kB | 44/68 kB | 65/156 kB | 12/35 kB
Progress (4): 126/178 kB | 44/68 kB | 65/156 kB | 12/35 kB
Progress (4): 126/178 kB | 61/68 kB | 65/156 kB | 12/35 kB
Progress (4): 126/178 kB | 68 kB | 65/156 kB | 12/35 kB   
                                                       
Downloaded from central: https://repo.maven.apache.org/maven2/org/apache/maven/maven-artifact-manager/2.2.1/maven-artifact-manager-2.2.1.jar (68 kB at 126 kB/s)
Downloading from central: https://repo.maven.apache.org/maven2/org/slf4j/slf4j-api/1.5.6/slf4j-api-1.5.6.jar
Progress (3): 126/178 kB | 81/156 kB | 12/35 kB
Progress (3): 126/178 kB | 81/156 kB | 29/35 kB
Progress (3): 126/178 kB | 81/156 kB | 35 kB   
Progress (4): 126/178 kB | 81/156 kB | 35 kB | 7.7/22 kB
Progress (5): 126/178 kB | 81/156 kB | 35 kB | 7.7/22 kB | 7.7/8.8 kB
Progress (5): 126/178 kB | 98/156 kB | 35 kB | 7.7/22 kB | 7.7/8.8 kB
Progress (5): 126/178 kB | 98/156 kB | 35 kB | 7.7/22 kB | 8.8 kB    
Progress (5): 126/178 kB | 98/156 kB | 35 kB | 16/22 kB | 8.8 kB 
Progress (5): 126/178 kB | 114/156 kB | 35 kB | 16/22 kB | 8.8 kB
                                                                 
Downloaded from central: https://repo.maven.apache.org/maven2/org/slf4j/slf4j-jdk14/1.5.6/slf4j-jdk14-1.5.6.jar (8.8 kB at 11 kB/s)
Downloaded from central: https://repo.maven.apache.org/maven2/org/apache/maven/maven-profile/2.2.1/maven-profile-2.2.1.jar (35 kB at 45 kB/s)
Downloading from central: https://repo.maven.apache.org/maven2/org/slf4j/jcl-over-slf4j/1.5.6/jcl-over-slf4j-1.5.6.jar
Downloading from central: https://repo.maven.apache.org/maven2/org/apache/maven/reporting/maven-reporting-api/2.2.1/maven-reporting-api-2.2.1.jar
Progress (3): 126/178 kB | 131/156 kB | 16/22 kB
Progress (3): 126/178 kB | 147/156 kB | 16/22 kB
Progress (3): 126/178 kB | 156 kB | 16/22 kB    
                                            
Downloaded from central: https://repo.maven.apache.org/maven2/org/apache/maven/maven-project/2.2.1/maven-project-2.2.1.jar (156 kB at 199 kB/s)
Downloading from central: https://repo.maven.apache.org/maven2/org/apache/maven/doxia/doxia-sink-api/1.1/doxia-sink-api-1.1.jar
Progress (2): 142/178 kB | 16/22 kB
Progress (2): 159/178 kB | 16/22 kB
Progress (2): 175/178 kB | 16/22 kB
Progress (2): 178 kB | 16/22 kB    
                               
Downloaded from central: https://repo.maven.apache.org/maven2/org/apache/maven/maven-core/2.2.1/maven-core-2.2.1.jar (178 kB at 214 kB/s)
Downloading from central: https://repo.maven.apache.org/maven2/org/apache/maven/doxia/doxia-logging-api/1.1/doxia-logging-api-1.1.jar
Progress (2): 16/22 kB | 7.7/11 kB
Progress (2): 16/22 kB | 7.7/11 kB
Progress (3): 16/22 kB | 7.7/11 kB | 7.3/9.8 kB
Progress (4): 16/22 kB | 7.7/11 kB | 7.3/9.8 kB | 7.7/17 kB
Progress (5): 16/22 kB | 7.7/11 kB | 7.3/9.8 kB | 7.7/17 kB | 7.7/13 kB
Progress (5): 16/22 kB | 7.7/11 kB | 7.3/9.8 kB | 7.7/17 kB | 13 kB    
Progress (5): 16/22 kB | 7.7/11 kB | 7.3/9.8 kB | 16/17 kB | 13 kB 
Progress (5): 16/22 kB | 7.7/11 kB | 7.3/9.8 kB | 17 kB | 13 kB   
                                                               
Downloaded from central: https://repo.maven.apache.org/maven2/org/slf4j/jcl-over-slf4j/1.5.6/jcl-over-slf4j-1.5.6.jar (17 kB at 16 kB/s)
Downloading from central: https://repo.maven.apache.org/maven2/org/apache/maven/maven-repository-metadata/2.2.1/maven-repository-metadata-2.2.1.jar
Downloaded from central: https://repo.maven.apache.org/maven2/org/apache/maven/doxia/doxia-sink-api/1.1/doxia-sink-api-1.1.jar (13 kB at 12 kB/s)
Downloading from central: https://repo.maven.apache.org/maven2/org/apache/maven/maven-error-diagnostics/2.2.1/maven-error-diagnostics-2.2.1.jar
Progress (3): 16/22 kB | 11 kB | 7.3/9.8 kB
                                           
Downloaded from central: https://repo.maven.apache.org/maven2/org/apache/maven/doxia/doxia-logging-api/1.1/doxia-logging-api-1.1.jar (11 kB at 11 kB/s)
Downloading from central: https://repo.maven.apache.org/maven2/commons-cli/commons-cli/1.2/commons-cli-1.2.jar
Progress (2): 16/22 kB | 9.8 kB
                               
Downloaded from central: https://repo.maven.apache.org/maven2/org/apache/maven/reporting/maven-reporting-api/2.2.1/maven-reporting-api-2.2.1.jar (9.8 kB at 9.1 kB/s)
Downloading from central: https://repo.maven.apache.org/maven2/org/apache/maven/maven-plugin-descriptor/2.2.1/maven-plugin-descriptor-2.2.1.jar
Progress (1): 22 kB
                   
Downloaded from central: https://repo.maven.apache.org/maven2/org/slf4j/slf4j-api/1.5.6/slf4j-api-1.5.6.jar (22 kB at 19 kB/s)
Downloading from central: https://repo.maven.apache.org/maven2/org/apache/maven/maven-artifact/2.2.1/maven-artifact-2.2.1.jar
Progress (1): 7.7/13 kB
Progress (1): 13 kB    
                   
Downloaded from central: https://repo.maven.apache.org/maven2/org/apache/maven/maven-error-diagnostics/2.2.1/maven-error-diagnostics-2.2.1.jar (13 kB at 10 kB/s)
Downloading from central: https://repo.maven.apache.org/maven2/org/apache/maven/maven-settings/2.2.1/maven-settings-2.2.1.jar
Progress (1): 7.7/26 kB
Progress (1): 7.7/26 kB
Progress (2): 7.7/26 kB | 7.7/41 kB
Progress (2): 7.7/26 kB | 11/41 kB 
Progress (3): 7.7/26 kB | 11/41 kB | 16/49 kB
Progress (3): 7.7/26 kB | 11/41 kB | 25/49 kB
Progress (3): 7.7/26 kB | 11/41 kB | 41/49 kB
Progress (3): 7.7/26 kB | 28/41 kB | 41/49 kB
Progress (3): 7.7/26 kB | 41 kB | 41/49 kB   
                                          
Downloaded from central: https://repo.maven.apache.org/maven2/commons-cli/commons-cli/1.2/commons-cli-1.2.jar (41 kB at 28 kB/s)
Downloading from central: https://repo.maven.apache.org/maven2/org/apache/maven/maven-model/2.2.1/maven-model-2.2.1.jar
Progress (2): 7.7/26 kB | 49 kB
                               
Downloaded from central: https://repo.maven.apache.org/maven2/org/apache/maven/maven-settings/2.2.1/maven-settings-2.2.1.jar (49 kB at 33 kB/s)
Downloading from central: https://repo.maven.apache.org/maven2/org/apache/maven/maven-monitor/2.2.1/maven-monitor-2.2.1.jar
Progress (1): 24/26 kB
Progress (1): 26 kB   
                   
Downloaded from central: https://repo.maven.apache.org/maven2/org/apache/maven/maven-repository-metadata/2.2.1/maven-repository-metadata-2.2.1.jar (26 kB at 17 kB/s)
Downloading from central: https://repo.maven.apache.org/maven2/org/apache/maven/shared/maven-filtering/1.2/maven-filtering-1.2.jar
Progress (1): 7.7/39 kB
Progress (1): 12/39 kB 
Progress (2): 12/39 kB | 7.7/80 kB
Progress (2): 12/39 kB | 12/80 kB 
Progress (2): 12/39 kB | 29/80 kB
Progress (2): 12/39 kB | 45/80 kB
Progress (2): 12/39 kB | 61/80 kB
Progress (2): 29/39 kB | 61/80 kB
Progress (2): 29/39 kB | 78/80 kB
Progress (2): 29/39 kB | 80 kB   
Progress (2): 39 kB | 80 kB   
Progress (3): 39 kB | 80 kB | 3.2/44 kB
Progress (4): 39 kB | 80 kB | 3.2/44 kB | 3.2/88 kB
Progress (5): 39 kB | 80 kB | 3.2/44 kB | 3.2/88 kB | 8.2/10 kB
Progress (5): 39 kB | 80 kB | 3.2/44 kB | 3.2/88 kB | 10 kB    
Progress (5): 39 kB | 80 kB | 20/44 kB | 3.2/88 kB | 10 kB 
                                                          
Downloaded from central: https://repo.maven.apache.org/maven2/org/apache/maven/maven-artifact/2.2.1/maven-artifact-2.2.1.jar (80 kB at 36 kB/s)
Downloading from central: https://repo.maven.apache.org/maven2/org/apache/maven/shared/maven-shared-utils/0.3/maven-shared-utils-0.3.jar
Downloaded from central: https://repo.maven.apache.org/maven2/org/apache/maven/maven-plugin-descriptor/2.2.1/maven-plugin-descriptor-2.2.1.jar (39 kB at 17 kB/s)
Downloading from central: https://repo.maven.apache.org/maven2/org/sonatype/plexus/plexus-build-api/0.0.4/plexus-build-api-0.0.4.jar
Progress (3): 20/44 kB | 20/88 kB | 10 kB
Progress (3): 28/44 kB | 20/88 kB | 10 kB
                                         
Downloaded from central: https://repo.maven.apache.org/maven2/org/apache/maven/maven-monitor/2.2.1/maven-monitor-2.2.1.jar (10 kB at 4.6 kB/s)
Downloading from central: https://repo.maven.apache.org/maven2/org/codehaus/plexus/plexus-interpolation/1.19/plexus-interpolation-1.19.jar
Progress (2): 28/44 kB | 28/88 kB
Progress (2): 44/44 kB | 28/88 kB
Progress (2): 44 kB | 28/88 kB   
Progress (2): 44 kB | 44/88 kB
Progress (2): 44 kB | 61/88 kB
                              
Downloaded from central: https://repo.maven.apache.org/maven2/org/apache/maven/shared/maven-filtering/1.2/maven-filtering-1.2.jar (44 kB at 20 kB/s)
Progress (1): 77/88 kB
Progress (1): 88 kB   
                   
Downloaded from central: https://repo.maven.apache.org/maven2/org/apache/maven/maven-model/2.2.1/maven-model-2.2.1.jar (88 kB at 39 kB/s)
Progress (1): 3.2/62 kB
Progress (2): 3.2/62 kB | 7.7/155 kB
Progress (2): 3.2/62 kB | 12/155 kB 
Progress (3): 3.2/62 kB | 12/155 kB | 6.8 kB
Progress (3): 3.2/62 kB | 29/155 kB | 6.8 kB
Progress (3): 20/62 kB | 29/155 kB | 6.8 kB 
Progress (3): 20/62 kB | 45/155 kB | 6.8 kB
Progress (3): 36/62 kB | 45/155 kB | 6.8 kB
                                           
Downloaded from central: https://repo.maven.apache.org/maven2/org/sonatype/plexus/plexus-build-api/0.0.4/plexus-build-api-0.0.4.jar (6.8 kB at 2.4 kB/s)
Progress (2): 36/62 kB | 61/155 kB
Progress (2): 52/62 kB | 61/155 kB
Progress (2): 52/62 kB | 78/155 kB
Progress (2): 62 kB | 78/155 kB   
Progress (2): 62 kB | 94/155 kB
Progress (2): 62 kB | 111/155 kB
Progress (2): 62 kB | 127/155 kB
Progress (2): 62 kB | 143/155 kB
Progress (2): 62 kB | 155 kB    
                            
Downloaded from central: https://repo.maven.apache.org/maven2/org/apache/maven/shared/maven-shared-utils/0.3/maven-shared-utils-0.3.jar (155 kB at 49 kB/s)
Downloaded from central: https://repo.maven.apache.org/maven2/org/codehaus/plexus/plexus-interpolation/1.19/plexus-interpolation-1.19.jar (62 kB at 20 kB/s)
[INFO] Using 'UTF-8' encoding to copy filtered resources.
[INFO] Copying 3 resources
[INFO] 
[INFO] --- compiler:3.8.0:compile (default-compile) @ jackson-core ---
Downloading from central: https://repo.maven.apache.org/maven2/org/ow2/asm/asm/7.0/asm-7.0.pom
Progress (1): 1.2 kB
Progress (1): 2.9 kB
                    
Downloaded from central: https://repo.maven.apache.org/maven2/org/ow2/asm/asm/7.0/asm-7.0.pom (2.9 kB at 2.9 kB/s)
Downloading from central: https://repo.maven.apache.org/maven2/org/ow2/asm/asm/7.0/asm-7.0.jar
Progress (1): 7.7/114 kB
Progress (1): 11/114 kB 
Progress (1): 28/114 kB
Progress (1): 44/114 kB
Progress (1): 61/114 kB
Progress (1): 66/114 kB
Progress (1): 82/114 kB
Progress (1): 98/114 kB
Progress (1): 114 kB   
                    
Downloaded from central: https://repo.maven.apache.org/maven2/org/ow2/asm/asm/7.0/asm-7.0.jar (114 kB at 187 kB/s)
[WARNING]  Parameter 'optimize' (user property 'maven.compiler.optimize') is deprecated: This property is a no-op in {@code javac}.
[INFO] Changes detected - recompiling the module!
[INFO] Compiling 112 source files to /home/zhihao/hdd/marshal/.work/rebuild_jackson_mock_logback/case-package/replay-work/formal-github-jackson-core-mock-interception--target-logback-elasticsearch/source-a1/target/classes
[WARNING] bootstrap class path not set in conjunction with -source 1.6
[INFO] 
[INFO] --- resources:2.7:testResources (default-testResources) @ jackson-core ---
[INFO] Not copying test resources
[INFO] 
[INFO] --- compiler:3.8.0:testCompile (default-testCompile) @ jackson-core ---
[WARNING]  Parameter 'optimize' (user property 'maven.compiler.optimize') is deprecated: This property is a no-op in {@code javac}.
[INFO] Not compiling test sources
[INFO] 
[INFO] --- surefire:2.22.2:test (default-test) @ jackson-core ---
Downloading from central: https://repo.maven.apache.org/maven2/org/apache/maven/surefire/maven-surefire-common/2.22.2/maven-surefire-common-2.22.2.pom
Progress (1): 1.2 kB
Progress (1): 5.4 kB
Progress (1): 11 kB 
                   
Downloaded from central: https://repo.maven.apache.org/maven2/org/apache/maven/surefire/maven-surefire-common/2.22.2/maven-surefire-common-2.22.2.pom (11 kB at 57 kB/s)
Downloading from central: https://repo.maven.apache.org/maven2/org/apache/maven/plugin-tools/maven-plugin-annotations/3.5.2/maven-plugin-annotations-3.5.2.pom
Progress (1): 872 B
Progress (1): 1.6 kB
                    
Downloaded from central: https://repo.maven.apache.org/maven2/org/apache/maven/plugin-tools/maven-plugin-annotations/3.5.2/maven-plugin-annotations-3.5.2.pom (1.6 kB at 4.3 kB/s)
Downloading from central: https://repo.maven.apache.org/maven2/org/apache/maven/plugin-tools/maven-plugin-tools/3.5.2/maven-plugin-tools-3.5.2.pom
Progress (1): 792 B
Progress (1): 2.3 kB
Progress (1): 4.1 kB
Progress (1): 9.4 kB
Progress (1): 13 kB 
Progress (1): 15 kB
                   
Downloaded from central: https://repo.maven.apache.org/maven2/org/apache/maven/plugin-tools/maven-plugin-tools/3.5.2/maven-plugin-tools-3.5.2.pom (15 kB at 75 kB/s)
Downloading from central: https://repo.maven.apache.org/maven2/org/apache/maven/maven-parent/31/maven-parent-31.pom
Progress (1): 721 B
Progress (1): 1.9 kB
Progress (1): 5.4 kB
Progress (1): 9.9 kB
Progress (1): 14 kB 
Progress (1): 19 kB
Progress (1): 24 kB
Progress (1): 25 kB
Progress (1): 27 kB
Progress (1): 30 kB
Progress (1): 34 kB
Progress (1): 37 kB
Progress (1): 40 kB
Progress (1): 43 kB
                   
Downloaded from central: https://repo.maven.apache.org/maven2/org/apache/maven/maven-parent/31/maven-parent-31.pom (43 kB at 141 kB/s)
Downloading from central: https://repo.maven.apache.org/maven2/org/apache/apache/19/apache-19.pom
Progress (1): 756 B
Progress (1): 2.1 kB
Progress (1): 3.9 kB
Progress (1): 8.0 kB
Progress (1): 12 kB 
Progress (1): 15 kB
                   
Downloaded from central: https://repo.maven.apache.org/maven2/org/apache/apache/19/apache-19.pom (15 kB at 36 kB/s)
Downloading from central: https://repo.maven.apache.org/maven2/org/apache/maven/surefire/surefire-api/2.22.2/surefire-api-2.22.2.pom
Progress (1): 1.3 kB
Progress (1): 3.5 kB
                    
Downloaded from central: https://repo.maven.apache.org/maven2/org/apache/maven/surefire/surefire-api/2.22.2/surefire-api-2.22.2.pom (3.5 kB at 12 kB/s)
Downloading from central: https://repo.maven.apache.org/maven2/org/apache/maven/surefire/surefire-logger-api/2.22.2/surefire-logger-api-2.22.2.pom
Progress (1): 862 B
Progress (1): 2.0 kB
                    
Downloaded from central: https://repo.maven.apache.org/maven2/org/apache/maven/surefire/surefire-logger-api/2.22.2/surefire-logger-api-2.22.2.pom (2.0 kB at 9.9 kB/s)
Downloading from central: https://repo.maven.apache.org/maven2/org/apache/maven/surefire/surefire-booter/2.22.2/surefire-booter-2.22.2.pom
Progress (1): 1.1 kB
Progress (1): 5.0 kB
Progress (1): 7.5 kB
                    
Downloaded from central: https://repo.maven.apache.org/maven2/org/apache/maven/surefire/surefire-booter/2.22.2/surefire-booter-2.22.2.pom (7.5 kB at 12 kB/s)
Downloading from central: https://repo.maven.apache.org/maven2/com/thoughtworks/qdox/qdox/2.0-M8/qdox-2.0-M8.pom
Progress (1): 873 B
Progress (1): 3.4 kB
Progress (1): 6.7 kB
Progress (1): 11 kB 
Progress (1): 14 kB
Progress (1): 16 kB
                   
Downloaded from central: https://repo.maven.apache.org/maven2/com/thoughtworks/qdox/qdox/2.0-M8/qdox-2.0-M8.pom (16 kB at 36 kB/s)
Downloading from central: https://repo.maven.apache.org/maven2/org/apache/maven/surefire/maven-surefire-common/2.22.2/maven-surefire-common-2.22.2.jar
Progress (1): 7.7/528 kB
Progress (1): 16/528 kB 
Progress (1): 32/528 kB
Progress (1): 49/528 kB
Progress (1): 65/528 kB
Progress (1): 81/528 kB
Progress (1): 98/528 kB
Progress (1): 114/528 kB
Progress (1): 131/528 kB
Progress (1): 147/528 kB
Progress (1): 163/528 kB
Progress (1): 180/528 kB
Progress (1): 196/528 kB
Progress (1): 212/528 kB
Progress (1): 229/528 kB
Progress (1): 245/528 kB
Progress (1): 262/528 kB
Progress (1): 278/528 kB
Progress (1): 294/528 kB
Progress (1): 311/528 kB
Progress (1): 327/528 kB
Progress (1): 344/528 kB
Progress (1): 360/528 kB
Progress (1): 376/528 kB
Progress (1): 393/528 kB
Progress (1): 409/528 kB
Progress (1): 425/528 kB
Progress (1): 442/528 kB
Progress (1): 458/528 kB
Progress (1): 475/528 kB
Progress (1): 491/528 kB
Progress (1): 507/528 kB
Progress (1): 524/528 kB
Progress (1): 528 kB    
                    
Downloaded from central: https://repo.maven.apache.org/maven2/org/apache/maven/surefire/maven-surefire-common/2.22.2/maven-surefire-common-2.22.2.jar (528 kB at 94 kB/s)
Downloading from central: https://repo.maven.apache.org/maven2/org/apache/maven/plugin-tools/maven-plugin-annotations/3.5.2/maven-plugin-annotations-3.5.2.jar
Downloading from central: https://repo.maven.apache.org/maven2/org/apache/maven/surefire/surefire-api/2.22.2/surefire-api-2.22.2.jar
Downloading from central: https://repo.maven.apache.org/maven2/org/apache/maven/surefire/surefire-logger-api/2.22.2/surefire-logger-api-2.22.2.jar
Downloading from central: https://repo.maven.apache.org/maven2/org/apache/maven/surefire/surefire-booter/2.22.2/surefire-booter-2.22.2.jar
Downloading from central: https://repo.maven.apache.org/maven2/org/codehaus/plexus/plexus-utils/1.5.15/plexus-utils-1.5.15.jar
Progress (1): 7.7/274 kB
Progress (1): 7.7/274 kB
Progress (1): 24/274 kB 
Progress (1): 40/274 kB
Progress (2): 40/274 kB | 7.7/186 kB
Progress (2): 40/274 kB | 7.7/186 kB
Progress (2): 57/274 kB | 7.7/186 kB
Progress (2): 73/274 kB | 7.7/186 kB
Progress (3): 73/274 kB | 7.7/186 kB | 7.3/13 kB
Progress (3): 73/274 kB | 24/186 kB | 7.3/13 kB 
Progress (3): 73/274 kB | 24/186 kB | 13 kB    
                                           
Downloaded from central: https://repo.maven.apache.org/maven2/org/apache/maven/surefire/surefire-logger-api/2.22.2/surefire-logger-api-2.22.2.jar (13 kB at 41 kB/s)
Downloading from central: https://repo.maven.apache.org/maven2/org/codehaus/plexus/plexus-interpolation/1.11/plexus-interpolation-1.11.jar
Progress (2): 90/274 kB | 24/186 kB
Progress (2): 106/274 kB | 24/186 kB
Progress (2): 122/274 kB | 24/186 kB
Progress (2): 139/274 kB | 24/186 kB
Progress (2): 155/274 kB | 24/186 kB
Progress (2): 172/274 kB | 24/186 kB
Progress (2): 188/274 kB | 24/186 kB
Progress (2): 204/274 kB | 24/186 kB
Progress (2): 221/274 kB | 24/186 kB
Progress (2): 237/274 kB | 24/186 kB
Progress (2): 253/274 kB | 24/186 kB
Progress (2): 270/274 kB | 24/186 kB
Progress (2): 274 kB | 24/186 kB    
                                
Downloaded from central: https://repo.maven.apache.org/maven2/org/apache/maven/surefire/surefire-booter/2.22.2/surefire-booter-2.22.2.jar (274 kB at 633 kB/s)
Downloading from central: https://repo.maven.apache.org/maven2/com/thoughtworks/qdox/qdox/2.0-M8/qdox-2.0-M8.jar
Progress (2): 24/186 kB | 7.7/228 kB
Progress (3): 24/186 kB | 7.7/228 kB | 7.7/14 kB
Progress (3): 24/186 kB | 7.7/228 kB | 11/14 kB 
Progress (3): 24/186 kB | 16/228 kB | 11/14 kB 
Progress (3): 24/186 kB | 16/228 kB | 14 kB   
Progress (3): 24/186 kB | 32/228 kB | 14 kB
                                           
Downloaded from central: https://repo.maven.apache.org/maven2/org/apache/maven/plugin-tools/maven-plugin-annotations/3.5.2/maven-plugin-annotations-3.5.2.jar (14 kB at 28 kB/s)
Progress (2): 24/186 kB | 49/228 kB
Progress (2): 24/186 kB | 65/228 kB
Progress (2): 24/186 kB | 81/228 kB
Progress (3): 24/186 kB | 81/228 kB | 7.7/316 kB
Progress (3): 24/186 kB | 98/228 kB | 7.7/316 kB
Progress (4): 24/186 kB | 98/228 kB | 7.7/316 kB | 7.7/51 kB
Progress (4): 40/186 kB | 98/228 kB | 7.7/316 kB | 7.7/51 kB
Progress (4): 40/186 kB | 98/228 kB | 16/316 kB | 7.7/51 kB 
Progress (4): 40/186 kB | 98/228 kB | 16/316 kB | 15/51 kB 
Progress (4): 40/186 kB | 98/228 kB | 24/316 kB | 15/51 kB
Progress (4): 40/186 kB | 114/228 kB | 24/316 kB | 15/51 kB
Progress (4): 57/186 kB | 114/228 kB | 24/316 kB | 15/51 kB
Progress (4): 57/186 kB | 131/228 kB | 24/316 kB | 15/51 kB
Progress (4): 57/186 kB | 147/228 kB | 24/316 kB | 15/51 kB
Progress (4): 57/186 kB | 163/228 kB | 24/316 kB | 15/51 kB
Progress (4): 57/186 kB | 180/228 kB | 24/316 kB | 15/51 kB
Progress (4): 57/186 kB | 196/228 kB | 24/316 kB | 15/51 kB
Progress (4): 57/186 kB | 212/228 kB | 24/316 kB | 15/51 kB
Progress (4): 57/186 kB | 228 kB | 24/316 kB | 15/51 kB    
                                                       
Downloaded from central: https://repo.maven.apache.org/maven2/org/codehaus/plexus/plexus-utils/1.5.15/plexus-utils-1.5.15.jar (228 kB at 272 kB/s)
Progress (3): 57/186 kB | 40/316 kB | 15/51 kB
Progress (3): 57/186 kB | 57/316 kB | 15/51 kB
Progress (3): 57/186 kB | 66/316 kB | 15/51 kB
Progress (3): 57/186 kB | 82/316 kB | 15/51 kB
Progress (3): 57/186 kB | 82/316 kB | 32/51 kB
Progress (3): 73/186 kB | 82/316 kB | 32/51 kB
Progress (3): 73/186 kB | 98/316 kB | 32/51 kB
Progress (3): 73/186 kB | 98/316 kB | 48/51 kB
Progress (3): 90/186 kB | 98/316 kB | 48/51 kB
Progress (3): 90/186 kB | 98/316 kB | 51 kB   
Progress (3): 90/186 kB | 115/316 kB | 51 kB
Progress (3): 106/186 kB | 115/316 kB | 51 kB
Progress (3): 106/186 kB | 131/316 kB | 51 kB
Progress (3): 122/186 kB | 131/316 kB | 51 kB
Progress (3): 122/186 kB | 147/316 kB | 51 kB
Progress (3): 139/186 kB | 147/316 kB | 51 kB
Progress (3): 139/186 kB | 164/316 kB | 51 kB
Progress (3): 155/186 kB | 164/316 kB | 51 kB
Progress (3): 155/186 kB | 180/316 kB | 51 kB
Progress (3): 155/186 kB | 197/316 kB | 51 kB
Progress (3): 155/186 kB | 213/316 kB | 51 kB
Progress (3): 155/186 kB | 229/316 kB | 51 kB
Progress (3): 155/186 kB | 246/316 kB | 51 kB
Progress (3): 155/186 kB | 262/316 kB | 51 kB
Progress (3): 155/186 kB | 279/316 kB | 51 kB
Progress (3): 155/186 kB | 295/316 kB | 51 kB
Progress (3): 155/186 kB | 311/316 kB | 51 kB
Progress (3): 155/186 kB | 316 kB | 51 kB    
                                         
Downloaded from central: https://repo.maven.apache.org/maven2/org/codehaus/plexus/plexus-interpolation/1.11/plexus-interpolation-1.11.jar (51 kB at 37 kB/s)
Downloaded from central: https://repo.maven.apache.org/maven2/com/thoughtworks/qdox/qdox/2.0-M8/qdox-2.0-M8.jar (316 kB at 229 kB/s)
Progress (1): 172/186 kB
Progress (1): 186 kB    
                    
Downloaded from central: https://repo.maven.apache.org/maven2/org/apache/maven/surefire/surefire-api/2.22.2/surefire-api-2.22.2.jar (186 kB at 119 kB/s)
[INFO] Tests are skipped.
[INFO] 
[INFO] --- jacoco:0.8.4:report (report) @ jackson-core ---
[INFO] Skipping JaCoCo execution because property jacoco.skip is set.
[INFO] 
[INFO] --- bundle:4.2.0:bundle (default-bundle) @ jackson-core ---
[INFO] 
[INFO] --- site:3.1:attach-descriptor (attach-descriptor) @ jackson-core ---
Downloading from central: https://repo.maven.apache.org/maven2/org/apache/maven/reporting/maven-reporting-exec/1.0.2/maven-reporting-exec-1.0.2.pom
Progress (1): 784 B
Progress (1): 2.3 kB
Progress (1): 7.5 kB
Progress (1): 9.0 kB
                    
Downloaded from central: https://repo.maven.apache.org/maven2/org/apache/maven/reporting/maven-reporting-exec/1.0.2/maven-reporting-exec-1.0.2.pom (9.0 kB at 39 kB/s)
Downloading from central: https://repo.maven.apache.org/maven2/org/apache/maven/shared/maven-shared-components/17/maven-shared-components-17.pom
Progress (1): 768 B
Progress (1): 3.0 kB
Progress (1): 6.3 kB
Progress (1): 8.5 kB
Progress (1): 8.7 kB
                    
Downloaded from central: https://repo.maven.apache.org/maven2/org/apache/maven/shared/maven-shared-components/17/maven-shared-components-17.pom (8.7 kB at 11 kB/s)
Downloading from central: https://repo.maven.apache.org/maven2/velocity/velocity/1.5/velocity-1.5.pom
Progress (1): 1.1 kB
Progress (1): 3.1 kB
Progress (1): 6.0 kB
Progress (1): 7.8 kB
                    
Downloaded from central: https://repo.maven.apache.org/maven2/velocity/velocity/1.5/velocity-1.5.pom (7.8 kB at 37 kB/s)
Downloading from central: https://repo.maven.apache.org/maven2/org/apache/maven/maven-archiver/2.4.2/maven-archiver-2.4.2.pom
Progress (1): 799 B
Progress (1): 2.3 kB
Progress (1): 4.0 kB
                    
Downloaded from central: https://repo.maven.apache.org/maven2/org/apache/maven/maven-archiver/2.4.2/maven-archiver-2.4.2.pom (4.0 kB at 7.3 kB/s)
Downloading from central: https://repo.maven.apache.org/maven2/org/apache/maven/shared/maven-shared-components/16/maven-shared-components-16.pom
Progress (1): 771 B
Progress (1): 2.9 kB
Progress (1): 6.5 kB
Progress (1): 9.2 kB
                    
Downloaded from central: https://repo.maven.apache.org/maven2/org/apache/maven/shared/maven-shared-components/16/maven-shared-components-16.pom (9.2 kB at 39 kB/s)
Downloading from central: https://repo.maven.apache.org/maven2/org/apache/maven/maven-parent/19/maven-parent-19.pom
Progress (1): 743 B
Progress (1): 2.0 kB
Progress (1): 6.5 kB
Progress (1): 11 kB 
Progress (1): 15 kB
Progress (1): 18 kB
Progress (1): 20 kB
Progress (1): 24 kB
Progress (1): 25 kB
                   
Downloaded from central: https://repo.maven.apache.org/maven2/org/apache/maven/maven-parent/19/maven-parent-19.pom (25 kB at 117 kB/s)
Downloading from central: https://repo.maven.apache.org/maven2/org/codehaus/plexus/plexus-archiver/2.0.1/plexus-archiver-2.0.1.pom
Progress (1): 1.2 kB
Progress (1): 2.8 kB
                    
Downloaded from central: https://repo.maven.apache.org/maven2/org/codehaus/plexus/plexus-archiver/2.0.1/plexus-archiver-2.0.1.pom (2.8 kB at 11 kB/s)
Downloading from central: https://repo.maven.apache.org/maven2/org/codehaus/plexus/plexus-utils/3.0/plexus-utils-3.0.pom
Progress (1): 811 B
Progress (1): 2.3 kB
Progress (1): 4.1 kB
                    
Downloaded from central: https://repo.maven.apache.org/maven2/org/codehaus/plexus/plexus-utils/3.0/plexus-utils-3.0.pom (4.1 kB at 5.7 kB/s)
Downloading from central: https://repo.maven.apache.org/maven2/org/sonatype/spice/spice-parent/16/spice-parent-16.pom
Progress (1): 1.2 kB
Progress (1): 3.7 kB
Progress (1): 7.3 kB
Progress (1): 8.4 kB
                    
Downloaded from central: https://repo.maven.apache.org/maven2/org/sonatype/spice/spice-parent/16/spice-parent-16.pom (8.4 kB at 41 kB/s)
Downloading from central: https://repo.maven.apache.org/maven2/org/codehaus/plexus/plexus-io/2.0.1/plexus-io-2.0.1.pom
Progress (1): 1.4 kB
Progress (1): 1.7 kB
                    
Downloaded from central: https://repo.maven.apache.org/maven2/org/codehaus/plexus/plexus-io/2.0.1/plexus-io-2.0.1.pom (1.7 kB at 3.2 kB/s)
Downloading from central: https://repo.maven.apache.org/maven2/org/codehaus/plexus/plexus-components/1.1.19/plexus-components-1.1.19.pom
Progress (1): 1.3 kB
Progress (1): 2.7 kB
                    
Downloaded from central: https://repo.maven.apache.org/maven2/org/codehaus/plexus/plexus-components/1.1.19/plexus-components-1.1.19.pom (2.7 kB at 4.0 kB/s)
Downloading from central: https://repo.maven.apache.org/maven2/org/codehaus/plexus/plexus/3.0.1/plexus-3.0.1.pom
Progress (1): 706 B
Progress (1): 2.6 kB
Progress (1): 6.1 kB
Progress (1): 8.8 kB
Progress (1): 13 kB 
Progress (1): 17 kB
Progress (1): 19 kB
                   
Downloaded from central: https://repo.maven.apache.org/maven2/org/codehaus/plexus/plexus/3.0.1/plexus-3.0.1.pom (19 kB at 25 kB/s)
Downloading from central: https://repo.maven.apache.org/maven2/org/codehaus/plexus/plexus-interpolation/1.13/plexus-interpolation-1.13.pom
Progress (1): 890 B
                   
Downloaded from central: https://repo.maven.apache.org/maven2/org/codehaus/plexus/plexus-interpolation/1.13/plexus-interpolation-1.13.pom (890 B at 3.8 kB/s)
Downloading from central: https://repo.maven.apache.org/maven2/org/codehaus/plexus/plexus-components/1.1.15/plexus-components-1.1.15.pom
Progress (1): 1.5 kB
Progress (1): 2.8 kB
                    
Downloaded from central: https://repo.maven.apache.org/maven2/org/codehaus/plexus/plexus-components/1.1.15/plexus-components-1.1.15.pom (2.8 kB at 3.4 kB/s)
Downloading from central: https://repo.maven.apache.org/maven2/org/apache/maven/doxia/doxia-sink-api/1.3/doxia-sink-api-1.3.pom
Progress (1): 835 B
Progress (1): 1.6 kB
                    
Downloaded from central: https://repo.maven.apache.org/maven2/org/apache/maven/doxia/doxia-sink-api/1.3/doxia-sink-api-1.3.pom (1.6 kB at 4.6 kB/s)
Downloading from central: https://repo.maven.apache.org/maven2/org/apache/maven/doxia/doxia/1.3/doxia-1.3.pom
Progress (1): 750 B
Progress (1): 2.1 kB
Progress (1): 7.8 kB
Progress (1): 12 kB 
Progress (1): 15 kB
Progress (1): 18 kB
                   
Downloaded from central: https://repo.maven.apache.org/maven2/org/apache/maven/doxia/doxia/1.3/doxia-1.3.pom (18 kB at 22 kB/s)
Downloading from central: https://repo.maven.apache.org/maven2/org/apache/maven/doxia/doxia-logging-api/1.3/doxia-logging-api-1.3.pom
Progress (1): 832 B
Progress (1): 1.6 kB
                    
Downloaded from central: https://repo.maven.apache.org/maven2/org/apache/maven/doxia/doxia-logging-api/1.3/doxia-logging-api-1.3.pom (1.6 kB at 6.7 kB/s)
Downloading from central: https://repo.maven.apache.org/maven2/org/apache/maven/doxia/doxia-core/1.3/doxia-core-1.3.pom
Progress (1): 789 B
Progress (1): 2.9 kB
Progress (1): 4.1 kB
                    
Downloaded from central: https://repo.maven.apache.org/maven2/org/apache/maven/doxia/doxia-core/1.3/doxia-core-1.3.pom (4.1 kB at 15 kB/s)
Downloading from central: https://repo.maven.apache.org/maven2/xerces/xercesImpl/2.9.1/xercesImpl-2.9.1.pom
Progress (1): 1.1 kB
Progress (1): 1.4 kB
                    
Downloaded from central: https://repo.maven.apache.org/maven2/xerces/xercesImpl/2.9.1/xercesImpl-2.9.1.pom (1.4 kB at 5.8 kB/s)
Downloading from central: https://repo.maven.apache.org/maven2/xml-apis/xml-apis/1.3.04/xml-apis-1.3.04.pom
Progress (1): 989 B
Progress (1): 1.8 kB
                    
Downloaded from central: https://repo.maven.apache.org/maven2/xml-apis/xml-apis/1.3.04/xml-apis-1.3.04.pom (1.8 kB at 7.7 kB/s)
Downloading from central: https://repo.maven.apache.org/maven2/org/apache/httpcomponents/httpclient/4.0.2/httpclient-4.0.2.pom
Progress (1): 863 B
Progress (1): 2.7 kB
Progress (1): 6.0 kB
Progress (1): 7.5 kB
                    
Downloaded from central: https://repo.maven.apache.org/maven2/org/apache/httpcomponents/httpclient/4.0.2/httpclient-4.0.2.pom (7.5 kB at 19 kB/s)
Downloading from central: https://repo.maven.apache.org/maven2/org/apache/httpcomponents/httpcomponents-client/4.0.2/httpcomponents-client-4.0.2.pom
Progress (1): 859 B
Progress (1): 2.4 kB
Progress (1): 4.7 kB
Progress (1): 7.5 kB
Progress (1): 9.0 kB
                    
Downloaded from central: https://repo.maven.apache.org/maven2/org/apache/httpcomponents/httpcomponents-client/4.0.2/httpcomponents-client-4.0.2.pom (9.0 kB at 16 kB/s)
Downloading from central: https://repo.maven.apache.org/maven2/org/apache/httpcomponents/project/4.1/project-4.1.pom
Progress (1): 822 B
Progress (1): 2.1 kB
Progress (1): 5.4 kB
Progress (1): 8.2 kB
Progress (1): 12 kB 
Progress (1): 15 kB
Progress (1): 16 kB
                   
Downloaded from central: https://repo.maven.apache.org/maven2/org/apache/httpcomponents/project/4.1/project-4.1.pom (16 kB at 42 kB/s)
Downloading from central: https://repo.maven.apache.org/maven2/org/apache/httpcomponents/httpcore/4.0.1/httpcore-4.0.1.pom
Progress (1): 889 B
Progress (1): 2.3 kB
Progress (1): 4.6 kB
Progress (1): 4.9 kB
                    
Downloaded from central: https://repo.maven.apache.org/maven2/org/apache/httpcomponents/httpcore/4.0.1/httpcore-4.0.1.pom (4.9 kB at 10 kB/s)
Downloading from central: https://repo.maven.apache.org/maven2/org/apache/httpcomponents/httpcomponents-core/4.0.1/httpcomponents-core-4.0.1.pom
Progress (1): 835 B
Progress (1): 2.2 kB
Progress (1): 4.4 kB
Progress (1): 7.5 kB
Progress (1): 9.4 kB
                    
Downloaded from central: https://repo.maven.apache.org/maven2/org/apache/httpcomponents/httpcomponents-core/4.0.1/httpcomponents-core-4.0.1.pom (9.4 kB at 6.7 kB/s)
Downloading from central: https://repo.maven.apache.org/maven2/org/apache/httpcomponents/project/4.0/project-4.0.pom
Progress (1): 834 B
Progress (1): 2.2 kB
Progress (1): 5.4 kB
Progress (1): 8.2 kB
Progress (1): 11 kB 
Progress (1): 13 kB
                   
Downloaded from central: https://repo.maven.apache.org/maven2/org/apache/httpcomponents/project/4.0/project-4.0.pom (13 kB at 40 kB/s)
Downloading from central: https://repo.maven.apache.org/maven2/commons-logging/commons-logging/1.1.1/commons-logging-1.1.1.pom
Progress (1): 783 B
Progress (1): 2.0 kB
Progress (1): 5.0 kB
Progress (1): 6.8 kB
Progress (1): 10 kB 
Progress (1): 13 kB
Progress (1): 16 kB
Progress (1): 18 kB
                   
Downloaded from central: https://repo.maven.apache.org/maven2/commons-logging/commons-logging/1.1.1/commons-logging-1.1.1.pom (18 kB at 18 kB/s)
Downloading from central: https://repo.maven.apache.org/maven2/org/apache/commons/commons-parent/5/commons-parent-5.pom
Progress (1): 782 B
Progress (1): 2.1 kB
Progress (1): 4.7 kB
Progress (1): 8.4 kB
Progress (1): 12 kB 
Progress (1): 16 kB
                   
Downloaded from central: https://repo.maven.apache.org/maven2/org/apache/commons/commons-parent/5/commons-parent-5.pom (16 kB at 12 kB/s)
Downloading from central: https://repo.maven.apache.org/maven2/commons-codec/commons-codec/1.3/commons-codec-1.3.pom
Progress (1): 957 B
Progress (1): 3.1 kB
Progress (1): 5.1 kB
Progress (1): 6.1 kB
                    
Downloaded from central: https://repo.maven.apache.org/maven2/commons-codec/commons-codec/1.3/commons-codec-1.3.pom (6.1 kB at 8.6 kB/s)
Downloading from central: https://repo.maven.apache.org/maven2/org/apache/maven/doxia/doxia-module-xhtml/1.3/doxia-module-xhtml-1.3.pom
Progress (1): 828 B
Progress (1): 1.8 kB
                    
Downloaded from central: https://repo.maven.apache.org/maven2/org/apache/maven/doxia/doxia-module-xhtml/1.3/doxia-module-xhtml-1.3.pom (1.8 kB at 1.9 kB/s)
Downloading from central: https://repo.maven.apache.org/maven2/org/apache/maven/doxia/doxia-modules/1.3/doxia-modules-1.3.pom
Progress (1): 821 B
Progress (1): 2.6 kB
                    
Downloaded from central: https://repo.maven.apache.org/maven2/org/apache/maven/doxia/doxia-modules/1.3/doxia-modules-1.3.pom (2.6 kB at 6.5 kB/s)
Downloading from central: https://repo.maven.apache.org/maven2/org/apache/maven/doxia/doxia-module-apt/1.3/doxia-module-apt-1.3.pom
Progress (1): 820 B
Progress (1): 2.4 kB
Progress (1): 2.5 kB
                    
Downloaded from central: https://repo.maven.apache.org/maven2/org/apache/maven/doxia/doxia-module-apt/1.3/doxia-module-apt-1.3.pom (2.5 kB at 5.6 kB/s)
Downloading from central: https://repo.maven.apache.org/maven2/org/apache/maven/doxia/doxia-module-xdoc/1.3/doxia-module-xdoc-1.3.pom
Progress (1): 776 B
Progress (1): 2.4 kB
Progress (1): 4.6 kB
Progress (1): 5.4 kB
                    
Downloaded from central: https://repo.maven.apache.org/maven2/org/apache/maven/doxia/doxia-module-xdoc/1.3/doxia-module-xdoc-1.3.pom (5.4 kB at 6.9 kB/s)
Downloading from central: https://repo.maven.apache.org/maven2/org/apache/maven/doxia/doxia-module-fml/1.3/doxia-module-fml-1.3.pom
Progress (1): 775 B
Progress (1): 2.4 kB
Progress (1): 4.9 kB
Progress (1): 5.6 kB
                    
Downloaded from central: https://repo.maven.apache.org/maven2/org/apache/maven/doxia/doxia-module-fml/1.3/doxia-module-fml-1.3.pom (5.6 kB at 16 kB/s)
Downloading from central: https://repo.maven.apache.org/maven2/javax/servlet/servlet-api/2.5/servlet-api-2.5.pom
Progress (1): 157 B
                   
Downloaded from central: https://repo.maven.apache.org/maven2/javax/servlet/servlet-api/2.5/servlet-api-2.5.pom (157 B at 259 B/s)
Downloading from central: https://repo.maven.apache.org/maven2/org/apache/maven/doxia/doxia-decoration-model/1.3/doxia-decoration-model-1.3.pom
Progress (1): 817 B
Progress (1): 2.5 kB
Progress (1): 3.1 kB
                    
Downloaded from central: https://repo.maven.apache.org/maven2/org/apache/maven/doxia/doxia-decoration-model/1.3/doxia-decoration-model-1.3.pom (3.1 kB at 11 kB/s)
Downloading from central: https://repo.maven.apache.org/maven2/org/apache/maven/doxia/doxia-sitetools/1.3/doxia-sitetools-1.3.pom
Progress (1): 750 B
Progress (1): 2.2 kB
Progress (1): 7.8 kB
Progress (1): 12 kB 
Progress (1): 14 kB
Progress (1): 16 kB
                   
Downloaded from central: https://repo.maven.apache.org/maven2/org/apache/maven/doxia/doxia-sitetools/1.3/doxia-sitetools-1.3.pom (16 kB at 49 kB/s)
Downloading from central: https://repo.maven.apache.org/maven2/org/apache/maven/doxia/doxia-site-renderer/1.3/doxia-site-renderer-1.3.pom
Progress (1): 780 B
Progress (1): 2.5 kB
Progress (1): 6.5 kB
Progress (1): 6.6 kB
                    
Downloaded from central: https://repo.maven.apache.org/maven2/org/apache/maven/doxia/doxia-site-renderer/1.3/doxia-site-renderer-1.3.pom (6.6 kB at 24 kB/s)
Downloading from central: https://repo.maven.apache.org/maven2/org/apache/velocity/velocity-tools/2.0/velocity-tools-2.0.pom
Progress (1): 764 B
Progress (1): 2.2 kB
Progress (1): 4.7 kB
Progress (1): 8.5 kB
Progress (1): 11 kB 
Progress (1): 16 kB
Progress (1): 18 kB
                   
Downloaded from central: https://repo.maven.apache.org/maven2/org/apache/velocity/velocity-tools/2.0/velocity-tools-2.0.pom (18 kB at 30 kB/s)
Downloading from central: https://repo.maven.apache.org/maven2/commons-digester/commons-digester/1.8/commons-digester-1.8.pom
Progress (1): 1.1 kB
Progress (1): 4.0 kB
Progress (1): 6.2 kB
Progress (1): 7.0 kB
                    
Downloaded from central: https://repo.maven.apache.org/maven2/commons-digester/commons-digester/1.8/commons-digester-1.8.pom (7.0 kB at 25 kB/s)
Downloading from central: https://repo.maven.apache.org/maven2/commons-logging/commons-logging/1.1/commons-logging-1.1.pom
Progress (1): 1.5 kB
Progress (1): 3.2 kB
Progress (1): 5.4 kB
Progress (1): 6.2 kB
                    
Downloaded from central: https://repo.maven.apache.org/maven2/commons-logging/commons-logging/1.1/commons-logging-1.1.pom (6.2 kB at 10.0 kB/s)
Downloading from central: https://repo.maven.apache.org/maven2/logkit/logkit/1.0.1/logkit-1.0.1.pom
Progress (1): 147 B
                   
Downloaded from central: https://repo.maven.apache.org/maven2/logkit/logkit/1.0.1/logkit-1.0.1.pom (147 B at 571 B/s)
Downloading from central: https://repo.maven.apache.org/maven2/avalon-framework/avalon-framework/4.1.3/avalon-framework-4.1.3.pom
Progress (1): 167 B
                   
Downloaded from central: https://repo.maven.apache.org/maven2/avalon-framework/avalon-framework/4.1.3/avalon-framework-4.1.3.pom (167 B at 616 B/s)
Downloading from central: https://repo.maven.apache.org/maven2/javax/servlet/servlet-api/2.3/servlet-api-2.3.pom
Progress (1): 156 B
                   
Downloaded from central: https://repo.maven.apache.org/maven2/javax/servlet/servlet-api/2.3/servlet-api-2.3.pom (156 B at 293 B/s)
Downloading from central: https://repo.maven.apache.org/maven2/commons-chain/commons-chain/1.1/commons-chain-1.1.pom
Progress (1): 1.5 kB
Progress (1): 3.6 kB
Progress (1): 6.0 kB
                    
Downloaded from central: https://repo.maven.apache.org/maven2/commons-chain/commons-chain/1.1/commons-chain-1.1.pom (6.0 kB at 22 kB/s)
Downloading from central: https://repo.maven.apache.org/maven2/commons-collections/commons-collections/2.0/commons-collections-2.0.pom
Progress (1): 171 B
                   
Downloaded from central: https://repo.maven.apache.org/maven2/commons-collections/commons-collections/2.0/commons-collections-2.0.pom (171 B at 788 B/s)
Downloading from central: https://repo.maven.apache.org/maven2/commons-collections/commons-collections/2.1/commons-collections-2.1.pom
Progress (1): 2.7 kB
Progress (1): 3.2 kB
Progress (1): 3.3 kB
                    
Downloaded from central: https://repo.maven.apache.org/maven2/commons-collections/commons-collections/2.1/commons-collections-2.1.pom (3.3 kB at 14 kB/s)
Downloading from central: https://repo.maven.apache.org/maven2/commons-validator/commons-validator/1.3.1/commons-validator-1.3.1.pom
Progress (1): 1.1 kB
Progress (1): 3.8 kB
Progress (1): 5.9 kB
Progress (1): 8.9 kB
Progress (1): 9.0 kB
                    
Downloaded from central: https://repo.maven.apache.org/maven2/commons-validator/commons-validator/1.3.1/commons-validator-1.3.1.pom (9.0 kB at 25 kB/s)
Downloading from central: https://repo.maven.apache.org/maven2/dom4j/dom4j/1.1/dom4j-1.1.pom
Progress (1): 142 B
                   
Downloaded from central: https://repo.maven.apache.org/maven2/dom4j/dom4j/1.1/dom4j-1.1.pom (142 B at 508 B/s)
Downloading from central: https://repo.maven.apache.org/maven2/sslext/sslext/1.2-0/sslext-1.2-0.pom
Progress (1): 653 B
                   
Downloaded from central: https://repo.maven.apache.org/maven2/sslext/sslext/1.2-0/sslext-1.2-0.pom (653 B at 2.4 kB/s)
Downloading from central: https://repo.maven.apache.org/maven2/org/apache/struts/struts-core/1.3.8/struts-core-1.3.8.pom
Progress (1): 2.0 kB
Progress (1): 4.3 kB
                    
Downloaded from central: https://repo.maven.apache.org/maven2/org/apache/struts/struts-core/1.3.8/struts-core-1.3.8.pom (4.3 kB at 18 kB/s)
Downloading from central: https://repo.maven.apache.org/maven2/org/apache/struts/struts-parent/1.3.8/struts-parent-1.3.8.pom
Progress (1): 821 B
Progress (1): 2.6 kB
Progress (1): 6.4 kB
Progress (1): 7.7 kB
Progress (1): 9.8 kB
                    
Downloaded from central: https://repo.maven.apache.org/maven2/org/apache/struts/struts-parent/1.3.8/struts-parent-1.3.8.pom (9.8 kB at 35 kB/s)
Downloading from central: https://repo.maven.apache.org/maven2/org/apache/struts/struts-master/4/struts-master-4.pom
Progress (1): 804 B
Progress (1): 2.2 kB
Progress (1): 6.5 kB
Progress (1): 11 kB 
Progress (1): 12 kB
                   
Downloaded from central: https://repo.maven.apache.org/maven2/org/apache/struts/struts-master/4/struts-master-4.pom (12 kB at 13 kB/s)
Downloading from central: https://repo.maven.apache.org/maven2/org/apache/apache/2/apache-2.pom
Progress (1): 805 B
Progress (1): 2.3 kB
Progress (1): 3.4 kB
                    
Downloaded from central: https://repo.maven.apache.org/maven2/org/apache/apache/2/apache-2.pom (3.4 kB at 13 kB/s)
Downloading from central: https://repo.maven.apache.org/maven2/antlr/antlr/2.7.2/antlr-2.7.2.pom
Progress (1): 145 B
                   
Downloaded from central: https://repo.maven.apache.org/maven2/antlr/antlr/2.7.2/antlr-2.7.2.pom (145 B at 261 B/s)
Downloading from central: https://repo.maven.apache.org/maven2/org/apache/struts/struts-taglib/1.3.8/struts-taglib-1.3.8.pom
Progress (1): 2.0 kB
Progress (1): 3.1 kB
                    
Downloaded from central: https://repo.maven.apache.org/maven2/org/apache/struts/struts-taglib/1.3.8/struts-taglib-1.3.8.pom (3.1 kB at 13 kB/s)
Downloading from central: https://repo.maven.apache.org/maven2/org/apache/struts/struts-tiles/1.3.8/struts-tiles-1.3.8.pom
Progress (1): 1.9 kB
Progress (1): 2.9 kB
                    
Downloaded from central: https://repo.maven.apache.org/maven2/org/apache/struts/struts-tiles/1.3.8/struts-tiles-1.3.8.pom (2.9 kB at 6.7 kB/s)
Downloading from central: https://repo.maven.apache.org/maven2/org/apache/velocity/velocity/1.6.2/velocity-1.6.2.pom
Progress (1): 767 B
Progress (1): 2.2 kB
Progress (1): 4.2 kB
Progress (1): 7.8 kB
Progress (1): 10 kB 
Progress (1): 11 kB
                   
Downloaded from central: https://repo.maven.apache.org/maven2/org/apache/velocity/velocity/1.6.2/velocity-1.6.2.pom (11 kB at 34 kB/s)
Downloading from central: https://repo.maven.apache.org/maven2/commons-collections/commons-collections/3.2.1/commons-collections-3.2.1.pom
Progress (1): 795 B
Progress (1): 2.4 kB
Progress (1): 6.1 kB
Progress (1): 9.8 kB
Progress (1): 12 kB 
Progress (1): 13 kB
                   
Downloaded from central: https://repo.maven.apache.org/maven2/commons-collections/commons-collections/3.2.1/commons-collections-3.2.1.pom (13 kB at 26 kB/s)
Downloading from central: https://repo.maven.apache.org/maven2/org/apache/maven/shared/maven-doxia-tools/1.4/maven-doxia-tools-1.4.pom
Progress (1): 799 B
Progress (1): 2.3 kB
Progress (1): 6.1 kB
Progress (1): 7.7 kB
                    
Downloaded from central: https://repo.maven.apache.org/maven2/org/apache/maven/shared/maven-doxia-tools/1.4/maven-doxia-tools-1.4.pom (7.7 kB at 13 kB/s)
Downloading from central: https://repo.maven.apache.org/maven2/commons-io/commons-io/1.4/commons-io-1.4.pom
Progress (1): 786 B
Progress (1): 2.2 kB
Progress (1): 5.9 kB
Progress (1): 7.9 kB
Progress (1): 11 kB 
Progress (1): 13 kB
                   
Downloaded from central: https://repo.maven.apache.org/maven2/commons-io/commons-io/1.4/commons-io-1.4.pom (13 kB at 21 kB/s)
Downloading from central: https://repo.maven.apache.org/maven2/org/apache/commons/commons-parent/7/commons-parent-7.pom
Progress (1): 754 B
Progress (1): 2.1 kB
Progress (1): 4.2 kB
Progress (1): 8.3 kB
Progress (1): 11 kB 
Progress (1): 17 kB
Progress (1): 17 kB
                   
Downloaded from central: https://repo.maven.apache.org/maven2/org/apache/commons/commons-parent/7/commons-parent-7.pom (17 kB at 37 kB/s)
Downloading from central: https://repo.maven.apache.org/maven2/org/apache/maven/doxia/doxia-logging-api/1.2/doxia-logging-api-1.2.pom
Progress (1): 832 B
Progress (1): 1.6 kB
                    
Downloaded from central: https://repo.maven.apache.org/maven2/org/apache/maven/doxia/doxia-logging-api/1.2/doxia-logging-api-1.2.pom (1.6 kB at 6.6 kB/s)
Downloading from central: https://repo.maven.apache.org/maven2/org/apache/maven/doxia/doxia/1.2/doxia-1.2.pom
Progress (1): 750 B
Progress (1): 2.1 kB
Progress (1): 5.4 kB
Progress (1): 10 kB 
Progress (1): 14 kB
Progress (1): 18 kB
Progress (1): 19 kB
                   
Downloaded from central: https://repo.maven.apache.org/maven2/org/apache/maven/doxia/doxia/1.2/doxia-1.2.pom (19 kB at 43 kB/s)
Downloading from central: https://repo.maven.apache.org/maven2/org/apache/maven/doxia/doxia-decoration-model/1.2/doxia-decoration-model-1.2.pom
Progress (1): 818 B
Progress (1): 2.4 kB
Progress (1): 3.1 kB
                    
Downloaded from central: https://repo.maven.apache.org/maven2/org/apache/maven/doxia/doxia-decoration-model/1.2/doxia-decoration-model-1.2.pom (3.1 kB at 3.7 kB/s)
Downloading from central: https://repo.maven.apache.org/maven2/org/apache/maven/doxia/doxia-sitetools/1.2/doxia-sitetools-1.2.pom
Progress (1): 753 B
Progress (1): 2.2 kB
Progress (1): 5.4 kB
Progress (1): 9.5 kB
Progress (1): 13 kB 
Progress (1): 16 kB
                   
Downloaded from central: https://repo.maven.apache.org/maven2/org/apache/maven/doxia/doxia-sitetools/1.2/doxia-sitetools-1.2.pom (16 kB at 20 kB/s)
Downloading from central: https://repo.maven.apache.org/maven2/org/apache/maven/wagon/wagon-provider-api/1.0/wagon-provider-api-1.0.pom
Progress (1): 831 B
Progress (1): 1.8 kB
                    
Downloaded from central: https://repo.maven.apache.org/maven2/org/apache/maven/wagon/wagon-provider-api/1.0/wagon-provider-api-1.0.pom (1.8 kB at 2.0 kB/s)
Downloading from central: https://repo.maven.apache.org/maven2/org/apache/maven/wagon/wagon/1.0/wagon-1.0.pom
Progress (1): 763 B
Progress (1): 2.4 kB
Progress (1): 4.9 kB
Progress (1): 8.0 kB
Progress (1): 9.8 kB
                    
Downloaded from central: https://repo.maven.apache.org/maven2/org/apache/maven/wagon/wagon/1.0/wagon-1.0.pom (9.8 kB at 34 kB/s)
Downloading from central: https://repo.maven.apache.org/maven2/org/apache/maven/maven-parent/20/maven-parent-20.pom
Progress (1): 743 B
Progress (1): 1.9 kB
Progress (1): 6.3 kB
Progress (1): 11 kB 
Progress (1): 15 kB
Progress (1): 17 kB
Progress (1): 19 kB
Progress (1): 23 kB
Progress (1): 25 kB
                   
Downloaded from central: https://repo.maven.apache.org/maven2/org/apache/maven/maven-parent/20/maven-parent-20.pom (25 kB at 64 kB/s)
Downloading from central: https://repo.maven.apache.org/maven2/org/codehaus/plexus/plexus-utils/1.4.2/plexus-utils-1.4.2.pom
Progress (1): 1.2 kB
Progress (1): 2.0 kB
                    
Downloaded from central: https://repo.maven.apache.org/maven2/org/codehaus/plexus/plexus-utils/1.4.2/plexus-utils-1.4.2.pom (2.0 kB at 1.6 kB/s)
Downloading from central: https://repo.maven.apache.org/maven2/org/codehaus/plexus/plexus-archiver/1.0/plexus-archiver-1.0.pom
Progress (1): 1.6 kB
                    
Downloaded from central: https://repo.maven.apache.org/maven2/org/codehaus/plexus/plexus-archiver/1.0/plexus-archiver-1.0.pom (1.6 kB at 6.8 kB/s)
Downloading from central: https://repo.maven.apache.org/maven2/org/codehaus/plexus/plexus-components/1.1.17/plexus-components-1.1.17.pom
Progress (1): 1.4 kB
Progress (1): 3.7 kB
Progress (1): 5.2 kB
                    
Downloaded from central: https://repo.maven.apache.org/maven2/org/codehaus/plexus/plexus-components/1.1.17/plexus-components-1.1.17.pom (5.2 kB at 21 kB/s)
Downloading from central: https://repo.maven.apache.org/maven2/org/codehaus/plexus/plexus-io/1.0/plexus-io-1.0.pom
Progress (1): 1.2 kB
                    
Downloaded from central: https://repo.maven.apache.org/maven2/org/codehaus/plexus/plexus-io/1.0/plexus-io-1.0.pom (1.2 kB at 5.3 kB/s)
Downloading from central: https://repo.maven.apache.org/maven2/org/codehaus/plexus/plexus-velocity/1.1.8/plexus-velocity-1.1.8.pom
Progress (1): 864 B
Progress (1): 1.9 kB
                    
Downloaded from central: https://repo.maven.apache.org/maven2/org/codehaus/plexus/plexus-velocity/1.1.8/plexus-velocity-1.1.8.pom (1.9 kB at 8.4 kB/s)
Downloading from central: https://repo.maven.apache.org/maven2/org/codehaus/plexus/plexus-utils/1.5.10/plexus-utils-1.5.10.pom
Progress (1): 1.0 kB
Progress (1): 3.7 kB
Progress (1): 5.6 kB
                    
Downloaded from central: https://repo.maven.apache.org/maven2/org/codehaus/plexus/plexus-utils/1.5.10/plexus-utils-1.5.10.pom (5.6 kB at 18 kB/s)
Downloading from central: https://repo.maven.apache.org/maven2/org/mortbay/jetty/jetty/6.1.25/jetty-6.1.25.pom
Progress (1): 1.5 kB
Progress (1): 4.7 kB
Progress (1): 6.3 kB
                    
Downloaded from central: https://repo.maven.apache.org/maven2/org/mortbay/jetty/jetty/6.1.25/jetty-6.1.25.pom (6.3 kB at 5.5 kB/s)
Downloading from central: https://repo.maven.apache.org/maven2/org/mortbay/jetty/project/6.1.25/project-6.1.25.pom
Progress (1): 1.2 kB
Progress (1): 4.0 kB
Progress (1): 6.9 kB
Progress (1): 9.2 kB
                    
Downloaded from central: https://repo.maven.apache.org/maven2/org/mortbay/jetty/project/6.1.25/project-6.1.25.pom (9.2 kB at 6.9 kB/s)
Downloading from central: https://repo.maven.apache.org/maven2/org/mortbay/jetty/jetty-parent/10/jetty-parent-10.pom
Progress (1): 1.4 kB
Progress (1): 3.3 kB
                    
Downloaded from central: https://repo.maven.apache.org/maven2/org/mortbay/jetty/jetty-parent/10/jetty-parent-10.pom (3.3 kB at 6.0 kB/s)
Downloading from central: https://repo.maven.apache.org/maven2/org/eclipse/jetty/jetty-parent/14/jetty-parent-14.pom
Progress (1): 1.1 kB
Progress (1): 5.4 kB
Progress (1): 8.2 kB
Progress (1): 11 kB 
Progress (1): 15 kB
Progress (1): 16 kB
                   
Downloaded from central: https://repo.maven.apache.org/maven2/org/eclipse/jetty/jetty-parent/14/jetty-parent-14.pom (16 kB at 9.7 kB/s)
Downloading from central: https://repo.maven.apache.org/maven2/org/mortbay/jetty/jetty-util/6.1.25/jetty-util-6.1.25.pom
Progress (1): 1.3 kB
Progress (1): 3.7 kB
Progress (1): 3.9 kB
                    
Downloaded from central: https://repo.maven.apache.org/maven2/org/mortbay/jetty/jetty-util/6.1.25/jetty-util-6.1.25.pom (3.9 kB at 4.3 kB/s)
Downloading from central: https://repo.maven.apache.org/maven2/org/mortbay/jetty/servlet-api/2.5-20081211/servlet-api-2.5-20081211.pom
Progress (1): 1.4 kB
Progress (1): 2.7 kB
                    
Downloaded from central: https://repo.maven.apache.org/maven2/org/mortbay/jetty/servlet-api/2.5-20081211/servlet-api-2.5-20081211.pom (2.7 kB at 2.2 kB/s)
Downloading from central: https://repo.maven.apache.org/maven2/org/mortbay/jetty/jetty-parent/7/jetty-parent-7.pom
Progress (1): 1.8 kB
Progress (1): 4.8 kB
Progress (1): 7.7 kB
Progress (1): 12 kB 
Progress (1): 13 kB
                   
Downloaded from central: https://repo.maven.apache.org/maven2/org/mortbay/jetty/jetty-parent/7/jetty-parent-7.pom (13 kB at 43 kB/s)
Downloading from central: https://repo.maven.apache.org/maven2/commons-lang/commons-lang/2.5/commons-lang-2.5.pom
Progress (1): 783 B
Progress (1): 2.2 kB
Progress (1): 6.0 kB
Progress (1): 10 kB 
Progress (1): 13 kB
Progress (1): 16 kB
Progress (1): 17 kB
                   
Downloaded from central: https://repo.maven.apache.org/maven2/commons-lang/commons-lang/2.5/commons-lang-2.5.pom (17 kB at 51 kB/s)
Downloading from central: https://repo.maven.apache.org/maven2/org/apache/commons/commons-parent/12/commons-parent-12.pom
Progress (1): 742 B
Progress (1): 2.0 kB
Progress (1): 4.8 kB
Progress (1): 9.1 kB
Progress (1): 12 kB 
Progress (1): 14 kB
Progress (1): 18 kB
Progress (1): 24 kB
Progress (1): 26 kB
Progress (1): 27 kB
                   
Downloaded from central: https://repo.maven.apache.org/maven2/org/apache/commons/commons-parent/12/commons-parent-12.pom (27 kB at 68 kB/s)
Downloading from central: https://repo.maven.apache.org/maven2/org/apache/maven/reporting/maven-reporting-exec/1.0.2/maven-reporting-exec-1.0.2.jar
Progress (1): 7.7/22 kB
Progress (1): 7.7/22 kB
Progress (1): 22 kB    
                   
Downloaded from central: https://repo.maven.apache.org/maven2/org/apache/maven/reporting/maven-reporting-exec/1.0.2/maven-reporting-exec-1.0.2.jar (22 kB at 15 kB/s)
Downloading from central: https://repo.maven.apache.org/maven2/velocity/velocity/1.5/velocity-1.5.jar
Downloading from central: https://repo.maven.apache.org/maven2/org/apache/maven/maven-archiver/2.4.2/maven-archiver-2.4.2.jar
Downloading from central: https://repo.maven.apache.org/maven2/org/apache/maven/doxia/doxia-sink-api/1.3/doxia-sink-api-1.3.jar
Downloading from central: https://repo.maven.apache.org/maven2/org/apache/maven/doxia/doxia-logging-api/1.3/doxia-logging-api-1.3.jar
Downloading from central: https://repo.maven.apache.org/maven2/org/apache/maven/doxia/doxia-core/1.3/doxia-core-1.3.jar
Progress (1): 7.7/11 kB
Progress (1): 7.7/11 kB
Progress (2): 7.7/11 kB | 16/20 kB
Progress (2): 11 kB | 16/20 kB    
Progress (2): 11 kB | 20 kB   
                           
Downloaded from central: https://repo.maven.apache.org/maven2/org/apache/maven/maven-archiver/2.4.2/maven-archiver-2.4.2.jar (20 kB at 79 kB/s)
Downloading from central: https://repo.maven.apache.org/maven2/xerces/xercesImpl/2.9.1/xercesImpl-2.9.1.jar
Downloaded from central: https://repo.maven.apache.org/maven2/org/apache/maven/doxia/doxia-logging-api/1.3/doxia-logging-api-1.3.jar (11 kB at 44 kB/s)
Downloading from central: https://repo.maven.apache.org/maven2/xml-apis/xml-apis/1.3.04/xml-apis-1.3.04.jar
Progress (1): 7.7/11 kB
Progress (1): 7.7/11 kB
Progress (1): 11 kB    
                   
Downloaded from central: https://repo.maven.apache.org/maven2/org/apache/maven/doxia/doxia-sink-api/1.3/doxia-sink-api-1.3.jar (11 kB at 36 kB/s)
Downloading from central: https://repo.maven.apache.org/maven2/org/apache/httpcomponents/httpclient/4.0.2/httpclient-4.0.2.jar
Progress (1): 7.7/159 kB
Progress (1): 16/159 kB 
Progress (2): 16/159 kB | 0/1.2 MB
Progress (2): 16/159 kB | 0/1.2 MB
Progress (2): 16/159 kB | 0/1.2 MB
Progress (2): 16/159 kB | 0.1/1.2 MB
Progress (2): 16/159 kB | 0.1/1.2 MB
Progress (2): 16/159 kB | 0.1/1.2 MB
Progress (2): 16/159 kB | 0.1/1.2 MB
Progress (2): 16/159 kB | 0.1/1.2 MB
Progress (2): 16/159 kB | 0.1/1.2 MB
Progress (2): 16/159 kB | 0.1/1.2 MB
Progress (2): 16/159 kB | 0.2/1.2 MB
Progress (2): 16/159 kB | 0.2/1.2 MB
Progress (2): 32/159 kB | 0.2/1.2 MB
Progress (2): 32/159 kB | 0.2/1.2 MB
Progress (2): 49/159 kB | 0.2/1.2 MB
Progress (2): 49/159 kB | 0.2/1.2 MB
Progress (2): 49/159 kB | 0.2/1.2 MB
Progress (2): 49/159 kB | 0.2/1.2 MB
Progress (2): 49/159 kB | 0.3/1.2 MB
Progress (2): 49/159 kB | 0.3/1.2 MB
Progress (2): 49/159 kB | 0.3/1.2 MB
Progress (2): 49/159 kB | 0.3/1.2 MB
Progress (2): 49/159 kB | 0.3/1.2 MB
Progress (2): 49/159 kB | 0.3/1.2 MB
Progress (2): 49/159 kB | 0.4/1.2 MB
Progress (2): 49/159 kB | 0.4/1.2 MB
Progress (2): 49/159 kB | 0.4/1.2 MB
Progress (3): 49/159 kB | 0.4/1.2 MB | 8.2/293 kB
Progress (3): 65/159 kB | 0.4/1.2 MB | 8.2/293 kB
Progress (3): 81/159 kB | 0.4/1.2 MB | 8.2/293 kB
Progress (3): 81/159 kB | 0.4/1.2 MB | 8.2/293 kB
Progress (3): 81/159 kB | 0.4/1.2 MB | 8.2/293 kB
Progress (3): 81/159 kB | 0.4/1.2 MB | 8.2/293 kB
Progress (3): 81/159 kB | 0.5/1.2 MB | 8.2/293 kB
Progress (3): 81/159 kB | 0.5/1.2 MB | 8.2/293 kB
Progress (3): 81/159 kB | 0.5/1.2 MB | 8.2/293 kB
Progress (3): 81/159 kB | 0.5/1.2 MB | 8.2/293 kB
Progress (3): 81/159 kB | 0.5/1.2 MB | 8.2/293 kB
Progress (3): 81/159 kB | 0.5/1.2 MB | 8.2/293 kB
Progress (3): 81/159 kB | 0.6/1.2 MB | 8.2/293 kB
Progress (4): 81/159 kB | 0.6/1.2 MB | 8.2/293 kB | 7.7/194 kB
Progress (4): 81/159 kB | 0.6/1.2 MB | 8.2/293 kB | 16/194 kB 
Progress (4): 81/159 kB | 0.6/1.2 MB | 8.2/293 kB | 32/194 kB
Progress (4): 81/159 kB | 0.6/1.2 MB | 8.2/293 kB | 49/194 kB
Progress (4): 81/159 kB | 0.6/1.2 MB | 8.2/293 kB | 65/194 kB
Progress (4): 81/159 kB | 0.6/1.2 MB | 8.2/293 kB | 81/194 kB
Progress (4): 81/159 kB | 0.6/1.2 MB | 8.2/293 kB | 81/194 kB
Progress (5): 81/159 kB | 0.6/1.2 MB | 8.2/293 kB | 81/194 kB | 7.7/392 kB
Progress (5): 81/159 kB | 0.6/1.2 MB | 8.2/293 kB | 81/194 kB | 16/392 kB 
Progress (5): 81/159 kB | 0.6/1.2 MB | 8.2/293 kB | 98/194 kB | 16/392 kB
Progress (5): 81/159 kB | 0.6/1.2 MB | 8.2/293 kB | 98/194 kB | 16/392 kB
Progress (5): 81/159 kB | 0.6/1.2 MB | 8.2/293 kB | 114/194 kB | 16/392 kB
Progress (5): 81/159 kB | 0.6/1.2 MB | 8.2/293 kB | 114/194 kB | 16/392 kB
Progress (5): 81/159 kB | 0.6/1.2 MB | 8.2/293 kB | 131/194 kB | 16/392 kB
Progress (5): 81/159 kB | 0.6/1.2 MB | 8.2/293 kB | 131/194 kB | 16/392 kB
Progress (5): 81/159 kB | 0.6/1.2 MB | 8.2/293 kB | 147/194 kB | 16/392 kB
Progress (5): 81/159 kB | 0.6/1.2 MB | 8.2/293 kB | 163/194 kB | 16/392 kB
Progress (5): 81/159 kB | 0.6/1.2 MB | 8.2/293 kB | 180/194 kB | 16/392 kB
Progress (5): 81/159 kB | 0.6/1.2 MB | 8.2/293 kB | 194 kB | 16/392 kB    
                                                                      
Downloaded from central: https://repo.maven.apache.org/maven2/xml-apis/xml-apis/1.3.04/xml-apis-1.3.04.jar (194 kB at 185 kB/s)
Downloading from central: https://repo.maven.apache.org/maven2/commons-logging/commons-logging/1.1.1/commons-logging-1.1.1.jar
Progress (4): 81/159 kB | 0.6/1.2 MB | 8.2/293 kB | 16/392 kB
Progress (4): 81/159 kB | 0.6/1.2 MB | 8.2/293 kB | 24/392 kB
Progress (4): 81/159 kB | 0.6/1.2 MB | 16/293 kB | 24/392 kB 
Progress (4): 97/159 kB | 0.6/1.2 MB | 16/293 kB | 24/392 kB
Progress (4): 97/159 kB | 0.7/1.2 MB | 16/293 kB | 24/392 kB
Progress (4): 97/159 kB | 0.7/1.2 MB | 16/293 kB | 24/392 kB
Progress (4): 97/159 kB | 0.7/1.2 MB | 33/293 kB | 24/392 kB
Progress (4): 114/159 kB | 0.7/1.2 MB | 33/293 kB | 24/392 kB
Progress (4): 114/159 kB | 0.7/1.2 MB | 33/293 kB | 24/392 kB
Progress (4): 114/159 kB | 0.7/1.2 MB | 49/293 kB | 24/392 kB
Progress (4): 130/159 kB | 0.7/1.2 MB | 49/293 kB | 24/392 kB
Progress (4): 130/159 kB | 0.7/1.2 MB | 49/293 kB | 24/392 kB
Progress (4): 130/159 kB | 0.7/1.2 MB | 66/293 kB | 24/392 kB
Progress (4): 130/159 kB | 0.7/1.2 MB | 66/293 kB | 24/392 kB
Progress (4): 130/159 kB | 0.7/1.2 MB | 66/293 kB | 24/392 kB
Progress (4): 130/159 kB | 0.7/1.2 MB | 66/293 kB | 24/392 kB
Progress (4): 130/159 kB | 0.8/1.2 MB | 66/293 kB | 24/392 kB
Progress (4): 130/159 kB | 0.8/1.2 MB | 66/293 kB | 24/392 kB
Progress (4): 130/159 kB | 0.8/1.2 MB | 66/293 kB | 24/392 kB
Progress (4): 130/159 kB | 0.8/1.2 MB | 66/293 kB | 24/392 kB
Progress (4): 130/159 kB | 0.8/1.2 MB | 66/293 kB | 24/392 kB
Progress (4): 130/159 kB | 0.8/1.2 MB | 66/293 kB | 24/392 kB
Progress (4): 130/159 kB | 0.9/1.2 MB | 66/293 kB | 24/392 kB
Progress (4): 130/159 kB | 0.9/1.2 MB | 66/293 kB | 24/392 kB
Progress (4): 130/159 kB | 0.9/1.2 MB | 66/293 kB | 24/392 kB
Progress (4): 130/159 kB | 0.9/1.2 MB | 66/293 kB | 24/392 kB
Progress (4): 130/159 kB | 0.9/1.2 MB | 66/293 kB | 24/392 kB
Progress (4): 130/159 kB | 0.9/1.2 MB | 66/293 kB | 24/392 kB
Progress (4): 130/159 kB | 1.0/1.2 MB | 66/293 kB | 24/392 kB
Progress (4): 130/159 kB | 1.0/1.2 MB | 66/293 kB | 24/392 kB
Progress (4): 130/159 kB | 1.0/1.2 MB | 66/293 kB | 24/392 kB
Progress (4): 130/159 kB | 1.0/1.2 MB | 66/293 kB | 24/392 kB
Progress (4): 130/159 kB | 1.0/1.2 MB | 66/293 kB | 24/392 kB
Progress (4): 130/159 kB | 1.0/1.2 MB | 66/293 kB | 24/392 kB
Progress (4): 130/159 kB | 1.1/1.2 MB | 66/293 kB | 24/392 kB
Progress (4): 130/159 kB | 1.1/1.2 MB | 66/293 kB | 24/392 kB
Progress (4): 130/159 kB | 1.1/1.2 MB | 66/293 kB | 24/392 kB
Progress (4): 130/159 kB | 1.1/1.2 MB | 66/293 kB | 24/392 kB
Progress (4): 130/159 kB | 1.1/1.2 MB | 66/293 kB | 24/392 kB
Progress (4): 130/159 kB | 1.1/1.2 MB | 66/293 kB | 24/392 kB
Progress (4): 130/159 kB | 1.2/1.2 MB | 66/293 kB | 24/392 kB
Progress (4): 130/159 kB | 1.2/1.2 MB | 66/293 kB | 24/392 kB
Progress (4): 130/159 kB | 1.2/1.2 MB | 66/293 kB | 24/392 kB
Progress (4): 130/159 kB | 1.2/1.2 MB | 66/293 kB | 24/392 kB
Progress (4): 130/159 kB | 1.2/1.2 MB | 66/293 kB | 24/392 kB
Progress (4): 130/159 kB | 1.2 MB | 66/293 kB | 24/392 kB    
                                                         
Downloaded from central: https://repo.maven.apache.org/maven2/xerces/xercesImpl/2.9.1/xercesImpl-2.9.1.jar (1.2 MB at 933 kB/s)
Downloading from central: https://repo.maven.apache.org/maven2/commons-codec/commons-codec/1.3/commons-codec-1.3.jar
Progress (3): 147/159 kB | 66/293 kB | 24/392 kB
Progress (3): 159 kB | 66/293 kB | 24/392 kB    
                                            
Downloaded from central: https://repo.maven.apache.org/maven2/org/apache/maven/doxia/doxia-core/1.3/doxia-core-1.3.jar (159 kB at 110 kB/s)
Downloading from central: https://repo.maven.apache.org/maven2/org/apache/httpcomponents/httpcore/4.0.1/httpcore-4.0.1.jar
Progress (3): 66/293 kB | 24/392 kB | 7.7/61 kB
Progress (3): 66/293 kB | 24/392 kB | 16/61 kB 
Progress (3): 82/293 kB | 24/392 kB | 16/61 kB
Progress (3): 82/293 kB | 24/392 kB | 24/61 kB
Progress (4): 82/293 kB | 24/392 kB | 24/61 kB | 7.7/47 kB
Progress (4): 82/293 kB | 24/392 kB | 40/61 kB | 7.7/47 kB
Progress (4): 82/293 kB | 24/392 kB | 40/61 kB | 16/47 kB 
Progress (4): 82/293 kB | 24/392 kB | 40/61 kB | 24/47 kB
Progress (4): 82/293 kB | 24/392 kB | 40/61 kB | 40/47 kB
Progress (4): 82/293 kB | 24/392 kB | 40/61 kB | 47 kB   
                                                      
Downloaded from central: https://repo.maven.apache.org/maven2/commons-codec/commons-codec/1.3/commons-codec-1.3.jar (47 kB at 30 kB/s)
Downloading from central: https://repo.maven.apache.org/maven2/org/apache/maven/doxia/doxia-module-xhtml/1.3/doxia-module-xhtml-1.3.jar
Progress (3): 82/293 kB | 24/392 kB | 57/61 kB
Progress (3): 82/293 kB | 24/392 kB | 61 kB   
                                           
Downloaded from central: https://repo.maven.apache.org/maven2/commons-logging/commons-logging/1.1.1/commons-logging-1.1.1.jar (61 kB at 39 kB/s)
Downloading from central: https://repo.maven.apache.org/maven2/org/apache/maven/doxia/doxia-module-apt/1.3/doxia-module-apt-1.3.jar
Progress (2): 82/293 kB | 40/392 kB
Progress (3): 82/293 kB | 40/392 kB | 7.7/15 kB
Progress (3): 82/293 kB | 40/392 kB | 12/15 kB 
Progress (3): 82/293 kB | 40/392 kB | 15 kB   
                                           
Downloaded from central: https://repo.maven.apache.org/maven2/org/apache/maven/doxia/doxia-module-xhtml/1.3/doxia-module-xhtml-1.3.jar (15 kB at 8.7 kB/s)
Downloading from central: https://repo.maven.apache.org/maven2/org/apache/maven/doxia/doxia-module-xdoc/1.3/doxia-module-xdoc-1.3.jar
Progress (2): 98/293 kB | 40/392 kB
Progress (2): 115/293 kB | 40/392 kB
Progress (2): 131/293 kB | 40/392 kB
Progress (3): 131/293 kB | 40/392 kB | 7.7/173 kB
Progress (3): 131/293 kB | 40/392 kB | 11/173 kB 
Progress (4): 131/293 kB | 40/392 kB | 11/173 kB | 7.7/52 kB
Progress (5): 131/293 kB | 40/392 kB | 11/173 kB | 7.7/52 kB | 7.7/37 kB
Progress (5): 131/293 kB | 40/392 kB | 11/173 kB | 16/52 kB | 7.7/37 kB 
Progress (5): 131/293 kB | 40/392 kB | 11/173 kB | 16/52 kB | 16/37 kB 
Progress (5): 131/293 kB | 40/392 kB | 11/173 kB | 25/52 kB | 16/37 kB
Progress (5): 131/293 kB | 40/392 kB | 28/173 kB | 25/52 kB | 16/37 kB
Progress (5): 131/293 kB | 40/392 kB | 28/173 kB | 41/52 kB | 16/37 kB
Progress (5): 131/293 kB | 40/392 kB | 28/173 kB | 52 kB | 16/37 kB   
Progress (5): 131/293 kB | 40/392 kB | 44/173 kB | 52 kB | 16/37 kB
                                                                   
Downloaded from central: https://repo.maven.apache.org/maven2/org/apache/maven/doxia/doxia-module-apt/1.3/doxia-module-apt-1.3.jar (52 kB at 24 kB/s)
Downloading from central: https://repo.maven.apache.org/maven2/org/apache/maven/doxia/doxia-module-fml/1.3/doxia-module-fml-1.3.jar
Progress (4): 131/293 kB | 40/392 kB | 61/173 kB | 16/37 kB
Progress (4): 131/293 kB | 40/392 kB | 77/173 kB | 16/37 kB
Progress (4): 147/293 kB | 40/392 kB | 77/173 kB | 16/37 kB
Progress (4): 147/293 kB | 40/392 kB | 77/173 kB | 32/37 kB
Progress (4): 147/293 kB | 40/392 kB | 77/173 kB | 37 kB   
                                                        
Downloaded from central: https://repo.maven.apache.org/maven2/org/apache/maven/doxia/doxia-module-xdoc/1.3/doxia-module-xdoc-1.3.jar (37 kB at 16 kB/s)
Downloading from central: https://repo.maven.apache.org/maven2/javax/servlet/servlet-api/2.5/servlet-api-2.5.jar
Progress (3): 147/293 kB | 40/392 kB | 93/173 kB
Progress (3): 147/293 kB | 57/392 kB | 93/173 kB
Progress (3): 164/293 kB | 57/392 kB | 93/173 kB
Progress (4): 164/293 kB | 57/392 kB | 93/173 kB | 7.7/38 kB
Progress (4): 164/293 kB | 57/392 kB | 93/173 kB | 16/38 kB 
Progress (4): 164/293 kB | 57/392 kB | 110/173 kB | 16/38 kB
Progress (5): 164/293 kB | 57/392 kB | 110/173 kB | 16/38 kB | 7.7/105 kB
Progress (5): 164/293 kB | 57/392 kB | 110/173 kB | 16/38 kB | 16/105 kB 
Progress (5): 164/293 kB | 57/392 kB | 110/173 kB | 16/38 kB | 24/105 kB
Progress (5): 164/293 kB | 57/392 kB | 110/173 kB | 16/38 kB | 40/105 kB
Progress (5): 164/293 kB | 57/392 kB | 110/173 kB | 16/38 kB | 57/105 kB
Progress (5): 164/293 kB | 57/392 kB | 110/173 kB | 16/38 kB | 73/105 kB
Progress (5): 164/293 kB | 57/392 kB | 110/173 kB | 16/38 kB | 90/105 kB
Progress (5): 164/293 kB | 57/392 kB | 110/173 kB | 16/38 kB | 105 kB   
                                                                     
Downloaded from central: https://repo.maven.apache.org/maven2/javax/servlet/servlet-api/2.5/servlet-api-2.5.jar (105 kB at 41 kB/s)
Downloading from central: https://repo.maven.apache.org/maven2/org/apache/maven/doxia/doxia-decoration-model/1.3/doxia-decoration-model-1.3.jar
Progress (4): 180/293 kB | 57/392 kB | 110/173 kB | 16/38 kB
Progress (4): 180/293 kB | 73/392 kB | 110/173 kB | 16/38 kB
Progress (4): 180/293 kB | 73/392 kB | 115/173 kB | 16/38 kB
Progress (4): 180/293 kB | 73/392 kB | 115/173 kB | 32/38 kB
Progress (4): 180/293 kB | 73/392 kB | 115/173 kB | 38 kB   
Progress (4): 180/293 kB | 73/392 kB | 131/173 kB | 38 kB
Progress (4): 180/293 kB | 73/392 kB | 147/173 kB | 38 kB
                                                         
Downloaded from central: https://repo.maven.apache.org/maven2/org/apache/maven/doxia/doxia-module-fml/1.3/doxia-module-fml-1.3.jar (38 kB at 13 kB/s)
Downloading from central: https://repo.maven.apache.org/maven2/org/apache/maven/doxia/doxia-site-renderer/1.3/doxia-site-renderer-1.3.jar
Progress (3): 180/293 kB | 73/392 kB | 164/173 kB
Progress (3): 180/293 kB | 73/392 kB | 173 kB    
                                             
Downloaded from central: https://repo.maven.apache.org/maven2/org/apache/httpcomponents/httpcore/4.0.1/httpcore-4.0.1.jar (173 kB at 61 kB/s)
Downloading from central: https://repo.maven.apache.org/maven2/org/apache/velocity/velocity-tools/2.0/velocity-tools-2.0.jar
Progress (3): 180/293 kB | 73/392 kB | 7.7/61 kB
Progress (3): 180/293 kB | 73/392 kB | 16/61 kB 
Progress (3): 180/293 kB | 73/392 kB | 24/61 kB
Progress (3): 180/293 kB | 73/392 kB | 40/61 kB
Progress (3): 180/293 kB | 73/392 kB | 57/61 kB
Progress (3): 180/293 kB | 73/392 kB | 61 kB   
                                            
Downloaded from central: https://repo.maven.apache.org/maven2/org/apache/maven/doxia/doxia-decoration-model/1.3/doxia-decoration-model-1.3.jar (61 kB at 21 kB/s)
Downloading from central: https://repo.maven.apache.org/maven2/commons-digester/commons-digester/1.8/commons-digester-1.8.jar
Progress (2): 197/293 kB | 73/392 kB
Progress (2): 213/293 kB | 73/392 kB
Progress (2): 229/293 kB | 73/392 kB
Progress (2): 229/293 kB | 90/392 kB
Progress (3): 229/293 kB | 90/392 kB | 7.7/53 kB
Progress (4): 229/293 kB | 90/392 kB | 7.7/53 kB | 7.7/347 kB
Progress (4): 229/293 kB | 90/392 kB | 8.2/53 kB | 7.7/347 kB
Progress (5): 229/293 kB | 90/392 kB | 8.2/53 kB | 7.7/347 kB | 7.7/144 kB
Progress (5): 229/293 kB | 90/392 kB | 8.2/53 kB | 16/347 kB | 7.7/144 kB 
Progress (5): 229/293 kB | 90/392 kB | 8.2/53 kB | 16/347 kB | 16/144 kB 
Progress (5): 229/293 kB | 90/392 kB | 8.2/53 kB | 24/347 kB | 16/144 kB
Progress (5): 229/293 kB | 90/392 kB | 8.2/53 kB | 24/347 kB | 32/144 kB
Progress (5): 229/293 kB | 90/392 kB | 8.2/53 kB | 40/347 kB | 32/144 kB
Progress (5): 229/293 kB | 90/392 kB | 8.2/53 kB | 40/347 kB | 49/144 kB
Progress (5): 229/293 kB | 90/392 kB | 8.2/53 kB | 40/347 kB | 65/144 kB
Progress (5): 229/293 kB | 90/392 kB | 8.2/53 kB | 40/347 kB | 81/144 kB
Progress (5): 229/293 kB | 90/392 kB | 8.2/53 kB | 40/347 kB | 98/144 kB
Progress (5): 229/293 kB | 90/392 kB | 8.2/53 kB | 40/347 kB | 114/144 kB
Progress (5): 229/293 kB | 90/392 kB | 8.2/53 kB | 40/347 kB | 131/144 kB
Progress (5): 229/293 kB | 90/392 kB | 8.2/53 kB | 40/347 kB | 144 kB    
                                                                     
Downloaded from central: https://repo.maven.apache.org/maven2/commons-digester/commons-digester/1.8/commons-digester-1.8.jar (144 kB at 43 kB/s)
Downloading from central: https://repo.maven.apache.org/maven2/commons-chain/commons-chain/1.1/commons-chain-1.1.jar
Progress (4): 229/293 kB | 90/392 kB | 25/53 kB | 40/347 kB
Progress (4): 229/293 kB | 90/392 kB | 25/53 kB | 57/347 kB
Progress (4): 229/293 kB | 90/392 kB | 25/53 kB | 73/347 kB
Progress (4): 229/293 kB | 90/392 kB | 25/53 kB | 90/347 kB
Progress (4): 246/293 kB | 90/392 kB | 25/53 kB | 90/347 kB
Progress (4): 246/293 kB | 90/392 kB | 41/53 kB | 90/347 kB
Progress (4): 262/293 kB | 90/392 kB | 41/53 kB | 90/347 kB
Progress (4): 279/293 kB | 90/392 kB | 41/53 kB | 90/347 kB
Progress (4): 279/293 kB | 90/392 kB | 53 kB | 90/347 kB   
                                                        
Downloaded from central: https://repo.maven.apache.org/maven2/org/apache/maven/doxia/doxia-site-renderer/1.3/doxia-site-renderer-1.3.jar (53 kB at 15 kB/s)
Downloading from central: https://repo.maven.apache.org/maven2/commons-validator/commons-validator/1.3.1/commons-validator-1.3.1.jar
Progress (4): 279/293 kB | 90/392 kB | 90/347 kB | 7.7/90 kB
Progress (4): 279/293 kB | 90/392 kB | 90/347 kB | 16/90 kB 
Progress (4): 279/293 kB | 90/392 kB | 90/347 kB | 24/90 kB
Progress (4): 279/293 kB | 106/392 kB | 90/347 kB | 24/90 kB
Progress (4): 279/293 kB | 106/392 kB | 90/347 kB | 40/90 kB
Progress (4): 279/293 kB | 106/392 kB | 90/347 kB | 57/90 kB
Progress (4): 279/293 kB | 106/392 kB | 90/347 kB | 73/90 kB
Progress (4): 279/293 kB | 106/392 kB | 90/347 kB | 90/90 kB
Progress (4): 279/293 kB | 106/392 kB | 90/347 kB | 90 kB   
                                                         
Downloaded from central: https://repo.maven.apache.org/maven2/commons-chain/commons-chain/1.1/commons-chain-1.1.jar (90 kB at 25 kB/s)
Downloading from central: https://repo.maven.apache.org/maven2/dom4j/dom4j/1.1/dom4j-1.1.jar
Progress (3): 293 kB | 106/392 kB | 90/347 kB
                                             
Downloaded from central: https://repo.maven.apache.org/maven2/org/apache/httpcomponents/httpclient/4.0.2/httpclient-4.0.2.jar (293 kB at 82 kB/s)
Downloading from central: https://repo.maven.apache.org/maven2/sslext/sslext/1.2-0/sslext-1.2-0.jar
Progress (2): 106/392 kB | 106/347 kB
Progress (2): 106/392 kB | 122/347 kB
Progress (2): 106/392 kB | 139/347 kB
Progress (2): 106/392 kB | 155/347 kB
Progress (2): 106/392 kB | 172/347 kB
Progress (2): 106/392 kB | 188/347 kB
Progress (2): 106/392 kB | 204/347 kB
Progress (2): 106/392 kB | 221/347 kB
Progress (3): 106/392 kB | 221/347 kB | 7.7/139 kB
Progress (3): 106/392 kB | 221/347 kB | 12/139 kB 
Progress (3): 106/392 kB | 237/347 kB | 12/139 kB
Progress (3): 106/392 kB | 253/347 kB | 12/139 kB
Progress (3): 106/392 kB | 270/347 kB | 12/139 kB
Progress (4): 106/392 kB | 270/347 kB | 12/139 kB | 7.7/457 kB
Progress (4): 106/392 kB | 270/347 kB | 12/139 kB | 16/457 kB 
Progress (4): 106/392 kB | 270/347 kB | 12/139 kB | 32/457 kB
Progress (4): 106/392 kB | 270/347 kB | 12/139 kB | 49/457 kB
Progress (4): 106/392 kB | 270/347 kB | 12/139 kB | 65/457 kB
Progress (4): 106/392 kB | 270/347 kB | 12/139 kB | 81/457 kB
Progress (4): 106/392 kB | 270/347 kB | 12/139 kB | 98/457 kB
Progress (4): 106/392 kB | 270/347 kB | 12/139 kB | 114/457 kB
Progress (4): 106/392 kB | 270/347 kB | 12/139 kB | 131/457 kB
Progress (4): 106/392 kB | 270/347 kB | 29/139 kB | 131/457 kB
Progress (4): 106/392 kB | 270/347 kB | 29/139 kB | 147/457 kB
Progress (4): 106/392 kB | 270/347 kB | 29/139 kB | 163/457 kB
Progress (4): 106/392 kB | 270/347 kB | 29/139 kB | 180/457 kB
Progress (4): 106/392 kB | 270/347 kB | 29/139 kB | 196/457 kB
Progress (4): 106/392 kB | 270/347 kB | 29/139 kB | 212/457 kB
Progress (4): 106/392 kB | 270/347 kB | 29/139 kB | 229/457 kB
Progress (4): 106/392 kB | 286/347 kB | 29/139 kB | 229/457 kB
Progress (4): 106/392 kB | 286/347 kB | 29/139 kB | 245/457 kB
Progress (4): 106/392 kB | 286/347 kB | 45/139 kB | 245/457 kB
Progress (4): 106/392 kB | 303/347 kB | 45/139 kB | 245/457 kB
Progress (4): 106/392 kB | 319/347 kB | 45/139 kB | 245/457 kB
Progress (4): 122/392 kB | 319/347 kB | 45/139 kB | 245/457 kB
Progress (5): 122/392 kB | 319/347 kB | 45/139 kB | 245/457 kB | 7.7/26 kB
Progress (5): 122/392 kB | 319/347 kB | 45/139 kB | 262/457 kB | 7.7/26 kB
Progress (5): 122/392 kB | 319/347 kB | 45/139 kB | 262/457 kB | 15/26 kB 
Progress (5): 122/392 kB | 319/347 kB | 45/139 kB | 262/457 kB | 26 kB   
                                                                      
Downloaded from central: https://repo.maven.apache.org/maven2/sslext/sslext/1.2-0/sslext-1.2-0.jar (26 kB at 6.3 kB/s)
Downloading from central: https://repo.maven.apache.org/maven2/org/apache/struts/struts-core/1.3.8/struts-core-1.3.8.jar
Progress (4): 122/392 kB | 319/347 kB | 61/139 kB | 262/457 kB
Progress (4): 122/392 kB | 319/347 kB | 61/139 kB | 278/457 kB
Progress (4): 122/392 kB | 319/347 kB | 78/139 kB | 278/457 kB
Progress (4): 122/392 kB | 319/347 kB | 78/139 kB | 294/457 kB
Progress (4): 122/392 kB | 319/347 kB | 94/139 kB | 294/457 kB
Progress (4): 122/392 kB | 319/347 kB | 94/139 kB | 311/457 kB
Progress (4): 122/392 kB | 319/347 kB | 94/139 kB | 327/457 kB
Progress (4): 122/392 kB | 319/347 kB | 94/139 kB | 344/457 kB
Progress (4): 122/392 kB | 319/347 kB | 94/139 kB | 360/457 kB
Progress (4): 122/392 kB | 319/347 kB | 94/139 kB | 376/457 kB
Progress (4): 122/392 kB | 319/347 kB | 94/139 kB | 393/457 kB
Progress (4): 122/392 kB | 319/347 kB | 94/139 kB | 409/457 kB
Progress (4): 122/392 kB | 319/347 kB | 94/139 kB | 425/457 kB
Progress (4): 122/392 kB | 319/347 kB | 94/139 kB | 442/457 kB
Progress (4): 122/392 kB | 319/347 kB | 94/139 kB | 457 kB    
                                                          
Downloaded from central: https://repo.maven.apache.org/maven2/dom4j/dom4j/1.1/dom4j-1.1.jar (457 kB at 107 kB/s)
Downloading from central: https://repo.maven.apache.org/maven2/antlr/antlr/2.7.2/antlr-2.7.2.jar
Progress (3): 139/392 kB | 319/347 kB | 94/139 kB
Progress (3): 139/392 kB | 319/347 kB | 111/139 kB
Progress (4): 139/392 kB | 319/347 kB | 111/139 kB | 7.7/329 kB
Progress (4): 139/392 kB | 319/347 kB | 111/139 kB | 7.7/329 kB
Progress (4): 139/392 kB | 319/347 kB | 127/139 kB | 7.7/329 kB
Progress (4): 139/392 kB | 319/347 kB | 139 kB | 7.7/329 kB    
                                                           
Downloaded from central: https://repo.maven.apache.org/maven2/commons-validator/commons-validator/1.3.1/commons-validator-1.3.1.jar (139 kB at 31 kB/s)
Downloading from central: https://repo.maven.apache.org/maven2/org/apache/struts/struts-taglib/1.3.8/struts-taglib-1.3.8.jar
Progress (4): 139/392 kB | 319/347 kB | 7.7/329 kB | 7.7/358 kB
Progress (4): 139/392 kB | 319/347 kB | 7.7/329 kB | 7.7/358 kB
Progress (4): 155/392 kB | 319/347 kB | 7.7/329 kB | 7.7/358 kB
Progress (4): 155/392 kB | 319/347 kB | 7.7/329 kB | 24/358 kB 
Progress (4): 155/392 kB | 319/347 kB | 7.7/329 kB | 40/358 kB
Progress (4): 155/392 kB | 319/347 kB | 7.7/329 kB | 57/358 kB
Progress (4): 155/392 kB | 319/347 kB | 7.7/329 kB | 73/358 kB
Progress (4): 155/392 kB | 319/347 kB | 7.7/329 kB | 90/358 kB
Progress (4): 155/392 kB | 319/347 kB | 7.7/329 kB | 106/358 kB
Progress (4): 155/392 kB | 319/347 kB | 7.7/329 kB | 122/358 kB
Progress (4): 155/392 kB | 319/347 kB | 7.7/329 kB | 139/358 kB
Progress (4): 155/392 kB | 319/347 kB | 7.7/329 kB | 155/358 kB
Progress (4): 155/392 kB | 319/347 kB | 7.7/329 kB | 172/358 kB
Progress (4): 155/392 kB | 319/347 kB | 7.7/329 kB | 188/358 kB
Progress (4): 155/392 kB | 319/347 kB | 7.7/329 kB | 204/358 kB
Progress (4): 155/392 kB | 319/347 kB | 7.7/329 kB | 221/358 kB
Progress (4): 155/392 kB | 319/347 kB | 7.7/329 kB | 237/358 kB
Progress (4): 155/392 kB | 319/347 kB | 7.7/329 kB | 253/358 kB
Progress (4): 155/392 kB | 319/347 kB | 7.7/329 kB | 270/358 kB
Progress (4): 155/392 kB | 319/347 kB | 7.7/329 kB | 286/358 kB
Progress (4): 155/392 kB | 319/347 kB | 7.7/329 kB | 303/358 kB
Progress (4): 155/392 kB | 319/347 kB | 7.7/329 kB | 319/358 kB
Progress (4): 155/392 kB | 319/347 kB | 7.7/329 kB | 335/358 kB
Progress (4): 155/392 kB | 319/347 kB | 7.7/329 kB | 352/358 kB
Progress (4): 155/392 kB | 319/347 kB | 7.7/329 kB | 358 kB    
                                                           
Downloaded from central: https://repo.maven.apache.org/maven2/antlr/antlr/2.7.2/antlr-2.7.2.jar (358 kB at 74 kB/s)
Downloading from central: https://repo.maven.apache.org/maven2/org/apache/struts/struts-tiles/1.3.8/struts-tiles-1.3.8.jar
Progress (3): 172/392 kB | 319/347 kB | 7.7/329 kB
Progress (4): 172/392 kB | 319/347 kB | 7.7/329 kB | 7.7/252 kB
Progress (4): 172/392 kB | 319/347 kB | 7.7/329 kB | 16/252 kB 
Progress (5): 172/392 kB | 319/347 kB | 7.7/329 kB | 16/252 kB | 7.7/120 kB
Progress (5): 172/392 kB | 319/347 kB | 7.7/329 kB | 16/252 kB | 16/120 kB 
Progress (5): 172/392 kB | 319/347 kB | 7.7/329 kB | 32/252 kB | 16/120 kB
Progress (5): 172/392 kB | 319/347 kB | 7.7/329 kB | 32/252 kB | 24/120 kB
Progress (5): 172/392 kB | 319/347 kB | 7.7/329 kB | 32/252 kB | 40/120 kB
Progress (5): 172/392 kB | 319/347 kB | 7.7/329 kB | 32/252 kB | 57/120 kB
Progress (5): 172/392 kB | 319/347 kB | 7.7/329 kB | 32/252 kB | 73/120 kB
Progress (5): 172/392 kB | 319/347 kB | 7.7/329 kB | 32/252 kB | 90/120 kB
Progress (5): 172/392 kB | 319/347 kB | 7.7/329 kB | 32/252 kB | 106/120 kB
Progress (5): 172/392 kB | 319/347 kB | 7.7/329 kB | 49/252 kB | 106/120 kB
Progress (5): 172/392 kB | 319/347 kB | 7.7/329 kB | 57/252 kB | 106/120 kB
Progress (5): 172/392 kB | 319/347 kB | 7.7/329 kB | 57/252 kB | 120 kB    
Progress (5): 172/392 kB | 319/347 kB | 24/329 kB | 57/252 kB | 120 kB 
Progress (5): 172/392 kB | 319/347 kB | 40/329 kB | 57/252 kB | 120 kB
Progress (5): 172/392 kB | 319/347 kB | 57/329 kB | 57/252 kB | 120 kB
Progress (5): 172/392 kB | 319/347 kB | 66/329 kB | 57/252 kB | 120 kB
Progress (5): 172/392 kB | 319/347 kB | 82/329 kB | 57/252 kB | 120 kB
Progress (5): 172/392 kB | 319/347 kB | 82/329 kB | 73/252 kB | 120 kB
Progress (5): 172/392 kB | 319/347 kB | 98/329 kB | 73/252 kB | 120 kB
Progress (5): 172/392 kB | 319/347 kB | 115/329 kB | 73/252 kB | 120 kB
Progress (5): 172/392 kB | 319/347 kB | 115/329 kB | 90/252 kB | 120 kB
Progress (5): 172/392 kB | 319/347 kB | 115/329 kB | 106/252 kB | 120 kB
Progress (5): 172/392 kB | 319/347 kB | 115/329 kB | 122/252 kB | 120 kB
Progress (5): 172/392 kB | 319/347 kB | 115/329 kB | 139/252 kB | 120 kB
Progress (5): 188/392 kB | 319/347 kB | 115/329 kB | 139/252 kB | 120 kB
Progress (5): 188/392 kB | 319/347 kB | 131/329 kB | 139/252 kB | 120 kB
Progress (5): 188/392 kB | 319/347 kB | 131/329 kB | 155/252 kB | 120 kB
Progress (5): 188/392 kB | 319/347 kB | 131/329 kB | 172/252 kB | 120 kB
Progress (5): 204/392 kB | 319/347 kB | 131/329 kB | 172/252 kB | 120 kB
Progress (5): 204/392 kB | 319/347 kB | 147/329 kB | 172/252 kB | 120 kB
                                                                        
Downloaded from central: https://repo.maven.apache.org/maven2/org/apache/struts/struts-tiles/1.3.8/struts-tiles-1.3.8.jar (120 kB at 21 kB/s)
Downloading from central: https://repo.maven.apache.org/maven2/commons-collections/commons-collections/3.2.1/commons-collections-3.2.1.jar
Progress (4): 204/392 kB | 319/347 kB | 147/329 kB | 188/252 kB
Progress (4): 204/392 kB | 319/347 kB | 147/329 kB | 204/252 kB
Progress (4): 204/392 kB | 319/347 kB | 147/329 kB | 221/252 kB
Progress (4): 204/392 kB | 319/347 kB | 147/329 kB | 237/252 kB
Progress (5): 204/392 kB | 319/347 kB | 147/329 kB | 237/252 kB | 7.7/575 kB
Progress (5): 204/392 kB | 319/347 kB | 164/329 kB | 237/252 kB | 7.7/575 kB
Progress (5): 204/392 kB | 319/347 kB | 164/329 kB | 237/252 kB | 16/575 kB 
Progress (5): 204/392 kB | 319/347 kB | 164/329 kB | 237/252 kB | 29/575 kB
Progress (5): 204/392 kB | 319/347 kB | 180/329 kB | 237/252 kB | 29/575 kB
Progress (5): 204/392 kB | 319/347 kB | 197/329 kB | 237/252 kB | 29/575 kB
Progress (5): 204/392 kB | 319/347 kB | 197/329 kB | 237/252 kB | 45/575 kB
Progress (5): 204/392 kB | 319/347 kB | 197/329 kB | 237/252 kB | 61/575 kB
Progress (5): 204/392 kB | 319/347 kB | 197/329 kB | 237/252 kB | 78/575 kB
Progress (5): 204/392 kB | 319/347 kB | 197/329 kB | 237/252 kB | 94/575 kB
Progress (5): 204/392 kB | 319/347 kB | 197/329 kB | 237/252 kB | 111/575 kB
Progress (5): 204/392 kB | 319/347 kB | 197/329 kB | 237/252 kB | 127/575 kB
Progress (5): 204/392 kB | 319/347 kB | 197/329 kB | 237/252 kB | 143/575 kB
Progress (5): 204/392 kB | 319/347 kB | 197/329 kB | 237/252 kB | 160/575 kB
Progress (5): 204/392 kB | 319/347 kB | 197/329 kB | 237/252 kB | 176/575 kB
Progress (5): 204/392 kB | 319/347 kB | 197/329 kB | 237/252 kB | 193/575 kB
Progress (5): 204/392 kB | 319/347 kB | 197/329 kB | 237/252 kB | 209/575 kB
Progress (5): 204/392 kB | 319/347 kB | 197/329 kB | 237/252 kB | 225/575 kB
Progress (5): 204/392 kB | 319/347 kB | 197/329 kB | 237/252 kB | 242/575 kB
Progress (5): 204/392 kB | 319/347 kB | 197/329 kB | 237/252 kB | 258/575 kB
Progress (5): 204/392 kB | 319/347 kB | 197/329 kB | 237/252 kB | 274/575 kB
Progress (5): 204/392 kB | 319/347 kB | 197/329 kB | 237/252 kB | 291/575 kB
Progress (5): 204/392 kB | 319/347 kB | 197/329 kB | 237/252 kB | 307/575 kB
Progress (5): 204/392 kB | 319/347 kB | 197/329 kB | 237/252 kB | 324/575 kB
Progress (5): 204/392 kB | 319/347 kB | 197/329 kB | 237/252 kB | 340/575 kB
Progress (5): 204/392 kB | 319/347 kB | 197/329 kB | 237/252 kB | 356/575 kB
Progress (5): 204/392 kB | 319/347 kB | 197/329 kB | 237/252 kB | 373/575 kB
Progress (5): 204/392 kB | 319/347 kB | 197/329 kB | 237/252 kB | 389/575 kB
Progress (5): 204/392 kB | 319/347 kB | 213/329 kB | 237/252 kB | 389/575 kB
Progress (5): 204/392 kB | 319/347 kB | 213/329 kB | 237/252 kB | 406/575 kB
Progress (5): 204/392 kB | 319/347 kB | 213/329 kB | 237/252 kB | 422/575 kB
Progress (5): 204/392 kB | 319/347 kB | 213/329 kB | 237/252 kB | 438/575 kB
Progress (5): 204/392 kB | 319/347 kB | 213/329 kB | 237/252 kB | 455/575 kB
Progress (5): 204/392 kB | 319/347 kB | 213/329 kB | 237/252 kB | 471/575 kB
Progress (5): 204/392 kB | 319/347 kB | 213/329 kB | 237/252 kB | 487/575 kB
Progress (5): 221/392 kB | 319/347 kB | 213/329 kB | 237/252 kB | 487/575 kB
Progress (5): 221/392 kB | 319/347 kB | 213/329 kB | 237/252 kB | 504/575 kB
Progress (5): 221/392 kB | 319/347 kB | 213/329 kB | 237/252 kB | 520/575 kB
Progress (5): 221/392 kB | 319/347 kB | 213/329 kB | 237/252 kB | 537/575 kB
Progress (5): 221/392 kB | 319/347 kB | 213/329 kB | 237/252 kB | 553/575 kB
Progress (5): 221/392 kB | 319/347 kB | 213/329 kB | 237/252 kB | 569/575 kB
Progress (5): 221/392 kB | 319/347 kB | 213/329 kB | 237/252 kB | 575 kB    
                                                                        
Downloaded from central: https://repo.maven.apache.org/maven2/commons-collections/commons-collections/3.2.1/commons-collections-3.2.1.jar (575 kB at 93 kB/s)
Downloading from central: https://repo.maven.apache.org/maven2/org/apache/maven/shared/maven-doxia-tools/1.4/maven-doxia-tools-1.4.jar
Progress (4): 221/392 kB | 319/347 kB | 213/329 kB | 252 kB
                                                           
Downloaded from central: https://repo.maven.apache.org/maven2/org/apache/struts/struts-taglib/1.3.8/struts-taglib-1.3.8.jar (252 kB at 40 kB/s)
Downloading from central: https://repo.maven.apache.org/maven2/org/apache/maven/wagon/wagon-provider-api/1.0/wagon-provider-api-1.0.jar
Progress (3): 221/392 kB | 319/347 kB | 229/329 kB
Progress (4): 221/392 kB | 319/347 kB | 229/329 kB | 7.7/45 kB
Progress (4): 221/392 kB | 319/347 kB | 229/329 kB | 7.7/45 kB
Progress (4): 221/392 kB | 319/347 kB | 229/329 kB | 24/45 kB 
Progress (4): 221/392 kB | 319/347 kB | 246/329 kB | 24/45 kB
Progress (4): 221/392 kB | 319/347 kB | 246/329 kB | 33/45 kB
Progress (4): 221/392 kB | 319/347 kB | 246/329 kB | 45 kB   
                                                          
Downloaded from central: https://repo.maven.apache.org/maven2/org/apache/maven/shared/maven-doxia-tools/1.4/maven-doxia-tools-1.4.jar (45 kB at 7.1 kB/s)
Downloading from central: https://repo.maven.apache.org/maven2/org/codehaus/plexus/plexus-archiver/1.0/plexus-archiver-1.0.jar
Progress (4): 221/392 kB | 319/347 kB | 246/329 kB | 7.7/53 kB
Progress (4): 221/392 kB | 319/347 kB | 246/329 kB | 16/53 kB 
Progress (4): 237/392 kB | 319/347 kB | 246/329 kB | 16/53 kB
Progress (4): 237/392 kB | 319/347 kB | 262/329 kB | 16/53 kB
Progress (4): 237/392 kB | 319/347 kB | 279/329 kB | 16/53 kB
Progress (4): 237/392 kB | 319/347 kB | 279/329 kB | 32/53 kB
Progress (5): 237/392 kB | 319/347 kB | 279/329 kB | 32/53 kB | 7.7/177 kB
Progress (5): 237/392 kB | 319/347 kB | 279/329 kB | 32/53 kB | 7.7/177 kB
Progress (5): 237/392 kB | 319/347 kB | 279/329 kB | 32/53 kB | 24/177 kB 
Progress (5): 237/392 kB | 319/347 kB | 279/329 kB | 32/53 kB | 40/177 kB
Progress (5): 237/392 kB | 319/347 kB | 279/329 kB | 32/53 kB | 57/177 kB
Progress (5): 237/392 kB | 319/347 kB | 279/329 kB | 32/53 kB | 73/177 kB
Progress (5): 237/392 kB | 319/347 kB | 279/329 kB | 32/53 kB | 90/177 kB
Progress (5): 237/392 kB | 319/347 kB | 279/329 kB | 32/53 kB | 106/177 kB
Progress (5): 237/392 kB | 319/347 kB | 279/329 kB | 32/53 kB | 122/177 kB
Progress (5): 237/392 kB | 319/347 kB | 279/329 kB | 32/53 kB | 139/177 kB
Progress (5): 237/392 kB | 319/347 kB | 279/329 kB | 32/53 kB | 155/177 kB
Progress (5): 237/392 kB | 319/347 kB | 279/329 kB | 32/53 kB | 172/177 kB
Progress (5): 237/392 kB | 319/347 kB | 279/329 kB | 32/53 kB | 177 kB    
                                                                      
Downloaded from central: https://repo.maven.apache.org/maven2/org/codehaus/plexus/plexus-archiver/1.0/plexus-archiver-1.0.jar (177 kB at 26 kB/s)
Downloading from central: https://repo.maven.apache.org/maven2/org/codehaus/plexus/plexus-io/1.0/plexus-io-1.0.jar
Progress (4): 237/392 kB | 319/347 kB | 295/329 kB | 32/53 kB
Progress (4): 237/392 kB | 319/347 kB | 311/329 kB | 32/53 kB
Progress (4): 237/392 kB | 319/347 kB | 328/329 kB | 32/53 kB
Progress (4): 237/392 kB | 319/347 kB | 329 kB | 32/53 kB    
                                                         
Downloaded from central: https://repo.maven.apache.org/maven2/org/apache/struts/struts-core/1.3.8/struts-core-1.3.8.jar (329 kB at 48 kB/s)
Downloading from central: https://repo.maven.apache.org/maven2/org/codehaus/plexus/plexus-velocity/1.1.8/plexus-velocity-1.1.8.jar
Progress (4): 237/392 kB | 319/347 kB | 32/53 kB | 7.7/51 kB
Progress (4): 237/392 kB | 319/347 kB | 32/53 kB | 16/51 kB 
Progress (4): 237/392 kB | 319/347 kB | 32/53 kB | 32/51 kB
Progress (4): 237/392 kB | 319/347 kB | 32/53 kB | 49/51 kB
Progress (4): 253/392 kB | 319/347 kB | 32/53 kB | 49/51 kB
Progress (4): 270/392 kB | 319/347 kB | 32/53 kB | 49/51 kB
Progress (4): 270/392 kB | 335/347 kB | 32/53 kB | 49/51 kB
Progress (4): 270/392 kB | 347 kB | 32/53 kB | 49/51 kB    
Progress (4): 270/392 kB | 347 kB | 32/53 kB | 51 kB   
                                                    
Downloaded from central: https://repo.maven.apache.org/maven2/org/apache/velocity/velocity-tools/2.0/velocity-tools-2.0.jar (347 kB at 46 kB/s)
Downloading from central: https://repo.maven.apache.org/maven2/org/codehaus/plexus/plexus-utils/1.5.10/plexus-utils-1.5.10.jar
Progress (4): 270/392 kB | 32/53 kB | 51 kB | 7.7/7.9 kB
Progress (4): 270/392 kB | 32/53 kB | 51 kB | 7.9 kB    
Progress (4): 270/392 kB | 49/53 kB | 51 kB | 7.9 kB
Progress (4): 270/392 kB | 53 kB | 51 kB | 7.9 kB   
                                                 
Downloaded from central: https://repo.maven.apache.org/maven2/org/codehaus/plexus/plexus-io/1.0/plexus-io-1.0.jar (51 kB at 6.8 kB/s)
Downloading from central: https://repo.maven.apache.org/maven2/org/mortbay/jetty/jetty/6.1.25/jetty-6.1.25.jar
Downloaded from central: https://repo.maven.apache.org/maven2/org/apache/maven/wagon/wagon-provider-api/1.0/wagon-provider-api-1.0.jar (53 kB at 7.1 kB/s)
Downloading from central: https://repo.maven.apache.org/maven2/org/mortbay/jetty/servlet-api/2.5-20081211/servlet-api-2.5-20081211.jar
Progress (3): 270/392 kB | 7.9 kB | 7.7/134 kB
Progress (3): 270/392 kB | 7.9 kB | 15/134 kB 
Progress (3): 270/392 kB | 7.9 kB | 32/134 kB
Progress (3): 270/392 kB | 7.9 kB | 48/134 kB
Progress (3): 270/392 kB | 7.9 kB | 65/134 kB
Progress (3): 270/392 kB | 7.9 kB | 81/134 kB
Progress (3): 270/392 kB | 7.9 kB | 82/134 kB
Progress (4): 270/392 kB | 7.9 kB | 82/134 kB | 7.7/281 kB
Progress (4): 270/392 kB | 7.9 kB | 82/134 kB | 16/281 kB 
Progress (4): 270/392 kB | 7.9 kB | 98/134 kB | 16/281 kB
Progress (4): 270/392 kB | 7.9 kB | 115/134 kB | 16/281 kB
Progress (4): 270/392 kB | 7.9 kB | 131/134 kB | 16/281 kB
Progress (4): 270/392 kB | 7.9 kB | 134 kB | 16/281 kB    
                                                      
Downloaded from central: https://repo.maven.apache.org/maven2/org/mortbay/jetty/servlet-api/2.5-20081211/servlet-api-2.5-20081211.jar (134 kB at 17 kB/s)
Downloading from central: https://repo.maven.apache.org/maven2/org/mortbay/jetty/jetty-util/6.1.25/jetty-util-6.1.25.jar
Progress (3): 270/392 kB | 7.9 kB | 24/281 kB
Progress (3): 270/392 kB | 7.9 kB | 40/281 kB
Progress (4): 270/392 kB | 7.9 kB | 40/281 kB | 7.7/539 kB
Progress (4): 270/392 kB | 7.9 kB | 40/281 kB | 16/539 kB 
Progress (4): 270/392 kB | 7.9 kB | 40/281 kB | 16/539 kB
Progress (4): 270/392 kB | 7.9 kB | 40/281 kB | 33/539 kB
Progress (5): 270/392 kB | 7.9 kB | 40/281 kB | 33/539 kB | 7.7/177 kB
Progress (5): 270/392 kB | 7.9 kB | 40/281 kB | 33/539 kB | 16/177 kB 
Progress (5): 270/392 kB | 7.9 kB | 40/281 kB | 33/539 kB | 24/177 kB
Progress (5): 270/392 kB | 7.9 kB | 40/281 kB | 33/539 kB | 40/177 kB
Progress (5): 270/392 kB | 7.9 kB | 40/281 kB | 33/539 kB | 57/177 kB
Progress (5): 270/392 kB | 7.9 kB | 40/281 kB | 33/539 kB | 73/177 kB
Progress (5): 270/392 kB | 7.9 kB | 40/281 kB | 33/539 kB | 90/177 kB
Progress (5): 270/392 kB | 7.9 kB | 40/281 kB | 33/539 kB | 106/177 kB
Progress (5): 270/392 kB | 7.9 kB | 40/281 kB | 33/539 kB | 122/177 kB
                                                                      
Downloaded from central: https://repo.maven.apache.org/maven2/org/codehaus/plexus/plexus-velocity/1.1.8/plexus-velocity-1.1.8.jar (7.9 kB at 978 B/s)
Progress (4): 286/392 kB | 40/281 kB | 33/539 kB | 122/177 kB
                                                             
Downloading from central: https://repo.maven.apache.org/maven2/commons-lang/commons-lang/2.5/commons-lang-2.5.jar
Progress (4): 303/392 kB | 40/281 kB | 33/539 kB | 122/177 kB
Progress (4): 303/392 kB | 40/281 kB | 33/539 kB | 139/177 kB
Progress (4): 303/392 kB | 40/281 kB | 33/539 kB | 155/177 kB
Progress (4): 303/392 kB | 40/281 kB | 33/539 kB | 172/177 kB
Progress (4): 303/392 kB | 40/281 kB | 33/539 kB | 177 kB    
                                                         
Downloaded from central: https://repo.maven.apache.org/maven2/org/mortbay/jetty/jetty-util/6.1.25/jetty-util-6.1.25.jar (177 kB at 22 kB/s)
Downloading from central: https://repo.maven.apache.org/maven2/commons-io/commons-io/1.4/commons-io-1.4.jar
Progress (3): 303/392 kB | 40/281 kB | 49/539 kB
Progress (3): 303/392 kB | 40/281 kB | 66/539 kB
Progress (3): 319/392 kB | 40/281 kB | 66/539 kB
Progress (3): 319/392 kB | 40/281 kB | 82/539 kB
Progress (3): 319/392 kB | 40/281 kB | 98/539 kB
Progress (4): 319/392 kB | 40/281 kB | 98/539 kB | 7.7/279 kB
Progress (4): 319/392 kB | 40/281 kB | 98/539 kB | 16/279 kB 
Progress (4): 319/392 kB | 57/281 kB | 98/539 kB | 16/279 kB
Progress (4): 319/392 kB | 73/281 kB | 98/539 kB | 16/279 kB
Progress (4): 319/392 kB | 90/281 kB | 98/539 kB | 16/279 kB
Progress (4): 319/392 kB | 106/281 kB | 98/539 kB | 16/279 kB
Progress (4): 319/392 kB | 106/281 kB | 98/539 kB | 24/279 kB
Progress (4): 319/392 kB | 122/281 kB | 98/539 kB | 24/279 kB
Progress (4): 319/392 kB | 139/281 kB | 98/539 kB | 24/279 kB
Progress (4): 319/392 kB | 155/281 kB | 98/539 kB | 24/279 kB
Progress (4): 319/392 kB | 155/281 kB | 115/539 kB | 24/279 kB
Progress (5): 319/392 kB | 155/281 kB | 115/539 kB | 24/279 kB | 7.7/109 kB
Progress (5): 319/392 kB | 155/281 kB | 115/539 kB | 24/279 kB | 7.7/109 kB
Progress (5): 319/392 kB | 155/281 kB | 115/539 kB | 24/279 kB | 24/109 kB 
Progress (5): 319/392 kB | 155/281 kB | 115/539 kB | 24/279 kB | 40/109 kB
Progress (5): 319/392 kB | 155/281 kB | 115/539 kB | 24/279 kB | 57/109 kB
Progress (5): 319/392 kB | 155/281 kB | 115/539 kB | 24/279 kB | 73/109 kB
Progress (5): 319/392 kB | 155/281 kB | 115/539 kB | 24/279 kB | 90/109 kB
Progress (5): 319/392 kB | 155/281 kB | 115/539 kB | 24/279 kB | 102/109 kB
Progress (5): 319/392 kB | 155/281 kB | 115/539 kB | 24/279 kB | 109 kB    
                                                                       
Downloaded from central: https://repo.maven.apache.org/maven2/commons-io/commons-io/1.4/commons-io-1.4.jar (109 kB at 13 kB/s)
Progress (4): 319/392 kB | 172/281 kB | 115/539 kB | 24/279 kB
Progress (4): 319/392 kB | 172/281 kB | 115/539 kB | 40/279 kB
Progress (4): 319/392 kB | 172/281 kB | 115/539 kB | 57/279 kB
Progress (4): 335/392 kB | 172/281 kB | 115/539 kB | 57/279 kB
Progress (4): 352/392 kB | 172/281 kB | 115/539 kB | 57/279 kB
Progress (4): 352/392 kB | 172/281 kB | 115/539 kB | 73/279 kB
Progress (4): 352/392 kB | 172/281 kB | 131/539 kB | 73/279 kB
Progress (4): 352/392 kB | 188/281 kB | 131/539 kB | 73/279 kB
Progress (4): 352/392 kB | 188/281 kB | 131/539 kB | 90/279 kB
Progress (4): 352/392 kB | 188/281 kB | 131/539 kB | 106/279 kB
Progress (4): 352/392 kB | 188/281 kB | 131/539 kB | 122/279 kB
Progress (4): 352/392 kB | 188/281 kB | 147/539 kB | 122/279 kB
Progress (4): 352/392 kB | 204/281 kB | 147/539 kB | 122/279 kB
Progress (4): 352/392 kB | 204/281 kB | 147/539 kB | 139/279 kB
Progress (4): 352/392 kB | 204/281 kB | 147/539 kB | 155/279 kB
Progress (4): 352/392 kB | 204/281 kB | 147/539 kB | 172/279 kB
Progress (4): 352/392 kB | 204/281 kB | 164/539 kB | 172/279 kB
Progress (4): 352/392 kB | 221/281 kB | 164/539 kB | 172/279 kB
Progress (4): 352/392 kB | 221/281 kB | 164/539 kB | 188/279 kB
Progress (4): 352/392 kB | 221/281 kB | 164/539 kB | 204/279 kB
Progress (4): 352/392 kB | 221/281 kB | 164/539 kB | 221/279 kB
Progress (4): 352/392 kB | 221/281 kB | 180/539 kB | 221/279 kB
Progress (4): 352/392 kB | 237/281 kB | 180/539 kB | 221/279 kB
Progress (4): 352/392 kB | 237/281 kB | 197/539 kB | 221/279 kB
Progress (4): 352/392 kB | 253/281 kB | 197/539 kB | 221/279 kB
Progress (4): 352/392 kB | 253/281 kB | 213/539 kB | 221/279 kB
Progress (4): 352/392 kB | 270/281 kB | 213/539 kB | 221/279 kB
Progress (4): 352/392 kB | 281 kB | 213/539 kB | 221/279 kB    
                                                           
Downloaded from central: https://repo.maven.apache.org/maven2/org/codehaus/plexus/plexus-utils/1.5.10/plexus-utils-1.5.10.jar (281 kB at 31 kB/s)
Progress (3): 352/392 kB | 213/539 kB | 237/279 kB
Progress (3): 352/392 kB | 213/539 kB | 253/279 kB
Progress (3): 352/392 kB | 213/539 kB | 270/279 kB
Progress (3): 352/392 kB | 213/539 kB | 279 kB    
                                              
Downloaded from central: https://repo.maven.apache.org/maven2/commons-lang/commons-lang/2.5/commons-lang-2.5.jar (279 kB at 30 kB/s)
Progress (2): 368/392 kB | 213/539 kB
Progress (2): 368/392 kB | 229/539 kB
Progress (2): 368/392 kB | 246/539 kB
Progress (2): 368/392 kB | 262/539 kB
Progress (2): 385/392 kB | 262/539 kB
Progress (2): 385/392 kB | 279/539 kB
Progress (2): 385/392 kB | 295/539 kB
Progress (2): 385/392 kB | 311/539 kB
Progress (2): 385/392 kB | 328/539 kB
Progress (2): 385/392 kB | 344/539 kB
Progress (2): 385/392 kB | 360/539 kB
Progress (2): 385/392 kB | 377/539 kB
Progress (2): 392 kB | 377/539 kB    
                                 
Downloaded from central: https://repo.maven.apache.org/maven2/velocity/velocity/1.5/velocity-1.5.jar (392 kB at 39 kB/s)
Progress (1): 393/539 kB
Progress (1): 410/539 kB
Progress (1): 426/539 kB
Progress (1): 442/539 kB
Progress (1): 459/539 kB
Progress (1): 475/539 kB
Progress (1): 492/539 kB
Progress (1): 508/539 kB
Progress (1): 524/539 kB
Progress (1): 539 kB    
                    
Downloaded from central: https://repo.maven.apache.org/maven2/org/mortbay/jetty/jetty/6.1.25/jetty-6.1.25.jar (539 kB at 51 kB/s)
[INFO] 
[INFO] --- moditect:1.0.0.Beta2:add-module-info (add-module-infos) @ jackson-core ---
Downloading from central: https://repo.maven.apache.org/maven2/org/moditect/moditect/1.0.0.Beta2/moditect-1.0.0.Beta2.pom
Progress (1): 1.4 kB
Progress (1): 4.4 kB
                    
Downloaded from central: https://repo.maven.apache.org/maven2/org/moditect/moditect/1.0.0.Beta2/moditect-1.0.0.Beta2.pom (4.4 kB at 7.4 kB/s)
Downloading from central: https://repo.maven.apache.org/maven2/com/github/javaparser/javaparser-core/3.5.0/javaparser-core-3.5.0.pom
Progress (1): 1.2 kB
Progress (1): 4.3 kB
Progress (1): 7.6 kB
                    
Downloaded from central: https://repo.maven.apache.org/maven2/com/github/javaparser/javaparser-core/3.5.0/javaparser-core-3.5.0.pom (7.6 kB at 39 kB/s)
Downloading from central: https://repo.maven.apache.org/maven2/com/github/javaparser/javaparser-parent/3.5.0/javaparser-parent-3.5.0.pom
Progress (1): 1.2 kB
Progress (1): 3.9 kB
Progress (1): 6.4 kB
Progress (1): 9.7 kB
                    
Downloaded from central: https://repo.maven.apache.org/maven2/com/github/javaparser/javaparser-parent/3.5.0/javaparser-parent-3.5.0.pom (9.7 kB at 11 kB/s)
Downloading from central: https://repo.maven.apache.org/maven2/com/beust/jcommander/1.60/jcommander-1.60.pom
Progress (1): 1.2 kB
                    
Downloaded from central: https://repo.maven.apache.org/maven2/com/beust/jcommander/1.60/jcommander-1.60.pom (1.2 kB at 6.3 kB/s)
Downloading from central: https://repo.maven.apache.org/maven2/org/moditect/moditect/1.0.0.Beta2/moditect-1.0.0.Beta2.jar
Progress (1): 7.7/157 kB
Progress (1): 12/157 kB 
Progress (1): 29/157 kB
Progress (1): 45/157 kB
Progress (1): 61/157 kB
Progress (1): 78/157 kB
Progress (1): 94/157 kB
Progress (1): 111/157 kB
Progress (1): 127/157 kB
Progress (1): 143/157 kB
Progress (1): 157 kB    
                    
Downloaded from central: https://repo.maven.apache.org/maven2/org/moditect/moditect/1.0.0.Beta2/moditect-1.0.0.Beta2.jar (157 kB at 144 kB/s)
Downloading from central: https://repo.maven.apache.org/maven2/com/beust/jcommander/1.60/jcommander-1.60.jar
Downloading from central: https://repo.maven.apache.org/maven2/com/github/javaparser/javaparser-core/3.5.0/javaparser-core-3.5.0.jar
Progress (1): 7.7/62 kB
Progress (1): 12/62 kB 
Progress (1): 29/62 kB
Progress (1): 45/62 kB
Progress (1): 61/62 kB
Progress (1): 62 kB   
                   
Downloaded from central: https://repo.maven.apache.org/maven2/com/beust/jcommander/1.60/jcommander-1.60.jar (62 kB at 116 kB/s)
Progress (1): 0/1.1 MB
Progress (1): 0/1.1 MB
Progress (1): 0/1.1 MB
Progress (1): 0/1.1 MB
Progress (1): 0.1/1.1 MB
Progress (1): 0.1/1.1 MB
Progress (1): 0.1/1.1 MB
Progress (1): 0.1/1.1 MB
Progress (1): 0.1/1.1 MB
Progress (1): 0.1/1.1 MB
Progress (1): 0.2/1.1 MB
Progress (1): 0.2/1.1 MB
Progress (1): 0.2/1.1 MB
Progress (1): 0.2/1.1 MB
Progress (1): 0.2/1.1 MB
Progress (1): 0.2/1.1 MB
Progress (1): 0.3/1.1 MB
Progress (1): 0.3/1.1 MB
Progress (1): 0.3/1.1 MB
Progress (1): 0.3/1.1 MB
Progress (1): 0.3/1.1 MB
Progress (1): 0.3/1.1 MB
Progress (1): 0.4/1.1 MB
Progress (1): 0.4/1.1 MB
Progress (1): 0.4/1.1 MB
Progress (1): 0.4/1.1 MB
Progress (1): 0.4/1.1 MB
Progress (1): 0.4/1.1 MB
Progress (1): 0.5/1.1 MB
Progress (1): 0.5/1.1 MB
Progress (1): 0.5/1.1 MB
Progress (1): 0.5/1.1 MB
Progress (1): 0.5/1.1 MB
Progress (1): 0.5/1.1 MB
Progress (1): 0.5/1.1 MB
Progress (1): 0.6/1.1 MB
Progress (1): 0.6/1.1 MB
Progress (1): 0.6/1.1 MB
Progress (1): 0.6/1.1 MB
Progress (1): 0.6/1.1 MB
Progress (1): 0.6/1.1 MB
Progress (1): 0.7/1.1 MB
Progress (1): 0.7/1.1 MB
Progress (1): 0.7/1.1 MB
Progress (1): 0.7/1.1 MB
Progress (1): 0.7/1.1 MB
Progress (1): 0.7/1.1 MB
Progress (1): 0.8/1.1 MB
Progress (1): 0.8/1.1 MB
Progress (1): 0.8/1.1 MB
Progress (1): 0.8/1.1 MB
Progress (1): 0.8/1.1 MB
Progress (1): 0.8/1.1 MB
Progress (1): 0.9/1.1 MB
Progress (1): 0.9/1.1 MB
Progress (1): 0.9/1.1 MB
Progress (1): 0.9/1.1 MB
Progress (1): 0.9/1.1 MB
Progress (1): 0.9/1.1 MB
Progress (1): 1.0/1.1 MB
Progress (1): 1.0/1.1 MB
Progress (1): 1.0/1.1 MB
Progress (1): 1.0/1.1 MB
Progress (1): 1.0/1.1 MB
Progress (1): 1.0/1.1 MB
Progress (1): 1.1/1.1 MB
Progress (1): 1.1 MB    
                    
Downloaded from central: https://repo.maven.apache.org/maven2/com/github/javaparser/javaparser-core/3.5.0/javaparser-core-3.5.0.jar (1.1 MB at 55 kB/s)
[INFO] ------------------------------------------------------------------------
[INFO] BUILD SUCCESS
[INFO] ------------------------------------------------------------------------
[INFO] Total time:  03:47 min
[INFO] Finished at: 2026-08-30T13:32:40+08:00
[INFO] ------------------------------------------------------------------------
