[INFO] Scanning for projects...
[INFO] 
[INFO] --------------< com.fasterxml.jackson.core:jackson-core >---------------
[INFO] Building Jackson-core 2.8.0
[INFO]   from pom.xml
[INFO] -------------------------------[ bundle ]-------------------------------
Downloading from central: https://repo.maven.apache.org/maven2/org/jacoco/jacoco-maven-plugin/0.8.4/jacoco-maven-plugin-0.8.4.pom
Progress (1): 862 B
Progress (1): 2.4 kB
Progress (1): 4.4 kB
                    
Downloaded from central: https://repo.maven.apache.org/maven2/org/jacoco/jacoco-maven-plugin/0.8.4/jacoco-maven-plugin-0.8.4.pom (4.4 kB at 5.1 kB/s)
Downloading from central: https://repo.maven.apache.org/maven2/org/jacoco/org.jacoco.build/0.8.4/org.jacoco.build-0.8.4.pom
Progress (1): 760 B
Progress (1): 2.1 kB
Progress (1): 4.2 kB
Progress (1): 7.5 kB
Progress (1): 11 kB 
Progress (1): 15 kB
Progress (1): 18 kB
Progress (1): 20 kB
Progress (1): 23 kB
Progress (1): 25 kB
Progress (1): 27 kB
Progress (1): 33 kB
Progress (1): 39 kB
                   
Downloaded from central: https://repo.maven.apache.org/maven2/org/jacoco/org.jacoco.build/0.8.4/org.jacoco.build-0.8.4.pom (39 kB at 165 kB/s)
Downloading from central: https://repo.maven.apache.org/maven2/org/jacoco/jacoco-maven-plugin/0.8.4/jacoco-maven-plugin-0.8.4.jar
Progress (1): 0.9/53 kB
Progress (1): 2.3/53 kB
Progress (1): 3.6/53 kB
Progress (1): 5.0/53 kB
Progress (1): 6.4/53 kB
Progress (1): 7.7/53 kB
Progress (1): 9.1/53 kB
Progress (1): 10/53 kB 
Progress (1): 12/53 kB
Progress (1): 13/53 kB
Progress (1): 15/53 kB
Progress (1): 16/53 kB
Progress (1): 17/53 kB
Progress (1): 19/53 kB
Progress (1): 20/53 kB
Progress (1): 21/53 kB
Progress (1): 23/53 kB
Progress (1): 24/53 kB
Progress (1): 26/53 kB
Progress (1): 27/53 kB
Progress (1): 28/53 kB
Progress (1): 30/53 kB
Progress (1): 31/53 kB
Progress (1): 32/53 kB
Progress (1): 34/53 kB
Progress (1): 35/53 kB
Progress (1): 36/53 kB
Progress (1): 38/53 kB
Progress (1): 39/53 kB
Progress (1): 41/53 kB
Progress (1): 42/53 kB
Progress (1): 43/53 kB
Progress (1): 48/53 kB
Progress (1): 52/53 kB
Progress (1): 53 kB   
                   
Downloaded from central: https://repo.maven.apache.org/maven2/org/jacoco/jacoco-maven-plugin/0.8.4/jacoco-maven-plugin-0.8.4.jar (53 kB at 116 kB/s)
Downloading from central: https://repo.maven.apache.org/maven2/org/apache/maven/plugins/maven-site-plugin/3.1/maven-site-plugin-3.1.pom
Progress (1): 991 B
Progress (1): 3.9 kB
Progress (1): 6.7 kB
Progress (1): 11 kB 
Progress (1): 17 kB
Progress (1): 18 kB
                   
Downloaded from central: https://repo.maven.apache.org/maven2/org/apache/maven/plugins/maven-site-plugin/3.1/maven-site-plugin-3.1.pom (18 kB at 78 kB/s)
Downloading from central: https://repo.maven.apache.org/maven2/org/apache/maven/plugins/maven-plugins/22/maven-plugins-22.pom
Progress (1): 748 B
Progress (1): 2.2 kB
Progress (1): 6.3 kB
Progress (1): 8.6 kB
Progress (1): 11 kB 
Progress (1): 13 kB
                   
Downloaded from central: https://repo.maven.apache.org/maven2/org/apache/maven/plugins/maven-plugins/22/maven-plugins-22.pom (13 kB at 9.6 kB/s)
Downloading from central: https://repo.maven.apache.org/maven2/org/apache/maven/maven-parent/21/maven-parent-21.pom
Progress (1): 810 B
Progress (1): 2.1 kB
Progress (1): 5.8 kB
Progress (1): 10 kB 
Progress (1): 15 kB
Progress (1): 17 kB
Progress (1): 20 kB
Progress (1): 20 kB
Progress (1): 25 kB
Progress (1): 26 kB
                   
Downloaded from central: https://repo.maven.apache.org/maven2/org/apache/maven/maven-parent/21/maven-parent-21.pom (26 kB at 62 kB/s)
Downloading from central: https://repo.maven.apache.org/maven2/org/apache/apache/10/apache-10.pom
Progress (1): 753 B
Progress (1): 2.1 kB
Progress (1): 4.1 kB
Progress (1): 8.9 kB
Progress (1): 12 kB 
Progress (1): 15 kB
                   
Downloaded from central: https://repo.maven.apache.org/maven2/org/apache/apache/10/apache-10.pom (15 kB at 57 kB/s)
Downloading from central: https://repo.maven.apache.org/maven2/org/apache/maven/plugins/maven-site-plugin/3.1/maven-site-plugin-3.1.jar
Progress (1): 3.8/120 kB
Progress (1): 8.0/120 kB
Progress (1): 12/120 kB 
Progress (1): 16/120 kB
Progress (1): 21/120 kB
Progress (1): 24/120 kB
Progress (1): 28/120 kB
Progress (1): 33/120 kB
Progress (1): 37/120 kB
Progress (1): 41/120 kB
Progress (1): 45/120 kB
Progress (1): 49/120 kB
Progress (1): 54/120 kB
Progress (1): 57/120 kB
Progress (1): 61/120 kB
Progress (1): 65/120 kB
Progress (1): 70/120 kB
Progress (1): 74/120 kB
Progress (1): 78/120 kB
Progress (1): 82/120 kB
Progress (1): 86/120 kB
Progress (1): 91/120 kB
Progress (1): 95/120 kB
Progress (1): 99/120 kB
Progress (1): 103/120 kB
Progress (1): 108/120 kB
Progress (1): 112/120 kB
Progress (1): 116/120 kB
Progress (1): 120 kB    
                    
Downloaded from central: https://repo.maven.apache.org/maven2/org/apache/maven/plugins/maven-site-plugin/3.1/maven-site-plugin-3.1.jar (120 kB at 241 kB/s)
Downloading from central: https://repo.maven.apache.org/maven2/org/apache/maven/plugins/maven-enforcer-plugin/3.0.0-M1/maven-enforcer-plugin-3.0.0-M1.pom
Progress (1): 826 B
Progress (1): 3.4 kB
Progress (1): 5.3 kB
Progress (1): 7.2 kB
                    
Downloaded from central: https://repo.maven.apache.org/maven2/org/apache/maven/plugins/maven-enforcer-plugin/3.0.0-M1/maven-enforcer-plugin-3.0.0-M1.pom (7.2 kB at 32 kB/s)
Downloading from central: https://repo.maven.apache.org/maven2/org/apache/maven/enforcer/enforcer/3.0.0-M1/enforcer-3.0.0-M1.pom
Progress (1): 812 B
Progress (1): 2.4 kB
Progress (1): 6.0 kB
Progress (1): 8.3 kB
                    
Downloaded from central: https://repo.maven.apache.org/maven2/org/apache/maven/enforcer/enforcer/3.0.0-M1/enforcer-3.0.0-M1.pom (8.3 kB at 36 kB/s)
Downloading from central: https://repo.maven.apache.org/maven2/org/apache/maven/plugins/maven-enforcer-plugin/3.0.0-M1/maven-enforcer-plugin-3.0.0-M1.jar
Progress (1): 7.7/26 kB
Progress (1): 16/26 kB 
Progress (1): 26 kB   
                   
Downloaded from central: https://repo.maven.apache.org/maven2/org/apache/maven/plugins/maven-enforcer-plugin/3.0.0-M1/maven-enforcer-plugin-3.0.0-M1.jar (26 kB at 42 kB/s)
Downloading from central: https://repo.maven.apache.org/maven2/org/codehaus/mojo/build-helper-maven-plugin/1.7/build-helper-maven-plugin-1.7.pom
Progress (1): 1.0 kB
Progress (1): 3.6 kB
Progress (1): 5.4 kB
                    
Downloaded from central: https://repo.maven.apache.org/maven2/org/codehaus/mojo/build-helper-maven-plugin/1.7/build-helper-maven-plugin-1.7.pom (5.4 kB at 25 kB/s)
Downloading from central: https://repo.maven.apache.org/maven2/org/codehaus/mojo/mojo-parent/28/mojo-parent-28.pom
Progress (1): 738 B
Progress (1): 2.7 kB
Progress (1): 4.6 kB
Progress (1): 8.8 kB
Progress (1): 12 kB 
Progress (1): 15 kB
Progress (1): 19 kB
Progress (1): 24 kB
Progress (1): 26 kB
                   
Downloaded from central: https://repo.maven.apache.org/maven2/org/codehaus/mojo/mojo-parent/28/mojo-parent-28.pom (26 kB at 51 kB/s)
Downloading from central: https://repo.maven.apache.org/maven2/org/codehaus/codehaus-parent/3/codehaus-parent-3.pom
Progress (1): 1.1 kB
Progress (1): 2.9 kB
Progress (1): 4.1 kB
                    
Downloaded from central: https://repo.maven.apache.org/maven2/org/codehaus/codehaus-parent/3/codehaus-parent-3.pom (4.1 kB at 17 kB/s)
Downloading from central: https://repo.maven.apache.org/maven2/org/codehaus/mojo/build-helper-maven-plugin/1.7/build-helper-maven-plugin-1.7.jar
Progress (1): 7.7/33 kB
Progress (1): 7.7/33 kB
Progress (1): 24/33 kB 
Progress (1): 33 kB   
                   
Downloaded from central: https://repo.maven.apache.org/maven2/org/codehaus/mojo/build-helper-maven-plugin/1.7/build-helper-maven-plugin-1.7.jar (33 kB at 50 kB/s)
Downloading from central: https://repo.maven.apache.org/maven2/com/google/code/maven-replacer-plugin/replacer/1.5.3/replacer-1.5.3.pom
Progress (1): 1.2 kB
Progress (1): 2.1 kB
Progress (1): 4.0 kB
Progress (1): 5.8 kB
                    
Downloaded from central: https://repo.maven.apache.org/maven2/com/google/code/maven-replacer-plugin/replacer/1.5.3/replacer-1.5.3.pom (5.8 kB at 24 kB/s)
Downloading from central: https://repo.maven.apache.org/maven2/com/google/code/maven-replacer-plugin/replacer/1.5.3/replacer-1.5.3.jar
Progress (1): 7.7/40 kB
Progress (1): 16/40 kB 
Progress (1): 32/40 kB
Progress (1): 40 kB   
                   
Downloaded from central: https://repo.maven.apache.org/maven2/com/google/code/maven-replacer-plugin/replacer/1.5.3/replacer-1.5.3.jar (40 kB at 57 kB/s)
Downloading from central: https://repo.maven.apache.org/maven2/org/apache/maven/plugins/maven-resources-plugin/2.7/maven-resources-plugin-2.7.pom
Progress (1): 772 B
Progress (1): 2.1 kB
Progress (1): 5.5 kB
Progress (1): 7.7 kB
                    
Downloaded from central: https://repo.maven.apache.org/maven2/org/apache/maven/plugins/maven-resources-plugin/2.7/maven-resources-plugin-2.7.pom (7.7 kB at 33 kB/s)
Downloading from central: https://repo.maven.apache.org/maven2/org/apache/maven/plugins/maven-plugins/25/maven-plugins-25.pom
Progress (1): 753 B
Progress (1): 2.2 kB
Progress (1): 4.1 kB
Progress (1): 6.6 kB
Progress (1): 9.6 kB
                    
Downloaded from central: https://repo.maven.apache.org/maven2/org/apache/maven/plugins/maven-plugins/25/maven-plugins-25.pom (9.6 kB at 39 kB/s)
Downloading from central: https://repo.maven.apache.org/maven2/org/apache/maven/plugins/maven-resources-plugin/2.7/maven-resources-plugin-2.7.jar
Progress (1): 7.7/31 kB
Progress (1): 16/31 kB 
Progress (1): 24/31 kB
Progress (1): 31 kB   
                   
Downloaded from central: https://repo.maven.apache.org/maven2/org/apache/maven/plugins/maven-resources-plugin/2.7/maven-resources-plugin-2.7.jar (31 kB at 38 kB/s)
Downloading from central: https://repo.maven.apache.org/maven2/org/apache/maven/plugins/maven-compiler-plugin/3.8.0/maven-compiler-plugin-3.8.0.pom
Progress (1): 756 B
Progress (1): 2.2 kB
Progress (1): 4.3 kB
Progress (1): 8.1 kB
Progress (1): 10 kB 
Progress (1): 12 kB
                   
Downloaded from central: https://repo.maven.apache.org/maven2/org/apache/maven/plugins/maven-compiler-plugin/3.8.0/maven-compiler-plugin-3.8.0.pom (12 kB at 36 kB/s)
Downloading from central: https://repo.maven.apache.org/maven2/org/apache/maven/plugins/maven-plugins/32/maven-plugins-32.pom
Progress (1): 756 B
Progress (1): 2.3 kB
Progress (1): 4.7 kB
Progress (1): 7.6 kB
Progress (1): 10.0 kB
Progress (1): 11 kB  
                   
Downloaded from central: https://repo.maven.apache.org/maven2/org/apache/maven/plugins/maven-plugins/32/maven-plugins-32.pom (11 kB at 45 kB/s)
Downloading from central: https://repo.maven.apache.org/maven2/org/apache/maven/maven-parent/32/maven-parent-32.pom
Progress (1): 717 B
Progress (1): 1.9 kB
Progress (1): 5.4 kB
Progress (1): 9.9 kB
Progress (1): 14 kB 
Progress (1): 19 kB
Progress (1): 24 kB
Progress (1): 25 kB
Progress (1): 27 kB
Progress (1): 30 kB
Progress (1): 34 kB
Progress (1): 37 kB
Progress (1): 41 kB
Progress (1): 43 kB
                   
Downloaded from central: https://repo.maven.apache.org/maven2/org/apache/maven/maven-parent/32/maven-parent-32.pom (43 kB at 80 kB/s)
Downloading from central: https://repo.maven.apache.org/maven2/org/apache/apache/20/apache-20.pom
Progress (1): 754 B
Progress (1): 2.1 kB
Progress (1): 3.9 kB
Progress (1): 8.3 kB
Progress (1): 13 kB 
Progress (1): 16 kB
                   
Downloaded from central: https://repo.maven.apache.org/maven2/org/apache/apache/20/apache-20.pom (16 kB at 53 kB/s)
Downloading from central: https://repo.maven.apache.org/maven2/org/apache/maven/plugins/maven-compiler-plugin/3.8.0/maven-compiler-plugin-3.8.0.jar
Progress (1): 3.2/62 kB
Progress (1): 20/62 kB 
Progress (1): 36/62 kB
Progress (1): 52/62 kB
Progress (1): 61/62 kB
Progress (1): 62 kB   
                   
Downloaded from central: https://repo.maven.apache.org/maven2/org/apache/maven/plugins/maven-compiler-plugin/3.8.0/maven-compiler-plugin-3.8.0.jar (62 kB at 50 kB/s)
Downloading from central: https://repo.maven.apache.org/maven2/org/apache/maven/plugins/maven-surefire-plugin/2.22.2/maven-surefire-plugin-2.22.2.pom
Progress (1): 822 B
Progress (1): 2.8 kB
Progress (1): 5.0 kB
                    
Downloaded from central: https://repo.maven.apache.org/maven2/org/apache/maven/plugins/maven-surefire-plugin/2.22.2/maven-surefire-plugin-2.22.2.pom (5.0 kB at 20 kB/s)
Downloading from central: https://repo.maven.apache.org/maven2/org/apache/maven/surefire/surefire/2.22.2/surefire-2.22.2.pom
Progress (1): 840 B
Progress (1): 2.5 kB
Progress (1): 4.0 kB
Progress (1): 7.7 kB
Progress (1): 12 kB 
Progress (1): 15 kB
Progress (1): 16 kB
Progress (1): 19 kB
Progress (1): 22 kB
Progress (1): 25 kB
Progress (1): 26 kB
                   
Downloaded from central: https://repo.maven.apache.org/maven2/org/apache/maven/surefire/surefire/2.22.2/surefire-2.22.2.pom (26 kB at 45 kB/s)
Downloading from central: https://repo.maven.apache.org/maven2/org/apache/maven/plugins/maven-surefire-plugin/2.22.2/maven-surefire-plugin-2.22.2.jar
Progress (1): 7.7/41 kB
Progress (1): 16/41 kB 
Progress (1): 24/41 kB
Progress (1): 40/41 kB
Progress (1): 41 kB   
                   
Downloaded from central: https://repo.maven.apache.org/maven2/org/apache/maven/plugins/maven-surefire-plugin/2.22.2/maven-surefire-plugin-2.22.2.jar (41 kB at 26 kB/s)
Downloading from central: https://repo.maven.apache.org/maven2/org/moditect/moditect-maven-plugin/1.0.0.Beta2/moditect-maven-plugin-1.0.0.Beta2.pom
Progress (1): 878 B
Progress (1): 3.2 kB
Progress (1): 4.1 kB
                    
Downloaded from central: https://repo.maven.apache.org/maven2/org/moditect/moditect-maven-plugin/1.0.0.Beta2/moditect-maven-plugin-1.0.0.Beta2.pom (4.1 kB at 18 kB/s)
Downloading from central: https://repo.maven.apache.org/maven2/org/moditect/moditect-parent/1.0.0.Beta2/moditect-parent-1.0.0.Beta2.pom
Progress (1): 765 B
Progress (1): 2.5 kB
Progress (1): 7.5 kB
Progress (1): 10 kB 
                   
Downloaded from central: https://repo.maven.apache.org/maven2/org/moditect/moditect-parent/1.0.0.Beta2/moditect-parent-1.0.0.Beta2.pom (10 kB at 42 kB/s)
Downloading from central: https://repo.maven.apache.org/maven2/org/moditect/moditect-maven-plugin/1.0.0.Beta2/moditect-maven-plugin-1.0.0.Beta2.jar
Progress (1): 7.7/42 kB
Progress (1): 16/42 kB 
Progress (1): 24/42 kB
Progress (1): 40/42 kB
Progress (1): 42 kB   
                   
Downloaded from central: https://repo.maven.apache.org/maven2/org/moditect/moditect-maven-plugin/1.0.0.Beta2/moditect-maven-plugin-1.0.0.Beta2.jar (42 kB at 58 kB/s)
[INFO] 
[INFO] --- enforcer:3.0.0-M1:enforce (enforce-java) @ jackson-core ---
Downloading from central: https://repo.maven.apache.org/maven2/org/codehaus/plexus/plexus-utils/3.0.24/plexus-utils-3.0.24.pom
Progress (1): 810 B
Progress (1): 2.4 kB
Progress (1): 4.1 kB
                    
Downloaded from central: https://repo.maven.apache.org/maven2/org/codehaus/plexus/plexus-utils/3.0.24/plexus-utils-3.0.24.pom (4.1 kB at 18 kB/s)
Downloading from central: https://repo.maven.apache.org/maven2/org/apache/maven/enforcer/enforcer-api/3.0.0-M1/enforcer-api-3.0.0-M1.pom
Progress (1): 857 B
Progress (1): 2.5 kB
Progress (1): 2.9 kB
                    
Downloaded from central: https://repo.maven.apache.org/maven2/org/apache/maven/enforcer/enforcer-api/3.0.0-M1/enforcer-api-3.0.0-M1.pom (2.9 kB at 6.1 kB/s)
Downloading from central: https://repo.maven.apache.org/maven2/junit/junit/4.11/junit-4.11.pom
Progress (1): 1.2 kB
Progress (1): 2.3 kB
                    
Downloaded from central: https://repo.maven.apache.org/maven2/junit/junit/4.11/junit-4.11.pom (2.3 kB at 11 kB/s)
Downloading from central: https://repo.maven.apache.org/maven2/org/apache/maven/enforcer/enforcer-rules/3.0.0-M1/enforcer-rules-3.0.0-M1.pom
Progress (1): 853 B
Progress (1): 3.7 kB
Progress (1): 3.9 kB
                    
Downloaded from central: https://repo.maven.apache.org/maven2/org/apache/maven/enforcer/enforcer-rules/3.0.0-M1/enforcer-rules-3.0.0-M1.pom (3.9 kB at 18 kB/s)
Downloading from central: https://repo.maven.apache.org/maven2/org/apache/maven/shared/maven-common-artifact-filters/3.0.1/maven-common-artifact-filters-3.0.1.pom
Progress (1): 807 B
Progress (1): 2.3 kB
Progress (1): 4.8 kB
                    
Downloaded from central: https://repo.maven.apache.org/maven2/org/apache/maven/shared/maven-common-artifact-filters/3.0.1/maven-common-artifact-filters-3.0.1.pom (4.8 kB at 21 kB/s)
Downloading from central: https://repo.maven.apache.org/maven2/org/apache/maven/shared/maven-shared-utils/3.1.0/maven-shared-utils-3.1.0.pom
Progress (1): 802 B
Progress (1): 2.3 kB
Progress (1): 4.5 kB
Progress (1): 5.0 kB
                    
Downloaded from central: https://repo.maven.apache.org/maven2/org/apache/maven/shared/maven-shared-utils/3.1.0/maven-shared-utils-3.1.0.pom (5.0 kB at 20 kB/s)
Downloading from central: https://repo.maven.apache.org/maven2/org/apache/commons/commons-lang3/3.5/commons-lang3-3.5.pom
Progress (1): 752 B
Progress (1): 2.1 kB
Progress (1): 5.4 kB
Progress (1): 9.0 kB
Progress (1): 12 kB 
Progress (1): 14 kB
Progress (1): 16 kB
Progress (1): 19 kB
Progress (1): 22 kB
Progress (1): 23 kB
                   
Downloaded from central: https://repo.maven.apache.org/maven2/org/apache/commons/commons-lang3/3.5/commons-lang3-3.5.pom (23 kB at 90 kB/s)
Downloading from central: https://repo.maven.apache.org/maven2/org/apache/commons/commons-parent/41/commons-parent-41.pom
Progress (1): 705 B
Progress (1): 1.9 kB
Progress (1): 3.2 kB
Progress (1): 4.5 kB
Progress (1): 6.0 kB
Progress (1): 9.4 kB
Progress (1): 12 kB 
Progress (1): 14 kB
Progress (1): 18 kB
Progress (1): 21 kB
Progress (1): 23 kB
Progress (1): 26 kB
Progress (1): 29 kB
Progress (1): 32 kB
Progress (1): 34 kB
Progress (1): 35 kB
Progress (1): 37 kB
Progress (1): 42 kB
Progress (1): 46 kB
Progress (1): 51 kB
Progress (1): 54 kB
Progress (1): 56 kB
Progress (1): 58 kB
Progress (1): 59 kB
Progress (1): 62 kB
Progress (1): 63 kB
Progress (1): 65 kB
                   
Downloaded from central: https://repo.maven.apache.org/maven2/org/apache/commons/commons-parent/41/commons-parent-41.pom (65 kB at 87 kB/s)
Downloading from central: https://repo.maven.apache.org/maven2/commons-codec/commons-codec/1.6/commons-codec-1.6.pom
Progress (1): 752 B
Progress (1): 2.1 kB
Progress (1): 4.4 kB
Progress (1): 6.6 kB
Progress (1): 9.2 kB
Progress (1): 11 kB 
                   
Downloaded from central: https://repo.maven.apache.org/maven2/commons-codec/commons-codec/1.6/commons-codec-1.6.pom (11 kB at 20 kB/s)
Downloading from central: https://repo.maven.apache.org/maven2/org/apache/commons/commons-parent/22/commons-parent-22.pom
Progress (1): 724 B
Progress (1): 1.9 kB
Progress (1): 3.4 kB
Progress (1): 7.0 kB
Progress (1): 9.8 kB
Progress (1): 14 kB 
Progress (1): 17 kB
Progress (1): 19 kB
Progress (1): 23 kB
Progress (1): 30 kB
Progress (1): 33 kB
Progress (1): 36 kB
Progress (1): 38 kB
Progress (1): 41 kB
Progress (1): 42 kB
                   
Downloaded from central: https://repo.maven.apache.org/maven2/org/apache/commons/commons-parent/22/commons-parent-22.pom (42 kB at 53 kB/s)
Downloading from central: https://repo.maven.apache.org/maven2/org/beanshell/bsh/2.0b4/bsh-2.0b4.pom
Progress (1): 1.2 kB
                    
Downloaded from central: https://repo.maven.apache.org/maven2/org/beanshell/bsh/2.0b4/bsh-2.0b4.pom (1.2 kB at 4.2 kB/s)
Downloading from central: https://repo.maven.apache.org/maven2/org/beanshell/beanshell/2.0b4/beanshell-2.0b4.pom
Progress (1): 1.4 kB
                    
Downloaded from central: https://repo.maven.apache.org/maven2/org/beanshell/beanshell/2.0b4/beanshell-2.0b4.pom (1.4 kB at 3.3 kB/s)
Downloading from central: https://repo.maven.apache.org/maven2/org/apache/maven/shared/maven-dependency-tree/2.2/maven-dependency-tree-2.2.pom
Progress (1): 810 B
Progress (1): 2.3 kB
Progress (1): 4.7 kB
Progress (1): 7.3 kB
                    
Downloaded from central: https://repo.maven.apache.org/maven2/org/apache/maven/shared/maven-dependency-tree/2.2/maven-dependency-tree-2.2.pom (7.3 kB at 21 kB/s)
Downloading from central: https://repo.maven.apache.org/maven2/org/apache/maven/maven-compat/3.0/maven-compat-3.0.pom
Progress (1): 835 B
Progress (1): 3.7 kB
Progress (1): 4.0 kB
                    
Downloaded from central: https://repo.maven.apache.org/maven2/org/apache/maven/maven-compat/3.0/maven-compat-3.0.pom (4.0 kB at 12 kB/s)
Downloading from central: https://repo.maven.apache.org/maven2/org/codehaus/plexus/plexus-utils/3.0.24/plexus-utils-3.0.24.jar
Progress (1): 3.2/247 kB
Progress (1): 20/247 kB 
Progress (1): 36/247 kB
Progress (1): 52/247 kB
Progress (1): 69/247 kB
Progress (1): 85/247 kB
Progress (1): 101/247 kB
Progress (1): 118/247 kB
Progress (1): 134/247 kB
Progress (1): 151/247 kB
Progress (1): 167/247 kB
Progress (1): 183/247 kB
Progress (1): 200/247 kB
Progress (1): 216/247 kB
Progress (1): 233/247 kB
Progress (1): 247 kB    
                    
Downloaded from central: https://repo.maven.apache.org/maven2/org/codehaus/plexus/plexus-utils/3.0.24/plexus-utils-3.0.24.jar (247 kB at 27 kB/s)
Downloading from central: https://repo.maven.apache.org/maven2/org/apache/maven/enforcer/enforcer-api/3.0.0-M1/enforcer-api-3.0.0-M1.jar
Downloading from central: https://repo.maven.apache.org/maven2/junit/junit/4.11/junit-4.11.jar
Downloading from central: https://repo.maven.apache.org/maven2/org/apache/maven/enforcer/enforcer-rules/3.0.0-M1/enforcer-rules-3.0.0-M1.jar
Downloading from central: https://repo.maven.apache.org/maven2/org/apache/maven/shared/maven-common-artifact-filters/3.0.1/maven-common-artifact-filters-3.0.1.jar
Downloading from central: https://repo.maven.apache.org/maven2/org/apache/maven/shared/maven-shared-utils/3.1.0/maven-shared-utils-3.1.0.jar
Progress (1): 7.7/12 kB
Progress (1): 7.7/12 kB
Progress (1): 12 kB    
                   
Downloaded from central: https://repo.maven.apache.org/maven2/org/apache/maven/enforcer/enforcer-api/3.0.0-M1/enforcer-api-3.0.0-M1.jar (12 kB at 29 kB/s)
Downloading from central: https://repo.maven.apache.org/maven2/org/apache/commons/commons-lang3/3.5/commons-lang3-3.5.jar
Progress (1): 0.9/61 kB
Progress (1): 2.3/61 kB
Progress (1): 3.6/61 kB
Progress (1): 5.0/61 kB
Progress (1): 6.4/61 kB
Progress (1): 7.7/61 kB
Progress (1): 9.1/61 kB
Progress (1): 10/61 kB 
Progress (1): 12/61 kB
Progress (1): 13/61 kB
Progress (1): 15/61 kB
Progress (1): 16/61 kB
Progress (1): 17/61 kB
Progress (1): 19/61 kB
Progress (1): 20/61 kB
Progress (1): 21/61 kB
Progress (1): 23/61 kB
Progress (1): 24/61 kB
Progress (1): 25/61 kB
Progress (1): 27/61 kB
Progress (1): 28/61 kB
Progress (1): 30/61 kB
Progress (1): 31/61 kB
Progress (1): 32/61 kB
Progress (1): 34/61 kB
Progress (2): 34/61 kB | 0.9/245 kB
Progress (2): 35/61 kB | 0.9/245 kB
Progress (2): 35/61 kB | 2.3/245 kB
Progress (2): 36/61 kB | 2.3/245 kB
Progress (2): 36/61 kB | 3.6/245 kB
Progress (2): 38/61 kB | 3.6/245 kB
Progress (2): 38/61 kB | 5.0/245 kB
Progress (2): 38/61 kB | 6.4/245 kB
Progress (2): 38/61 kB | 7.7/245 kB
Progress (2): 38/61 kB | 9.1/245 kB
Progress (2): 38/61 kB | 10/245 kB 
Progress (2): 38/61 kB | 12/245 kB
Progress (2): 39/61 kB | 12/245 kB
Progress (2): 41/61 kB | 12/245 kB
Progress (2): 41/61 kB | 13/245 kB
Progress (2): 41/61 kB | 15/245 kB
Progress (2): 42/61 kB | 15/245 kB
Progress (2): 43/61 kB | 15/245 kB
Progress (2): 43/61 kB | 16/245 kB
Progress (2): 43/61 kB | 17/245 kB
Progress (2): 45/61 kB | 17/245 kB
Progress (2): 46/61 kB | 17/245 kB
Progress (2): 46/61 kB | 19/245 kB
Progress (2): 46/61 kB | 20/245 kB
Progress (2): 47/61 kB | 20/245 kB
Progress (2): 49/61 kB | 20/245 kB
Progress (2): 49/61 kB | 21/245 kB
Progress (2): 49/61 kB | 23/245 kB
Progress (2): 50/61 kB | 23/245 kB
Progress (2): 51/61 kB | 23/245 kB
Progress (2): 51/61 kB | 24/245 kB
Progress (2): 51/61 kB | 26/245 kB
Progress (2): 53/61 kB | 26/245 kB
Progress (2): 54/61 kB | 26/245 kB
Progress (2): 54/61 kB | 27/245 kB
Progress (2): 54/61 kB | 28/245 kB
Progress (2): 56/61 kB | 28/245 kB
Progress (2): 56/61 kB | 30/245 kB
Progress (2): 56/61 kB | 31/245 kB
Progress (2): 60/61 kB | 31/245 kB
Progress (2): 60/61 kB | 32/245 kB
Progress (2): 60/61 kB | 34/245 kB
Progress (2): 61 kB | 34/245 kB   
Progress (3): 61 kB | 34/245 kB | 0.9/105 kB
                                            
Downloaded from central: https://repo.maven.apache.org/maven2/org/apache/maven/shared/maven-common-artifact-filters/3.0.1/maven-common-artifact-filters-3.0.1.jar (61 kB at 99 kB/s)
Downloading from central: https://repo.maven.apache.org/maven2/commons-codec/commons-codec/1.6/commons-codec-1.6.jar
Progress (2): 34/245 kB | 2.3/105 kB
Progress (2): 35/245 kB | 2.3/105 kB
Progress (2): 35/245 kB | 3.6/105 kB
Progress (2): 36/245 kB | 3.6/105 kB
Progress (2): 36/245 kB | 5.0/105 kB
Progress (2): 38/245 kB | 5.0/105 kB
Progress (2): 39/245 kB | 5.0/105 kB
Progress (2): 41/245 kB | 5.0/105 kB
Progress (2): 42/245 kB | 5.0/105 kB
Progress (2): 43/245 kB | 5.0/105 kB
Progress (2): 45/245 kB | 5.0/105 kB
Progress (2): 46/245 kB | 5.0/105 kB
Progress (2): 47/245 kB | 5.0/105 kB
Progress (2): 49/245 kB | 5.0/105 kB
Progress (2): 50/245 kB | 5.0/105 kB
Progress (2): 52/245 kB | 5.0/105 kB
Progress (2): 53/245 kB | 5.0/105 kB
Progress (2): 54/245 kB | 5.0/105 kB
Progress (2): 56/245 kB | 5.0/105 kB
Progress (3): 56/245 kB | 5.0/105 kB | 0.9/164 kB
Progress (3): 56/245 kB | 6.4/105 kB | 0.9/164 kB
Progress (3): 56/245 kB | 7.7/105 kB | 0.9/164 kB
Progress (3): 56/245 kB | 9.1/105 kB | 0.9/164 kB
Progress (3): 56/245 kB | 10/105 kB | 0.9/164 kB 
Progress (3): 56/245 kB | 12/105 kB | 0.9/164 kB
Progress (3): 56/245 kB | 13/105 kB | 0.9/164 kB
Progress (3): 56/245 kB | 15/105 kB | 0.9/164 kB
Progress (3): 56/245 kB | 16/105 kB | 0.9/164 kB
Progress (3): 56/245 kB | 17/105 kB | 0.9/164 kB
Progress (3): 56/245 kB | 19/105 kB | 0.9/164 kB
Progress (3): 56/245 kB | 20/105 kB | 0.9/164 kB
Progress (3): 56/245 kB | 21/105 kB | 0.9/164 kB
Progress (3): 56/245 kB | 23/105 kB | 0.9/164 kB
Progress (3): 56/245 kB | 24/105 kB | 0.9/164 kB
Progress (3): 56/245 kB | 26/105 kB | 0.9/164 kB
Progress (3): 56/245 kB | 27/105 kB | 0.9/164 kB
Progress (3): 56/245 kB | 28/105 kB | 0.9/164 kB
Progress (3): 56/245 kB | 30/105 kB | 0.9/164 kB
Progress (4): 56/245 kB | 30/105 kB | 0.9/164 kB | 3.8/233 kB
Progress (4): 56/245 kB | 31/105 kB | 0.9/164 kB | 3.8/233 kB
Progress (4): 56/245 kB | 32/105 kB | 0.9/164 kB | 3.8/233 kB
Progress (4): 56/245 kB | 32/105 kB | 0.9/164 kB | 8.0/233 kB
Progress (4): 56/245 kB | 34/105 kB | 0.9/164 kB | 8.0/233 kB
Progress (4): 56/245 kB | 35/105 kB | 0.9/164 kB | 8.0/233 kB
Progress (4): 56/245 kB | 36/105 kB | 0.9/164 kB | 8.0/233 kB
Progress (4): 56/245 kB | 38/105 kB | 0.9/164 kB | 8.0/233 kB
Progress (4): 56/245 kB | 39/105 kB | 0.9/164 kB | 8.0/233 kB
Progress (4): 56/245 kB | 41/105 kB | 0.9/164 kB | 8.0/233 kB
Progress (4): 56/245 kB | 42/105 kB | 0.9/164 kB | 8.0/233 kB
Progress (4): 56/245 kB | 43/105 kB | 0.9/164 kB | 8.0/233 kB
Progress (4): 56/245 kB | 45/105 kB | 0.9/164 kB | 8.0/233 kB
Progress (4): 56/245 kB | 46/105 kB | 0.9/164 kB | 8.0/233 kB
Progress (4): 56/245 kB | 47/105 kB | 0.9/164 kB | 8.0/233 kB
Progress (4): 56/245 kB | 49/105 kB | 0.9/164 kB | 8.0/233 kB
Progress (4): 56/245 kB | 50/105 kB | 0.9/164 kB | 8.0/233 kB
Progress (4): 56/245 kB | 50/105 kB | 0.9/164 kB | 12/233 kB 
Progress (4): 56/245 kB | 52/105 kB | 0.9/164 kB | 12/233 kB
Progress (4): 56/245 kB | 53/105 kB | 0.9/164 kB | 12/233 kB
Progress (4): 56/245 kB | 54/105 kB | 0.9/164 kB | 12/233 kB
Progress (4): 56/245 kB | 56/105 kB | 0.9/164 kB | 12/233 kB
Progress (4): 56/245 kB | 57/105 kB | 0.9/164 kB | 12/233 kB
Progress (4): 56/245 kB | 57/105 kB | 0.9/164 kB | 16/233 kB
Progress (4): 56/245 kB | 61/105 kB | 0.9/164 kB | 16/233 kB
Progress (4): 56/245 kB | 65/105 kB | 0.9/164 kB | 16/233 kB
Progress (4): 56/245 kB | 70/105 kB | 0.9/164 kB | 16/233 kB
Progress (4): 56/245 kB | 74/105 kB | 0.9/164 kB | 16/233 kB
Progress (4): 56/245 kB | 78/105 kB | 0.9/164 kB | 16/233 kB
Progress (4): 56/245 kB | 78/105 kB | 2.3/164 kB | 16/233 kB
Progress (4): 56/245 kB | 78/105 kB | 3.6/164 kB | 16/233 kB
Progress (4): 56/245 kB | 78/105 kB | 5.0/164 kB | 16/233 kB
Progress (4): 56/245 kB | 78/105 kB | 6.4/164 kB | 16/233 kB
Progress (4): 56/245 kB | 78/105 kB | 7.7/164 kB | 16/233 kB
Progress (4): 56/245 kB | 78/105 kB | 9.1/164 kB | 16/233 kB
Progress (4): 56/245 kB | 78/105 kB | 10/164 kB | 16/233 kB 
Progress (4): 56/245 kB | 78/105 kB | 12/164 kB | 16/233 kB
Progress (4): 56/245 kB | 78/105 kB | 13/164 kB | 16/233 kB
Progress (4): 56/245 kB | 78/105 kB | 15/164 kB | 16/233 kB
Progress (4): 56/245 kB | 78/105 kB | 16/164 kB | 16/233 kB
Progress (4): 56/245 kB | 78/105 kB | 17/164 kB | 16/233 kB
Progress (4): 56/245 kB | 78/105 kB | 19/164 kB | 16/233 kB
Progress (4): 56/245 kB | 78/105 kB | 20/164 kB | 16/233 kB
Progress (4): 56/245 kB | 78/105 kB | 21/164 kB | 16/233 kB
Progress (4): 56/245 kB | 78/105 kB | 23/164 kB | 16/233 kB
Progress (4): 56/245 kB | 78/105 kB | 24/164 kB | 16/233 kB
Progress (4): 56/245 kB | 78/105 kB | 26/164 kB | 16/233 kB
Progress (4): 56/245 kB | 78/105 kB | 27/164 kB | 16/233 kB
Progress (4): 56/245 kB | 78/105 kB | 28/164 kB | 16/233 kB
Progress (4): 56/245 kB | 78/105 kB | 29/164 kB | 16/233 kB
Progress (4): 56/245 kB | 78/105 kB | 30/164 kB | 16/233 kB
Progress (4): 56/245 kB | 78/105 kB | 32/164 kB | 16/233 kB
Progress (4): 56/245 kB | 78/105 kB | 33/164 kB | 16/233 kB
Progress (4): 60/245 kB | 78/105 kB | 33/164 kB | 16/233 kB
Progress (4): 64/245 kB | 78/105 kB | 33/164 kB | 16/233 kB
Progress (4): 68/245 kB | 78/105 kB | 33/164 kB | 16/233 kB
Progress (4): 73/245 kB | 78/105 kB | 33/164 kB | 16/233 kB
Progress (4): 77/245 kB | 78/105 kB | 33/164 kB | 16/233 kB
Progress (4): 81/245 kB | 78/105 kB | 33/164 kB | 16/233 kB
Progress (4): 85/245 kB | 78/105 kB | 33/164 kB | 16/233 kB
Progress (4): 89/245 kB | 78/105 kB | 33/164 kB | 16/233 kB
Progress (4): 94/245 kB | 78/105 kB | 33/164 kB | 16/233 kB
Progress (4): 98/245 kB | 78/105 kB | 33/164 kB | 16/233 kB
Progress (4): 102/245 kB | 78/105 kB | 33/164 kB | 16/233 kB
Progress (4): 102/245 kB | 78/105 kB | 35/164 kB | 16/233 kB
Progress (4): 106/245 kB | 78/105 kB | 35/164 kB | 16/233 kB
Progress (4): 106/245 kB | 78/105 kB | 36/164 kB | 16/233 kB
Progress (4): 106/245 kB | 78/105 kB | 37/164 kB | 16/233 kB
Progress (4): 106/245 kB | 78/105 kB | 39/164 kB | 16/233 kB
Progress (4): 106/245 kB | 78/105 kB | 40/164 kB | 16/233 kB
Progress (4): 111/245 kB | 78/105 kB | 40/164 kB | 16/233 kB
Progress (4): 111/245 kB | 78/105 kB | 41/164 kB | 16/233 kB
Progress (4): 111/245 kB | 78/105 kB | 43/164 kB | 16/233 kB
Progress (4): 111/245 kB | 78/105 kB | 44/164 kB | 16/233 kB
Progress (4): 111/245 kB | 78/105 kB | 46/164 kB | 16/233 kB
Progress (4): 115/245 kB | 78/105 kB | 46/164 kB | 16/233 kB
Progress (4): 119/245 kB | 78/105 kB | 46/164 kB | 16/233 kB
Progress (4): 123/245 kB | 78/105 kB | 46/164 kB | 16/233 kB
Progress (4): 128/245 kB | 78/105 kB | 46/164 kB | 16/233 kB
Progress (4): 130/245 kB | 78/105 kB | 46/164 kB | 16/233 kB
Progress (4): 134/245 kB | 78/105 kB | 46/164 kB | 16/233 kB
Progress (4): 134/245 kB | 78/105 kB | 47/164 kB | 16/233 kB
Progress (4): 134/245 kB | 78/105 kB | 48/164 kB | 16/233 kB
Progress (4): 134/245 kB | 78/105 kB | 50/164 kB | 16/233 kB
Progress (4): 134/245 kB | 78/105 kB | 51/164 kB | 16/233 kB
Progress (4): 134/245 kB | 78/105 kB | 52/164 kB | 16/233 kB
Progress (4): 134/245 kB | 78/105 kB | 54/164 kB | 16/233 kB
Progress (4): 134/245 kB | 78/105 kB | 55/164 kB | 16/233 kB
Progress (4): 134/245 kB | 78/105 kB | 59/164 kB | 16/233 kB
Progress (4): 134/245 kB | 78/105 kB | 64/164 kB | 16/233 kB
Progress (4): 134/245 kB | 78/105 kB | 68/164 kB | 16/233 kB
Progress (4): 134/245 kB | 78/105 kB | 72/164 kB | 16/233 kB
Progress (5): 134/245 kB | 78/105 kB | 72/164 kB | 16/233 kB | 7.7/480 kB
Progress (5): 134/245 kB | 78/105 kB | 76/164 kB | 16/233 kB | 7.7/480 kB
Progress (5): 134/245 kB | 78/105 kB | 76/164 kB | 16/233 kB | 16/480 kB 
Progress (5): 134/245 kB | 82/105 kB | 76/164 kB | 16/233 kB | 16/480 kB
Progress (5): 134/245 kB | 82/105 kB | 76/164 kB | 21/233 kB | 16/480 kB
Progress (5): 134/245 kB | 82/105 kB | 76/164 kB | 24/233 kB | 16/480 kB
Progress (5): 134/245 kB | 82/105 kB | 76/164 kB | 28/233 kB | 16/480 kB
Progress (5): 134/245 kB | 82/105 kB | 76/164 kB | 33/233 kB | 16/480 kB
Progress (5): 134/245 kB | 82/105 kB | 76/164 kB | 37/233 kB | 16/480 kB
Progress (5): 134/245 kB | 82/105 kB | 76/164 kB | 41/233 kB | 16/480 kB
Progress (5): 134/245 kB | 82/105 kB | 76/164 kB | 45/233 kB | 16/480 kB
Progress (5): 134/245 kB | 82/105 kB | 76/164 kB | 49/233 kB | 16/480 kB
Progress (5): 134/245 kB | 82/105 kB | 80/164 kB | 49/233 kB | 16/480 kB
Progress (5): 139/245 kB | 82/105 kB | 80/164 kB | 49/233 kB | 16/480 kB
Progress (5): 143/245 kB | 82/105 kB | 80/164 kB | 49/233 kB | 16/480 kB
Progress (5): 147/245 kB | 82/105 kB | 80/164 kB | 49/233 kB | 16/480 kB
Progress (5): 151/245 kB | 82/105 kB | 80/164 kB | 49/233 kB | 16/480 kB
Progress (5): 156/245 kB | 82/105 kB | 80/164 kB | 49/233 kB | 16/480 kB
Progress (5): 156/245 kB | 82/105 kB | 85/164 kB | 49/233 kB | 16/480 kB
Progress (5): 160/245 kB | 82/105 kB | 85/164 kB | 49/233 kB | 16/480 kB
Progress (5): 164/245 kB | 82/105 kB | 85/164 kB | 49/233 kB | 16/480 kB
Progress (5): 168/245 kB | 82/105 kB | 85/164 kB | 49/233 kB | 16/480 kB
Progress (5): 172/245 kB | 82/105 kB | 85/164 kB | 49/233 kB | 16/480 kB
Progress (5): 172/245 kB | 82/105 kB | 89/164 kB | 49/233 kB | 16/480 kB
Progress (5): 177/245 kB | 82/105 kB | 89/164 kB | 49/233 kB | 16/480 kB
Progress (5): 181/245 kB | 82/105 kB | 89/164 kB | 49/233 kB | 16/480 kB
Progress (5): 185/245 kB | 82/105 kB | 89/164 kB | 49/233 kB | 16/480 kB
Progress (5): 185/245 kB | 82/105 kB | 93/164 kB | 49/233 kB | 16/480 kB
Progress (5): 185/245 kB | 82/105 kB | 97/164 kB | 49/233 kB | 16/480 kB
Progress (5): 189/245 kB | 82/105 kB | 97/164 kB | 49/233 kB | 16/480 kB
Progress (5): 194/245 kB | 82/105 kB | 97/164 kB | 49/233 kB | 16/480 kB
Progress (5): 194/245 kB | 82/105 kB | 102/164 kB | 49/233 kB | 16/480 kB
Progress (5): 198/245 kB | 82/105 kB | 102/164 kB | 49/233 kB | 16/480 kB
Progress (5): 198/245 kB | 82/105 kB | 106/164 kB | 49/233 kB | 16/480 kB
Progress (5): 202/245 kB | 82/105 kB | 106/164 kB | 49/233 kB | 16/480 kB
Progress (5): 202/245 kB | 82/105 kB | 110/164 kB | 49/233 kB | 16/480 kB
Progress (5): 206/245 kB | 82/105 kB | 110/164 kB | 49/233 kB | 16/480 kB
Progress (5): 206/245 kB | 82/105 kB | 114/164 kB | 49/233 kB | 16/480 kB
Progress (5): 210/245 kB | 82/105 kB | 114/164 kB | 49/233 kB | 16/480 kB
Progress (5): 215/245 kB | 82/105 kB | 114/164 kB | 49/233 kB | 16/480 kB
Progress (5): 215/245 kB | 82/105 kB | 119/164 kB | 49/233 kB | 16/480 kB
Progress (5): 215/245 kB | 82/105 kB | 123/164 kB | 49/233 kB | 16/480 kB
Progress (5): 215/245 kB | 82/105 kB | 127/164 kB | 49/233 kB | 16/480 kB
Progress (5): 215/245 kB | 82/105 kB | 131/164 kB | 49/233 kB | 16/480 kB
Progress (5): 215/245 kB | 82/105 kB | 131/164 kB | 54/233 kB | 16/480 kB
Progress (5): 215/245 kB | 86/105 kB | 131/164 kB | 54/233 kB | 16/480 kB
Progress (5): 215/245 kB | 91/105 kB | 131/164 kB | 54/233 kB | 16/480 kB
Progress (5): 215/245 kB | 95/105 kB | 131/164 kB | 54/233 kB | 16/480 kB
Progress (5): 219/245 kB | 95/105 kB | 131/164 kB | 54/233 kB | 16/480 kB
Progress (5): 219/245 kB | 99/105 kB | 131/164 kB | 54/233 kB | 16/480 kB
Progress (5): 219/245 kB | 103/105 kB | 131/164 kB | 54/233 kB | 16/480 kB
Progress (5): 219/245 kB | 105 kB | 131/164 kB | 54/233 kB | 16/480 kB    
Progress (5): 223/245 kB | 105 kB | 131/164 kB | 54/233 kB | 16/480 kB
                                                                      
Downloaded from central: https://repo.maven.apache.org/maven2/org/apache/maven/enforcer/enforcer-rules/3.0.0-M1/enforcer-rules-3.0.0-M1.jar (105 kB at 86 kB/s)
Downloading from central: https://repo.maven.apache.org/maven2/org/beanshell/bsh/2.0b4/bsh-2.0b4.jar
Progress (4): 240/245 kB | 131/164 kB | 54/233 kB | 16/480 kB
Progress (4): 245 kB | 131/164 kB | 54/233 kB | 16/480 kB    
                                                         
Downloaded from central: https://repo.maven.apache.org/maven2/junit/junit/4.11/junit-4.11.jar (245 kB at 197 kB/s)
Downloading from central: https://repo.maven.apache.org/maven2/org/apache/maven/shared/maven-dependency-tree/2.2/maven-dependency-tree-2.2.jar
Progress (3): 135/164 kB | 54/233 kB | 16/480 kB
Progress (3): 140/164 kB | 54/233 kB | 16/480 kB
Progress (3): 144/164 kB | 54/233 kB | 16/480 kB
Progress (3): 148/164 kB | 54/233 kB | 16/480 kB
Progress (3): 148/164 kB | 54/233 kB | 32/480 kB
Progress (3): 148/164 kB | 58/233 kB | 32/480 kB
Progress (3): 148/164 kB | 62/233 kB | 32/480 kB
Progress (3): 148/164 kB | 66/233 kB | 32/480 kB
Progress (3): 148/164 kB | 71/233 kB | 32/480 kB
Progress (3): 148/164 kB | 75/233 kB | 32/480 kB
Progress (3): 148/164 kB | 79/233 kB | 32/480 kB
Progress (3): 148/164 kB | 83/233 kB | 32/480 kB
Progress (3): 148/164 kB | 88/233 kB | 32/480 kB
Progress (3): 148/164 kB | 92/233 kB | 32/480 kB
Progress (3): 148/164 kB | 96/233 kB | 32/480 kB
Progress (3): 148/164 kB | 100/233 kB | 32/480 kB
Progress (3): 148/164 kB | 104/233 kB | 32/480 kB
Progress (3): 148/164 kB | 109/233 kB | 32/480 kB
Progress (3): 148/164 kB | 113/233 kB | 32/480 kB
Progress (3): 148/164 kB | 117/233 kB | 32/480 kB
Progress (3): 148/164 kB | 121/233 kB | 32/480 kB
Progress (3): 148/164 kB | 122/233 kB | 32/480 kB
Progress (3): 148/164 kB | 127/233 kB | 32/480 kB
Progress (3): 148/164 kB | 131/233 kB | 32/480 kB
Progress (3): 148/164 kB | 135/233 kB | 32/480 kB
Progress (3): 148/164 kB | 139/233 kB | 32/480 kB
Progress (3): 148/164 kB | 144/233 kB | 32/480 kB
Progress (3): 148/164 kB | 148/233 kB | 32/480 kB
Progress (3): 148/164 kB | 152/233 kB | 32/480 kB
Progress (3): 148/164 kB | 156/233 kB | 32/480 kB
Progress (3): 148/164 kB | 173/233 kB | 32/480 kB
Progress (4): 148/164 kB | 173/233 kB | 32/480 kB | 3.8/282 kB
Progress (4): 148/164 kB | 173/233 kB | 32/480 kB | 7.7/282 kB
Progress (4): 148/164 kB | 173/233 kB | 32/480 kB | 12/282 kB 
Progress (5): 148/164 kB | 173/233 kB | 32/480 kB | 12/282 kB | 7.7/64 kB
Progress (5): 148/164 kB | 173/233 kB | 32/480 kB | 12/282 kB | 16/64 kB 
Progress (5): 148/164 kB | 173/233 kB | 32/480 kB | 12/282 kB | 32/64 kB
Progress (5): 148/164 kB | 173/233 kB | 32/480 kB | 12/282 kB | 49/64 kB
Progress (5): 148/164 kB | 173/233 kB | 32/480 kB | 12/282 kB | 64 kB   
                                                                     
Downloaded from central: https://repo.maven.apache.org/maven2/org/apache/maven/shared/maven-dependency-tree/2.2/maven-dependency-tree-2.2.jar (64 kB at 43 kB/s)
Downloading from central: https://repo.maven.apache.org/maven2/org/eclipse/aether/aether-util/0.9.0.M2/aether-util-0.9.0.M2.jar
Progress (4): 152/164 kB | 173/233 kB | 32/480 kB | 12/282 kB
Progress (4): 157/164 kB | 173/233 kB | 32/480 kB | 12/282 kB
Progress (4): 159/164 kB | 173/233 kB | 32/480 kB | 12/282 kB
Progress (4): 163/164 kB | 173/233 kB | 32/480 kB | 12/282 kB
Progress (4): 164 kB | 173/233 kB | 32/480 kB | 12/282 kB    
                                                         
Downloaded from central: https://repo.maven.apache.org/maven2/org/apache/maven/shared/maven-shared-utils/3.1.0/maven-shared-utils-3.1.0.jar (164 kB at 107 kB/s)
Downloading from central: https://repo.maven.apache.org/maven2/org/apache/maven/maven-compat/3.0/maven-compat-3.0.jar
Progress (3): 173/233 kB | 49/480 kB | 12/282 kB
Progress (3): 189/233 kB | 49/480 kB | 12/282 kB
Progress (3): 205/233 kB | 49/480 kB | 12/282 kB
Progress (3): 222/233 kB | 49/480 kB | 12/282 kB
Progress (3): 233 kB | 49/480 kB | 12/282 kB    
                                            
Downloaded from central: https://repo.maven.apache.org/maven2/commons-codec/commons-codec/1.6/commons-codec-1.6.jar (233 kB at 146 kB/s)
Progress (2): 49/480 kB | 16/282 kB
Progress (2): 49/480 kB | 20/282 kB
Progress (2): 49/480 kB | 25/282 kB
Progress (2): 49/480 kB | 29/282 kB
Progress (2): 49/480 kB | 33/282 kB
Progress (2): 49/480 kB | 37/282 kB
Progress (2): 49/480 kB | 42/282 kB
Progress (2): 49/480 kB | 46/282 kB
Progress (2): 49/480 kB | 50/282 kB
Progress (2): 49/480 kB | 54/282 kB
Progress (2): 49/480 kB | 57/282 kB
Progress (2): 49/480 kB | 61/282 kB
Progress (2): 49/480 kB | 65/282 kB
Progress (2): 49/480 kB | 70/282 kB
Progress (2): 49/480 kB | 74/282 kB
Progress (2): 49/480 kB | 78/282 kB
Progress (2): 49/480 kB | 82/282 kB
Progress (2): 49/480 kB | 86/282 kB
Progress (2): 49/480 kB | 91/282 kB
Progress (2): 49/480 kB | 95/282 kB
Progress (2): 49/480 kB | 99/282 kB
Progress (2): 49/480 kB | 103/282 kB
Progress (2): 49/480 kB | 108/282 kB
Progress (2): 49/480 kB | 112/282 kB
Progress (2): 49/480 kB | 128/282 kB
Progress (3): 49/480 kB | 128/282 kB | 7.7/134 kB
Progress (3): 49/480 kB | 128/282 kB | 16/134 kB 
Progress (3): 49/480 kB | 128/282 kB | 24/134 kB
Progress (3): 49/480 kB | 128/282 kB | 40/134 kB
Progress (3): 49/480 kB | 128/282 kB | 57/134 kB
Progress (3): 49/480 kB | 128/282 kB | 73/134 kB
Progress (3): 49/480 kB | 128/282 kB | 90/134 kB
Progress (3): 49/480 kB | 128/282 kB | 106/134 kB
Progress (3): 57/480 kB | 128/282 kB | 106/134 kB
Progress (3): 57/480 kB | 128/282 kB | 122/134 kB
Progress (3): 57/480 kB | 128/282 kB | 134 kB    
                                             
Downloaded from central: https://repo.maven.apache.org/maven2/org/eclipse/aether/aether-util/0.9.0.M2/aether-util-0.9.0.M2.jar (134 kB at 75 kB/s)
Progress (2): 57/480 kB | 145/282 kB
Progress (2): 73/480 kB | 145/282 kB
Progress (2): 73/480 kB | 161/282 kB
Progress (2): 73/480 kB | 177/282 kB
Progress (2): 73/480 kB | 188/282 kB
Progress (2): 73/480 kB | 204/282 kB
Progress (3): 73/480 kB | 204/282 kB | 3.8/285 kB
Progress (3): 73/480 kB | 204/282 kB | 8.0/285 kB
Progress (3): 73/480 kB | 204/282 kB | 12/285 kB 
Progress (3): 73/480 kB | 204/282 kB | 16/285 kB
Progress (3): 73/480 kB | 204/282 kB | 21/285 kB
Progress (3): 73/480 kB | 204/282 kB | 25/285 kB
Progress (3): 73/480 kB | 204/282 kB | 29/285 kB
Progress (3): 73/480 kB | 204/282 kB | 33/285 kB
Progress (3): 73/480 kB | 204/282 kB | 37/285 kB
Progress (3): 73/480 kB | 204/282 kB | 41/285 kB
Progress (3): 73/480 kB | 204/282 kB | 46/285 kB
Progress (3): 73/480 kB | 204/282 kB | 50/285 kB
Progress (3): 73/480 kB | 204/282 kB | 54/285 kB
Progress (3): 73/480 kB | 221/282 kB | 54/285 kB
Progress (3): 73/480 kB | 237/282 kB | 54/285 kB
Progress (3): 73/480 kB | 253/282 kB | 54/285 kB
Progress (3): 90/480 kB | 253/282 kB | 54/285 kB
Progress (3): 90/480 kB | 270/282 kB | 54/285 kB
Progress (3): 90/480 kB | 282 kB | 54/285 kB    
                                            
Downloaded from central: https://repo.maven.apache.org/maven2/org/beanshell/bsh/2.0b4/bsh-2.0b4.jar (282 kB at 118 kB/s)
Progress (2): 106/480 kB | 54/285 kB
Progress (2): 122/480 kB | 54/285 kB
Progress (2): 122/480 kB | 71/285 kB
Progress (2): 122/480 kB | 87/285 kB
Progress (2): 122/480 kB | 103/285 kB
Progress (2): 122/480 kB | 120/285 kB
Progress (2): 122/480 kB | 136/285 kB
Progress (2): 122/480 kB | 152/285 kB
Progress (2): 122/480 kB | 156/285 kB
Progress (2): 122/480 kB | 172/285 kB
Progress (2): 122/480 kB | 188/285 kB
Progress (2): 122/480 kB | 205/285 kB
Progress (2): 122/480 kB | 221/285 kB
Progress (2): 122/480 kB | 238/285 kB
Progress (2): 122/480 kB | 254/285 kB
Progress (2): 122/480 kB | 270/285 kB
Progress (2): 139/480 kB | 270/285 kB
Progress (2): 139/480 kB | 285 kB    
                                 
Downloaded from central: https://repo.maven.apache.org/maven2/org/apache/maven/maven-compat/3.0/maven-compat-3.0.jar (285 kB at 83 kB/s)
Progress (1): 155/480 kB
Progress (1): 172/480 kB
Progress (1): 188/480 kB
Progress (1): 204/480 kB
Progress (1): 221/480 kB
Progress (1): 237/480 kB
Progress (1): 253/480 kB
Progress (1): 270/480 kB
Progress (1): 286/480 kB
Progress (1): 303/480 kB
Progress (1): 319/480 kB
Progress (1): 335/480 kB
Progress (1): 352/480 kB
Progress (1): 368/480 kB
Progress (1): 385/480 kB
Progress (1): 401/480 kB
Progress (1): 417/480 kB
Progress (1): 434/480 kB
Progress (1): 450/480 kB
Progress (1): 466/480 kB
Progress (1): 480 kB    
                    
Downloaded from central: https://repo.maven.apache.org/maven2/org/apache/commons/commons-lang3/3.5/commons-lang3-3.5.jar (480 kB at 65 kB/s)
[INFO] 
[INFO] --- enforcer:3.0.0-M1:enforce (enforce-properties) @ jackson-core ---
[INFO] 
[INFO] --- jacoco:0.8.4:prepare-agent (default) @ jackson-core ---
Downloading from central: https://repo.maven.apache.org/maven2/org/codehaus/plexus/plexus-component-annotations/1.5.4/plexus-component-annotations-1.5.4.pom
Progress (1): 815 B
                   
Downloaded from central: https://repo.maven.apache.org/maven2/org/codehaus/plexus/plexus-component-annotations/1.5.4/plexus-component-annotations-1.5.4.pom (815 B at 3.7 kB/s)
Downloading from central: https://repo.maven.apache.org/maven2/org/apache/maven/shared/file-management/1.2.1/file-management-1.2.1.pom
Progress (1): 788 B
Progress (1): 2.4 kB
Progress (1): 3.9 kB
                    
Downloaded from central: https://repo.maven.apache.org/maven2/org/apache/maven/shared/file-management/1.2.1/file-management-1.2.1.pom (3.9 kB at 17 kB/s)
Downloading from central: https://repo.maven.apache.org/maven2/org/apache/maven/shared/maven-shared-components/10/maven-shared-components-10.pom
Progress (1): 776 B
Progress (1): 2.9 kB
Progress (1): 6.6 kB
Progress (1): 8.4 kB
                    
Downloaded from central: https://repo.maven.apache.org/maven2/org/apache/maven/shared/maven-shared-components/10/maven-shared-components-10.pom (8.4 kB at 36 kB/s)
Downloading from central: https://repo.maven.apache.org/maven2/org/apache/maven/maven-parent/9/maven-parent-9.pom
Progress (1): 748 B
Progress (1): 1.9 kB
Progress (1): 6.2 kB
Progress (1): 11 kB 
Progress (1): 14 kB
Progress (1): 16 kB
Progress (1): 16 kB
Progress (1): 20 kB
Progress (1): 24 kB
Progress (1): 30 kB
Progress (1): 33 kB
                   
Downloaded from central: https://repo.maven.apache.org/maven2/org/apache/maven/maven-parent/9/maven-parent-9.pom (33 kB at 114 kB/s)
Downloading from central: https://repo.maven.apache.org/maven2/org/apache/maven/maven-plugin-api/2.0.6/maven-plugin-api-2.0.6.pom
Progress (1): 847 B
Progress (1): 1.5 kB
                    
Downloaded from central: https://repo.maven.apache.org/maven2/org/apache/maven/maven-plugin-api/2.0.6/maven-plugin-api-2.0.6.pom (1.5 kB at 5.5 kB/s)
Downloading from central: https://repo.maven.apache.org/maven2/org/apache/maven/maven/2.0.6/maven-2.0.6.pom
Progress (1): 782 B
Progress (1): 2.0 kB
Progress (1): 4.4 kB
Progress (1): 9.0 kB
                    
Downloaded from central: https://repo.maven.apache.org/maven2/org/apache/maven/maven/2.0.6/maven-2.0.6.pom (9.0 kB at 39 kB/s)
Downloading from central: https://repo.maven.apache.org/maven2/org/apache/maven/maven-parent/5/maven-parent-5.pom
Progress (1): 755 B
Progress (1): 2.1 kB
Progress (1): 5.4 kB
Progress (1): 9.1 kB
Progress (1): 12 kB 
Progress (1): 15 kB
                   
Downloaded from central: https://repo.maven.apache.org/maven2/org/apache/maven/maven-parent/5/maven-parent-5.pom (15 kB at 35 kB/s)
Downloading from central: https://repo.maven.apache.org/maven2/org/apache/apache/3/apache-3.pom
Progress (1): 812 B
Progress (1): 2.3 kB
Progress (1): 3.4 kB
                    
Downloaded from central: https://repo.maven.apache.org/maven2/org/apache/apache/3/apache-3.pom (3.4 kB at 15 kB/s)
Downloading from central: https://repo.maven.apache.org/maven2/org/apache/maven/shared/maven-shared-io/1.1/maven-shared-io-1.1.pom
Progress (1): 813 B
Progress (1): 2.9 kB
Progress (1): 4.1 kB
                    
Downloaded from central: https://repo.maven.apache.org/maven2/org/apache/maven/shared/maven-shared-io/1.1/maven-shared-io-1.1.pom (4.1 kB at 8.3 kB/s)
Downloading from central: https://repo.maven.apache.org/maven2/org/apache/maven/shared/maven-shared-components/8/maven-shared-components-8.pom
Progress (1): 1.4 kB
Progress (1): 2.7 kB
                    
Downloaded from central: https://repo.maven.apache.org/maven2/org/apache/maven/shared/maven-shared-components/8/maven-shared-components-8.pom (2.7 kB at 3.0 kB/s)
Downloading from central: https://repo.maven.apache.org/maven2/org/apache/maven/maven-parent/7/maven-parent-7.pom
Progress (1): 777 B
Progress (1): 2.2 kB
Progress (1): 4.8 kB
Progress (1): 5.7 kB
Progress (1): 9.1 kB
Progress (1): 12 kB 
Progress (1): 14 kB
Progress (1): 19 kB
Progress (1): 21 kB
                   
Downloaded from central: https://repo.maven.apache.org/maven2/org/apache/maven/maven-parent/7/maven-parent-7.pom (21 kB at 18 kB/s)
Downloading from central: https://repo.maven.apache.org/maven2/org/apache/maven/maven-artifact/2.0.2/maven-artifact-2.0.2.pom
Progress (1): 765 B
                   
Downloaded from central: https://repo.maven.apache.org/maven2/org/apache/maven/maven-artifact/2.0.2/maven-artifact-2.0.2.pom (765 B at 2.9 kB/s)
Downloading from central: https://repo.maven.apache.org/maven2/org/apache/maven/maven/2.0.2/maven-2.0.2.pom
Progress (1): 903 B
Progress (1): 3.6 kB
Progress (1): 9.7 kB
Progress (1): 13 kB 
Progress (1): 13 kB
                   
Downloaded from central: https://repo.maven.apache.org/maven2/org/apache/maven/maven/2.0.2/maven-2.0.2.pom (13 kB at 35 kB/s)
Downloading from central: https://repo.maven.apache.org/maven2/org/codehaus/plexus/plexus-utils/1.1/plexus-utils-1.1.pom
Progress (1): 767 B
                   
Downloaded from central: https://repo.maven.apache.org/maven2/org/codehaus/plexus/plexus-utils/1.1/plexus-utils-1.1.pom (767 B at 2.9 kB/s)
Downloading from central: https://repo.maven.apache.org/maven2/org/apache/maven/maven-artifact-manager/2.0.2/maven-artifact-manager-2.0.2.pom
Progress (1): 1.4 kB
                    
Downloaded from central: https://repo.maven.apache.org/maven2/org/apache/maven/maven-artifact-manager/2.0.2/maven-artifact-manager-2.0.2.pom (1.4 kB at 5.5 kB/s)
Downloading from central: https://repo.maven.apache.org/maven2/org/apache/maven/maven-repository-metadata/2.0.2/maven-repository-metadata-2.0.2.pom
Progress (1): 1.3 kB
                    
Downloaded from central: https://repo.maven.apache.org/maven2/org/apache/maven/maven-repository-metadata/2.0.2/maven-repository-metadata-2.0.2.pom (1.3 kB at 5.1 kB/s)
Downloading from central: https://repo.maven.apache.org/maven2/org/apache/maven/wagon/wagon-provider-api/1.0-alpha-6/wagon-provider-api-1.0-alpha-6.pom
Progress (1): 588 B
                   
Downloaded from central: https://repo.maven.apache.org/maven2/org/apache/maven/wagon/wagon-provider-api/1.0-alpha-6/wagon-provider-api-1.0-alpha-6.pom (588 B at 2.4 kB/s)
Downloading from central: https://repo.maven.apache.org/maven2/org/apache/maven/wagon/wagon/1.0-alpha-6/wagon-1.0-alpha-6.pom
Progress (1): 1.2 kB
Progress (1): 4.8 kB
Progress (1): 6.4 kB
                    
Downloaded from central: https://repo.maven.apache.org/maven2/org/apache/maven/wagon/wagon/1.0-alpha-6/wagon-1.0-alpha-6.pom (6.4 kB at 12 kB/s)
Downloading from central: https://repo.maven.apache.org/maven2/org/codehaus/plexus/plexus-utils/1.4.6/plexus-utils-1.4.6.pom
Progress (1): 1.2 kB
Progress (1): 2.3 kB
                    
Downloaded from central: https://repo.maven.apache.org/maven2/org/codehaus/plexus/plexus-utils/1.4.6/plexus-utils-1.4.6.pom (2.3 kB at 8.7 kB/s)
Downloading from central: https://repo.maven.apache.org/maven2/org/codehaus/plexus/plexus-utils/1.5.6/plexus-utils-1.5.6.pom
Progress (1): 1.4 kB
Progress (1): 4.4 kB
Progress (1): 5.3 kB
                    
Downloaded from central: https://repo.maven.apache.org/maven2/org/codehaus/plexus/plexus-utils/1.5.6/plexus-utils-1.5.6.pom (5.3 kB at 18 kB/s)
Downloading from central: https://repo.maven.apache.org/maven2/org/codehaus/plexus/plexus/1.0.12/plexus-1.0.12.pom
Progress (1): 1.2 kB
Progress (1): 4.1 kB
Progress (1): 7.3 kB
Progress (1): 9.8 kB
Progress (1): 9.8 kB
                    
Downloaded from central: https://repo.maven.apache.org/maven2/org/codehaus/plexus/plexus/1.0.12/plexus-1.0.12.pom (9.8 kB at 29 kB/s)
Downloading from central: https://repo.maven.apache.org/maven2/org/apache/maven/reporting/maven-reporting-impl/2.1/maven-reporting-impl-2.1.pom
Progress (1): 797 B
Progress (1): 2.3 kB
Progress (1): 4.5 kB
                    
Downloaded from central: https://repo.maven.apache.org/maven2/org/apache/maven/reporting/maven-reporting-impl/2.1/maven-reporting-impl-2.1.pom (4.5 kB at 4.2 kB/s)
Downloading from central: https://repo.maven.apache.org/maven2/org/apache/maven/maven-project/2.0.10/maven-project-2.0.10.pom
Progress (1): 822 B
Progress (1): 2.8 kB
                    
Downloaded from central: https://repo.maven.apache.org/maven2/org/apache/maven/maven-project/2.0.10/maven-project-2.0.10.pom (2.8 kB at 9.2 kB/s)
Downloading from central: https://repo.maven.apache.org/maven2/org/apache/maven/maven/2.0.10/maven-2.0.10.pom
Progress (1): 743 B
Progress (1): 1.9 kB
Progress (1): 5.9 kB
Progress (1): 9.2 kB
Progress (1): 12 kB 
Progress (1): 17 kB
Progress (1): 21 kB
Progress (1): 24 kB
                   
Downloaded from central: https://repo.maven.apache.org/maven2/org/apache/maven/maven/2.0.10/maven-2.0.10.pom (24 kB at 51 kB/s)
Downloading from central: https://repo.maven.apache.org/maven2/org/apache/maven/maven-settings/2.0.10/maven-settings-2.0.10.pom
Progress (1): 823 B
Progress (1): 2.2 kB
                    
Downloaded from central: https://repo.maven.apache.org/maven2/org/apache/maven/maven-settings/2.0.10/maven-settings-2.0.10.pom (2.2 kB at 8.6 kB/s)
Downloading from central: https://repo.maven.apache.org/maven2/org/apache/maven/maven-model/2.0.10/maven-model-2.0.10.pom
Progress (1): 793 B
Progress (1): 3.1 kB
Progress (1): 3.3 kB
                    
Downloaded from central: https://repo.maven.apache.org/maven2/org/apache/maven/maven-model/2.0.10/maven-model-2.0.10.pom (3.3 kB at 12 kB/s)
Downloading from central: https://repo.maven.apache.org/maven2/org/codehaus/plexus/plexus-interpolation/1.1/plexus-interpolation-1.1.pom
Progress (1): 1.4 kB
                    
Downloaded from central: https://repo.maven.apache.org/maven2/org/codehaus/plexus/plexus-interpolation/1.1/plexus-interpolation-1.1.pom (1.4 kB at 4.9 kB/s)
Downloading from central: https://repo.maven.apache.org/maven2/org/apache/maven/maven-profile/2.0.10/maven-profile-2.0.10.pom
Progress (1): 823 B
Progress (1): 2.1 kB
                    
Downloaded from central: https://repo.maven.apache.org/maven2/org/apache/maven/maven-profile/2.0.10/maven-profile-2.0.10.pom (2.1 kB at 3.5 kB/s)
Downloading from central: https://repo.maven.apache.org/maven2/org/apache/maven/maven-artifact-manager/2.0.10/maven-artifact-manager-2.0.10.pom
Progress (1): 818 B
Progress (1): 2.7 kB
                    
Downloaded from central: https://repo.maven.apache.org/maven2/org/apache/maven/maven-artifact-manager/2.0.10/maven-artifact-manager-2.0.10.pom (2.7 kB at 11 kB/s)
Downloading from central: https://repo.maven.apache.org/maven2/org/apache/maven/maven-repository-metadata/2.0.10/maven-repository-metadata-2.0.10.pom
Progress (1): 822 B
Progress (1): 2.3 kB
                    
Downloaded from central: https://repo.maven.apache.org/maven2/org/apache/maven/maven-repository-metadata/2.0.10/maven-repository-metadata-2.0.10.pom (2.3 kB at 8.0 kB/s)
Downloading from central: https://repo.maven.apache.org/maven2/org/apache/maven/maven-artifact/2.0.10/maven-artifact-2.0.10.pom
Progress (1): 834 B
Progress (1): 1.6 kB
                    
Downloaded from central: https://repo.maven.apache.org/maven2/org/apache/maven/maven-artifact/2.0.10/maven-artifact-2.0.10.pom (1.6 kB at 6.5 kB/s)
Downloading from central: https://repo.maven.apache.org/maven2/org/apache/maven/maven-plugin-registry/2.0.10/maven-plugin-registry-2.0.10.pom
Progress (1): 827 B
Progress (1): 2.0 kB
                    
Downloaded from central: https://repo.maven.apache.org/maven2/org/apache/maven/maven-plugin-registry/2.0.10/maven-plugin-registry-2.0.10.pom (2.0 kB at 8.0 kB/s)
Downloading from central: https://repo.maven.apache.org/maven2/org/apache/maven/maven-plugin-api/2.0.10/maven-plugin-api-2.0.10.pom
Progress (1): 837 B
Progress (1): 1.5 kB
                    
Downloaded from central: https://repo.maven.apache.org/maven2/org/apache/maven/maven-plugin-api/2.0.10/maven-plugin-api-2.0.10.pom (1.5 kB at 1.6 kB/s)
Downloading from central: https://repo.maven.apache.org/maven2/org/apache/maven/doxia/doxia-sink-api/1.1.2/doxia-sink-api-1.1.2.pom
Progress (1): 834 B
Progress (1): 1.6 kB
                    
Downloaded from central: https://repo.maven.apache.org/maven2/org/apache/maven/doxia/doxia-sink-api/1.1.2/doxia-sink-api-1.1.2.pom (1.6 kB at 1.8 kB/s)
Downloading from central: https://repo.maven.apache.org/maven2/org/apache/maven/doxia/doxia/1.1.2/doxia-1.1.2.pom
Progress (1): 753 B
Progress (1): 2.1 kB
Progress (1): 5.3 kB
Progress (1): 11 kB 
Progress (1): 14 kB
Progress (1): 18 kB
                   
Downloaded from central: https://repo.maven.apache.org/maven2/org/apache/maven/doxia/doxia/1.1.2/doxia-1.1.2.pom (18 kB at 19 kB/s)
Downloading from central: https://repo.maven.apache.org/maven2/org/apache/maven/doxia/doxia-logging-api/1.1.2/doxia-logging-api-1.1.2.pom
Progress (1): 835 B
Progress (1): 1.6 kB
                    
Downloaded from central: https://repo.maven.apache.org/maven2/org/apache/maven/doxia/doxia-logging-api/1.1.2/doxia-logging-api-1.1.2.pom (1.6 kB at 3.1 kB/s)
Downloading from central: https://repo.maven.apache.org/maven2/org/apache/maven/doxia/doxia-core/1.1.2/doxia-core-1.1.2.pom
Progress (1): 799 B
Progress (1): 3.0 kB
Progress (1): 3.7 kB
                    
Downloaded from central: https://repo.maven.apache.org/maven2/org/apache/maven/doxia/doxia-core/1.1.2/doxia-core-1.1.2.pom (3.7 kB at 9.3 kB/s)
Downloading from central: https://repo.maven.apache.org/maven2/org/codehaus/plexus/plexus-utils/1.5.12/plexus-utils-1.5.12.pom
Progress (1): 1.0 kB
Progress (1): 3.7 kB
Progress (1): 5.6 kB
                    
Downloaded from central: https://repo.maven.apache.org/maven2/org/codehaus/plexus/plexus-utils/1.5.12/plexus-utils-1.5.12.pom (5.6 kB at 19 kB/s)
Downloading from central: https://repo.maven.apache.org/maven2/xerces/xercesImpl/2.8.1/xercesImpl-2.8.1.pom
Progress (1): 996 B
Progress (1): 2.2 kB
                    
Downloaded from central: https://repo.maven.apache.org/maven2/xerces/xercesImpl/2.8.1/xercesImpl-2.8.1.pom (2.2 kB at 2.5 kB/s)
Downloading from central: https://repo.maven.apache.org/maven2/xml-apis/xml-apis/1.3.03/xml-apis-1.3.03.pom
Progress (1): 738 B
                   
Downloaded from central: https://repo.maven.apache.org/maven2/xml-apis/xml-apis/1.3.03/xml-apis-1.3.03.pom (738 B at 3.0 kB/s)
Downloading from central: https://repo.maven.apache.org/maven2/org/apache/apache/1/apache-1.pom
Progress (1): 805 B
Progress (1): 2.3 kB
Progress (1): 3.4 kB
                    
Downloaded from central: https://repo.maven.apache.org/maven2/org/apache/apache/1/apache-1.pom (3.4 kB at 12 kB/s)
Downloading from central: https://repo.maven.apache.org/maven2/commons-lang/commons-lang/2.4/commons-lang-2.4.pom
Progress (1): 791 B
Progress (1): 2.2 kB
Progress (1): 6.1 kB
Progress (1): 10 kB 
Progress (1): 13 kB
Progress (1): 14 kB
                   
Downloaded from central: https://repo.maven.apache.org/maven2/commons-lang/commons-lang/2.4/commons-lang-2.4.pom (14 kB at 39 kB/s)
Downloading from central: https://repo.maven.apache.org/maven2/org/apache/commons/commons-parent/9/commons-parent-9.pom
Progress (1): 1.1 kB
Progress (1): 2.7 kB
Progress (1): 7.5 kB
Progress (1): 10 kB 
Progress (1): 13 kB
Progress (1): 19 kB
Progress (1): 22 kB
                   
Downloaded from central: https://repo.maven.apache.org/maven2/org/apache/commons/commons-parent/9/commons-parent-9.pom (22 kB at 46 kB/s)
Downloading from central: https://repo.maven.apache.org/maven2/commons-httpclient/commons-httpclient/3.1/commons-httpclient-3.1.pom
Progress (1): 962 B
Progress (1): 4.0 kB
Progress (1): 6.4 kB
Progress (1): 7.8 kB
                    
Downloaded from central: https://repo.maven.apache.org/maven2/commons-httpclient/commons-httpclient/3.1/commons-httpclient-3.1.pom (7.8 kB at 19 kB/s)
Downloading from central: https://repo.maven.apache.org/maven2/commons-logging/commons-logging/1.0.4/commons-logging-1.0.4.pom
Progress (1): 1.5 kB
Progress (1): 4.1 kB
Progress (1): 5.3 kB
                    
Downloaded from central: https://repo.maven.apache.org/maven2/commons-logging/commons-logging/1.0.4/commons-logging-1.0.4.pom (5.3 kB at 19 kB/s)
Downloading from central: https://repo.maven.apache.org/maven2/commons-codec/commons-codec/1.2/commons-codec-1.2.pom
Progress (1): 993 B
Progress (1): 2.9 kB
Progress (1): 3.8 kB
                    
Downloaded from central: https://repo.maven.apache.org/maven2/commons-codec/commons-codec/1.2/commons-codec-1.2.pom (3.8 kB at 5.3 kB/s)
Downloading from central: https://repo.maven.apache.org/maven2/org/apache/maven/doxia/doxia-site-renderer/1.1.2/doxia-site-renderer-1.1.2.pom
Progress (1): 785 B
Progress (1): 2.6 kB
Progress (1): 6.1 kB
                    
Downloaded from central: https://repo.maven.apache.org/maven2/org/apache/maven/doxia/doxia-site-renderer/1.1.2/doxia-site-renderer-1.1.2.pom (6.1 kB at 20 kB/s)
Downloading from central: https://repo.maven.apache.org/maven2/org/apache/maven/doxia/doxia-sitetools/1.1.2/doxia-sitetools-1.1.2.pom
Progress (1): 747 B
Progress (1): 2.2 kB
Progress (1): 5.4 kB
Progress (1): 9.7 kB
Progress (1): 13 kB 
Progress (1): 15 kB
                   
Downloaded from central: https://repo.maven.apache.org/maven2/org/apache/maven/doxia/doxia-sitetools/1.1.2/doxia-sitetools-1.1.2.pom (15 kB at 39 kB/s)
Downloading from central: https://repo.maven.apache.org/maven2/org/apache/maven/doxia/doxia-decoration-model/1.1.2/doxia-decoration-model-1.1.2.pom
Progress (1): 818 B
Progress (1): 2.5 kB
Progress (1): 3.0 kB
                    
Downloaded from central: https://repo.maven.apache.org/maven2/org/apache/maven/doxia/doxia-decoration-model/1.1.2/doxia-decoration-model-1.1.2.pom (3.0 kB at 8.5 kB/s)
Downloading from central: https://repo.maven.apache.org/maven2/org/apache/maven/doxia/doxia-module-xhtml/1.1.2/doxia-module-xhtml-1.1.2.pom
Progress (1): 832 B
Progress (1): 1.6 kB
                    
Downloaded from central: https://repo.maven.apache.org/maven2/org/apache/maven/doxia/doxia-module-xhtml/1.1.2/doxia-module-xhtml-1.1.2.pom (1.6 kB at 6.0 kB/s)
Downloading from central: https://repo.maven.apache.org/maven2/org/apache/maven/doxia/doxia-modules/1.1.2/doxia-modules-1.1.2.pom
Progress (1): 819 B
Progress (1): 2.4 kB
                    
Downloaded from central: https://repo.maven.apache.org/maven2/org/apache/maven/doxia/doxia-modules/1.1.2/doxia-modules-1.1.2.pom (2.4 kB at 8.3 kB/s)
Downloading from central: https://repo.maven.apache.org/maven2/org/apache/maven/doxia/doxia-module-fml/1.1.2/doxia-module-fml-1.1.2.pom
Progress (1): 785 B
Progress (1): 2.4 kB
Progress (1): 5.1 kB
Progress (1): 5.5 kB
                    
Downloaded from central: https://repo.maven.apache.org/maven2/org/apache/maven/doxia/doxia-module-fml/1.1.2/doxia-module-fml-1.1.2.pom (5.5 kB at 18 kB/s)
Downloading from central: https://repo.maven.apache.org/maven2/commons-collections/commons-collections/3.2.2/commons-collections-3.2.2.pom
Progress (1): 785 B
Progress (1): 2.4 kB
Progress (1): 5.9 kB
Progress (1): 9.5 kB
Progress (1): 11 kB 
Progress (1): 12 kB
                   
Downloaded from central: https://repo.maven.apache.org/maven2/commons-collections/commons-collections/3.2.2/commons-collections-3.2.2.pom (12 kB at 34 kB/s)
Downloading from central: https://repo.maven.apache.org/maven2/commons-validator/commons-validator/1.2.0/commons-validator-1.2.0.pom
Progress (1): 1.2 kB
Progress (1): 4.3 kB
Progress (1): 6.4 kB
Progress (1): 9.1 kB
                    
Downloaded from central: https://repo.maven.apache.org/maven2/commons-validator/commons-validator/1.2.0/commons-validator-1.2.0.pom (9.1 kB at 18 kB/s)
Downloading from central: https://repo.maven.apache.org/maven2/commons-beanutils/commons-beanutils/1.7.0/commons-beanutils-1.7.0.pom
Progress (1): 357 B
                   
Downloaded from central: https://repo.maven.apache.org/maven2/commons-beanutils/commons-beanutils/1.7.0/commons-beanutils-1.7.0.pom (357 B at 1.3 kB/s)
Downloading from central: https://repo.maven.apache.org/maven2/commons-logging/commons-logging/1.0.3/commons-logging-1.0.3.pom
Progress (1): 866 B
                   
Downloaded from central: https://repo.maven.apache.org/maven2/commons-logging/commons-logging/1.0.3/commons-logging-1.0.3.pom (866 B at 3.5 kB/s)
Downloading from central: https://repo.maven.apache.org/maven2/commons-digester/commons-digester/1.6/commons-digester-1.6.pom
Progress (1): 974 B
                   
Downloaded from central: https://repo.maven.apache.org/maven2/commons-digester/commons-digester/1.6/commons-digester-1.6.pom (974 B at 3.9 kB/s)
Downloading from central: https://repo.maven.apache.org/maven2/commons-beanutils/commons-beanutils/1.6/commons-beanutils-1.6.pom
Progress (1): 1.9 kB
Progress (1): 2.3 kB
                    
Downloaded from central: https://repo.maven.apache.org/maven2/commons-beanutils/commons-beanutils/1.6/commons-beanutils-1.6.pom (2.3 kB at 6.6 kB/s)
Downloading from central: https://repo.maven.apache.org/maven2/commons-logging/commons-logging/1.0/commons-logging-1.0.pom
Progress (1): 163 B
                   
Downloaded from central: https://repo.maven.apache.org/maven2/commons-logging/commons-logging/1.0/commons-logging-1.0.pom (163 B at 565 B/s)
Downloading from central: https://repo.maven.apache.org/maven2/xml-apis/xml-apis/1.0.b2/xml-apis-1.0.b2.pom
Progress (1): 955 B
Progress (1): 2.2 kB
                    
Downloaded from central: https://repo.maven.apache.org/maven2/xml-apis/xml-apis/1.0.b2/xml-apis-1.0.b2.pom (2.2 kB at 8.2 kB/s)
Downloading from central: https://repo.maven.apache.org/maven2/xml-apis/xml-apis/2.0.2/xml-apis-2.0.2.pom
Progress (1): 346 B
                   
Downloaded from central: https://repo.maven.apache.org/maven2/xml-apis/xml-apis/2.0.2/xml-apis-2.0.2.pom (346 B at 1.4 kB/s)
Downloading from central: https://repo.maven.apache.org/maven2/org/jacoco/org.jacoco.agent/0.8.4/org.jacoco.agent-0.8.4.pom
Progress (1): 858 B
Progress (1): 3.4 kB
Progress (1): 3.5 kB
                    
Downloaded from central: https://repo.maven.apache.org/maven2/org/jacoco/org.jacoco.agent/0.8.4/org.jacoco.agent-0.8.4.pom (3.5 kB at 10 kB/s)
Downloading from central: https://repo.maven.apache.org/maven2/org/jacoco/org.jacoco.core/0.8.4/org.jacoco.core-0.8.4.pom
Progress (1): 910 B
Progress (1): 2.1 kB
                    
Downloaded from central: https://repo.maven.apache.org/maven2/org/jacoco/org.jacoco.core/0.8.4/org.jacoco.core-0.8.4.pom (2.1 kB at 7.5 kB/s)
Downloading from central: https://repo.maven.apache.org/maven2/org/ow2/asm/asm/7.1/asm-7.1.pom
Progress (1): 1.2 kB
Progress (1): 2.9 kB
                    
Downloaded from central: https://repo.maven.apache.org/maven2/org/ow2/asm/asm/7.1/asm-7.1.pom (2.9 kB at 11 kB/s)
Downloading from central: https://repo.maven.apache.org/maven2/org/ow2/asm/asm-commons/7.1/asm-commons-7.1.pom
Progress (1): 1.1 kB
Progress (1): 3.7 kB
                    
Downloaded from central: https://repo.maven.apache.org/maven2/org/ow2/asm/asm-commons/7.1/asm-commons-7.1.pom (3.7 kB at 14 kB/s)
Downloading from central: https://repo.maven.apache.org/maven2/org/ow2/asm/asm-tree/7.1/asm-tree-7.1.pom
Progress (1): 1.2 kB
Progress (1): 3.1 kB
                    
Downloaded from central: https://repo.maven.apache.org/maven2/org/ow2/asm/asm-tree/7.1/asm-tree-7.1.pom (3.1 kB at 11 kB/s)
Downloading from central: https://repo.maven.apache.org/maven2/org/ow2/asm/asm-analysis/7.1/asm-analysis-7.1.pom
Progress (1): 1.2 kB
Progress (1): 3.2 kB
                    
Downloaded from central: https://repo.maven.apache.org/maven2/org/ow2/asm/asm-analysis/7.1/asm-analysis-7.1.pom (3.2 kB at 12 kB/s)
Downloading from central: https://repo.maven.apache.org/maven2/org/jacoco/org.jacoco.report/0.8.4/org.jacoco.report-0.8.4.pom
Progress (1): 912 B
Progress (1): 1.9 kB
                    
Downloaded from central: https://repo.maven.apache.org/maven2/org/jacoco/org.jacoco.report/0.8.4/org.jacoco.report-0.8.4.pom (1.9 kB at 2.2 kB/s)
Downloading from central: https://repo.maven.apache.org/maven2/org/codehaus/plexus/plexus-utils/3.0.22/plexus-utils-3.0.22.jar
Progress (1): 7.7/245 kB
Progress (1): 16/245 kB 
Progress (1): 32/245 kB
Progress (1): 49/245 kB
Progress (1): 65/245 kB
Progress (1): 81/245 kB
Progress (1): 98/245 kB
Progress (1): 114/245 kB
Progress (1): 122/245 kB
Progress (1): 139/245 kB
Progress (1): 155/245 kB
Progress (1): 172/245 kB
Progress (1): 188/245 kB
Progress (1): 204/245 kB
Progress (1): 221/245 kB
Progress (1): 237/245 kB
Progress (1): 245 kB    
                    
Downloaded from central: https://repo.maven.apache.org/maven2/org/codehaus/plexus/plexus-utils/3.0.22/plexus-utils-3.0.22.jar (245 kB at 25 kB/s)
Downloading from central: https://repo.maven.apache.org/maven2/org/apache/maven/shared/file-management/1.2.1/file-management-1.2.1.jar
Downloading from central: https://repo.maven.apache.org/maven2/org/apache/maven/shared/maven-shared-io/1.1/maven-shared-io-1.1.jar
Downloading from central: https://repo.maven.apache.org/maven2/org/apache/maven/maven-artifact-manager/2.0.2/maven-artifact-manager-2.0.2.jar
Downloading from central: https://repo.maven.apache.org/maven2/org/apache/maven/wagon/wagon-provider-api/1.0-alpha-6/wagon-provider-api-1.0-alpha-6.jar
Downloading from central: https://repo.maven.apache.org/maven2/org/apache/maven/reporting/maven-reporting-impl/2.1/maven-reporting-impl-2.1.jar
Progress (1): 7.7/17 kB
Progress (1): 7.7/17 kB
Progress (1): 17 kB    
                   
Downloaded from central: https://repo.maven.apache.org/maven2/org/apache/maven/reporting/maven-reporting-impl/2.1/maven-reporting-impl-2.1.jar (17 kB at 76 kB/s)
Downloading from central: https://repo.maven.apache.org/maven2/org/apache/maven/maven-project/2.0.10/maven-project-2.0.10.jar
Progress (1): 7.7/43 kB
Progress (2): 7.7/43 kB | 7.7/39 kB
Progress (2): 16/43 kB | 7.7/39 kB 
Progress (2): 16/43 kB | 16/39 kB 
Progress (3): 16/43 kB | 16/39 kB | 7.7/49 kB
Progress (3): 16/43 kB | 16/39 kB | 11/49 kB 
Progress (3): 16/43 kB | 25/39 kB | 11/49 kB
Progress (3): 16/43 kB | 39 kB | 11/49 kB   
                                         
Downloaded from central: https://repo.maven.apache.org/maven2/org/apache/maven/shared/maven-shared-io/1.1/maven-shared-io-1.1.jar (39 kB at 95 kB/s)
Downloading from central: https://repo.maven.apache.org/maven2/org/apache/maven/maven-profile/2.0.10/maven-profile-2.0.10.jar
Progress (3): 16/43 kB | 11/49 kB | 7.7/123 kB
Progress (3): 16/43 kB | 11/49 kB | 7.7/123 kB
Progress (3): 24/43 kB | 11/49 kB | 7.7/123 kB
Progress (3): 40/43 kB | 11/49 kB | 7.7/123 kB
Progress (3): 43 kB | 11/49 kB | 7.7/123 kB   
Progress (3): 43 kB | 28/49 kB | 7.7/123 kB
                                           
Downloaded from central: https://repo.maven.apache.org/maven2/org/apache/maven/wagon/wagon-provider-api/1.0-alpha-6/wagon-provider-api-1.0-alpha-6.jar (43 kB at 80 kB/s)
Downloading from central: https://repo.maven.apache.org/maven2/org/apache/maven/maven-plugin-registry/2.0.10/maven-plugin-registry-2.0.10.jar
Progress (2): 28/49 kB | 24/123 kB
Progress (2): 44/49 kB | 24/123 kB
Progress (2): 44/49 kB | 40/123 kB
Progress (2): 44/49 kB | 57/123 kB
Progress (2): 44/49 kB | 73/123 kB
Progress (2): 44/49 kB | 90/123 kB
Progress (2): 44/49 kB | 106/123 kB
Progress (2): 44/49 kB | 122/123 kB
Progress (2): 44/49 kB | 123 kB    
Progress (2): 49 kB | 123 kB   
                            
Downloaded from central: https://repo.maven.apache.org/maven2/org/apache/maven/maven-project/2.0.10/maven-project-2.0.10.jar (123 kB at 211 kB/s)
Downloading from central: https://repo.maven.apache.org/maven2/org/apache/maven/doxia/doxia-core/1.1.2/doxia-core-1.1.2.jar
Downloaded from central: https://repo.maven.apache.org/maven2/org/apache/maven/maven-artifact-manager/2.0.2/maven-artifact-manager-2.0.2.jar (49 kB at 84 kB/s)
Downloading from central: https://repo.maven.apache.org/maven2/org/apache/maven/doxia/doxia-logging-api/1.1.2/doxia-logging-api-1.1.2.jar
Progress (1): 7.7/37 kB
Progress (1): 12/37 kB 
Progress (1): 16/37 kB
Progress (1): 33/37 kB
Progress (2): 33/37 kB | 7.7/30 kB
Progress (3): 33/37 kB | 7.7/30 kB | 7.7/11 kB
Progress (3): 33/37 kB | 16/30 kB | 7.7/11 kB 
Progress (3): 33/37 kB | 16/30 kB | 11 kB    
Progress (3): 37 kB | 16/30 kB | 11 kB   
                                      
Downloaded from central: https://repo.maven.apache.org/maven2/org/apache/maven/maven-profile/2.0.10/maven-profile-2.0.10.jar (37 kB at 43 kB/s)
Downloading from central: https://repo.maven.apache.org/maven2/xerces/xercesImpl/2.8.1/xercesImpl-2.8.1.jar
Downloaded from central: https://repo.maven.apache.org/maven2/org/apache/maven/doxia/doxia-logging-api/1.1.2/doxia-logging-api-1.1.2.jar (11 kB at 13 kB/s)
Downloading from central: https://repo.maven.apache.org/maven2/commons-lang/commons-lang/2.4/commons-lang-2.4.jar
Progress (1): 24/30 kB
Progress (2): 24/30 kB | 0/1.2 MB
Progress (3): 24/30 kB | 0/1.2 MB | 7.7/158 kB
Progress (4): 24/30 kB | 0/1.2 MB | 7.7/158 kB | 7.7/38 kB
Progress (4): 24/30 kB | 0/1.2 MB | 16/158 kB | 7.7/38 kB 
Progress (4): 30 kB | 0/1.2 MB | 16/158 kB | 7.7/38 kB   
Progress (4): 30 kB | 0/1.2 MB | 16/158 kB | 15/38 kB 
                                                     
Downloaded from central: https://repo.maven.apache.org/maven2/org/apache/maven/maven-plugin-registry/2.0.10/maven-plugin-registry-2.0.10.jar (30 kB at 28 kB/s)
Downloading from central: https://repo.maven.apache.org/maven2/commons-httpclient/commons-httpclient/3.1/commons-httpclient-3.1.jar
Progress (3): 0/1.2 MB | 32/158 kB | 15/38 kB
Progress (3): 0/1.2 MB | 33/158 kB | 15/38 kB
Progress (3): 0/1.2 MB | 33/158 kB | 32/38 kB
Progress (3): 0/1.2 MB | 33/158 kB | 38 kB   
Progress (3): 0/1.2 MB | 49/158 kB | 38 kB
                                          
Downloaded from central: https://repo.maven.apache.org/maven2/org/apache/maven/shared/file-management/1.2.1/file-management-1.2.1.jar (38 kB at 35 kB/s)
Downloading from central: https://repo.maven.apache.org/maven2/commons-codec/commons-codec/1.2/commons-codec-1.2.jar
Progress (2): 0/1.2 MB | 66/158 kB
Progress (3): 0/1.2 MB | 66/158 kB | 7.7/262 kB
Progress (3): 0/1.2 MB | 66/158 kB | 16/262 kB 
Progress (3): 0/1.2 MB | 82/158 kB | 16/262 kB
Progress (3): 0/1.2 MB | 82/158 kB | 32/262 kB
Progress (3): 0/1.2 MB | 82/158 kB | 48/262 kB
Progress (3): 0/1.2 MB | 82/158 kB | 48/262 kB
Progress (3): 0/1.2 MB | 82/158 kB | 65/262 kB
Progress (3): 0/1.2 MB | 98/158 kB | 65/262 kB
Progress (3): 0/1.2 MB | 115/158 kB | 65/262 kB
Progress (3): 0/1.2 MB | 131/158 kB | 65/262 kB
Progress (3): 0/1.2 MB | 147/158 kB | 65/262 kB
Progress (3): 0/1.2 MB | 158 kB | 65/262 kB    
                                           
Downloaded from central: https://repo.maven.apache.org/maven2/org/apache/maven/doxia/doxia-core/1.1.2/doxia-core-1.1.2.jar (158 kB at 141 kB/s)
Downloading from central: https://repo.maven.apache.org/maven2/org/apache/maven/doxia/doxia-site-renderer/1.1.2/doxia-site-renderer-1.1.2.jar
Progress (2): 0/1.2 MB | 81/262 kB
Progress (2): 0/1.2 MB | 97/262 kB
Progress (2): 0/1.2 MB | 97/262 kB
Progress (2): 0/1.2 MB | 114/262 kB
Progress (2): 0/1.2 MB | 130/262 kB
Progress (2): 0/1.2 MB | 147/262 kB
Progress (2): 0/1.2 MB | 163/262 kB
Progress (2): 0/1.2 MB | 179/262 kB
Progress (2): 0/1.2 MB | 196/262 kB
Progress (3): 0/1.2 MB | 196/262 kB | 7.7/305 kB
Progress (3): 0.1/1.2 MB | 196/262 kB | 7.7/305 kB
Progress (3): 0.1/1.2 MB | 196/262 kB | 16/305 kB 
Progress (3): 0.1/1.2 MB | 212/262 kB | 16/305 kB
Progress (3): 0.1/1.2 MB | 228/262 kB | 16/305 kB
Progress (3): 0.1/1.2 MB | 245/262 kB | 16/305 kB
Progress (3): 0.1/1.2 MB | 245/262 kB | 32/305 kB
Progress (3): 0.1/1.2 MB | 245/262 kB | 32/305 kB
Progress (3): 0.1/1.2 MB | 261/262 kB | 32/305 kB
Progress (3): 0.1/1.2 MB | 262 kB | 32/305 kB    
                                             
Downloaded from central: https://repo.maven.apache.org/maven2/commons-lang/commons-lang/2.4/commons-lang-2.4.jar (262 kB at 171 kB/s)
Downloading from central: https://repo.maven.apache.org/maven2/org/apache/maven/doxia/doxia-decoration-model/1.1.2/doxia-decoration-model-1.1.2.jar
Progress (2): 0.1/1.2 MB | 32/305 kB
Progress (2): 0.1/1.2 MB | 49/305 kB
Progress (2): 0.1/1.2 MB | 49/305 kB
Progress (2): 0.1/1.2 MB | 49/305 kB
Progress (2): 0.1/1.2 MB | 49/305 kB
Progress (2): 0.1/1.2 MB | 49/305 kB
Progress (2): 0.2/1.2 MB | 49/305 kB
Progress (2): 0.2/1.2 MB | 49/305 kB
Progress (3): 0.2/1.2 MB | 49/305 kB | 7.7/30 kB
Progress (3): 0.2/1.2 MB | 49/305 kB | 16/30 kB 
Progress (3): 0.2/1.2 MB | 49/305 kB | 16/30 kB
Progress (3): 0.2/1.2 MB | 49/305 kB | 16/30 kB
Progress (3): 0.2/1.2 MB | 49/305 kB | 16/30 kB
Progress (4): 0.2/1.2 MB | 49/305 kB | 16/30 kB | 7.7/52 kB
Progress (4): 0.2/1.2 MB | 49/305 kB | 16/30 kB | 16/52 kB 
Progress (4): 0.2/1.2 MB | 49/305 kB | 16/30 kB | 32/52 kB
Progress (4): 0.2/1.2 MB | 49/305 kB | 16/30 kB | 49/52 kB
Progress (4): 0.2/1.2 MB | 49/305 kB | 16/30 kB | 52 kB   
                                                       
Downloaded from central: https://repo.maven.apache.org/maven2/org/apache/maven/doxia/doxia-decoration-model/1.1.2/doxia-decoration-model-1.1.2.jar (52 kB at 27 kB/s)
Downloading from central: https://repo.maven.apache.org/maven2/org/apache/maven/doxia/doxia-module-xhtml/1.1.2/doxia-module-xhtml-1.1.2.jar
Progress (3): 0.2/1.2 MB | 66/305 kB | 16/30 kB
Progress (3): 0.2/1.2 MB | 66/305 kB | 30 kB   
Progress (3): 0.2/1.2 MB | 66/305 kB | 30 kB
Progress (4): 0.2/1.2 MB | 66/305 kB | 30 kB | 7.7/50 kB
Progress (4): 0.2/1.2 MB | 66/305 kB | 30 kB | 11/50 kB 
                                                       
Downloaded from central: https://repo.maven.apache.org/maven2/commons-codec/commons-codec/1.2/commons-codec-1.2.jar (30 kB at 15 kB/s)
Downloading from central: https://repo.maven.apache.org/maven2/org/apache/maven/doxia/doxia-module-fml/1.1.2/doxia-module-fml-1.1.2.jar
Progress (3): 0.2/1.2 MB | 82/305 kB | 11/50 kB
Progress (3): 0.2/1.2 MB | 82/305 kB | 11/50 kB
Progress (3): 0.2/1.2 MB | 82/305 kB | 28/50 kB
Progress (3): 0.2/1.2 MB | 98/305 kB | 28/50 kB
Progress (3): 0.3/1.2 MB | 98/305 kB | 28/50 kB
Progress (3): 0.3/1.2 MB | 98/305 kB | 44/50 kB
Progress (3): 0.3/1.2 MB | 98/305 kB | 50 kB   
Progress (3): 0.3/1.2 MB | 115/305 kB | 50 kB
Progress (3): 0.3/1.2 MB | 115/305 kB | 50 kB
                                             
Downloaded from central: https://repo.maven.apache.org/maven2/org/apache/maven/doxia/doxia-site-renderer/1.1.2/doxia-site-renderer-1.1.2.jar (50 kB at 25 kB/s)
Downloading from central: https://repo.maven.apache.org/maven2/commons-collections/commons-collections/3.2.2/commons-collections-3.2.2.jar
Progress (2): 0.3/1.2 MB | 131/305 kB
Progress (2): 0.3/1.2 MB | 131/305 kB
Progress (2): 0.3/1.2 MB | 147/305 kB
Progress (2): 0.3/1.2 MB | 147/305 kB
Progress (2): 0.3/1.2 MB | 164/305 kB
Progress (2): 0.3/1.2 MB | 164/305 kB
Progress (2): 0.3/1.2 MB | 180/305 kB
Progress (2): 0.3/1.2 MB | 180/305 kB
Progress (2): 0.3/1.2 MB | 184/305 kB
Progress (2): 0.3/1.2 MB | 200/305 kB
Progress (2): 0.3/1.2 MB | 213/305 kB
Progress (2): 0.3/1.2 MB | 217/305 kB
Progress (3): 0.3/1.2 MB | 217/305 kB | 7.7/15 kB
Progress (3): 0.3/1.2 MB | 217/305 kB | 15 kB    
                                             
Downloaded from central: https://repo.maven.apache.org/maven2/org/apache/maven/doxia/doxia-module-xhtml/1.1.2/doxia-module-xhtml-1.1.2.jar (15 kB at 6.9 kB/s)
Downloading from central: https://repo.maven.apache.org/maven2/commons-validator/commons-validator/1.2.0/commons-validator-1.2.0.jar
Progress (2): 0.3/1.2 MB | 233/305 kB
Progress (2): 0.3/1.2 MB | 250/305 kB
Progress (2): 0.3/1.2 MB | 266/305 kB
Progress (2): 0.4/1.2 MB | 266/305 kB
Progress (2): 0.4/1.2 MB | 266/305 kB
Progress (2): 0.4/1.2 MB | 282/305 kB
Progress (2): 0.4/1.2 MB | 282/305 kB
Progress (3): 0.4/1.2 MB | 282/305 kB | 7.7/588 kB
Progress (3): 0.4/1.2 MB | 282/305 kB | 16/588 kB 
Progress (3): 0.4/1.2 MB | 282/305 kB | 16/588 kB
Progress (3): 0.4/1.2 MB | 282/305 kB | 16/588 kB
Progress (3): 0.4/1.2 MB | 282/305 kB | 16/588 kB
Progress (3): 0.5/1.2 MB | 282/305 kB | 16/588 kB
Progress (3): 0.5/1.2 MB | 282/305 kB | 16/588 kB
Progress (3): 0.5/1.2 MB | 282/305 kB | 16/588 kB
Progress (3): 0.5/1.2 MB | 282/305 kB | 25/588 kB
Progress (3): 0.5/1.2 MB | 299/305 kB | 25/588 kB
Progress (4): 0.5/1.2 MB | 299/305 kB | 25/588 kB | 7.7/37 kB
Progress (5): 0.5/1.2 MB | 299/305 kB | 25/588 kB | 7.7/37 kB | 7.7/91 kB
Progress (5): 0.5/1.2 MB | 299/305 kB | 25/588 kB | 16/37 kB | 7.7/91 kB 
Progress (5): 0.5/1.2 MB | 299/305 kB | 25/588 kB | 16/37 kB | 16/91 kB 
Progress (5): 0.5/1.2 MB | 299/305 kB | 25/588 kB | 16/37 kB | 16/91 kB
Progress (5): 0.5/1.2 MB | 305 kB | 25/588 kB | 16/37 kB | 16/91 kB    
Progress (5): 0.5/1.2 MB | 305 kB | 25/588 kB | 16/37 kB | 16/91 kB
Progress (5): 0.5/1.2 MB | 305 kB | 25/588 kB | 16/37 kB | 16/91 kB
Progress (5): 0.5/1.2 MB | 305 kB | 41/588 kB | 16/37 kB | 16/91 kB
Progress (5): 0.5/1.2 MB | 305 kB | 41/588 kB | 28/37 kB | 16/91 kB
Progress (5): 0.5/1.2 MB | 305 kB | 41/588 kB | 28/37 kB | 32/91 kB
Progress (5): 0.6/1.2 MB | 305 kB | 41/588 kB | 28/37 kB | 32/91 kB
                                                                   
Downloaded from central: https://repo.maven.apache.org/maven2/commons-httpclient/commons-httpclient/3.1/commons-httpclient-3.1.jar (305 kB at 101 kB/s)
Downloading from central: https://repo.maven.apache.org/maven2/commons-beanutils/commons-beanutils/1.7.0/commons-beanutils-1.7.0.jar
Progress (4): 0.6/1.2 MB | 41/588 kB | 28/37 kB | 32/91 kB
Progress (4): 0.6/1.2 MB | 41/588 kB | 28/37 kB | 32/91 kB
Progress (4): 0.6/1.2 MB | 41/588 kB | 28/37 kB | 49/91 kB
Progress (4): 0.6/1.2 MB | 41/588 kB | 28/37 kB | 49/91 kB
Progress (4): 0.6/1.2 MB | 57/588 kB | 28/37 kB | 49/91 kB
Progress (4): 0.6/1.2 MB | 57/588 kB | 28/37 kB | 49/91 kB
Progress (4): 0.6/1.2 MB | 57/588 kB | 28/37 kB | 57/91 kB
Progress (4): 0.6/1.2 MB | 57/588 kB | 28/37 kB | 57/91 kB
Progress (4): 0.7/1.2 MB | 57/588 kB | 28/37 kB | 57/91 kB
Progress (4): 0.7/1.2 MB | 57/588 kB | 28/37 kB | 57/91 kB
Progress (4): 0.7/1.2 MB | 57/588 kB | 28/37 kB | 73/91 kB
Progress (4): 0.7/1.2 MB | 57/588 kB | 28/37 kB | 73/91 kB
Progress (4): 0.7/1.2 MB | 74/588 kB | 28/37 kB | 73/91 kB
Progress (4): 0.7/1.2 MB | 74/588 kB | 28/37 kB | 73/91 kB
Progress (4): 0.7/1.2 MB | 74/588 kB | 28/37 kB | 90/91 kB
Progress (4): 0.7/1.2 MB | 74/588 kB | 28/37 kB | 90/91 kB
Progress (4): 0.7/1.2 MB | 74/588 kB | 28/37 kB | 91 kB   
Progress (4): 0.7/1.2 MB | 74/588 kB | 28/37 kB | 91 kB
Progress (4): 0.8/1.2 MB | 74/588 kB | 28/37 kB | 91 kB
                                                       
Downloaded from central: https://repo.maven.apache.org/maven2/commons-validator/commons-validator/1.2.0/commons-validator-1.2.0.jar (91 kB at 30 kB/s)
Downloading from central: https://repo.maven.apache.org/maven2/commons-digester/commons-digester/1.6/commons-digester-1.6.jar
Progress (3): 0.8/1.2 MB | 90/588 kB | 28/37 kB
Progress (3): 0.8/1.2 MB | 90/588 kB | 28/37 kB
Progress (3): 0.8/1.2 MB | 90/588 kB | 28/37 kB
Progress (3): 0.8/1.2 MB | 90/588 kB | 28/37 kB
Progress (3): 0.8/1.2 MB | 90/588 kB | 28/37 kB
Progress (3): 0.8/1.2 MB | 106/588 kB | 28/37 kB
Progress (3): 0.8/1.2 MB | 123/588 kB | 28/37 kB
Progress (3): 0.8/1.2 MB | 139/588 kB | 28/37 kB
Progress (3): 0.8/1.2 MB | 156/588 kB | 28/37 kB
Progress (3): 0.8/1.2 MB | 172/588 kB | 28/37 kB
Progress (3): 0.8/1.2 MB | 188/588 kB | 28/37 kB
Progress (3): 0.8/1.2 MB | 205/588 kB | 28/37 kB
Progress (3): 0.8/1.2 MB | 221/588 kB | 28/37 kB
Progress (3): 0.8/1.2 MB | 238/588 kB | 28/37 kB
Progress (3): 0.8/1.2 MB | 238/588 kB | 28/37 kB
Progress (3): 0.9/1.2 MB | 238/588 kB | 28/37 kB
Progress (3): 0.9/1.2 MB | 254/588 kB | 28/37 kB
Progress (3): 0.9/1.2 MB | 254/588 kB | 28/37 kB
Progress (3): 0.9/1.2 MB | 270/588 kB | 28/37 kB
Progress (3): 0.9/1.2 MB | 287/588 kB | 28/37 kB
Progress (3): 0.9/1.2 MB | 303/588 kB | 28/37 kB
Progress (3): 0.9/1.2 MB | 319/588 kB | 28/37 kB
Progress (3): 0.9/1.2 MB | 336/588 kB | 28/37 kB
Progress (3): 0.9/1.2 MB | 352/588 kB | 28/37 kB
Progress (3): 0.9/1.2 MB | 369/588 kB | 28/37 kB
Progress (3): 0.9/1.2 MB | 385/588 kB | 28/37 kB
Progress (3): 0.9/1.2 MB | 401/588 kB | 28/37 kB
Progress (3): 0.9/1.2 MB | 418/588 kB | 28/37 kB
Progress (3): 0.9/1.2 MB | 418/588 kB | 37 kB   
                                             
Downloaded from central: https://repo.maven.apache.org/maven2/org/apache/maven/doxia/doxia-module-fml/1.1.2/doxia-module-fml-1.1.2.jar (37 kB at 12 kB/s)
Downloading from central: https://repo.maven.apache.org/maven2/commons-logging/commons-logging/1.0.4/commons-logging-1.0.4.jar
Progress (2): 0.9/1.2 MB | 434/588 kB
Progress (2): 0.9/1.2 MB | 451/588 kB
Progress (2): 0.9/1.2 MB | 467/588 kB
Progress (2): 0.9/1.2 MB | 467/588 kB
Progress (2): 0.9/1.2 MB | 467/588 kB
Progress (2): 0.9/1.2 MB | 483/588 kB
Progress (2): 0.9/1.2 MB | 500/588 kB
Progress (2): 0.9/1.2 MB | 516/588 kB
Progress (2): 0.9/1.2 MB | 532/588 kB
Progress (2): 0.9/1.2 MB | 549/588 kB
Progress (2): 0.9/1.2 MB | 565/588 kB
Progress (2): 0.9/1.2 MB | 582/588 kB
Progress (2): 0.9/1.2 MB | 588 kB    
Progress (3): 0.9/1.2 MB | 588 kB | 3.2/168 kB
                                              
Downloaded from central: https://repo.maven.apache.org/maven2/commons-collections/commons-collections/3.2.2/commons-collections-3.2.2.jar (588 kB at 175 kB/s)
Progress (3): 0.9/1.2 MB | 3.2/168 kB | 7.7/189 kB
                                                  
Downloading from central: https://repo.maven.apache.org/maven2/xml-apis/xml-apis/1.0.b2/xml-apis-1.0.b2.jar
Progress (3): 0.9/1.2 MB | 3.2/168 kB | 16/189 kB
Progress (3): 0.9/1.2 MB | 3.2/168 kB | 24/189 kB
Progress (3): 0.9/1.2 MB | 20/168 kB | 24/189 kB 
Progress (3): 0.9/1.2 MB | 36/168 kB | 24/189 kB
Progress (3): 0.9/1.2 MB | 52/168 kB | 24/189 kB
Progress (3): 0.9/1.2 MB | 66/168 kB | 24/189 kB
Progress (3): 0.9/1.2 MB | 82/168 kB | 24/189 kB
Progress (3): 0.9/1.2 MB | 98/168 kB | 24/189 kB
Progress (3): 0.9/1.2 MB | 115/168 kB | 24/189 kB
Progress (3): 0.9/1.2 MB | 131/168 kB | 24/189 kB
Progress (3): 0.9/1.2 MB | 147/168 kB | 24/189 kB
Progress (3): 0.9/1.2 MB | 164/168 kB | 24/189 kB
Progress (3): 0.9/1.2 MB | 168 kB | 24/189 kB    
Progress (3): 0.9/1.2 MB | 168 kB | 24/189 kB
Progress (3): 0.9/1.2 MB | 168 kB | 24/189 kB
Progress (3): 1.0/1.2 MB | 168 kB | 24/189 kB
Progress (3): 1.0/1.2 MB | 168 kB | 24/189 kB
Progress (3): 1.0/1.2 MB | 168 kB | 24/189 kB
Progress (3): 1.0/1.2 MB | 168 kB | 24/189 kB
Progress (4): 1.0/1.2 MB | 168 kB | 24/189 kB | 7.7/38 kB
Progress (4): 1.0/1.2 MB | 168 kB | 24/189 kB | 7.7/38 kB
Progress (4): 1.0/1.2 MB | 168 kB | 24/189 kB | 7.7/38 kB
Progress (4): 1.0/1.2 MB | 168 kB | 24/189 kB | 7.7/38 kB
Progress (4): 1.1/1.2 MB | 168 kB | 24/189 kB | 7.7/38 kB
Progress (4): 1.1/1.2 MB | 168 kB | 24/189 kB | 7.7/38 kB
Progress (4): 1.1/1.2 MB | 168 kB | 24/189 kB | 7.7/38 kB
                                                         
Downloaded from central: https://repo.maven.apache.org/maven2/commons-digester/commons-digester/1.6/commons-digester-1.6.jar (168 kB at 49 kB/s)
Downloading from central: https://repo.maven.apache.org/maven2/org/jacoco/org.jacoco.agent/0.8.4/org.jacoco.agent-0.8.4-runtime.jar
Progress (3): 1.1/1.2 MB | 40/189 kB | 7.7/38 kB
Progress (3): 1.1/1.2 MB | 49/189 kB | 7.7/38 kB
Progress (3): 1.1/1.2 MB | 66/189 kB | 7.7/38 kB
Progress (3): 1.1/1.2 MB | 82/189 kB | 7.7/38 kB
Progress (3): 1.1/1.2 MB | 98/189 kB | 7.7/38 kB
Progress (3): 1.1/1.2 MB | 98/189 kB | 7.7/38 kB
Progress (3): 1.1/1.2 MB | 98/189 kB | 7.7/38 kB
Progress (3): 1.1/1.2 MB | 98/189 kB | 7.7/38 kB
Progress (3): 1.2/1.2 MB | 98/189 kB | 7.7/38 kB
Progress (3): 1.2/1.2 MB | 98/189 kB | 7.7/38 kB
Progress (3): 1.2/1.2 MB | 98/189 kB | 7.7/38 kB
Progress (3): 1.2/1.2 MB | 98/189 kB | 7.7/38 kB
Progress (3): 1.2 MB | 98/189 kB | 7.7/38 kB    
                                            
Downloaded from central: https://repo.maven.apache.org/maven2/xerces/xercesImpl/2.8.1/xercesImpl-2.8.1.jar (1.2 MB at 326 kB/s)
Downloading from central: https://repo.maven.apache.org/maven2/org/jacoco/org.jacoco.core/0.8.4/org.jacoco.core-0.8.4.jar
Progress (2): 115/189 kB | 7.7/38 kB
Progress (3): 115/189 kB | 7.7/38 kB | 7.7/109 kB
Progress (3): 115/189 kB | 7.7/38 kB | 16/109 kB 
Progress (3): 115/189 kB | 24/38 kB | 16/109 kB 
Progress (3): 115/189 kB | 33/38 kB | 16/109 kB
Progress (4): 115/189 kB | 33/38 kB | 16/109 kB | 16/281 kB
Progress (4): 115/189 kB | 33/38 kB | 16/109 kB | 33/281 kB
Progress (4): 115/189 kB | 33/38 kB | 16/109 kB | 49/281 kB
Progress (4): 115/189 kB | 33/38 kB | 16/109 kB | 66/281 kB
Progress (4): 115/189 kB | 33/38 kB | 16/109 kB | 82/281 kB
Progress (4): 115/189 kB | 33/38 kB | 32/109 kB | 82/281 kB
Progress (4): 115/189 kB | 33/38 kB | 49/109 kB | 82/281 kB
Progress (4): 115/189 kB | 33/38 kB | 61/109 kB | 82/281 kB
Progress (4): 115/189 kB | 33/38 kB | 77/109 kB | 82/281 kB
Progress (4): 115/189 kB | 33/38 kB | 77/109 kB | 98/281 kB
Progress (4): 115/189 kB | 38 kB | 77/109 kB | 98/281 kB   
                                                        
Downloaded from central: https://repo.maven.apache.org/maven2/commons-logging/commons-logging/1.0.4/commons-logging-1.0.4.jar (38 kB at 9.8 kB/s)
Downloading from central: https://repo.maven.apache.org/maven2/org/ow2/asm/asm/7.1/asm-7.1.jar
Progress (3): 115/189 kB | 77/109 kB | 115/281 kB
Progress (3): 115/189 kB | 77/109 kB | 131/281 kB
Progress (3): 115/189 kB | 77/109 kB | 147/281 kB
Progress (3): 115/189 kB | 77/109 kB | 164/281 kB
Progress (3): 115/189 kB | 77/109 kB | 180/281 kB
Progress (3): 115/189 kB | 77/109 kB | 197/281 kB
Progress (3): 115/189 kB | 77/109 kB | 213/281 kB
Progress (3): 131/189 kB | 77/109 kB | 213/281 kB
Progress (3): 131/189 kB | 77/109 kB | 229/281 kB
Progress (3): 131/189 kB | 77/109 kB | 246/281 kB
Progress (3): 131/189 kB | 77/109 kB | 262/281 kB
Progress (3): 131/189 kB | 77/109 kB | 279/281 kB
Progress (3): 131/189 kB | 77/109 kB | 281 kB    
                                             
Downloaded from central: https://repo.maven.apache.org/maven2/org/jacoco/org.jacoco.agent/0.8.4/org.jacoco.agent-0.8.4-runtime.jar (281 kB at 72 kB/s)
Downloading from central: https://repo.maven.apache.org/maven2/org/ow2/asm/asm-commons/7.1/asm-commons-7.1.jar
Progress (2): 147/189 kB | 77/109 kB
Progress (3): 147/189 kB | 77/109 kB | 7.7/194 kB
Progress (3): 147/189 kB | 77/109 kB | 16/194 kB 
Progress (3): 147/189 kB | 77/109 kB | 25/194 kB
Progress (3): 164/189 kB | 77/109 kB | 25/194 kB
Progress (3): 164/189 kB | 93/109 kB | 25/194 kB
Progress (3): 164/189 kB | 109 kB | 25/194 kB   
                                             
Downloaded from central: https://repo.maven.apache.org/maven2/xml-apis/xml-apis/1.0.b2/xml-apis-1.0.b2.jar (109 kB at 28 kB/s)
Downloading from central: https://repo.maven.apache.org/maven2/org/ow2/asm/asm-analysis/7.1/asm-analysis-7.1.jar
Progress (2): 180/189 kB | 25/194 kB
Progress (2): 189 kB | 25/194 kB    
                                
Downloaded from central: https://repo.maven.apache.org/maven2/commons-beanutils/commons-beanutils/1.7.0/commons-beanutils-1.7.0.jar (189 kB at 46 kB/s)
Downloading from central: https://repo.maven.apache.org/maven2/org/ow2/asm/asm-tree/7.1/asm-tree-7.1.jar
Progress (2): 25/194 kB | 8.2/70 kB
Progress (2): 25/194 kB | 25/70 kB 
Progress (2): 41/194 kB | 25/70 kB
Progress (2): 57/194 kB | 25/70 kB
Progress (2): 57/194 kB | 41/70 kB
Progress (2): 57/194 kB | 57/70 kB
Progress (2): 57/194 kB | 70 kB   
                               
Downloaded from central: https://repo.maven.apache.org/maven2/org/ow2/asm/asm-commons/7.1/asm-commons-7.1.jar (70 kB at 17 kB/s)
Downloading from central: https://repo.maven.apache.org/maven2/org/jacoco/org.jacoco.report/0.8.4/org.jacoco.report-0.8.4.jar
Progress (1): 74/194 kB
Progress (1): 90/194 kB
Progress (2): 90/194 kB | 7.7/33 kB
Progress (2): 90/194 kB | 16/33 kB 
Progress (3): 90/194 kB | 16/33 kB | 8.2/50 kB
Progress (3): 90/194 kB | 24/33 kB | 8.2/50 kB
Progress (3): 90/194 kB | 24/33 kB | 16/50 kB 
Progress (3): 90/194 kB | 33 kB | 16/50 kB   
Progress (3): 106/194 kB | 33 kB | 16/50 kB
Progress (3): 123/194 kB | 33 kB | 16/50 kB
Progress (3): 139/194 kB | 33 kB | 16/50 kB
Progress (3): 156/194 kB | 33 kB | 16/50 kB
Progress (3): 172/194 kB | 33 kB | 16/50 kB
Progress (4): 172/194 kB | 33 kB | 16/50 kB | 7.7/115 kB
Progress (4): 172/194 kB | 33 kB | 16/50 kB | 16/115 kB 
                                                       
Downloaded from central: https://repo.maven.apache.org/maven2/org/ow2/asm/asm-analysis/7.1/asm-analysis-7.1.jar (33 kB at 7.6 kB/s)
Progress (4): 172/194 kB | 16/50 kB | 16/115 kB | 7.7/129 kB
Progress (4): 172/194 kB | 16/50 kB | 16/115 kB | 16/129 kB 
Progress (4): 172/194 kB | 16/50 kB | 16/115 kB | 32/129 kB
Progress (4): 188/194 kB | 16/50 kB | 16/115 kB | 32/129 kB
Progress (4): 194 kB | 16/50 kB | 16/115 kB | 32/129 kB    
Progress (4): 194 kB | 16/50 kB | 16/115 kB | 49/129 kB
Progress (4): 194 kB | 16/50 kB | 16/115 kB | 65/129 kB
                                                       
Downloaded from central: https://repo.maven.apache.org/maven2/org/jacoco/org.jacoco.core/0.8.4/org.jacoco.core-0.8.4.jar (194 kB at 43 kB/s)
Progress (3): 16/50 kB | 16/115 kB | 81/129 kB
Progress (3): 16/50 kB | 16/115 kB | 98/129 kB
Progress (3): 16/50 kB | 16/115 kB | 114/129 kB
Progress (3): 16/50 kB | 16/115 kB | 129 kB    
                                           
Downloaded from central: https://repo.maven.apache.org/maven2/org/jacoco/org.jacoco.report/0.8.4/org.jacoco.report-0.8.4.jar (129 kB at 29 kB/s)
Progress (2): 33/50 kB | 16/115 kB
Progress (2): 33/50 kB | 32/115 kB
Progress (2): 49/50 kB | 32/115 kB
Progress (2): 50 kB | 32/115 kB   
                               
Downloaded from central: https://repo.maven.apache.org/maven2/org/ow2/asm/asm-tree/7.1/asm-tree-7.1.jar (50 kB at 10 kB/s)
Progress (1): 49/115 kB
Progress (1): 57/115 kB
Progress (1): 73/115 kB
Progress (1): 90/115 kB
Progress (1): 106/115 kB
Progress (1): 115 kB    
                    
Downloaded from central: https://repo.maven.apache.org/maven2/org/ow2/asm/asm/7.1/asm-7.1.jar (115 kB at 20 kB/s)
[INFO] Skipping JaCoCo execution because property jacoco.skip is set.
[INFO] argLine set to empty
[INFO] 
[INFO] --- build-helper:1.7:add-source (add-generated-sources) @ jackson-core ---
Downloading from central: https://repo.maven.apache.org/maven2/org/apache/maven/maven-model/2.0.6/maven-model-2.0.6.pom
Progress (1): 814 B
Progress (1): 3.0 kB
Progress (1): 3.0 kB
                    
Downloaded from central: https://repo.maven.apache.org/maven2/org/apache/maven/maven-model/2.0.6/maven-model-2.0.6.pom (3.0 kB at 7.8 kB/s)
Downloading from central: https://repo.maven.apache.org/maven2/org/apache/maven/maven-project/2.0.6/maven-project-2.0.6.pom
Progress (1): 823 B
Progress (1): 2.6 kB
                    
Downloaded from central: https://repo.maven.apache.org/maven2/org/apache/maven/maven-project/2.0.6/maven-project-2.0.6.pom (2.6 kB at 11 kB/s)
Downloading from central: https://repo.maven.apache.org/maven2/org/apache/maven/maven-settings/2.0.6/maven-settings-2.0.6.pom
Progress (1): 830 B
Progress (1): 2.0 kB
                    
Downloaded from central: https://repo.maven.apache.org/maven2/org/apache/maven/maven-settings/2.0.6/maven-settings-2.0.6.pom (2.0 kB at 2.3 kB/s)
Downloading from central: https://repo.maven.apache.org/maven2/junit/junit/3.8.2/junit-3.8.2.pom
Progress (1): 747 B
                   
Downloaded from central: https://repo.maven.apache.org/maven2/junit/junit/3.8.2/junit-3.8.2.pom (747 B at 2.7 kB/s)
Downloading from central: https://repo.maven.apache.org/maven2/org/apache/maven/maven-profile/2.0.6/maven-profile-2.0.6.pom
Progress (1): 830 B
Progress (1): 2.0 kB
                    
Downloaded from central: https://repo.maven.apache.org/maven2/org/apache/maven/maven-profile/2.0.6/maven-profile-2.0.6.pom (2.0 kB at 8.5 kB/s)
Downloading from central: https://repo.maven.apache.org/maven2/org/apache/maven/maven-artifact-manager/2.0.6/maven-artifact-manager-2.0.6.pom
Progress (1): 816 B
Progress (1): 2.6 kB
                    
Downloaded from central: https://repo.maven.apache.org/maven2/org/apache/maven/maven-artifact-manager/2.0.6/maven-artifact-manager-2.0.6.pom (2.6 kB at 10 kB/s)
Downloading from central: https://repo.maven.apache.org/maven2/org/apache/maven/maven-repository-metadata/2.0.6/maven-repository-metadata-2.0.6.pom
Progress (1): 832 B
Progress (1): 1.9 kB
                    
Downloaded from central: https://repo.maven.apache.org/maven2/org/apache/maven/maven-repository-metadata/2.0.6/maven-repository-metadata-2.0.6.pom (1.9 kB at 7.3 kB/s)
Downloading from central: https://repo.maven.apache.org/maven2/org/apache/maven/maven-artifact/2.0.6/maven-artifact-2.0.6.pom
Progress (1): 835 B
Progress (1): 1.6 kB
                    
Downloaded from central: https://repo.maven.apache.org/maven2/org/apache/maven/maven-artifact/2.0.6/maven-artifact-2.0.6.pom (1.6 kB at 1.8 kB/s)
Downloading from central: https://repo.maven.apache.org/maven2/org/apache/maven/maven-plugin-registry/2.0.6/maven-plugin-registry-2.0.6.pom
Progress (1): 830 B
Progress (1): 1.9 kB
                    
Downloaded from central: https://repo.maven.apache.org/maven2/org/apache/maven/maven-plugin-registry/2.0.6/maven-plugin-registry-2.0.6.pom (1.9 kB at 8.4 kB/s)
Downloading from central: https://repo.maven.apache.org/maven2/org/apache/maven/maven-core/2.0.6/maven-core-2.0.6.pom
Progress (1): 776 B
Progress (1): 2.7 kB
Progress (1): 6.7 kB
                    
Downloaded from central: https://repo.maven.apache.org/maven2/org/apache/maven/maven-core/2.0.6/maven-core-2.0.6.pom (6.7 kB at 29 kB/s)
Downloading from central: https://repo.maven.apache.org/maven2/org/apache/maven/maven-plugin-parameter-documenter/2.0.6/maven-plugin-parameter-documenter-2.0.6.pom
Progress (1): 830 B
Progress (1): 1.9 kB
                    
Downloaded from central: https://repo.maven.apache.org/maven2/org/apache/maven/maven-plugin-parameter-documenter/2.0.6/maven-plugin-parameter-documenter-2.0.6.pom (1.9 kB at 6.7 kB/s)
Downloading from central: https://repo.maven.apache.org/maven2/org/apache/maven/reporting/maven-reporting-api/2.0.6/maven-reporting-api-2.0.6.pom
Progress (1): 830 B
Progress (1): 1.8 kB
                    
Downloaded from central: https://repo.maven.apache.org/maven2/org/apache/maven/reporting/maven-reporting-api/2.0.6/maven-reporting-api-2.0.6.pom (1.8 kB at 7.0 kB/s)
Downloading from central: https://repo.maven.apache.org/maven2/org/apache/maven/reporting/maven-reporting/2.0.6/maven-reporting-2.0.6.pom
Progress (1): 835 B
Progress (1): 1.4 kB
                    
Downloaded from central: https://repo.maven.apache.org/maven2/org/apache/maven/reporting/maven-reporting/2.0.6/maven-reporting-2.0.6.pom (1.4 kB at 5.0 kB/s)
Downloading from central: https://repo.maven.apache.org/maven2/org/apache/maven/doxia/doxia-sink-api/1.0-alpha-7/doxia-sink-api-1.0-alpha-7.pom
Progress (1): 424 B
                   
Downloaded from central: https://repo.maven.apache.org/maven2/org/apache/maven/doxia/doxia-sink-api/1.0-alpha-7/doxia-sink-api-1.0-alpha-7.pom (424 B at 1.9 kB/s)
Downloading from central: https://repo.maven.apache.org/maven2/org/apache/maven/doxia/doxia/1.0-alpha-7/doxia-1.0-alpha-7.pom
Progress (1): 1.6 kB
Progress (1): 3.9 kB
                    
Downloaded from central: https://repo.maven.apache.org/maven2/org/apache/maven/doxia/doxia/1.0-alpha-7/doxia-1.0-alpha-7.pom (3.9 kB at 16 kB/s)
Downloading from central: https://repo.maven.apache.org/maven2/org/apache/maven/maven-error-diagnostics/2.0.6/maven-error-diagnostics-2.0.6.pom
Progress (1): 832 B
Progress (1): 1.7 kB
                    
Downloaded from central: https://repo.maven.apache.org/maven2/org/apache/maven/maven-error-diagnostics/2.0.6/maven-error-diagnostics-2.0.6.pom (1.7 kB at 6.4 kB/s)
Downloading from central: https://repo.maven.apache.org/maven2/commons-cli/commons-cli/1.0/commons-cli-1.0.pom
Progress (1): 1.4 kB
Progress (1): 2.1 kB
                    
Downloaded from central: https://repo.maven.apache.org/maven2/commons-cli/commons-cli/1.0/commons-cli-1.0.pom (2.1 kB at 7.9 kB/s)
Downloading from central: https://repo.maven.apache.org/maven2/org/apache/maven/maven-plugin-api/2.0/maven-plugin-api-2.0.pom
Progress (1): 601 B
                   
Downloaded from central: https://repo.maven.apache.org/maven2/org/apache/maven/maven-plugin-api/2.0/maven-plugin-api-2.0.pom (601 B at 2.2 kB/s)
Downloading from central: https://repo.maven.apache.org/maven2/org/apache/maven/maven/2.0/maven-2.0.pom
Progress (1): 1.0 kB
Progress (1): 4.6 kB
Progress (1): 7.1 kB
Progress (1): 8.8 kB
                    
Downloaded from central: https://repo.maven.apache.org/maven2/org/apache/maven/maven/2.0/maven-2.0.pom (8.8 kB at 18 kB/s)
Downloading from central: https://repo.maven.apache.org/maven2/org/apache/maven/maven-plugin-descriptor/2.0.6/maven-plugin-descriptor-2.0.6.pom
Progress (1): 830 B
Progress (1): 2.0 kB
                    
Downloaded from central: https://repo.maven.apache.org/maven2/org/apache/maven/maven-plugin-descriptor/2.0.6/maven-plugin-descriptor-2.0.6.pom (2.0 kB at 5.9 kB/s)
Downloading from central: https://repo.maven.apache.org/maven2/org/apache/maven/maven-monitor/2.0.6/maven-monitor-2.0.6.pom
Progress (1): 849 B
Progress (1): 1.3 kB
                    
Downloaded from central: https://repo.maven.apache.org/maven2/org/apache/maven/maven-monitor/2.0.6/maven-monitor-2.0.6.pom (1.3 kB at 3.0 kB/s)
Downloading from central: https://repo.maven.apache.org/maven2/org/apache/maven/maven-model/2.0.6/maven-model-2.0.6.jar
Progress (1): 7.7/86 kB
Progress (1): 16/86 kB 
Progress (1): 32/86 kB
Progress (1): 49/86 kB
Progress (1): 65/86 kB
Progress (1): 81/86 kB
Progress (1): 86 kB   
                   
Downloaded from central: https://repo.maven.apache.org/maven2/org/apache/maven/maven-model/2.0.6/maven-model-2.0.6.jar (86 kB at 16 kB/s)
Downloading from central: https://repo.maven.apache.org/maven2/org/apache/maven/maven-project/2.0.6/maven-project-2.0.6.jar
Downloading from central: https://repo.maven.apache.org/maven2/org/apache/maven/maven-settings/2.0.6/maven-settings-2.0.6.jar
Downloading from central: https://repo.maven.apache.org/maven2/org/apache/maven/maven-profile/2.0.6/maven-profile-2.0.6.jar
Downloading from central: https://repo.maven.apache.org/maven2/org/apache/maven/maven-artifact-manager/2.0.6/maven-artifact-manager-2.0.6.jar
Downloading from central: https://repo.maven.apache.org/maven2/org/apache/maven/maven-plugin-registry/2.0.6/maven-plugin-registry-2.0.6.jar
Progress (1): 7.7/35 kB
Progress (1): 16/35 kB 
Progress (1): 24/35 kB
Progress (1): 35 kB   
                   
Downloaded from central: https://repo.maven.apache.org/maven2/org/apache/maven/maven-profile/2.0.6/maven-profile-2.0.6.jar (35 kB at 157 kB/s)
Downloading from central: https://repo.maven.apache.org/maven2/org/codehaus/plexus/plexus-container-default/1.0-alpha-9-stable-1/plexus-container-default-1.0-alpha-9-stable-1.jar
Progress (1): 7.7/49 kB
Progress (1): 16/49 kB 
Progress (2): 16/49 kB | 7.7/29 kB
Progress (2): 16/49 kB | 16/29 kB 
Progress (2): 16/49 kB | 24/29 kB
Progress (2): 16/49 kB | 29 kB   
                              
Downloaded from central: https://repo.maven.apache.org/maven2/org/apache/maven/maven-plugin-registry/2.0.6/maven-plugin-registry-2.0.6.jar (29 kB at 73 kB/s)
Downloading from central: https://repo.maven.apache.org/maven2/org/apache/maven/maven-core/2.0.6/maven-core-2.0.6.jar
Progress (2): 16/49 kB | 7.7/194 kB
Progress (2): 16/49 kB | 7.7/194 kB
Progress (2): 16/49 kB | 24/194 kB 
Progress (2): 24/49 kB | 24/194 kB
Progress (2): 40/49 kB | 24/194 kB
Progress (2): 49 kB | 24/194 kB   
Progress (2): 49 kB | 40/194 kB
Progress (2): 49 kB | 57/194 kB
Progress (2): 49 kB | 73/194 kB
                               
Downloaded from central: https://repo.maven.apache.org/maven2/org/apache/maven/maven-settings/2.0.6/maven-settings-2.0.6.jar (49 kB at 103 kB/s)
Downloading from central: https://repo.maven.apache.org/maven2/org/apache/maven/maven-plugin-parameter-documenter/2.0.6/maven-plugin-parameter-documenter-2.0.6.jar
Progress (1): 90/194 kB
Progress (1): 106/194 kB
Progress (1): 122/194 kB
Progress (2): 122/194 kB | 7.7/57 kB
Progress (2): 122/194 kB | 16/57 kB 
Progress (2): 122/194 kB | 24/57 kB
Progress (2): 139/194 kB | 24/57 kB
Progress (2): 155/194 kB | 24/57 kB
Progress (2): 172/194 kB | 24/57 kB
Progress (2): 172/194 kB | 40/57 kB
Progress (2): 172/194 kB | 57 kB   
Progress (2): 188/194 kB | 57 kB
                                
Downloaded from central: https://repo.maven.apache.org/maven2/org/apache/maven/maven-artifact-manager/2.0.6/maven-artifact-manager-2.0.6.jar (57 kB at 85 kB/s)
Downloading from central: https://repo.maven.apache.org/maven2/org/apache/maven/reporting/maven-reporting-api/2.0.6/maven-reporting-api-2.0.6.jar
Progress (1): 194 kB
                    
Downloaded from central: https://repo.maven.apache.org/maven2/org/codehaus/plexus/plexus-container-default/1.0-alpha-9-stable-1/plexus-container-default-1.0-alpha-9-stable-1.jar (194 kB at 293 kB/s)
Downloading from central: https://repo.maven.apache.org/maven2/org/apache/maven/doxia/doxia-sink-api/1.0-alpha-7/doxia-sink-api-1.0-alpha-7.jar
Progress (1): 7.7/152 kB
Progress (1): 16/152 kB 
Progress (1): 24/152 kB
Progress (1): 40/152 kB
Progress (1): 57/152 kB
Progress (2): 57/152 kB | 7.7/9.9 kB
Progress (2): 57/152 kB | 7.7/9.9 kB
Progress (2): 57/152 kB | 9.9 kB    
Progress (3): 57/152 kB | 9.9 kB | 7.7/21 kB
Progress (3): 57/152 kB | 9.9 kB | 8.2/21 kB
                                            
Downloaded from central: https://repo.maven.apache.org/maven2/org/apache/maven/reporting/maven-reporting-api/2.0.6/maven-reporting-api-2.0.6.jar (9.9 kB at 11 kB/s)
Downloading from central: https://repo.maven.apache.org/maven2/org/apache/maven/maven-repository-metadata/2.0.6/maven-repository-metadata-2.0.6.jar
Progress (2): 57/152 kB | 21 kB
                               
Downloaded from central: https://repo.maven.apache.org/maven2/org/apache/maven/maven-plugin-parameter-documenter/2.0.6/maven-plugin-parameter-documenter-2.0.6.jar (21 kB at 23 kB/s)
Downloading from central: https://repo.maven.apache.org/maven2/org/apache/maven/maven-error-diagnostics/2.0.6/maven-error-diagnostics-2.0.6.jar
Progress (1): 73/152 kB
Progress (1): 90/152 kB
Progress (1): 106/152 kB
Progress (1): 122/152 kB
Progress (2): 122/152 kB | 3.2/14 kB
Progress (2): 122/152 kB | 14 kB    
                                
Downloaded from central: https://repo.maven.apache.org/maven2/org/apache/maven/maven-error-diagnostics/2.0.6/maven-error-diagnostics-2.0.6.jar (14 kB at 13 kB/s)
Downloading from central: https://repo.maven.apache.org/maven2/commons-cli/commons-cli/1.0/commons-cli-1.0.jar
Progress (2): 122/152 kB | 5.9 kB
                                 
Downloaded from central: https://repo.maven.apache.org/maven2/org/apache/maven/doxia/doxia-sink-api/1.0-alpha-7/doxia-sink-api-1.0-alpha-7.jar (5.9 kB at 5.2 kB/s)
Downloading from central: https://repo.maven.apache.org/maven2/org/apache/maven/maven-plugin-descriptor/2.0.6/maven-plugin-descriptor-2.0.6.jar
Progress (2): 122/152 kB | 7.7/30 kB
Progress (3): 122/152 kB | 7.7/30 kB | 7.7/116 kB
Progress (3): 139/152 kB | 7.7/30 kB | 7.7/116 kB
Progress (4): 139/152 kB | 7.7/30 kB | 7.7/116 kB | 7.7/37 kB
Progress (4): 139/152 kB | 11/30 kB | 7.7/116 kB | 7.7/37 kB 
Progress (4): 139/152 kB | 11/30 kB | 16/116 kB | 7.7/37 kB 
Progress (4): 139/152 kB | 11/30 kB | 16/116 kB | 16/37 kB 
Progress (4): 139/152 kB | 11/30 kB | 24/116 kB | 16/37 kB
Progress (4): 152 kB | 11/30 kB | 24/116 kB | 16/37 kB    
Progress (4): 152 kB | 28/30 kB | 24/116 kB | 16/37 kB
Progress (4): 152 kB | 30 kB | 24/116 kB | 16/37 kB   
Progress (5): 152 kB | 30 kB | 24/116 kB | 16/37 kB | 7.7/24 kB
                                                               
Downloaded from central: https://repo.maven.apache.org/maven2/org/apache/maven/maven-core/2.0.6/maven-core-2.0.6.jar (152 kB at 96 kB/s)
Downloading from central: https://repo.maven.apache.org/maven2/org/codehaus/plexus/plexus-interactivity-api/1.0-alpha-4/plexus-interactivity-api-1.0-alpha-4.jar
Progress (4): 30 kB | 24/116 kB | 16/37 kB | 16/24 kB
Progress (4): 30 kB | 24/116 kB | 16/37 kB | 24/24 kB
Progress (4): 30 kB | 24/116 kB | 16/37 kB | 24 kB   
                                                  
Downloaded from central: https://repo.maven.apache.org/maven2/commons-cli/commons-cli/1.0/commons-cli-1.0.jar (30 kB at 19 kB/s)
Downloading from central: https://repo.maven.apache.org/maven2/org/apache/maven/maven-monitor/2.0.6/maven-monitor-2.0.6.jar
Downloaded from central: https://repo.maven.apache.org/maven2/org/apache/maven/maven-repository-metadata/2.0.6/maven-repository-metadata-2.0.6.jar (24 kB at 15 kB/s)
Downloading from central: https://repo.maven.apache.org/maven2/classworlds/classworlds/1.1/classworlds-1.1.jar
Progress (2): 24/116 kB | 32/37 kB
Progress (2): 24/116 kB | 37 kB   
                               
Downloaded from central: https://repo.maven.apache.org/maven2/org/apache/maven/maven-plugin-descriptor/2.0.6/maven-plugin-descriptor-2.0.6.jar (37 kB at 22 kB/s)
Downloading from central: https://repo.maven.apache.org/maven2/org/apache/maven/maven-plugin-api/2.0.6/maven-plugin-api-2.0.6.jar
Progress (2): 24/116 kB | 7.7/10 kB
Progress (2): 24/116 kB | 7.7/10 kB
Progress (2): 24/116 kB | 10 kB    
                               
Downloaded from central: https://repo.maven.apache.org/maven2/org/apache/maven/maven-monitor/2.0.6/maven-monitor-2.0.6.jar (10 kB at 5.4 kB/s)
Downloading from central: https://repo.maven.apache.org/maven2/org/apache/maven/maven-artifact/2.0.6/maven-artifact-2.0.6.jar
Progress (2): 24/116 kB | 7.7/13 kB
Progress (2): 24/116 kB | 13 kB    
                               
Downloaded from central: https://repo.maven.apache.org/maven2/org/codehaus/plexus/plexus-interactivity-api/1.0-alpha-4/plexus-interactivity-api-1.0-alpha-4.jar (13 kB at 7.0 kB/s)
Progress (2): 24/116 kB | 7.7/38 kB
Progress (2): 24/116 kB | 16/38 kB 
Progress (2): 24/116 kB | 32/38 kB
Progress (2): 24/116 kB | 38 kB   
                               
Downloaded from central: https://repo.maven.apache.org/maven2/classworlds/classworlds/1.1/classworlds-1.1.jar (38 kB at 19 kB/s)
Progress (1): 40/116 kB
Progress (2): 40/116 kB | 7.7/87 kB
Progress (2): 40/116 kB | 11/87 kB 
Progress (2): 40/116 kB | 28/87 kB
Progress (2): 40/116 kB | 44/87 kB
Progress (2): 40/116 kB | 55/87 kB
Progress (2): 40/116 kB | 71/87 kB
Progress (2): 40/116 kB | 87 kB   
                               
Downloaded from central: https://repo.maven.apache.org/maven2/org/apache/maven/maven-artifact/2.0.6/maven-artifact-2.0.6.jar (87 kB at 35 kB/s)
Progress (1): 57/116 kB
Progress (2): 57/116 kB | 7.7/13 kB
Progress (2): 57/116 kB | 11/13 kB 
Progress (2): 57/116 kB | 13 kB   
                               
Downloaded from central: https://repo.maven.apache.org/maven2/org/apache/maven/maven-plugin-api/2.0.6/maven-plugin-api-2.0.6.jar (13 kB at 4.8 kB/s)
Progress (1): 73/116 kB
Progress (1): 90/116 kB
Progress (1): 106/116 kB
Progress (1): 116 kB    
                    
Downloaded from central: https://repo.maven.apache.org/maven2/org/apache/maven/maven-project/2.0.6/maven-project-2.0.6.jar (116 kB at 27 kB/s)
[INFO] Source directory: /home/zhihao/hdd/marshal/.work/rebuild_jackson_mock_logback/case-package/replay-work/formal-github-jackson-core-mock-interception--target-logback-elasticsearch/source-a0/target/generated-sources added.
[INFO] 
[INFO] --- replacer:1.5.3:replace (process-packageVersion) @ jackson-core ---
Downloading from central: https://repo.maven.apache.org/maven2/org/apache/maven/maven-plugin-api/3.0.3/maven-plugin-api-3.0.3.pom
Progress (1): 823 B
Progress (1): 2.3 kB
                    
Downloaded from central: https://repo.maven.apache.org/maven2/org/apache/maven/maven-plugin-api/3.0.3/maven-plugin-api-3.0.3.pom (2.3 kB at 4.3 kB/s)
Downloading from central: https://repo.maven.apache.org/maven2/org/apache/maven/maven/3.0.3/maven-3.0.3.pom
Progress (1): 763 B
Progress (1): 2.0 kB
Progress (1): 4.7 kB
Progress (1): 7.9 kB
Progress (1): 14 kB 
Progress (1): 18 kB
Progress (1): 21 kB
Progress (1): 23 kB
                   
Downloaded from central: https://repo.maven.apache.org/maven2/org/apache/maven/maven/3.0.3/maven-3.0.3.pom (23 kB at 48 kB/s)
Downloading from central: https://repo.maven.apache.org/maven2/org/apache/maven/maven-model/3.0.3/maven-model-3.0.3.pom
Progress (1): 793 B
Progress (1): 2.6 kB
Progress (1): 3.9 kB
                    
Downloaded from central: https://repo.maven.apache.org/maven2/org/apache/maven/maven-model/3.0.3/maven-model-3.0.3.pom (3.9 kB at 8.4 kB/s)
Downloading from central: https://repo.maven.apache.org/maven2/org/codehaus/plexus/plexus-utils/2.0.6/plexus-utils-2.0.6.pom
Progress (1): 818 B
Progress (1): 2.4 kB
Progress (1): 2.9 kB
                    
Downloaded from central: https://repo.maven.apache.org/maven2/org/codehaus/plexus/plexus-utils/2.0.6/plexus-utils-2.0.6.pom (2.9 kB at 10 kB/s)
Downloading from central: https://repo.maven.apache.org/maven2/org/apache/maven/maven-artifact/3.0.3/maven-artifact-3.0.3.pom
Progress (1): 850 B
Progress (1): 1.9 kB
                    
Downloaded from central: https://repo.maven.apache.org/maven2/org/apache/maven/maven-artifact/3.0.3/maven-artifact-3.0.3.pom (1.9 kB at 5.8 kB/s)
Downloading from central: https://repo.maven.apache.org/maven2/org/sonatype/sisu/sisu-inject-plexus/2.1.1/sisu-inject-plexus-2.1.1.pom
Progress (1): 953 B
Progress (1): 3.0 kB
                    
Downloaded from central: https://repo.maven.apache.org/maven2/org/sonatype/sisu/sisu-inject-plexus/2.1.1/sisu-inject-plexus-2.1.1.pom (3.0 kB at 6.2 kB/s)
Downloading from central: https://repo.maven.apache.org/maven2/org/sonatype/sisu/inject/guice-plexus/2.1.1/guice-plexus-2.1.1.pom
Progress (1): 965 B
Progress (1): 3.6 kB
                    
Downloaded from central: https://repo.maven.apache.org/maven2/org/sonatype/sisu/inject/guice-plexus/2.1.1/guice-plexus-2.1.1.pom (3.6 kB at 16 kB/s)
Downloading from central: https://repo.maven.apache.org/maven2/org/sonatype/sisu/inject/guice-bean/2.1.1/guice-bean-2.1.1.pom
Progress (1): 973 B
Progress (1): 3.0 kB
                    
Downloaded from central: https://repo.maven.apache.org/maven2/org/sonatype/sisu/inject/guice-bean/2.1.1/guice-bean-2.1.1.pom (3.0 kB at 11 kB/s)
Downloading from central: https://repo.maven.apache.org/maven2/org/sonatype/sisu/sisu-inject/2.1.1/sisu-inject-2.1.1.pom
Progress (1): 991 B
Progress (1): 1.8 kB
                    
Downloaded from central: https://repo.maven.apache.org/maven2/org/sonatype/sisu/sisu-inject/2.1.1/sisu-inject-2.1.1.pom (1.8 kB at 7.9 kB/s)
Downloading from central: https://repo.maven.apache.org/maven2/org/sonatype/sisu/sisu-parent/2.1.1/sisu-parent-2.1.1.pom
Progress (1): 924 B
Progress (1): 3.1 kB
Progress (1): 5.7 kB
Progress (1): 8.6 kB
Progress (1): 9.3 kB
                    
Downloaded from central: https://repo.maven.apache.org/maven2/org/sonatype/sisu/sisu-parent/2.1.1/sisu-parent-2.1.1.pom (9.3 kB at 32 kB/s)
Downloading from central: https://repo.maven.apache.org/maven2/org/sonatype/forge/forge-parent/7/forge-parent-7.pom
Progress (1): 737 B
Progress (1): 2.6 kB
Progress (1): 8.3 kB
Progress (1): 13 kB 
                   
Downloaded from central: https://repo.maven.apache.org/maven2/org/sonatype/forge/forge-parent/7/forge-parent-7.pom (13 kB at 50 kB/s)
Downloading from central: https://repo.maven.apache.org/maven2/org/codehaus/plexus/plexus-classworlds/2.4/plexus-classworlds-2.4.pom
Progress (1): 949 B
Progress (1): 2.9 kB
Progress (1): 3.9 kB
                    
Downloaded from central: https://repo.maven.apache.org/maven2/org/codehaus/plexus/plexus-classworlds/2.4/plexus-classworlds-2.4.pom (3.9 kB at 8.7 kB/s)
Downloading from central: https://repo.maven.apache.org/maven2/org/sonatype/sisu/sisu-inject-bean/2.1.1/sisu-inject-bean-2.1.1.pom
Progress (1): 953 B
Progress (1): 3.0 kB
                    
Downloaded from central: https://repo.maven.apache.org/maven2/org/sonatype/sisu/sisu-inject-bean/2.1.1/sisu-inject-bean-2.1.1.pom (3.0 kB at 2.3 kB/s)
Downloading from central: https://repo.maven.apache.org/maven2/org/sonatype/sisu/sisu-guice/2.9.4/sisu-guice-2.9.4.pom
Progress (1): 1.3 kB
Progress (1): 3.8 kB
Progress (1): 6.1 kB
Progress (1): 7.8 kB
                    
Downloaded from central: https://repo.maven.apache.org/maven2/org/sonatype/sisu/sisu-guice/2.9.4/sisu-guice-2.9.4.pom (7.8 kB at 20 kB/s)
Downloading from central: https://repo.maven.apache.org/maven2/org/sonatype/sisu/inject/guice-parent/2.9.4/guice-parent-2.9.4.pom
Progress (1): 792 B
Progress (1): 2.7 kB
Progress (1): 4.4 kB
Progress (1): 7.0 kB
Progress (1): 10 kB 
Progress (1): 13 kB
                   
Downloaded from central: https://repo.maven.apache.org/maven2/org/sonatype/sisu/inject/guice-parent/2.9.4/guice-parent-2.9.4.pom (13 kB at 18 kB/s)
Downloading from central: https://repo.maven.apache.org/maven2/org/apache/ant/ant/1.8.2/ant-1.8.2.pom
Progress (1): 789 B
Progress (1): 2.3 kB
Progress (1): 6.5 kB
Progress (1): 9.9 kB
                    
Downloaded from central: https://repo.maven.apache.org/maven2/org/apache/ant/ant/1.8.2/ant-1.8.2.pom (9.9 kB at 26 kB/s)
Downloading from central: https://repo.maven.apache.org/maven2/org/apache/ant/ant-parent/1.8.2/ant-parent-1.8.2.pom
Progress (1): 805 B
Progress (1): 2.2 kB
Progress (1): 4.6 kB
Progress (1): 4.7 kB
                    
Downloaded from central: https://repo.maven.apache.org/maven2/org/apache/ant/ant-parent/1.8.2/ant-parent-1.8.2.pom (4.7 kB at 5.0 kB/s)
Downloading from central: https://repo.maven.apache.org/maven2/org/apache/ant/ant-launcher/1.8.2/ant-launcher-1.8.2.pom
Progress (1): 848 B
Progress (1): 2.4 kB
                    
Downloaded from central: https://repo.maven.apache.org/maven2/org/apache/ant/ant-launcher/1.8.2/ant-launcher-1.8.2.pom (2.4 kB at 8.0 kB/s)
Downloading from central: https://repo.maven.apache.org/maven2/commons-io/commons-io/2.1/commons-io-2.1.pom
Progress (1): 797 B
Progress (1): 2.2 kB
Progress (1): 5.6 kB
Progress (1): 8.0 kB
Progress (1): 10 kB 
Progress (1): 11 kB
                   
Downloaded from central: https://repo.maven.apache.org/maven2/commons-io/commons-io/2.1/commons-io-2.1.pom (11 kB at 31 kB/s)
Downloading from central: https://repo.maven.apache.org/maven2/xerces/xercesImpl/2.8.0/xercesImpl-2.8.0.pom
Progress (1): 1.1 kB
Progress (1): 1.4 kB
                    
Downloaded from central: https://repo.maven.apache.org/maven2/xerces/xercesImpl/2.8.0/xercesImpl-2.8.0.pom (1.4 kB at 4.2 kB/s)
Downloading from central: https://repo.maven.apache.org/maven2/org/apache/maven/maven-plugin-api/3.0.3/maven-plugin-api-3.0.3.jar
Progress (1): 7.7/49 kB
Progress (1): 7.7/49 kB
Progress (1): 24/49 kB 
Progress (1): 40/49 kB
Progress (1): 49 kB   
                   
Downloaded from central: https://repo.maven.apache.org/maven2/org/apache/maven/maven-plugin-api/3.0.3/maven-plugin-api-3.0.3.jar (49 kB at 21 kB/s)
Downloading from central: https://repo.maven.apache.org/maven2/org/apache/maven/maven-model/3.0.3/maven-model-3.0.3.jar
Downloading from central: https://repo.maven.apache.org/maven2/org/codehaus/plexus/plexus-utils/2.0.6/plexus-utils-2.0.6.jar
Downloading from central: https://repo.maven.apache.org/maven2/org/apache/maven/maven-artifact/3.0.3/maven-artifact-3.0.3.jar
Downloading from central: https://repo.maven.apache.org/maven2/org/sonatype/sisu/sisu-inject-plexus/2.1.1/sisu-inject-plexus-2.1.1.jar
Downloading from central: https://repo.maven.apache.org/maven2/org/codehaus/plexus/plexus-classworlds/2.4/plexus-classworlds-2.4.jar
Progress (1): 7.7/52 kB
Progress (1): 16/52 kB 
Progress (2): 16/52 kB | 3.1/223 kB
Progress (2): 24/52 kB | 3.1/223 kB
Progress (2): 40/52 kB | 3.1/223 kB
Progress (2): 40/52 kB | 20/223 kB 
Progress (2): 52 kB | 20/223 kB   
                               
Downloaded from central: https://repo.maven.apache.org/maven2/org/apache/maven/maven-artifact/3.0.3/maven-artifact-3.0.3.jar (52 kB at 173 kB/s)
Downloading from central: https://repo.maven.apache.org/maven2/org/sonatype/sisu/sisu-inject-bean/2.1.1/sisu-inject-bean-2.1.1.jar
Progress (1): 36/223 kB
Progress (2): 36/223 kB | 7.7/47 kB
Progress (2): 36/223 kB | 16/47 kB 
Progress (2): 52/223 kB | 16/47 kB
Progress (3): 52/223 kB | 16/47 kB | 7.7/196 kB
Progress (3): 52/223 kB | 16/47 kB | 8.2/196 kB
Progress (3): 69/223 kB | 16/47 kB | 8.2/196 kB
Progress (3): 69/223 kB | 16/47 kB | 25/196 kB 
Progress (3): 69/223 kB | 16/47 kB | 41/196 kB
Progress (3): 69/223 kB | 16/47 kB | 57/196 kB
Progress (3): 69/223 kB | 32/47 kB | 57/196 kB
Progress (3): 85/223 kB | 32/47 kB | 57/196 kB
Progress (3): 85/223 kB | 32/47 kB | 74/196 kB
Progress (3): 85/223 kB | 32/47 kB | 90/196 kB
Progress (4): 85/223 kB | 32/47 kB | 90/196 kB | 16/230 kB
Progress (4): 85/223 kB | 32/47 kB | 90/196 kB | 25/230 kB
Progress (4): 85/223 kB | 32/47 kB | 106/196 kB | 25/230 kB
Progress (4): 85/223 kB | 32/47 kB | 106/196 kB | 41/230 kB
Progress (4): 85/223 kB | 32/47 kB | 123/196 kB | 41/230 kB
Progress (4): 85/223 kB | 32/47 kB | 131/196 kB | 41/230 kB
Progress (4): 85/223 kB | 32/47 kB | 131/196 kB | 57/230 kB
Progress (4): 85/223 kB | 32/47 kB | 147/196 kB | 57/230 kB
Progress (4): 85/223 kB | 32/47 kB | 147/196 kB | 74/230 kB
Progress (4): 85/223 kB | 32/47 kB | 164/196 kB | 74/230 kB
Progress (4): 85/223 kB | 32/47 kB | 164/196 kB | 90/230 kB
Progress (4): 85/223 kB | 32/47 kB | 180/196 kB | 90/230 kB
Progress (4): 85/223 kB | 32/47 kB | 180/196 kB | 106/230 kB
Progress (4): 85/223 kB | 32/47 kB | 196 kB | 106/230 kB    
                                                        
Downloaded from central: https://repo.maven.apache.org/maven2/org/sonatype/sisu/sisu-inject-plexus/2.1.1/sisu-inject-plexus-2.1.1.jar (196 kB at 273 kB/s)
Downloading from central: https://repo.maven.apache.org/maven2/org/sonatype/sisu/sisu-guice/2.9.4/sisu-guice-2.9.4-no_aop.jar
Progress (3): 85/223 kB | 32/47 kB | 123/230 kB
Progress (3): 101/223 kB | 32/47 kB | 123/230 kB
Progress (3): 118/223 kB | 32/47 kB | 123/230 kB
Progress (3): 118/223 kB | 32/47 kB | 139/230 kB
Progress (3): 118/223 kB | 32/47 kB | 156/230 kB
Progress (3): 118/223 kB | 32/47 kB | 172/230 kB
Progress (3): 126/223 kB | 32/47 kB | 172/230 kB
Progress (3): 142/223 kB | 32/47 kB | 172/230 kB
Progress (3): 159/223 kB | 32/47 kB | 172/230 kB
Progress (3): 159/223 kB | 32/47 kB | 188/230 kB
Progress (3): 159/223 kB | 32/47 kB | 205/230 kB
Progress (3): 159/223 kB | 32/47 kB | 221/230 kB
Progress (3): 159/223 kB | 32/47 kB | 230 kB    
                                            
Downloaded from central: https://repo.maven.apache.org/maven2/org/sonatype/sisu/sisu-inject-bean/2.1.1/sisu-inject-bean-2.1.1.jar (230 kB at 236 kB/s)
Downloading from central: https://repo.maven.apache.org/maven2/org/apache/ant/ant/1.8.2/ant-1.8.2.jar
Progress (2): 175/223 kB | 32/47 kB
Progress (2): 192/223 kB | 32/47 kB
Progress (3): 192/223 kB | 32/47 kB | 7.7/163 kB
Progress (3): 192/223 kB | 32/47 kB | 11/163 kB 
Progress (3): 208/223 kB | 32/47 kB | 11/163 kB
Progress (4): 208/223 kB | 32/47 kB | 11/163 kB | 7.7/484 kB
Progress (4): 208/223 kB | 32/47 kB | 11/163 kB | 16/484 kB 
Progress (4): 208/223 kB | 32/47 kB | 11/163 kB | 32/484 kB
Progress (4): 208/223 kB | 47 kB | 11/163 kB | 32/484 kB   
                                                        
Downloaded from central: https://repo.maven.apache.org/maven2/org/codehaus/plexus/plexus-classworlds/2.4/plexus-classworlds-2.4.jar (47 kB at 42 kB/s)
Downloading from central: https://repo.maven.apache.org/maven2/org/apache/ant/ant-launcher/1.8.2/ant-launcher-1.8.2.jar
Progress (3): 208/223 kB | 11/163 kB | 49/484 kB
Progress (3): 208/223 kB | 11/163 kB | 65/484 kB
Progress (4): 208/223 kB | 11/163 kB | 65/484 kB | 0/1.9 MB
Progress (4): 208/223 kB | 11/163 kB | 65/484 kB | 0/1.9 MB
Progress (4): 208/223 kB | 11/163 kB | 65/484 kB | 0/1.9 MB
Progress (4): 208/223 kB | 11/163 kB | 81/484 kB | 0/1.9 MB
Progress (4): 208/223 kB | 11/163 kB | 81/484 kB | 0/1.9 MB
Progress (4): 208/223 kB | 11/163 kB | 98/484 kB | 0/1.9 MB
Progress (4): 208/223 kB | 11/163 kB | 114/484 kB | 0/1.9 MB
Progress (4): 208/223 kB | 11/163 kB | 114/484 kB | 0.1/1.9 MB
Progress (4): 223 kB | 11/163 kB | 114/484 kB | 0.1/1.9 MB    
                                                          
Downloaded from central: https://repo.maven.apache.org/maven2/org/codehaus/plexus/plexus-utils/2.0.6/plexus-utils-2.0.6.jar (223 kB at 170 kB/s)
Downloading from central: https://repo.maven.apache.org/maven2/commons-io/commons-io/2.1/commons-io-2.1.jar
Progress (3): 11/163 kB | 114/484 kB | 0.1/1.9 MB
Progress (3): 11/163 kB | 131/484 kB | 0.1/1.9 MB
Progress (4): 11/163 kB | 131/484 kB | 0.1/1.9 MB | 3.2/12 kB
Progress (4): 11/163 kB | 131/484 kB | 0.1/1.9 MB | 3.2/12 kB
Progress (4): 28/163 kB | 131/484 kB | 0.1/1.9 MB | 3.2/12 kB
Progress (4): 28/163 kB | 131/484 kB | 0.1/1.9 MB | 3.2/12 kB
Progress (4): 28/163 kB | 131/484 kB | 0.1/1.9 MB | 3.2/12 kB
Progress (4): 28/163 kB | 131/484 kB | 0.1/1.9 MB | 3.2/12 kB
Progress (4): 28/163 kB | 131/484 kB | 0.2/1.9 MB | 3.2/12 kB
Progress (4): 28/163 kB | 131/484 kB | 0.2/1.9 MB | 3.2/12 kB
Progress (4): 28/163 kB | 131/484 kB | 0.2/1.9 MB | 3.2/12 kB
Progress (4): 28/163 kB | 147/484 kB | 0.2/1.9 MB | 3.2/12 kB
Progress (4): 28/163 kB | 163/484 kB | 0.2/1.9 MB | 3.2/12 kB
Progress (4): 28/163 kB | 180/484 kB | 0.2/1.9 MB | 3.2/12 kB
Progress (4): 28/163 kB | 196/484 kB | 0.2/1.9 MB | 3.2/12 kB
Progress (4): 28/163 kB | 212/484 kB | 0.2/1.9 MB | 3.2/12 kB
Progress (4): 28/163 kB | 229/484 kB | 0.2/1.9 MB | 3.2/12 kB
Progress (4): 28/163 kB | 245/484 kB | 0.2/1.9 MB | 3.2/12 kB
Progress (4): 28/163 kB | 262/484 kB | 0.2/1.9 MB | 3.2/12 kB
Progress (4): 28/163 kB | 262/484 kB | 0.2/1.9 MB | 3.2/12 kB
Progress (4): 28/163 kB | 262/484 kB | 0.2/1.9 MB | 3.2/12 kB
Progress (4): 28/163 kB | 262/484 kB | 0.2/1.9 MB | 12 kB    
Progress (4): 28/163 kB | 262/484 kB | 0.2/1.9 MB | 12 kB
Progress (4): 28/163 kB | 278/484 kB | 0.2/1.9 MB | 12 kB
Progress (4): 28/163 kB | 294/484 kB | 0.2/1.9 MB | 12 kB
Progress (4): 28/163 kB | 294/484 kB | 0.3/1.9 MB | 12 kB
Progress (4): 28/163 kB | 294/484 kB | 0.3/1.9 MB | 12 kB
Progress (4): 28/163 kB | 294/484 kB | 0.3/1.9 MB | 12 kB
Progress (4): 28/163 kB | 311/484 kB | 0.3/1.9 MB | 12 kB
Progress (4): 28/163 kB | 327/484 kB | 0.3/1.9 MB | 12 kB
Progress (4): 28/163 kB | 327/484 kB | 0.3/1.9 MB | 12 kB
Progress (4): 28/163 kB | 327/484 kB | 0.3/1.9 MB | 12 kB
                                                         
Downloaded from central: https://repo.maven.apache.org/maven2/org/apache/ant/ant-launcher/1.8.2/ant-launcher-1.8.2.jar (12 kB at 6.8 kB/s)
Downloading from central: https://repo.maven.apache.org/maven2/xerces/xercesImpl/2.8.0/xercesImpl-2.8.0.jar
Progress (3): 28/163 kB | 344/484 kB | 0.3/1.9 MB
Progress (3): 44/163 kB | 344/484 kB | 0.3/1.9 MB
Progress (4): 44/163 kB | 344/484 kB | 0.3/1.9 MB | 7.7/163 kB
Progress (4): 44/163 kB | 344/484 kB | 0.3/1.9 MB | 16/163 kB 
Progress (4): 44/163 kB | 344/484 kB | 0.3/1.9 MB | 28/163 kB
Progress (4): 44/163 kB | 360/484 kB | 0.3/1.9 MB | 28/163 kB
Progress (4): 44/163 kB | 376/484 kB | 0.3/1.9 MB | 28/163 kB
Progress (4): 44/163 kB | 376/484 kB | 0.3/1.9 MB | 44/163 kB
Progress (4): 44/163 kB | 376/484 kB | 0.3/1.9 MB | 61/163 kB
Progress (4): 44/163 kB | 376/484 kB | 0.3/1.9 MB | 77/163 kB
Progress (4): 44/163 kB | 393/484 kB | 0.3/1.9 MB | 77/163 kB
Progress (4): 44/163 kB | 409/484 kB | 0.3/1.9 MB | 77/163 kB
Progress (4): 44/163 kB | 425/484 kB | 0.3/1.9 MB | 77/163 kB
Progress (4): 44/163 kB | 442/484 kB | 0.3/1.9 MB | 77/163 kB
Progress (4): 44/163 kB | 442/484 kB | 0.3/1.9 MB | 93/163 kB
Progress (4): 44/163 kB | 442/484 kB | 0.3/1.9 MB | 93/163 kB
Progress (4): 44/163 kB | 442/484 kB | 0.4/1.9 MB | 93/163 kB
Progress (4): 44/163 kB | 458/484 kB | 0.4/1.9 MB | 93/163 kB
Progress (4): 44/163 kB | 458/484 kB | 0.4/1.9 MB | 93/163 kB
Progress (4): 44/163 kB | 458/484 kB | 0.4/1.9 MB | 93/163 kB
Progress (4): 44/163 kB | 458/484 kB | 0.4/1.9 MB | 93/163 kB
Progress (4): 44/163 kB | 475/484 kB | 0.4/1.9 MB | 93/163 kB
Progress (4): 44/163 kB | 475/484 kB | 0.4/1.9 MB | 110/163 kB
Progress (4): 44/163 kB | 484 kB | 0.4/1.9 MB | 110/163 kB    
                                                          
Downloaded from central: https://repo.maven.apache.org/maven2/org/sonatype/sisu/sisu-guice/2.9.4/sisu-guice-2.9.4-no_aop.jar (484 kB at 233 kB/s)
Downloading from central: https://repo.maven.apache.org/maven2/xml-apis/xml-apis/1.3.03/xml-apis-1.3.03.jar
Progress (3): 44/163 kB | 0.4/1.9 MB | 126/163 kB
Progress (3): 44/163 kB | 0.4/1.9 MB | 126/163 kB
Progress (3): 44/163 kB | 0.4/1.9 MB | 126/163 kB
Progress (3): 44/163 kB | 0.5/1.9 MB | 126/163 kB
Progress (3): 44/163 kB | 0.5/1.9 MB | 126/163 kB
Progress (3): 44/163 kB | 0.5/1.9 MB | 126/163 kB
Progress (3): 44/163 kB | 0.5/1.9 MB | 126/163 kB
Progress (3): 44/163 kB | 0.5/1.9 MB | 126/163 kB
Progress (3): 44/163 kB | 0.5/1.9 MB | 126/163 kB
Progress (3): 44/163 kB | 0.6/1.9 MB | 126/163 kB
Progress (3): 44/163 kB | 0.6/1.9 MB | 126/163 kB
Progress (3): 44/163 kB | 0.6/1.9 MB | 126/163 kB
Progress (3): 44/163 kB | 0.6/1.9 MB | 126/163 kB
Progress (3): 44/163 kB | 0.6/1.9 MB | 142/163 kB
Progress (3): 44/163 kB | 0.6/1.9 MB | 142/163 kB
Progress (3): 44/163 kB | 0.6/1.9 MB | 142/163 kB
Progress (3): 44/163 kB | 0.7/1.9 MB | 142/163 kB
Progress (3): 44/163 kB | 0.7/1.9 MB | 142/163 kB
Progress (4): 44/163 kB | 0.7/1.9 MB | 142/163 kB | 0/1.2 MB
Progress (4): 44/163 kB | 0.7/1.9 MB | 142/163 kB | 0/1.2 MB
Progress (4): 44/163 kB | 0.7/1.9 MB | 142/163 kB | 0/1.2 MB
Progress (4): 44/163 kB | 0.7/1.9 MB | 142/163 kB | 0/1.2 MB
Progress (4): 44/163 kB | 0.7/1.9 MB | 142/163 kB | 0/1.2 MB
Progress (4): 44/163 kB | 0.7/1.9 MB | 159/163 kB | 0/1.2 MB
Progress (4): 44/163 kB | 0.7/1.9 MB | 163 kB | 0/1.2 MB    
Progress (4): 44/163 kB | 0.7/1.9 MB | 163 kB | 0/1.2 MB
                                                        
Downloaded from central: https://repo.maven.apache.org/maven2/commons-io/commons-io/2.1/commons-io-2.1.jar (163 kB at 70 kB/s)
Progress (3): 44/163 kB | 0.7/1.9 MB | 0/1.2 MB
Progress (3): 44/163 kB | 0.7/1.9 MB | 0/1.2 MB
Progress (3): 44/163 kB | 0.8/1.9 MB | 0/1.2 MB
Progress (3): 44/163 kB | 0.8/1.9 MB | 0/1.2 MB
Progress (3): 44/163 kB | 0.8/1.9 MB | 0/1.2 MB
Progress (3): 61/163 kB | 0.8/1.9 MB | 0/1.2 MB
Progress (4): 61/163 kB | 0.8/1.9 MB | 0/1.2 MB | 7.7/195 kB
Progress (4): 61/163 kB | 0.8/1.9 MB | 0/1.2 MB | 16/195 kB 
Progress (4): 61/163 kB | 0.8/1.9 MB | 0/1.2 MB | 32/195 kB
Progress (4): 61/163 kB | 0.8/1.9 MB | 0/1.2 MB | 49/195 kB
Progress (4): 61/163 kB | 0.8/1.9 MB | 0/1.2 MB | 57/195 kB
Progress (4): 61/163 kB | 0.8/1.9 MB | 0/1.2 MB | 73/195 kB
Progress (4): 61/163 kB | 0.8/1.9 MB | 0/1.2 MB | 73/195 kB
Progress (4): 61/163 kB | 0.8/1.9 MB | 0/1.2 MB | 73/195 kB
Progress (4): 61/163 kB | 0.8/1.9 MB | 0/1.2 MB | 73/195 kB
Progress (4): 61/163 kB | 0.9/1.9 MB | 0/1.2 MB | 73/195 kB
Progress (4): 61/163 kB | 0.9/1.9 MB | 0/1.2 MB | 73/195 kB
Progress (4): 61/163 kB | 0.9/1.9 MB | 0/1.2 MB | 73/195 kB
Progress (4): 61/163 kB | 0.9/1.9 MB | 0/1.2 MB | 73/195 kB
Progress (4): 61/163 kB | 0.9/1.9 MB | 0/1.2 MB | 73/195 kB
Progress (4): 61/163 kB | 0.9/1.9 MB | 0/1.2 MB | 73/195 kB
Progress (4): 61/163 kB | 1.0/1.9 MB | 0/1.2 MB | 73/195 kB
Progress (4): 61/163 kB | 1.0/1.9 MB | 0/1.2 MB | 73/195 kB
Progress (4): 61/163 kB | 1.0/1.9 MB | 0/1.2 MB | 73/195 kB
Progress (4): 61/163 kB | 1.0/1.9 MB | 0/1.2 MB | 73/195 kB
Progress (4): 61/163 kB | 1.0/1.9 MB | 0/1.2 MB | 73/195 kB
Progress (4): 61/163 kB | 1.0/1.9 MB | 0/1.2 MB | 73/195 kB
Progress (4): 61/163 kB | 1.1/1.9 MB | 0/1.2 MB | 73/195 kB
Progress (4): 61/163 kB | 1.1/1.9 MB | 0/1.2 MB | 90/195 kB
Progress (4): 61/163 kB | 1.1/1.9 MB | 0/1.2 MB | 106/195 kB
Progress (4): 61/163 kB | 1.1/1.9 MB | 0/1.2 MB | 122/195 kB
Progress (4): 61/163 kB | 1.1/1.9 MB | 0/1.2 MB | 139/195 kB
Progress (4): 61/163 kB | 1.1/1.9 MB | 0/1.2 MB | 155/195 kB
Progress (4): 61/163 kB | 1.1/1.9 MB | 0/1.2 MB | 155/195 kB
Progress (4): 61/163 kB | 1.1/1.9 MB | 0/1.2 MB | 155/195 kB
Progress (4): 61/163 kB | 1.1/1.9 MB | 0/1.2 MB | 155/195 kB
Progress (4): 61/163 kB | 1.1/1.9 MB | 0/1.2 MB | 155/195 kB
Progress (4): 61/163 kB | 1.1/1.9 MB | 0.1/1.2 MB | 155/195 kB
Progress (4): 61/163 kB | 1.1/1.9 MB | 0.1/1.2 MB | 155/195 kB
Progress (4): 61/163 kB | 1.1/1.9 MB | 0.1/1.2 MB | 155/195 kB
Progress (4): 61/163 kB | 1.2/1.9 MB | 0.1/1.2 MB | 155/195 kB
Progress (4): 61/163 kB | 1.2/1.9 MB | 0.1/1.2 MB | 155/195 kB
Progress (4): 61/163 kB | 1.2/1.9 MB | 0.1/1.2 MB | 155/195 kB
Progress (4): 61/163 kB | 1.2/1.9 MB | 0.1/1.2 MB | 155/195 kB
Progress (4): 77/163 kB | 1.2/1.9 MB | 0.1/1.2 MB | 155/195 kB
Progress (4): 77/163 kB | 1.2/1.9 MB | 0.1/1.2 MB | 155/195 kB
Progress (4): 77/163 kB | 1.2/1.9 MB | 0.1/1.2 MB | 155/195 kB
Progress (4): 77/163 kB | 1.2/1.9 MB | 0.1/1.2 MB | 155/195 kB
Progress (4): 77/163 kB | 1.2/1.9 MB | 0.1/1.2 MB | 155/195 kB
Progress (4): 77/163 kB | 1.3/1.9 MB | 0.1/1.2 MB | 155/195 kB
Progress (4): 77/163 kB | 1.3/1.9 MB | 0.1/1.2 MB | 155/195 kB
Progress (4): 77/163 kB | 1.3/1.9 MB | 0.1/1.2 MB | 155/195 kB
Progress (4): 77/163 kB | 1.3/1.9 MB | 0.1/1.2 MB | 155/195 kB
Progress (4): 77/163 kB | 1.3/1.9 MB | 0.1/1.2 MB | 155/195 kB
Progress (4): 77/163 kB | 1.3/1.9 MB | 0.1/1.2 MB | 155/195 kB
Progress (4): 77/163 kB | 1.3/1.9 MB | 0.1/1.2 MB | 155/195 kB
Progress (4): 77/163 kB | 1.3/1.9 MB | 0.1/1.2 MB | 155/195 kB
Progress (4): 77/163 kB | 1.4/1.9 MB | 0.1/1.2 MB | 155/195 kB
Progress (4): 77/163 kB | 1.4/1.9 MB | 0.1/1.2 MB | 155/195 kB
Progress (4): 77/163 kB | 1.4/1.9 MB | 0.1/1.2 MB | 155/195 kB
Progress (4): 77/163 kB | 1.4/1.9 MB | 0.1/1.2 MB | 155/195 kB
Progress (4): 77/163 kB | 1.4/1.9 MB | 0.1/1.2 MB | 155/195 kB
Progress (4): 77/163 kB | 1.4/1.9 MB | 0.1/1.2 MB | 155/195 kB
Progress (4): 77/163 kB | 1.5/1.9 MB | 0.1/1.2 MB | 155/195 kB
Progress (4): 77/163 kB | 1.5/1.9 MB | 0.1/1.2 MB | 155/195 kB
Progress (4): 77/163 kB | 1.5/1.9 MB | 0.1/1.2 MB | 155/195 kB
Progress (4): 77/163 kB | 1.5/1.9 MB | 0.1/1.2 MB | 155/195 kB
Progress (4): 77/163 kB | 1.5/1.9 MB | 0.1/1.2 MB | 172/195 kB
Progress (4): 77/163 kB | 1.5/1.9 MB | 0.1/1.2 MB | 188/195 kB
Progress (4): 77/163 kB | 1.5/1.9 MB | 0.1/1.2 MB | 195 kB    
Progress (4): 77/163 kB | 1.5/1.9 MB | 0.1/1.2 MB | 195 kB
                                                          
Downloaded from central: https://repo.maven.apache.org/maven2/xml-apis/xml-apis/1.3.03/xml-apis-1.3.03.jar (195 kB at 57 kB/s)
Progress (3): 77/163 kB | 1.5/1.9 MB | 0.1/1.2 MB
Progress (3): 77/163 kB | 1.5/1.9 MB | 0.1/1.2 MB
Progress (3): 77/163 kB | 1.6/1.9 MB | 0.1/1.2 MB
Progress (3): 77/163 kB | 1.6/1.9 MB | 0.1/1.2 MB
Progress (3): 77/163 kB | 1.6/1.9 MB | 0.1/1.2 MB
Progress (3): 77/163 kB | 1.6/1.9 MB | 0.1/1.2 MB
Progress (3): 77/163 kB | 1.6/1.9 MB | 0.1/1.2 MB
Progress (3): 77/163 kB | 1.6/1.9 MB | 0.1/1.2 MB
Progress (3): 77/163 kB | 1.7/1.9 MB | 0.1/1.2 MB
Progress (3): 77/163 kB | 1.7/1.9 MB | 0.1/1.2 MB
Progress (3): 77/163 kB | 1.7/1.9 MB | 0.1/1.2 MB
Progress (3): 77/163 kB | 1.7/1.9 MB | 0.1/1.2 MB
Progress (3): 77/163 kB | 1.7/1.9 MB | 0.1/1.2 MB
Progress (3): 77/163 kB | 1.7/1.9 MB | 0.2/1.2 MB
Progress (3): 77/163 kB | 1.7/1.9 MB | 0.2/1.2 MB
Progress (3): 77/163 kB | 1.7/1.9 MB | 0.2/1.2 MB
Progress (3): 93/163 kB | 1.7/1.9 MB | 0.2/1.2 MB
Progress (3): 93/163 kB | 1.7/1.9 MB | 0.2/1.2 MB
Progress (3): 93/163 kB | 1.7/1.9 MB | 0.2/1.2 MB
Progress (3): 93/163 kB | 1.8/1.9 MB | 0.2/1.2 MB
Progress (3): 93/163 kB | 1.8/1.9 MB | 0.2/1.2 MB
Progress (3): 93/163 kB | 1.8/1.9 MB | 0.2/1.2 MB
Progress (3): 93/163 kB | 1.8/1.9 MB | 0.2/1.2 MB
Progress (3): 93/163 kB | 1.8/1.9 MB | 0.2/1.2 MB
Progress (3): 93/163 kB | 1.8/1.9 MB | 0.2/1.2 MB
Progress (3): 93/163 kB | 1.8/1.9 MB | 0.2/1.2 MB
Progress (3): 93/163 kB | 1.8/1.9 MB | 0.2/1.2 MB
Progress (3): 93/163 kB | 1.9/1.9 MB | 0.2/1.2 MB
Progress (3): 93/163 kB | 1.9/1.9 MB | 0.2/1.2 MB
Progress (3): 93/163 kB | 1.9/1.9 MB | 0.2/1.2 MB
Progress (3): 93/163 kB | 1.9/1.9 MB | 0.2/1.2 MB
Progress (3): 93/163 kB | 1.9/1.9 MB | 0.2/1.2 MB
Progress (3): 93/163 kB | 1.9/1.9 MB | 0.2/1.2 MB
Progress (3): 93/163 kB | 1.9/1.9 MB | 0.2/1.2 MB
Progress (3): 93/163 kB | 1.9 MB | 0.2/1.2 MB    
                                             
Downloaded from central: https://repo.maven.apache.org/maven2/org/apache/ant/ant/1.8.2/ant-1.8.2.jar (1.9 MB at 471 kB/s)
Progress (2): 110/163 kB | 0.2/1.2 MB
Progress (2): 110/163 kB | 0.2/1.2 MB
Progress (2): 110/163 kB | 0.3/1.2 MB
Progress (2): 110/163 kB | 0.3/1.2 MB
Progress (2): 126/163 kB | 0.3/1.2 MB
Progress (2): 126/163 kB | 0.3/1.2 MB
Progress (2): 126/163 kB | 0.3/1.2 MB
Progress (2): 142/163 kB | 0.3/1.2 MB
Progress (2): 142/163 kB | 0.3/1.2 MB
Progress (2): 142/163 kB | 0.3/1.2 MB
Progress (2): 142/163 kB | 0.4/1.2 MB
Progress (2): 142/163 kB | 0.4/1.2 MB
Progress (2): 142/163 kB | 0.4/1.2 MB
Progress (2): 142/163 kB | 0.4/1.2 MB
Progress (2): 159/163 kB | 0.4/1.2 MB
Progress (2): 163 kB | 0.4/1.2 MB    
                                 
Downloaded from central: https://repo.maven.apache.org/maven2/org/apache/maven/maven-model/3.0.3/maven-model-3.0.3.jar (163 kB at 32 kB/s)
Progress (1): 0.4/1.2 MB
Progress (1): 0.4/1.2 MB
Progress (1): 0.5/1.2 MB
Progress (1): 0.5/1.2 MB
Progress (1): 0.5/1.2 MB
Progress (1): 0.5/1.2 MB
Progress (1): 0.5/1.2 MB
Progress (1): 0.5/1.2 MB
Progress (1): 0.6/1.2 MB
Progress (1): 0.6/1.2 MB
Progress (1): 0.6/1.2 MB
Progress (1): 0.6/1.2 MB
Progress (1): 0.6/1.2 MB
Progress (1): 0.6/1.2 MB
Progress (1): 0.7/1.2 MB
Progress (1): 0.7/1.2 MB
Progress (1): 0.7/1.2 MB
Progress (1): 0.7/1.2 MB
Progress (1): 0.7/1.2 MB
Progress (1): 0.7/1.2 MB
Progress (1): 0.8/1.2 MB
Progress (1): 0.8/1.2 MB
Progress (1): 0.8/1.2 MB
Progress (1): 0.8/1.2 MB
Progress (1): 0.8/1.2 MB
Progress (1): 0.8/1.2 MB
Progress (1): 0.9/1.2 MB
Progress (1): 0.9/1.2 MB
Progress (1): 0.9/1.2 MB
Progress (1): 0.9/1.2 MB
Progress (1): 0.9/1.2 MB
Progress (1): 0.9/1.2 MB
Progress (1): 1.0/1.2 MB
Progress (1): 1.0/1.2 MB
Progress (1): 1.0/1.2 MB
Progress (1): 1.0/1.2 MB
Progress (1): 1.0/1.2 MB
Progress (1): 1.0/1.2 MB
Progress (1): 1.0/1.2 MB
Progress (1): 1.1/1.2 MB
Progress (1): 1.1/1.2 MB
Progress (1): 1.1/1.2 MB
Progress (1): 1.1/1.2 MB
Progress (1): 1.1/1.2 MB
Progress (1): 1.1/1.2 MB
Progress (1): 1.2/1.2 MB
Progress (1): 1.2/1.2 MB
Progress (1): 1.2/1.2 MB
Progress (1): 1.2 MB    
                    
Downloaded from central: https://repo.maven.apache.org/maven2/xerces/xercesImpl/2.8.0/xercesImpl-2.8.0.jar (1.2 MB at 122 kB/s)
[INFO] Replacement run on 1 file.
[INFO] 
[INFO] --- resources:2.7:resources (default-resources) @ jackson-core ---
Downloading from central: https://repo.maven.apache.org/maven2/org/apache/maven/shared/maven-filtering/1.2/maven-filtering-1.2.pom
Progress (1): 803 B
Progress (1): 2.3 kB
Progress (1): 5.8 kB
Progress (1): 6.5 kB
                    
Downloaded from central: https://repo.maven.apache.org/maven2/org/apache/maven/shared/maven-filtering/1.2/maven-filtering-1.2.pom (6.5 kB at 15 kB/s)
Downloading from central: https://repo.maven.apache.org/maven2/org/apache/maven/shared/maven-shared-utils/0.3/maven-shared-utils-0.3.pom
Progress (1): 1.2 kB
Progress (1): 3.7 kB
Progress (1): 4.0 kB
                    
Downloaded from central: https://repo.maven.apache.org/maven2/org/apache/maven/shared/maven-shared-utils/0.3/maven-shared-utils-0.3.pom (4.0 kB at 18 kB/s)
Downloading from central: https://repo.maven.apache.org/maven2/org/codehaus/plexus/plexus-interpolation/1.12/plexus-interpolation-1.12.pom
Progress (1): 889 B
                   
Downloaded from central: https://repo.maven.apache.org/maven2/org/codehaus/plexus/plexus-interpolation/1.12/plexus-interpolation-1.12.pom (889 B at 3.6 kB/s)
Downloading from central: https://repo.maven.apache.org/maven2/org/sonatype/plexus/plexus-build-api/0.0.4/plexus-build-api-0.0.4.pom
Progress (1): 915 B
Progress (1): 2.9 kB
                    
Downloaded from central: https://repo.maven.apache.org/maven2/org/sonatype/plexus/plexus-build-api/0.0.4/plexus-build-api-0.0.4.pom (2.9 kB at 5.5 kB/s)
Downloading from central: https://repo.maven.apache.org/maven2/org/sonatype/spice/spice-parent/10/spice-parent-10.pom
Progress (1): 1.6 kB
Progress (1): 3.0 kB
                    
Downloaded from central: https://repo.maven.apache.org/maven2/org/sonatype/spice/spice-parent/10/spice-parent-10.pom (3.0 kB at 6.6 kB/s)
Downloading from central: https://repo.maven.apache.org/maven2/org/sonatype/forge/forge-parent/3/forge-parent-3.pom
Progress (1): 1.5 kB
Progress (1): 5.0 kB
                    
Downloaded from central: https://repo.maven.apache.org/maven2/org/sonatype/forge/forge-parent/3/forge-parent-3.pom (5.0 kB at 11 kB/s)
Downloading from central: https://repo.maven.apache.org/maven2/org/codehaus/plexus/plexus-interpolation/1.19/plexus-interpolation-1.19.pom
Progress (1): 1.0 kB
                    
Downloaded from central: https://repo.maven.apache.org/maven2/org/codehaus/plexus/plexus-interpolation/1.19/plexus-interpolation-1.19.pom (1.0 kB at 2.5 kB/s)
Downloading from central: https://repo.maven.apache.org/maven2/org/apache/maven/maven-plugin-api/2.2.1/maven-plugin-api-2.2.1.jar
Progress (1): 7.7/12 kB
Progress (1): 12 kB    
                   
Downloaded from central: https://repo.maven.apache.org/maven2/org/apache/maven/maven-plugin-api/2.2.1/maven-plugin-api-2.2.1.jar (12 kB at 27 kB/s)
Downloading from central: https://repo.maven.apache.org/maven2/org/apache/maven/maven-project/2.2.1/maven-project-2.2.1.jar
Downloading from central: https://repo.maven.apache.org/maven2/org/apache/maven/maven-profile/2.2.1/maven-profile-2.2.1.jar
Downloading from central: https://repo.maven.apache.org/maven2/org/apache/maven/maven-artifact-manager/2.2.1/maven-artifact-manager-2.2.1.jar
Downloading from central: https://repo.maven.apache.org/maven2/org/apache/maven/maven-plugin-registry/2.2.1/maven-plugin-registry-2.2.1.jar
Downloading from central: https://repo.maven.apache.org/maven2/org/apache/maven/maven-core/2.2.1/maven-core-2.2.1.jar
Progress (1): 7.7/68 kB
Progress (1): 16/68 kB 
Progress (1): 24/68 kB
Progress (2): 24/68 kB | 7.7/30 kB
Progress (2): 24/68 kB | 16/30 kB 
Progress (2): 40/68 kB | 16/30 kB
Progress (2): 57/68 kB | 16/30 kB
Progress (2): 68 kB | 16/30 kB   
Progress (3): 68 kB | 16/30 kB | 7.7/178 kB
Progress (3): 68 kB | 16/30 kB | 16/178 kB 
                                          
Downloaded from central: https://repo.maven.apache.org/maven2/org/apache/maven/maven-artifact-manager/2.2.1/maven-artifact-manager-2.2.1.jar (68 kB at 251 kB/s)
Downloading from central: https://repo.maven.apache.org/maven2/org/apache/maven/maven-plugin-parameter-documenter/2.2.1/maven-plugin-parameter-documenter-2.2.1.jar
Progress (2): 16/30 kB | 28/178 kB
Progress (2): 16/30 kB | 44/178 kB
Progress (2): 16/30 kB | 61/178 kB
Progress (2): 30 kB | 61/178 kB   
Progress (2): 30 kB | 77/178 kB
                               
Downloaded from central: https://repo.maven.apache.org/maven2/org/apache/maven/maven-plugin-registry/2.2.1/maven-plugin-registry-2.2.1.jar (30 kB at 64 kB/s)
Downloading from central: https://repo.maven.apache.org/maven2/org/slf4j/slf4j-jdk14/1.5.6/slf4j-jdk14-1.5.6.jar
Progress (2): 77/178 kB | 7.7/22 kB
Progress (2): 77/178 kB | 7.7/22 kB
Progress (2): 77/178 kB | 22 kB    
                               
Downloaded from central: https://repo.maven.apache.org/maven2/org/apache/maven/maven-plugin-parameter-documenter/2.2.1/maven-plugin-parameter-documenter-2.2.1.jar (22 kB at 45 kB/s)
Downloading from central: https://repo.maven.apache.org/maven2/org/slf4j/slf4j-api/1.5.6/slf4j-api-1.5.6.jar
Progress (2): 77/178 kB | 7.3/22 kB
Progress (2): 77/178 kB | 22 kB    
                               
Downloaded from central: https://repo.maven.apache.org/maven2/org/slf4j/slf4j-api/1.5.6/slf4j-api-1.5.6.jar (22 kB at 31 kB/s)
Downloading from central: https://repo.maven.apache.org/maven2/org/slf4j/jcl-over-slf4j/1.5.6/jcl-over-slf4j-1.5.6.jar
Progress (1): 93/178 kB
Progress (1): 110/178 kB
Progress (2): 110/178 kB | 7.7/35 kB
Progress (2): 110/178 kB | 16/35 kB 
Progress (2): 110/178 kB | 32/35 kB
Progress (2): 110/178 kB | 35 kB   
                                
Downloaded from central: https://repo.maven.apache.org/maven2/org/apache/maven/maven-profile/2.2.1/maven-profile-2.2.1.jar (35 kB at 40 kB/s)
Downloading from central: https://repo.maven.apache.org/maven2/org/apache/maven/reporting/maven-reporting-api/2.2.1/maven-reporting-api-2.2.1.jar
Progress (2): 110/178 kB | 7.7/17 kB
Progress (2): 110/178 kB | 7.7/17 kB
Progress (2): 110/178 kB | 17 kB    
                                
Downloaded from central: https://repo.maven.apache.org/maven2/org/slf4j/jcl-over-slf4j/1.5.6/jcl-over-slf4j-1.5.6.jar (17 kB at 17 kB/s)
Downloading from central: https://repo.maven.apache.org/maven2/org/apache/maven/doxia/doxia-sink-api/1.1/doxia-sink-api-1.1.jar
Progress (2): 110/178 kB | 7.7/9.8 kB
Progress (3): 110/178 kB | 7.7/9.8 kB | 7.7/13 kB
Progress (3): 110/178 kB | 7.7/9.8 kB | 7.7/13 kB
Progress (4): 110/178 kB | 7.7/9.8 kB | 7.7/13 kB | 7.7/8.8 kB
Progress (4): 110/178 kB | 7.7/9.8 kB | 7.7/13 kB | 8.8 kB    
Progress (4): 110/178 kB | 7.7/9.8 kB | 13 kB | 8.8 kB    
                                                      
Downloaded from central: https://repo.maven.apache.org/maven2/org/apache/maven/doxia/doxia-sink-api/1.1/doxia-sink-api-1.1.jar (13 kB at 10 kB/s)
Downloaded from central: https://repo.maven.apache.org/maven2/org/slf4j/slf4j-jdk14/1.5.6/slf4j-jdk14-1.5.6.jar (8.8 kB at 7.0 kB/s)
Downloading from central: https://repo.maven.apache.org/maven2/org/apache/maven/doxia/doxia-logging-api/1.1/doxia-logging-api-1.1.jar
Downloading from central: https://repo.maven.apache.org/maven2/org/apache/maven/maven-repository-metadata/2.2.1/maven-repository-metadata-2.2.1.jar
Progress (3): 110/178 kB | 7.7/9.8 kB | 7.7/11 kB
Progress (3): 110/178 kB | 7.7/9.8 kB | 11 kB    
                                             
Downloaded from central: https://repo.maven.apache.org/maven2/org/apache/maven/doxia/doxia-logging-api/1.1/doxia-logging-api-1.1.jar (11 kB at 7.8 kB/s)
Downloading from central: https://repo.maven.apache.org/maven2/org/apache/maven/maven-error-diagnostics/2.2.1/maven-error-diagnostics-2.2.1.jar
Progress (3): 110/178 kB | 7.7/9.8 kB | 7.7/26 kB
Progress (3): 110/178 kB | 7.7/9.8 kB | 7.7/26 kB
Progress (3): 126/178 kB | 7.7/9.8 kB | 7.7/26 kB
Progress (3): 142/178 kB | 7.7/9.8 kB | 7.7/26 kB
Progress (3): 159/178 kB | 7.7/9.8 kB | 7.7/26 kB
Progress (3): 175/178 kB | 7.7/9.8 kB | 7.7/26 kB
Progress (3): 178 kB | 7.7/9.8 kB | 7.7/26 kB    
                                             
Downloaded from central: https://repo.maven.apache.org/maven2/org/apache/maven/maven-core/2.2.1/maven-core-2.2.1.jar (178 kB at 120 kB/s)
Downloading from central: https://repo.maven.apache.org/maven2/commons-cli/commons-cli/1.2/commons-cli-1.2.jar
Progress (2): 9.8 kB | 7.7/26 kB
                                
Downloaded from central: https://repo.maven.apache.org/maven2/org/apache/maven/reporting/maven-reporting-api/2.2.1/maven-reporting-api-2.2.1.jar (9.8 kB at 6.6 kB/s)
Downloading from central: https://repo.maven.apache.org/maven2/org/apache/maven/maven-plugin-descriptor/2.2.1/maven-plugin-descriptor-2.2.1.jar
Progress (2): 7.7/26 kB | 7.7/13 kB
Progress (2): 7.7/26 kB | 8.2/13 kB
Progress (2): 7.7/26 kB | 13 kB    
                               
Downloaded from central: https://repo.maven.apache.org/maven2/org/apache/maven/maven-error-diagnostics/2.2.1/maven-error-diagnostics-2.2.1.jar (13 kB at 7.8 kB/s)
Downloading from central: https://repo.maven.apache.org/maven2/org/apache/maven/maven-artifact/2.2.1/maven-artifact-2.2.1.jar
Progress (1): 24/26 kB
Progress (1): 26 kB   
                   
Downloaded from central: https://repo.maven.apache.org/maven2/org/apache/maven/maven-repository-metadata/2.2.1/maven-repository-metadata-2.2.1.jar (26 kB at 15 kB/s)
Downloading from central: https://repo.maven.apache.org/maven2/org/apache/maven/maven-settings/2.2.1/maven-settings-2.2.1.jar
Progress (1): 7.7/41 kB
Progress (1): 11/41 kB 
Progress (2): 11/41 kB | 7.7/156 kB
Progress (2): 11/41 kB | 16/156 kB 
Progress (3): 11/41 kB | 16/156 kB | 7.7/80 kB
Progress (3): 11/41 kB | 16/156 kB | 16/80 kB 
Progress (3): 11/41 kB | 16/156 kB | 25/80 kB
Progress (4): 11/41 kB | 16/156 kB | 25/80 kB | 7.7/49 kB
Progress (4): 11/41 kB | 16/156 kB | 25/80 kB | 16/49 kB 
Progress (4): 11/41 kB | 16/156 kB | 25/80 kB | 24/49 kB
Progress (4): 11/41 kB | 16/156 kB | 25/80 kB | 40/49 kB
Progress (4): 28/41 kB | 16/156 kB | 25/80 kB | 40/49 kB
Progress (4): 41 kB | 16/156 kB | 25/80 kB | 40/49 kB   
                                                     
Downloaded from central: https://repo.maven.apache.org/maven2/commons-cli/commons-cli/1.2/commons-cli-1.2.jar (41 kB at 20 kB/s)
Downloading from central: https://repo.maven.apache.org/maven2/org/apache/maven/maven-model/2.2.1/maven-model-2.2.1.jar
Progress (4): 16/156 kB | 25/80 kB | 40/49 kB | 7.7/39 kB
Progress (4): 16/156 kB | 25/80 kB | 40/49 kB | 7.7/39 kB
Progress (4): 16/156 kB | 25/80 kB | 40/49 kB | 24/39 kB 
Progress (4): 16/156 kB | 41/80 kB | 40/49 kB | 24/39 kB
Progress (4): 16/156 kB | 57/80 kB | 40/49 kB | 24/39 kB
Progress (4): 16/156 kB | 74/80 kB | 40/49 kB | 24/39 kB
Progress (4): 16/156 kB | 80 kB | 40/49 kB | 24/39 kB   
                                                     
Downloaded from central: https://repo.maven.apache.org/maven2/org/apache/maven/maven-artifact/2.2.1/maven-artifact-2.2.1.jar (80 kB at 37 kB/s)
Downloading from central: https://repo.maven.apache.org/maven2/org/apache/maven/maven-monitor/2.2.1/maven-monitor-2.2.1.jar
Progress (4): 16/156 kB | 40/49 kB | 24/39 kB | 3.2/88 kB
Progress (4): 16/156 kB | 40/49 kB | 39 kB | 3.2/88 kB   
                                                      
Downloaded from central: https://repo.maven.apache.org/maven2/org/apache/maven/maven-plugin-descriptor/2.2.1/maven-plugin-descriptor-2.2.1.jar (39 kB at 17 kB/s)
Downloading from central: https://repo.maven.apache.org/maven2/org/apache/maven/shared/maven-filtering/1.2/maven-filtering-1.2.jar
Progress (3): 16/156 kB | 40/49 kB | 20/88 kB
Progress (4): 16/156 kB | 40/49 kB | 20/88 kB | 3.2/10 kB
Progress (4): 16/156 kB | 49 kB | 20/88 kB | 3.2/10 kB   
                                                      
Downloaded from central: https://repo.maven.apache.org/maven2/org/apache/maven/maven-settings/2.2.1/maven-settings-2.2.1.jar (49 kB at 19 kB/s)
Downloading from central: https://repo.maven.apache.org/maven2/org/apache/maven/shared/maven-shared-utils/0.3/maven-shared-utils-0.3.jar
Progress (3): 16/156 kB | 36/88 kB | 3.2/10 kB
Progress (3): 16/156 kB | 52/88 kB | 3.2/10 kB
Progress (3): 16/156 kB | 61/88 kB | 3.2/10 kB
Progress (3): 16/156 kB | 77/88 kB | 3.2/10 kB
Progress (3): 16/156 kB | 88 kB | 3.2/10 kB   
                                           
Downloaded from central: https://repo.maven.apache.org/maven2/org/apache/maven/maven-model/2.2.1/maven-model-2.2.1.jar (88 kB at 32 kB/s)
Downloading from central: https://repo.maven.apache.org/maven2/org/sonatype/plexus/plexus-build-api/0.0.4/plexus-build-api-0.0.4.jar
Progress (2): 24/156 kB | 3.2/10 kB
Progress (2): 24/156 kB | 10 kB    
                               
Downloaded from central: https://repo.maven.apache.org/maven2/org/apache/maven/maven-monitor/2.2.1/maven-monitor-2.2.1.jar (10 kB at 3.8 kB/s)
Downloading from central: https://repo.maven.apache.org/maven2/org/codehaus/plexus/plexus-interpolation/1.19/plexus-interpolation-1.19.jar
Progress (2): 24/156 kB | 7.7/44 kB
Progress (2): 24/156 kB | 16/44 kB 
Progress (2): 24/156 kB | 32/44 kB
Progress (3): 24/156 kB | 32/44 kB | 6.8 kB
                                           
Downloaded from central: https://repo.maven.apache.org/maven2/org/sonatype/plexus/plexus-build-api/0.0.4/plexus-build-api-0.0.4.jar (6.8 kB at 2.3 kB/s)
Progress (3): 24/156 kB | 32/44 kB | 7.7/155 kB
Progress (3): 24/156 kB | 32/44 kB | 16/155 kB 
Progress (3): 24/156 kB | 32/44 kB | 24/155 kB
Progress (3): 24/156 kB | 32/44 kB | 40/155 kB
Progress (3): 24/156 kB | 32/44 kB | 57/155 kB
Progress (3): 24/156 kB | 32/44 kB | 66/155 kB
Progress (3): 24/156 kB | 44 kB | 66/155 kB   
                                           
Downloaded from central: https://repo.maven.apache.org/maven2/org/apache/maven/shared/maven-filtering/1.2/maven-filtering-1.2.jar (44 kB at 13 kB/s)
Progress (3): 24/156 kB | 66/155 kB | 7.7/62 kB
Progress (3): 24/156 kB | 66/155 kB | 15/62 kB 
Progress (3): 24/156 kB | 66/155 kB | 32/62 kB
Progress (3): 24/156 kB | 82/155 kB | 32/62 kB
Progress (3): 24/156 kB | 98/155 kB | 32/62 kB
Progress (3): 24/156 kB | 115/155 kB | 32/62 kB
Progress (3): 24/156 kB | 131/155 kB | 32/62 kB
Progress (3): 24/156 kB | 147/155 kB | 32/62 kB
Progress (3): 24/156 kB | 155 kB | 32/62 kB    
                                           
Downloaded from central: https://repo.maven.apache.org/maven2/org/apache/maven/shared/maven-shared-utils/0.3/maven-shared-utils-0.3.jar (155 kB at 40 kB/s)
Progress (2): 24/156 kB | 48/62 kB
Progress (2): 24/156 kB | 62 kB   
                               
Downloaded from central: https://repo.maven.apache.org/maven2/org/codehaus/plexus/plexus-interpolation/1.19/plexus-interpolation-1.19.jar (62 kB at 15 kB/s)
Progress (1): 40/156 kB
Progress (1): 49/156 kB
Progress (1): 66/156 kB
Progress (1): 82/156 kB
Progress (1): 98/156 kB
Progress (1): 115/156 kB
Progress (1): 131/156 kB
Progress (1): 147/156 kB
Progress (1): 156 kB    
                    
Downloaded from central: https://repo.maven.apache.org/maven2/org/apache/maven/maven-project/2.2.1/maven-project-2.2.1.jar (156 kB at 19 kB/s)
[INFO] Using 'UTF-8' encoding to copy filtered resources.
[INFO] Copying 3 resources
[INFO] 
[INFO] --- compiler:3.8.0:compile (default-compile) @ jackson-core ---
Downloading from central: https://repo.maven.apache.org/maven2/org/ow2/asm/asm/7.0/asm-7.0.pom
Progress (1): 1.2 kB
Progress (1): 2.9 kB
                    
Downloaded from central: https://repo.maven.apache.org/maven2/org/ow2/asm/asm/7.0/asm-7.0.pom (2.9 kB at 11 kB/s)
Downloading from central: https://repo.maven.apache.org/maven2/org/ow2/asm/asm/7.0/asm-7.0.jar
Progress (1): 7.7/114 kB
Progress (1): 16/114 kB 
Progress (1): 32/114 kB
Progress (1): 49/114 kB
Progress (1): 65/114 kB
Progress (1): 66/114 kB
Progress (1): 82/114 kB
Progress (1): 98/114 kB
Progress (1): 114 kB   
                    
Downloaded from central: https://repo.maven.apache.org/maven2/org/ow2/asm/asm/7.0/asm-7.0.jar (114 kB at 39 kB/s)
[WARNING]  Parameter 'optimize' (user property 'maven.compiler.optimize') is deprecated: This property is a no-op in {@code javac}.
[INFO] Changes detected - recompiling the module!
[INFO] Compiling 112 source files to /home/zhihao/hdd/marshal/.work/rebuild_jackson_mock_logback/case-package/replay-work/formal-github-jackson-core-mock-interception--target-logback-elasticsearch/source-a0/target/classes
[WARNING] bootstrap class path not set in conjunction with -source 1.6
[INFO] 
[INFO] --- resources:2.7:testResources (default-testResources) @ jackson-core ---
[INFO] Not copying test resources
[INFO] 
[INFO] --- compiler:3.8.0:testCompile (default-testCompile) @ jackson-core ---
[WARNING]  Parameter 'optimize' (user property 'maven.compiler.optimize') is deprecated: This property is a no-op in {@code javac}.
[INFO] Not compiling test sources
[INFO] 
[INFO] --- surefire:2.22.2:test (default-test) @ jackson-core ---
Downloading from central: https://repo.maven.apache.org/maven2/org/apache/maven/surefire/maven-surefire-common/2.22.2/maven-surefire-common-2.22.2.pom
Progress (1): 1.2 kB
Progress (1): 5.4 kB
Progress (1): 11 kB 
                   
Downloaded from central: https://repo.maven.apache.org/maven2/org/apache/maven/surefire/maven-surefire-common/2.22.2/maven-surefire-common-2.22.2.pom (11 kB at 48 kB/s)
Downloading from central: https://repo.maven.apache.org/maven2/org/apache/maven/plugin-tools/maven-plugin-annotations/3.5.2/maven-plugin-annotations-3.5.2.pom
Progress (1): 872 B
Progress (1): 1.6 kB
                    
Downloaded from central: https://repo.maven.apache.org/maven2/org/apache/maven/plugin-tools/maven-plugin-annotations/3.5.2/maven-plugin-annotations-3.5.2.pom (1.6 kB at 7.7 kB/s)
Downloading from central: https://repo.maven.apache.org/maven2/org/apache/maven/plugin-tools/maven-plugin-tools/3.5.2/maven-plugin-tools-3.5.2.pom
Progress (1): 818 B
Progress (1): 2.4 kB
Progress (1): 4.7 kB
Progress (1): 9.2 kB
Progress (1): 13 kB 
Progress (1): 15 kB
                   
Downloaded from central: https://repo.maven.apache.org/maven2/org/apache/maven/plugin-tools/maven-plugin-tools/3.5.2/maven-plugin-tools-3.5.2.pom (15 kB at 55 kB/s)
Downloading from central: https://repo.maven.apache.org/maven2/org/apache/maven/maven-parent/31/maven-parent-31.pom
Progress (1): 721 B
Progress (1): 1.9 kB
Progress (1): 5.4 kB
Progress (1): 9.9 kB
Progress (1): 14 kB 
Progress (1): 19 kB
Progress (1): 24 kB
Progress (1): 25 kB
Progress (1): 27 kB
Progress (1): 30 kB
Progress (1): 34 kB
Progress (1): 37 kB
Progress (1): 40 kB
Progress (1): 43 kB
                   
Downloaded from central: https://repo.maven.apache.org/maven2/org/apache/maven/maven-parent/31/maven-parent-31.pom (43 kB at 135 kB/s)
Downloading from central: https://repo.maven.apache.org/maven2/org/apache/apache/19/apache-19.pom
Progress (1): 756 B
Progress (1): 2.1 kB
Progress (1): 3.9 kB
Progress (1): 8.0 kB
Progress (1): 12 kB 
Progress (1): 15 kB
                   
Downloaded from central: https://repo.maven.apache.org/maven2/org/apache/apache/19/apache-19.pom (15 kB at 63 kB/s)
Downloading from central: https://repo.maven.apache.org/maven2/org/apache/maven/surefire/surefire-api/2.22.2/surefire-api-2.22.2.pom
Progress (1): 1.3 kB
Progress (1): 3.5 kB
                    
Downloaded from central: https://repo.maven.apache.org/maven2/org/apache/maven/surefire/surefire-api/2.22.2/surefire-api-2.22.2.pom (3.5 kB at 17 kB/s)
Downloading from central: https://repo.maven.apache.org/maven2/org/apache/maven/surefire/surefire-logger-api/2.22.2/surefire-logger-api-2.22.2.pom
Progress (1): 862 B
Progress (1): 2.0 kB
                    
Downloaded from central: https://repo.maven.apache.org/maven2/org/apache/maven/surefire/surefire-logger-api/2.22.2/surefire-logger-api-2.22.2.pom (2.0 kB at 9.2 kB/s)
Downloading from central: https://repo.maven.apache.org/maven2/org/apache/maven/surefire/surefire-booter/2.22.2/surefire-booter-2.22.2.pom
Progress (1): 1.1 kB
Progress (1): 5.0 kB
Progress (1): 7.5 kB
                    
Downloaded from central: https://repo.maven.apache.org/maven2/org/apache/maven/surefire/surefire-booter/2.22.2/surefire-booter-2.22.2.pom (7.5 kB at 34 kB/s)
Downloading from central: https://repo.maven.apache.org/maven2/com/thoughtworks/qdox/qdox/2.0-M8/qdox-2.0-M8.pom
Progress (1): 873 B
Progress (1): 3.4 kB
Progress (1): 6.7 kB
Progress (1): 11 kB 
Progress (1): 14 kB
Progress (1): 16 kB
                   
Downloaded from central: https://repo.maven.apache.org/maven2/com/thoughtworks/qdox/qdox/2.0-M8/qdox-2.0-M8.pom (16 kB at 37 kB/s)
Downloading from central: https://repo.maven.apache.org/maven2/org/apache/maven/surefire/maven-surefire-common/2.22.2/maven-surefire-common-2.22.2.jar
Progress (1): 7.7/528 kB
Progress (1): 16/528 kB 
Progress (1): 24/528 kB
Progress (1): 40/528 kB
Progress (1): 57/528 kB
Progress (1): 66/528 kB
Progress (1): 82/528 kB
Progress (1): 98/528 kB
Progress (1): 102/528 kB
Progress (1): 115/528 kB
Progress (1): 131/528 kB
Progress (1): 147/528 kB
Progress (1): 164/528 kB
Progress (1): 180/528 kB
Progress (1): 197/528 kB
Progress (1): 213/528 kB
Progress (1): 229/528 kB
Progress (1): 246/528 kB
Progress (1): 262/528 kB
Progress (1): 279/528 kB
Progress (1): 295/528 kB
Progress (1): 311/528 kB
Progress (1): 328/528 kB
Progress (1): 344/528 kB
Progress (1): 360/528 kB
Progress (1): 377/528 kB
Progress (1): 393/528 kB
Progress (1): 410/528 kB
Progress (1): 426/528 kB
Progress (1): 442/528 kB
Progress (1): 459/528 kB
Progress (1): 475/528 kB
Progress (1): 492/528 kB
Progress (1): 508/528 kB
Progress (1): 524/528 kB
Progress (1): 528 kB    
                    
Downloaded from central: https://repo.maven.apache.org/maven2/org/apache/maven/surefire/maven-surefire-common/2.22.2/maven-surefire-common-2.22.2.jar (528 kB at 90 kB/s)
Downloading from central: https://repo.maven.apache.org/maven2/org/apache/maven/plugin-tools/maven-plugin-annotations/3.5.2/maven-plugin-annotations-3.5.2.jar
Downloading from central: https://repo.maven.apache.org/maven2/org/apache/maven/surefire/surefire-api/2.22.2/surefire-api-2.22.2.jar
Downloading from central: https://repo.maven.apache.org/maven2/org/apache/maven/surefire/surefire-logger-api/2.22.2/surefire-logger-api-2.22.2.jar
Downloading from central: https://repo.maven.apache.org/maven2/org/apache/maven/surefire/surefire-booter/2.22.2/surefire-booter-2.22.2.jar
Downloading from central: https://repo.maven.apache.org/maven2/org/codehaus/plexus/plexus-utils/1.5.15/plexus-utils-1.5.15.jar
Progress (1): 7.7/13 kB
Progress (1): 7.7/13 kB
Progress (1): 13 kB    
                   
Downloaded from central: https://repo.maven.apache.org/maven2/org/apache/maven/surefire/surefire-logger-api/2.22.2/surefire-logger-api-2.22.2.jar (13 kB at 59 kB/s)
Downloading from central: https://repo.maven.apache.org/maven2/org/codehaus/plexus/plexus-interpolation/1.11/plexus-interpolation-1.11.jar
Progress (1): 7.7/186 kB
Progress (1): 11/186 kB 
Progress (2): 11/186 kB | 7.7/228 kB
Progress (2): 11/186 kB | 16/228 kB 
Progress (3): 11/186 kB | 16/228 kB | 7.7/274 kB
Progress (3): 11/186 kB | 16/228 kB | 7.7/274 kB
Progress (3): 28/186 kB | 16/228 kB | 7.7/274 kB
Progress (4): 28/186 kB | 16/228 kB | 7.7/274 kB | 7.7/14 kB
Progress (4): 28/186 kB | 16/228 kB | 7.7/274 kB | 14 kB    
                                                        
Downloaded from central: https://repo.maven.apache.org/maven2/org/apache/maven/plugin-tools/maven-plugin-annotations/3.5.2/maven-plugin-annotations-3.5.2.jar (14 kB at 33 kB/s)
Downloading from central: https://repo.maven.apache.org/maven2/com/thoughtworks/qdox/qdox/2.0-M8/qdox-2.0-M8.jar
Progress (3): 28/186 kB | 16/228 kB | 24/274 kB
Progress (4): 28/186 kB | 16/228 kB | 24/274 kB | 7.7/51 kB
Progress (4): 28/186 kB | 16/228 kB | 24/274 kB | 16/51 kB 
Progress (4): 44/186 kB | 16/228 kB | 24/274 kB | 16/51 kB
Progress (4): 61/186 kB | 16/228 kB | 24/274 kB | 16/51 kB
Progress (4): 66/186 kB | 16/228 kB | 24/274 kB | 16/51 kB
Progress (4): 66/186 kB | 32/228 kB | 24/274 kB | 16/51 kB
Progress (4): 66/186 kB | 49/228 kB | 24/274 kB | 16/51 kB
Progress (4): 66/186 kB | 57/228 kB | 24/274 kB | 16/51 kB
Progress (4): 66/186 kB | 57/228 kB | 40/274 kB | 16/51 kB
Progress (5): 66/186 kB | 57/228 kB | 40/274 kB | 16/51 kB | 7.7/316 kB
Progress (5): 82/186 kB | 57/228 kB | 40/274 kB | 16/51 kB | 7.7/316 kB
Progress (5): 82/186 kB | 73/228 kB | 40/274 kB | 16/51 kB | 7.7/316 kB
Progress (5): 82/186 kB | 73/228 kB | 40/274 kB | 16/51 kB | 16/316 kB 
Progress (5): 82/186 kB | 90/228 kB | 40/274 kB | 16/51 kB | 16/316 kB
Progress (5): 82/186 kB | 106/228 kB | 40/274 kB | 16/51 kB | 16/316 kB
Progress (5): 82/186 kB | 122/228 kB | 40/274 kB | 16/51 kB | 16/316 kB
Progress (5): 82/186 kB | 139/228 kB | 40/274 kB | 16/51 kB | 16/316 kB
Progress (5): 82/186 kB | 155/228 kB | 40/274 kB | 16/51 kB | 16/316 kB
Progress (5): 82/186 kB | 172/228 kB | 40/274 kB | 16/51 kB | 16/316 kB
Progress (5): 82/186 kB | 188/228 kB | 40/274 kB | 16/51 kB | 16/316 kB
Progress (5): 82/186 kB | 204/228 kB | 40/274 kB | 16/51 kB | 16/316 kB
Progress (5): 82/186 kB | 221/228 kB | 40/274 kB | 16/51 kB | 16/316 kB
Progress (5): 82/186 kB | 228 kB | 40/274 kB | 16/51 kB | 16/316 kB    
                                                                   
Downloaded from central: https://repo.maven.apache.org/maven2/org/codehaus/plexus/plexus-utils/1.5.15/plexus-utils-1.5.15.jar (228 kB at 214 kB/s)
Progress (4): 82/186 kB | 40/274 kB | 16/51 kB | 32/316 kB
Progress (4): 82/186 kB | 40/274 kB | 24/51 kB | 32/316 kB
Progress (4): 82/186 kB | 40/274 kB | 40/51 kB | 32/316 kB
Progress (4): 82/186 kB | 40/274 kB | 51 kB | 32/316 kB   
                                                       
Downloaded from central: https://repo.maven.apache.org/maven2/org/codehaus/plexus/plexus-interpolation/1.11/plexus-interpolation-1.11.jar (51 kB at 43 kB/s)
Progress (3): 82/186 kB | 57/274 kB | 32/316 kB
Progress (3): 82/186 kB | 57/274 kB | 49/316 kB
Progress (3): 82/186 kB | 73/274 kB | 49/316 kB
Progress (3): 82/186 kB | 90/274 kB | 49/316 kB
Progress (3): 98/186 kB | 90/274 kB | 49/316 kB
Progress (3): 115/186 kB | 90/274 kB | 49/316 kB
Progress (3): 131/186 kB | 90/274 kB | 49/316 kB
Progress (3): 147/186 kB | 90/274 kB | 49/316 kB
Progress (3): 147/186 kB | 90/274 kB | 65/316 kB
Progress (3): 164/186 kB | 90/274 kB | 65/316 kB
Progress (3): 164/186 kB | 90/274 kB | 66/316 kB
Progress (3): 164/186 kB | 90/274 kB | 82/316 kB
Progress (3): 180/186 kB | 90/274 kB | 82/316 kB
Progress (3): 186 kB | 90/274 kB | 82/316 kB    
                                            
Downloaded from central: https://repo.maven.apache.org/maven2/org/apache/maven/surefire/surefire-api/2.22.2/surefire-api-2.22.2.jar (186 kB at 106 kB/s)
Progress (2): 106/274 kB | 82/316 kB
Progress (2): 106/274 kB | 98/316 kB
Progress (2): 122/274 kB | 98/316 kB
Progress (2): 122/274 kB | 115/316 kB
Progress (2): 139/274 kB | 115/316 kB
Progress (2): 155/274 kB | 115/316 kB
Progress (2): 155/274 kB | 131/316 kB
Progress (2): 155/274 kB | 147/316 kB
Progress (2): 172/274 kB | 147/316 kB
Progress (2): 172/274 kB | 164/316 kB
Progress (2): 172/274 kB | 180/316 kB
Progress (2): 188/274 kB | 180/316 kB
Progress (2): 204/274 kB | 180/316 kB
Progress (2): 204/274 kB | 197/316 kB
Progress (2): 204/274 kB | 213/316 kB
Progress (2): 204/274 kB | 229/316 kB
Progress (2): 221/274 kB | 229/316 kB
Progress (2): 221/274 kB | 246/316 kB
Progress (2): 221/274 kB | 262/316 kB
Progress (2): 237/274 kB | 262/316 kB
Progress (2): 237/274 kB | 279/316 kB
Progress (2): 253/274 kB | 279/316 kB
Progress (2): 270/274 kB | 279/316 kB
Progress (2): 270/274 kB | 295/316 kB
Progress (2): 274 kB | 295/316 kB    
                                 
Downloaded from central: https://repo.maven.apache.org/maven2/org/apache/maven/surefire/surefire-booter/2.22.2/surefire-booter-2.22.2.jar (274 kB at 77 kB/s)
Progress (1): 311/316 kB
Progress (1): 316 kB    
                    
Downloaded from central: https://repo.maven.apache.org/maven2/com/thoughtworks/qdox/qdox/2.0-M8/qdox-2.0-M8.jar (316 kB at 88 kB/s)
[INFO] Tests are skipped.
[INFO] 
[INFO] --- jacoco:0.8.4:report (report) @ jackson-core ---
[INFO] Skipping JaCoCo execution because property jacoco.skip is set.
[INFO] 
[INFO] --- bundle:4.2.0:bundle (default-bundle) @ jackson-core ---
[INFO] 
[INFO] --- site:3.1:attach-descriptor (attach-descriptor) @ jackson-core ---
Downloading from central: https://repo.maven.apache.org/maven2/org/apache/maven/reporting/maven-reporting-exec/1.0.2/maven-reporting-exec-1.0.2.pom
Progress (1): 784 B
Progress (1): 2.3 kB
Progress (1): 7.5 kB
Progress (1): 9.0 kB
                    
Downloaded from central: https://repo.maven.apache.org/maven2/org/apache/maven/reporting/maven-reporting-exec/1.0.2/maven-reporting-exec-1.0.2.pom (9.0 kB at 30 kB/s)
Downloading from central: https://repo.maven.apache.org/maven2/org/apache/maven/shared/maven-shared-components/17/maven-shared-components-17.pom
Progress (1): 768 B
Progress (1): 3.0 kB
Progress (1): 6.3 kB
Progress (1): 8.5 kB
Progress (1): 8.7 kB
                    
Downloaded from central: https://repo.maven.apache.org/maven2/org/apache/maven/shared/maven-shared-components/17/maven-shared-components-17.pom (8.7 kB at 39 kB/s)
Downloading from central: https://repo.maven.apache.org/maven2/velocity/velocity/1.5/velocity-1.5.pom
Progress (1): 1.1 kB
Progress (1): 3.1 kB
Progress (1): 6.0 kB
Progress (1): 7.8 kB
                    
Downloaded from central: https://repo.maven.apache.org/maven2/velocity/velocity/1.5/velocity-1.5.pom (7.8 kB at 31 kB/s)
Downloading from central: https://repo.maven.apache.org/maven2/org/apache/maven/maven-archiver/2.4.2/maven-archiver-2.4.2.pom
Progress (1): 799 B
Progress (1): 2.3 kB
Progress (1): 4.0 kB
                    
Downloaded from central: https://repo.maven.apache.org/maven2/org/apache/maven/maven-archiver/2.4.2/maven-archiver-2.4.2.pom (4.0 kB at 19 kB/s)
Downloading from central: https://repo.maven.apache.org/maven2/org/apache/maven/shared/maven-shared-components/16/maven-shared-components-16.pom
Progress (1): 771 B
Progress (1): 2.9 kB
Progress (1): 6.5 kB
Progress (1): 9.2 kB
                    
Downloaded from central: https://repo.maven.apache.org/maven2/org/apache/maven/shared/maven-shared-components/16/maven-shared-components-16.pom (9.2 kB at 34 kB/s)
Downloading from central: https://repo.maven.apache.org/maven2/org/apache/maven/maven-parent/19/maven-parent-19.pom
Progress (1): 743 B
Progress (1): 2.0 kB
Progress (1): 6.5 kB
Progress (1): 11 kB 
Progress (1): 15 kB
Progress (1): 18 kB
Progress (1): 20 kB
Progress (1): 24 kB
Progress (1): 25 kB
                   
Downloaded from central: https://repo.maven.apache.org/maven2/org/apache/maven/maven-parent/19/maven-parent-19.pom (25 kB at 114 kB/s)
Downloading from central: https://repo.maven.apache.org/maven2/org/codehaus/plexus/plexus-archiver/2.0.1/plexus-archiver-2.0.1.pom
Progress (1): 1.2 kB
Progress (1): 2.8 kB
                    
Downloaded from central: https://repo.maven.apache.org/maven2/org/codehaus/plexus/plexus-archiver/2.0.1/plexus-archiver-2.0.1.pom (2.8 kB at 13 kB/s)
Downloading from central: https://repo.maven.apache.org/maven2/org/codehaus/plexus/plexus-utils/3.0/plexus-utils-3.0.pom
Progress (1): 811 B
Progress (1): 2.3 kB
Progress (1): 4.1 kB
                    
Downloaded from central: https://repo.maven.apache.org/maven2/org/codehaus/plexus/plexus-utils/3.0/plexus-utils-3.0.pom (4.1 kB at 11 kB/s)
Downloading from central: https://repo.maven.apache.org/maven2/org/sonatype/spice/spice-parent/16/spice-parent-16.pom
Progress (1): 1.2 kB
Progress (1): 3.7 kB
Progress (1): 7.3 kB
Progress (1): 8.4 kB
                    
Downloaded from central: https://repo.maven.apache.org/maven2/org/sonatype/spice/spice-parent/16/spice-parent-16.pom (8.4 kB at 26 kB/s)
Downloading from central: https://repo.maven.apache.org/maven2/org/codehaus/plexus/plexus-io/2.0.1/plexus-io-2.0.1.pom
Progress (1): 1.4 kB
Progress (1): 1.7 kB
                    
Downloaded from central: https://repo.maven.apache.org/maven2/org/codehaus/plexus/plexus-io/2.0.1/plexus-io-2.0.1.pom (1.7 kB at 8.4 kB/s)
Downloading from central: https://repo.maven.apache.org/maven2/org/codehaus/plexus/plexus-components/1.1.19/plexus-components-1.1.19.pom
Progress (1): 1.3 kB
Progress (1): 2.7 kB
                    
Downloaded from central: https://repo.maven.apache.org/maven2/org/codehaus/plexus/plexus-components/1.1.19/plexus-components-1.1.19.pom (2.7 kB at 13 kB/s)
Downloading from central: https://repo.maven.apache.org/maven2/org/codehaus/plexus/plexus/3.0.1/plexus-3.0.1.pom
Progress (1): 706 B
Progress (1): 2.6 kB
Progress (1): 6.1 kB
Progress (1): 8.8 kB
Progress (1): 13 kB 
Progress (1): 17 kB
Progress (1): 19 kB
                   
Downloaded from central: https://repo.maven.apache.org/maven2/org/codehaus/plexus/plexus/3.0.1/plexus-3.0.1.pom (19 kB at 62 kB/s)
Downloading from central: https://repo.maven.apache.org/maven2/org/codehaus/plexus/plexus-interpolation/1.13/plexus-interpolation-1.13.pom
Progress (1): 890 B
                   
Downloaded from central: https://repo.maven.apache.org/maven2/org/codehaus/plexus/plexus-interpolation/1.13/plexus-interpolation-1.13.pom (890 B at 3.6 kB/s)
Downloading from central: https://repo.maven.apache.org/maven2/org/codehaus/plexus/plexus-components/1.1.15/plexus-components-1.1.15.pom
Progress (1): 1.5 kB
Progress (1): 2.8 kB
                    
Downloaded from central: https://repo.maven.apache.org/maven2/org/codehaus/plexus/plexus-components/1.1.15/plexus-components-1.1.15.pom (2.8 kB at 13 kB/s)
Downloading from central: https://repo.maven.apache.org/maven2/org/apache/maven/doxia/doxia-sink-api/1.3/doxia-sink-api-1.3.pom
Progress (1): 835 B
Progress (1): 1.6 kB
                    
Downloaded from central: https://repo.maven.apache.org/maven2/org/apache/maven/doxia/doxia-sink-api/1.3/doxia-sink-api-1.3.pom (1.6 kB at 5.4 kB/s)
Downloading from central: https://repo.maven.apache.org/maven2/org/apache/maven/doxia/doxia/1.3/doxia-1.3.pom
Progress (1): 780 B
Progress (1): 2.2 kB
Progress (1): 7.7 kB
Progress (1): 12 kB 
Progress (1): 15 kB
Progress (1): 18 kB
                   
Downloaded from central: https://repo.maven.apache.org/maven2/org/apache/maven/doxia/doxia/1.3/doxia-1.3.pom (18 kB at 81 kB/s)
Downloading from central: https://repo.maven.apache.org/maven2/org/apache/maven/doxia/doxia-logging-api/1.3/doxia-logging-api-1.3.pom
Progress (1): 832 B
Progress (1): 1.6 kB
                    
Downloaded from central: https://repo.maven.apache.org/maven2/org/apache/maven/doxia/doxia-logging-api/1.3/doxia-logging-api-1.3.pom (1.6 kB at 8.0 kB/s)
Downloading from central: https://repo.maven.apache.org/maven2/org/apache/maven/doxia/doxia-core/1.3/doxia-core-1.3.pom
Progress (1): 789 B
Progress (1): 2.9 kB
Progress (1): 4.1 kB
                    
Downloaded from central: https://repo.maven.apache.org/maven2/org/apache/maven/doxia/doxia-core/1.3/doxia-core-1.3.pom (4.1 kB at 19 kB/s)
Downloading from central: https://repo.maven.apache.org/maven2/xerces/xercesImpl/2.9.1/xercesImpl-2.9.1.pom
Progress (1): 1.1 kB
Progress (1): 1.4 kB
                    
Downloaded from central: https://repo.maven.apache.org/maven2/xerces/xercesImpl/2.9.1/xercesImpl-2.9.1.pom (1.4 kB at 5.5 kB/s)
Downloading from central: https://repo.maven.apache.org/maven2/xml-apis/xml-apis/1.3.04/xml-apis-1.3.04.pom
Progress (1): 989 B
Progress (1): 1.8 kB
                    
Downloaded from central: https://repo.maven.apache.org/maven2/xml-apis/xml-apis/1.3.04/xml-apis-1.3.04.pom (1.8 kB at 8.8 kB/s)
Downloading from central: https://repo.maven.apache.org/maven2/org/apache/httpcomponents/httpclient/4.0.2/httpclient-4.0.2.pom
Progress (1): 863 B
Progress (1): 2.7 kB
Progress (1): 6.0 kB
Progress (1): 7.5 kB
                    
Downloaded from central: https://repo.maven.apache.org/maven2/org/apache/httpcomponents/httpclient/4.0.2/httpclient-4.0.2.pom (7.5 kB at 35 kB/s)
Downloading from central: https://repo.maven.apache.org/maven2/org/apache/httpcomponents/httpcomponents-client/4.0.2/httpcomponents-client-4.0.2.pom
Progress (1): 859 B
Progress (1): 2.4 kB
Progress (1): 4.7 kB
Progress (1): 7.5 kB
Progress (1): 9.0 kB
                    
Downloaded from central: https://repo.maven.apache.org/maven2/org/apache/httpcomponents/httpcomponents-client/4.0.2/httpcomponents-client-4.0.2.pom (9.0 kB at 44 kB/s)
Downloading from central: https://repo.maven.apache.org/maven2/org/apache/httpcomponents/project/4.1/project-4.1.pom
Progress (1): 822 B
Progress (1): 2.1 kB
Progress (1): 5.4 kB
Progress (1): 8.2 kB
Progress (1): 12 kB 
Progress (1): 15 kB
Progress (1): 16 kB
                   
Downloaded from central: https://repo.maven.apache.org/maven2/org/apache/httpcomponents/project/4.1/project-4.1.pom (16 kB at 77 kB/s)
Downloading from central: https://repo.maven.apache.org/maven2/org/apache/httpcomponents/httpcore/4.0.1/httpcore-4.0.1.pom
Progress (1): 889 B
Progress (1): 2.3 kB
Progress (1): 4.6 kB
Progress (1): 4.9 kB
                    
Downloaded from central: https://repo.maven.apache.org/maven2/org/apache/httpcomponents/httpcore/4.0.1/httpcore-4.0.1.pom (4.9 kB at 24 kB/s)
Downloading from central: https://repo.maven.apache.org/maven2/org/apache/httpcomponents/httpcomponents-core/4.0.1/httpcomponents-core-4.0.1.pom
Progress (1): 835 B
Progress (1): 2.2 kB
Progress (1): 4.4 kB
Progress (1): 7.5 kB
Progress (1): 9.4 kB
                    
Downloaded from central: https://repo.maven.apache.org/maven2/org/apache/httpcomponents/httpcomponents-core/4.0.1/httpcomponents-core-4.0.1.pom (9.4 kB at 45 kB/s)
Downloading from central: https://repo.maven.apache.org/maven2/org/apache/httpcomponents/project/4.0/project-4.0.pom
Progress (1): 834 B
Progress (1): 2.2 kB
Progress (1): 5.4 kB
Progress (1): 8.2 kB
Progress (1): 11 kB 
Progress (1): 13 kB
                   
Downloaded from central: https://repo.maven.apache.org/maven2/org/apache/httpcomponents/project/4.0/project-4.0.pom (13 kB at 56 kB/s)
Downloading from central: https://repo.maven.apache.org/maven2/commons-logging/commons-logging/1.1.1/commons-logging-1.1.1.pom
Progress (1): 783 B
Progress (1): 2.0 kB
Progress (1): 5.0 kB
Progress (1): 6.8 kB
Progress (1): 10 kB 
Progress (1): 13 kB
Progress (1): 16 kB
Progress (1): 18 kB
                   
Downloaded from central: https://repo.maven.apache.org/maven2/commons-logging/commons-logging/1.1.1/commons-logging-1.1.1.pom (18 kB at 54 kB/s)
Downloading from central: https://repo.maven.apache.org/maven2/org/apache/commons/commons-parent/5/commons-parent-5.pom
Progress (1): 795 B
Progress (1): 2.1 kB
Progress (1): 5.0 kB
Progress (1): 7.7 kB
Progress (1): 11 kB 
Progress (1): 16 kB
                   
Downloaded from central: https://repo.maven.apache.org/maven2/org/apache/commons/commons-parent/5/commons-parent-5.pom (16 kB at 71 kB/s)
Downloading from central: https://repo.maven.apache.org/maven2/commons-codec/commons-codec/1.3/commons-codec-1.3.pom
Progress (1): 957 B
Progress (1): 3.1 kB
Progress (1): 5.1 kB
Progress (1): 6.1 kB
                    
Downloaded from central: https://repo.maven.apache.org/maven2/commons-codec/commons-codec/1.3/commons-codec-1.3.pom (6.1 kB at 30 kB/s)
Downloading from central: https://repo.maven.apache.org/maven2/org/apache/maven/doxia/doxia-module-xhtml/1.3/doxia-module-xhtml-1.3.pom
Progress (1): 828 B
Progress (1): 1.8 kB
                    
Downloaded from central: https://repo.maven.apache.org/maven2/org/apache/maven/doxia/doxia-module-xhtml/1.3/doxia-module-xhtml-1.3.pom (1.8 kB at 7.9 kB/s)
Downloading from central: https://repo.maven.apache.org/maven2/org/apache/maven/doxia/doxia-modules/1.3/doxia-modules-1.3.pom
Progress (1): 821 B
Progress (1): 2.6 kB
                    
Downloaded from central: https://repo.maven.apache.org/maven2/org/apache/maven/doxia/doxia-modules/1.3/doxia-modules-1.3.pom (2.6 kB at 13 kB/s)
Downloading from central: https://repo.maven.apache.org/maven2/org/apache/maven/doxia/doxia-module-apt/1.3/doxia-module-apt-1.3.pom
Progress (1): 820 B
Progress (1): 2.4 kB
Progress (1): 2.5 kB
                    
Downloaded from central: https://repo.maven.apache.org/maven2/org/apache/maven/doxia/doxia-module-apt/1.3/doxia-module-apt-1.3.pom (2.5 kB at 12 kB/s)
Downloading from central: https://repo.maven.apache.org/maven2/org/apache/maven/doxia/doxia-module-xdoc/1.3/doxia-module-xdoc-1.3.pom
Progress (1): 776 B
Progress (1): 2.4 kB
Progress (1): 4.6 kB
Progress (1): 5.4 kB
                    
Downloaded from central: https://repo.maven.apache.org/maven2/org/apache/maven/doxia/doxia-module-xdoc/1.3/doxia-module-xdoc-1.3.pom (5.4 kB at 27 kB/s)
Downloading from central: https://repo.maven.apache.org/maven2/org/apache/maven/doxia/doxia-module-fml/1.3/doxia-module-fml-1.3.pom
Progress (1): 775 B
Progress (1): 2.4 kB
Progress (1): 4.9 kB
Progress (1): 5.6 kB
                    
Downloaded from central: https://repo.maven.apache.org/maven2/org/apache/maven/doxia/doxia-module-fml/1.3/doxia-module-fml-1.3.pom (5.6 kB at 27 kB/s)
Downloading from central: https://repo.maven.apache.org/maven2/javax/servlet/servlet-api/2.5/servlet-api-2.5.pom
Progress (1): 157 B
                   
Downloaded from central: https://repo.maven.apache.org/maven2/javax/servlet/servlet-api/2.5/servlet-api-2.5.pom (157 B at 773 B/s)
Downloading from central: https://repo.maven.apache.org/maven2/org/apache/maven/doxia/doxia-decoration-model/1.3/doxia-decoration-model-1.3.pom
Progress (1): 817 B
Progress (1): 2.5 kB
Progress (1): 3.1 kB
                    
Downloaded from central: https://repo.maven.apache.org/maven2/org/apache/maven/doxia/doxia-decoration-model/1.3/doxia-decoration-model-1.3.pom (3.1 kB at 15 kB/s)
Downloading from central: https://repo.maven.apache.org/maven2/org/apache/maven/doxia/doxia-sitetools/1.3/doxia-sitetools-1.3.pom
Progress (1): 750 B
Progress (1): 2.2 kB
Progress (1): 7.8 kB
Progress (1): 12 kB 
Progress (1): 14 kB
Progress (1): 16 kB
                   
Downloaded from central: https://repo.maven.apache.org/maven2/org/apache/maven/doxia/doxia-sitetools/1.3/doxia-sitetools-1.3.pom (16 kB at 76 kB/s)
Downloading from central: https://repo.maven.apache.org/maven2/org/apache/maven/doxia/doxia-site-renderer/1.3/doxia-site-renderer-1.3.pom
Progress (1): 780 B
Progress (1): 2.5 kB
Progress (1): 6.5 kB
Progress (1): 6.6 kB
                    
Downloaded from central: https://repo.maven.apache.org/maven2/org/apache/maven/doxia/doxia-site-renderer/1.3/doxia-site-renderer-1.3.pom (6.6 kB at 30 kB/s)
Downloading from central: https://repo.maven.apache.org/maven2/org/apache/velocity/velocity-tools/2.0/velocity-tools-2.0.pom
Progress (1): 764 B
Progress (1): 2.2 kB
Progress (1): 4.7 kB
Progress (1): 8.5 kB
Progress (1): 11 kB 
Progress (1): 16 kB
Progress (1): 18 kB
                   
Downloaded from central: https://repo.maven.apache.org/maven2/org/apache/velocity/velocity-tools/2.0/velocity-tools-2.0.pom (18 kB at 86 kB/s)
Downloading from central: https://repo.maven.apache.org/maven2/commons-digester/commons-digester/1.8/commons-digester-1.8.pom
Progress (1): 1.1 kB
Progress (1): 4.0 kB
Progress (1): 6.2 kB
Progress (1): 7.0 kB
                    
Downloaded from central: https://repo.maven.apache.org/maven2/commons-digester/commons-digester/1.8/commons-digester-1.8.pom (7.0 kB at 34 kB/s)
Downloading from central: https://repo.maven.apache.org/maven2/commons-logging/commons-logging/1.1/commons-logging-1.1.pom
Progress (1): 1.4 kB
Progress (1): 4.3 kB
Progress (1): 6.2 kB
                    
Downloaded from central: https://repo.maven.apache.org/maven2/commons-logging/commons-logging/1.1/commons-logging-1.1.pom (6.2 kB at 30 kB/s)
Downloading from central: https://repo.maven.apache.org/maven2/logkit/logkit/1.0.1/logkit-1.0.1.pom
Progress (1): 147 B
                   
Downloaded from central: https://repo.maven.apache.org/maven2/logkit/logkit/1.0.1/logkit-1.0.1.pom (147 B at 717 B/s)
Downloading from central: https://repo.maven.apache.org/maven2/avalon-framework/avalon-framework/4.1.3/avalon-framework-4.1.3.pom
Progress (1): 167 B
                   
Downloaded from central: https://repo.maven.apache.org/maven2/avalon-framework/avalon-framework/4.1.3/avalon-framework-4.1.3.pom (167 B at 847 B/s)
Downloading from central: https://repo.maven.apache.org/maven2/javax/servlet/servlet-api/2.3/servlet-api-2.3.pom
Progress (1): 156 B
                   
Downloaded from central: https://repo.maven.apache.org/maven2/javax/servlet/servlet-api/2.3/servlet-api-2.3.pom (156 B at 791 B/s)
Downloading from central: https://repo.maven.apache.org/maven2/commons-chain/commons-chain/1.1/commons-chain-1.1.pom
Progress (1): 1.5 kB
Progress (1): 3.6 kB
Progress (1): 6.0 kB
                    
Downloaded from central: https://repo.maven.apache.org/maven2/commons-chain/commons-chain/1.1/commons-chain-1.1.pom (6.0 kB at 30 kB/s)
Downloading from central: https://repo.maven.apache.org/maven2/commons-collections/commons-collections/2.0/commons-collections-2.0.pom
Progress (1): 171 B
                   
Downloaded from central: https://repo.maven.apache.org/maven2/commons-collections/commons-collections/2.0/commons-collections-2.0.pom (171 B at 859 B/s)
Downloading from central: https://repo.maven.apache.org/maven2/commons-collections/commons-collections/2.1/commons-collections-2.1.pom
Progress (1): 2.7 kB
Progress (1): 3.3 kB
                    
Downloaded from central: https://repo.maven.apache.org/maven2/commons-collections/commons-collections/2.1/commons-collections-2.1.pom (3.3 kB at 16 kB/s)
Downloading from central: https://repo.maven.apache.org/maven2/commons-validator/commons-validator/1.3.1/commons-validator-1.3.1.pom
Progress (1): 1.1 kB
Progress (1): 3.9 kB
Progress (1): 5.9 kB
Progress (1): 7.7 kB
Progress (1): 9.0 kB
                    
Downloaded from central: https://repo.maven.apache.org/maven2/commons-validator/commons-validator/1.3.1/commons-validator-1.3.1.pom (9.0 kB at 43 kB/s)
Downloading from central: https://repo.maven.apache.org/maven2/dom4j/dom4j/1.1/dom4j-1.1.pom
Progress (1): 142 B
                   
Downloaded from central: https://repo.maven.apache.org/maven2/dom4j/dom4j/1.1/dom4j-1.1.pom (142 B at 720 B/s)
Downloading from central: https://repo.maven.apache.org/maven2/sslext/sslext/1.2-0/sslext-1.2-0.pom
Progress (1): 653 B
                   
Downloaded from central: https://repo.maven.apache.org/maven2/sslext/sslext/1.2-0/sslext-1.2-0.pom (653 B at 3.2 kB/s)
Downloading from central: https://repo.maven.apache.org/maven2/org/apache/struts/struts-core/1.3.8/struts-core-1.3.8.pom
Progress (1): 2.0 kB
Progress (1): 4.3 kB
                    
Downloaded from central: https://repo.maven.apache.org/maven2/org/apache/struts/struts-core/1.3.8/struts-core-1.3.8.pom (4.3 kB at 21 kB/s)
Downloading from central: https://repo.maven.apache.org/maven2/org/apache/struts/struts-parent/1.3.8/struts-parent-1.3.8.pom
Progress (1): 810 B
Progress (1): 2.6 kB
Progress (1): 6.3 kB
Progress (1): 9.6 kB
Progress (1): 9.8 kB
                    
Downloaded from central: https://repo.maven.apache.org/maven2/org/apache/struts/struts-parent/1.3.8/struts-parent-1.3.8.pom (9.8 kB at 48 kB/s)
Downloading from central: https://repo.maven.apache.org/maven2/org/apache/struts/struts-master/4/struts-master-4.pom
Progress (1): 804 B
Progress (1): 2.2 kB
Progress (1): 6.5 kB
Progress (1): 11 kB 
Progress (1): 12 kB
                   
Downloaded from central: https://repo.maven.apache.org/maven2/org/apache/struts/struts-master/4/struts-master-4.pom (12 kB at 59 kB/s)
Downloading from central: https://repo.maven.apache.org/maven2/org/apache/apache/2/apache-2.pom
Progress (1): 805 B
Progress (1): 2.3 kB
Progress (1): 3.4 kB
                    
Downloaded from central: https://repo.maven.apache.org/maven2/org/apache/apache/2/apache-2.pom (3.4 kB at 17 kB/s)
Downloading from central: https://repo.maven.apache.org/maven2/antlr/antlr/2.7.2/antlr-2.7.2.pom
Progress (1): 145 B
                   
Downloaded from central: https://repo.maven.apache.org/maven2/antlr/antlr/2.7.2/antlr-2.7.2.pom (145 B at 732 B/s)
Downloading from central: https://repo.maven.apache.org/maven2/org/apache/struts/struts-taglib/1.3.8/struts-taglib-1.3.8.pom
Progress (1): 2.0 kB
Progress (1): 3.1 kB
                    
Downloaded from central: https://repo.maven.apache.org/maven2/org/apache/struts/struts-taglib/1.3.8/struts-taglib-1.3.8.pom (3.1 kB at 15 kB/s)
Downloading from central: https://repo.maven.apache.org/maven2/org/apache/struts/struts-tiles/1.3.8/struts-tiles-1.3.8.pom
Progress (1): 1.9 kB
Progress (1): 2.9 kB
                    
Downloaded from central: https://repo.maven.apache.org/maven2/org/apache/struts/struts-tiles/1.3.8/struts-tiles-1.3.8.pom (2.9 kB at 14 kB/s)
Downloading from central: https://repo.maven.apache.org/maven2/org/apache/velocity/velocity/1.6.2/velocity-1.6.2.pom
Progress (1): 767 B
Progress (1): 2.2 kB
Progress (1): 4.2 kB
Progress (1): 7.8 kB
Progress (1): 10 kB 
Progress (1): 11 kB
                   
Downloaded from central: https://repo.maven.apache.org/maven2/org/apache/velocity/velocity/1.6.2/velocity-1.6.2.pom (11 kB at 51 kB/s)
Downloading from central: https://repo.maven.apache.org/maven2/commons-collections/commons-collections/3.2.1/commons-collections-3.2.1.pom
Progress (1): 795 B
Progress (1): 2.4 kB
Progress (1): 6.1 kB
Progress (1): 9.8 kB
Progress (1): 12 kB 
Progress (1): 13 kB
                   
Downloaded from central: https://repo.maven.apache.org/maven2/commons-collections/commons-collections/3.2.1/commons-collections-3.2.1.pom (13 kB at 58 kB/s)
Downloading from central: https://repo.maven.apache.org/maven2/org/apache/maven/shared/maven-doxia-tools/1.4/maven-doxia-tools-1.4.pom
Progress (1): 799 B
Progress (1): 2.3 kB
Progress (1): 6.1 kB
Progress (1): 7.7 kB
                    
Downloaded from central: https://repo.maven.apache.org/maven2/org/apache/maven/shared/maven-doxia-tools/1.4/maven-doxia-tools-1.4.pom (7.7 kB at 38 kB/s)
Downloading from central: https://repo.maven.apache.org/maven2/commons-io/commons-io/1.4/commons-io-1.4.pom
Progress (1): 786 B
Progress (1): 2.2 kB
Progress (1): 5.9 kB
Progress (1): 7.9 kB
Progress (1): 11 kB 
Progress (1): 13 kB
                   
Downloaded from central: https://repo.maven.apache.org/maven2/commons-io/commons-io/1.4/commons-io-1.4.pom (13 kB at 64 kB/s)
Downloading from central: https://repo.maven.apache.org/maven2/org/apache/commons/commons-parent/7/commons-parent-7.pom
Progress (1): 754 B
Progress (1): 2.1 kB
Progress (1): 4.2 kB
Progress (1): 8.3 kB
Progress (1): 11 kB 
Progress (1): 17 kB
Progress (1): 17 kB
                   
Downloaded from central: https://repo.maven.apache.org/maven2/org/apache/commons/commons-parent/7/commons-parent-7.pom (17 kB at 71 kB/s)
Downloading from central: https://repo.maven.apache.org/maven2/org/apache/maven/doxia/doxia-logging-api/1.2/doxia-logging-api-1.2.pom
Progress (1): 832 B
Progress (1): 1.6 kB
                    
Downloaded from central: https://repo.maven.apache.org/maven2/org/apache/maven/doxia/doxia-logging-api/1.2/doxia-logging-api-1.2.pom (1.6 kB at 8.1 kB/s)
Downloading from central: https://repo.maven.apache.org/maven2/org/apache/maven/doxia/doxia/1.2/doxia-1.2.pom
Progress (1): 750 B
Progress (1): 2.1 kB
Progress (1): 5.4 kB
Progress (1): 10 kB 
Progress (1): 14 kB
Progress (1): 18 kB
Progress (1): 19 kB
                   
Downloaded from central: https://repo.maven.apache.org/maven2/org/apache/maven/doxia/doxia/1.2/doxia-1.2.pom (19 kB at 89 kB/s)
Downloading from central: https://repo.maven.apache.org/maven2/org/apache/maven/doxia/doxia-decoration-model/1.2/doxia-decoration-model-1.2.pom
Progress (1): 818 B
Progress (1): 2.4 kB
Progress (1): 3.1 kB
                    
Downloaded from central: https://repo.maven.apache.org/maven2/org/apache/maven/doxia/doxia-decoration-model/1.2/doxia-decoration-model-1.2.pom (3.1 kB at 15 kB/s)
Downloading from central: https://repo.maven.apache.org/maven2/org/apache/maven/doxia/doxia-sitetools/1.2/doxia-sitetools-1.2.pom
Progress (1): 753 B
Progress (1): 2.2 kB
Progress (1): 5.4 kB
Progress (1): 9.5 kB
Progress (1): 13 kB 
Progress (1): 16 kB
                   
Downloaded from central: https://repo.maven.apache.org/maven2/org/apache/maven/doxia/doxia-sitetools/1.2/doxia-sitetools-1.2.pom (16 kB at 77 kB/s)
Downloading from central: https://repo.maven.apache.org/maven2/org/apache/maven/wagon/wagon-provider-api/1.0/wagon-provider-api-1.0.pom
Progress (1): 831 B
Progress (1): 1.8 kB
                    
Downloaded from central: https://repo.maven.apache.org/maven2/org/apache/maven/wagon/wagon-provider-api/1.0/wagon-provider-api-1.0.pom (1.8 kB at 5.7 kB/s)
Downloading from central: https://repo.maven.apache.org/maven2/org/apache/maven/wagon/wagon/1.0/wagon-1.0.pom
Progress (1): 763 B
Progress (1): 2.4 kB
Progress (1): 4.9 kB
Progress (1): 8.0 kB
Progress (1): 9.8 kB
                    
Downloaded from central: https://repo.maven.apache.org/maven2/org/apache/maven/wagon/wagon/1.0/wagon-1.0.pom (9.8 kB at 37 kB/s)
Downloading from central: https://repo.maven.apache.org/maven2/org/apache/maven/maven-parent/20/maven-parent-20.pom
Progress (1): 743 B
Progress (1): 1.9 kB
Progress (1): 6.3 kB
Progress (1): 11 kB 
Progress (1): 15 kB
Progress (1): 17 kB
Progress (1): 19 kB
Progress (1): 23 kB
Progress (1): 25 kB
                   
Downloaded from central: https://repo.maven.apache.org/maven2/org/apache/maven/maven-parent/20/maven-parent-20.pom (25 kB at 112 kB/s)
Downloading from central: https://repo.maven.apache.org/maven2/org/codehaus/plexus/plexus-utils/1.4.2/plexus-utils-1.4.2.pom
Progress (1): 1.2 kB
Progress (1): 2.0 kB
                    
Downloaded from central: https://repo.maven.apache.org/maven2/org/codehaus/plexus/plexus-utils/1.4.2/plexus-utils-1.4.2.pom (2.0 kB at 8.5 kB/s)
Downloading from central: https://repo.maven.apache.org/maven2/org/codehaus/plexus/plexus-archiver/1.0/plexus-archiver-1.0.pom
Progress (1): 1.6 kB
                    
Downloaded from central: https://repo.maven.apache.org/maven2/org/codehaus/plexus/plexus-archiver/1.0/plexus-archiver-1.0.pom (1.6 kB at 7.9 kB/s)
Downloading from central: https://repo.maven.apache.org/maven2/org/codehaus/plexus/plexus-components/1.1.17/plexus-components-1.1.17.pom
Progress (1): 1.4 kB
Progress (1): 3.7 kB
Progress (1): 5.2 kB
                    
Downloaded from central: https://repo.maven.apache.org/maven2/org/codehaus/plexus/plexus-components/1.1.17/plexus-components-1.1.17.pom (5.2 kB at 26 kB/s)
Downloading from central: https://repo.maven.apache.org/maven2/org/codehaus/plexus/plexus-io/1.0/plexus-io-1.0.pom
Progress (1): 1.2 kB
                    
Downloaded from central: https://repo.maven.apache.org/maven2/org/codehaus/plexus/plexus-io/1.0/plexus-io-1.0.pom (1.2 kB at 6.2 kB/s)
Downloading from central: https://repo.maven.apache.org/maven2/org/codehaus/plexus/plexus-velocity/1.1.8/plexus-velocity-1.1.8.pom
Progress (1): 864 B
Progress (1): 1.9 kB
                    
Downloaded from central: https://repo.maven.apache.org/maven2/org/codehaus/plexus/plexus-velocity/1.1.8/plexus-velocity-1.1.8.pom (1.9 kB at 9.7 kB/s)
Downloading from central: https://repo.maven.apache.org/maven2/org/codehaus/plexus/plexus-utils/1.5.10/plexus-utils-1.5.10.pom
Progress (1): 1.0 kB
Progress (1): 3.7 kB
Progress (1): 5.6 kB
                    
Downloaded from central: https://repo.maven.apache.org/maven2/org/codehaus/plexus/plexus-utils/1.5.10/plexus-utils-1.5.10.pom (5.6 kB at 26 kB/s)
Downloading from central: https://repo.maven.apache.org/maven2/org/mortbay/jetty/jetty/6.1.25/jetty-6.1.25.pom
Progress (1): 1.5 kB
Progress (1): 4.7 kB
Progress (1): 6.3 kB
                    
Downloaded from central: https://repo.maven.apache.org/maven2/org/mortbay/jetty/jetty/6.1.25/jetty-6.1.25.pom (6.3 kB at 31 kB/s)
Downloading from central: https://repo.maven.apache.org/maven2/org/mortbay/jetty/project/6.1.25/project-6.1.25.pom
Progress (1): 1.2 kB
Progress (1): 4.0 kB
Progress (1): 6.9 kB
Progress (1): 9.2 kB
                    
Downloaded from central: https://repo.maven.apache.org/maven2/org/mortbay/jetty/project/6.1.25/project-6.1.25.pom (9.2 kB at 44 kB/s)
Downloading from central: https://repo.maven.apache.org/maven2/org/mortbay/jetty/jetty-parent/10/jetty-parent-10.pom
Progress (1): 1.4 kB
Progress (1): 3.3 kB
                    
Downloaded from central: https://repo.maven.apache.org/maven2/org/mortbay/jetty/jetty-parent/10/jetty-parent-10.pom (3.3 kB at 14 kB/s)
Downloading from central: https://repo.maven.apache.org/maven2/org/eclipse/jetty/jetty-parent/14/jetty-parent-14.pom
Progress (1): 1.1 kB
Progress (1): 5.4 kB
Progress (1): 8.2 kB
Progress (1): 11 kB 
Progress (1): 15 kB
Progress (1): 16 kB
                   
Downloaded from central: https://repo.maven.apache.org/maven2/org/eclipse/jetty/jetty-parent/14/jetty-parent-14.pom (16 kB at 78 kB/s)
Downloading from central: https://repo.maven.apache.org/maven2/org/mortbay/jetty/jetty-util/6.1.25/jetty-util-6.1.25.pom
Progress (1): 1.3 kB
Progress (1): 3.7 kB
Progress (1): 3.9 kB
                    
Downloaded from central: https://repo.maven.apache.org/maven2/org/mortbay/jetty/jetty-util/6.1.25/jetty-util-6.1.25.pom (3.9 kB at 19 kB/s)
Downloading from central: https://repo.maven.apache.org/maven2/org/mortbay/jetty/servlet-api/2.5-20081211/servlet-api-2.5-20081211.pom
Progress (1): 1.4 kB
Progress (1): 2.7 kB
                    
Downloaded from central: https://repo.maven.apache.org/maven2/org/mortbay/jetty/servlet-api/2.5-20081211/servlet-api-2.5-20081211.pom (2.7 kB at 13 kB/s)
Downloading from central: https://repo.maven.apache.org/maven2/org/mortbay/jetty/jetty-parent/7/jetty-parent-7.pom
Progress (1): 1.8 kB
Progress (1): 4.8 kB
Progress (1): 7.7 kB
Progress (1): 12 kB 
Progress (1): 13 kB
                   
Downloaded from central: https://repo.maven.apache.org/maven2/org/mortbay/jetty/jetty-parent/7/jetty-parent-7.pom (13 kB at 66 kB/s)
Downloading from central: https://repo.maven.apache.org/maven2/commons-lang/commons-lang/2.5/commons-lang-2.5.pom
Progress (1): 783 B
Progress (1): 2.2 kB
Progress (1): 6.0 kB
Progress (1): 10 kB 
Progress (1): 13 kB
Progress (1): 16 kB
Progress (1): 17 kB
                   
Downloaded from central: https://repo.maven.apache.org/maven2/commons-lang/commons-lang/2.5/commons-lang-2.5.pom (17 kB at 82 kB/s)
Downloading from central: https://repo.maven.apache.org/maven2/org/apache/commons/commons-parent/12/commons-parent-12.pom
Progress (1): 742 B
Progress (1): 2.0 kB
Progress (1): 4.8 kB
Progress (1): 9.1 kB
Progress (1): 12 kB 
Progress (1): 14 kB
Progress (1): 18 kB
Progress (1): 24 kB
Progress (1): 26 kB
Progress (1): 27 kB
                   
Downloaded from central: https://repo.maven.apache.org/maven2/org/apache/commons/commons-parent/12/commons-parent-12.pom (27 kB at 121 kB/s)
Downloading from central: https://repo.maven.apache.org/maven2/org/apache/maven/reporting/maven-reporting-exec/1.0.2/maven-reporting-exec-1.0.2.jar
Progress (1): 7.7/22 kB
Progress (1): 11/22 kB 
Progress (1): 22 kB   
                   
Downloaded from central: https://repo.maven.apache.org/maven2/org/apache/maven/reporting/maven-reporting-exec/1.0.2/maven-reporting-exec-1.0.2.jar (22 kB at 71 kB/s)
Downloading from central: https://repo.maven.apache.org/maven2/velocity/velocity/1.5/velocity-1.5.jar
Downloading from central: https://repo.maven.apache.org/maven2/org/apache/maven/maven-archiver/2.4.2/maven-archiver-2.4.2.jar
Downloading from central: https://repo.maven.apache.org/maven2/org/apache/maven/doxia/doxia-sink-api/1.3/doxia-sink-api-1.3.jar
Downloading from central: https://repo.maven.apache.org/maven2/org/apache/maven/doxia/doxia-logging-api/1.3/doxia-logging-api-1.3.jar
Downloading from central: https://repo.maven.apache.org/maven2/org/apache/maven/doxia/doxia-core/1.3/doxia-core-1.3.jar
Progress (1): 7.3/11 kB
Progress (2): 7.3/11 kB | 7.7/11 kB
Progress (2): 7.3/11 kB | 11 kB    
                               
Downloaded from central: https://repo.maven.apache.org/maven2/org/apache/maven/doxia/doxia-sink-api/1.3/doxia-sink-api-1.3.jar (11 kB at 28 kB/s)
Downloading from central: https://repo.maven.apache.org/maven2/xerces/xercesImpl/2.9.1/xercesImpl-2.9.1.jar
Progress (2): 7.3/11 kB | 7.7/392 kB
Progress (2): 7.3/11 kB | 16/392 kB 
Progress (2): 7.3/11 kB | 25/392 kB
Progress (3): 7.3/11 kB | 25/392 kB | 7.7/20 kB
Progress (3): 7.3/11 kB | 25/392 kB | 7.7/20 kB
Progress (4): 7.3/11 kB | 25/392 kB | 7.7/20 kB | 7.7/159 kB
Progress (4): 7.3/11 kB | 25/392 kB | 7.7/20 kB | 15/159 kB 
Progress (4): 7.3/11 kB | 25/392 kB | 7.7/20 kB | 32/159 kB
Progress (4): 7.3/11 kB | 41/392 kB | 7.7/20 kB | 32/159 kB
Progress (4): 7.3/11 kB | 41/392 kB | 20 kB | 32/159 kB    
                                                       
Downloaded from central: https://repo.maven.apache.org/maven2/org/apache/maven/maven-archiver/2.4.2/maven-archiver-2.4.2.jar (20 kB at 36 kB/s)
Downloading from central: https://repo.maven.apache.org/maven2/xml-apis/xml-apis/1.3.04/xml-apis-1.3.04.jar
Progress (3): 11 kB | 41/392 kB | 32/159 kB
                                           
Downloaded from central: https://repo.maven.apache.org/maven2/org/apache/maven/doxia/doxia-logging-api/1.3/doxia-logging-api-1.3.jar (11 kB at 20 kB/s)
Downloading from central: https://repo.maven.apache.org/maven2/org/apache/httpcomponents/httpclient/4.0.2/httpclient-4.0.2.jar
Progress (2): 41/392 kB | 48/159 kB
Progress (2): 41/392 kB | 65/159 kB
Progress (2): 57/392 kB | 65/159 kB
Progress (2): 57/392 kB | 81/159 kB
Progress (2): 57/392 kB | 97/159 kB
Progress (2): 57/392 kB | 114/159 kB
Progress (2): 74/392 kB | 114/159 kB
Progress (2): 74/392 kB | 130/159 kB
Progress (2): 74/392 kB | 147/159 kB
Progress (3): 74/392 kB | 147/159 kB | 7.7/293 kB
Progress (3): 74/392 kB | 147/159 kB | 16/293 kB 
Progress (3): 74/392 kB | 147/159 kB | 24/293 kB
Progress (3): 90/392 kB | 147/159 kB | 24/293 kB
Progress (3): 90/392 kB | 147/159 kB | 40/293 kB
Progress (4): 90/392 kB | 147/159 kB | 40/293 kB | 0/1.2 MB
Progress (4): 90/392 kB | 147/159 kB | 40/293 kB | 0/1.2 MB
Progress (4): 90/392 kB | 147/159 kB | 40/293 kB | 0/1.2 MB
Progress (4): 106/392 kB | 147/159 kB | 40/293 kB | 0/1.2 MB
Progress (5): 106/392 kB | 147/159 kB | 40/293 kB | 0/1.2 MB | 7.7/194 kB
Progress (5): 106/392 kB | 147/159 kB | 40/293 kB | 0/1.2 MB | 7.7/194 kB
Progress (5): 106/392 kB | 147/159 kB | 40/293 kB | 0/1.2 MB | 16/194 kB 
Progress (5): 123/392 kB | 147/159 kB | 40/293 kB | 0/1.2 MB | 16/194 kB
Progress (5): 123/392 kB | 147/159 kB | 40/293 kB | 0.1/1.2 MB | 16/194 kB
Progress (5): 123/392 kB | 147/159 kB | 57/293 kB | 0.1/1.2 MB | 16/194 kB
Progress (5): 123/392 kB | 147/159 kB | 66/293 kB | 0.1/1.2 MB | 16/194 kB
Progress (5): 123/392 kB | 147/159 kB | 82/293 kB | 0.1/1.2 MB | 16/194 kB
Progress (5): 123/392 kB | 147/159 kB | 98/293 kB | 0.1/1.2 MB | 16/194 kB
Progress (5): 123/392 kB | 147/159 kB | 102/293 kB | 0.1/1.2 MB | 16/194 kB
Progress (5): 139/392 kB | 147/159 kB | 102/293 kB | 0.1/1.2 MB | 16/194 kB
Progress (5): 156/392 kB | 147/159 kB | 102/293 kB | 0.1/1.2 MB | 16/194 kB
Progress (5): 156/392 kB | 147/159 kB | 118/293 kB | 0.1/1.2 MB | 16/194 kB
Progress (5): 156/392 kB | 147/159 kB | 131/293 kB | 0.1/1.2 MB | 16/194 kB
Progress (5): 156/392 kB | 147/159 kB | 147/293 kB | 0.1/1.2 MB | 16/194 kB
Progress (5): 156/392 kB | 147/159 kB | 164/293 kB | 0.1/1.2 MB | 16/194 kB
Progress (5): 172/392 kB | 147/159 kB | 164/293 kB | 0.1/1.2 MB | 16/194 kB
Progress (5): 172/392 kB | 147/159 kB | 164/293 kB | 0.1/1.2 MB | 32/194 kB
Progress (5): 172/392 kB | 147/159 kB | 180/293 kB | 0.1/1.2 MB | 32/194 kB
Progress (5): 172/392 kB | 147/159 kB | 180/293 kB | 0.1/1.2 MB | 32/194 kB
Progress (5): 188/392 kB | 147/159 kB | 180/293 kB | 0.1/1.2 MB | 32/194 kB
Progress (5): 188/392 kB | 147/159 kB | 180/293 kB | 0.1/1.2 MB | 32/194 kB
Progress (5): 188/392 kB | 147/159 kB | 180/293 kB | 0.1/1.2 MB | 32/194 kB
Progress (5): 188/392 kB | 147/159 kB | 197/293 kB | 0.1/1.2 MB | 32/194 kB
Progress (5): 188/392 kB | 147/159 kB | 213/293 kB | 0.1/1.2 MB | 32/194 kB
Progress (5): 188/392 kB | 147/159 kB | 229/293 kB | 0.1/1.2 MB | 32/194 kB
Progress (5): 188/392 kB | 147/159 kB | 246/293 kB | 0.1/1.2 MB | 32/194 kB
Progress (5): 188/392 kB | 147/159 kB | 246/293 kB | 0.1/1.2 MB | 49/194 kB
Progress (5): 188/392 kB | 159 kB | 246/293 kB | 0.1/1.2 MB | 49/194 kB    
                                                                       
Downloaded from central: https://repo.maven.apache.org/maven2/org/apache/maven/doxia/doxia-core/1.3/doxia-core-1.3.jar (159 kB at 108 kB/s)
Downloading from central: https://repo.maven.apache.org/maven2/commons-logging/commons-logging/1.1.1/commons-logging-1.1.1.jar
Progress (4): 188/392 kB | 246/293 kB | 0.1/1.2 MB | 65/194 kB
Progress (4): 205/392 kB | 246/293 kB | 0.1/1.2 MB | 65/194 kB
Progress (4): 221/392 kB | 246/293 kB | 0.1/1.2 MB | 65/194 kB
Progress (4): 238/392 kB | 246/293 kB | 0.1/1.2 MB | 65/194 kB
Progress (4): 238/392 kB | 246/293 kB | 0.1/1.2 MB | 65/194 kB
Progress (4): 238/392 kB | 262/293 kB | 0.1/1.2 MB | 65/194 kB
Progress (4): 238/392 kB | 279/293 kB | 0.1/1.2 MB | 65/194 kB
Progress (4): 238/392 kB | 293 kB | 0.1/1.2 MB | 65/194 kB    
                                                          
Downloaded from central: https://repo.maven.apache.org/maven2/org/apache/httpcomponents/httpclient/4.0.2/httpclient-4.0.2.jar (293 kB at 167 kB/s)
Downloading from central: https://repo.maven.apache.org/maven2/commons-codec/commons-codec/1.3/commons-codec-1.3.jar
Progress (4): 238/392 kB | 0.1/1.2 MB | 65/194 kB | 7.7/61 kB
Progress (4): 254/392 kB | 0.1/1.2 MB | 65/194 kB | 7.7/61 kB
Progress (4): 254/392 kB | 0.1/1.2 MB | 65/194 kB | 16/61 kB 
Progress (4): 254/392 kB | 0.1/1.2 MB | 65/194 kB | 16/61 kB
Progress (4): 270/392 kB | 0.1/1.2 MB | 65/194 kB | 16/61 kB
Progress (4): 270/392 kB | 0.2/1.2 MB | 65/194 kB | 16/61 kB
Progress (4): 287/392 kB | 0.2/1.2 MB | 65/194 kB | 16/61 kB
Progress (4): 287/392 kB | 0.2/1.2 MB | 81/194 kB | 16/61 kB
Progress (4): 303/392 kB | 0.2/1.2 MB | 81/194 kB | 16/61 kB
Progress (4): 303/392 kB | 0.2/1.2 MB | 98/194 kB | 16/61 kB
Progress (5): 303/392 kB | 0.2/1.2 MB | 98/194 kB | 16/61 kB | 7.7/47 kB
Progress (5): 303/392 kB | 0.2/1.2 MB | 98/194 kB | 16/61 kB | 16/47 kB 
Progress (5): 303/392 kB | 0.2/1.2 MB | 98/194 kB | 28/61 kB | 16/47 kB
Progress (5): 303/392 kB | 0.2/1.2 MB | 98/194 kB | 44/61 kB | 16/47 kB
Progress (5): 319/392 kB | 0.2/1.2 MB | 98/194 kB | 44/61 kB | 16/47 kB
Progress (5): 319/392 kB | 0.2/1.2 MB | 98/194 kB | 44/61 kB | 16/47 kB
Progress (5): 319/392 kB | 0.2/1.2 MB | 98/194 kB | 61/61 kB | 16/47 kB
Progress (5): 319/392 kB | 0.2/1.2 MB | 98/194 kB | 61 kB | 16/47 kB   
                                                                    
Downloaded from central: https://repo.maven.apache.org/maven2/commons-logging/commons-logging/1.1.1/commons-logging-1.1.1.jar (61 kB at 30 kB/s)
Downloading from central: https://repo.maven.apache.org/maven2/org/apache/httpcomponents/httpcore/4.0.1/httpcore-4.0.1.jar
Progress (4): 319/392 kB | 0.2/1.2 MB | 98/194 kB | 16/47 kB
Progress (4): 319/392 kB | 0.2/1.2 MB | 98/194 kB | 16/47 kB
Progress (4): 319/392 kB | 0.2/1.2 MB | 98/194 kB | 24/47 kB
Progress (4): 319/392 kB | 0.2/1.2 MB | 98/194 kB | 40/47 kB
Progress (4): 319/392 kB | 0.2/1.2 MB | 98/194 kB | 47 kB   
                                                         
Downloaded from central: https://repo.maven.apache.org/maven2/commons-codec/commons-codec/1.3/commons-codec-1.3.jar (47 kB at 21 kB/s)
Downloading from central: https://repo.maven.apache.org/maven2/org/apache/maven/doxia/doxia-module-xhtml/1.3/doxia-module-xhtml-1.3.jar
Progress (3): 319/392 kB | 0.2/1.2 MB | 114/194 kB
Progress (3): 319/392 kB | 0.2/1.2 MB | 131/194 kB
Progress (3): 336/392 kB | 0.2/1.2 MB | 131/194 kB
Progress (3): 352/392 kB | 0.2/1.2 MB | 131/194 kB
Progress (3): 369/392 kB | 0.2/1.2 MB | 131/194 kB
Progress (3): 385/392 kB | 0.2/1.2 MB | 131/194 kB
Progress (3): 392 kB | 0.2/1.2 MB | 131/194 kB    
                                              
Downloaded from central: https://repo.maven.apache.org/maven2/velocity/velocity/1.5/velocity-1.5.jar (392 kB at 173 kB/s)
Downloading from central: https://repo.maven.apache.org/maven2/org/apache/maven/doxia/doxia-module-apt/1.3/doxia-module-apt-1.3.jar
Progress (3): 0.2/1.2 MB | 131/194 kB | 7.7/15 kB
Progress (3): 0.2/1.2 MB | 131/194 kB | 7.7/15 kB
Progress (3): 0.2/1.2 MB | 131/194 kB | 7.7/15 kB
Progress (3): 0.2/1.2 MB | 131/194 kB | 7.7/15 kB
Progress (4): 0.2/1.2 MB | 131/194 kB | 7.7/15 kB | 7.7/52 kB
Progress (4): 0.2/1.2 MB | 131/194 kB | 7.7/15 kB | 16/52 kB 
Progress (4): 0.2/1.2 MB | 131/194 kB | 7.7/15 kB | 24/52 kB
Progress (4): 0.3/1.2 MB | 131/194 kB | 7.7/15 kB | 24/52 kB
Progress (5): 0.3/1.2 MB | 131/194 kB | 7.7/15 kB | 24/52 kB | 7.7/173 kB
Progress (5): 0.3/1.2 MB | 131/194 kB | 7.7/15 kB | 24/52 kB | 7.7/173 kB
Progress (5): 0.3/1.2 MB | 131/194 kB | 7.7/15 kB | 24/52 kB | 16/173 kB 
Progress (5): 0.3/1.2 MB | 131/194 kB | 7.7/15 kB | 24/52 kB | 32/173 kB
Progress (5): 0.3/1.2 MB | 131/194 kB | 15 kB | 24/52 kB | 32/173 kB    
                                                                    
Downloaded from central: https://repo.maven.apache.org/maven2/org/apache/maven/doxia/doxia-module-xhtml/1.3/doxia-module-xhtml-1.3.jar (15 kB at 5.8 kB/s)
Downloading from central: https://repo.maven.apache.org/maven2/org/apache/maven/doxia/doxia-module-xdoc/1.3/doxia-module-xdoc-1.3.jar
Progress (4): 0.3/1.2 MB | 147/194 kB | 24/52 kB | 32/173 kB
Progress (4): 0.3/1.2 MB | 147/194 kB | 40/52 kB | 32/173 kB
Progress (4): 0.3/1.2 MB | 163/194 kB | 40/52 kB | 32/173 kB
Progress (4): 0.3/1.2 MB | 163/194 kB | 40/52 kB | 49/173 kB
Progress (4): 0.3/1.2 MB | 163/194 kB | 52 kB | 49/173 kB   
                                                         
Downloaded from central: https://repo.maven.apache.org/maven2/org/apache/maven/doxia/doxia-module-apt/1.3/doxia-module-apt-1.3.jar (52 kB at 20 kB/s)
Downloading from central: https://repo.maven.apache.org/maven2/org/apache/maven/doxia/doxia-module-fml/1.3/doxia-module-fml-1.3.jar
Progress (3): 0.3/1.2 MB | 163/194 kB | 65/173 kB
Progress (3): 0.3/1.2 MB | 163/194 kB | 81/173 kB
Progress (3): 0.3/1.2 MB | 163/194 kB | 98/173 kB
Progress (3): 0.3/1.2 MB | 163/194 kB | 98/173 kB
Progress (3): 0.3/1.2 MB | 163/194 kB | 98/173 kB
Progress (3): 0.3/1.2 MB | 163/194 kB | 114/173 kB
Progress (3): 0.3/1.2 MB | 163/194 kB | 131/173 kB
Progress (3): 0.3/1.2 MB | 163/194 kB | 147/173 kB
Progress (4): 0.3/1.2 MB | 163/194 kB | 147/173 kB | 7.7/38 kB
Progress (4): 0.3/1.2 MB | 163/194 kB | 147/173 kB | 16/38 kB 
Progress (4): 0.3/1.2 MB | 163/194 kB | 163/173 kB | 16/38 kB
Progress (4): 0.3/1.2 MB | 163/194 kB | 173 kB | 16/38 kB    
                                                         
Downloaded from central: https://repo.maven.apache.org/maven2/org/apache/httpcomponents/httpcore/4.0.1/httpcore-4.0.1.jar (173 kB at 60 kB/s)
Downloading from central: https://repo.maven.apache.org/maven2/javax/servlet/servlet-api/2.5/servlet-api-2.5.jar
Progress (3): 0.3/1.2 MB | 163/194 kB | 16/38 kB
Progress (3): 0.3/1.2 MB | 163/194 kB | 28/38 kB
Progress (3): 0.3/1.2 MB | 163/194 kB | 38 kB   
                                             
Downloaded from central: https://repo.maven.apache.org/maven2/org/apache/maven/doxia/doxia-module-fml/1.3/doxia-module-fml-1.3.jar (38 kB at 13 kB/s)
Downloading from central: https://repo.maven.apache.org/maven2/org/apache/maven/doxia/doxia-decoration-model/1.3/doxia-decoration-model-1.3.jar
Progress (3): 0.3/1.2 MB | 163/194 kB | 7.7/37 kB
Progress (3): 0.3/1.2 MB | 163/194 kB | 16/37 kB 
Progress (3): 0.3/1.2 MB | 163/194 kB | 24/37 kB
Progress (3): 0.3/1.2 MB | 163/194 kB | 37 kB   
                                             
Downloaded from central: https://repo.maven.apache.org/maven2/org/apache/maven/doxia/doxia-module-xdoc/1.3/doxia-module-xdoc-1.3.jar (37 kB at 12 kB/s)
Downloading from central: https://repo.maven.apache.org/maven2/org/apache/maven/doxia/doxia-site-renderer/1.3/doxia-site-renderer-1.3.jar
Progress (2): 0.3/1.2 MB | 163/194 kB
Progress (3): 0.3/1.2 MB | 163/194 kB | 7.7/61 kB
Progress (3): 0.3/1.2 MB | 163/194 kB | 16/61 kB 
Progress (3): 0.3/1.2 MB | 163/194 kB | 16/61 kB
Progress (3): 0.3/1.2 MB | 163/194 kB | 33/61 kB
Progress (3): 0.3/1.2 MB | 163/194 kB | 49/61 kB
Progress (3): 0.4/1.2 MB | 163/194 kB | 49/61 kB
Progress (3): 0.4/1.2 MB | 163/194 kB | 49/61 kB
Progress (3): 0.4/1.2 MB | 163/194 kB | 49/61 kB
Progress (3): 0.4/1.2 MB | 163/194 kB | 61 kB   
                                             
Downloaded from central: https://repo.maven.apache.org/maven2/org/apache/maven/doxia/doxia-decoration-model/1.3/doxia-decoration-model-1.3.jar (61 kB at 18 kB/s)
Downloading from central: https://repo.maven.apache.org/maven2/org/apache/velocity/velocity-tools/2.0/velocity-tools-2.0.jar
Progress (3): 0.4/1.2 MB | 163/194 kB | 7.7/53 kB
Progress (3): 0.4/1.2 MB | 163/194 kB | 16/53 kB 
Progress (3): 0.4/1.2 MB | 180/194 kB | 16/53 kB
Progress (3): 0.4/1.2 MB | 194 kB | 16/53 kB    
                                            
Downloaded from central: https://repo.maven.apache.org/maven2/xml-apis/xml-apis/1.3.04/xml-apis-1.3.04.jar (194 kB at 58 kB/s)
Downloading from central: https://repo.maven.apache.org/maven2/commons-digester/commons-digester/1.8/commons-digester-1.8.jar
Progress (2): 0.4/1.2 MB | 25/53 kB
Progress (2): 0.4/1.2 MB | 41/53 kB
Progress (2): 0.4/1.2 MB | 41/53 kB
Progress (2): 0.4/1.2 MB | 41/53 kB
Progress (2): 0.4/1.2 MB | 53 kB   
                                
Downloaded from central: https://repo.maven.apache.org/maven2/org/apache/maven/doxia/doxia-site-renderer/1.3/doxia-site-renderer-1.3.jar (53 kB at 15 kB/s)
Downloading from central: https://repo.maven.apache.org/maven2/commons-chain/commons-chain/1.1/commons-chain-1.1.jar
Progress (2): 0.4/1.2 MB | 7.7/347 kB
Progress (2): 0.4/1.2 MB | 16/347 kB 
Progress (2): 0.4/1.2 MB | 16/347 kB
Progress (2): 0.4/1.2 MB | 29/347 kB
Progress (3): 0.4/1.2 MB | 29/347 kB | 7.7/105 kB
Progress (3): 0.4/1.2 MB | 29/347 kB | 16/105 kB 
Progress (3): 0.4/1.2 MB | 29/347 kB | 24/105 kB
Progress (3): 0.4/1.2 MB | 29/347 kB | 40/105 kB
Progress (3): 0.4/1.2 MB | 29/347 kB | 57/105 kB
Progress (3): 0.4/1.2 MB | 29/347 kB | 73/105 kB
Progress (3): 0.4/1.2 MB | 29/347 kB | 90/105 kB
Progress (3): 0.4/1.2 MB | 29/347 kB | 105 kB   
                                             
Downloaded from central: https://repo.maven.apache.org/maven2/javax/servlet/servlet-api/2.5/servlet-api-2.5.jar (105 kB at 29 kB/s)
Downloading from central: https://repo.maven.apache.org/maven2/commons-validator/commons-validator/1.3.1/commons-validator-1.3.1.jar
Progress (2): 0.4/1.2 MB | 45/347 kB
Progress (2): 0.5/1.2 MB | 45/347 kB
Progress (3): 0.5/1.2 MB | 45/347 kB | 7.7/144 kB
Progress (3): 0.5/1.2 MB | 45/347 kB | 16/144 kB 
Progress (4): 0.5/1.2 MB | 45/347 kB | 16/144 kB | 7.7/90 kB
Progress (4): 0.5/1.2 MB | 45/347 kB | 16/144 kB | 8.2/90 kB
Progress (4): 0.5/1.2 MB | 61/347 kB | 16/144 kB | 8.2/90 kB
Progress (4): 0.5/1.2 MB | 78/347 kB | 16/144 kB | 8.2/90 kB
Progress (4): 0.5/1.2 MB | 78/347 kB | 24/144 kB | 8.2/90 kB
Progress (4): 0.5/1.2 MB | 94/347 kB | 24/144 kB | 8.2/90 kB
Progress (4): 0.5/1.2 MB | 94/347 kB | 24/144 kB | 8.2/90 kB
Progress (4): 0.5/1.2 MB | 111/347 kB | 24/144 kB | 8.2/90 kB
Progress (5): 0.5/1.2 MB | 111/347 kB | 24/144 kB | 8.2/90 kB | 7.7/139 kB
Progress (5): 0.5/1.2 MB | 111/347 kB | 24/144 kB | 8.2/90 kB | 16/139 kB 
Progress (5): 0.5/1.2 MB | 127/347 kB | 24/144 kB | 8.2/90 kB | 16/139 kB
Progress (5): 0.5/1.2 MB | 127/347 kB | 40/144 kB | 8.2/90 kB | 16/139 kB
Progress (5): 0.5/1.2 MB | 127/347 kB | 40/144 kB | 8.2/90 kB | 16/139 kB
Progress (5): 0.5/1.2 MB | 127/347 kB | 40/144 kB | 8.2/90 kB | 16/139 kB
Progress (5): 0.5/1.2 MB | 127/347 kB | 40/144 kB | 8.2/90 kB | 16/139 kB
Progress (5): 0.5/1.2 MB | 143/347 kB | 40/144 kB | 8.2/90 kB | 16/139 kB
Progress (5): 0.5/1.2 MB | 143/347 kB | 40/144 kB | 25/90 kB | 16/139 kB 
Progress (5): 0.5/1.2 MB | 143/347 kB | 40/144 kB | 41/90 kB | 16/139 kB
Progress (5): 0.5/1.2 MB | 143/347 kB | 40/144 kB | 57/90 kB | 16/139 kB
Progress (5): 0.5/1.2 MB | 160/347 kB | 40/144 kB | 57/90 kB | 16/139 kB
Progress (5): 0.5/1.2 MB | 176/347 kB | 40/144 kB | 57/90 kB | 16/139 kB
Progress (5): 0.5/1.2 MB | 193/347 kB | 40/144 kB | 57/90 kB | 16/139 kB
Progress (5): 0.5/1.2 MB | 209/347 kB | 40/144 kB | 57/90 kB | 16/139 kB
Progress (5): 0.5/1.2 MB | 225/347 kB | 40/144 kB | 57/90 kB | 16/139 kB
Progress (5): 0.5/1.2 MB | 225/347 kB | 40/144 kB | 57/90 kB | 28/139 kB
Progress (5): 0.5/1.2 MB | 225/347 kB | 40/144 kB | 57/90 kB | 44/139 kB
Progress (5): 0.5/1.2 MB | 225/347 kB | 40/144 kB | 57/90 kB | 61/139 kB
Progress (5): 0.5/1.2 MB | 225/347 kB | 40/144 kB | 57/90 kB | 77/139 kB
Progress (5): 0.5/1.2 MB | 225/347 kB | 40/144 kB | 74/90 kB | 77/139 kB
Progress (5): 0.5/1.2 MB | 242/347 kB | 40/144 kB | 74/90 kB | 77/139 kB
Progress (5): 0.5/1.2 MB | 242/347 kB | 40/144 kB | 90 kB | 77/139 kB   
Progress (5): 0.5/1.2 MB | 242/347 kB | 40/144 kB | 90 kB | 77/139 kB
Progress (5): 0.6/1.2 MB | 242/347 kB | 40/144 kB | 90 kB | 77/139 kB
                                                                     
Downloaded from central: https://repo.maven.apache.org/maven2/commons-chain/commons-chain/1.1/commons-chain-1.1.jar (90 kB at 21 kB/s)
Downloading from central: https://repo.maven.apache.org/maven2/dom4j/dom4j/1.1/dom4j-1.1.jar
Progress (4): 0.6/1.2 MB | 258/347 kB | 40/144 kB | 77/139 kB
Progress (4): 0.6/1.2 MB | 274/347 kB | 40/144 kB | 77/139 kB
Progress (4): 0.6/1.2 MB | 274/347 kB | 57/144 kB | 77/139 kB
Progress (4): 0.6/1.2 MB | 291/347 kB | 57/144 kB | 77/139 kB
Progress (4): 0.6/1.2 MB | 291/347 kB | 57/144 kB | 93/139 kB
Progress (4): 0.6/1.2 MB | 307/347 kB | 57/144 kB | 93/139 kB
Progress (4): 0.6/1.2 MB | 307/347 kB | 73/144 kB | 93/139 kB
Progress (4): 0.6/1.2 MB | 307/347 kB | 73/144 kB | 110/139 kB
Progress (4): 0.6/1.2 MB | 324/347 kB | 73/144 kB | 110/139 kB
Progress (4): 0.6/1.2 MB | 324/347 kB | 73/144 kB | 110/139 kB
Progress (4): 0.6/1.2 MB | 340/347 kB | 73/144 kB | 110/139 kB
Progress (4): 0.6/1.2 MB | 340/347 kB | 73/144 kB | 126/139 kB
Progress (4): 0.6/1.2 MB | 340/347 kB | 73/144 kB | 139 kB    
                                                          
Downloaded from central: https://repo.maven.apache.org/maven2/commons-validator/commons-validator/1.3.1/commons-validator-1.3.1.jar (139 kB at 31 kB/s)
Downloading from central: https://repo.maven.apache.org/maven2/sslext/sslext/1.2-0/sslext-1.2-0.jar
Progress (3): 0.6/1.2 MB | 347 kB | 73/144 kB
                                             
Downloaded from central: https://repo.maven.apache.org/maven2/org/apache/velocity/velocity-tools/2.0/velocity-tools-2.0.jar (347 kB at 78 kB/s)
Downloading from central: https://repo.maven.apache.org/maven2/org/apache/struts/struts-core/1.3.8/struts-core-1.3.8.jar
Progress (2): 0.6/1.2 MB | 90/144 kB
Progress (3): 0.6/1.2 MB | 90/144 kB | 7.7/329 kB
Progress (3): 0.6/1.2 MB | 90/144 kB | 16/329 kB 
Progress (3): 0.6/1.2 MB | 90/144 kB | 24/329 kB
Progress (3): 0.6/1.2 MB | 90/144 kB | 40/329 kB
Progress (4): 0.6/1.2 MB | 90/144 kB | 40/329 kB | 7.7/457 kB
Progress (4): 0.6/1.2 MB | 90/144 kB | 40/329 kB | 16/457 kB 
Progress (4): 0.6/1.2 MB | 90/144 kB | 40/329 kB | 16/457 kB
Progress (4): 0.6/1.2 MB | 90/144 kB | 40/329 kB | 16/457 kB
Progress (4): 0.6/1.2 MB | 90/144 kB | 40/329 kB | 16/457 kB
Progress (4): 0.6/1.2 MB | 90/144 kB | 40/329 kB | 16/457 kB
Progress (4): 0.6/1.2 MB | 106/144 kB | 40/329 kB | 16/457 kB
Progress (4): 0.6/1.2 MB | 106/144 kB | 57/329 kB | 16/457 kB
Progress (4): 0.6/1.2 MB | 122/144 kB | 57/329 kB | 16/457 kB
Progress (4): 0.6/1.2 MB | 122/144 kB | 57/329 kB | 24/457 kB
Progress (4): 0.6/1.2 MB | 122/144 kB | 57/329 kB | 40/457 kB
Progress (4): 0.6/1.2 MB | 122/144 kB | 57/329 kB | 57/457 kB
Progress (4): 0.6/1.2 MB | 122/144 kB | 57/329 kB | 73/457 kB
Progress (5): 0.6/1.2 MB | 122/144 kB | 57/329 kB | 73/457 kB | 7.7/26 kB
Progress (5): 0.6/1.2 MB | 122/144 kB | 57/329 kB | 73/457 kB | 16/26 kB 
Progress (5): 0.6/1.2 MB | 122/144 kB | 57/329 kB | 73/457 kB | 24/26 kB
Progress (5): 0.6/1.2 MB | 122/144 kB | 57/329 kB | 73/457 kB | 26 kB   
                                                                     
Downloaded from central: https://repo.maven.apache.org/maven2/sslext/sslext/1.2-0/sslext-1.2-0.jar (26 kB at 5.3 kB/s)
Downloading from central: https://repo.maven.apache.org/maven2/antlr/antlr/2.7.2/antlr-2.7.2.jar
Progress (4): 0.6/1.2 MB | 122/144 kB | 73/329 kB | 73/457 kB
Progress (4): 0.6/1.2 MB | 139/144 kB | 73/329 kB | 73/457 kB
Progress (4): 0.6/1.2 MB | 139/144 kB | 90/329 kB | 73/457 kB
Progress (4): 0.6/1.2 MB | 139/144 kB | 90/329 kB | 90/457 kB
Progress (4): 0.7/1.2 MB | 139/144 kB | 90/329 kB | 90/457 kB
Progress (4): 0.7/1.2 MB | 139/144 kB | 106/329 kB | 90/457 kB
Progress (4): 0.7/1.2 MB | 139/144 kB | 106/329 kB | 90/457 kB
Progress (4): 0.7/1.2 MB | 139/144 kB | 122/329 kB | 90/457 kB
Progress (4): 0.7/1.2 MB | 139/144 kB | 139/329 kB | 90/457 kB
Progress (4): 0.7/1.2 MB | 139/144 kB | 155/329 kB | 90/457 kB
Progress (4): 0.7/1.2 MB | 139/144 kB | 172/329 kB | 90/457 kB
Progress (4): 0.7/1.2 MB | 139/144 kB | 188/329 kB | 90/457 kB
Progress (4): 0.7/1.2 MB | 139/144 kB | 204/329 kB | 90/457 kB
Progress (4): 0.7/1.2 MB | 139/144 kB | 221/329 kB | 90/457 kB
Progress (4): 0.7/1.2 MB | 139/144 kB | 237/329 kB | 90/457 kB
Progress (4): 0.7/1.2 MB | 139/144 kB | 237/329 kB | 90/457 kB
Progress (4): 0.7/1.2 MB | 139/144 kB | 253/329 kB | 90/457 kB
Progress (4): 0.7/1.2 MB | 139/144 kB | 253/329 kB | 106/457 kB
Progress (4): 0.7/1.2 MB | 139/144 kB | 253/329 kB | 106/457 kB
Progress (4): 0.7/1.2 MB | 139/144 kB | 270/329 kB | 106/457 kB
Progress (4): 0.7/1.2 MB | 139/144 kB | 270/329 kB | 122/457 kB
Progress (4): 0.7/1.2 MB | 139/144 kB | 286/329 kB | 122/457 kB
Progress (4): 0.7/1.2 MB | 139/144 kB | 286/329 kB | 139/457 kB
Progress (4): 0.7/1.2 MB | 144 kB | 286/329 kB | 139/457 kB    
                                                           
Downloaded from central: https://repo.maven.apache.org/maven2/commons-digester/commons-digester/1.8/commons-digester-1.8.jar (144 kB at 28 kB/s)
Downloading from central: https://repo.maven.apache.org/maven2/org/apache/struts/struts-taglib/1.3.8/struts-taglib-1.3.8.jar
Progress (4): 0.7/1.2 MB | 286/329 kB | 139/457 kB | 3.2/358 kB
Progress (4): 0.7/1.2 MB | 286/329 kB | 139/457 kB | 3.2/358 kB
Progress (4): 0.7/1.2 MB | 303/329 kB | 139/457 kB | 3.2/358 kB
Progress (4): 0.7/1.2 MB | 319/329 kB | 139/457 kB | 3.2/358 kB
Progress (4): 0.7/1.2 MB | 329 kB | 139/457 kB | 3.2/358 kB    
                                                           
Downloaded from central: https://repo.maven.apache.org/maven2/org/apache/struts/struts-core/1.3.8/struts-core-1.3.8.jar (329 kB at 63 kB/s)
Downloading from central: https://repo.maven.apache.org/maven2/org/apache/struts/struts-tiles/1.3.8/struts-tiles-1.3.8.jar
Progress (3): 0.7/1.2 MB | 139/457 kB | 3.2/358 kB
Progress (3): 0.7/1.2 MB | 139/457 kB | 20/358 kB 
Progress (3): 0.7/1.2 MB | 139/457 kB | 36/358 kB
Progress (3): 0.7/1.2 MB | 139/457 kB | 52/358 kB
Progress (3): 0.7/1.2 MB | 139/457 kB | 69/358 kB
Progress (3): 0.8/1.2 MB | 139/457 kB | 69/358 kB
Progress (4): 0.8/1.2 MB | 139/457 kB | 69/358 kB | 7.7/120 kB
Progress (4): 0.8/1.2 MB | 139/457 kB | 69/358 kB | 16/120 kB 
Progress (4): 0.8/1.2 MB | 139/457 kB | 69/358 kB | 32/120 kB
Progress (4): 0.8/1.2 MB | 139/457 kB | 69/358 kB | 49/120 kB
Progress (4): 0.8/1.2 MB | 155/457 kB | 69/358 kB | 49/120 kB
Progress (4): 0.8/1.2 MB | 172/457 kB | 69/358 kB | 49/120 kB
Progress (4): 0.8/1.2 MB | 188/457 kB | 69/358 kB | 49/120 kB
Progress (4): 0.8/1.2 MB | 204/457 kB | 69/358 kB | 49/120 kB
Progress (4): 0.8/1.2 MB | 204/457 kB | 69/358 kB | 65/120 kB
Progress (4): 0.8/1.2 MB | 204/457 kB | 69/358 kB | 65/120 kB
Progress (4): 0.8/1.2 MB | 204/457 kB | 69/358 kB | 81/120 kB
Progress (4): 0.8/1.2 MB | 204/457 kB | 69/358 kB | 81/120 kB
Progress (4): 0.8/1.2 MB | 204/457 kB | 69/358 kB | 98/120 kB
Progress (4): 0.8/1.2 MB | 204/457 kB | 85/358 kB | 98/120 kB
Progress (4): 0.8/1.2 MB | 221/457 kB | 85/358 kB | 98/120 kB
Progress (4): 0.8/1.2 MB | 221/457 kB | 85/358 kB | 114/120 kB
Progress (4): 0.8/1.2 MB | 221/457 kB | 85/358 kB | 120 kB    
                                                          
Downloaded from central: https://repo.maven.apache.org/maven2/org/apache/struts/struts-tiles/1.3.8/struts-tiles-1.3.8.jar (120 kB at 21 kB/s)
Downloading from central: https://repo.maven.apache.org/maven2/commons-collections/commons-collections/3.2.1/commons-collections-3.2.1.jar
Progress (3): 0.8/1.2 MB | 221/457 kB | 101/358 kB
Progress (3): 0.8/1.2 MB | 237/457 kB | 101/358 kB
Progress (3): 0.8/1.2 MB | 237/457 kB | 118/358 kB
Progress (3): 0.8/1.2 MB | 237/457 kB | 118/358 kB
Progress (3): 0.8/1.2 MB | 237/457 kB | 134/358 kB
Progress (3): 0.8/1.2 MB | 237/457 kB | 151/358 kB
Progress (3): 0.8/1.2 MB | 237/457 kB | 167/358 kB
Progress (3): 0.8/1.2 MB | 253/457 kB | 167/358 kB
Progress (3): 0.8/1.2 MB | 253/457 kB | 167/358 kB
Progress (4): 0.8/1.2 MB | 253/457 kB | 167/358 kB | 3.2/575 kB
Progress (4): 0.8/1.2 MB | 253/457 kB | 167/358 kB | 3.2/575 kB
Progress (4): 0.8/1.2 MB | 253/457 kB | 167/358 kB | 20/575 kB 
Progress (4): 0.8/1.2 MB | 270/457 kB | 167/358 kB | 20/575 kB
Progress (4): 0.8/1.2 MB | 270/457 kB | 167/358 kB | 36/575 kB
Progress (4): 0.8/1.2 MB | 270/457 kB | 167/358 kB | 52/575 kB
Progress (4): 0.8/1.2 MB | 286/457 kB | 167/358 kB | 52/575 kB
Progress (4): 0.8/1.2 MB | 286/457 kB | 167/358 kB | 69/575 kB
Progress (5): 0.8/1.2 MB | 286/457 kB | 167/358 kB | 69/575 kB | 7.7/252 kB
Progress (5): 0.8/1.2 MB | 286/457 kB | 167/358 kB | 69/575 kB | 16/252 kB 
Progress (5): 0.8/1.2 MB | 286/457 kB | 167/358 kB | 85/575 kB | 16/252 kB
Progress (5): 0.8/1.2 MB | 286/457 kB | 167/358 kB | 101/575 kB | 16/252 kB
Progress (5): 0.8/1.2 MB | 303/457 kB | 167/358 kB | 101/575 kB | 16/252 kB
Progress (5): 0.9/1.2 MB | 303/457 kB | 167/358 kB | 101/575 kB | 16/252 kB
Progress (5): 0.9/1.2 MB | 303/457 kB | 167/358 kB | 118/575 kB | 16/252 kB
Progress (5): 0.9/1.2 MB | 303/457 kB | 167/358 kB | 118/575 kB | 16/252 kB
Progress (5): 0.9/1.2 MB | 303/457 kB | 167/358 kB | 118/575 kB | 16/252 kB
Progress (5): 0.9/1.2 MB | 303/457 kB | 167/358 kB | 126/575 kB | 16/252 kB
Progress (5): 0.9/1.2 MB | 319/457 kB | 167/358 kB | 126/575 kB | 16/252 kB
Progress (5): 0.9/1.2 MB | 319/457 kB | 167/358 kB | 142/575 kB | 16/252 kB
Progress (5): 0.9/1.2 MB | 319/457 kB | 167/358 kB | 142/575 kB | 32/252 kB
Progress (5): 0.9/1.2 MB | 319/457 kB | 167/358 kB | 142/575 kB | 48/252 kB
Progress (5): 0.9/1.2 MB | 319/457 kB | 167/358 kB | 159/575 kB | 48/252 kB
Progress (5): 0.9/1.2 MB | 319/457 kB | 167/358 kB | 175/575 kB | 48/252 kB
Progress (5): 0.9/1.2 MB | 319/457 kB | 167/358 kB | 175/575 kB | 65/252 kB
Progress (5): 0.9/1.2 MB | 319/457 kB | 167/358 kB | 192/575 kB | 65/252 kB
Progress (5): 0.9/1.2 MB | 335/457 kB | 167/358 kB | 192/575 kB | 65/252 kB
Progress (5): 0.9/1.2 MB | 352/457 kB | 167/358 kB | 192/575 kB | 65/252 kB
Progress (5): 0.9/1.2 MB | 368/457 kB | 167/358 kB | 192/575 kB | 65/252 kB
Progress (5): 0.9/1.2 MB | 368/457 kB | 167/358 kB | 208/575 kB | 65/252 kB
Progress (5): 0.9/1.2 MB | 368/457 kB | 167/358 kB | 224/575 kB | 65/252 kB
Progress (5): 0.9/1.2 MB | 368/457 kB | 167/358 kB | 241/575 kB | 65/252 kB
Progress (5): 0.9/1.2 MB | 368/457 kB | 167/358 kB | 257/575 kB | 65/252 kB
Progress (5): 0.9/1.2 MB | 368/457 kB | 167/358 kB | 273/575 kB | 65/252 kB
Progress (5): 0.9/1.2 MB | 368/457 kB | 167/358 kB | 273/575 kB | 81/252 kB
Progress (5): 0.9/1.2 MB | 368/457 kB | 167/358 kB | 273/575 kB | 81/252 kB
Progress (5): 0.9/1.2 MB | 368/457 kB | 167/358 kB | 290/575 kB | 81/252 kB
Progress (5): 0.9/1.2 MB | 368/457 kB | 167/358 kB | 290/575 kB | 81/252 kB
Progress (5): 0.9/1.2 MB | 368/457 kB | 167/358 kB | 306/575 kB | 81/252 kB
Progress (5): 0.9/1.2 MB | 368/457 kB | 183/358 kB | 306/575 kB | 81/252 kB
Progress (5): 0.9/1.2 MB | 368/457 kB | 200/358 kB | 306/575 kB | 81/252 kB
Progress (5): 0.9/1.2 MB | 368/457 kB | 216/358 kB | 306/575 kB | 81/252 kB
Progress (5): 0.9/1.2 MB | 368/457 kB | 233/358 kB | 306/575 kB | 81/252 kB
Progress (5): 0.9/1.2 MB | 368/457 kB | 249/358 kB | 306/575 kB | 81/252 kB
Progress (5): 0.9/1.2 MB | 368/457 kB | 265/358 kB | 306/575 kB | 81/252 kB
Progress (5): 0.9/1.2 MB | 368/457 kB | 282/358 kB | 306/575 kB | 81/252 kB
Progress (5): 0.9/1.2 MB | 368/457 kB | 298/358 kB | 306/575 kB | 81/252 kB
Progress (5): 0.9/1.2 MB | 368/457 kB | 314/358 kB | 306/575 kB | 81/252 kB
Progress (5): 0.9/1.2 MB | 368/457 kB | 331/358 kB | 306/575 kB | 81/252 kB
Progress (5): 0.9/1.2 MB | 368/457 kB | 347/358 kB | 306/575 kB | 81/252 kB
Progress (5): 0.9/1.2 MB | 368/457 kB | 358 kB | 306/575 kB | 81/252 kB    
                                                                       
Downloaded from central: https://repo.maven.apache.org/maven2/antlr/antlr/2.7.2/antlr-2.7.2.jar (358 kB at 56 kB/s)
Downloading from central: https://repo.maven.apache.org/maven2/org/apache/maven/shared/maven-doxia-tools/1.4/maven-doxia-tools-1.4.jar
Progress (4): 0.9/1.2 MB | 385/457 kB | 306/575 kB | 81/252 kB
Progress (4): 0.9/1.2 MB | 401/457 kB | 306/575 kB | 81/252 kB
Progress (4): 0.9/1.2 MB | 417/457 kB | 306/575 kB | 81/252 kB
Progress (4): 0.9/1.2 MB | 417/457 kB | 323/575 kB | 81/252 kB
Progress (4): 0.9/1.2 MB | 434/457 kB | 323/575 kB | 81/252 kB
Progress (4): 0.9/1.2 MB | 434/457 kB | 339/575 kB | 81/252 kB
Progress (4): 0.9/1.2 MB | 434/457 kB | 355/575 kB | 81/252 kB
Progress (4): 0.9/1.2 MB | 434/457 kB | 372/575 kB | 81/252 kB
Progress (4): 0.9/1.2 MB | 434/457 kB | 372/575 kB | 97/252 kB
Progress (4): 0.9/1.2 MB | 434/457 kB | 372/575 kB | 114/252 kB
Progress (4): 0.9/1.2 MB | 434/457 kB | 388/575 kB | 114/252 kB
Progress (4): 0.9/1.2 MB | 434/457 kB | 405/575 kB | 114/252 kB
Progress (4): 0.9/1.2 MB | 434/457 kB | 405/575 kB | 114/252 kB
Progress (4): 0.9/1.2 MB | 434/457 kB | 421/575 kB | 114/252 kB
Progress (4): 0.9/1.2 MB | 434/457 kB | 437/575 kB | 114/252 kB
Progress (4): 0.9/1.2 MB | 434/457 kB | 454/575 kB | 114/252 kB
Progress (4): 0.9/1.2 MB | 434/457 kB | 470/575 kB | 114/252 kB
Progress (4): 0.9/1.2 MB | 434/457 kB | 486/575 kB | 114/252 kB
Progress (4): 0.9/1.2 MB | 450/457 kB | 486/575 kB | 114/252 kB
Progress (4): 0.9/1.2 MB | 450/457 kB | 503/575 kB | 114/252 kB
Progress (5): 0.9/1.2 MB | 450/457 kB | 503/575 kB | 114/252 kB | 7.7/45 kB
Progress (5): 0.9/1.2 MB | 450/457 kB | 503/575 kB | 114/252 kB | 11/45 kB 
Progress (5): 0.9/1.2 MB | 450/457 kB | 519/575 kB | 114/252 kB | 11/45 kB
Progress (5): 0.9/1.2 MB | 450/457 kB | 536/575 kB | 114/252 kB | 11/45 kB
Progress (5): 0.9/1.2 MB | 457 kB | 536/575 kB | 114/252 kB | 11/45 kB    
                                                                      
Downloaded from central: https://repo.maven.apache.org/maven2/dom4j/dom4j/1.1/dom4j-1.1.jar (457 kB at 69 kB/s)
Downloading from central: https://repo.maven.apache.org/maven2/org/apache/maven/wagon/wagon-provider-api/1.0/wagon-provider-api-1.0.jar
Progress (4): 0.9/1.2 MB | 552/575 kB | 114/252 kB | 11/45 kB
Progress (4): 0.9/1.2 MB | 568/575 kB | 114/252 kB | 11/45 kB
Progress (4): 0.9/1.2 MB | 568/575 kB | 114/252 kB | 11/45 kB
Progress (4): 1.0/1.2 MB | 568/575 kB | 114/252 kB | 11/45 kB
Progress (4): 1.0/1.2 MB | 568/575 kB | 114/252 kB | 28/45 kB
Progress (4): 1.0/1.2 MB | 568/575 kB | 114/252 kB | 44/45 kB
Progress (4): 1.0/1.2 MB | 568/575 kB | 114/252 kB | 45 kB   
                                                          
Downloaded from central: https://repo.maven.apache.org/maven2/org/apache/maven/shared/maven-doxia-tools/1.4/maven-doxia-tools-1.4.jar (45 kB at 6.6 kB/s)
Downloading from central: https://repo.maven.apache.org/maven2/org/codehaus/plexus/plexus-archiver/1.0/plexus-archiver-1.0.jar
Progress (3): 1.0/1.2 MB | 568/575 kB | 130/252 kB
Progress (3): 1.0/1.2 MB | 568/575 kB | 130/252 kB
Progress (3): 1.0/1.2 MB | 568/575 kB | 130/252 kB
Progress (3): 1.0/1.2 MB | 568/575 kB | 130/252 kB
Progress (4): 1.0/1.2 MB | 568/575 kB | 130/252 kB | 7.7/53 kB
Progress (4): 1.0/1.2 MB | 568/575 kB | 130/252 kB | 16/53 kB 
Progress (4): 1.0/1.2 MB | 568/575 kB | 130/252 kB | 24/53 kB
Progress (4): 1.0/1.2 MB | 568/575 kB | 130/252 kB | 24/53 kB
Progress (5): 1.0/1.2 MB | 568/575 kB | 130/252 kB | 24/53 kB | 7.7/177 kB
Progress (5): 1.0/1.2 MB | 568/575 kB | 130/252 kB | 24/53 kB | 7.7/177 kB
Progress (5): 1.0/1.2 MB | 568/575 kB | 130/252 kB | 24/53 kB | 7.7/177 kB
Progress (5): 1.1/1.2 MB | 568/575 kB | 130/252 kB | 24/53 kB | 7.7/177 kB
Progress (5): 1.1/1.2 MB | 568/575 kB | 147/252 kB | 24/53 kB | 7.7/177 kB
Progress (5): 1.1/1.2 MB | 568/575 kB | 163/252 kB | 24/53 kB | 7.7/177 kB
Progress (5): 1.1/1.2 MB | 568/575 kB | 179/252 kB | 24/53 kB | 7.7/177 kB
Progress (5): 1.1/1.2 MB | 568/575 kB | 196/252 kB | 24/53 kB | 7.7/177 kB
Progress (5): 1.1/1.2 MB | 568/575 kB | 196/252 kB | 24/53 kB | 24/177 kB 
Progress (5): 1.1/1.2 MB | 568/575 kB | 196/252 kB | 40/53 kB | 24/177 kB
Progress (5): 1.1/1.2 MB | 568/575 kB | 196/252 kB | 53 kB | 24/177 kB   
                                                                      
Downloaded from central: https://repo.maven.apache.org/maven2/org/apache/maven/wagon/wagon-provider-api/1.0/wagon-provider-api-1.0.jar (53 kB at 7.4 kB/s)
Downloading from central: https://repo.maven.apache.org/maven2/org/codehaus/plexus/plexus-io/1.0/plexus-io-1.0.jar
Progress (5): 1.1/1.2 MB | 568/575 kB | 196/252 kB | 24/177 kB | 3.2/51 kB
Progress (5): 1.1/1.2 MB | 575 kB | 196/252 kB | 24/177 kB | 3.2/51 kB    
                                                                      
Downloaded from central: https://repo.maven.apache.org/maven2/commons-collections/commons-collections/3.2.1/commons-collections-3.2.1.jar (575 kB at 78 kB/s)
Downloading from central: https://repo.maven.apache.org/maven2/org/codehaus/plexus/plexus-velocity/1.1.8/plexus-velocity-1.1.8.jar
Progress (4): 1.1/1.2 MB | 196/252 kB | 40/177 kB | 3.2/51 kB
Progress (4): 1.1/1.2 MB | 196/252 kB | 40/177 kB | 20/51 kB 
Progress (4): 1.1/1.2 MB | 212/252 kB | 40/177 kB | 20/51 kB
Progress (4): 1.1/1.2 MB | 212/252 kB | 40/177 kB | 28/51 kB
Progress (4): 1.1/1.2 MB | 212/252 kB | 57/177 kB | 28/51 kB
Progress (4): 1.1/1.2 MB | 212/252 kB | 57/177 kB | 28/51 kB
Progress (4): 1.1/1.2 MB | 212/252 kB | 57/177 kB | 28/51 kB
Progress (4): 1.1/1.2 MB | 212/252 kB | 57/177 kB | 28/51 kB
Progress (4): 1.1/1.2 MB | 212/252 kB | 57/177 kB | 28/51 kB
Progress (4): 1.1/1.2 MB | 212/252 kB | 73/177 kB | 28/51 kB
Progress (4): 1.1/1.2 MB | 212/252 kB | 90/177 kB | 28/51 kB
Progress (4): 1.1/1.2 MB | 228/252 kB | 90/177 kB | 28/51 kB
Progress (4): 1.1/1.2 MB | 228/252 kB | 106/177 kB | 28/51 kB
Progress (4): 1.1/1.2 MB | 228/252 kB | 122/177 kB | 28/51 kB
Progress (4): 1.1/1.2 MB | 228/252 kB | 139/177 kB | 28/51 kB
Progress (5): 1.1/1.2 MB | 228/252 kB | 139/177 kB | 28/51 kB | 7.7/7.9 kB
Progress (5): 1.1/1.2 MB | 228/252 kB | 139/177 kB | 28/51 kB | 7.7/7.9 kB
Progress (5): 1.1/1.2 MB | 245/252 kB | 139/177 kB | 28/51 kB | 7.7/7.9 kB
Progress (5): 1.1/1.2 MB | 245/252 kB | 139/177 kB | 28/51 kB | 7.9 kB    
Progress (5): 1.1/1.2 MB | 252 kB | 139/177 kB | 28/51 kB | 7.9 kB    
                                                                  
Downloaded from central: https://repo.maven.apache.org/maven2/org/codehaus/plexus/plexus-velocity/1.1.8/plexus-velocity-1.1.8.jar (7.9 kB at 1.0 kB/s)
Downloading from central: https://repo.maven.apache.org/maven2/org/codehaus/plexus/plexus-utils/1.5.10/plexus-utils-1.5.10.jar
Downloaded from central: https://repo.maven.apache.org/maven2/org/apache/struts/struts-taglib/1.3.8/struts-taglib-1.3.8.jar (252 kB at 33 kB/s)
Downloading from central: https://repo.maven.apache.org/maven2/org/mortbay/jetty/jetty/6.1.25/jetty-6.1.25.jar
Progress (3): 1.1/1.2 MB | 155/177 kB | 28/51 kB
Progress (3): 1.1/1.2 MB | 155/177 kB | 44/51 kB
Progress (3): 1.1/1.2 MB | 155/177 kB | 51 kB   
Progress (3): 1.1/1.2 MB | 172/177 kB | 51 kB
Progress (3): 1.1/1.2 MB | 177 kB | 51 kB    
                                         
Downloaded from central: https://repo.maven.apache.org/maven2/org/codehaus/plexus/plexus-io/1.0/plexus-io-1.0.jar (51 kB at 6.6 kB/s)
Downloading from central: https://repo.maven.apache.org/maven2/org/mortbay/jetty/servlet-api/2.5-20081211/servlet-api-2.5-20081211.jar
Downloaded from central: https://repo.maven.apache.org/maven2/org/codehaus/plexus/plexus-archiver/1.0/plexus-archiver-1.0.jar (177 kB at 23 kB/s)
Downloading from central: https://repo.maven.apache.org/maven2/org/mortbay/jetty/jetty-util/6.1.25/jetty-util-6.1.25.jar
Progress (1): 1.1/1.2 MB
Progress (2): 1.1/1.2 MB | 7.7/539 kB
Progress (2): 1.1/1.2 MB | 16/539 kB 
Progress (2): 1.2/1.2 MB | 16/539 kB
Progress (2): 1.2/1.2 MB | 28/539 kB
Progress (2): 1.2/1.2 MB | 44/539 kB
Progress (2): 1.2/1.2 MB | 61/539 kB
Progress (3): 1.2/1.2 MB | 61/539 kB | 7.7/134 kB
Progress (3): 1.2/1.2 MB | 61/539 kB | 16/134 kB 
Progress (4): 1.2/1.2 MB | 61/539 kB | 16/134 kB | 7.7/177 kB
Progress (4): 1.2/1.2 MB | 77/539 kB | 16/134 kB | 7.7/177 kB
Progress (5): 1.2/1.2 MB | 77/539 kB | 16/134 kB | 7.7/177 kB | 7.7/281 kB
Progress (5): 1.2/1.2 MB | 77/539 kB | 16/134 kB | 16/177 kB | 7.7/281 kB 
Progress (5): 1.2/1.2 MB | 77/539 kB | 16/134 kB | 16/177 kB | 16/281 kB 
Progress (5): 1.2/1.2 MB | 93/539 kB | 16/134 kB | 16/177 kB | 16/281 kB
Progress (5): 1.2/1.2 MB | 93/539 kB | 28/134 kB | 16/177 kB | 16/281 kB
Progress (5): 1.2/1.2 MB | 93/539 kB | 28/134 kB | 16/177 kB | 25/281 kB
Progress (5): 1.2/1.2 MB | 93/539 kB | 28/134 kB | 16/177 kB | 25/281 kB
Progress (5): 1.2/1.2 MB | 93/539 kB | 44/134 kB | 16/177 kB | 25/281 kB
Progress (5): 1.2/1.2 MB | 93/539 kB | 61/134 kB | 16/177 kB | 25/281 kB
Progress (5): 1.2/1.2 MB | 93/539 kB | 61/134 kB | 16/177 kB | 25/281 kB
Progress (5): 1.2/1.2 MB | 93/539 kB | 77/134 kB | 16/177 kB | 25/281 kB
Progress (5): 1.2/1.2 MB | 93/539 kB | 77/134 kB | 16/177 kB | 25/281 kB
Progress (5): 1.2/1.2 MB | 110/539 kB | 77/134 kB | 16/177 kB | 25/281 kB
Progress (5): 1.2/1.2 MB | 126/539 kB | 77/134 kB | 16/177 kB | 25/281 kB
Progress (5): 1.2/1.2 MB | 142/539 kB | 77/134 kB | 16/177 kB | 25/281 kB
Progress (5): 1.2/1.2 MB | 142/539 kB | 77/134 kB | 28/177 kB | 25/281 kB
Progress (5): 1.2/1.2 MB | 142/539 kB | 77/134 kB | 44/177 kB | 25/281 kB
Progress (5): 1.2/1.2 MB | 159/539 kB | 77/134 kB | 44/177 kB | 25/281 kB
Progress (5): 1.2/1.2 MB | 159/539 kB | 77/134 kB | 44/177 kB | 25/281 kB
Progress (5): 1.2 MB | 159/539 kB | 77/134 kB | 44/177 kB | 25/281 kB    
                                                                     
Downloaded from central: https://repo.maven.apache.org/maven2/xerces/xercesImpl/2.9.1/xercesImpl-2.9.1.jar (1.2 MB at 149 kB/s)
Downloading from central: https://repo.maven.apache.org/maven2/commons-lang/commons-lang/2.5/commons-lang-2.5.jar
Progress (4): 175/539 kB | 77/134 kB | 44/177 kB | 25/281 kB
Progress (4): 192/539 kB | 77/134 kB | 44/177 kB | 25/281 kB
Progress (4): 208/539 kB | 77/134 kB | 44/177 kB | 25/281 kB
Progress (4): 224/539 kB | 77/134 kB | 44/177 kB | 25/281 kB
Progress (4): 241/539 kB | 77/134 kB | 44/177 kB | 25/281 kB
Progress (4): 257/539 kB | 77/134 kB | 44/177 kB | 25/281 kB
Progress (4): 274/539 kB | 77/134 kB | 44/177 kB | 25/281 kB
Progress (4): 290/539 kB | 77/134 kB | 44/177 kB | 25/281 kB
Progress (4): 306/539 kB | 77/134 kB | 44/177 kB | 25/281 kB
Progress (4): 323/539 kB | 77/134 kB | 44/177 kB | 25/281 kB
Progress (4): 339/539 kB | 77/134 kB | 44/177 kB | 25/281 kB
Progress (4): 355/539 kB | 77/134 kB | 44/177 kB | 25/281 kB
Progress (4): 372/539 kB | 77/134 kB | 44/177 kB | 25/281 kB
Progress (4): 388/539 kB | 77/134 kB | 44/177 kB | 25/281 kB
Progress (4): 388/539 kB | 77/134 kB | 44/177 kB | 41/281 kB
Progress (4): 388/539 kB | 77/134 kB | 61/177 kB | 41/281 kB
Progress (4): 405/539 kB | 77/134 kB | 61/177 kB | 41/281 kB
Progress (4): 421/539 kB | 77/134 kB | 61/177 kB | 41/281 kB
Progress (4): 437/539 kB | 77/134 kB | 61/177 kB | 41/281 kB
Progress (4): 437/539 kB | 77/134 kB | 61/177 kB | 57/281 kB
Progress (4): 437/539 kB | 77/134 kB | 77/177 kB | 57/281 kB
Progress (4): 454/539 kB | 77/134 kB | 77/177 kB | 57/281 kB
Progress (4): 454/539 kB | 93/134 kB | 77/177 kB | 57/281 kB
Progress (4): 454/539 kB | 110/134 kB | 77/177 kB | 57/281 kB
Progress (4): 454/539 kB | 126/134 kB | 77/177 kB | 57/281 kB
Progress (4): 454/539 kB | 134 kB | 77/177 kB | 57/281 kB    
                                                         
Downloaded from central: https://repo.maven.apache.org/maven2/org/mortbay/jetty/servlet-api/2.5-20081211/servlet-api-2.5-20081211.jar (134 kB at 16 kB/s)
Downloading from central: https://repo.maven.apache.org/maven2/commons-io/commons-io/1.4/commons-io-1.4.jar
Progress (3): 454/539 kB | 93/177 kB | 57/281 kB
Progress (3): 470/539 kB | 93/177 kB | 57/281 kB
Progress (3): 470/539 kB | 110/177 kB | 57/281 kB
Progress (3): 487/539 kB | 110/177 kB | 57/281 kB
Progress (3): 503/539 kB | 110/177 kB | 57/281 kB
Progress (3): 519/539 kB | 110/177 kB | 57/281 kB
Progress (3): 536/539 kB | 110/177 kB | 57/281 kB
Progress (3): 539 kB | 110/177 kB | 57/281 kB    
                                             
Downloaded from central: https://repo.maven.apache.org/maven2/org/mortbay/jetty/jetty/6.1.25/jetty-6.1.25.jar (539 kB at 64 kB/s)
Progress (3): 110/177 kB | 57/281 kB | 7.7/279 kB
Progress (3): 110/177 kB | 57/281 kB | 8.2/279 kB
Progress (3): 110/177 kB | 74/281 kB | 8.2/279 kB
Progress (3): 110/177 kB | 90/281 kB | 8.2/279 kB
Progress (3): 110/177 kB | 106/281 kB | 8.2/279 kB
Progress (3): 110/177 kB | 106/281 kB | 25/279 kB 
Progress (3): 126/177 kB | 106/281 kB | 25/279 kB
Progress (3): 126/177 kB | 106/281 kB | 41/279 kB
Progress (3): 126/177 kB | 123/281 kB | 41/279 kB
Progress (3): 142/177 kB | 123/281 kB | 41/279 kB
Progress (3): 159/177 kB | 123/281 kB | 41/279 kB
Progress (3): 175/177 kB | 123/281 kB | 41/279 kB
Progress (3): 177 kB | 123/281 kB | 41/279 kB    
                                             
Downloaded from central: https://repo.maven.apache.org/maven2/org/mortbay/jetty/jetty-util/6.1.25/jetty-util-6.1.25.jar (177 kB at 20 kB/s)
Progress (2): 123/281 kB | 57/279 kB
Progress (2): 123/281 kB | 74/279 kB
Progress (2): 123/281 kB | 90/279 kB
Progress (3): 123/281 kB | 90/279 kB | 7.7/109 kB
Progress (3): 123/281 kB | 90/279 kB | 16/109 kB 
Progress (3): 123/281 kB | 106/279 kB | 16/109 kB
Progress (3): 123/281 kB | 106/279 kB | 32/109 kB
Progress (3): 123/281 kB | 115/279 kB | 32/109 kB
Progress (3): 139/281 kB | 115/279 kB | 32/109 kB
Progress (3): 139/281 kB | 115/279 kB | 49/109 kB
Progress (3): 139/281 kB | 115/279 kB | 65/109 kB
Progress (3): 156/281 kB | 115/279 kB | 65/109 kB
Progress (3): 172/281 kB | 115/279 kB | 65/109 kB
Progress (3): 172/281 kB | 131/279 kB | 65/109 kB
Progress (3): 172/281 kB | 147/279 kB | 65/109 kB
Progress (3): 172/281 kB | 147/279 kB | 81/109 kB
Progress (3): 172/281 kB | 147/279 kB | 98/109 kB
Progress (3): 172/281 kB | 147/279 kB | 109 kB   
                                              
Downloaded from central: https://repo.maven.apache.org/maven2/commons-io/commons-io/1.4/commons-io-1.4.jar (109 kB at 12 kB/s)
Progress (2): 172/281 kB | 164/279 kB
Progress (2): 188/281 kB | 164/279 kB
Progress (2): 205/281 kB | 164/279 kB
Progress (2): 205/281 kB | 180/279 kB
Progress (2): 221/281 kB | 180/279 kB
Progress (2): 221/281 kB | 197/279 kB
Progress (2): 221/281 kB | 213/279 kB
Progress (2): 221/281 kB | 229/279 kB
Progress (2): 221/281 kB | 246/279 kB
Progress (2): 238/281 kB | 246/279 kB
Progress (2): 254/281 kB | 246/279 kB
Progress (2): 270/281 kB | 246/279 kB
Progress (2): 270/281 kB | 262/279 kB
Progress (2): 270/281 kB | 279/279 kB
Progress (2): 270/281 kB | 279 kB    
                                 
Downloaded from central: https://repo.maven.apache.org/maven2/commons-lang/commons-lang/2.5/commons-lang-2.5.jar (279 kB at 28 kB/s)
Progress (1): 281 kB
                    
Downloaded from central: https://repo.maven.apache.org/maven2/org/codehaus/plexus/plexus-utils/1.5.10/plexus-utils-1.5.10.jar (281 kB at 28 kB/s)
[INFO] 
[INFO] --- moditect:1.0.0.Beta2:add-module-info (add-module-infos) @ jackson-core ---
Downloading from central: https://repo.maven.apache.org/maven2/org/moditect/moditect/1.0.0.Beta2/moditect-1.0.0.Beta2.pom
Progress (1): 1.4 kB
Progress (1): 4.4 kB
                    
Downloaded from central: https://repo.maven.apache.org/maven2/org/moditect/moditect/1.0.0.Beta2/moditect-1.0.0.Beta2.pom (4.4 kB at 15 kB/s)
Downloading from central: https://repo.maven.apache.org/maven2/com/github/javaparser/javaparser-core/3.5.0/javaparser-core-3.5.0.pom
Progress (1): 1.2 kB
Progress (1): 4.3 kB
Progress (1): 7.6 kB
                    
Downloaded from central: https://repo.maven.apache.org/maven2/com/github/javaparser/javaparser-core/3.5.0/javaparser-core-3.5.0.pom (7.6 kB at 9.3 kB/s)
Downloading from central: https://repo.maven.apache.org/maven2/com/github/javaparser/javaparser-parent/3.5.0/javaparser-parent-3.5.0.pom
Progress (1): 1.2 kB
Progress (1): 3.9 kB
Progress (1): 6.4 kB
Progress (1): 9.7 kB
                    
Downloaded from central: https://repo.maven.apache.org/maven2/com/github/javaparser/javaparser-parent/3.5.0/javaparser-parent-3.5.0.pom (9.7 kB at 43 kB/s)
Downloading from central: https://repo.maven.apache.org/maven2/com/beust/jcommander/1.60/jcommander-1.60.pom
Progress (1): 1.2 kB
                    
Downloaded from central: https://repo.maven.apache.org/maven2/com/beust/jcommander/1.60/jcommander-1.60.pom (1.2 kB at 2.5 kB/s)
Downloading from central: https://repo.maven.apache.org/maven2/org/moditect/moditect/1.0.0.Beta2/moditect-1.0.0.Beta2.jar
Progress (1): 7.7/157 kB
Progress (1): 16/157 kB 
Progress (1): 25/157 kB
Progress (1): 41/157 kB
Progress (1): 57/157 kB
Progress (1): 66/157 kB
Progress (1): 82/157 kB
Progress (1): 98/157 kB
Progress (1): 115/157 kB
Progress (1): 131/157 kB
Progress (1): 147/157 kB
Progress (1): 157 kB    
                    
Downloaded from central: https://repo.maven.apache.org/maven2/org/moditect/moditect/1.0.0.Beta2/moditect-1.0.0.Beta2.jar (157 kB at 123 kB/s)
Downloading from central: https://repo.maven.apache.org/maven2/com/github/javaparser/javaparser-core/3.5.0/javaparser-core-3.5.0.jar
Downloading from central: https://repo.maven.apache.org/maven2/com/beust/jcommander/1.60/jcommander-1.60.jar
Progress (1): 7.7/62 kB
Progress (1): 11/62 kB 
Progress (1): 28/62 kB
Progress (1): 44/62 kB
Progress (2): 44/62 kB | 0/1.1 MB
Progress (2): 44/62 kB | 0/1.1 MB
Progress (2): 44/62 kB | 0/1.1 MB
Progress (2): 44/62 kB | 0/1.1 MB
Progress (2): 61/62 kB | 0/1.1 MB
Progress (2): 62 kB | 0/1.1 MB   
                              
Downloaded from central: https://repo.maven.apache.org/maven2/com/beust/jcommander/1.60/jcommander-1.60.jar (62 kB at 98 kB/s)
Progress (1): 0.1/1.1 MB
Progress (1): 0.1/1.1 MB
Progress (1): 0.1/1.1 MB
Progress (1): 0.1/1.1 MB
Progress (1): 0.1/1.1 MB
Progress (1): 0.1/1.1 MB
Progress (1): 0.1/1.1 MB
Progress (1): 0.2/1.1 MB
Progress (1): 0.2/1.1 MB
Progress (1): 0.2/1.1 MB
Progress (1): 0.2/1.1 MB
Progress (1): 0.2/1.1 MB
Progress (1): 0.2/1.1 MB
Progress (1): 0.3/1.1 MB
Progress (1): 0.3/1.1 MB
Progress (1): 0.3/1.1 MB
Progress (1): 0.3/1.1 MB
Progress (1): 0.3/1.1 MB
Progress (1): 0.3/1.1 MB
Progress (1): 0.4/1.1 MB
Progress (1): 0.4/1.1 MB
Progress (1): 0.4/1.1 MB
Progress (1): 0.4/1.1 MB
Progress (1): 0.4/1.1 MB
Progress (1): 0.4/1.1 MB
Progress (1): 0.5/1.1 MB
Progress (1): 0.5/1.1 MB
Progress (1): 0.5/1.1 MB
Progress (1): 0.5/1.1 MB
Progress (1): 0.5/1.1 MB
Progress (1): 0.5/1.1 MB
Progress (1): 0.6/1.1 MB
Progress (1): 0.6/1.1 MB
Progress (1): 0.6/1.1 MB
Progress (1): 0.6/1.1 MB
Progress (1): 0.6/1.1 MB
Progress (1): 0.6/1.1 MB
Progress (1): 0.7/1.1 MB
Progress (1): 0.7/1.1 MB
Progress (1): 0.7/1.1 MB
Progress (1): 0.7/1.1 MB
Progress (1): 0.7/1.1 MB
Progress (1): 0.7/1.1 MB
Progress (1): 0.8/1.1 MB
Progress (1): 0.8/1.1 MB
Progress (1): 0.8/1.1 MB
Progress (1): 0.8/1.1 MB
Progress (1): 0.8/1.1 MB
Progress (1): 0.8/1.1 MB
Progress (1): 0.9/1.1 MB
Progress (1): 0.9/1.1 MB
Progress (1): 0.9/1.1 MB
Progress (1): 0.9/1.1 MB
Progress (1): 0.9/1.1 MB
Progress (1): 0.9/1.1 MB
Progress (1): 1.0/1.1 MB
Progress (1): 1.0/1.1 MB
Progress (1): 1.0/1.1 MB
Progress (1): 1.0/1.1 MB
Progress (1): 1.0/1.1 MB
Progress (1): 1.0/1.1 MB
Progress (1): 1.0/1.1 MB
Progress (1): 1.1 MB    
                    
Downloaded from central: https://repo.maven.apache.org/maven2/com/github/javaparser/javaparser-core/3.5.0/javaparser-core-3.5.0.jar (1.1 MB at 190 kB/s)
[INFO] ------------------------------------------------------------------------
[INFO] BUILD SUCCESS
[INFO] ------------------------------------------------------------------------
[INFO] Total time:  03:28 min
[INFO] Finished at: 2026-08-30T13:28:48+08:00
[INFO] ------------------------------------------------------------------------
