[INFO] Scanning for projects...
[WARNING] The project org.assertj:assertj-examples-java-8:jar:1.0 uses prerequisites which is only intended for maven-plugin projects but not for non maven-plugin projects. For such purposes you should use the maven-enforcer-plugin. See https://maven.apache.org/enforcer/enforcer-rules/requireMavenVersion.html
[INFO] 
[INFO] ----------------< org.assertj:assertj-examples-java-8 >-----------------
[INFO] Building AssertJ Fluent Assertions examples 1.0
[INFO]   from pom.xml
[INFO] --------------------------------[ jar ]---------------------------------
[INFO] Downloading from central: https://repo.maven.apache.org/maven2/org/assertj/assertj-assertions-generator-maven-plugin/2.1.0/assertj-assertions-generator-maven-plugin-2.1.0.pom
[INFO] Downloaded from central: https://repo.maven.apache.org/maven2/org/assertj/assertj-assertions-generator-maven-plugin/2.1.0/assertj-assertions-generator-maven-plugin-2.1.0.pom (5.4 kB at 5.0 kB/s)
[INFO] Downloading from central: https://repo.maven.apache.org/maven2/org/assertj/assertj-parent-pom/2.1.6/assertj-parent-pom-2.1.6.pom
[INFO] Downloaded from central: https://repo.maven.apache.org/maven2/org/assertj/assertj-parent-pom/2.1.6/assertj-parent-pom-2.1.6.pom (15 kB at 35 kB/s)
[INFO] Downloading from central: https://repo.maven.apache.org/maven2/org/assertj/assertj-assertions-generator-maven-plugin/2.1.0/assertj-assertions-generator-maven-plugin-2.1.0.jar
[INFO] Downloaded from central: https://repo.maven.apache.org/maven2/org/assertj/assertj-assertions-generator-maven-plugin/2.1.0/assertj-assertions-generator-maven-plugin-2.1.0.jar (30 kB at 64 kB/s)
[INFO] Downloading from central: https://repo.maven.apache.org/maven2/com/mycila/maven-license-plugin/maven-license-plugin/1.9.0/maven-license-plugin-1.9.0.pom
[INFO] Downloaded from central: https://repo.maven.apache.org/maven2/com/mycila/maven-license-plugin/maven-license-plugin/1.9.0/maven-license-plugin-1.9.0.pom (11 kB at 13 kB/s)
[INFO] Downloading from central: https://repo.maven.apache.org/maven2/com/mycila/maven-license-plugin/maven-license-plugin/1.9.0/maven-license-plugin-1.9.0.jar
[INFO] Downloaded from central: https://repo.maven.apache.org/maven2/com/mycila/maven-license-plugin/maven-license-plugin/1.9.0/maven-license-plugin-1.9.0.jar (54 kB at 120 kB/s)
[INFO] Downloading from central: https://repo.maven.apache.org/maven2/org/apache/maven/plugins/maven-plugins/19/maven-plugins-19.pom
[INFO] Downloaded from central: https://repo.maven.apache.org/maven2/org/apache/maven/plugins/maven-plugins/19/maven-plugins-19.pom (11 kB at 14 kB/s)
[INFO] Downloading from central: https://repo.maven.apache.org/maven2/org/codehaus/mojo/build-helper-maven-plugin/1.9/build-helper-maven-plugin-1.9.pom
[INFO] Downloaded from central: https://repo.maven.apache.org/maven2/org/codehaus/mojo/build-helper-maven-plugin/1.9/build-helper-maven-plugin-1.9.pom (6.9 kB at 8.8 kB/s)
[INFO] Downloading from central: https://repo.maven.apache.org/maven2/org/codehaus/mojo/mojo-parent/33/mojo-parent-33.pom
[INFO] Downloaded from central: https://repo.maven.apache.org/maven2/org/codehaus/mojo/mojo-parent/33/mojo-parent-33.pom (26 kB at 120 kB/s)
[INFO] Downloading from central: https://repo.maven.apache.org/maven2/org/codehaus/mojo/build-helper-maven-plugin/1.9/build-helper-maven-plugin-1.9.jar
[INFO] Downloaded from central: https://repo.maven.apache.org/maven2/org/codehaus/mojo/build-helper-maven-plugin/1.9/build-helper-maven-plugin-1.9.jar (47 kB at 103 kB/s)
[INFO] Downloading from central: https://repo.maven.apache.org/maven2/org/junit/jupiter/junit-jupiter/5.7.0/junit-jupiter-5.7.0.pom
[INFO] Downloaded from central: https://repo.maven.apache.org/maven2/org/junit/jupiter/junit-jupiter/5.7.0/junit-jupiter-5.7.0.pom (3.2 kB at 15 kB/s)
[INFO] Downloading from central: https://repo.maven.apache.org/maven2/org/junit/jupiter/junit-jupiter-api/5.7.0/junit-jupiter-api-5.7.0.pom
[INFO] Downloaded from central: https://repo.maven.apache.org/maven2/org/junit/jupiter/junit-jupiter-api/5.7.0/junit-jupiter-api-5.7.0.pom (3.2 kB at 4.2 kB/s)
[INFO] Downloading from central: https://repo.maven.apache.org/maven2/org/junit/jupiter/junit-jupiter-params/5.7.0/junit-jupiter-params-5.7.0.pom
[INFO] Downloaded from central: https://repo.maven.apache.org/maven2/org/junit/jupiter/junit-jupiter-params/5.7.0/junit-jupiter-params-5.7.0.pom (3.0 kB at 2.6 kB/s)
[INFO] Downloading from central: https://repo.maven.apache.org/maven2/org/assertj/assertj-parent-pom/2.1.11/assertj-parent-pom-2.1.11.pom
[INFO] Downloaded from central: https://repo.maven.apache.org/maven2/org/assertj/assertj-parent-pom/2.1.11/assertj-parent-pom-2.1.11.pom (16 kB at 76 kB/s)
[INFO] Downloading from central: https://repo.maven.apache.org/maven2/org/assertj/assertj-core/maven-metadata.xml
[INFO] Downloaded from central: https://repo.maven.apache.org/maven2/org/assertj/assertj-core/maven-metadata.xml (2.9 kB at 14 kB/s)
[INFO] Downloading from central: https://repo.maven.apache.org/maven2/org/assertj/assertj-core/3.5.0/assertj-core-3.5.0.pom
[INFO] Downloaded from central: https://repo.maven.apache.org/maven2/org/assertj/assertj-core/3.5.0/assertj-core-3.5.0.pom (9.8 kB at 47 kB/s)
[INFO] Downloading from central: https://repo.maven.apache.org/maven2/org/assertj/assertj-parent-pom/2.1.4/assertj-parent-pom-2.1.4.pom
[INFO] Downloaded from central: https://repo.maven.apache.org/maven2/org/assertj/assertj-parent-pom/2.1.4/assertj-parent-pom-2.1.4.pom (15 kB at 69 kB/s)
[INFO] Downloading from central: https://repo.maven.apache.org/maven2/org/assertj/assertj-core/3.5.1/assertj-core-3.5.1.pom
[INFO] Downloaded from central: https://repo.maven.apache.org/maven2/org/assertj/assertj-core/3.5.1/assertj-core-3.5.1.pom (9.8 kB at 13 kB/s)
[INFO] Downloading from central: https://repo.maven.apache.org/maven2/org/assertj/assertj-core/3.5.2/assertj-core-3.5.2.pom
[INFO] Downloaded from central: https://repo.maven.apache.org/maven2/org/assertj/assertj-core/3.5.2/assertj-core-3.5.2.pom (9.5 kB at 41 kB/s)
[INFO] Downloading from central: https://repo.maven.apache.org/maven2/org/assertj/assertj-core/3.6.0/assertj-core-3.6.0.pom
[INFO] Downloaded from central: https://repo.maven.apache.org/maven2/org/assertj/assertj-core/3.6.0/assertj-core-3.6.0.pom (8.3 kB at 38 kB/s)
[INFO] Downloading from central: https://repo.maven.apache.org/maven2/org/assertj/assertj-core/3.6.1/assertj-core-3.6.1.pom
[INFO] Downloaded from central: https://repo.maven.apache.org/maven2/org/assertj/assertj-core/3.6.1/assertj-core-3.6.1.pom (8.3 kB at 39 kB/s)
[INFO] Downloading from central: https://repo.maven.apache.org/maven2/org/assertj/assertj-core/3.6.2/assertj-core-3.6.2.pom
[INFO] Downloaded from central: https://repo.maven.apache.org/maven2/org/assertj/assertj-core/3.6.2/assertj-core-3.6.2.pom (8.3 kB at 39 kB/s)
[INFO] Downloading from central: https://repo.maven.apache.org/maven2/org/assertj/assertj-core/3.7.0/assertj-core-3.7.0.pom
[INFO] Downloaded from central: https://repo.maven.apache.org/maven2/org/assertj/assertj-core/3.7.0/assertj-core-3.7.0.pom (8.7 kB at 42 kB/s)
[INFO] Downloading from central: https://repo.maven.apache.org/maven2/org/assertj/assertj-core/3.8.0/assertj-core-3.8.0.pom
[INFO] Downloaded from central: https://repo.maven.apache.org/maven2/org/assertj/assertj-core/3.8.0/assertj-core-3.8.0.pom (8.7 kB at 42 kB/s)
[INFO] Downloading from central: https://repo.maven.apache.org/maven2/org/assertj/assertj-core/3.9.0/assertj-core-3.9.0.pom
[INFO] Downloaded from central: https://repo.maven.apache.org/maven2/org/assertj/assertj-core/3.9.0/assertj-core-3.9.0.pom (9.5 kB at 45 kB/s)
[INFO] Downloading from central: https://repo.maven.apache.org/maven2/org/assertj/assertj-core/3.10.0/assertj-core-3.10.0.pom
[INFO] Downloaded from central: https://repo.maven.apache.org/maven2/org/assertj/assertj-core/3.10.0/assertj-core-3.10.0.pom (11 kB at 51 kB/s)
[INFO] Downloading from central: https://repo.maven.apache.org/maven2/org/assertj/assertj-core/3.11.0/assertj-core-3.11.0.pom
[INFO] Downloaded from central: https://repo.maven.apache.org/maven2/org/assertj/assertj-core/3.11.0/assertj-core-3.11.0.pom (14 kB at 31 kB/s)
[INFO] Downloading from central: https://repo.maven.apache.org/maven2/org/assertj/assertj-core/3.12.0/assertj-core-3.12.0.pom
[INFO] Downloaded from central: https://repo.maven.apache.org/maven2/org/assertj/assertj-core/3.12.0/assertj-core-3.12.0.pom (13 kB at 63 kB/s)
[INFO] Downloading from central: https://repo.maven.apache.org/maven2/org/assertj/assertj-parent-pom/2.2.2/assertj-parent-pom-2.2.2.pom
[INFO] Downloaded from central: https://repo.maven.apache.org/maven2/org/assertj/assertj-parent-pom/2.2.2/assertj-parent-pom-2.2.2.pom (16 kB at 76 kB/s)
[INFO] Downloading from central: https://repo.maven.apache.org/maven2/org/junit/junit-bom/5.4.0/junit-bom-5.4.0.pom
[INFO] Downloaded from central: https://repo.maven.apache.org/maven2/org/junit/junit-bom/5.4.0/junit-bom-5.4.0.pom (4.4 kB at 22 kB/s)
[INFO] Downloading from central: https://repo.maven.apache.org/maven2/org/assertj/assertj-core/3.12.1/assertj-core-3.12.1.pom
[INFO] Downloaded from central: https://repo.maven.apache.org/maven2/org/assertj/assertj-core/3.12.1/assertj-core-3.12.1.pom (13 kB at 30 kB/s)
[INFO] Downloading from central: https://repo.maven.apache.org/maven2/org/assertj/assertj-core/3.12.2/assertj-core-3.12.2.pom
[INFO] Downloaded from central: https://repo.maven.apache.org/maven2/org/assertj/assertj-core/3.12.2/assertj-core-3.12.2.pom (13 kB at 57 kB/s)
[INFO] Downloading from central: https://repo.maven.apache.org/maven2/org/assertj/assertj-core/3.13.0/assertj-core-3.13.0.pom
[INFO] Downloaded from central: https://repo.maven.apache.org/maven2/org/assertj/assertj-core/3.13.0/assertj-core-3.13.0.pom (16 kB at 74 kB/s)
[INFO] Downloading from central: https://repo.maven.apache.org/maven2/org/assertj/assertj-parent-pom/2.2.5/assertj-parent-pom-2.2.5.pom
[INFO] Downloaded from central: https://repo.maven.apache.org/maven2/org/assertj/assertj-parent-pom/2.2.5/assertj-parent-pom-2.2.5.pom (19 kB at 25 kB/s)
[INFO] Downloading from central: https://repo.maven.apache.org/maven2/org/assertj/assertj-core/3.13.1/assertj-core-3.13.1.pom
[INFO] Downloaded from central: https://repo.maven.apache.org/maven2/org/assertj/assertj-core/3.13.1/assertj-core-3.13.1.pom (16 kB at 34 kB/s)
[INFO] Downloading from central: https://repo.maven.apache.org/maven2/org/assertj/assertj-core/3.13.2/assertj-core-3.13.2.pom
[INFO] Downloaded from central: https://repo.maven.apache.org/maven2/org/assertj/assertj-core/3.13.2/assertj-core-3.13.2.pom (16 kB at 55 kB/s)
[INFO] Downloading from central: https://repo.maven.apache.org/maven2/org/assertj/assertj-core/3.14.0/assertj-core-3.14.0.pom
[INFO] Downloaded from central: https://repo.maven.apache.org/maven2/org/assertj/assertj-core/3.14.0/assertj-core-3.14.0.pom (19 kB at 71 kB/s)
[INFO] Downloading from central: https://repo.maven.apache.org/maven2/org/assertj/assertj-parent-pom/2.2.6/assertj-parent-pom-2.2.6.pom
[INFO] Downloaded from central: https://repo.maven.apache.org/maven2/org/assertj/assertj-parent-pom/2.2.6/assertj-parent-pom-2.2.6.pom (22 kB at 74 kB/s)
[INFO] Artifact org.junit:junit-bom:pom:5.5.2 is present in the local repository, but cached from a remote repository ID that is unavailable in current build context, verifying that is downloadable from [central (https://repo.maven.apache.org/maven2, default, releases)]
[INFO] Artifact org.junit:junit-bom:pom:5.5.2 is present in the local repository, but cached from a remote repository ID that is unavailable in current build context, verifying that is downloadable from [central (https://repo.maven.apache.org/maven2, default, releases)]
[INFO] Downloading from central: https://repo.maven.apache.org/maven2/org/junit/junit-bom/5.5.2/junit-bom-5.5.2.pom
[INFO] Downloaded from central: https://repo.maven.apache.org/maven2/org/junit/junit-bom/5.5.2/junit-bom-5.5.2.pom (0 B at 0 B/s)
[INFO] Downloading from central: https://repo.maven.apache.org/maven2/org/assertj/assertj-core/3.15.0/assertj-core-3.15.0.pom
[INFO] Downloaded from central: https://repo.maven.apache.org/maven2/org/assertj/assertj-core/3.15.0/assertj-core-3.15.0.pom (20 kB at 46 kB/s)
[INFO] Downloading from central: https://repo.maven.apache.org/maven2/org/junit/junit-bom/5.6.0/junit-bom-5.6.0.pom
[INFO] Downloaded from central: https://repo.maven.apache.org/maven2/org/junit/junit-bom/5.6.0/junit-bom-5.6.0.pom (4.9 kB at 22 kB/s)
[INFO] Downloading from central: https://repo.maven.apache.org/maven2/org/assertj/assertj-core/3.16.0/assertj-core-3.16.0.pom
[INFO] Downloaded from central: https://repo.maven.apache.org/maven2/org/assertj/assertj-core/3.16.0/assertj-core-3.16.0.pom (20 kB at 66 kB/s)
[INFO] Downloading from central: https://repo.maven.apache.org/maven2/org/assertj/assertj-core/3.16.1/assertj-core-3.16.1.pom
[INFO] Downloaded from central: https://repo.maven.apache.org/maven2/org/assertj/assertj-core/3.16.1/assertj-core-3.16.1.pom (20 kB at 74 kB/s)
[INFO] Downloading from central: https://repo.maven.apache.org/maven2/org/assertj/assertj-core/3.17.0/assertj-core-3.17.0.pom
[INFO] Downloaded from central: https://repo.maven.apache.org/maven2/org/assertj/assertj-core/3.17.0/assertj-core-3.17.0.pom (20 kB at 65 kB/s)
[INFO] Downloading from central: https://repo.maven.apache.org/maven2/org/assertj/assertj-core/3.17.2/assertj-core-3.17.2.pom
[INFO] Downloaded from central: https://repo.maven.apache.org/maven2/org/assertj/assertj-core/3.17.2/assertj-core-3.17.2.pom (23 kB at 84 kB/s)
[INFO] Downloading from central: https://repo.maven.apache.org/maven2/org/assertj/assertj-core/3.18.0/assertj-core-3.18.0.pom
[INFO] Downloaded from central: https://repo.maven.apache.org/maven2/org/assertj/assertj-core/3.18.0/assertj-core-3.18.0.pom (24 kB at 54 kB/s)
[INFO] Artifact org.assertj:assertj-parent-pom:pom:2.2.8 is present in the local repository, but cached from a remote repository ID that is unavailable in current build context, verifying that is downloadable from [central (https://repo.maven.apache.org/maven2, default, releases)]
[INFO] Artifact org.assertj:assertj-parent-pom:pom:2.2.8 is present in the local repository, but cached from a remote repository ID that is unavailable in current build context, verifying that is downloadable from [central (https://repo.maven.apache.org/maven2, default, releases)]
[INFO] Downloading from central: https://repo.maven.apache.org/maven2/org/assertj/assertj-parent-pom/2.2.8/assertj-parent-pom-2.2.8.pom
[INFO] Downloaded from central: https://repo.maven.apache.org/maven2/org/assertj/assertj-parent-pom/2.2.8/assertj-parent-pom-2.2.8.pom (0 B at 0 B/s)
[INFO] Artifact org.assertj:assertj-core:pom:3.18.1 is present in the local repository, but cached from a remote repository ID that is unavailable in current build context, verifying that is downloadable from [central (https://repo.maven.apache.org/maven2, default, releases)]
[INFO] Artifact org.assertj:assertj-core:pom:3.18.1 is present in the local repository, but cached from a remote repository ID that is unavailable in current build context, verifying that is downloadable from [central (https://repo.maven.apache.org/maven2, default, releases)]
[INFO] Downloading from central: https://repo.maven.apache.org/maven2/org/assertj/assertj-core/3.18.1/assertj-core-3.18.1.pom
[INFO] Downloaded from central: https://repo.maven.apache.org/maven2/org/assertj/assertj-core/3.18.1/assertj-core-3.18.1.pom (0 B at 0 B/s)
[INFO] Artifact org.junit:junit-bom:pom:5.6.3 is present in the local repository, but cached from a remote repository ID that is unavailable in current build context, verifying that is downloadable from [central (https://repo.maven.apache.org/maven2, default, releases)]
[INFO] Artifact org.junit:junit-bom:pom:5.6.3 is present in the local repository, but cached from a remote repository ID that is unavailable in current build context, verifying that is downloadable from [central (https://repo.maven.apache.org/maven2, default, releases)]
[INFO] Downloading from central: https://repo.maven.apache.org/maven2/org/junit/junit-bom/5.6.3/junit-bom-5.6.3.pom
[INFO] Downloaded from central: https://repo.maven.apache.org/maven2/org/junit/junit-bom/5.6.3/junit-bom-5.6.3.pom (0 B at 0 B/s)
[INFO] Artifact org.assertj:assertj-core:pom:3.19.0 is present in the local repository, but cached from a remote repository ID that is unavailable in current build context, verifying that is downloadable from [central (https://repo.maven.apache.org/maven2, default, releases)]
[INFO] Artifact org.assertj:assertj-core:pom:3.19.0 is present in the local repository, but cached from a remote repository ID that is unavailable in current build context, verifying that is downloadable from [central (https://repo.maven.apache.org/maven2, default, releases)]
[INFO] Downloading from central: https://repo.maven.apache.org/maven2/org/assertj/assertj-core/3.19.0/assertj-core-3.19.0.pom
[INFO] Downloaded from central: https://repo.maven.apache.org/maven2/org/assertj/assertj-core/3.19.0/assertj-core-3.19.0.pom (0 B at 0 B/s)
[INFO] Downloading from central: https://repo.maven.apache.org/maven2/org/assertj/assertj-core/3.20.0/assertj-core-3.20.0.pom
[INFO] Downloaded from central: https://repo.maven.apache.org/maven2/org/assertj/assertj-core/3.20.0/assertj-core-3.20.0.pom (26 kB at 68 kB/s)
[INFO] Downloading from central: https://repo.maven.apache.org/maven2/org/assertj/assertj-core/3.20.1/assertj-core-3.20.1.pom
[INFO] Downloaded from central: https://repo.maven.apache.org/maven2/org/assertj/assertj-core/3.20.1/assertj-core-3.20.1.pom (26 kB at 68 kB/s)
[INFO] Downloading from central: https://repo.maven.apache.org/maven2/org/assertj/assertj-core/3.21.0/assertj-core-3.21.0.pom
[INFO] Downloaded from central: https://repo.maven.apache.org/maven2/org/assertj/assertj-core/3.21.0/assertj-core-3.21.0.pom (29 kB at 77 kB/s)
[INFO] Downloading from central: https://repo.maven.apache.org/maven2/org/assertj/assertj-core/3.24.0/assertj-core-3.24.0.pom
[INFO] Downloaded from central: https://repo.maven.apache.org/maven2/org/assertj/assertj-core/3.24.0/assertj-core-3.24.0.pom (19 kB at 35 kB/s)
[INFO] Downloading from central: https://repo.maven.apache.org/maven2/org/assertj/assertj-parent/3.24.0/assertj-parent-3.24.0.pom
[INFO] Downloaded from central: https://repo.maven.apache.org/maven2/org/assertj/assertj-parent/3.24.0/assertj-parent-3.24.0.pom (13 kB at 16 kB/s)
[INFO] Downloading from central: https://repo.maven.apache.org/maven2/org/assertj/assertj-build/3.24.0/assertj-build-3.24.0.pom
[INFO] Downloaded from central: https://repo.maven.apache.org/maven2/org/assertj/assertj-build/3.24.0/assertj-build-3.24.0.pom (8.8 kB at 19 kB/s)
[INFO] Downloading from central: https://repo.maven.apache.org/maven2/org/mockito/mockito-bom/4.11.0/mockito-bom-4.11.0.pom
[INFO] Downloaded from central: https://repo.maven.apache.org/maven2/org/mockito/mockito-bom/4.11.0/mockito-bom-4.11.0.pom (3.2 kB at 12 kB/s)
[INFO] Downloading from central: https://repo.maven.apache.org/maven2/net/bytebuddy/byte-buddy/1.12.20/byte-buddy-1.12.20.pom
[INFO] Downloaded from central: https://repo.maven.apache.org/maven2/net/bytebuddy/byte-buddy/1.12.20/byte-buddy-1.12.20.pom (16 kB at 41 kB/s)
[INFO] Downloading from central: https://repo.maven.apache.org/maven2/net/bytebuddy/byte-buddy-parent/1.12.20/byte-buddy-parent-1.12.20.pom
[INFO] Downloaded from central: https://repo.maven.apache.org/maven2/net/bytebuddy/byte-buddy-parent/1.12.20/byte-buddy-parent-1.12.20.pom (58 kB at 78 kB/s)
[INFO] Downloading from central: https://repo.maven.apache.org/maven2/org/assertj/assertj-core/3.24.1/assertj-core-3.24.1.pom
[INFO] Downloaded from central: https://repo.maven.apache.org/maven2/org/assertj/assertj-core/3.24.1/assertj-core-3.24.1.pom (19 kB at 35 kB/s)
[INFO] Downloading from central: https://repo.maven.apache.org/maven2/org/assertj/assertj-parent/3.24.1/assertj-parent-3.24.1.pom
[INFO] Downloaded from central: https://repo.maven.apache.org/maven2/org/assertj/assertj-parent/3.24.1/assertj-parent-3.24.1.pom (13 kB at 40 kB/s)
[INFO] Downloading from central: https://repo.maven.apache.org/maven2/org/assertj/assertj-build/3.24.1/assertj-build-3.24.1.pom
[INFO] Downloaded from central: https://repo.maven.apache.org/maven2/org/assertj/assertj-build/3.24.1/assertj-build-3.24.1.pom (8.8 kB at 20 kB/s)
[INFO] Downloading from central: https://repo.maven.apache.org/maven2/net/bytebuddy/byte-buddy/1.12.21/byte-buddy-1.12.21.pom
[INFO] Downloaded from central: https://repo.maven.apache.org/maven2/net/bytebuddy/byte-buddy/1.12.21/byte-buddy-1.12.21.pom (16 kB at 31 kB/s)
[INFO] Downloading from central: https://repo.maven.apache.org/maven2/net/bytebuddy/byte-buddy-parent/1.12.21/byte-buddy-parent-1.12.21.pom
[INFO] Downloaded from central: https://repo.maven.apache.org/maven2/net/bytebuddy/byte-buddy-parent/1.12.21/byte-buddy-parent-1.12.21.pom (58 kB at 94 kB/s)
[INFO] Downloading from central: https://repo.maven.apache.org/maven2/org/assertj/assertj-core/3.24.2/assertj-core-3.24.2.pom
[INFO] Downloaded from central: https://repo.maven.apache.org/maven2/org/assertj/assertj-core/3.24.2/assertj-core-3.24.2.pom (19 kB at 43 kB/s)
[INFO] Downloading from central: https://repo.maven.apache.org/maven2/org/assertj/assertj-parent/3.24.2/assertj-parent-3.24.2.pom
[INFO] Downloaded from central: https://repo.maven.apache.org/maven2/org/assertj/assertj-parent/3.24.2/assertj-parent-3.24.2.pom (13 kB at 38 kB/s)
[INFO] Downloading from central: https://repo.maven.apache.org/maven2/org/assertj/assertj-build/3.24.2/assertj-build-3.24.2.pom
[INFO] Downloaded from central: https://repo.maven.apache.org/maven2/org/assertj/assertj-build/3.24.2/assertj-build-3.24.2.pom (8.8 kB at 25 kB/s)
[INFO] Downloading from central: https://repo.maven.apache.org/maven2/org/assertj/assertj-core/3.25.0/assertj-core-3.25.0.pom
[INFO] Downloaded from central: https://repo.maven.apache.org/maven2/org/assertj/assertj-core/3.25.0/assertj-core-3.25.0.pom (3.8 kB at 15 kB/s)
[INFO] Downloading from central: https://repo.maven.apache.org/maven2/net/bytebuddy/byte-buddy/1.14.11/byte-buddy-1.14.11.pom
[INFO] Downloaded from central: https://repo.maven.apache.org/maven2/net/bytebuddy/byte-buddy/1.14.11/byte-buddy-1.14.11.pom (16 kB at 19 kB/s)
[INFO] Downloading from central: https://repo.maven.apache.org/maven2/net/bytebuddy/byte-buddy-parent/1.14.11/byte-buddy-parent-1.14.11.pom
[INFO] Downloaded from central: https://repo.maven.apache.org/maven2/net/bytebuddy/byte-buddy-parent/1.14.11/byte-buddy-parent-1.14.11.pom (62 kB at 109 kB/s)
[INFO] Downloading from central: https://repo.maven.apache.org/maven2/org/assertj/assertj-core/3.25.1/assertj-core-3.25.1.pom
[INFO] Downloaded from central: https://repo.maven.apache.org/maven2/org/assertj/assertj-core/3.25.1/assertj-core-3.25.1.pom (3.8 kB at 3.1 kB/s)
[INFO] Downloading from central: https://repo.maven.apache.org/maven2/org/assertj/assertj-core/3.26.0/assertj-core-3.26.0.pom
[INFO] Downloaded from central: https://repo.maven.apache.org/maven2/org/assertj/assertj-core/3.26.0/assertj-core-3.26.0.pom (3.8 kB at 8.7 kB/s)
[INFO] Downloading from central: https://repo.maven.apache.org/maven2/net/bytebuddy/byte-buddy/1.14.16/byte-buddy-1.14.16.pom
[INFO] Downloaded from central: https://repo.maven.apache.org/maven2/net/bytebuddy/byte-buddy/1.14.16/byte-buddy-1.14.16.pom (16 kB at 48 kB/s)
[INFO] Downloading from central: https://repo.maven.apache.org/maven2/net/bytebuddy/byte-buddy-parent/1.14.16/byte-buddy-parent-1.14.16.pom
[INFO] Downloaded from central: https://repo.maven.apache.org/maven2/net/bytebuddy/byte-buddy-parent/1.14.16/byte-buddy-parent-1.14.16.pom (62 kB at 113 kB/s)
[INFO] Downloading from central: https://repo.maven.apache.org/maven2/org/assertj/assertj-core/3.26.3/assertj-core-3.26.3.pom
[INFO] Downloaded from central: https://repo.maven.apache.org/maven2/org/assertj/assertj-core/3.26.3/assertj-core-3.26.3.pom (3.8 kB at 16 kB/s)
[INFO] Downloading from central: https://repo.maven.apache.org/maven2/net/bytebuddy/byte-buddy/1.14.18/byte-buddy-1.14.18.pom
[INFO] Downloaded from central: https://repo.maven.apache.org/maven2/net/bytebuddy/byte-buddy/1.14.18/byte-buddy-1.14.18.pom (16 kB at 43 kB/s)
[INFO] Downloading from central: https://repo.maven.apache.org/maven2/net/bytebuddy/byte-buddy-parent/1.14.18/byte-buddy-parent-1.14.18.pom
[INFO] Downloaded from central: https://repo.maven.apache.org/maven2/net/bytebuddy/byte-buddy-parent/1.14.18/byte-buddy-parent-1.14.18.pom (62 kB at 108 kB/s)
[INFO] Downloading from central: https://repo.maven.apache.org/maven2/org/assertj/assertj-core/3.27.0/assertj-core-3.27.0.pom
[INFO] Downloaded from central: https://repo.maven.apache.org/maven2/org/assertj/assertj-core/3.27.0/assertj-core-3.27.0.pom (3.8 kB at 13 kB/s)
[INFO] Downloading from central: https://repo.maven.apache.org/maven2/net/bytebuddy/byte-buddy/1.15.11/byte-buddy-1.15.11.pom
[INFO] Downloaded from central: https://repo.maven.apache.org/maven2/net/bytebuddy/byte-buddy/1.15.11/byte-buddy-1.15.11.pom (17 kB at 51 kB/s)
[INFO] Downloading from central: https://repo.maven.apache.org/maven2/net/bytebuddy/byte-buddy-parent/1.15.11/byte-buddy-parent-1.15.11.pom
[INFO] Downloaded from central: https://repo.maven.apache.org/maven2/net/bytebuddy/byte-buddy-parent/1.15.11/byte-buddy-parent-1.15.11.pom (63 kB at 105 kB/s)
[INFO] Downloading from central: https://repo.maven.apache.org/maven2/org/assertj/assertj-core/3.27.1/assertj-core-3.27.1.pom
[INFO] Downloaded from central: https://repo.maven.apache.org/maven2/org/assertj/assertj-core/3.27.1/assertj-core-3.27.1.pom (3.8 kB at 7.5 kB/s)
[INFO] Downloading from central: https://repo.maven.apache.org/maven2/org/assertj/assertj-core/3.27.2/assertj-core-3.27.2.pom
[INFO] Downloaded from central: https://repo.maven.apache.org/maven2/org/assertj/assertj-core/3.27.2/assertj-core-3.27.2.pom (3.8 kB at 16 kB/s)
[INFO] Downloading from central: https://repo.maven.apache.org/maven2/org/assertj/assertj-core/3.27.3/assertj-core-3.27.3.pom
[INFO] Downloaded from central: https://repo.maven.apache.org/maven2/org/assertj/assertj-core/3.27.3/assertj-core-3.27.3.pom (3.8 kB at 9.0 kB/s)
[INFO] Downloading from central: https://repo.maven.apache.org/maven2/org/assertj/assertj-core/3.27.4/assertj-core-3.27.4.pom
[INFO] Downloaded from central: https://repo.maven.apache.org/maven2/org/assertj/assertj-core/3.27.4/assertj-core-3.27.4.pom (3.8 kB at 9.1 kB/s)
[INFO] Downloading from central: https://repo.maven.apache.org/maven2/org/assertj/assertj-core/3.27.5/assertj-core-3.27.5.pom
[INFO] Downloaded from central: https://repo.maven.apache.org/maven2/org/assertj/assertj-core/3.27.5/assertj-core-3.27.5.pom (3.8 kB at 16 kB/s)
[INFO] Downloading from central: https://repo.maven.apache.org/maven2/net/bytebuddy/byte-buddy/1.17.7/byte-buddy-1.17.7.pom
[INFO] Downloaded from central: https://repo.maven.apache.org/maven2/net/bytebuddy/byte-buddy/1.17.7/byte-buddy-1.17.7.pom (19 kB at 65 kB/s)
[INFO] Downloading from central: https://repo.maven.apache.org/maven2/net/bytebuddy/byte-buddy-parent/1.17.7/byte-buddy-parent-1.17.7.pom
[INFO] Downloaded from central: https://repo.maven.apache.org/maven2/net/bytebuddy/byte-buddy-parent/1.17.7/byte-buddy-parent-1.17.7.pom (65 kB at 129 kB/s)
[INFO] Downloading from central: https://repo.maven.apache.org/maven2/org/assertj/assertj-core/3.27.6/assertj-core-3.27.6.pom
[INFO] Downloaded from central: https://repo.maven.apache.org/maven2/org/assertj/assertj-core/3.27.6/assertj-core-3.27.6.pom (3.8 kB at 17 kB/s)
[INFO] Downloading from central: https://repo.maven.apache.org/maven2/org/assertj/assertj-core/3.27.7/assertj-core-3.27.7.pom
[INFO] Downloaded from central: https://repo.maven.apache.org/maven2/org/assertj/assertj-core/3.27.7/assertj-core-3.27.7.pom (3.8 kB at 16 kB/s)
[INFO] Downloading from central: https://repo.maven.apache.org/maven2/net/bytebuddy/byte-buddy/1.18.3/byte-buddy-1.18.3.pom
[INFO] Downloaded from central: https://repo.maven.apache.org/maven2/net/bytebuddy/byte-buddy/1.18.3/byte-buddy-1.18.3.pom (19 kB at 24 kB/s)
[INFO] Downloading from central: https://repo.maven.apache.org/maven2/net/bytebuddy/byte-buddy-parent/1.18.3/byte-buddy-parent-1.18.3.pom
[INFO] Downloaded from central: https://repo.maven.apache.org/maven2/net/bytebuddy/byte-buddy-parent/1.18.3/byte-buddy-parent-1.18.3.pom (66 kB at 66 kB/s)
[INFO] Downloading from central: https://repo.maven.apache.org/maven2/org/assertj/assertj-guava/3.3.0/assertj-guava-3.3.0.pom
[INFO] Downloaded from central: https://repo.maven.apache.org/maven2/org/assertj/assertj-guava/3.3.0/assertj-guava-3.3.0.pom (6.4 kB at 18 kB/s)
[INFO] Downloading from central: https://repo.maven.apache.org/maven2/org/assertj/assertj-neo4j/2.0.1/assertj-neo4j-2.0.1.pom
[INFO] Downloaded from central: https://repo.maven.apache.org/maven2/org/assertj/assertj-neo4j/2.0.1/assertj-neo4j-2.0.1.pom (4.0 kB at 15 kB/s)
[INFO] Downloading from central: https://repo.maven.apache.org/maven2/org/neo4j/neo4j/3.0.0/neo4j-3.0.0.pom
[INFO] Downloaded from central: https://repo.maven.apache.org/maven2/org/neo4j/neo4j/3.0.0/neo4j-3.0.0.pom (10 kB at 11 kB/s)
[INFO] Downloading from central: https://repo.maven.apache.org/maven2/org/neo4j/parent/3.0.0/parent-3.0.0.pom
[INFO] Downloaded from central: https://repo.maven.apache.org/maven2/org/neo4j/parent/3.0.0/parent-3.0.0.pom (27 kB at 59 kB/s)
[INFO] Downloading from central: https://repo.maven.apache.org/maven2/org/neo4j/build/parent-central/42/parent-central-42.pom
[INFO] Downloaded from central: https://repo.maven.apache.org/maven2/org/neo4j/build/parent-central/42/parent-central-42.pom (14 kB at 41 kB/s)
[INFO] Downloading from central: https://repo.maven.apache.org/maven2/org/neo4j/build/grandparent/42/grandparent-42.pom
[INFO] Downloaded from central: https://repo.maven.apache.org/maven2/org/neo4j/build/grandparent/42/grandparent-42.pom (25 kB at 44 kB/s)
[INFO] Downloading from central: https://repo.maven.apache.org/maven2/org/neo4j/neo4j-kernel/3.0.0/neo4j-kernel-3.0.0.pom
[INFO] Downloaded from central: https://repo.maven.apache.org/maven2/org/neo4j/neo4j-kernel/3.0.0/neo4j-kernel-3.0.0.pom (10 kB at 22 kB/s)
[INFO] Downloading from central: https://repo.maven.apache.org/maven2/org/neo4j/neo4j-graphdb-api/3.0.0/neo4j-graphdb-api-3.0.0.pom
[INFO] Downloaded from central: https://repo.maven.apache.org/maven2/org/neo4j/neo4j-graphdb-api/3.0.0/neo4j-graphdb-api-3.0.0.pom (3.2 kB at 3.4 kB/s)
[INFO] Downloading from central: https://repo.maven.apache.org/maven2/org/neo4j/neo4j-common/3.0.0/neo4j-common-3.0.0.pom
[INFO] Downloaded from central: https://repo.maven.apache.org/maven2/org/neo4j/neo4j-common/3.0.0/neo4j-common-3.0.0.pom (2.9 kB at 11 kB/s)
[INFO] Downloading from central: https://repo.maven.apache.org/maven2/org/neo4j/neo4j-resource/3.0.0/neo4j-resource-3.0.0.pom
[INFO] Downloaded from central: https://repo.maven.apache.org/maven2/org/neo4j/neo4j-resource/3.0.0/neo4j-resource-3.0.0.pom (2.4 kB at 6.4 kB/s)
[INFO] Downloading from central: https://repo.maven.apache.org/maven2/org/neo4j/neo4j-collections/3.0.0/neo4j-collections-3.0.0.pom
[INFO] Downloaded from central: https://repo.maven.apache.org/maven2/org/neo4j/neo4j-collections/3.0.0/neo4j-collections-3.0.0.pom (3.0 kB at 5.1 kB/s)
[INFO] Downloading from central: https://repo.maven.apache.org/maven2/org/neo4j/neo4j-primitive-collections/3.0.0/neo4j-primitive-collections-3.0.0.pom
[INFO] Downloaded from central: https://repo.maven.apache.org/maven2/org/neo4j/neo4j-primitive-collections/3.0.0/neo4j-primitive-collections-3.0.0.pom (3.3 kB at 8.2 kB/s)
[INFO] Downloading from central: https://repo.maven.apache.org/maven2/org/neo4j/neo4j-unsafe/3.0.0/neo4j-unsafe-3.0.0.pom
[INFO] Downloaded from central: https://repo.maven.apache.org/maven2/org/neo4j/neo4j-unsafe/3.0.0/neo4j-unsafe-3.0.0.pom (2.7 kB at 5.2 kB/s)
[INFO] Downloading from central: https://repo.maven.apache.org/maven2/org/neo4j/neo4j-io/3.0.0/neo4j-io-3.0.0.pom
[INFO] Downloaded from central: https://repo.maven.apache.org/maven2/org/neo4j/neo4j-io/3.0.0/neo4j-io-3.0.0.pom (4.2 kB at 11 kB/s)
[INFO] Downloading from central: https://repo.maven.apache.org/maven2/org/apache/commons/commons-lang3/3.3.2/commons-lang3-3.3.2.pom
[INFO] Downloaded from central: https://repo.maven.apache.org/maven2/org/apache/commons/commons-lang3/3.3.2/commons-lang3-3.3.2.pom (20 kB at 40 kB/s)
[INFO] Downloading from central: https://repo.maven.apache.org/maven2/org/neo4j/neo4j-csv/3.0.0/neo4j-csv-3.0.0.pom
[INFO] Downloaded from central: https://repo.maven.apache.org/maven2/org/neo4j/neo4j-csv/3.0.0/neo4j-csv-3.0.0.pom (2.9 kB at 2.9 kB/s)
[INFO] Downloading from central: https://repo.maven.apache.org/maven2/org/neo4j/neo4j-security/3.0.0/neo4j-security-3.0.0.pom
[INFO] Downloaded from central: https://repo.maven.apache.org/maven2/org/neo4j/neo4j-security/3.0.0/neo4j-security-3.0.0.pom (3.7 kB at 7.3 kB/s)
[INFO] Downloading from central: https://repo.maven.apache.org/maven2/org/neo4j/neo4j-lucene-upgrade/3.0.0/neo4j-lucene-upgrade-3.0.0.pom
[INFO] Downloaded from central: https://repo.maven.apache.org/maven2/org/neo4j/neo4j-lucene-upgrade/3.0.0/neo4j-lucene-upgrade-3.0.0.pom (4.8 kB at 4.9 kB/s)
[INFO] Downloading from central: https://repo.maven.apache.org/maven2/org/apache/lucene/lucene-parent/5.5.0/lucene-parent-5.5.0.pom
[INFO] Downloaded from central: https://repo.maven.apache.org/maven2/org/apache/lucene/lucene-parent/5.5.0/lucene-parent-5.5.0.pom (4.8 kB at 18 kB/s)
[INFO] Downloading from central: https://repo.maven.apache.org/maven2/org/apache/lucene/lucene-solr-grandparent/5.5.0/lucene-solr-grandparent-5.5.0.pom
[INFO] Downloaded from central: https://repo.maven.apache.org/maven2/org/apache/lucene/lucene-solr-grandparent/5.5.0/lucene-solr-grandparent-5.5.0.pom (396 kB at 325 kB/s)
[INFO] Downloading from central: https://repo.maven.apache.org/maven2/org/apache/lucene/lucene-backward-codecs/5.5.0/lucene-backward-codecs-5.5.0.pom
[INFO] Downloaded from central: https://repo.maven.apache.org/maven2/org/apache/lucene/lucene-backward-codecs/5.5.0/lucene-backward-codecs-5.5.0.pom (3.0 kB at 11 kB/s)
[INFO] Downloading from central: https://repo.maven.apache.org/maven2/org/neo4j/neo4j-lucene-index/3.0.0/neo4j-lucene-index-3.0.0.pom
[INFO] Downloaded from central: https://repo.maven.apache.org/maven2/org/neo4j/neo4j-lucene-index/3.0.0/neo4j-lucene-index-3.0.0.pom (6.6 kB at 17 kB/s)
[INFO] Downloading from central: https://repo.maven.apache.org/maven2/org/apache/lucene/lucene-analyzers-common/5.5.0/lucene-analyzers-common-5.5.0.pom
[INFO] Downloaded from central: https://repo.maven.apache.org/maven2/org/apache/lucene/lucene-analyzers-common/5.5.0/lucene-analyzers-common-5.5.0.pom (3.0 kB at 11 kB/s)
[INFO] Downloading from central: https://repo.maven.apache.org/maven2/org/apache/lucene/lucene-queryparser/5.5.0/lucene-queryparser-5.5.0.pom
[INFO] Downloaded from central: https://repo.maven.apache.org/maven2/org/apache/lucene/lucene-queryparser/5.5.0/lucene-queryparser-5.5.0.pom (3.5 kB at 14 kB/s)
[INFO] Downloading from central: https://repo.maven.apache.org/maven2/org/apache/lucene/lucene-codecs/5.5.0/lucene-codecs-5.5.0.pom
[INFO] Downloaded from central: https://repo.maven.apache.org/maven2/org/apache/lucene/lucene-codecs/5.5.0/lucene-codecs-5.5.0.pom (3.3 kB at 13 kB/s)
[INFO] Downloading from central: https://repo.maven.apache.org/maven2/org/neo4j/neo4j-graph-algo/3.0.0/neo4j-graph-algo-3.0.0.pom
[INFO] Downloaded from central: https://repo.maven.apache.org/maven2/org/neo4j/neo4j-graph-algo/3.0.0/neo4j-graph-algo-3.0.0.pom (3.1 kB at 7.8 kB/s)
[INFO] Downloading from central: https://repo.maven.apache.org/maven2/org/neo4j/neo4j-udc/3.0.0/neo4j-udc-3.0.0.pom
[INFO] Downloaded from central: https://repo.maven.apache.org/maven2/org/neo4j/neo4j-udc/3.0.0/neo4j-udc-3.0.0.pom (7.9 kB at 18 kB/s)
[INFO] Downloading from central: https://repo.maven.apache.org/maven2/org/neo4j/neo4j-graph-matching/3.0.0/neo4j-graph-matching-3.0.0.pom
[INFO] Downloaded from central: https://repo.maven.apache.org/maven2/org/neo4j/neo4j-graph-matching/3.0.0/neo4j-graph-matching-3.0.0.pom (3.1 kB at 8.1 kB/s)
[INFO] Downloading from central: https://repo.maven.apache.org/maven2/org/neo4j/neo4j-cypher/3.0.0/neo4j-cypher-3.0.0.pom
[INFO] Downloaded from central: https://repo.maven.apache.org/maven2/org/neo4j/neo4j-cypher/3.0.0/neo4j-cypher-3.0.0.pom (10 kB at 27 kB/s)
[INFO] Downloading from central: https://repo.maven.apache.org/maven2/org/neo4j/cypher-parent/3.0.0/cypher-parent-3.0.0.pom
[INFO] Downloaded from central: https://repo.maven.apache.org/maven2/org/neo4j/cypher-parent/3.0.0/cypher-parent-3.0.0.pom (10 kB at 16 kB/s)
[INFO] Downloading from central: https://repo.maven.apache.org/maven2/org/scala-lang/scala-library/2.11.8/scala-library-2.11.8.pom
[INFO] Downloaded from central: https://repo.maven.apache.org/maven2/org/scala-lang/scala-library/2.11.8/scala-library-2.11.8.pom (1.4 kB at 6.0 kB/s)
[INFO] Downloading from central: https://repo.maven.apache.org/maven2/org/scala-lang/scala-reflect/2.11.8/scala-reflect-2.11.8.pom
[INFO] Downloaded from central: https://repo.maven.apache.org/maven2/org/scala-lang/scala-reflect/2.11.8/scala-reflect-2.11.8.pom (1.6 kB at 6.9 kB/s)
[INFO] Downloading from central: https://repo.maven.apache.org/maven2/org/neo4j/neo4j-codegen/3.0.0/neo4j-codegen-3.0.0.pom
[INFO] Downloaded from central: https://repo.maven.apache.org/maven2/org/neo4j/neo4j-codegen/3.0.0/neo4j-codegen-3.0.0.pom (2.9 kB at 4.9 kB/s)
[INFO] Downloading from central: https://repo.maven.apache.org/maven2/org/ow2/asm/asm/5.0.2/asm-5.0.2.pom
[INFO] Downloaded from central: https://repo.maven.apache.org/maven2/org/ow2/asm/asm/5.0.2/asm-5.0.2.pom (1.9 kB at 7.4 kB/s)
[INFO] Downloading from central: https://repo.maven.apache.org/maven2/org/ow2/asm/asm-parent/5.0.2/asm-parent-5.0.2.pom
[INFO] Downloaded from central: https://repo.maven.apache.org/maven2/org/ow2/asm/asm-parent/5.0.2/asm-parent-5.0.2.pom (5.5 kB at 20 kB/s)
[INFO] Downloading from central: https://repo.maven.apache.org/maven2/org/neo4j/neo4j-cypher-compiler-2.3/2.3.3/neo4j-cypher-compiler-2.3-2.3.3.pom
[INFO] Downloaded from central: https://repo.maven.apache.org/maven2/org/neo4j/neo4j-cypher-compiler-2.3/2.3.3/neo4j-cypher-compiler-2.3-2.3.3.pom (5.3 kB at 14 kB/s)
[INFO] Downloading from central: https://repo.maven.apache.org/maven2/org/neo4j/cypher-parent/2.3.3/cypher-parent-2.3.3.pom
[INFO] Downloaded from central: https://repo.maven.apache.org/maven2/org/neo4j/cypher-parent/2.3.3/cypher-parent-2.3.3.pom (10 kB at 19 kB/s)
[INFO] Downloading from central: https://repo.maven.apache.org/maven2/org/neo4j/parent/2.3.3/parent-2.3.3.pom
[INFO] Downloaded from central: https://repo.maven.apache.org/maven2/org/neo4j/parent/2.3.3/parent-2.3.3.pom (26 kB at 56 kB/s)
[INFO] Downloading from central: https://repo.maven.apache.org/maven2/org/scala-lang/scala-reflect/2.11.7/scala-reflect-2.11.7.pom
[INFO] Downloaded from central: https://repo.maven.apache.org/maven2/org/scala-lang/scala-reflect/2.11.7/scala-reflect-2.11.7.pom (1.6 kB at 6.7 kB/s)
[INFO] Downloading from central: https://repo.maven.apache.org/maven2/org/neo4j/neo4j-cypher-frontend-2.3/2.3.3/neo4j-cypher-frontend-2.3-2.3.3.pom
[INFO] Downloaded from central: https://repo.maven.apache.org/maven2/org/neo4j/neo4j-cypher-frontend-2.3/2.3.3/neo4j-cypher-frontend-2.3-2.3.3.pom (4.9 kB at 13 kB/s)
[INFO] Downloading from central: https://repo.maven.apache.org/maven2/org/parboiled/parboiled-scala_2.11/1.1.7/parboiled-scala_2.11-1.1.7.pom
[INFO] Downloaded from central: https://repo.maven.apache.org/maven2/org/parboiled/parboiled-scala_2.11/1.1.7/parboiled-scala_2.11-1.1.7.pom (2.1 kB at 8.2 kB/s)
[INFO] Downloading from central: https://repo.maven.apache.org/maven2/org/parboiled/parboiled-core/1.1.7/parboiled-core-1.1.7.pom
[INFO] Downloaded from central: https://repo.maven.apache.org/maven2/org/parboiled/parboiled-core/1.1.7/parboiled-core-1.1.7.pom (1.7 kB at 7.5 kB/s)
[INFO] Downloading from central: https://repo.maven.apache.org/maven2/com/googlecode/concurrentlinkedhashmap/concurrentlinkedhashmap-lru/1.4.2/concurrentlinkedhashmap-lru-1.4.2.pom
[INFO] Downloaded from central: https://repo.maven.apache.org/maven2/com/googlecode/concurrentlinkedhashmap/concurrentlinkedhashmap-lru/1.4.2/concurrentlinkedhashmap-lru-1.4.2.pom (15 kB at 41 kB/s)
[INFO] Downloading from central: https://repo.maven.apache.org/maven2/org/neo4j/neo4j-cypher-compiler-3.0/3.0.0/neo4j-cypher-compiler-3.0-3.0.0.pom
[INFO] Downloaded from central: https://repo.maven.apache.org/maven2/org/neo4j/neo4j-cypher-compiler-3.0/3.0.0/neo4j-cypher-compiler-3.0-3.0.0.pom (5.4 kB at 6.8 kB/s)
[INFO] Downloading from central: https://repo.maven.apache.org/maven2/org/neo4j/neo4j-cypher-frontend-3.0/3.0.0/neo4j-cypher-frontend-3.0-3.0.0.pom
[INFO] Downloaded from central: https://repo.maven.apache.org/maven2/org/neo4j/neo4j-cypher-frontend-3.0/3.0.0/neo4j-cypher-frontend-3.0-3.0.0.pom (5.0 kB at 17 kB/s)
[INFO] Downloading from central: https://repo.maven.apache.org/maven2/net/sf/opencsv/opencsv/2.3/opencsv-2.3.pom
[INFO] Downloaded from central: https://repo.maven.apache.org/maven2/net/sf/opencsv/opencsv/2.3/opencsv-2.3.pom (5.4 kB at 20 kB/s)
[INFO] Downloading from central: https://repo.maven.apache.org/maven2/org/neo4j/neo4j-jmx/3.0.0/neo4j-jmx-3.0.0.pom
[INFO] Downloaded from central: https://repo.maven.apache.org/maven2/org/neo4j/neo4j-jmx/3.0.0/neo4j-jmx-3.0.0.pom (3.0 kB at 9.6 kB/s)
[INFO] Downloading from central: https://repo.maven.apache.org/maven2/org/neo4j/neo4j-consistency-check/3.0.0/neo4j-consistency-check-3.0.0.pom
[INFO] Downloaded from central: https://repo.maven.apache.org/maven2/org/neo4j/neo4j-consistency-check/3.0.0/neo4j-consistency-check-3.0.0.pom (4.1 kB at 7.0 kB/s)
[INFO] Downloading from central: https://repo.maven.apache.org/maven2/com/google/truth/truth/1.1/truth-1.1.pom
[INFO] Downloaded from central: https://repo.maven.apache.org/maven2/com/google/truth/truth/1.1/truth-1.1.pom (6.4 kB at 13 kB/s)
[INFO] Downloading from central: https://repo.maven.apache.org/maven2/com/google/truth/truth-parent/1.1/truth-parent-1.1.pom
[INFO] Downloaded from central: https://repo.maven.apache.org/maven2/com/google/truth/truth-parent/1.1/truth-parent-1.1.pom (17 kB at 41 kB/s)
[INFO] Artifact com.google.guava:guava-parent:pom:30.0-android is present in the local repository, but cached from a remote repository ID that is unavailable in current build context, verifying that is downloadable from [central (https://repo.maven.apache.org/maven2, default, releases), sonatype-nexus-snapshots (https://oss.sonatype.org/content/repositories/snapshots, default, snapshots)]
[INFO] Artifact com.google.guava:guava-parent:pom:30.0-android is present in the local repository, but cached from a remote repository ID that is unavailable in current build context, verifying that is downloadable from [central (https://repo.maven.apache.org/maven2, default, releases), sonatype-nexus-snapshots (https://oss.sonatype.org/content/repositories/snapshots, default, snapshots)]
[INFO] Downloading from central: https://repo.maven.apache.org/maven2/com/google/guava/guava-parent/30.0-android/guava-parent-30.0-android.pom
[INFO] Downloaded from central: https://repo.maven.apache.org/maven2/com/google/guava/guava-parent/30.0-android/guava-parent-30.0-android.pom (0 B at 0 B/s)
[INFO] Downloading from central: https://repo.maven.apache.org/maven2/org/checkerframework/checker-qual/3.7.0/checker-qual-3.7.0.pom
[INFO] Downloaded from central: https://repo.maven.apache.org/maven2/org/checkerframework/checker-qual/3.7.0/checker-qual-3.7.0.pom (2.2 kB at 9.3 kB/s)
[INFO] Downloading from central: https://repo.maven.apache.org/maven2/com/google/auto/value/auto-value-annotations/1.7.4/auto-value-annotations-1.7.4.pom
[INFO] Downloaded from central: https://repo.maven.apache.org/maven2/com/google/auto/value/auto-value-annotations/1.7.4/auto-value-annotations-1.7.4.pom (2.7 kB at 11 kB/s)
[INFO] Downloading from central: https://repo.maven.apache.org/maven2/com/google/auto/value/auto-value-parent/1.7.4/auto-value-parent-1.7.4.pom
[INFO] Downloaded from central: https://repo.maven.apache.org/maven2/com/google/auto/value/auto-value-parent/1.7.4/auto-value-parent-1.7.4.pom (6.1 kB at 23 kB/s)
[INFO] Artifact com.google.errorprone:error_prone_annotations:pom:2.4.0 is present in the local repository, but cached from a remote repository ID that is unavailable in current build context, verifying that is downloadable from [central (https://repo.maven.apache.org/maven2, default, releases), sonatype-nexus-snapshots (https://oss.sonatype.org/content/repositories/snapshots, default, snapshots)]
[INFO] Artifact com.google.errorprone:error_prone_annotations:pom:2.4.0 is present in the local repository, but cached from a remote repository ID that is unavailable in current build context, verifying that is downloadable from [central (https://repo.maven.apache.org/maven2, default, releases), sonatype-nexus-snapshots (https://oss.sonatype.org/content/repositories/snapshots, default, snapshots)]
[INFO] Downloading from central: https://repo.maven.apache.org/maven2/com/google/errorprone/error_prone_annotations/2.4.0/error_prone_annotations-2.4.0.pom
[INFO] Downloaded from central: https://repo.maven.apache.org/maven2/com/google/errorprone/error_prone_annotations/2.4.0/error_prone_annotations-2.4.0.pom (0 B at 0 B/s)
[INFO] Artifact com.google.errorprone:error_prone_parent:pom:2.4.0 is present in the local repository, but cached from a remote repository ID that is unavailable in current build context, verifying that is downloadable from [central (https://repo.maven.apache.org/maven2, default, releases), sonatype-nexus-snapshots (https://oss.sonatype.org/content/repositories/snapshots, default, snapshots)]
[INFO] Artifact com.google.errorprone:error_prone_parent:pom:2.4.0 is present in the local repository, but cached from a remote repository ID that is unavailable in current build context, verifying that is downloadable from [central (https://repo.maven.apache.org/maven2, default, releases), sonatype-nexus-snapshots (https://oss.sonatype.org/content/repositories/snapshots, default, snapshots)]
[INFO] Downloading from central: https://repo.maven.apache.org/maven2/com/google/errorprone/error_prone_parent/2.4.0/error_prone_parent-2.4.0.pom
[INFO] Downloaded from central: https://repo.maven.apache.org/maven2/com/google/errorprone/error_prone_parent/2.4.0/error_prone_parent-2.4.0.pom (0 B at 0 B/s)
[INFO] Downloading from central: https://repo.maven.apache.org/maven2/org/ow2/asm/asm/9.0/asm-9.0.pom
[INFO] Downloaded from central: https://repo.maven.apache.org/maven2/org/ow2/asm/asm/9.0/asm-9.0.pom (2.7 kB at 11 kB/s)
[INFO] Downloading from central: https://repo.maven.apache.org/maven2/org/assertj/assertj-db/1.1.1/assertj-db-1.1.1.pom
[INFO] Downloaded from central: https://repo.maven.apache.org/maven2/org/assertj/assertj-db/1.1.1/assertj-db-1.1.1.pom (7.0 kB at 27 kB/s)
[INFO] Downloading from central: https://repo.maven.apache.org/maven2/org/assertj/assertj-parent-pom/1.3.9/assertj-parent-pom-1.3.9.pom
[INFO] Downloaded from central: https://repo.maven.apache.org/maven2/org/assertj/assertj-parent-pom/1.3.9/assertj-parent-pom-1.3.9.pom (15 kB at 48 kB/s)
[INFO] Downloading from central: https://repo.maven.apache.org/maven2/org/assertj/assertj-core/2.1.0/assertj-core-2.1.0.pom
[INFO] Downloaded from central: https://repo.maven.apache.org/maven2/org/assertj/assertj-core/2.1.0/assertj-core-2.1.0.pom (6.0 kB at 7.4 kB/s)
[INFO] Downloading from central: https://repo.maven.apache.org/maven2/org/assertj/assertj-parent-pom/1.3.6/assertj-parent-pom-1.3.6.pom
[INFO] Downloaded from central: https://repo.maven.apache.org/maven2/org/assertj/assertj-parent-pom/1.3.6/assertj-parent-pom-1.3.6.pom (15 kB at 45 kB/s)
[INFO] Artifact com.google.guava:guava:pom:29.0-jre is present in the local repository, but cached from a remote repository ID that is unavailable in current build context, verifying that is downloadable from [central (https://repo.maven.apache.org/maven2, default, releases)]
[INFO] Artifact com.google.guava:guava:pom:29.0-jre is present in the local repository, but cached from a remote repository ID that is unavailable in current build context, verifying that is downloadable from [central (https://repo.maven.apache.org/maven2, default, releases)]
[INFO] Downloading from central: https://repo.maven.apache.org/maven2/com/google/guava/guava/29.0-jre/guava-29.0-jre.pom
[INFO] Downloaded from central: https://repo.maven.apache.org/maven2/com/google/guava/guava/29.0-jre/guava-29.0-jre.pom (0 B at 0 B/s)
[INFO] Artifact com.google.guava:guava-parent:pom:29.0-jre is present in the local repository, but cached from a remote repository ID that is unavailable in current build context, verifying that is downloadable from [central (https://repo.maven.apache.org/maven2, default, releases)]
[INFO] Artifact com.google.guava:guava-parent:pom:29.0-jre is present in the local repository, but cached from a remote repository ID that is unavailable in current build context, verifying that is downloadable from [central (https://repo.maven.apache.org/maven2, default, releases)]
[INFO] Downloading from central: https://repo.maven.apache.org/maven2/com/google/guava/guava-parent/29.0-jre/guava-parent-29.0-jre.pom
[INFO] Downloaded from central: https://repo.maven.apache.org/maven2/com/google/guava/guava-parent/29.0-jre/guava-parent-29.0-jre.pom (0 B at 0 B/s)
[INFO] Artifact org.checkerframework:checker-qual:pom:2.11.1 is present in the local repository, but cached from a remote repository ID that is unavailable in current build context, verifying that is downloadable from [central (https://repo.maven.apache.org/maven2, default, releases)]
[INFO] Artifact org.checkerframework:checker-qual:pom:2.11.1 is present in the local repository, but cached from a remote repository ID that is unavailable in current build context, verifying that is downloadable from [central (https://repo.maven.apache.org/maven2, default, releases)]
[INFO] Downloading from central: https://repo.maven.apache.org/maven2/org/checkerframework/checker-qual/2.11.1/checker-qual-2.11.1.pom
[INFO] Downloaded from central: https://repo.maven.apache.org/maven2/org/checkerframework/checker-qual/2.11.1/checker-qual-2.11.1.pom (0 B at 0 B/s)
[INFO] Downloading from central: https://repo.maven.apache.org/maven2/joda-time/joda-time/2.9.9/joda-time-2.9.9.pom
[INFO] Downloaded from central: https://repo.maven.apache.org/maven2/joda-time/joda-time/2.9.9/joda-time-2.9.9.pom (35 kB at 73 kB/s)
[INFO] Downloading from central: https://repo.maven.apache.org/maven2/ch/qos/logback/logback-classic/1.2.2/logback-classic-1.2.2.pom
[INFO] Downloaded from central: https://repo.maven.apache.org/maven2/ch/qos/logback/logback-classic/1.2.2/logback-classic-1.2.2.pom (13 kB at 42 kB/s)
[INFO] Downloading from central: https://repo.maven.apache.org/maven2/ch/qos/logback/logback-parent/1.2.2/logback-parent-1.2.2.pom
[INFO] Downloaded from central: https://repo.maven.apache.org/maven2/ch/qos/logback/logback-parent/1.2.2/logback-parent-1.2.2.pom (18 kB at 48 kB/s)
[INFO] Downloading from central: https://repo.maven.apache.org/maven2/ch/qos/logback/logback-core/1.2.2/logback-core-1.2.2.pom
[INFO] Downloaded from central: https://repo.maven.apache.org/maven2/ch/qos/logback/logback-core/1.2.2/logback-core-1.2.2.pom (4.2 kB at 17 kB/s)
[INFO] Downloading from central: https://repo.maven.apache.org/maven2/net/javacrumbs/json-unit/json-unit-assertj/2.22.0/json-unit-assertj-2.22.0.pom
[INFO] Downloaded from central: https://repo.maven.apache.org/maven2/net/javacrumbs/json-unit/json-unit-assertj/2.22.0/json-unit-assertj-2.22.0.pom (5.4 kB at 18 kB/s)
[INFO] Downloading from central: https://repo.maven.apache.org/maven2/net/javacrumbs/json-unit/json-unit-parent/2.22.0/json-unit-parent-2.22.0.pom
[INFO] Downloaded from central: https://repo.maven.apache.org/maven2/net/javacrumbs/json-unit/json-unit-parent/2.22.0/json-unit-parent-2.22.0.pom (8.7 kB at 19 kB/s)
[INFO] Downloading from central: https://repo.maven.apache.org/maven2/net/javacrumbs/json-unit/json-unit-core/2.22.0/json-unit-core-2.22.0.pom
[INFO] Downloaded from central: https://repo.maven.apache.org/maven2/net/javacrumbs/json-unit/json-unit-core/2.22.0/json-unit-core-2.22.0.pom (4.6 kB at 10 kB/s)
[INFO] Downloading from central: https://repo.maven.apache.org/maven2/net/javacrumbs/json-unit/json-unit-json-path/2.22.0/json-unit-json-path-2.22.0.pom
[INFO] Downloaded from central: https://repo.maven.apache.org/maven2/net/javacrumbs/json-unit/json-unit-json-path/2.22.0/json-unit-json-path-2.22.0.pom (2.1 kB at 2.4 kB/s)
[INFO] Downloading from central: https://repo.maven.apache.org/maven2/org/json/json/20201115/json-20201115.pom
[INFO] Downloaded from central: https://repo.maven.apache.org/maven2/org/json/json/20201115/json-20201115.pom (7.8 kB at 17 kB/s)
[INFO] Downloading from central: https://repo.maven.apache.org/maven2/org/mockito/mockito-core/2.18.3/mockito-core-2.18.3.pom
[INFO] Downloaded from central: https://repo.maven.apache.org/maven2/org/mockito/mockito-core/2.18.3/mockito-core-2.18.3.pom (16 kB at 46 kB/s)
[INFO] Downloading from central: https://repo.maven.apache.org/maven2/net/bytebuddy/byte-buddy/1.8.5/byte-buddy-1.8.5.pom
[INFO] Downloaded from central: https://repo.maven.apache.org/maven2/net/bytebuddy/byte-buddy/1.8.5/byte-buddy-1.8.5.pom (12 kB at 43 kB/s)
[INFO] Downloading from central: https://repo.maven.apache.org/maven2/net/bytebuddy/byte-buddy-parent/1.8.5/byte-buddy-parent-1.8.5.pom
[INFO] Downloaded from central: https://repo.maven.apache.org/maven2/net/bytebuddy/byte-buddy-parent/1.8.5/byte-buddy-parent-1.8.5.pom (27 kB at 40 kB/s)
[INFO] Downloading from central: https://repo.maven.apache.org/maven2/net/bytebuddy/byte-buddy-agent/1.8.5/byte-buddy-agent-1.8.5.pom
[INFO] Downloaded from central: https://repo.maven.apache.org/maven2/net/bytebuddy/byte-buddy-agent/1.8.5/byte-buddy-agent-1.8.5.pom (4.9 kB at 19 kB/s)
[INFO] Downloading from central: https://repo.maven.apache.org/maven2/com/h2database/h2/1.4.197/h2-1.4.197.pom
[INFO] Downloaded from central: https://repo.maven.apache.org/maven2/com/h2database/h2/1.4.197/h2-1.4.197.pom (960 B at 4.3 kB/s)
[INFO] Artifact com.google.errorprone:error_prone_annotations:jar:2.4.0 is present in the local repository, but cached from a remote repository ID that is unavailable in current build context, verifying that is downloadable from [central (https://repo.maven.apache.org/maven2, default, releases), sonatype-nexus-snapshots (https://oss.sonatype.org/content/repositories/snapshots, default, snapshots)]
[INFO] Artifact com.google.guava:guava:jar:29.0-jre is present in the local repository, but cached from a remote repository ID that is unavailable in current build context, verifying that is downloadable from [central (https://repo.maven.apache.org/maven2, default, releases)]
[INFO] Artifact com.google.errorprone:error_prone_annotations:jar:2.4.0 is present in the local repository, but cached from a remote repository ID that is unavailable in current build context, verifying that is downloadable from [central (https://repo.maven.apache.org/maven2, default, releases), sonatype-nexus-snapshots (https://oss.sonatype.org/content/repositories/snapshots, default, snapshots)]
[INFO] Artifact com.google.guava:guava:jar:29.0-jre is present in the local repository, but cached from a remote repository ID that is unavailable in current build context, verifying that is downloadable from [central (https://repo.maven.apache.org/maven2, default, releases)]
[INFO] Downloading from central: https://repo.maven.apache.org/maven2/org/junit/jupiter/junit-jupiter/5.7.0/junit-jupiter-5.7.0.jar
[INFO] Downloaded from central: https://repo.maven.apache.org/maven2/org/junit/jupiter/junit-jupiter/5.7.0/junit-jupiter-5.7.0.jar (6.4 kB at 13 kB/s)
[INFO] Downloading from central: https://repo.maven.apache.org/maven2/org/junit/jupiter/junit-jupiter-api/5.7.0/junit-jupiter-api-5.7.0.jar
[INFO] Downloading from central: https://repo.maven.apache.org/maven2/org/junit/platform/junit-platform-commons/1.7.0/junit-platform-commons-1.7.0.jar
[INFO] Downloading from central: https://repo.maven.apache.org/maven2/org/junit/jupiter/junit-jupiter-params/5.7.0/junit-jupiter-params-5.7.0.jar
[INFO] Downloading from central: https://repo.maven.apache.org/maven2/org/junit/jupiter/junit-jupiter-engine/5.7.0/junit-jupiter-engine-5.7.0.jar
[INFO] Downloading from central: https://repo.maven.apache.org/maven2/org/junit/platform/junit-platform-engine/1.7.0/junit-platform-engine-1.7.0.jar
[INFO] Downloaded from central: https://repo.maven.apache.org/maven2/org/junit/platform/junit-platform-engine/1.7.0/junit-platform-engine-1.7.0.jar (181 kB at 171 kB/s)
[INFO] Downloading from central: https://repo.maven.apache.org/maven2/org/assertj/assertj-joda-time/2.2.0/assertj-joda-time-2.2.0.jar
[INFO] Downloaded from central: https://repo.maven.apache.org/maven2/org/junit/jupiter/junit-jupiter-engine/5.7.0/junit-jupiter-engine-5.7.0.jar (212 kB at 198 kB/s)
[INFO] Downloading from central: https://repo.maven.apache.org/maven2/org/assertj/assertj-guava/3.3.0/assertj-guava-3.3.0.jar
[INFO] Downloaded from central: https://repo.maven.apache.org/maven2/org/assertj/assertj-joda-time/2.2.0/assertj-joda-time-2.2.0.jar (23 kB at 18 kB/s)
[INFO] Downloading from central: https://repo.maven.apache.org/maven2/org/assertj/assertj-neo4j/2.0.1/assertj-neo4j-2.0.1.jar
[INFO] Downloaded from central: https://repo.maven.apache.org/maven2/org/assertj/assertj-guava/3.3.0/assertj-guava-3.3.0.jar (41 kB at 29 kB/s)
[INFO] Downloading from central: https://repo.maven.apache.org/maven2/com/google/truth/truth/1.1/truth-1.1.jar
[INFO] Downloaded from central: https://repo.maven.apache.org/maven2/org/assertj/assertj-neo4j/2.0.1/assertj-neo4j-2.0.1.jar (24 kB at 15 kB/s)
[INFO] Downloading from central: https://repo.maven.apache.org/maven2/org/checkerframework/checker-qual/3.7.0/checker-qual-3.7.0.jar
[INFO] Downloaded from central: https://repo.maven.apache.org/maven2/com/google/truth/truth/1.1/truth-1.1.jar (241 kB at 143 kB/s)
[INFO] Downloading from central: https://repo.maven.apache.org/maven2/com/google/auto/value/auto-value-annotations/1.7.4/auto-value-annotations-1.7.4.jar
[INFO] Downloaded from central: https://repo.maven.apache.org/maven2/com/google/auto/value/auto-value-annotations/1.7.4/auto-value-annotations-1.7.4.jar (6.6 kB at 3.5 kB/s)
[INFO] Downloading from central: https://repo.maven.apache.org/maven2/com/google/errorprone/error_prone_annotations/2.4.0/error_prone_annotations-2.4.0.jar
[INFO] Downloaded from central: https://repo.maven.apache.org/maven2/com/google/errorprone/error_prone_annotations/2.4.0/error_prone_annotations-2.4.0.jar (0 B at 0 B/s)
[INFO] Downloading from central: https://repo.maven.apache.org/maven2/org/ow2/asm/asm/9.0/asm-9.0.jar
[INFO] Downloaded from central: https://repo.maven.apache.org/maven2/org/junit/platform/junit-platform-commons/1.7.0/junit-platform-commons-1.7.0.jar (100 kB at 47 kB/s)
[INFO] Downloading from central: https://repo.maven.apache.org/maven2/org/assertj/assertj-db/1.1.1/assertj-db-1.1.1.jar
[INFO] Downloaded from central: https://repo.maven.apache.org/maven2/org/checkerframework/checker-qual/3.7.0/checker-qual-3.7.0.jar (226 kB at 102 kB/s)
[INFO] Downloading from central: https://repo.maven.apache.org/maven2/org/neo4j/neo4j-kernel/3.0.0/neo4j-kernel-3.0.0-tests.jar
[INFO] Downloaded from central: https://repo.maven.apache.org/maven2/org/ow2/asm/asm/9.0/asm-9.0.jar (122 kB at 53 kB/s)
[INFO] Downloading from central: https://repo.maven.apache.org/maven2/org/neo4j/neo4j-graphdb-api/3.0.0/neo4j-graphdb-api-3.0.0.jar
[INFO] Downloaded from central: https://repo.maven.apache.org/maven2/org/neo4j/neo4j-graphdb-api/3.0.0/neo4j-graphdb-api-3.0.0.jar (179 kB at 61 kB/s)
[INFO] Downloading from central: https://repo.maven.apache.org/maven2/org/neo4j/neo4j-resource/3.0.0/neo4j-resource-3.0.0.jar
[INFO] Downloaded from central: https://repo.maven.apache.org/maven2/org/assertj/assertj-db/1.1.1/assertj-db-1.1.1.jar (306 kB at 100 kB/s)
[INFO] Downloading from central: https://repo.maven.apache.org/maven2/org/neo4j/neo4j-common/3.0.0/neo4j-common-3.0.0.jar
[INFO] Downloaded from central: https://repo.maven.apache.org/maven2/org/junit/jupiter/junit-jupiter-params/5.7.0/junit-jupiter-params-5.7.0.jar (567 kB at 171 kB/s)
[INFO] Downloading from central: https://repo.maven.apache.org/maven2/org/neo4j/neo4j-collections/3.0.0/neo4j-collections-3.0.0.jar
[INFO] Downloaded from central: https://repo.maven.apache.org/maven2/org/neo4j/neo4j-kernel/3.0.0/neo4j-kernel-3.0.0-tests.jar (3.0 MB at 809 kB/s)
[INFO] Downloading from central: https://repo.maven.apache.org/maven2/org/neo4j/neo4j-primitive-collections/3.0.0/neo4j-primitive-collections-3.0.0.jar
[INFO] Downloaded from central: https://repo.maven.apache.org/maven2/org/neo4j/neo4j-resource/3.0.0/neo4j-resource-3.0.0.jar (6.6 kB at 1.7 kB/s)
[INFO] Downloading from central: https://repo.maven.apache.org/maven2/org/neo4j/neo4j-io/3.0.0/neo4j-io-3.0.0.jar
[INFO] Downloaded from central: https://repo.maven.apache.org/maven2/org/neo4j/neo4j-common/3.0.0/neo4j-common-3.0.0.jar (78 kB at 20 kB/s)
[INFO] Downloading from central: https://repo.maven.apache.org/maven2/org/neo4j/neo4j-csv/3.0.0/neo4j-csv-3.0.0.jar
[INFO] Downloaded from central: https://repo.maven.apache.org/maven2/org/neo4j/neo4j-primitive-collections/3.0.0/neo4j-primitive-collections-3.0.0.jar (181 kB at 45 kB/s)
[INFO] Downloading from central: https://repo.maven.apache.org/maven2/org/neo4j/neo4j-logging/3.0.0/neo4j-logging-3.0.0.jar
[INFO] Downloaded from central: https://repo.maven.apache.org/maven2/org/neo4j/neo4j-collections/3.0.0/neo4j-collections-3.0.0.jar (79 kB at 19 kB/s)
[INFO] Downloading from central: https://repo.maven.apache.org/maven2/org/neo4j/neo4j-security/3.0.0/neo4j-security-3.0.0.jar
[INFO] Downloaded from central: https://repo.maven.apache.org/maven2/org/neo4j/neo4j-io/3.0.0/neo4j-io-3.0.0.jar (141 kB at 33 kB/s)
[INFO] Downloading from central: https://repo.maven.apache.org/maven2/org/neo4j/neo4j-lucene-upgrade/3.0.0/neo4j-lucene-upgrade-3.0.0.jar
[INFO] Downloaded from central: https://repo.maven.apache.org/maven2/org/neo4j/neo4j-logging/3.0.0/neo4j-logging-3.0.0.jar (70 kB at 16 kB/s)
[INFO] Downloading from central: https://repo.maven.apache.org/maven2/org/apache/lucene/lucene-core/5.5.0/lucene-core-5.5.0.jar
[INFO] Downloaded from central: https://repo.maven.apache.org/maven2/org/apache/lucene/lucene-core/5.5.0/lucene-core-5.5.0.jar (2.4 MB at 482 kB/s)
[INFO] Downloading from central: https://repo.maven.apache.org/maven2/org/apache/lucene/lucene-backward-codecs/5.5.0/lucene-backward-codecs-5.5.0.jar
[INFO] Downloaded from central: https://repo.maven.apache.org/maven2/org/neo4j/neo4j-csv/3.0.0/neo4j-csv-3.0.0.jar (71 kB at 14 kB/s)
[INFO] Downloading from central: https://repo.maven.apache.org/maven2/org/neo4j/neo4j-io/3.0.0/neo4j-io-3.0.0-tests.jar
[INFO] Downloaded from central: https://repo.maven.apache.org/maven2/org/apache/lucene/lucene-backward-codecs/5.5.0/lucene-backward-codecs-5.5.0.jar (431 kB at 80 kB/s)
[INFO] Downloading from central: https://repo.maven.apache.org/maven2/org/neo4j/neo4j-unsafe/3.0.0/neo4j-unsafe-3.0.0.jar
[INFO] Downloaded from central: https://repo.maven.apache.org/maven2/org/neo4j/neo4j-security/3.0.0/neo4j-security-3.0.0.jar (44 kB at 8.2 kB/s)
[INFO] Downloading from central: https://repo.maven.apache.org/maven2/com/google/guava/guava/29.0-jre/guava-29.0-jre.jar
[INFO] Downloaded from central: https://repo.maven.apache.org/maven2/com/google/guava/guava/29.0-jre/guava-29.0-jre.jar (0 B at 0 B/s)
[INFO] Downloading from central: https://repo.maven.apache.org/maven2/joda-time/joda-time/2.9.9/joda-time-2.9.9.jar
[INFO] Downloaded from central: https://repo.maven.apache.org/maven2/org/neo4j/neo4j-unsafe/3.0.0/neo4j-unsafe-3.0.0.jar (28 kB at 4.9 kB/s)
[INFO] Downloading from central: https://repo.maven.apache.org/maven2/org/neo4j/neo4j/3.0.0/neo4j-3.0.0.jar
[INFO] Downloaded from central: https://repo.maven.apache.org/maven2/org/neo4j/neo4j/3.0.0/neo4j-3.0.0.jar (23 kB at 3.8 kB/s)
[INFO] Downloading from central: https://repo.maven.apache.org/maven2/org/neo4j/neo4j-kernel/3.0.0/neo4j-kernel-3.0.0.jar
[INFO] Downloaded from central: https://repo.maven.apache.org/maven2/org/neo4j/neo4j-lucene-upgrade/3.0.0/neo4j-lucene-upgrade-3.0.0.jar (4.9 MB at 790 kB/s)
[INFO] Downloading from central: https://repo.maven.apache.org/maven2/org/neo4j/neo4j-lucene-index/3.0.0/neo4j-lucene-index-3.0.0.jar
[INFO] Downloaded from central: https://repo.maven.apache.org/maven2/org/neo4j/neo4j-io/3.0.0/neo4j-io-3.0.0-tests.jar (347 kB at 55 kB/s)
[INFO] Downloading from central: https://repo.maven.apache.org/maven2/org/apache/lucene/lucene-analyzers-common/5.5.0/lucene-analyzers-common-5.5.0.jar
[INFO] Downloaded from central: https://repo.maven.apache.org/maven2/org/neo4j/neo4j-lucene-index/3.0.0/neo4j-lucene-index-3.0.0.jar (274 kB at 42 kB/s)
[INFO] Downloading from central: https://repo.maven.apache.org/maven2/org/apache/lucene/lucene-queryparser/5.5.0/lucene-queryparser-5.5.0.jar
[INFO] Downloaded from central: https://repo.maven.apache.org/maven2/org/neo4j/neo4j-kernel/3.0.0/neo4j-kernel-3.0.0.jar (2.9 MB at 433 kB/s)
[INFO] Downloading from central: https://repo.maven.apache.org/maven2/org/apache/lucene/lucene-codecs/5.5.0/lucene-codecs-5.5.0.jar
[INFO] Downloaded from central: https://repo.maven.apache.org/maven2/org/apache/lucene/lucene-queryparser/5.5.0/lucene-queryparser-5.5.0.jar (403 kB at 59 kB/s)
[INFO] Downloading from central: https://repo.maven.apache.org/maven2/org/neo4j/neo4j-graph-algo/3.0.0/neo4j-graph-algo-3.0.0.jar
[INFO] Downloaded from central: https://repo.maven.apache.org/maven2/org/neo4j/neo4j-graph-algo/3.0.0/neo4j-graph-algo-3.0.0.jar (181 kB at 25 kB/s)
[INFO] Downloading from central: https://repo.maven.apache.org/maven2/org/neo4j/neo4j-udc/3.0.0/neo4j-udc-3.0.0.jar
[INFO] Downloaded from central: https://repo.maven.apache.org/maven2/org/apache/lucene/lucene-codecs/5.5.0/lucene-codecs-5.5.0.jar (419 kB at 56 kB/s)
[INFO] Downloading from central: https://repo.maven.apache.org/maven2/org/neo4j/neo4j-graph-matching/3.0.0/neo4j-graph-matching-3.0.0.jar
[INFO] Downloaded from central: https://repo.maven.apache.org/maven2/joda-time/joda-time/2.9.9/joda-time-2.9.9.jar (634 kB at 85 kB/s)
[INFO] Downloading from central: https://repo.maven.apache.org/maven2/org/neo4j/neo4j-cypher/3.0.0/neo4j-cypher-3.0.0.jar
[INFO] Downloaded from central: https://repo.maven.apache.org/maven2/org/neo4j/neo4j-udc/3.0.0/neo4j-udc-3.0.0.jar (37 kB at 5.0 kB/s)
[INFO] Downloading from central: https://repo.maven.apache.org/maven2/org/scala-lang/scala-library/2.11.8/scala-library-2.11.8.jar
[INFO] Downloaded from central: https://repo.maven.apache.org/maven2/org/neo4j/neo4j-graph-matching/3.0.0/neo4j-graph-matching-3.0.0.jar (55 kB at 7.0 kB/s)
[INFO] Downloading from central: https://repo.maven.apache.org/maven2/org/scala-lang/scala-reflect/2.11.8/scala-reflect-2.11.8.jar
[INFO] Downloaded from central: https://repo.maven.apache.org/maven2/org/scala-lang/scala-library/2.11.8/scala-library-2.11.8.jar (5.7 MB at 672 kB/s)
[INFO] Downloading from central: https://repo.maven.apache.org/maven2/org/neo4j/neo4j-codegen/3.0.0/neo4j-codegen-3.0.0.jar
[INFO] Downloaded from central: https://repo.maven.apache.org/maven2/org/scala-lang/scala-reflect/2.11.8/scala-reflect-2.11.8.jar (4.6 MB at 529 kB/s)
[INFO] Downloading from central: https://repo.maven.apache.org/maven2/org/neo4j/neo4j-cypher-compiler-2.3/2.3.3/neo4j-cypher-compiler-2.3-2.3.3.jar
[INFO] Downloaded from central: https://repo.maven.apache.org/maven2/org/junit/jupiter/junit-jupiter-api/5.7.0/junit-jupiter-api-5.7.0.jar (175 kB at 20 kB/s)
[INFO] Downloading from central: https://repo.maven.apache.org/maven2/org/neo4j/neo4j-cypher-frontend-2.3/2.3.3/neo4j-cypher-frontend-2.3-2.3.3.jar
[INFO] Downloaded from central: https://repo.maven.apache.org/maven2/org/neo4j/neo4j-codegen/3.0.0/neo4j-codegen-3.0.0.jar (133 kB at 15 kB/s)
[INFO] Downloading from central: https://repo.maven.apache.org/maven2/org/neo4j/neo4j-cypher-compiler-3.0/3.0.0/neo4j-cypher-compiler-3.0-3.0.0.jar
[INFO] Downloaded from central: https://repo.maven.apache.org/maven2/org/apache/lucene/lucene-analyzers-common/5.5.0/lucene-analyzers-common-5.5.0.jar (1.6 MB at 164 kB/s)
[INFO] Downloading from central: https://repo.maven.apache.org/maven2/org/neo4j/neo4j-cypher-frontend-3.0/3.0.0/neo4j-cypher-frontend-3.0-3.0.0.jar
[INFO] Downloaded from central: https://repo.maven.apache.org/maven2/org/neo4j/neo4j-cypher-compiler-2.3/2.3.3/neo4j-cypher-compiler-2.3-2.3.3.jar (8.9 MB at 850 kB/s)
[INFO] Downloading from central: https://repo.maven.apache.org/maven2/org/parboiled/parboiled-scala_2.11/1.1.7/parboiled-scala_2.11-1.1.7.jar
[INFO] Downloaded from central: https://repo.maven.apache.org/maven2/org/parboiled/parboiled-scala_2.11/1.1.7/parboiled-scala_2.11-1.1.7.jar (233 kB at 22 kB/s)
[INFO] Downloading from central: https://repo.maven.apache.org/maven2/org/parboiled/parboiled-core/1.1.7/parboiled-core-1.1.7.jar
[INFO] Downloaded from central: https://repo.maven.apache.org/maven2/org/neo4j/neo4j-cypher-compiler-3.0/3.0.0/neo4j-cypher-compiler-3.0-3.0.0.jar (9.9 MB at 901 kB/s)
[INFO] Downloading from central: https://repo.maven.apache.org/maven2/net/sf/opencsv/opencsv/2.3/opencsv-2.3.jar
[INFO] Downloaded from central: https://repo.maven.apache.org/maven2/org/parboiled/parboiled-core/1.1.7/parboiled-core-1.1.7.jar (187 kB at 17 kB/s)
[INFO] Downloading from central: https://repo.maven.apache.org/maven2/com/googlecode/concurrentlinkedhashmap/concurrentlinkedhashmap-lru/1.4.2/concurrentlinkedhashmap-lru-1.4.2.jar
[INFO] Downloaded from central: https://repo.maven.apache.org/maven2/org/neo4j/neo4j-cypher/3.0.0/neo4j-cypher-3.0.0.jar (1.4 MB at 123 kB/s)
[INFO] Downloading from central: https://repo.maven.apache.org/maven2/org/neo4j/neo4j-jmx/3.0.0/neo4j-jmx-3.0.0.jar
[INFO] Downloaded from central: https://repo.maven.apache.org/maven2/net/sf/opencsv/opencsv/2.3/opencsv-2.3.jar (20 kB at 1.8 kB/s)
[INFO] Downloading from central: https://repo.maven.apache.org/maven2/org/neo4j/neo4j-consistency-check/3.0.0/neo4j-consistency-check-3.0.0.jar
[INFO] Downloaded from central: https://repo.maven.apache.org/maven2/com/googlecode/concurrentlinkedhashmap/concurrentlinkedhashmap-lru/1.4.2/concurrentlinkedhashmap-lru-1.4.2.jar (117 kB at 10 kB/s)
[INFO] Downloading from central: https://repo.maven.apache.org/maven2/ch/qos/logback/logback-classic/1.2.2/logback-classic-1.2.2.jar
[INFO] Downloaded from central: https://repo.maven.apache.org/maven2/org/neo4j/neo4j-consistency-check/3.0.0/neo4j-consistency-check-3.0.0.jar (368 kB at 32 kB/s)
[INFO] Downloading from central: https://repo.maven.apache.org/maven2/ch/qos/logback/logback-core/1.2.2/logback-core-1.2.2.jar
[INFO] Downloaded from central: https://repo.maven.apache.org/maven2/ch/qos/logback/logback-classic/1.2.2/logback-classic-1.2.2.jar (291 kB at 25 kB/s)
[INFO] Downloading from central: https://repo.maven.apache.org/maven2/net/javacrumbs/json-unit/json-unit-assertj/2.22.0/json-unit-assertj-2.22.0.jar
[INFO] Downloaded from central: https://repo.maven.apache.org/maven2/org/neo4j/neo4j-jmx/3.0.0/neo4j-jmx-3.0.0.jar (45 kB at 3.8 kB/s)
[INFO] Downloading from central: https://repo.maven.apache.org/maven2/net/javacrumbs/json-unit/json-unit-core/2.22.0/json-unit-core-2.22.0.jar
[INFO] Downloaded from central: https://repo.maven.apache.org/maven2/ch/qos/logback/logback-core/1.2.2/logback-core-1.2.2.jar (473 kB at 40 kB/s)
[INFO] Downloading from central: https://repo.maven.apache.org/maven2/net/javacrumbs/json-unit/json-unit-json-path/2.22.0/json-unit-json-path-2.22.0.jar
[INFO] Downloaded from central: https://repo.maven.apache.org/maven2/net/javacrumbs/json-unit/json-unit-assertj/2.22.0/json-unit-assertj-2.22.0.jar (25 kB at 2.1 kB/s)
[INFO] Downloading from central: https://repo.maven.apache.org/maven2/org/json/json/20201115/json-20201115.jar
[INFO] Downloaded from central: https://repo.maven.apache.org/maven2/net/javacrumbs/json-unit/json-unit-json-path/2.22.0/json-unit-json-path-2.22.0.jar (6.2 kB at 510 B/s)
[INFO] Downloading from central: https://repo.maven.apache.org/maven2/org/mockito/mockito-core/2.18.3/mockito-core-2.18.3.jar
[INFO] Downloaded from central: https://repo.maven.apache.org/maven2/org/mockito/mockito-core/2.18.3/mockito-core-2.18.3.jar (556 kB at 45 kB/s)
[INFO] Downloading from central: https://repo.maven.apache.org/maven2/net/bytebuddy/byte-buddy/1.8.5/byte-buddy-1.8.5.jar
[INFO] Downloaded from central: https://repo.maven.apache.org/maven2/org/json/json/20201115/json-20201115.jar (69 kB at 5.6 kB/s)
[INFO] Downloading from central: https://repo.maven.apache.org/maven2/net/bytebuddy/byte-buddy-agent/1.8.5/byte-buddy-agent-1.8.5.jar
[INFO] Downloaded from central: https://repo.maven.apache.org/maven2/net/javacrumbs/json-unit/json-unit-core/2.22.0/json-unit-core-2.22.0.jar (134 kB at 11 kB/s)
[INFO] Downloading from central: https://repo.maven.apache.org/maven2/com/h2database/h2/1.4.197/h2-1.4.197.jar
[INFO] Downloaded from central: https://repo.maven.apache.org/maven2/net/bytebuddy/byte-buddy/1.8.5/byte-buddy-1.8.5.jar (3.0 MB at 231 kB/s)
[INFO] Downloaded from central: https://repo.maven.apache.org/maven2/net/bytebuddy/byte-buddy-agent/1.8.5/byte-buddy-agent-1.8.5.jar (40 kB at 3.0 kB/s)
[INFO] Downloaded from central: https://repo.maven.apache.org/maven2/org/neo4j/neo4j-cypher-frontend-3.0/3.0.0/neo4j-cypher-frontend-3.0-3.0.0.jar (3.0 MB at 210 kB/s)
[INFO] Downloaded from central: https://repo.maven.apache.org/maven2/com/h2database/h2/1.4.197/h2-1.4.197.jar (1.9 MB at 111 kB/s)
[INFO] Downloaded from central: https://repo.maven.apache.org/maven2/org/neo4j/neo4j-cypher-frontend-2.3/2.3.3/neo4j-cypher-frontend-2.3-2.3.3.jar (3.4 MB at 120 kB/s)
[INFO] 
[INFO] --- clean:3.2.0:clean (default-clean) @ assertj-examples-java-8 ---
[INFO] 
[INFO] --- license:1.9.0:format (default) @ assertj-examples-java-8 ---
[INFO] Downloading from central: https://repo.maven.apache.org/maven2/org/apache/maven/maven-plugin-api/3.0.1/maven-plugin-api-3.0.1.pom
[INFO] Downloaded from central: https://repo.maven.apache.org/maven2/org/apache/maven/maven-plugin-api/3.0.1/maven-plugin-api-3.0.1.pom (2.3 kB at 3.1 kB/s)
[INFO] Downloading from central: https://repo.maven.apache.org/maven2/org/apache/maven/maven/3.0.1/maven-3.0.1.pom
[INFO] Downloaded from central: https://repo.maven.apache.org/maven2/org/apache/maven/maven/3.0.1/maven-3.0.1.pom (23 kB at 109 kB/s)
[INFO] Downloading from central: https://repo.maven.apache.org/maven2/org/apache/maven/maven-model/3.0.1/maven-model-3.0.1.pom
[INFO] Downloaded from central: https://repo.maven.apache.org/maven2/org/apache/maven/maven-model/3.0.1/maven-model-3.0.1.pom (3.9 kB at 19 kB/s)
[INFO] Downloading from central: https://repo.maven.apache.org/maven2/org/apache/maven/maven-artifact/3.0.1/maven-artifact-3.0.1.pom
[INFO] Downloaded from central: https://repo.maven.apache.org/maven2/org/apache/maven/maven-artifact/3.0.1/maven-artifact-3.0.1.pom (1.9 kB at 9.7 kB/s)
[INFO] Downloading from central: https://repo.maven.apache.org/maven2/org/sonatype/sisu/sisu-inject-plexus/1.4.3.1/sisu-inject-plexus-1.4.3.1.pom
[INFO] Downloaded from central: https://repo.maven.apache.org/maven2/org/sonatype/sisu/sisu-inject-plexus/1.4.3.1/sisu-inject-plexus-1.4.3.1.pom (5.2 kB at 25 kB/s)
[INFO] Downloading from central: https://repo.maven.apache.org/maven2/org/sonatype/sisu/inject/guice-plexus/1.4.3.1/guice-plexus-1.4.3.1.pom
[INFO] Downloaded from central: https://repo.maven.apache.org/maven2/org/sonatype/sisu/inject/guice-plexus/1.4.3.1/guice-plexus-1.4.3.1.pom (3.0 kB at 14 kB/s)
[INFO] Downloading from central: https://repo.maven.apache.org/maven2/org/sonatype/sisu/inject/guice-bean/1.4.3.1/guice-bean-1.4.3.1.pom
[INFO] Downloaded from central: https://repo.maven.apache.org/maven2/org/sonatype/sisu/inject/guice-bean/1.4.3.1/guice-bean-1.4.3.1.pom (2.5 kB at 5.8 kB/s)
[INFO] Downloading from central: https://repo.maven.apache.org/maven2/org/sonatype/sisu/sisu-inject/1.4.3.1/sisu-inject-1.4.3.1.pom
[INFO] Downloaded from central: https://repo.maven.apache.org/maven2/org/sonatype/sisu/sisu-inject/1.4.3.1/sisu-inject-1.4.3.1.pom (1.2 kB at 1.0 kB/s)
[INFO] Downloading from central: https://repo.maven.apache.org/maven2/org/sonatype/sisu/sisu-parent/1.4.3.1/sisu-parent-1.4.3.1.pom
[INFO] Downloaded from central: https://repo.maven.apache.org/maven2/org/sonatype/sisu/sisu-parent/1.4.3.1/sisu-parent-1.4.3.1.pom (8.1 kB at 41 kB/s)
[INFO] Downloading from central: https://repo.maven.apache.org/maven2/org/sonatype/sisu/sisu-inject-bean/1.4.3.1/sisu-inject-bean-1.4.3.1.pom
[INFO] Downloaded from central: https://repo.maven.apache.org/maven2/org/sonatype/sisu/sisu-inject-bean/1.4.3.1/sisu-inject-bean-1.4.3.1.pom (5.3 kB at 12 kB/s)
[INFO] Downloading from central: https://repo.maven.apache.org/maven2/org/sonatype/sisu/sisu-guice/2.9.1/sisu-guice-2.9.1.pom
[INFO] Downloaded from central: https://repo.maven.apache.org/maven2/org/sonatype/sisu/sisu-guice/2.9.1/sisu-guice-2.9.1.pom (6.7 kB at 8.8 kB/s)
[INFO] Downloading from central: https://repo.maven.apache.org/maven2/org/sonatype/sisu/inject/guice-parent/2.9.1/guice-parent-2.9.1.pom
[INFO] Downloaded from central: https://repo.maven.apache.org/maven2/org/sonatype/sisu/inject/guice-parent/2.9.1/guice-parent-2.9.1.pom (12 kB at 60 kB/s)
[INFO] Downloading from central: https://repo.maven.apache.org/maven2/com/mycila/xmltool/xmltool/3.3/xmltool-3.3.pom
[INFO] Downloaded from central: https://repo.maven.apache.org/maven2/com/mycila/xmltool/xmltool/3.3/xmltool-3.3.pom (14 kB at 17 kB/s)
[INFO] Downloading from central: https://repo.maven.apache.org/maven2/org/apache/maven/maven-plugin-api/3.0.1/maven-plugin-api-3.0.1.jar
[INFO] Downloaded from central: https://repo.maven.apache.org/maven2/org/apache/maven/maven-plugin-api/3.0.1/maven-plugin-api-3.0.1.jar (49 kB at 9.8 kB/s)
[INFO] Downloading from central: https://repo.maven.apache.org/maven2/org/apache/maven/maven-model/3.0.1/maven-model-3.0.1.jar
[INFO] Downloading from central: https://repo.maven.apache.org/maven2/org/apache/maven/maven-artifact/3.0.1/maven-artifact-3.0.1.jar
[INFO] Downloading from central: https://repo.maven.apache.org/maven2/org/sonatype/sisu/sisu-inject-plexus/1.4.3.1/sisu-inject-plexus-1.4.3.1.jar
[INFO] Downloading from central: https://repo.maven.apache.org/maven2/org/sonatype/sisu/sisu-inject-bean/1.4.3.1/sisu-inject-bean-1.4.3.1.jar
[INFO] Downloading from central: https://repo.maven.apache.org/maven2/org/sonatype/sisu/sisu-guice/2.9.1/sisu-guice-2.9.1-noaop.jar
[INFO] Downloaded from central: https://repo.maven.apache.org/maven2/org/sonatype/sisu/sisu-guice/2.9.1/sisu-guice-2.9.1-noaop.jar (477 kB at 1.1 MB/s)
[INFO] Downloading from central: https://repo.maven.apache.org/maven2/com/mycila/xmltool/xmltool/3.3/xmltool-3.3.jar
[INFO] Downloaded from central: https://repo.maven.apache.org/maven2/org/sonatype/sisu/sisu-inject-plexus/1.4.3.1/sisu-inject-plexus-1.4.3.1.jar (205 kB at 338 kB/s)
[INFO] Downloaded from central: https://repo.maven.apache.org/maven2/org/apache/maven/maven-artifact/3.0.1/maven-artifact-3.0.1.jar (52 kB at 66 kB/s)
[INFO] Downloaded from central: https://repo.maven.apache.org/maven2/com/mycila/xmltool/xmltool/3.3/xmltool-3.3.jar (55 kB at 67 kB/s)
[INFO] Downloaded from central: https://repo.maven.apache.org/maven2/org/sonatype/sisu/sisu-inject-bean/1.4.3.1/sisu-inject-bean-1.4.3.1.jar (160 kB at 80 kB/s)
[INFO] Downloaded from central: https://repo.maven.apache.org/maven2/org/apache/maven/maven-model/3.0.1/maven-model-3.0.1.jar (165 kB at 21 kB/s)
[INFO] Updating license headers...
[WARNING] Unknown file extension: /tmp/marshal-assertj-examples-a0-20260824/assertions-examples/src/test/java/org/assertj/examples/data/service/.gitignore
[WARNING] Unknown file extension: /tmp/marshal-assertj-examples-a0-20260824/assertions-examples/src/test/java/org/assertj/examples/data/neo4j/.gitignore
[WARNING] Unknown file extension: /tmp/marshal-assertj-examples-a0-20260824/assertions-examples/src/test/java/org/assertj/examples/data/movie/.gitignore
[WARNING] Unknown file extension: /tmp/marshal-assertj-examples-a0-20260824/assertions-examples/src/test/java/org/assertj/examples/data/.gitignore
[WARNING] Unknown file extension: /tmp/marshal-assertj-examples-a0-20260824/assertions-examples/src/test/resources/emptyFile
[WARNING] Unknown file extension: /tmp/marshal-assertj-examples-a0-20260824/assertions-examples/src/test/resources/xFileClone
[WARNING] Unknown file extension: /tmp/marshal-assertj-examples-a0-20260824/assertions-examples/src/test/resources/xFile
[WARNING] Unknown file extension: /tmp/marshal-assertj-examples-a0-20260824/assertions-examples/src/test/resources/dragonBall.cypher
[INFO] 
[INFO] --- resources:2.5:resources (default-resources) @ assertj-examples-java-8 ---
[debug] execute contextualize
[INFO] Using 'UTF-8' encoding to copy filtered resources.
[INFO] skip non existing resourceDirectory /tmp/marshal-assertj-examples-a0-20260824/assertions-examples/src/main/resources
[INFO] 
[INFO] --- compiler:3.8.1:compile (default-compile) @ assertj-examples-java-8 ---
[INFO] Changes detected - recompiling the module!
[INFO] Compiling 29 source files to /tmp/marshal-assertj-examples-a0-20260824/assertions-examples/target/classes
[INFO] 
[INFO] --- assertj:2.1.0:generate-assertions (default) @ assertj-examples-java-8 ---
[INFO] 

====================================
AssertJ assertions generation report
====================================

--- Generator input parameters ---

Generating AssertJ assertions for classes in following packages and subpackages:
- org.assertj.examples.rpg
- org.assertj.examples.data
- com.google.common.net

Generating AssertJ assertions for classes:
- com.fake.UnknownClass
- org.apache.commons.lang3.exception.ContextedRuntimeException

Input classes excluded from assertions generation:
- org.assertj.examples.data.MyAssert
- com.google.common.net.HttpHeaders
- com.google.common.net.MediaType
- com.google.common.net.PercentEscaper
- com.google.common.net.HostSpecifier
- com.google.common.net.HostAndPort
- com.google.common.net.UrlEscapers

--- Generator results ---

Directory where custom assertions files have been generated:
- src/test/generated-assertions

Custom assertions files generated:
- /tmp/marshal-assertj-examples-a0-20260824/src/test/generated-assertions/com/google/common/net/AbstractInetAddressesAssert.java
- /tmp/marshal-assertj-examples-a0-20260824/src/test/generated-assertions/com/google/common/net/AbstractInternetDomainNameAssert.java
- /tmp/marshal-assertj-examples-a0-20260824/src/test/generated-assertions/com/google/common/net/InetAddressesAssert.java
- /tmp/marshal-assertj-examples-a0-20260824/src/test/generated-assertions/com/google/common/net/InternetDomainNameAssert.java
- /tmp/marshal-assertj-examples-a0-20260824/src/test/generated-assertions/org/apache/commons/lang3/exception/AbstractContextedRuntimeExceptionAssert.java
- /tmp/marshal-assertj-examples-a0-20260824/src/test/generated-assertions/org/apache/commons/lang3/exception/ContextedRuntimeExceptionAssert.java
- /tmp/marshal-assertj-examples-a0-20260824/src/test/generated-assertions/org/assertj/examples/data/AbstractAlignmentAssert.java
- /tmp/marshal-assertj-examples-a0-20260824/src/test/generated-assertions/org/assertj/examples/data/AbstractArtWorkAssert.java
- /tmp/marshal-assertj-examples-a0-20260824/src/test/generated-assertions/org/assertj/examples/data/AbstractBasketBallPlayerAssert.java
- /tmp/marshal-assertj-examples-a0-20260824/src/test/generated-assertions/org/assertj/examples/data/AbstractBookAssert.java
- /tmp/marshal-assertj-examples-a0-20260824/src/test/generated-assertions/org/assertj/examples/data/AbstractBookTitleAssert.java
- /tmp/marshal-assertj-examples-a0-20260824/src/test/generated-assertions/org/assertj/examples/data/AbstractClassUsingDifferentClassesWithSameNameAssert.java
- /tmp/marshal-assertj-examples-a0-20260824/src/test/generated-assertions/org/assertj/examples/data/AbstractEmployeeAssert.java
- /tmp/marshal-assertj-examples-a0-20260824/src/test/generated-assertions/org/assertj/examples/data/AbstractEmployeeOfTheMonthAssert.java
- /tmp/marshal-assertj-examples-a0-20260824/src/test/generated-assertions/org/assertj/examples/data/AbstractEmployeeTitleAssert.java
- /tmp/marshal-assertj-examples-a0-20260824/src/test/generated-assertions/org/assertj/examples/data/AbstractMagicalAssert.java
- /tmp/marshal-assertj-examples-a0-20260824/src/test/generated-assertions/org/assertj/examples/data/AbstractMansionAssert.java
- /tmp/marshal-assertj-examples-a0-20260824/src/test/generated-assertions/org/assertj/examples/data/AbstractNameAssert.java
- /tmp/marshal-assertj-examples-a0-20260824/src/test/generated-assertions/org/assertj/examples/data/AbstractPersonAssert.java
- /tmp/marshal-assertj-examples-a0-20260824/src/test/generated-assertions/org/assertj/examples/data/AbstractPowerfulAssert.java
- /tmp/marshal-assertj-examples-a0-20260824/src/test/generated-assertions/org/assertj/examples/data/AbstractRaceAssert.java
- /tmp/marshal-assertj-examples-a0-20260824/src/test/generated-assertions/org/assertj/examples/data/AbstractRingAssert.java
- /tmp/marshal-assertj-examples-a0-20260824/src/test/generated-assertions/org/assertj/examples/data/AbstractTeamAssert.java
- /tmp/marshal-assertj-examples-a0-20260824/src/test/generated-assertions/org/assertj/examples/data/AbstractTolkienCharacterAssert.java
- /tmp/marshal-assertj-examples-a0-20260824/src/test/generated-assertions/org/assertj/examples/data/AlignmentAssert.java
- /tmp/marshal-assertj-examples-a0-20260824/src/test/generated-assertions/org/assertj/examples/data/ArtWorkAssert.java
- /tmp/marshal-assertj-examples-a0-20260824/src/test/generated-assertions/org/assertj/examples/data/BasketBallPlayerAssert.java
- /tmp/marshal-assertj-examples-a0-20260824/src/test/generated-assertions/org/assertj/examples/data/BookAssert.java
- /tmp/marshal-assertj-examples-a0-20260824/src/test/generated-assertions/org/assertj/examples/data/BookTitleAssert.java
- /tmp/marshal-assertj-examples-a0-20260824/src/test/generated-assertions/org/assertj/examples/data/ClassUsingDifferentClassesWithSameNameAssert.java
- /tmp/marshal-assertj-examples-a0-20260824/src/test/generated-assertions/org/assertj/examples/data/EmployeeAssert.java
- /tmp/marshal-assertj-examples-a0-20260824/src/test/generated-assertions/org/assertj/examples/data/EmployeeOfTheMonthAssert.java
- /tmp/marshal-assertj-examples-a0-20260824/src/test/generated-assertions/org/assertj/examples/data/EmployeeTitleAssert.java
- /tmp/marshal-assertj-examples-a0-20260824/src/test/generated-assertions/org/assertj/examples/data/MagicalAssert.java
- /tmp/marshal-assertj-examples-a0-20260824/src/test/generated-assertions/org/assertj/examples/data/MansionAssert.java
- /tmp/marshal-assertj-examples-a0-20260824/src/test/generated-assertions/org/assertj/examples/data/NameAssert.java
- /tmp/marshal-assertj-examples-a0-20260824/src/test/generated-assertions/org/assertj/examples/data/PersonAssert.java
- /tmp/marshal-assertj-examples-a0-20260824/src/test/generated-assertions/org/assertj/examples/data/PowerfulAssert.java
- /tmp/marshal-assertj-examples-a0-20260824/src/test/generated-assertions/org/assertj/examples/data/RaceAssert.java
- /tmp/marshal-assertj-examples-a0-20260824/src/test/generated-assertions/org/assertj/examples/data/RingAssert.java
- /tmp/marshal-assertj-examples-a0-20260824/src/test/generated-assertions/org/assertj/examples/data/TeamAssert.java
- /tmp/marshal-assertj-examples-a0-20260824/src/test/generated-assertions/org/assertj/examples/data/TolkienCharacterAssert.java
- /tmp/marshal-assertj-examples-a0-20260824/src/test/generated-assertions/org/assertj/examples/data/bug18/AbstractDollar$Assert.java
- /tmp/marshal-assertj-examples-a0-20260824/src/test/generated-assertions/org/assertj/examples/data/bug18/Dollar$Assert.java
- /tmp/marshal-assertj-examples-a0-20260824/src/test/generated-assertions/org/assertj/examples/data/bug26/AbstractWithGenericListTypeAssert.java
- /tmp/marshal-assertj-examples-a0-20260824/src/test/generated-assertions/org/assertj/examples/data/bug26/WithGenericListTypeAssert.java
- /tmp/marshal-assertj-examples-a0-20260824/src/test/generated-assertions/org/assertj/examples/data/bug27/AbstractMyIteratorWrapperAssert.java
- /tmp/marshal-assertj-examples-a0-20260824/src/test/generated-assertions/org/assertj/examples/data/bug27/AbstractMyModelClassAssert.java
- /tmp/marshal-assertj-examples-a0-20260824/src/test/generated-assertions/org/assertj/examples/data/bug27/AbstractMyModelClassMyBeanAssert.java
- /tmp/marshal-assertj-examples-a0-20260824/src/test/generated-assertions/org/assertj/examples/data/bug27/MyIteratorWrapperAssert.java
- /tmp/marshal-assertj-examples-a0-20260824/src/test/generated-assertions/org/assertj/examples/data/bug27/MyModelClassAssert.java
- /tmp/marshal-assertj-examples-a0-20260824/src/test/generated-assertions/org/assertj/examples/data/bug27/MyModelClassMyBeanAssert.java
- /tmp/marshal-assertj-examples-a0-20260824/src/test/generated-assertions/org/assertj/examples/data/movie/AbstractMovieAssert.java
- /tmp/marshal-assertj-examples-a0-20260824/src/test/generated-assertions/org/assertj/examples/data/movie/AbstractTeamAssert.java
- /tmp/marshal-assertj-examples-a0-20260824/src/test/generated-assertions/org/assertj/examples/data/movie/MovieAssert.java
- /tmp/marshal-assertj-examples-a0-20260824/src/test/generated-assertions/org/assertj/examples/data/movie/TeamAssert.java
- /tmp/marshal-assertj-examples-a0-20260824/src/test/generated-assertions/org/assertj/examples/data/neo4j/AbstractDragonBallGraphRepositoryAssert.java
- /tmp/marshal-assertj-examples-a0-20260824/src/test/generated-assertions/org/assertj/examples/data/neo4j/DragonBallGraphRepositoryAssert.java
- /tmp/marshal-assertj-examples-a0-20260824/src/test/generated-assertions/org/assertj/examples/data/service/AbstractGameServiceAssert.java
- /tmp/marshal-assertj-examples-a0-20260824/src/test/generated-assertions/org/assertj/examples/data/service/AbstractTeamManagerAssert.java
- /tmp/marshal-assertj-examples-a0-20260824/src/test/generated-assertions/org/assertj/examples/data/service/GameServiceAssert.java
- /tmp/marshal-assertj-examples-a0-20260824/src/test/generated-assertions/org/assertj/examples/data/service/TeamManagerAssert.java
- /tmp/marshal-assertj-examples-a0-20260824/src/test/generated-assertions/org/assertj/examples/rpg/AbstractItemAssert.java
- /tmp/marshal-assertj-examples-a0-20260824/src/test/generated-assertions/org/assertj/examples/rpg/AbstractWandAssert.java
- /tmp/marshal-assertj-examples-a0-20260824/src/test/generated-assertions/org/assertj/examples/rpg/ItemAssert.java
- /tmp/marshal-assertj-examples-a0-20260824/src/test/generated-assertions/org/assertj/examples/rpg/WandAssert.java

No custom assertions files generated for the following input classes as they were not found:
- com.fake.UnknownClass

Assertions entry point class has been generated in file:
- /tmp/marshal-assertj-examples-a0-20260824/src/test/generated-assertions/org/assertj/Assertions.java

BddAssertions entry point class has been generated in file:
- /tmp/marshal-assertj-examples-a0-20260824/src/test/generated-assertions/org/assertj/BddAssertions.java

SoftAssertions entry point class has been generated in file:
- /tmp/marshal-assertj-examples-a0-20260824/src/test/generated-assertions/org/assertj/SoftAssertions.java

JUnitSoftAssertions entry point class has been generated in file:
- /tmp/marshal-assertj-examples-a0-20260824/src/test/generated-assertions/org/assertj/JUnitSoftAssertions.java

[INFO] 
[INFO] --- build-helper:1.9:add-test-source (add-source) @ assertj-examples-java-8 ---
[INFO] Test Source directory: /tmp/marshal-assertj-examples-a0-20260824/assertions-examples/src/test/generated-assertions added.
[INFO] 
[INFO] --- resources:2.5:testResources (default-testResources) @ assertj-examples-java-8 ---
[debug] execute contextualize
[INFO] Using 'UTF-8' encoding to copy filtered resources.
[INFO] Copying 10 resources
[INFO] 
[INFO] --- compiler:3.8.1:testCompile (default-testCompile) @ assertj-examples-java-8 ---
[INFO] Changes detected - recompiling the module!
[INFO] Compiling 188 source files to /tmp/marshal-assertj-examples-a0-20260824/assertions-examples/target/test-classes
[INFO] /tmp/marshal-assertj-examples-a0-20260824/assertions-examples/src/test/java/org/assertj/examples/custom/TolkienCharacterAssert.java: Some input files use or override a deprecated API.
[INFO] /tmp/marshal-assertj-examples-a0-20260824/assertions-examples/src/test/java/org/assertj/examples/custom/TolkienCharacterAssert.java: Recompile with -Xlint:deprecation for details.
[INFO] 
[INFO] --- surefire:2.22.1:test (default-test) @ assertj-examples-java-8 ---
[INFO] Downloading from central: https://repo.maven.apache.org/maven2/org/apache/maven/surefire/surefire-booter/2.22.1/surefire-booter-2.22.1.pom
[INFO] Downloaded from central: https://repo.maven.apache.org/maven2/org/apache/maven/surefire/surefire-booter/2.22.1/surefire-booter-2.22.1.pom (7.5 kB at 8.9 kB/s)
[INFO] Downloading from central: https://repo.maven.apache.org/maven2/org/apache/maven/surefire/maven-surefire-common/2.22.1/maven-surefire-common-2.22.1.jar
[INFO] Downloaded from central: https://repo.maven.apache.org/maven2/org/apache/maven/surefire/maven-surefire-common/2.22.1/maven-surefire-common-2.22.1.jar (528 kB at 55 kB/s)
[INFO] Downloading from central: https://repo.maven.apache.org/maven2/org/apache/maven/surefire/surefire-api/2.22.1/surefire-api-2.22.1.jar
[INFO] Downloading from central: https://repo.maven.apache.org/maven2/org/apache/maven/surefire/surefire-logger-api/2.22.1/surefire-logger-api-2.22.1.jar
[INFO] Downloading from central: https://repo.maven.apache.org/maven2/org/apache/maven/surefire/surefire-booter/2.22.1/surefire-booter-2.22.1.jar
[INFO] Downloaded from central: https://repo.maven.apache.org/maven2/org/apache/maven/surefire/surefire-booter/2.22.1/surefire-booter-2.22.1.jar (274 kB at 1.3 MB/s)
[INFO] Downloaded from central: https://repo.maven.apache.org/maven2/org/apache/maven/surefire/surefire-logger-api/2.22.1/surefire-logger-api-2.22.1.jar (13 kB at 48 kB/s)
[INFO] Downloaded from central: https://repo.maven.apache.org/maven2/org/apache/maven/surefire/surefire-api/2.22.1/surefire-api-2.22.1.jar (186 kB at 70 kB/s)
[INFO] 
[INFO] -------------------------------------------------------
[INFO]  T E S T S
[INFO] -------------------------------------------------------
[INFO] Running org.assertj.examples.GeneratedStandardAssertionsExamples
20:35:38.281 [main] INFO [ERROR MESSAGE EXAMPLE] - [cavs players] 
Expecting ArrayList:
  [BasketBallPlayer[Derrick Rose, team=Cavs],
    BasketBallPlayer[Lebron James, team=Cavs],
    BasketBallPlayer[Dwayne Wade, team=Cavs]]
to contain:
  [BasketBallPlayer[Derrick Rose, team=Cavs],
    BasketBallPlayer[Joachim Noah, team=Knicks],
    BasketBallPlayer[Lebron James, team=Cavs]]
but could not find the following element(s):
  [BasketBallPlayer[Joachim Noah, team=Knicks]]

20:35:38.285 [main] INFO [ERROR MESSAGE EXAMPLE] - [can be given ?] 
Expecting actual not to be null
[INFO] Tests run: 1, Failures: 0, Errors: 0, Skipped: 0, Time elapsed: 0.109 s - in org.assertj.examples.GeneratedStandardAssertionsExamples
[INFO] Running org.assertj.examples.GeneratedJunitSoftAssertionsExamples
[INFO] Tests run: 1, Failures: 0, Errors: 0, Skipped: 0, Time elapsed: 0.529 s - in org.assertj.examples.GeneratedJunitSoftAssertionsExamples
[INFO] Running org.assertj.examples.NumberAssertionsExamples
20:35:38.872 [main] INFO [ERROR MESSAGE EXAMPLE] - float isEqualTo with offset assertion :

Expecting actual:
  8.1f
to be close to:
  8.0f
by less than 0.1f but difference was 0.10000038f.
(a difference of exactly 0.1f being considered valid)

20:35:38.874 [main] INFO [ERROR MESSAGE EXAMPLE] - float isCloseTo within  assertion :

Expecting actual:
  8.1f
to be close to:
  8.0f
by less than 0.1f but difference was 0.10000038f.
(a difference of exactly 0.1f being considered valid)

20:35:38.874 [main] INFO [ERROR MESSAGE EXAMPLE] - BigDecimal isCloseTo within offset assertion :

Expecting actual:
  8.1
to be close to:
  8.0
by less than 0.01 but difference was 0.1.
(a difference of exactly 0.01 being considered valid)

20:35:38.875 [main] INFO [ERROR MESSAGE EXAMPLE] - int isNotCloseTo within  assertion :

Expecting actual:
  8
not to be close to:
  10
by less than 2 but difference was 2.
(a difference of exactly <2> being considered invalid)

20:35:38.883 [main] INFO [ERROR MESSAGE EXAMPLE] - isEqualTo with binary representation  assertion :

expected: 0b00000000_00000000_00000000_00000010
 but was: 0b00000000_00000000_00000000_00000001

[ERROR] Tests run: 13, Failures: 1, Errors: 0, Skipped: 0, Time elapsed: 0.039 s <<< FAILURE! - in org.assertj.examples.NumberAssertionsExamples
[ERROR] assertion_error_with_message_differentiating_double_and_float  Time elapsed: 0.027 s  <<< FAILURE!
org.opentest4j.AssertionFailedError: 

Expecting message to be:
  "
expected: 42.0
but was : 42.0f"
but was:
  "
expected: 42.0
 but was: 42.0f"

Throwable that failed the check:

org.opentest4j.AssertionFailedError: 
expected: 42.0
 but was: 42.0f
	at java.base/jdk.internal.reflect.NativeConstructorAccessorImpl.newInstance0(Native Method)
	at java.base/jdk.internal.reflect.NativeConstructorAccessorImpl.newInstance(NativeConstructorAccessorImpl.java:62)
	at java.base/jdk.internal.reflect.DelegatingConstructorAccessorImpl.newInstance(DelegatingConstructorAccessorImpl.java:45)
	at java.base/java.lang.reflect.Constructor.newInstance(Constructor.java:490)
	at org.assertj.core.error.ConstructorInvoker.newInstance(ConstructorInvoker.java:28)
	at org.assertj.core.error.ShouldBeEqual.assertionFailedError(ShouldBeEqual.java:223)
	at org.assertj.core.error.ShouldBeEqual.newAssertionError(ShouldBeEqual.java:122)
	at org.assertj.core.internal.Failures.failure(Failures.java:105)
	at org.assertj.core.internal.Objects.assertEqual(Objects.java:339)
	at org.assertj.core.api.AbstractAssert.isEqualTo(AbstractAssert.java:361)
	at org.assertj.examples.NumberAssertionsExamples.assertion_error_with_message_differentiating_double_and_float(NumberAssertionsExamples.java:99)
	at java.base/jdk.internal.reflect.NativeMethodAccessorImpl.invoke0(Native Method)
	at java.base/jdk.internal.reflect.NativeMethodAccessorImpl.invoke(NativeMethodAccessorImpl.java:62)
	at java.base/jdk.internal.reflect.DelegatingMethodAccessorImpl.invoke(DelegatingMethodAccessorImpl.java:43)
	at java.base/java.lang.reflect.Method.invoke(Method.java:566)
	at org.junit.platform.commons.util.ReflectionUtils.invokeMethod(ReflectionUtils.java:688)
	at org.junit.jupiter.engine.execution.MethodInvocation.proceed(MethodInvocation.java:60)
	at org.junit.jupiter.engine.execution.InvocationInterceptorChain$ValidatingInvocation.proceed(InvocationInterceptorChain.java:131)
	at org.junit.jupiter.engine.extension.TimeoutExtension.intercept(TimeoutExtension.java:149)
	at org.junit.jupiter.engine.extension.TimeoutExtension.interceptTestableMethod(TimeoutExtension.java:140)
	at org.junit.jupiter.engine.extension.TimeoutExtension.interceptTestMethod(TimeoutExtension.java:84)
	at org.junit.jupiter.engine.execution.ExecutableInvoker$ReflectiveInterceptorCall.lambda$ofVoidMethod$0(ExecutableInvoker.java:115)
	at org.junit.jupiter.engine.execution.ExecutableInvoker.lambda$invoke$0(ExecutableInvoker.java:105)
	at org.junit.jupiter.engine.execution.InvocationInterceptorChain$InterceptedInvocation.proceed(InvocationInterceptorChain.java:106)
	at org.junit.jupiter.engine.execution.InvocationInterceptorChain.proceed(InvocationInterceptorChain.java:64)
	at org.junit.jupiter.engine.execution.InvocationInterceptorChain.chainAndInvoke(InvocationInterceptorChain.java:45)
	at org.junit.jupiter.engine.execution.InvocationInterceptorChain.invoke(InvocationInterceptorChain.java:37)
	at org.junit.jupiter.engine.execution.ExecutableInvoker.invoke(ExecutableInvoker.java:104)
	at org.junit.jupiter.engine.execution.ExecutableInvoker.invoke(ExecutableInvoker.java:98)
	at org.junit.jupiter.engine.descriptor.TestMethodTestDescriptor.lambda$invokeTestMethod$6(TestMethodTestDescriptor.java:210)
	at org.junit.platform.engine.support.hierarchical.ThrowableCollector.execute(ThrowableCollector.java:73)
	at org.junit.jupiter.engine.descriptor.TestMethodTestDescriptor.invokeTestMethod(TestMethodTestDescriptor.java:206)
	at org.junit.jupiter.engine.descriptor.TestMethodTestDescriptor.execute(TestMethodTestDescriptor.java:131)
	at org.junit.jupiter.engine.descriptor.TestMethodTestDescriptor.execute(TestMethodTestDescriptor.java:65)
	at org.junit.platform.engine.support.hierarchical.NodeTestTask.lambda$executeRecursively$5(NodeTestTask.java:139)
	at org.junit.platform.engine.support.hierarchical.ThrowableCollector.execute(ThrowableCollector.java:73)
	at org.junit.platform.engine.support.hierarchical.NodeTestTask.lambda$executeRecursively$7(NodeTestTask.java:129)
	at org.junit.platform.engine.support.hierarchical.Node.around(Node.java:137)
	at org.junit.platform.engine.support.hierarchical.NodeTestTask.lambda$executeRecursively$8(NodeTestTask.java:127)
	at org.junit.platform.engine.support.hierarchical.ThrowableCollector.execute(ThrowableCollector.java:73)
	at org.junit.platform.engine.support.hierarchical.NodeTestTask.executeRecursively(NodeTestTask.java:126)
	at org.junit.platform.engine.support.hierarchical.NodeTestTask.execute(NodeTestTask.java:84)
	at java.base/java.util.ArrayList.forEach(ArrayList.java:1541)
	at org.junit.platform.engine.support.hierarchical.SameThreadHierarchicalTestExecutorService.invokeAll(SameThreadHierarchicalTestExecutorService.java:38)
	at org.junit.platform.engine.support.hierarchical.NodeTestTask.lambda$executeRecursively$5(NodeTestTask.java:143)
	at org.junit.platform.engine.support.hierarchical.ThrowableCollector.execute(ThrowableCollector.java:73)
	at org.junit.platform.engine.support.hierarchical.NodeTestTask.lambda$executeRecursively$7(NodeTestTask.java:129)
	at org.junit.platform.engine.support.hierarchical.Node.around(Node.java:137)
	at org.junit.platform.engine.support.hierarchical.NodeTestTask.lambda$executeRecursively$8(NodeTestTask.java:127)
	at org.junit.platform.engine.support.hierarchical.ThrowableCollector.execute(ThrowableCollector.java:73)
	at org.junit.platform.engine.support.hierarchical.NodeTestTask.executeRecursively(NodeTestTask.java:126)
	at org.junit.platform.engine.support.hierarchical.NodeTestTask.execute(NodeTestTask.java:84)
	at java.base/java.util.ArrayList.forEach(ArrayList.java:1541)
	at org.junit.platform.engine.support.hierarchical.SameThreadHierarchicalTestExecutorService.invokeAll(SameThreadHierarchicalTestExecutorService.java:38)
	at org.junit.platform.engine.support.hierarchical.NodeTestTask.lambda$executeRecursively$5(NodeTestTask.java:143)
	at org.junit.platform.engine.support.hierarchical.ThrowableCollector.execute(ThrowableCollector.java:73)
	at org.junit.platform.engine.support.hierarchical.NodeTestTask.lambda$executeRecursively$7(NodeTestTask.java:129)
	at org.junit.platform.engine.support.hierarchical.Node.around(Node.java:137)
	at org.junit.platform.engine.support.hierarchical.NodeTestTask.lambda$executeRecursively$8(NodeTestTask.java:127)
	at org.junit.platform.engine.support.hierarchical.ThrowableCollector.execute(ThrowableCollector.java:73)
	at org.junit.platform.engine.support.hierarchical.NodeTestTask.executeRecursively(NodeTestTask.java:126)
	at org.junit.platform.engine.support.hierarchical.NodeTestTask.execute(NodeTestTask.java:84)
	at org.junit.platform.engine.support.hierarchical.SameThreadHierarchicalTestExecutorService.submit(SameThreadHierarchicalTestExecutorService.java:32)
	at org.junit.platform.engine.support.hierarchical.HierarchicalTestExecutor.execute(HierarchicalTestExecutor.java:57)
	at org.junit.platform.engine.support.hierarchical.HierarchicalTestEngine.execute(HierarchicalTestEngine.java:51)
	at org.junit.platform.launcher.core.DefaultLauncher.execute(DefaultLauncher.java:220)
	at org.junit.platform.launcher.core.DefaultLauncher.lambda$execute$6(DefaultLauncher.java:188)
	at org.junit.platform.launcher.core.DefaultLauncher.withInterceptedStreams(DefaultLauncher.java:202)
	at org.junit.platform.launcher.core.DefaultLauncher.execute(DefaultLauncher.java:181)
	at org.junit.platform.launcher.core.DefaultLauncher.execute(DefaultLauncher.java:128)
	at org.apache.maven.surefire.junitplatform.JUnitPlatformProvider.invokeAllTests(JUnitPlatformProvider.java:142)
	at org.apache.maven.surefire.junitplatform.JUnitPlatformProvider.invoke(JUnitPlatformProvider.java:117)
	at org.apache.maven.surefire.booter.ForkedBooter.invokeProviderInSameClassLoader(ForkedBooter.java:384)
	at org.apache.maven.surefire.booter.ForkedBooter.runSuitesInProcess(ForkedBooter.java:345)
	at org.apache.maven.surefire.booter.ForkedBooter.execute(ForkedBooter.java:126)
	at org.apache.maven.surefire.booter.ForkedBooter.main(ForkedBooter.java:418)

	at org.assertj.examples.NumberAssertionsExamples.assertion_error_with_message_differentiating_double_and_float(NumberAssertionsExamples.java:103)

[INFO] Running org.assertj.examples.JodaTimeAssertionsExamples
20:35:38.937 [main] INFO [ERROR MESSAGE EXAMPLE] - isAfter assertion :

Expecting:
  <1970-01-01T08:00:00.010+08:00>
to be strictly after:
  <1970-01-01T08:00:01.000+08:00>


20:35:38.941 [main] INFO [ERROR MESSAGE EXAMPLE] - LocalDateTimeAssert.isEqualToIgnoringMillis assertion :

Expecting:
  <2000-01-01T00:00:01.000>
to have same year, month, day, hour, minute and second as:
  <2000-01-01T00:00:00.999>
but had not.

20:35:38.942 [main] INFO [ERROR MESSAGE EXAMPLE] - LocalDateTimeAssert.isEqualToIgnoringSeconds assertion :

Expecting:
  <2000-01-01T23:50:00.000>
to have same year, month, day, hour and minute as:
  <2000-01-01T23:49:59.999>
but had not.

20:35:38.942 [main] INFO [ERROR MESSAGE EXAMPLE] - LocalDateTimeAssert.isEqualToIgnoringMinutes assertion :

Expecting:
  <2000-01-01T01:00:00.000>
to have same year, month, day and hour as:
  <2000-01-01T00:59:59.999>
but had not.

20:35:38.943 [main] INFO [ERROR MESSAGE EXAMPLE] - LocalDateTimeAssert.isEqualToIgnoringHours assertion :

Expecting:
  <2000-01-02T00:00:00.000>
to have same year, month and day as:
  <2000-01-01T23:59:59.999>
but had not.

20:35:38.949 [main] INFO [ERROR MESSAGE EXAMPLE] - DateTimeAssert.isEqualToIgnoringMillis assertion :

Expecting:
  <2000-01-01T00:00:01.000+08:00>
to have same year, month, day, hour, minute and second as:
  <2000-01-01T00:00:00.999+08:00>
but had not.

20:35:38.949 [main] INFO [ERROR MESSAGE EXAMPLE] - DateTimeAssert.isEqualToIgnoringSeconds assertion :

Expecting:
  <2000-01-01T23:50:00.000+08:00>
to have same year, month, day, hour and minute as:
  <2000-01-01T23:49:59.999+08:00>
but had not.

20:35:38.950 [main] INFO [ERROR MESSAGE EXAMPLE] - DateTimeAssert.isEqualToIgnoringMinutes assertion :

Expecting:
  <2000-01-01T01:00:00.000+08:00>
to have same year, month, day and hour as:
  <2000-01-01T00:59:59.999+08:00>
but had not.

20:35:38.950 [main] INFO [ERROR MESSAGE EXAMPLE] - DateTimeAssert.isEqualToIgnoringHours assertion :

Expecting:
  <2000-01-02T00:00:00.000+08:00>
to have same year, month and day as:
  <2000-01-01T23:59:59.999+08:00>
but had not.

[INFO] Tests run: 6, Failures: 0, Errors: 0, Skipped: 0, Time elapsed: 0.045 s - in org.assertj.examples.JodaTimeAssertionsExamples
[INFO] Running org.assertj.examples.InputStreamAssertionsExamples
[INFO] Tests run: 3, Failures: 0, Errors: 0, Skipped: 0, Time elapsed: 0.053 s - in org.assertj.examples.InputStreamAssertionsExamples
[INFO] Running org.assertj.examples.ObjectAssertionsExamples
[INFO] Tests run: 5, Failures: 0, Errors: 0, Skipped: 0, Time elapsed: 0.034 s - in org.assertj.examples.ObjectAssertionsExamples
[INFO] Running org.assertj.examples.neo4j.PathAssertionExamples
[INFO] Tests run: 2, Failures: 0, Errors: 0, Skipped: 0, Time elapsed: 2.97 s - in org.assertj.examples.neo4j.PathAssertionExamples
[INFO] Running org.assertj.examples.neo4j.NodeAssertionExamples
[INFO] Tests run: 1, Failures: 0, Errors: 0, Skipped: 0, Time elapsed: 0.55 s - in org.assertj.examples.neo4j.NodeAssertionExamples
[INFO] Running org.assertj.examples.neo4j.ResultAssertionExamples
[WARNING] Tests run: 1, Failures: 0, Errors: 0, Skipped: 1, Time elapsed: 0.559 s - in org.assertj.examples.neo4j.ResultAssertionExamples
[INFO] Running org.assertj.examples.neo4j.RelationshipAssertionExamples
[INFO] Tests run: 2, Failures: 0, Errors: 0, Skipped: 0, Time elapsed: 0.649 s - in org.assertj.examples.neo4j.RelationshipAssertionExamples
[INFO] Running org.assertj.examples.ExceptionAssertionsExamples
--------------- stack trace not filtered -----------------
org.opentest4j.AssertionFailedError: 
expected: "Ronaldo"
 but was: "Messi"
	at java.base/jdk.internal.reflect.NativeConstructorAccessorImpl.newInstance0(Native Method)
	at java.base/jdk.internal.reflect.NativeConstructorAccessorImpl.newInstance(NativeConstructorAccessorImpl.java:62)
	at java.base/jdk.internal.reflect.DelegatingConstructorAccessorImpl.newInstance(DelegatingConstructorAccessorImpl.java:45)
	at java.base/java.lang.reflect.Constructor.newInstance(Constructor.java:490)
	at org.assertj.core.error.ConstructorInvoker.newInstance(ConstructorInvoker.java:28)
	at org.assertj.core.error.ShouldBeEqual.assertionFailedError(ShouldBeEqual.java:223)
	at org.assertj.core.error.ShouldBeEqual.newAssertionError(ShouldBeEqual.java:122)
	at org.assertj.core.internal.Failures.failure(Failures.java:105)
	at org.assertj.core.internal.Objects.assertEqual(Objects.java:339)
	at org.assertj.core.api.AbstractAssert.isEqualTo(AbstractAssert.java:361)
	at org.assertj.core.api.AbstractStringAssert.isEqualTo(AbstractStringAssert.java:403)
	at org.assertj.examples.ExceptionAssertionsExamples.stack_trace_filtering(ExceptionAssertionsExamples.java:102)
	at java.base/jdk.internal.reflect.NativeMethodAccessorImpl.invoke0(Native Method)
	at java.base/jdk.internal.reflect.NativeMethodAccessorImpl.invoke(NativeMethodAccessorImpl.java:62)
	at java.base/jdk.internal.reflect.DelegatingMethodAccessorImpl.invoke(DelegatingMethodAccessorImpl.java:43)
	at java.base/java.lang.reflect.Method.invoke(Method.java:566)
	at org.junit.platform.commons.util.ReflectionUtils.invokeMethod(ReflectionUtils.java:688)
	at org.junit.jupiter.engine.execution.MethodInvocation.proceed(MethodInvocation.java:60)
	at org.junit.jupiter.engine.execution.InvocationInterceptorChain$ValidatingInvocation.proceed(InvocationInterceptorChain.java:131)
	at org.junit.jupiter.engine.extension.TimeoutExtension.intercept(TimeoutExtension.java:149)
	at org.junit.jupiter.engine.extension.TimeoutExtension.interceptTestableMethod(TimeoutExtension.java:140)
	at org.junit.jupiter.engine.extension.TimeoutExtension.interceptTestMethod(TimeoutExtension.java:84)
	at org.junit.jupiter.engine.execution.ExecutableInvoker$ReflectiveInterceptorCall.lambda$ofVoidMethod$0(ExecutableInvoker.java:115)
	at org.junit.jupiter.engine.execution.ExecutableInvoker.lambda$invoke$0(ExecutableInvoker.java:105)
	at org.junit.jupiter.engine.execution.InvocationInterceptorChain$InterceptedInvocation.proceed(InvocationInterceptorChain.java:106)
	at org.junit.jupiter.engine.execution.InvocationInterceptorChain.proceed(InvocationInterceptorChain.java:64)
	at org.junit.jupiter.engine.execution.InvocationInterceptorChain.chainAndInvoke(InvocationInterceptorChain.java:45)
	at org.junit.jupiter.engine.execution.InvocationInterceptorChain.invoke(InvocationInterceptorChain.java:37)
	at org.junit.jupiter.engine.execution.ExecutableInvoker.invoke(ExecutableInvoker.java:104)
	at org.junit.jupiter.engine.execution.ExecutableInvoker.invoke(ExecutableInvoker.java:98)
	at org.junit.jupiter.engine.descriptor.TestMethodTestDescriptor.lambda$invokeTestMethod$6(TestMethodTestDescriptor.java:210)
	at org.junit.platform.engine.support.hierarchical.ThrowableCollector.execute(ThrowableCollector.java:73)
	at org.junit.jupiter.engine.descriptor.TestMethodTestDescriptor.invokeTestMethod(TestMethodTestDescriptor.java:206)
	at org.junit.jupiter.engine.descriptor.TestMethodTestDescriptor.execute(TestMethodTestDescriptor.java:131)
	at org.junit.jupiter.engine.descriptor.TestMethodTestDescriptor.execute(TestMethodTestDescriptor.java:65)
	at org.junit.platform.engine.support.hierarchical.NodeTestTask.lambda$executeRecursively$5(NodeTestTask.java:139)
	at org.junit.platform.engine.support.hierarchical.ThrowableCollector.execute(ThrowableCollector.java:73)
	at org.junit.platform.engine.support.hierarchical.NodeTestTask.lambda$executeRecursively$7(NodeTestTask.java:129)
	at org.junit.platform.engine.support.hierarchical.Node.around(Node.java:137)
	at org.junit.platform.engine.support.hierarchical.NodeTestTask.lambda$executeRecursively$8(NodeTestTask.java:127)
	at org.junit.platform.engine.support.hierarchical.ThrowableCollector.execute(ThrowableCollector.java:73)
	at org.junit.platform.engine.support.hierarchical.NodeTestTask.executeRecursively(NodeTestTask.java:126)
	at org.junit.platform.engine.support.hierarchical.NodeTestTask.execute(NodeTestTask.java:84)
	at java.base/java.util.ArrayList.forEach(ArrayList.java:1541)
	at org.junit.platform.engine.support.hierarchical.SameThreadHierarchicalTestExecutorService.invokeAll(SameThreadHierarchicalTestExecutorService.java:38)
	at org.junit.platform.engine.support.hierarchical.NodeTestTask.lambda$executeRecursively$5(NodeTestTask.java:143)
	at org.junit.platform.engine.support.hierarchical.ThrowableCollector.execute(ThrowableCollector.java:73)
	at org.junit.platform.engine.support.hierarchical.NodeTestTask.lambda$executeRecursively$7(NodeTestTask.java:129)
	at org.junit.platform.engine.support.hierarchical.Node.around(Node.java:137)
	at org.junit.platform.engine.support.hierarchical.NodeTestTask.lambda$executeRecursively$8(NodeTestTask.java:127)
	at org.junit.platform.engine.support.hierarchical.ThrowableCollector.execute(ThrowableCollector.java:73)
	at org.junit.platform.engine.support.hierarchical.NodeTestTask.executeRecursively(NodeTestTask.java:126)
	at org.junit.platform.engine.support.hierarchical.NodeTestTask.execute(NodeTestTask.java:84)
	at java.base/java.util.ArrayList.forEach(ArrayList.java:1541)
	at org.junit.platform.engine.support.hierarchical.SameThreadHierarchicalTestExecutorService.invokeAll(SameThreadHierarchicalTestExecutorService.java:38)
	at org.junit.platform.engine.support.hierarchical.NodeTestTask.lambda$executeRecursively$5(NodeTestTask.java:143)
	at org.junit.platform.engine.support.hierarchical.ThrowableCollector.execute(ThrowableCollector.java:73)
	at org.junit.platform.engine.support.hierarchical.NodeTestTask.lambda$executeRecursively$7(NodeTestTask.java:129)
	at org.junit.platform.engine.support.hierarchical.Node.around(Node.java:137)
	at org.junit.platform.engine.support.hierarchical.NodeTestTask.lambda$executeRecursively$8(NodeTestTask.java:127)
	at org.junit.platform.engine.support.hierarchical.ThrowableCollector.execute(ThrowableCollector.java:73)
	at org.junit.platform.engine.support.hierarchical.NodeTestTask.executeRecursively(NodeTestTask.java:126)
	at org.junit.platform.engine.support.hierarchical.NodeTestTask.execute(NodeTestTask.java:84)
	at org.junit.platform.engine.support.hierarchical.SameThreadHierarchicalTestExecutorService.submit(SameThreadHierarchicalTestExecutorService.java:32)
	at org.junit.platform.engine.support.hierarchical.HierarchicalTestExecutor.execute(HierarchicalTestExecutor.java:57)
	at org.junit.platform.engine.support.hierarchical.HierarchicalTestEngine.execute(HierarchicalTestEngine.java:51)
	at org.junit.platform.launcher.core.DefaultLauncher.execute(DefaultLauncher.java:220)
	at org.junit.platform.launcher.core.DefaultLauncher.lambda$execute$6(DefaultLauncher.java:188)
	at org.junit.platform.launcher.core.DefaultLauncher.withInterceptedStreams(DefaultLauncher.java:202)
	at org.junit.platform.launcher.core.DefaultLauncher.execute(DefaultLauncher.java:181)
	at org.junit.platform.launcher.core.DefaultLauncher.execute(DefaultLauncher.java:128)
	at org.apache.maven.surefire.junitplatform.JUnitPlatformProvider.invokeAllTests(JUnitPlatformProvider.java:142)
	at org.apache.maven.surefire.junitplatform.JUnitPlatformProvider.invoke(JUnitPlatformProvider.java:117)
	at org.apache.maven.surefire.booter.ForkedBooter.invokeProviderInSameClassLoader(ForkedBooter.java:384)
	at org.apache.maven.surefire.booter.ForkedBooter.runSuitesInProcess(ForkedBooter.java:345)
	at org.apache.maven.surefire.booter.ForkedBooter.execute(ForkedBooter.java:126)
	at org.apache.maven.surefire.booter.ForkedBooter.main(ForkedBooter.java:418)

--------------- stack trace filtered -----------------
org.opentest4j.AssertionFailedError: 
expected: "Ronaldo"
 but was: "Messi"
	at java.base/jdk.internal.reflect.NativeConstructorAccessorImpl.newInstance0(Native Method)
	at java.base/jdk.internal.reflect.NativeConstructorAccessorImpl.newInstance(NativeConstructorAccessorImpl.java:62)
	at java.base/jdk.internal.reflect.DelegatingConstructorAccessorImpl.newInstance(DelegatingConstructorAccessorImpl.java:45)
	at java.base/jdk.internal.reflect.NativeMethodAccessorImpl.invoke0(Native Method)
	at java.base/jdk.internal.reflect.NativeMethodAccessorImpl.invoke(NativeMethodAccessorImpl.java:62)
	at java.base/jdk.internal.reflect.DelegatingMethodAccessorImpl.invoke(DelegatingMethodAccessorImpl.java:43)
	at java.base/java.lang.reflect.Method.invoke(Method.java:566)
	at org.junit.platform.commons.util.ReflectionUtils.invokeMethod(ReflectionUtils.java:688)
	at org.junit.jupiter.engine.execution.MethodInvocation.proceed(MethodInvocation.java:60)
	at org.junit.jupiter.engine.execution.InvocationInterceptorChain$ValidatingInvocation.proceed(InvocationInterceptorChain.java:131)
	at org.junit.jupiter.engine.extension.TimeoutExtension.intercept(TimeoutExtension.java:149)
	at org.junit.jupiter.engine.extension.TimeoutExtension.interceptTestableMethod(TimeoutExtension.java:140)
	at org.junit.jupiter.engine.extension.TimeoutExtension.interceptTestMethod(TimeoutExtension.java:84)
	at org.junit.jupiter.engine.execution.ExecutableInvoker$ReflectiveInterceptorCall.lambda$ofVoidMethod$0(ExecutableInvoker.java:115)
	at org.junit.jupiter.engine.execution.ExecutableInvoker.lambda$invoke$0(ExecutableInvoker.java:105)
	at org.junit.jupiter.engine.execution.InvocationInterceptorChain$InterceptedInvocation.proceed(InvocationInterceptorChain.java:106)
	at org.junit.jupiter.engine.execution.InvocationInterceptorChain.proceed(InvocationInterceptorChain.java:64)
	at org.junit.jupiter.engine.execution.InvocationInterceptorChain.chainAndInvoke(InvocationInterceptorChain.java:45)
	at org.junit.jupiter.engine.execution.InvocationInterceptorChain.invoke(InvocationInterceptorChain.java:37)
	at org.junit.jupiter.engine.execution.ExecutableInvoker.invoke(ExecutableInvoker.java:104)
	at org.junit.jupiter.engine.execution.ExecutableInvoker.invoke(ExecutableInvoker.java:98)
	at org.junit.jupiter.engine.descriptor.TestMethodTestDescriptor.lambda$invokeTestMethod$6(TestMethodTestDescriptor.java:210)
	at org.junit.platform.engine.support.hierarchical.ThrowableCollector.execute(ThrowableCollector.java:73)
	at org.junit.jupiter.engine.descriptor.TestMethodTestDescriptor.invokeTestMethod(TestMethodTestDescriptor.java:206)
	at org.junit.jupiter.engine.descriptor.TestMethodTestDescriptor.execute(TestMethodTestDescriptor.java:131)
	at org.junit.jupiter.engine.descriptor.TestMethodTestDescriptor.execute(TestMethodTestDescriptor.java:65)
	at org.junit.platform.engine.support.hierarchical.NodeTestTask.lambda$executeRecursively$5(NodeTestTask.java:139)
	at org.junit.platform.engine.support.hierarchical.ThrowableCollector.execute(ThrowableCollector.java:73)
	at org.junit.platform.engine.support.hierarchical.NodeTestTask.lambda$executeRecursively$7(NodeTestTask.java:129)
	at org.junit.platform.engine.support.hierarchical.Node.around(Node.java:137)
	at org.junit.platform.engine.support.hierarchical.NodeTestTask.lambda$executeRecursively$8(NodeTestTask.java:127)
	at org.junit.platform.engine.support.hierarchical.ThrowableCollector.execute(ThrowableCollector.java:73)
	at org.junit.platform.engine.support.hierarchical.NodeTestTask.executeRecursively(NodeTestTask.java:126)
	at org.junit.platform.engine.support.hierarchical.NodeTestTask.execute(NodeTestTask.java:84)
	at java.base/java.util.ArrayList.forEach(ArrayList.java:1541)
	at org.junit.platform.engine.support.hierarchical.SameThreadHierarchicalTestExecutorService.invokeAll(SameThreadHierarchicalTestExecutorService.java:38)
	at org.junit.platform.engine.support.hierarchical.NodeTestTask.lambda$executeRecursively$5(NodeTestTask.java:143)
	at org.junit.platform.engine.support.hierarchical.ThrowableCollector.execute(ThrowableCollector.java:73)
	at org.junit.platform.engine.support.hierarchical.NodeTestTask.lambda$executeRecursively$7(NodeTestTask.java:129)
	at org.junit.platform.engine.support.hierarchical.Node.around(Node.java:137)
	at org.junit.platform.engine.support.hierarchical.NodeTestTask.lambda$executeRecursively$8(NodeTestTask.java:127)
	at org.junit.platform.engine.support.hierarchical.ThrowableCollector.execute(ThrowableCollector.java:73)
	at org.junit.platform.engine.support.hierarchical.NodeTestTask.executeRecursively(NodeTestTask.java:126)
	at org.junit.platform.engine.support.hierarchical.NodeTestTask.execute(NodeTestTask.java:84)
	at java.base/java.util.ArrayList.forEach(ArrayList.java:1541)
	at org.junit.platform.engine.support.hierarchical.SameThreadHierarchicalTestExecutorService.invokeAll(SameThreadHierarchicalTestExecutorService.java:38)
	at org.junit.platform.engine.support.hierarchical.NodeTestTask.lambda$executeRecursively$5(NodeTestTask.java:143)
	at org.junit.platform.engine.support.hierarchical.ThrowableCollector.execute(ThrowableCollector.java:73)
	at org.junit.platform.engine.support.hierarchical.NodeTestTask.lambda$executeRecursively$7(NodeTestTask.java:129)
	at org.junit.platform.engine.support.hierarchical.Node.around(Node.java:137)
	at org.junit.platform.engine.support.hierarchical.NodeTestTask.lambda$executeRecursively$8(NodeTestTask.java:127)
	at org.junit.platform.engine.support.hierarchical.ThrowableCollector.execute(ThrowableCollector.java:73)
	at org.junit.platform.engine.support.hierarchical.NodeTestTask.executeRecursively(NodeTestTask.java:126)
	at org.junit.platform.engine.support.hierarchical.NodeTestTask.execute(NodeTestTask.java:84)
	at org.junit.platform.engine.support.hierarchical.SameThreadHierarchicalTestExecutorService.submit(SameThreadHierarchicalTestExecutorService.java:32)
	at org.junit.platform.engine.support.hierarchical.HierarchicalTestExecutor.execute(HierarchicalTestExecutor.java:57)
	at org.junit.platform.engine.support.hierarchical.HierarchicalTestEngine.execute(HierarchicalTestEngine.java:51)
	at org.junit.platform.launcher.core.DefaultLauncher.execute(DefaultLauncher.java:220)
	at org.junit.platform.launcher.core.DefaultLauncher.lambda$execute$6(DefaultLauncher.java:188)
	at org.junit.platform.launcher.core.DefaultLauncher.withInterceptedStreams(DefaultLauncher.java:202)
	at org.junit.platform.launcher.core.DefaultLauncher.execute(DefaultLauncher.java:181)
	at org.junit.platform.launcher.core.DefaultLauncher.execute(DefaultLauncher.java:128)
	at org.apache.maven.surefire.junitplatform.JUnitPlatformProvider.invokeAllTests(JUnitPlatformProvider.java:142)
	at org.apache.maven.surefire.junitplatform.JUnitPlatformProvider.invoke(JUnitPlatformProvider.java:117)
	at org.apache.maven.surefire.booter.ForkedBooter.invokeProviderInSameClassLoader(ForkedBooter.java:384)
	at org.apache.maven.surefire.booter.ForkedBooter.runSuitesInProcess(ForkedBooter.java:345)
	at org.apache.maven.surefire.booter.ForkedBooter.execute(ForkedBooter.java:126)
	at org.apache.maven.surefire.booter.ForkedBooter.main(ForkedBooter.java:418)
OK
OK
[INFO] Tests run: 11, Failures: 0, Errors: 0, Skipped: 0, Time elapsed: 0.01 s - in org.assertj.examples.ExceptionAssertionsExamples
[INFO] Running org.assertj.examples.CharAssertionsExamples
[INFO] Tests run: 2, Failures: 0, Errors: 0, Skipped: 0, Time elapsed: 0.001 s - in org.assertj.examples.CharAssertionsExamples
[INFO] Running org.assertj.examples.GeneratedBddAssertionsExamples
[INFO] Tests run: 1, Failures: 0, Errors: 0, Skipped: 0, Time elapsed: 0.001 s - in org.assertj.examples.GeneratedBddAssertionsExamples
[INFO] Running org.assertj.examples.ComparableAssertionsExamples
20:35:43.933 [main] INFO [ERROR MESSAGE EXAMPLE] - isGreaterThan for generic assertion :

Expecting actual:
  4
to be greater than:
  8


[INFO] Tests run: 1, Failures: 0, Errors: 0, Skipped: 0, Time elapsed: 0.001 s - in org.assertj.examples.ComparableAssertionsExamples
[INFO] Running org.assertj.examples.PathAssertionsExamples
20:35:43.946 [main] INFO [ERROR MESSAGE EXAMPLE] - path hasContent assertion :

Path:
  target/xfile.txt
read with charset UTF-8 does not have the expected content:

Changed content at line 1:
expecting:
  ["La Vérité Est Ailleurs"]
but was:
  ["The Truth Is Out There"]


20:35:43.949 [main] INFO [ERROR MESSAGE EXAMPLE] - path hasSameContentAs assertion :

Path:
  target/xfile.txt
and path:
  target/xfile-french.txt
do not have same content:

Changed content at line 1:
expecting:
  ["La Vérité Est Ailleurs"]
but was:
  ["The Truth Is Out There"]


20:35:43.952 [main] INFO [ERROR MESSAGE EXAMPLE] - path exists assertion :

Expecting path:
  nonexistent
to exist (symbolic links were followed).

20:35:43.952 [main] INFO [ERROR MESSAGE EXAMPLE] - path existsNoFollowLinks assertion :

Expecting path:
  nonexistent
to exist (symbolic links were not followed).

20:35:43.952 [main] INFO [ERROR MESSAGE EXAMPLE] - path exists assertion :

Expecting path:
  symlinkToNonExistentPath
to exist (symbolic links were followed).

20:35:43.953 [main] INFO [ERROR MESSAGE EXAMPLE] - path hasParentRaw assertion :

Expecting path
  target/dir
to have parent:
  target/dir/..
but had:
  target.

20:35:43.953 [main] INFO [ERROR MESSAGE EXAMPLE] - path doesNotExist not following links assertion :

Expecting path:
  symlinkToNonExistentPath
not to exist

20:35:43.953 [main] INFO [ERROR MESSAGE EXAMPLE] - path exists assertion :

Expecting path:
  nonexistent
to exist (symbolic links were followed).

20:35:43.955 [main] INFO [ERROR MESSAGE EXAMPLE] - path hasBinaryContent with charset  assertion :

Path:
  target/xfile.turkish
does not have expected binary content at offset 3, expecting:
  "0xC3"
but was:
  "0xE7"

[ERROR] Tests run: 6, Failures: 1, Errors: 0, Skipped: 0, Time elapsed: 0.002 s <<< FAILURE! - in org.assertj.examples.PathAssertionsExamples
[ERROR] directory_assertions  Time elapsed: 0 s  <<< FAILURE!
java.lang.AssertionError: 

Expecting path:
  src/test/resources/empty
to exist (symbolic links were followed).
	at org.assertj.examples.PathAssertionsExamples.directory_assertions(PathAssertionsExamples.java:297)

[INFO] Running org.assertj.examples.db.TableAssertionExamples
[INFO] Tests run: 25, Failures: 0, Errors: 0, Skipped: 0, Time elapsed: 0.522 s - in org.assertj.examples.db.TableAssertionExamples
[INFO] Running org.assertj.examples.db.NavigationExamples
[INFO] Tests run: 3, Failures: 0, Errors: 0, Skipped: 0, Time elapsed: 0.087 s - in org.assertj.examples.db.NavigationExamples
[INFO] Running org.assertj.examples.db.ChangesAssertionExamples
[INFO] Tests run: 26, Failures: 0, Errors: 0, Skipped: 0, Time elapsed: 0.742 s - in org.assertj.examples.db.ChangesAssertionExamples
[INFO] Running org.assertj.examples.db.RequestAssertionExamples
[INFO] Tests run: 24, Failures: 0, Errors: 0, Skipped: 0, Time elapsed: 0.001 s - in org.assertj.examples.db.RequestAssertionExamples
[INFO] Running org.assertj.examples.ArrayAssertionsExamples
20:35:45.482 [main] INFO [ERROR MESSAGE EXAMPLE] - asHexadecimal for byte array assertion :

Expecting Byte[]:
  [0x10, 0x20]
to contain:
  [0x30]
but could not find the following byte(s):
  [0x30]


20:35:45.483 [main] INFO [ERROR MESSAGE EXAMPLE] - asHexadecimal for byte array assertion :

Expecting byte[]:
  [0x7A, 0xC3, 0xB3, 0x6C, 0x63]
to contain:
  [0xBF, 0xF3, 0xB3, 0xE6]
but could not find the following byte(s):
  [0xBF, 0xF3, 0xE6]


20:35:45.512 [main] INFO [ERROR MESSAGE EXAMPLE] - containsOnlyOnce assertion :

Expecting actual:
  [java.awt.Rectangle[x=0,y=0,width=1,height=1],
    java.awt.Rectangle[x=0,y=0,width=2,height=2],
    java.awt.Rectangle[x=0,y=0,width=2,height=2]]
to contain only once:
  [java.awt.Rectangle[x=0,y=0,width=0,height=0],
    java.awt.Rectangle[x=0,y=0,width=1,height=1],
    java.awt.Rectangle[x=0,y=0,width=2,height=2]]
but some elements were not found:
  [java.awt.Rectangle[x=0,y=0,width=0,height=0]]
and others were found more than once:
  [java.awt.Rectangle[x=0,y=0,width=2,height=2]]


20:35:45.516 [main] INFO [ERROR MESSAGE EXAMPLE] - inUnicode for char array assertion :

expected: [a, b, \u00f3]
 but was: [a, 6, c]

20:35:45.520 [main] INFO [ERROR MESSAGE EXAMPLE] - contains for Iterable using field by field element comparator assertion :

Expecting Employee[]:
  [Person[name=Bill]]
to contain:
  [Person[name=Bill]]
but could not find the following employee(s):
  [Person[name=Bill]]
when comparing values using field/property by field/property comparator on all fields/properties
Comparators used:
- for elements fields (by type): {Double -> DoubleComparator[precision=1.0E-15], Float -> FloatComparator[precision=1.0E-6], Path -> lexicographic comparator (Path natural order)}
- for elements (by type): {Double -> DoubleComparator[precision=1.0E-15], Float -> FloatComparator[precision=1.0E-6], Path -> lexicographic comparator (Path natural order)}

20:35:45.521 [main] INFO [ERROR MESSAGE EXAMPLE] - contains for Iterable usingElementComparatorOnFields assertion :

Expecting Employee[]:
  [Person[name=Bill]]
to contain:
  [Person[name=Bill]]
but could not find the following employee(s):
  [Person[name=Bill]]
when comparing values using single field/property comparator on field/property "age"
Comparators used:
- for elements fields (by type): {Double -> DoubleComparator[precision=1.0E-15], Float -> FloatComparator[precision=1.0E-6], Path -> lexicographic comparator (Path natural order)}
- for elements (by type): {Double -> DoubleComparator[precision=1.0E-15], Float -> FloatComparator[precision=1.0E-6], Path -> lexicographic comparator (Path natural order)}

20:35:45.522 [main] INFO [ERROR MESSAGE EXAMPLE] - contains for Iterable usingElementComparatorOnFields assertion :

Expecting TolkienCharacter[]:
  [Frodo 33 years old Hobbit]
to contain:
  [Sam 38 years old Hobbit]
but could not find the following tolkiencharacter(s):
  [Sam 38 years old Hobbit]
when comparing values using field/property by field/property comparator on fields/properties ["name", "race"]
Comparators used:
- for elements fields (by type): {Double -> DoubleComparator[precision=1.0E-15], Float -> FloatComparator[precision=1.0E-6], Path -> lexicographic comparator (Path natural order)}
- for elements (by type): {Double -> DoubleComparator[precision=1.0E-15], Float -> FloatComparator[precision=1.0E-6], Path -> lexicographic comparator (Path natural order)}

20:35:45.523 [main] INFO [ERROR MESSAGE EXAMPLE] - isSorted with custom element comparator assertion :

Expecting TolkienCharacter[]:
  [Frodo 33 years old Hobbit,
    Sam 38 years old Hobbit,
    Merry 36 years old Hobbit,
    Pippin 28 years old Hobbit,
    Gandalf 2020 years old Maia,
    Legolas 1000 years old Elf,
    Gimli 139 years old Dwarf,
    Aragorn 87 years old Man,
    Boromir 37 years old Man]
to contain:
  [Sauron 50000 years old Maia]
but could not find the following tolkiencharacter(s):
  [Sauron 50000 years old Maia]


20:35:45.525 [main] INFO [ERROR MESSAGE EXAMPLE] - isSubsetOf assertion :

Expecting :
  [vilya, nenya, narya]
to be subset of
  [nenya, narya]
but found these extra elements:
  [vilya]

20:35:45.533 [main] INFO [ERROR MESSAGE EXAMPLE] - isSorted with custom element comparator assertion :

group is not sorted according to TolkienCharacterAgeComparator comparator because element 0:
  Gandalf 2020 years old Maia
is not less or equal than element 1:
  Sam 38 years old Hobbit
group was:
  [Gandalf 2020 years old Maia, Sam 38 years old Hobbit]

20:35:45.533 [main] INFO [ERROR MESSAGE EXAMPLE] - doesNotHaveDuplicates with custom element comparator assertion :

Found duplicate(s):
  [Frodo 33 years old Hobbit]
in:
  [Sam 38 years old Hobbit,
    Gandalf 2020 years old Maia,
    Frodo 33 years old Hobbit]
when comparing values using TolkienCharacterRaceNameComparator

20:35:45.539 [main] INFO [ERROR MESSAGE EXAMPLE] - containsOnlyOnce for int array assertion :

Expecting actual:
  [1, 2, 1]
to contain only once:
  [1]
but some elements were found more than once:
  [1]


20:35:45.539 [main] INFO [ERROR MESSAGE EXAMPLE] - containsOnlyOnce for int array assertion :

Expecting actual:
  [1, 2, 3]
to contain only once:
  [4]
but some elements were not found:
  [4]


20:35:45.539 [main] INFO [ERROR MESSAGE EXAMPLE] - containsOnlyOnce for int array assertion :

Expecting actual:
  [1, 2, 3, 3, 1]
to contain only once:
  [0, 1, 2, 3, 4, 5]
but some elements were not found:
  [0, 4, 5]
and others were found more than once:
  [1, 3]


20:35:45.542 [main] INFO [ERROR MESSAGE EXAMPLE] - containsSubsequence for Array assertion :

Expecting actual to contain the specified subsequence but failed to find the element at subsequence index 1 in actual:
subsequence element not found in actual:
  "A"
actual:
  ["A", "B", "C", "D"]
subsequence:
  ["B", "A", "C"]

[INFO] Tests run: 22, Failures: 0, Errors: 0, Skipped: 0, Time elapsed: 0.001 s - in org.assertj.examples.ArrayAssertionsExamples
[INFO] Running org.assertj.examples.FileAssertionsExamples
20:35:45.550 [main] INFO [ERROR MESSAGE EXAMPLE] - file with unexpected parent. assertion :

Expecting file
  /tmp/marshal-assertj-examples-a0-20260824/assertions-examples/target/xFile.secret
to have parent:
  /tmp/marshal-assertj-examples-a0-20260824/assertions-examples/xDirectory
but had:
  /tmp/marshal-assertj-examples-a0-20260824/assertions-examples/target.

20:35:45.550 [main] INFO [ERROR MESSAGE EXAMPLE] - file with unexpected extension. assertion :

Expecting
  /tmp/marshal-assertj-examples-a0-20260824/assertions-examples/target/xFile.secret
to have extension:
  "png"
but had:
  "secret".

20:35:45.550 [main] INFO [ERROR MESSAGE EXAMPLE] - file without extension. assertion :

Expecting
  /tmp/marshal-assertj-examples-a0-20260824/assertions-examples/target/xFile
to have extension:
  "secret"
but had no extension.

20:35:45.551 [main] INFO [ERROR MESSAGE EXAMPLE] - file with unexpected name. assertion :

Expecting
  /tmp/marshal-assertj-examples-a0-20260824/assertions-examples/target/xFile.secret
to have name:
  "xFile"
but had:
  "xFile.secret"

20:35:45.551 [main] INFO [ERROR MESSAGE EXAMPLE] - file diff assertion :

File:
  /tmp/marshal-assertj-examples-a0-20260824/assertions-examples/target/actual
and file:
  /tmp/marshal-assertj-examples-a0-20260824/assertions-examples/target/expected
do not have same content:

Missing content at line 1:
  ["------"]

Changed content at line 4:
expecting:
  ["CCCCCC"]
but was:
  ["cccccc"]

Missing content at line 6:
  ["eeeeee"]


[ERROR] Tests run: 6, Failures: 1, Errors: 0, Skipped: 0, Time elapsed: 0.001 s <<< FAILURE! - in org.assertj.examples.FileAssertionsExamples
[ERROR] directory_assertions  Time elapsed: 0 s  <<< FAILURE!
java.lang.AssertionError: 

Expecting path:
  src/test/resources/empty
to exist (symbolic links were followed).
	at org.assertj.examples.FileAssertionsExamples.directory_assertions(FileAssertionsExamples.java:166)

[INFO] Running org.assertj.examples.JUnitBDDSoftAssertionsExamples
[INFO] Tests run: 2, Failures: 0, Errors: 0, Skipped: 0, Time elapsed: 0.175 s - in org.assertj.examples.JUnitBDDSoftAssertionsExamples
[INFO] Running org.assertj.examples.Java8DateTimeAssertionsExamples
20:35:45.814 [main] INFO [ERROR MESSAGE EXAMPLE] - isEqualTo with time zone change adjustment assertion :

expected: 2000-01-01T00:00+01:00 (java.time.ZonedDateTime)
 but was: 2000-01-01T00:00Z (java.time.ZonedDateTime)
when comparing values using 'ChronoZonedDateTime.timeLineOrder()'

20:35:45.817 [main] INFO [ERROR MESSAGE EXAMPLE] - isEqualToIgnoringHours with time zone change adjustment assertion :

Expecting actual:
  2000-01-01T00:00Z (java.time.ZonedDateTime)
to have same year, month and day as:
  1999-12-31T23:00Z (java.time.ZonedDateTime)
but had not.

20:35:45.822 [main] INFO [ERROR MESSAGE EXAMPLE] - Instant.isCloseTo assertion :

Expecting actual:
  2000-01-01T00:00:00Z
to be close to:
  1999-12-31T23:59:59.990Z
within 1 Millis but difference was 10 Millis

20:35:45.826 [main] INFO [ERROR MESSAGE EXAMPLE] - LocalDateTimeAssert.isEqualToIgnoringNanos assertion :

Expecting actual:
  2000-01-01T00:00:01 (java.time.LocalDateTime)
to have same year, month, day, hour, minute and second as:
  2000-01-01T00:00:00.999999999 (java.time.LocalDateTime)
but had not.

20:35:45.826 [main] INFO [ERROR MESSAGE EXAMPLE] - LocalDateTimeAssert.isEqualToIgnoringSeconds assertion :

Expecting actual:
  2000-01-01T23:50 (java.time.LocalDateTime)
to have same year, month, day, hour and minute as:
  2000-01-01T23:49:59.999999999 (java.time.LocalDateTime)
but had not.

20:35:45.826 [main] INFO [ERROR MESSAGE EXAMPLE] - LocalDateTimeAssert.isEqualToIgnoringMinutes assertion :

Expecting actual:
  2000-01-01T01:00 (java.time.LocalDateTime)
to have same year, month, day and hour as:
  2000-01-01T00:59:59.999999999 (java.time.LocalDateTime)
but had not.

20:35:45.826 [main] INFO [ERROR MESSAGE EXAMPLE] - LocalDateTimeAssert.isEqualToIgnoringHours assertion :

Expecting actual:
  2000-01-02T00:00 (java.time.LocalDateTime)
to have same year, month and day as:
  2000-01-01T23:59:59.999999999 (java.time.LocalDateTime)
but had not.

20:35:45.828 [main] INFO [ERROR MESSAGE EXAMPLE] - isEqualTo with time zone change adjustment assertion :

expected: 2000-01-01T00:00+01:00 (java.time.OffsetDateTime)
 but was: 2000-01-01T00:00Z (java.time.OffsetDateTime)
when comparing values using 'OffsetDateTime.timeLineOrder()'

[INFO] Tests run: 7, Failures: 0, Errors: 0, Skipped: 0, Time elapsed: 0.023 s - in org.assertj.examples.Java8DateTimeAssertionsExamples
[INFO] Running org.assertj.examples.StringAssertionsExamples
20:35:45.831 [main] INFO [ERROR MESSAGE EXAMPLE] - asHexadecimal() for String assertion :

Expecting actual:
  "['0x00B5', '0x00B5', '0x00B5']"
to contain:
  "['0x03BC', '0x03BC', '0x03BC']" 

20:35:45.837 [main] INFO [ERROR MESSAGE EXAMPLE] - asUnicode() for String assertion :

Expecting actual:
  \u00b5\u00b5\u00b5
to contain:
  \u03bc\u03bc\u03bc 

20:35:45.838 [main] INFO [ERROR MESSAGE EXAMPLE] - startsWith with custom comparator assertion :

Expecting actual:
  "Frodo"
to start with:
  "FROO"
when comparing values using CaseInsensitiveStringComparator

20:35:45.839 [main] INFO 
 - ["A Game of Thrones",
    "The Lord of the Rings",
    "Assassin's Apprentice  ....",
    "Disc World"]
20:35:45.844 [main] INFO [ERROR MESSAGE EXAMPLE] - String containsOnlyOnce assertion :

Expecting actual:
  "o"
to appear only once in:
  "Frodo"
but it appeared 2 times 

20:35:45.844 [main] INFO [ERROR MESSAGE EXAMPLE] - String contains with several values assertion :

Expecting actual:
  "Gandalf the grey"
to contain:
  ["alf", "grey", "wizard", "ring"]
but could not find:
  ["wizard", "ring"]
 

20:35:45.846 [main] INFO [ERROR MESSAGE EXAMPLE] - String containsSequence with incorrect order assertion :

Expecting actual:
  "{ 'title':'A Game of Thrones', 'author':'George Martin'}"
to contain the following CharSequences in this order:
  [":", "'title'", "'A Game of Thrones'"]
but "'title'" was found before ":"


20:35:45.928 [main] INFO [ERROR MESSAGE EXAMPLE] - XML string comparison (isXmlEqualTo) assertion :

expected: 
  "<rings>
      <bearer>
          <name>Frodo</name>
          <ring>
              <name>one ring</name>
              <createdBy>Sauron</createdBy>
          </ring>
      </bearer>
  </rings>
  "
 but was: 
  "<rings>
      <bearer>
          <name>Sauron</name>
          <ring>
              <name>one ring</name>
              <createdBy>Sauron</createdBy>
          </ring>
      </bearer>
  </rings>
  "

[INFO] Tests run: 15, Failures: 0, Errors: 0, Skipped: 0, Time elapsed: 0.095 s - in org.assertj.examples.StringAssertionsExamples
[INFO] Running org.assertj.examples.OptionalAssertionsExamples
20:35:45.930 [main] INFO [ERROR MESSAGE EXAMPLE] - OptionalAssert.hasValueSatisfying with condition assertion :

Expecting actual:
  Frodo 33 years old Hobbit
to be an elf

20:35:45.934 [main] INFO [ERROR MESSAGE EXAMPLE] - OptionalAssert.isPresent assertion :

Expecting Optional to contain a value but it was empty.

20:35:45.935 [main] INFO [ERROR MESSAGE EXAMPLE] - OptionalAssert.contains assertion :

Expecting Optional to contain:
  "Test"
but was empty.

20:35:45.935 [main] INFO [ERROR MESSAGE EXAMPLE] - OptionalAssert.contains assertion :

Expecting actual:
  Optional[Test]
to contain:
  "Foo"
but did not.

20:35:45.935 [main] INFO [ERROR MESSAGE EXAMPLE] - OptionalAssert.isEmpty assertion :

Expecting an empty Optional but was containing value: "Test"

20:35:45.935 [main] INFO [ERROR MESSAGE EXAMPLE] - OptionalAssert.containing assertion :

expected: "Not Test"
 but was: "Test"

20:35:45.935 [main] INFO [ERROR MESSAGE EXAMPLE] - OptionalAssert.containing assertion :

Expecting Optional to contain a value but it was empty.

[INFO] Tests run: 7, Failures: 0, Errors: 0, Skipped: 0, Time elapsed: 0.004 s - in org.assertj.examples.OptionalAssertionsExamples
[INFO] Running org.assertj.examples.AtomicAssertionsExamples
[INFO] Tests run: 1, Failures: 0, Errors: 0, Skipped: 0, Time elapsed: 0.001 s - in org.assertj.examples.AtomicAssertionsExamples
[INFO] Running org.assertj.examples.PredicateAssertionsExamples
[INFO] Tests run: 3, Failures: 0, Errors: 0, Skipped: 0, Time elapsed: 0.004 s - in org.assertj.examples.PredicateAssertionsExamples
[INFO] Running org.assertj.examples.Array2DAssertionsExamples
[INFO] Tests run: 1, Failures: 0, Errors: 0, Skipped: 0, Time elapsed: 0 s - in org.assertj.examples.Array2DAssertionsExamples
[INFO] Running org.assertj.examples.data.BasketBallAssertExamples
[INFO] Tests run: 2, Failures: 0, Errors: 0, Skipped: 0, Time elapsed: 0 s - in org.assertj.examples.data.BasketBallAssertExamples
[INFO] Running org.assertj.examples.MapAssertionsExamples
20:35:46.183 [main] INFO [ERROR MESSAGE EXAMPLE] - display sorted maps in error message assertion :

expected: {"a"=1, "b"=1}
 but was: {"a"=1, "b"=2}

20:35:46.186 [main] INFO [ERROR MESSAGE EXAMPLE] - containsOnlyKeys with not found and not expected keys. assertion :

Expecting actual:
  {oneRing=Frodo 33 years old Hobbit, vilya=Elrond 3000 years old Elf, nenya=Galadriel 3000 years old Elf, narya=Gandalf 2020 years old Maia}
to contain only following keys:
  [nenya, narya, dwarfRing]
keys not found:
  [dwarfRing]
and keys not expected:
  [vilya, oneRing]


20:35:46.188 [main] INFO [ERROR MESSAGE EXAMPLE] - containsOnly with not found and not expected elements. assertion :

Expecting map:
  {"Frodo"=Frodo 33 years old Hobbit, "Galadriel"=Galadriel 3000 years old Elf, "Gandalf"=Gandalf 2020 years old Maia, "Sam"=Sam 38 years old Hobbit}
to contain only:
  ["Sam"=Sam 38 years old Hobbit,
    "Frodo"=Frodo 33 years old Hobbit,
    "Aragorn"=Aragorn 87 years old Man]
map entries not found:
  ["Aragorn"=Aragorn 87 years old Man]
and map entries not expected:
  ["Galadriel"=Galadriel 3000 years old Elf,
    "Gandalf"=Gandalf 2020 years old Maia]


20:35:46.188 [main] INFO [ERROR MESSAGE EXAMPLE] - containsExactly is disorder. assertion :

Actual and expected have the same elements but not in the same order, at index 1 actual element was:
  "Galadriel"=Galadriel 3000 years old Elf
whereas expected element was:
  "Sam"=Sam 38 years old Hobbit


[INFO] Tests run: 12, Failures: 0, Errors: 0, Skipped: 0, Time elapsed: 0.26 s - in org.assertj.examples.MapAssertionsExamples
[INFO] Running org.assertj.examples.UriAssertionsExamples
[INFO] Tests run: 2, Failures: 0, Errors: 0, Skipped: 0, Time elapsed: 0 s - in org.assertj.examples.UriAssertionsExamples
[INFO] Running org.assertj.examples.SpliteratorExamples
[INFO] Tests run: 1, Failures: 0, Errors: 0, Skipped: 0, Time elapsed: 0 s - in org.assertj.examples.SpliteratorExamples
[INFO] Running org.assertj.examples.AssumptionExamples
[WARNING] Tests run: 10, Failures: 0, Errors: 0, Skipped: 7, Time elapsed: 0.305 s - in org.assertj.examples.AssumptionExamples
[INFO] Running org.assertj.examples.WithAssertionsExamples
[INFO] Tests run: 1, Failures: 0, Errors: 0, Skipped: 0, Time elapsed: 0 s - in org.assertj.examples.WithAssertionsExamples
[INFO] Running org.assertj.examples.IterableAssertionsExamples
20:35:46.541 [main] INFO [ERROR MESSAGE EXAMPLE] - asHexadecimal for byte list assertion :

Expecting ArrayList:
  [0x10, 0x20]
to contain:
  [0x30]
but could not find the following element(s):
  [0x30]


20:35:46.548 [main] INFO [ERROR MESSAGE EXAMPLE] - containsOnly assertion :

Expecting :
  [vilya, nenya, narya]
to be subset of
  [vilya, nenya, vilya, oneRing]
but found these extra elements:
  [narya]

20:35:46.548 [main] INFO [ERROR MESSAGE EXAMPLE] - containsAll assertion :

Expecting ArrayList:
  [vilya, nenya, narya]
to contain:
  [oneRing, vilya, nenya, narya, dwarfRing, manRing]
but could not find the following element(s):
  [oneRing, dwarfRing, manRing]


20:35:46.551 [main] INFO [ERROR MESSAGE EXAMPLE] - doesNotContainAnyElementsOf assertion :

Expecting
  ["GIT", "cvs", "SOURCESAFE"]
not to contain
  ["git", "cvs", "subversion"]
but found
  ["cvs"]


20:35:46.554 [main] INFO [ERROR MESSAGE EXAMPLE] - 
Actual and expected have the same elements but not in the same order, at index 0 actual element was:
  vilya
whereas expected element was:
  nenya

20:35:46.554 [main] INFO [ERROR MESSAGE EXAMPLE] - containsExactly assertion :

Actual and expected have the same elements but not in the same order, at index 0 actual element was:
  vilya
whereas expected element was:
  nenya


20:35:46.554 [main] INFO [ERROR MESSAGE EXAMPLE] - containsExactly with same elements appearing several time assertion :

Expecting actual:
  ["a", "a", "a"]
to contain exactly (and in same order):
  ["a", "a"]
but some elements were not expected:
  ["a"]


20:35:46.554 [main] INFO [ERROR MESSAGE EXAMPLE] - 
Actual and expected have the same elements but not in the same order, at index 0 actual element was:
  narya
whereas expected element was:
  vilya

20:35:46.554 [main] INFO [ERROR MESSAGE EXAMPLE] - containsExactlyElementsOf with elements in different order assertion :

Actual and expected have the same elements but not in the same order, at index 0 actual element was:
  narya
whereas expected element was:
  vilya


20:35:46.555 [main] INFO [ERROR MESSAGE EXAMPLE] - isSubsetOf assertion :

Expecting :
  [vilya, nenya, narya]
to be subset of
  [nenya, narya]
but found these extra elements:
  [vilya]

20:35:46.560 [main] INFO [ERROR MESSAGE EXAMPLE] - display collection with one element per line assertion :

Expecting ArrayList:
  [Frodo 33 years old Hobbit,
    Sam 38 years old Hobbit,
    Merry 36 years old Hobbit,
    Pippin 28 years old Hobbit,
    Gandalf 2020 years old Maia,
    Legolas 1000 years old Elf,
    Gimli 139 years old Dwarf,
    Aragorn 87 years old Man,
    Boromir 37 years old Man]
to contain:
  [Sauron 50000 years old Maia]
but could not find the following element(s):
  [Sauron 50000 years old Maia]


20:35:46.563 [main] INFO [ERROR MESSAGE EXAMPLE] - contains for Iterable using field by field element comparator assertion :

Expecting ArrayList:
  [Person[name=Bill]]
to contain:
  [Person[name=Bill]]
but could not find the following element(s):
  [Person[name=Bill]]
when comparing values using field/property by field/property comparator on all fields/properties
Comparators used:
- for elements fields (by type): {Double -> DoubleComparator[precision=1.0E-15], Float -> FloatComparator[precision=1.0E-6], Path -> lexicographic comparator (Path natural order)}
- for elements (by type): {Double -> DoubleComparator[precision=1.0E-15], Float -> FloatComparator[precision=1.0E-6], Path -> lexicographic comparator (Path natural order)}

20:35:46.564 [main] INFO [ERROR MESSAGE EXAMPLE] - contains for Iterable usingElementComparatorOnFields assertion :

Expecting ArrayList:
  [Person[name=Bill]]
to contain:
  [Person[name=Bill]]
but could not find the following element(s):
  [Person[name=Bill]]
when comparing values using single field/property comparator on field/property "age"
Comparators used:
- for elements fields (by type): {Double -> DoubleComparator[precision=1.0E-15], Float -> FloatComparator[precision=1.0E-6], Path -> lexicographic comparator (Path natural order)}
- for elements (by type): {Double -> DoubleComparator[precision=1.0E-15], Float -> FloatComparator[precision=1.0E-6], Path -> lexicographic comparator (Path natural order)}

20:35:46.565 [main] INFO [ERROR MESSAGE EXAMPLE] - contains for Iterable usingElementComparatorOnFields assertion :

Expecting ArrayList:
  [Frodo 33 years old Hobbit]
to contain:
  [Sam 38 years old Hobbit]
but could not find the following element(s):
  [Sam 38 years old Hobbit]
when comparing values using field/property by field/property comparator on fields/properties ["name", "race"]
Comparators used:
- for elements fields (by type): {Double -> DoubleComparator[precision=1.0E-15], Float -> FloatComparator[precision=1.0E-6], Path -> lexicographic comparator (Path natural order)}
- for elements (by type): {Double -> DoubleComparator[precision=1.0E-15], Float -> FloatComparator[precision=1.0E-6], Path -> lexicographic comparator (Path natural order)}

20:35:46.566 [main] INFO [ERROR MESSAGE EXAMPLE] - asBinary for byte list assertion :

expected: [Foo [id=id, bar=2]]
 but was: [Foo [id=id, bar=1]]
when comparing elements using field/property by field/property comparator on all fields/properties
Comparators used:
- for elements fields (by type): {Double -> DoubleComparator[precision=1.0E-15], Float -> FloatComparator[precision=1.0E-6], Path -> lexicographic comparator (Path natural order)}
- for elements (by type): {Double -> DoubleComparator[precision=1.0E-15], Float -> FloatComparator[precision=1.0E-6], Path -> lexicographic comparator (Path natural order)}

20:35:46.567 [main] INFO [ERROR MESSAGE EXAMPLE] - asBinary for byte list assertion :

expected: [Foo [id=id, bar=2]]
 but was: [Foo [id=id, bar=1]]
when comparing elements using field/property by field/property comparator on all fields/properties
Comparators used:
- for elements fields (by type): {Double -> DoubleComparator[precision=1.0E-15], Float -> FloatComparator[precision=1.0E-6], Path -> lexicographic comparator (Path natural order)}
- for elements (by type): {Double -> DoubleComparator[precision=1.0E-15], Float -> FloatComparator[precision=1.0E-6], Path -> lexicographic comparator (Path natural order)}

20:35:46.568 [main] INFO [ERROR MESSAGE EXAMPLE] - asBinary for byte list assertion :

Expecting ArrayList:
  [0b00010000, 0b00100000]
to contain:
  [0b00110000]
but could not find the following element(s):
  [0b00110000]


20:35:46.575 [main] INFO [ERROR MESSAGE EXAMPLE] - containsOnlyOnce for Iterable assertion :

Expecting actual:
  ["Aria", "Stark", "daughter", "of", "Ned", "Stark"]
to contain only once:
  ["Stark"]
but some elements were found more than once:
  ["Stark"]


20:35:46.575 [main] INFO [ERROR MESSAGE EXAMPLE] - containsOnlyOnce for Iterable assertion :

Expecting actual:
  ["winter", "is", "coming"]
to contain only once:
  ["Lannister"]
but some elements were not found:
  ["Lannister"]


20:35:46.575 [main] INFO [ERROR MESSAGE EXAMPLE] - containsOnlyOnce for Iterable assertion :

Expecting actual:
  ["Aria", "Stark", "daughter", "of", "Ned", "Stark"]
to contain only once:
  ["Stark", "Lannister", "Aria"]
but some elements were not found:
  ["Lannister"]
and others were found more than once:
  ["Stark"]


20:35:46.576 [main] INFO [ERROR MESSAGE EXAMPLE] - containsSubsequence for Iterable assertion :

Expecting actual to contain the specified subsequence but failed to find the element at subsequence index 1 in actual:
subsequence element not found in actual:
  "A"
actual:
  ["A", "B", "C", "D"]
subsequence:
  ["B", "A", "C"]

[INFO] Tests run: 41, Failures: 0, Errors: 0, Skipped: 0, Time elapsed: 0.003 s - in org.assertj.examples.IterableAssertionsExamples
[INFO] Running org.assertj.examples.condition.UsingConditionExamples
20:35:46.586 [main] INFO [ERROR MESSAGE EXAMPLE] - anyOf_and_allOf_conditions_error_message_example assertion :

Expecting actual:
  "Gandalf"
to have:
[✗] any of:[
   [✗] contains i,
   [✗] all of:[
      [✗] contains o,
      [✓] any of:[
         [✓] contains a,
         [✗] contains b,
         [✗] contains c
      ]
   ]
]

20:35:46.588 [main] INFO [ERROR MESSAGE EXAMPLE] - condition_example_on_multiple_elements assertion :

Expecting elements:
  [BasketBallPlayer[Joachim Noah, team=Knicks]]
of
  [BasketBallPlayer[Derrick Rose, team=Cavs],
    BasketBallPlayer[Joachim Noah, team=Knicks]]
to be a potential MVP

20:35:46.592 [main] INFO [ERROR MESSAGE EXAMPLE] - has_condition_example assertion :

Expecting actual:
  BasketBallPlayer[Derrick Rose, team=Cavs]
to have double double stats

[INFO] Tests run: 10, Failures: 0, Errors: 0, Skipped: 0, Time elapsed: 0 s - in org.assertj.examples.condition.UsingConditionExamples
[INFO] Running org.assertj.examples.IterableWithSpecificComparatorAssertionsExamples
20:35:46.599 [main] INFO [ERROR MESSAGE EXAMPLE] - contains for Iterable using field by field element comparator assertion :

Expecting ArrayList:
  [Person[name=Bill]]
to contain:
  [Person[name=Bill]]
but could not find the following element(s):
  [Person[name=Bill]]
when comparing values using field/property by field/property comparator on all fields/properties
Comparators used:
- for elements fields (by type): {Double -> DoubleComparator[precision=1.0E-15], Float -> FloatComparator[precision=1.0E-6], Path -> lexicographic comparator (Path natural order)}
- for elements (by type): {Double -> DoubleComparator[precision=1.0E-15], Float -> FloatComparator[precision=1.0E-6], Path -> lexicographic comparator (Path natural order)}

20:35:46.600 [main] INFO [ERROR MESSAGE EXAMPLE] - contains for Iterable usingElementComparatorOnFields assertion :

Expecting ArrayList:
  [Person[name=Bill]]
to contain:
  [Person[name=Bill]]
but could not find the following element(s):
  [Person[name=Bill]]
when comparing values using single field/property comparator on field/property "age"
Comparators used:
- for elements fields (by type): {Double -> DoubleComparator[precision=1.0E-15], Float -> FloatComparator[precision=1.0E-6], Path -> lexicographic comparator (Path natural order)}
- for elements (by type): {Double -> DoubleComparator[precision=1.0E-15], Float -> FloatComparator[precision=1.0E-6], Path -> lexicographic comparator (Path natural order)}

20:35:46.600 [main] INFO [ERROR MESSAGE EXAMPLE] - contains for Iterable usingElementComparatorOnFields assertion :

Expecting ArrayList:
  [Frodo 33 years old Hobbit]
to contain:
  [Sam 38 years old Hobbit]
but could not find the following element(s):
  [Sam 38 years old Hobbit]
when comparing values using field/property by field/property comparator on fields/properties ["name", "race"]
Comparators used:
- for elements fields (by type): {Double -> DoubleComparator[precision=1.0E-15], Float -> FloatComparator[precision=1.0E-6], Path -> lexicographic comparator (Path natural order)}
- for elements (by type): {Double -> DoubleComparator[precision=1.0E-15], Float -> FloatComparator[precision=1.0E-6], Path -> lexicographic comparator (Path natural order)}

20:35:46.605 [main] INFO [ERROR MESSAGE EXAMPLE] - doesNotContain with custom element comparator assertion :

Expecting
  [Gandalf 2020 years old Maia, Sam 38 years old Hobbit]
not to contain
  [Sauron 50000 years old Maia]
but found
  [Sauron 50000 years old Maia]
when comparing values using TolkienCharacterRaceNameComparator

20:35:46.605 [main] INFO [ERROR MESSAGE EXAMPLE] - doesNotHaveDuplicates with custom element comparator assertion :

Found duplicate(s):
  [Frodo 33 years old Hobbit]
in:
  [Sam 38 years old Hobbit,
    Gandalf 2020 years old Maia,
    Frodo 33 years old Hobbit]
when comparing values using TolkienCharacterRaceNameComparator

[ERROR] Tests run: 4, Failures: 1, Errors: 0, Skipped: 0, Time elapsed: 0.001 s <<< FAILURE! - in org.assertj.examples.IterableWithSpecificComparatorAssertionsExamples
[ERROR] iterable_assertions_with_specific_comparator_by_element_field_or_type_examples  Time elapsed: 0 s  <<< FAILURE!
java.lang.AssertionError: 

Expecting Dude[]:
  [Dude [name=Frodo, height=1.2]]
to contain:
  [Dude [name=Frodo, height=1.3]]
but could not find the following dude(s):
  [Dude [name=Frodo, height=1.3]]
when comparing values using recursive field/property by field/property comparator on all fields/properties using the following configuration:
- no overridden equals methods were used in the comparison (except for java types)
- these types were compared with the following comparators:
  - java.lang.Double -> DoubleComparator[precision=1.0E-15]
  - java.lang.Float -> FloatComparator[precision=1.0E-6]
  - java.nio.file.Path -> lexicographic comparator (Path natural order)
- actual and expected objects and their fields were compared field by field recursively even if they were not of the same type, this allows for example to compare a Person to a PersonDto (call strictTypeChecking(true) to change that behavior).

	at org.assertj.examples.IterableWithSpecificComparatorAssertionsExamples.iterable_assertions_with_specific_comparator_by_element_field_or_type_examples(IterableWithSpecificComparatorAssertionsExamples.java:107)

[INFO] Running org.assertj.examples.SoftAssertionsExamples
20:35:46.718 [main] INFO [ERROR MESSAGE EXAMPLE] - BDD SoftAssertion errors example assertion :

Multiple Failures (1 failure)
-- failure 1 --
Expecting empty but was: [Frodo 33 years old Hobbit]

20:35:46.725 [main] INFO [ERROR MESSAGE EXAMPLE] - BDD SoftAssertion errors example assertion :

Multiple Failures (4 failures)
-- failure 1 --
[Living Guests] 
expected: 7
 but was: 6
-- failure 2 --
[Library] 
expected: "clean"
 but was: "messy"
-- failure 3 --
[Candlestick] 
expected: "pristine"
 but was: "bent"
-- failure 4 --
[Professor] 
expected: "well kempt"
 but was: "bloodied and disheveled"

20:35:46.867 [main] INFO [ERROR MESSAGE EXAMPLE] - SoftAssertion errors example assertion :

Multiple Failures (4 failures)
-- failure 1 --
Expecting actual:
  "Michael Jordan - Bulls"
to be less than:
  "Lebron" 
-- failure 2 --
Expecting actual:
  "Michael Jordan - Bulls"
to start with:
  "Mike"

-- failure 3 --
Expecting actual:
  "Michael Jordan - Bulls"
to contain:
  "Lakers" 
-- failure 4 --
Expecting actual:
  "Michael Jordan - Bulls"
to end with:
  "Chicago"


20:35:46.869 [main] INFO [ERROR MESSAGE EXAMPLE] - BDD SoftAssertion errors example assertion :

Multiple Failures (2 failures)
-- failure 1 --
Expecting ArrayList:
  [("Frodo", 33),
    ("Sam", 38),
    ("Merry", 36),
    ("Pippin", 28),
    ("Gandalf", 2020),
    ("Legolas", 1000),
    ("Gimli", 139),
    ("Aragorn", 87),
    ("Boromir", 37)]
to contain:
  [("Sauron", 1000)]
but could not find the following element(s):
  [("Sauron", 1000)]

-- failure 2 --
Expecting ArrayList:
  ["Hobbit", "Hobbit", "Hobbit", "Hobbit", "Maia", "Elf", "Dwarf", "Man", "Man"]
to contain:
  ["Man", "Orc"]
but could not find the following element(s):
  ["Orc"]


20:35:46.966 [main] INFO [ERROR MESSAGE EXAMPLE] - BDD SoftAssertion errors example assertion :

Multiple Failures (2 failures)
-- failure 1 --
Expecting String[]:
  ["Michael Jordan", "Tim Duncan"]
to contain:
  ["Kobe Bryant"]
but could not find the following string(s):
  ["Kobe Bryant"]

-- failure 2 --
Expecting
  ["Michael Jordan", "Tim Duncan"]
not to contain
  ["Tim Duncan"]
but found
  ["Tim Duncan"]


20:35:46.967 [main] INFO [ERROR MESSAGE EXAMPLE] - SoftAssertion errors example assertion :

Multiple Failures (4 failures)
-- failure 1 --
[Living Guests] 
expected: 7
 but was: 6
-- failure 2 --
[Library] 
expected: "clean"
 but was: "messy"
-- failure 3 --
[Candlestick] 
expected: "pristine"
 but was: "bent"
-- failure 4 --
[Professor] 
expected: "well kempt"
 but was: "bloodied and disheveled"

20:35:46.971 [main] INFO [ERROR MESSAGE EXAMPLE] - SoftAssertion errors example assertion :

Multiple Failures (3 failures)
-- failure 1 --
[check Frodo's race] 
expected: "Orc"
 but was: "Hobbit"
-- failure 2 --
[check Aragorn's age] 
Expecting actual:
  87
to be greater than:
  500

-- failure 3 --
[gandalf vs sauron] 
expected: Sauron 50000 years old Maia
 but was: Gandalf 2020 years old Maia

20:35:46.972 [main] INFO [ERROR MESSAGE EXAMPLE] - BDD SoftAssertion errors example assertion :

Multiple Failures (3 failures)
-- failure 1 --
Expecting actual:
  "Michael Jordan - Bulls"
to start with:
  "Mike"

-- failure 2 --
Expecting actual:
  "Michael Jordan - Bulls"
to contain:
  "Lakers" 
-- failure 3 --
Expecting actual:
  "Michael Jordan - Bulls"
to end with:
  "Chicago"


20:35:46.973 [main] INFO [ERROR MESSAGE EXAMPLE] - SoftAssertion errors example assertion :

Multiple Failures (4 failures)
-- failure 1 --
[Living Guests] 
expected: 7
 but was: 6
-- failure 2 --
[Candlestick] 
expected: "pristine"
 but was: "bent"
-- failure 3 --
[Professor] 
expected: "well kempt"
 but was: "bloodied and disheveled"
-- failure 4 --
[Library] 
expected: "clean"
 but was: "messy"

[ERROR] Tests run: 18, Failures: 1, Errors: 0, Skipped: 0, Time elapsed: 0.051 s <<< FAILURE! - in org.assertj.examples.SoftAssertionsExamples
[ERROR] build_soft_assertions_errors_report_example  Time elapsed: 0 s  <<< FAILURE!
org.opentest4j.AssertionFailedError: 

expected: 
  "Assertions report:
  ------------------
  [check Frodo's race] 
  expected: "Orc"
  but was : "Hobbit"
  ------------------
  [check Aragorn's age] 
  Expecting:
    87
  to be greater than:
    500
  
  "
 but was: 
  "Assertions report:
  ------------------
  [check Frodo's race] 
  expected: "Orc"
   but was: "Hobbit"
  ------------------
  [check Aragorn's age] 
  Expecting actual:
    87
  to be greater than:
    500
  
  "
	at org.assertj.examples.SoftAssertionsExamples.build_soft_assertions_errors_report_example(SoftAssertionsExamples.java:84)

[INFO] Running org.assertj.examples.JUnit5SoftAssertionsExamples
[WARNING] Tests run: 3, Failures: 0, Errors: 0, Skipped: 1, Time elapsed: 0.001 s - in org.assertj.examples.JUnit5SoftAssertionsExamples
[INFO] Running org.assertj.examples.CompletableFutureAssertionsExamples
20:35:46.982 [main] INFO [ERROR MESSAGE EXAMPLE] - CompletableFutureAssert.isCompletedWithValueMatching assertion :

Expecting actual:
  "something"
to match 'expected null' predicate.

20:35:46.983 [main] INFO [ERROR MESSAGE EXAMPLE] - CompletableFutureAssert.hasFailed assertion :

Expecting
  <CompletableFuture[Completed: "something"]>
to be completed exceptionally.
Be aware that the state of the future in this message might not reflect the one at the time when the assertion was performed as it is evaluated later on

[INFO] Tests run: 2, Failures: 0, Errors: 0, Skipped: 0, Time elapsed: 0 s - in org.assertj.examples.CompletableFutureAssertionsExamples
[INFO] Running org.assertj.examples.FutureAssertionsExamples
[INFO] Tests run: 1, Failures: 0, Errors: 0, Skipped: 0, Time elapsed: 0 s - in org.assertj.examples.FutureAssertionsExamples
[INFO] Running org.assertj.examples.AssertionsWithCustomComparatorExamples
20:35:46.990 [main] INFO [ERROR MESSAGE EXAMPLE] - isEqualTo with custom comparator assertion :

expected: Sauron 50000 years old Maia
 but was: Frodo 33 years old Hobbit
when comparing values using TolkienCharacterRaceNameComparator

20:35:46.991 [main] INFO [ERROR MESSAGE EXAMPLE] - isNotEqualTo with custom comparator assertion :

Expecting actual:
  Frodo 33 years old Hobbit
not to be equal to:
  Sam 38 years old Hobbit
when comparing values using TolkienCharacterRaceNameComparator

20:35:46.991 [main] INFO [ERROR MESSAGE EXAMPLE] - isSorted with custom element comparator assertion :

group is not sorted according to TolkienCharacterAgeComparator comparator because element 0:
  Gandalf 2020 years old Maia
is not less or equal than element 1:
  Sam 38 years old Hobbit
group was:
  [Gandalf 2020 years old Maia, Sam 38 years old Hobbit]

20:35:46.991 [main] INFO [ERROR MESSAGE EXAMPLE] - doesNotHaveDuplicates with custom element comparator assertion :

Found duplicate(s):
  [Frodo 33 years old Hobbit]
in:
  [Sam 38 years old Hobbit,
    Gandalf 2020 years old Maia,
    Frodo 33 years old Hobbit]
when comparing values using TolkienCharacterRaceNameComparator

20:35:46.992 [main] INFO [ERROR MESSAGE EXAMPLE] - doesNotContain with custom element comparator assertion :

Expecting
  [Gandalf 2020 years old Maia]
not to contain
  [Sauron 50000 years old Maia]
but found
  [Sauron 50000 years old Maia]
when comparing values using TolkienCharacterRaceNameComparator

20:35:46.992 [main] INFO [ERROR MESSAGE EXAMPLE] - doesNotHaveDuplicates with custom element comparator assertion :

Found duplicate(s):
  [Frodo 33 years old Hobbit]
in:
  [Sam 38 years old Hobbit,
    Gandalf 2020 years old Maia,
    Frodo 33 years old Hobbit]
when comparing values using TolkienCharacterRaceNameComparator

[INFO] Tests run: 7, Failures: 0, Errors: 0, Skipped: 0, Time elapsed: 0.002 s - in org.assertj.examples.AssertionsWithCustomComparatorExamples
[INFO] Running org.assertj.examples.FailUsageExamples
[INFO] Tests run: 1, Failures: 0, Errors: 0, Skipped: 0, Time elapsed: 0 s - in org.assertj.examples.FailUsageExamples
[INFO] Running org.assertj.examples.BDDAssertionsExamples
[INFO] Tests run: 4, Failures: 0, Errors: 0, Skipped: 0, Time elapsed: 0.234 s - in org.assertj.examples.BDDAssertionsExamples
[INFO] Running org.assertj.examples.RepresentationExamples
20:35:47.232 [main] INFO [ERROR MESSAGE EXAMPLE] - withRepresentation changing the way String are displayed assertion :

Expecting actual:
  $foo$
to start with:
  $bar$


[INFO] Tests run: 2, Failures: 0, Errors: 0, Skipped: 0, Time elapsed: 0 s - in org.assertj.examples.RepresentationExamples
[INFO] Running org.assertj.examples.DurationAssertionsExamples
[INFO] Tests run: 1, Failures: 0, Errors: 0, Skipped: 0, Time elapsed: 0 s - in org.assertj.examples.DurationAssertionsExamples
[INFO] Running org.assertj.examples.GeneratedSoftAssertionsExamples
20:35:47.236 [main] INFO [ERROR MESSAGE EXAMPLE] - GeneratedSoftAssertions errors example assertion :

Multiple Failures (2 failures)
-- failure 1 --
Expecting name of:
  <BasketBallPlayer[Derrick Rose, team=Cavs]>
to be:
  <Name[first=Michael, last=Jordan]>
but was:
  <Name[first=Derrick, last=Rose]>
-- failure 2 --
Expecting team of:
  <BasketBallPlayer[Derrick Rose, team=Cavs]>
to be:
  <Lakers>
but was:
  <Cavs>

[INFO] Tests run: 2, Failures: 0, Errors: 0, Skipped: 0, Time elapsed: 0 s - in org.assertj.examples.GeneratedSoftAssertionsExamples
[INFO] Running org.assertj.examples.guava.MultimapAssertionsExamples
[INFO] Tests run: 1, Failures: 0, Errors: 0, Skipped: 0, Time elapsed: 0.001 s - in org.assertj.examples.guava.MultimapAssertionsExamples
[INFO] Running org.assertj.examples.guava.OptionalAssertionsExamples
20:35:47.247 [main] INFO [ERROR MESSAGE EXAMPLE] - OptionalAssert.isPresent assertion :
Expecting Optional to contain a non-null instance but contained nothing (absent Optional)

20:35:47.248 [main] INFO [ERROR MESSAGE EXAMPLE] - OptionalAssert.contains assertion :
Expecting Optional to contain <"Test"> but contained nothing (absent Optional)

20:35:47.248 [main] INFO [ERROR MESSAGE EXAMPLE] - OptionalAssert.contains assertion :

Expecting Optional to contain value 
<"Foo">
 but contained 
<"Test">

20:35:47.248 [main] INFO [ERROR MESSAGE EXAMPLE] - OptionalAssert.isAbsent assertion :
Expecting Optional to contain nothing (absent Optional) but contained <"Test">

[INFO] Tests run: 2, Failures: 0, Errors: 0, Skipped: 0, Time elapsed: 0 s - in org.assertj.examples.guava.OptionalAssertionsExamples
[INFO] Running org.assertj.examples.guava.RangeAssertionsExamples
[INFO] Tests run: 1, Failures: 0, Errors: 0, Skipped: 0, Time elapsed: 0 s - in org.assertj.examples.guava.RangeAssertionsExamples
[INFO] Running org.assertj.examples.guava.MultisetAssertionsExamples
[INFO] Tests run: 1, Failures: 0, Errors: 0, Skipped: 0, Time elapsed: 0 s - in org.assertj.examples.guava.MultisetAssertionsExamples
[INFO] Running org.assertj.examples.guava.ByteSourceAssertionsExamples
[INFO] Tests run: 1, Failures: 0, Errors: 0, Skipped: 0, Time elapsed: 0 s - in org.assertj.examples.guava.ByteSourceAssertionsExamples
[INFO] Running org.assertj.examples.guava.TableAssertionsExamples
20:35:47.263 [main] INFO [ERROR MESSAGE EXAMPLE] - hasRowCount assertion :

Expecting:
  <{1970={Palme d'Or=M.A.S.H}, 1994={Palme d'Or=Pulp Fiction}, 2008={Palme d'Or=Entre les murs}, 2000={Best picture Oscar=American Beauty}, 2011={Goldene Bär=A Separation}}>
to contain value:
  <"toto">

[INFO] Tests run: 1, Failures: 0, Errors: 0, Skipped: 0, Time elapsed: 0 s - in org.assertj.examples.guava.TableAssertionsExamples
[INFO] Running org.assertj.examples.DateAssertionsExamples
20:35:47.265 [main] INFO [ERROR MESSAGE EXAMPLE] - isInSameSecondAs date assertion assertion :

Expecting actual:
  2003-01-01T12:00:01.000 (java.util.Date)
to have same year, month, day, hour, minute and second fields values as:
  2003-01-01T12:00:00.999 (java.util.Date)

20:35:47.265 [main] INFO [ERROR MESSAGE EXAMPLE] - isInSameSecondWindowAs date assertion assertion :

Expecting actual:
  2003-01-01T12:00:01.000 (java.util.Date)
to be close to:
  2003-01-01T12:00:02.000 (java.util.Date)
by less than one second (strictly) but difference was: 1s

20:35:47.268 [main] INFO [ERROR MESSAGE EXAMPLE] - isInSameHourAs date assertion assertion :

Expecting actual:
  2003-01-01T12:00:00.000 (java.util.Date)
to have same year, month, day and hour fields values as:
  2003-01-01T11:59:59.000 (java.util.Date)

20:35:47.269 [main] INFO [ERROR MESSAGE EXAMPLE] - isInSameHourWindowAs date assertion assertion :

Expecting actual:
  2003-01-01T12:00:00.000 (java.util.Date)
to be close to:
  2003-01-01T13:00:01.000 (java.util.Date)
by less than one hour (strictly) but difference was: 1h and 1s

20:35:47.270 [main] INFO [ERROR MESSAGE EXAMPLE] - date assertion parse error assertion :
Failed to parse 17/12/2003 with any of these date formats:
   [yyyy-MM-dd'T'HH:mm:ss.SSSX,
    yyyy-MM-dd'T'HH:mm:ss.SSS,
    yyyy-MM-dd HH:mm:ss.SSS,
    yyyy-MM-dd'T'HH:mm:ssX,
    yyyy-MM-dd'T'HH:mm:ss,
    yyyy-MM-dd]

20:35:47.273 [main] INFO [ERROR MESSAGE EXAMPLE] - isCloseTo date assertion assertion :

Expecting actual:
  2026-08-24T20:35:47.273
to be close to:
  2026-08-24T20:35:47.373
by less than 99ms but difference was 100ms

20:35:47.276 [main] INFO [ERROR MESSAGE EXAMPLE] - isEqualToIgnoringMillis assertion :

Expecting actual:
  2003-01-01T01:00:00.000 (java.util.Date)
to have same year, month, day, hour, minute and second as:
  2003-01-01T01:00:55.555 (java.util.Date)
but had not.

20:35:47.277 [main] INFO [ERROR MESSAGE EXAMPLE] - disambiguate date time representation assertion :

Expecting actual:
  [2026-08-24T20:35:47.276 (java.time.LocalDateTime)]
to contain exactly (and in same order):
  [2026-08-24T20:35:47.276 (java.util.Date)]
but some elements were not found:
  [2026-08-24T20:35:47.276 (java.util.Date)]
and others were not expected:
  [2026-08-24T20:35:47.276 (java.time.LocalDateTime)]


20:35:47.278 [main] INFO [ERROR MESSAGE EXAMPLE] - isInSameMinuteWindowAs date assertion assertion :

Expecting actual:
  2003-01-01T12:01:00.000 (java.util.Date)
to have same year, month, day, hour and minute fields values as:
  2003-01-01T12:00:59.000 (java.util.Date)

20:35:47.279 [main] INFO [ERROR MESSAGE EXAMPLE] - isInSameMinuteWindowAs date assertion assertion :

Expecting actual:
  2003-01-01T12:01:00.000 (java.util.Date)
to be close to:
  2003-01-01T12:02:00.000 (java.util.Date)
by less than one minute (strictly) but difference was: 1m

[INFO] Tests run: 17, Failures: 0, Errors: 0, Skipped: 0, Time elapsed: 0.001 s - in org.assertj.examples.DateAssertionsExamples
[INFO] Running org.assertj.examples.StreamAssertionsExamples
20:35:47.283 [main] INFO [ERROR MESSAGE EXAMPLE] - asHexadecimal for byte stream assertion :

Expecting ListFromStream:
  [0x10, 0x20]
to contain:
  [0x30]
but could not find the following element(s):
  [0x30]


20:35:47.285 [main] INFO [ERROR MESSAGE EXAMPLE] - isSubsetOf assertion :

Expecting :
  [vilya, nenya, narya]
to be subset of
  [nenya, narya]
but found these extra elements:
  [vilya]

20:35:47.286 [main] INFO [ERROR MESSAGE EXAMPLE] - doesNotContainAnyElementsOf assertion :

Expecting
  ["GIT", "cvs", "SOURCESAFE"]
not to contain
  ["git", "cvs", "subversion"]
but found
  ["cvs"]


20:35:47.288 [main] INFO [ERROR MESSAGE EXAMPLE] - doesNotContain with custom element comparator assertion :

Expecting
  [Gandalf 2020 years old Maia, Sam 38 years old Hobbit]
not to contain
  [Sauron 50000 years old Maia]
but found
  [Sauron 50000 years old Maia]
when comparing values using TolkienCharacterRaceNameComparator

20:35:47.288 [main] INFO [ERROR MESSAGE EXAMPLE] - doesNotHaveDuplicates with custom element comparator assertion :

Found duplicate(s):
  [Frodo 33 years old Hobbit]
in:
  [Sam 38 years old Hobbit,
    Gandalf 2020 years old Maia,
    Frodo 33 years old Hobbit]
when comparing values using TolkienCharacterRaceNameComparator

20:35:47.292 [main] INFO [ERROR MESSAGE EXAMPLE] - asBinary for byte stream assertion :

expected: [Foo [id=id, bar=2]]
 but was: [Foo [id=id, bar=1]]
when comparing elements using field/property by field/property comparator on all fields/properties
Comparators used:
- for elements fields (by type): {Double -> DoubleComparator[precision=1.0E-15], Float -> FloatComparator[precision=1.0E-6], Path -> lexicographic comparator (Path natural order)}
- for elements (by type): {Double -> DoubleComparator[precision=1.0E-15], Float -> FloatComparator[precision=1.0E-6], Path -> lexicographic comparator (Path natural order)}

20:35:47.293 [main] INFO [ERROR MESSAGE EXAMPLE] - asBinary for byte stream assertion :

expected: [Foo [id=id, bar=2]]
 but was: [Foo [id=id, bar=1]]
when comparing elements using field/property by field/property comparator on all fields/properties
Comparators used:
- for elements fields (by type): {Double -> DoubleComparator[precision=1.0E-15], Float -> FloatComparator[precision=1.0E-6], Path -> lexicographic comparator (Path natural order)}
- for elements (by type): {Double -> DoubleComparator[precision=1.0E-15], Float -> FloatComparator[precision=1.0E-6], Path -> lexicographic comparator (Path natural order)}

20:35:47.294 [main] INFO [ERROR MESSAGE EXAMPLE] - asBinary for byte stream assertion :

Expecting ListFromStream:
  [0b00010000, 0b00100000]
to contain:
  [0b00110000]
but could not find the following element(s):
  [0b00110000]


20:35:47.295 [main] INFO [ERROR MESSAGE EXAMPLE] - containsOnlyOnce for Stream assertion :

Expecting actual:
  ["Aria", "Stark", "daughter", "of", "Ned", "Stark"]
to contain only once:
  ["Stark"]
but some elements were found more than once:
  ["Stark"]


20:35:47.295 [main] INFO [ERROR MESSAGE EXAMPLE] - containsOnlyOnce for Stream assertion :

Expecting actual:
  ["winter", "is", "coming"]
to contain only once:
  ["Lannister"]
but some elements were not found:
  ["Lannister"]


20:35:47.296 [main] INFO [ERROR MESSAGE EXAMPLE] - containsOnlyOnce for Stream assertion :

Expecting actual:
  ["Aria", "Stark", "daughter", "of", "Ned", "Stark"]
to contain only once:
  ["Stark", "Lannister", "Aria"]
but some elements were not found:
  ["Lannister"]
and others were found more than once:
  ["Stark"]


20:35:47.296 [main] INFO [ERROR MESSAGE EXAMPLE] - containsOnly assertion :

Expecting :
  [vilya, nenya, narya]
to be subset of
  [vilya, nenya, vilya, oneRing]
but found these extra elements:
  [narya]

20:35:47.296 [main] INFO [ERROR MESSAGE EXAMPLE] - containsAll assertion :

Expecting ListFromStream:
  [vilya, nenya, narya]
to contain:
  [oneRing, vilya, nenya, narya, dwarfRing, manRing]
but could not find the following element(s):
  [oneRing, dwarfRing, manRing]


20:35:47.298 [main] INFO [ERROR MESSAGE EXAMPLE] - contains for Stream using field by field element comparator assertion :

Expecting ListFromStream:
  [Person[name=Bill]]
to contain:
  [Person[name=Bill]]
but could not find the following element(s):
  [Person[name=Bill]]
when comparing values using field/property by field/property comparator on all fields/properties
Comparators used:
- for elements fields (by type): {Double -> DoubleComparator[precision=1.0E-15], Float -> FloatComparator[precision=1.0E-6], Path -> lexicographic comparator (Path natural order)}
- for elements (by type): {Double -> DoubleComparator[precision=1.0E-15], Float -> FloatComparator[precision=1.0E-6], Path -> lexicographic comparator (Path natural order)}

20:35:47.299 [main] INFO [ERROR MESSAGE EXAMPLE] - contains for Stream usingElementComparatorOnFields assertion :

Expecting ListFromStream:
  [Person[name=Bill]]
to contain:
  [Person[name=Bill]]
but could not find the following element(s):
  [Person[name=Bill]]
when comparing values using single field/property comparator on field/property "age"
Comparators used:
- for elements fields (by type): {Double -> DoubleComparator[precision=1.0E-15], Float -> FloatComparator[precision=1.0E-6], Path -> lexicographic comparator (Path natural order)}
- for elements (by type): {Double -> DoubleComparator[precision=1.0E-15], Float -> FloatComparator[precision=1.0E-6], Path -> lexicographic comparator (Path natural order)}

20:35:47.300 [main] INFO [ERROR MESSAGE EXAMPLE] - contains for Stream usingElementComparatorOnFields assertion :

Expecting ListFromStream:
  [Frodo 33 years old Hobbit]
to contain:
  [Sam 38 years old Hobbit]
but could not find the following element(s):
  [Sam 38 years old Hobbit]
when comparing values using field/property by field/property comparator on fields/properties ["name", "race"]
Comparators used:
- for elements fields (by type): {Double -> DoubleComparator[precision=1.0E-15], Float -> FloatComparator[precision=1.0E-6], Path -> lexicographic comparator (Path natural order)}
- for elements (by type): {Double -> DoubleComparator[precision=1.0E-15], Float -> FloatComparator[precision=1.0E-6], Path -> lexicographic comparator (Path natural order)}

20:35:47.300 [main] INFO [ERROR MESSAGE EXAMPLE] - 
Actual and expected have the same elements but not in the same order, at index 0 actual element was:
  vilya
whereas expected element was:
  nenya

20:35:47.300 [main] INFO [ERROR MESSAGE EXAMPLE] - containsExactly assertion :

Actual and expected have the same elements but not in the same order, at index 0 actual element was:
  vilya
whereas expected element was:
  nenya


20:35:47.300 [main] INFO [ERROR MESSAGE EXAMPLE] - containsExactly with same elements appearing several time assertion :

Expecting actual:
  ["a", "a", "a"]
to contain exactly (and in same order):
  ["a", "a"]
but some elements were not expected:
  ["a"]


20:35:47.300 [main] INFO [ERROR MESSAGE EXAMPLE] - 
Actual and expected have the same elements but not in the same order, at index 0 actual element was:
  narya
whereas expected element was:
  vilya

20:35:47.300 [main] INFO [ERROR MESSAGE EXAMPLE] - containsExactlyElementsOf with elements in different order assertion :

Actual and expected have the same elements but not in the same order, at index 0 actual element was:
  narya
whereas expected element was:
  vilya


20:35:47.302 [main] INFO [ERROR MESSAGE EXAMPLE] - containsSubsequence for Stream assertion :

Expecting actual to contain the specified subsequence but failed to find the element at subsequence index 1 in actual:
subsequence element not found in actual:
  "A"
actual:
  ["A", "B", "C", "D"]
subsequence:
  ["B", "A", "C"]

[INFO] Tests run: 24, Failures: 0, Errors: 0, Skipped: 0, Time elapsed: 0.001 s - in org.assertj.examples.StreamAssertionsExamples
[INFO] Running org.assertj.examples.RecursiveAssertionsExamples
[INFO] Tests run: 5, Failures: 0, Errors: 0, Skipped: 0, Time elapsed: 0.005 s - in org.assertj.examples.RecursiveAssertionsExamples
[INFO] Running org.assertj.examples.PeriodAssertionsExamples
[INFO] Tests run: 1, Failures: 0, Errors: 0, Skipped: 0, Time elapsed: 0.001 s - in org.assertj.examples.PeriodAssertionsExamples
[INFO] Running org.assertj.examples.BasicAssertionsExamples
20:35:47.319 [main] INFO [ERROR MESSAGE EXAMPLE] - isEqualTo with custom comparator assertion :

expected: Sauron 50000 years old Maia
 but was: Frodo 33 years old Hobbit
when comparing values using TolkienCharacterRaceNameComparator

20:35:47.319 [main] INFO [ERROR MESSAGE EXAMPLE] - isNotEqualTo with custom comparator assertion :

Expecting actual:
  Frodo 33 years old Hobbit
not to be equal to:
  Sam 38 years old Hobbit
when comparing values using TolkienCharacterRaceNameComparator

20:35:47.320 [main] INFO [ERROR MESSAGE EXAMPLE] - isEqualTo differentiating expected and actual having same toString representation assertion :

expected: "Person[name=Jake] (Person@2c73dfd0)"
 but was: "Person[name=Jake] (Person@749afabf)"

FieldSupport.extraction().fieldValue("age", Integer.class, frodo)33
FieldSupport.extraction().fieldValue("age", Integer.class, frodo)33
[ERROR] Tests run: 20, Failures: 1, Errors: 0, Skipped: 1, Time elapsed: 0.007 s <<< FAILURE! - in org.assertj.examples.BasicAssertionsExamples
[ERROR] meaningful_error_with_test_description_example  Time elapsed: 0.003 s  <<< FAILURE!
org.opentest4j.AssertionFailedError: 

Expecting message to be:
  "[check Frodo's age] 
expected: 33
but was : 50"
but was:
  "[check Frodo's age] 
expected: 33
 but was: 50"

Throwable that failed the check:

org.opentest4j.AssertionFailedError: [check Frodo's age] 
expected: 33
 but was: 50
	at jdk.internal.reflect.GeneratedConstructorAccessor35.newInstance(Unknown Source)
	at java.base/jdk.internal.reflect.DelegatingConstructorAccessorImpl.newInstance(DelegatingConstructorAccessorImpl.java:45)
	at java.base/java.lang.reflect.Constructor.newInstance(Constructor.java:490)
	at org.assertj.core.error.ConstructorInvoker.newInstance(ConstructorInvoker.java:28)
	at org.assertj.core.error.ShouldBeEqual.assertionFailedError(ShouldBeEqual.java:223)
	at org.assertj.core.error.ShouldBeEqual.newAssertionError(ShouldBeEqual.java:122)
	at org.assertj.core.internal.Failures.failure(Failures.java:105)
	at org.assertj.core.internal.Comparables.assertEqual(Comparables.java:118)
	at org.assertj.core.api.AbstractIntegerAssert.isEqualTo(AbstractIntegerAssert.java:69)
	at org.assertj.examples.BasicAssertionsExamples.lambda$meaningful_error_with_test_description_example$0(BasicAssertionsExamples.java:72)
	at org.assertj.core.api.ThrowableAssert.catchThrowable(ThrowableAssert.java:63)
	at org.assertj.core.api.AssertionsForClassTypes.catchThrowable(AssertionsForClassTypes.java:878)
	at org.assertj.core.api.Assertions.catchThrowable(Assertions.java:1337)
	at org.assertj.examples.BasicAssertionsExamples.meaningful_error_with_test_description_example(BasicAssertionsExamples.java:72)
	at java.base/jdk.internal.reflect.NativeMethodAccessorImpl.invoke0(Native Method)
	at java.base/jdk.internal.reflect.NativeMethodAccessorImpl.invoke(NativeMethodAccessorImpl.java:62)
	at java.base/jdk.internal.reflect.DelegatingMethodAccessorImpl.invoke(DelegatingMethodAccessorImpl.java:43)
	at java.base/java.lang.reflect.Method.invoke(Method.java:566)
	at org.junit.platform.commons.util.ReflectionUtils.invokeMethod(ReflectionUtils.java:688)
	at org.junit.jupiter.engine.execution.MethodInvocation.proceed(MethodInvocation.java:60)
	at org.junit.jupiter.engine.execution.InvocationInterceptorChain$ValidatingInvocation.proceed(InvocationInterceptorChain.java:131)
	at org.junit.jupiter.engine.extension.TimeoutExtension.intercept(TimeoutExtension.java:149)
	at org.junit.jupiter.engine.extension.TimeoutExtension.interceptTestableMethod(TimeoutExtension.java:140)
	at org.junit.jupiter.engine.extension.TimeoutExtension.interceptTestMethod(TimeoutExtension.java:84)
	at org.junit.jupiter.engine.execution.ExecutableInvoker$ReflectiveInterceptorCall.lambda$ofVoidMethod$0(ExecutableInvoker.java:115)
	at org.junit.jupiter.engine.execution.ExecutableInvoker.lambda$invoke$0(ExecutableInvoker.java:105)
	at org.junit.jupiter.engine.execution.InvocationInterceptorChain$InterceptedInvocation.proceed(InvocationInterceptorChain.java:106)
	at org.junit.jupiter.engine.execution.InvocationInterceptorChain.proceed(InvocationInterceptorChain.java:64)
	at org.junit.jupiter.engine.execution.InvocationInterceptorChain.chainAndInvoke(InvocationInterceptorChain.java:45)
	at org.junit.jupiter.engine.execution.InvocationInterceptorChain.invoke(InvocationInterceptorChain.java:37)
	at org.junit.jupiter.engine.execution.ExecutableInvoker.invoke(ExecutableInvoker.java:104)
	at org.junit.jupiter.engine.execution.ExecutableInvoker.invoke(ExecutableInvoker.java:98)
	at org.junit.jupiter.engine.descriptor.TestMethodTestDescriptor.lambda$invokeTestMethod$6(TestMethodTestDescriptor.java:210)
	at org.junit.platform.engine.support.hierarchical.ThrowableCollector.execute(ThrowableCollector.java:73)
	at org.junit.jupiter.engine.descriptor.TestMethodTestDescriptor.invokeTestMethod(TestMethodTestDescriptor.java:206)
	at org.junit.jupiter.engine.descriptor.TestMethodTestDescriptor.execute(TestMethodTestDescriptor.java:131)
	at org.junit.jupiter.engine.descriptor.TestMethodTestDescriptor.execute(TestMethodTestDescriptor.java:65)
	at org.junit.platform.engine.support.hierarchical.NodeTestTask.lambda$executeRecursively$5(NodeTestTask.java:139)
	at org.junit.platform.engine.support.hierarchical.ThrowableCollector.execute(ThrowableCollector.java:73)
	at org.junit.platform.engine.support.hierarchical.NodeTestTask.lambda$executeRecursively$7(NodeTestTask.java:129)
	at org.junit.platform.engine.support.hierarchical.Node.around(Node.java:137)
	at org.junit.platform.engine.support.hierarchical.NodeTestTask.lambda$executeRecursively$8(NodeTestTask.java:127)
	at org.junit.platform.engine.support.hierarchical.ThrowableCollector.execute(ThrowableCollector.java:73)
	at org.junit.platform.engine.support.hierarchical.NodeTestTask.executeRecursively(NodeTestTask.java:126)
	at org.junit.platform.engine.support.hierarchical.NodeTestTask.execute(NodeTestTask.java:84)
	at java.base/java.util.ArrayList.forEach(ArrayList.java:1541)
	at org.junit.platform.engine.support.hierarchical.SameThreadHierarchicalTestExecutorService.invokeAll(SameThreadHierarchicalTestExecutorService.java:38)
	at org.junit.platform.engine.support.hierarchical.NodeTestTask.lambda$executeRecursively$5(NodeTestTask.java:143)
	at org.junit.platform.engine.support.hierarchical.ThrowableCollector.execute(ThrowableCollector.java:73)
	at org.junit.platform.engine.support.hierarchical.NodeTestTask.lambda$executeRecursively$7(NodeTestTask.java:129)
	at org.junit.platform.engine.support.hierarchical.Node.around(Node.java:137)
	at org.junit.platform.engine.support.hierarchical.NodeTestTask.lambda$executeRecursively$8(NodeTestTask.java:127)
	at org.junit.platform.engine.support.hierarchical.ThrowableCollector.execute(ThrowableCollector.java:73)
	at org.junit.platform.engine.support.hierarchical.NodeTestTask.executeRecursively(NodeTestTask.java:126)
	at org.junit.platform.engine.support.hierarchical.NodeTestTask.execute(NodeTestTask.java:84)
	at java.base/java.util.ArrayList.forEach(ArrayList.java:1541)
	at org.junit.platform.engine.support.hierarchical.SameThreadHierarchicalTestExecutorService.invokeAll(SameThreadHierarchicalTestExecutorService.java:38)
	at org.junit.platform.engine.support.hierarchical.NodeTestTask.lambda$executeRecursively$5(NodeTestTask.java:143)
	at org.junit.platform.engine.support.hierarchical.ThrowableCollector.execute(ThrowableCollector.java:73)
	at org.junit.platform.engine.support.hierarchical.NodeTestTask.lambda$executeRecursively$7(NodeTestTask.java:129)
	at org.junit.platform.engine.support.hierarchical.Node.around(Node.java:137)
	at org.junit.platform.engine.support.hierarchical.NodeTestTask.lambda$executeRecursively$8(NodeTestTask.java:127)
	at org.junit.platform.engine.support.hierarchical.ThrowableCollector.execute(ThrowableCollector.java:73)
	at org.junit.platform.engine.support.hierarchical.NodeTestTask.executeRecursively(NodeTestTask.java:126)
	at org.junit.platform.engine.support.hierarchical.NodeTestTask.execute(NodeTestTask.java:84)
	at org.junit.platform.engine.support.hierarchical.SameThreadHierarchicalTestExecutorService.submit(SameThreadHierarchicalTestExecutorService.java:32)
	at org.junit.platform.engine.support.hierarchical.HierarchicalTestExecutor.execute(HierarchicalTestExecutor.java:57)
	at org.junit.platform.engine.support.hierarchical.HierarchicalTestEngine.execute(HierarchicalTestEngine.java:51)
	at org.junit.platform.launcher.core.DefaultLauncher.execute(DefaultLauncher.java:220)
	at org.junit.platform.launcher.core.DefaultLauncher.lambda$execute$6(DefaultLauncher.java:188)
	at org.junit.platform.launcher.core.DefaultLauncher.withInterceptedStreams(DefaultLauncher.java:202)
	at org.junit.platform.launcher.core.DefaultLauncher.execute(DefaultLauncher.java:181)
	at org.junit.platform.launcher.core.DefaultLauncher.execute(DefaultLauncher.java:128)
	at org.apache.maven.surefire.junitplatform.JUnitPlatformProvider.invokeAllTests(JUnitPlatformProvider.java:142)
	at org.apache.maven.surefire.junitplatform.JUnitPlatformProvider.invoke(JUnitPlatformProvider.java:117)
	at org.apache.maven.surefire.booter.ForkedBooter.invokeProviderInSameClassLoader(ForkedBooter.java:384)
	at org.apache.maven.surefire.booter.ForkedBooter.runSuitesInProcess(ForkedBooter.java:345)
	at org.apache.maven.surefire.booter.ForkedBooter.execute(ForkedBooter.java:126)
	at org.apache.maven.surefire.booter.ForkedBooter.main(ForkedBooter.java:418)

	at org.assertj.examples.BasicAssertionsExamples.meaningful_error_with_test_description_example(BasicAssertionsExamples.java:74)

[INFO] Running org.assertj.examples.ClassAssertionsExamples
20:35:47.332 [main] INFO [ERROR MESSAGE EXAMPLE] - isAnnotation assertion :

Expecting
  org.assertj.examples.data.Ring
to be an annotation

20:35:47.332 [main] INFO [ERROR MESSAGE EXAMPLE] - hasAnnotation assertion :

Expecting
  org.assertj.examples.data.TolkienCharacter
to have annotations:
  [org.assertj.examples.data.Magical]
but the following annotations were not found:
  [org.assertj.examples.data.Magical]

20:35:47.334 [main] INFO [ERROR MESSAGE EXAMPLE] - hasPublicMethods assertion :

Expecting
  org.assertj.examples.data.TolkienCharacter
to have methods:
  ["getAliases"]
but could not find:
  ["getAliases"]

20:35:47.335 [main] INFO [ERROR MESSAGE EXAMPLE] - isProtected assertion :

Expecting actual:
  org.assertj.examples.data.TolkienCharacter
to be a "protected" class but was "public".

[INFO] Tests run: 6, Failures: 0, Errors: 0, Skipped: 0, Time elapsed: 0.001 s - in org.assertj.examples.ClassAssertionsExamples
[INFO] Running org.assertj.examples.FilterExamples
[INFO] Tests run: 6, Failures: 0, Errors: 0, Skipped: 0, Time elapsed: 0.003 s - in org.assertj.examples.FilterExamples
[INFO] Running org.assertj.examples.custom.JUnit4_SoftAssertionsWithCustomAssertExamples
[INFO] Tests run: 2, Failures: 0, Errors: 0, Skipped: 0, Time elapsed: 0.065 s - in org.assertj.examples.custom.JUnit4_SoftAssertionsWithCustomAssertExamples
[INFO] Running org.assertj.examples.custom.CustomAssertExamples
20:35:47.411 [main] INFO [ERROR MESSAGE EXAMPLE] - Two custom SoftAssertions combined with the standard one example assertion :

Multiple Failures (5 failures)
-- failure 1 --
Expected name of:
  <org.assertj.examples.custom.Employee@671f78b4>
to be:
  <Wes Anderson>
 but was:
  <Kent Beck>
-- failure 2 --
Expected jobTitle of:
  <org.assertj.examples.custom.Employee@671f78b4>
to be:
  <Director>
 but was:
  <TDD evangelist>
-- failure 3 --
Expecting actual:
  "Michael Jordan - Bulls"
to start with:
  "Mike"

-- failure 4 --
Expecting actual:
  "Michael Jordan - Bulls"
to contain:
  "Lakers" 
-- failure 5 --
Expecting actual:
  "Michael Jordan - Bulls"
to end with:
  "Chicago"


[INFO] Tests run: 6, Failures: 0, Errors: 0, Skipped: 0, Time elapsed: 0 s - in org.assertj.examples.custom.CustomAssertExamples
[INFO] Running org.assertj.examples.custom.JUnit5_StandardSoftAssertions_Examples
[WARNING] Tests run: 2, Failures: 0, Errors: 0, Skipped: 1, Time elapsed: 0 s - in org.assertj.examples.custom.JUnit5_StandardSoftAssertions_Examples
[INFO] Running org.assertj.examples.custom.JUnit5_StandardAndCustomSoftAssertionsExamples
[WARNING] Tests run: 2, Failures: 0, Errors: 0, Skipped: 1, Time elapsed: 0 s - in org.assertj.examples.custom.JUnit5_StandardAndCustomSoftAssertionsExamples
[INFO] Running org.assertj.examples.ListSpecificAssertionsExamples
20:35:47.415 [main] INFO [ERROR MESSAGE EXAMPLE] - containsOnlyOnce assertion :

Expecting actual:
  [java.awt.Rectangle[x=0,y=0,width=1,height=1],
    java.awt.Rectangle[x=0,y=0,width=2,height=2],
    java.awt.Rectangle[x=0,y=0,width=2,height=2]]
to contain only once:
  [java.awt.Rectangle[x=0,y=0,width=0,height=0],
    java.awt.Rectangle[x=0,y=0,width=1,height=1],
    java.awt.Rectangle[x=0,y=0,width=2,height=2]]
but some elements were not found:
  [java.awt.Rectangle[x=0,y=0,width=0,height=0]]
and others were found more than once:
  [java.awt.Rectangle[x=0,y=0,width=2,height=2]]


[INFO] Tests run: 6, Failures: 0, Errors: 0, Skipped: 0, Time elapsed: 0 s - in org.assertj.examples.ListSpecificAssertionsExamples
[INFO] 
[INFO] Results:
[INFO] 
[ERROR] Failures: 
[ERROR]   BasicAssertionsExamples.meaningful_error_with_test_description_example:74 
Expecting message to be:
  "[check Frodo's age] 
expected: 33
but was : 50"
but was:
  "[check Frodo's age] 
expected: 33
 but was: 50"

Throwable that failed the check:

org.opentest4j.AssertionFailedError: [check Frodo's age] 
expected: 33
 but was: 50
	at jdk.internal.reflect.GeneratedConstructorAccessor35.newInstance(Unknown Source)
	at java.base/jdk.internal.reflect.DelegatingConstructorAccessorImpl.newInstance(DelegatingConstructorAccessorImpl.java:45)
	at java.base/java.lang.reflect.Constructor.newInstance(Constructor.java:490)
	at org.assertj.core.error.ConstructorInvoker.newInstance(ConstructorInvoker.java:28)
	at org.assertj.core.error.ShouldBeEqual.assertionFailedError(ShouldBeEqual.java:223)
	at org.assertj.core.error.ShouldBeEqual.newAssertionError(ShouldBeEqual.java:122)
	at org.assertj.core.internal.Failures.failure(Failures.java:105)
	at org.assertj.core.internal.Comparables.assertEqual(Comparables.java:118)
	at org.assertj.core.api.AbstractIntegerAssert.isEqualTo(AbstractIntegerAssert.java:69)
	at org.assertj.examples.BasicAssertionsExamples.lambda$meaningful_error_with_test_description_example$0(BasicAssertionsExamples.java:72)
	at org.assertj.core.api.ThrowableAssert.catchThrowable(ThrowableAssert.java:63)
	at org.assertj.core.api.AssertionsForClassTypes.catchThrowable(AssertionsForClassTypes.java:878)
	at org.assertj.core.api.Assertions.catchThrowable(Assertions.java:1337)
	at org.assertj.examples.BasicAssertionsExamples.meaningful_error_with_test_description_example(BasicAssertionsExamples.java:72)
	at java.base/jdk.internal.reflect.NativeMethodAccessorImpl.invoke0(Native Method)
	at java.base/jdk.internal.reflect.NativeMethodAccessorImpl.invoke(NativeMethodAccessorImpl.java:62)
	at java.base/jdk.internal.reflect.DelegatingMethodAccessorImpl.invoke(DelegatingMethodAccessorImpl.java:43)
	at java.base/java.lang.reflect.Method.invoke(Method.java:566)
	at org.junit.platform.commons.util.ReflectionUtils.invokeMethod(ReflectionUtils.java:688)
	at org.junit.jupiter.engine.execution.MethodInvocation.proceed(MethodInvocation.java:60)
	at org.junit.jupiter.engine.execution.InvocationInterceptorChain$ValidatingInvocation.proceed(InvocationInterceptorChain.java:131)
	at org.junit.jupiter.engine.extension.TimeoutExtension.intercept(TimeoutExtension.java:149)
	at org.junit.jupiter.engine.extension.TimeoutExtension.interceptTestableMethod(TimeoutExtension.java:140)
	at org.junit.jupiter.engine.extension.TimeoutExtension.interceptTestMethod(TimeoutExtension.java:84)
	at org.junit.jupiter.engine.execution.ExecutableInvoker$ReflectiveInterceptorCall.lambda$ofVoidMethod$0(ExecutableInvoker.java:115)
	at org.junit.jupiter.engine.execution.ExecutableInvoker.lambda$invoke$0(ExecutableInvoker.java:105)
	at org.junit.jupiter.engine.execution.InvocationInterceptorChain$InterceptedInvocation.proceed(InvocationInterceptorChain.java:106)
	at org.junit.jupiter.engine.execution.InvocationInterceptorChain.proceed(InvocationInterceptorChain.java:64)
	at org.junit.jupiter.engine.execution.InvocationInterceptorChain.chainAndInvoke(InvocationInterceptorChain.java:45)
	at org.junit.jupiter.engine.execution.InvocationInterceptorChain.invoke(InvocationInterceptorChain.java:37)
	at org.junit.jupiter.engine.execution.ExecutableInvoker.invoke(ExecutableInvoker.java:104)
	at org.junit.jupiter.engine.execution.ExecutableInvoker.invoke(ExecutableInvoker.java:98)
	at org.junit.jupiter.engine.descriptor.TestMethodTestDescriptor.lambda$invokeTestMethod$6(TestMethodTestDescriptor.java:210)
	at org.junit.platform.engine.support.hierarchical.ThrowableCollector.execute(ThrowableCollector.java:73)
	at org.junit.jupiter.engine.descriptor.TestMethodTestDescriptor.invokeTestMethod(TestMethodTestDescriptor.java:206)
	at org.junit.jupiter.engine.descriptor.TestMethodTestDescriptor.execute(TestMethodTestDescriptor.java:131)
	at org.junit.jupiter.engine.descriptor.TestMethodTestDescriptor.execute(TestMethodTestDescriptor.java:65)
	at org.junit.platform.engine.support.hierarchical.NodeTestTask.lambda$executeRecursively$5(NodeTestTask.java:139)
	at org.junit.platform.engine.support.hierarchical.ThrowableCollector.execute(ThrowableCollector.java:73)
	at org.junit.platform.engine.support.hierarchical.NodeTestTask.lambda$executeRecursively$7(NodeTestTask.java:129)
	at org.junit.platform.engine.support.hierarchical.Node.around(Node.java:137)
	at org.junit.platform.engine.support.hierarchical.NodeTestTask.lambda$executeRecursively$8(NodeTestTask.java:127)
	at org.junit.platform.engine.support.hierarchical.ThrowableCollector.execute(ThrowableCollector.java:73)
	at org.junit.platform.engine.support.hierarchical.NodeTestTask.executeRecursively(NodeTestTask.java:126)
	at org.junit.platform.engine.support.hierarchical.NodeTestTask.execute(NodeTestTask.java:84)
	at java.base/java.util.ArrayList.forEach(ArrayList.java:1541)
	at org.junit.platform.engine.support.hierarchical.SameThreadHierarchicalTestExecutorService.invokeAll(SameThreadHierarchicalTestExecutorService.java:38)
	at org.junit.platform.engine.support.hierarchical.NodeTestTask.lambda$executeRecursively$5(NodeTestTask.java:143)
	at org.junit.platform.engine.support.hierarchical.ThrowableCollector.execute(ThrowableCollector.java:73)
	at org.junit.platform.engine.support.hierarchical.NodeTestTask.lambda$executeRecursively$7(NodeTestTask.java:129)
	at org.junit.platform.engine.support.hierarchical.Node.around(Node.java:137)
	at org.junit.platform.engine.support.hierarchical.NodeTestTask.lambda$executeRecursively$8(NodeTestTask.java:127)
	at org.junit.platform.engine.support.hierarchical.ThrowableCollector.execute(ThrowableCollector.java:73)
	at org.junit.platform.engine.support.hierarchical.NodeTestTask.executeRecursively(NodeTestTask.java:126)
	at org.junit.platform.engine.support.hierarchical.NodeTestTask.execute(NodeTestTask.java:84)
	at java.base/java.util.ArrayList.forEach(ArrayList.java:1541)
	at org.junit.platform.engine.support.hierarchical.SameThreadHierarchicalTestExecutorService.invokeAll(SameThreadHierarchicalTestExecutorService.java:38)
	at org.junit.platform.engine.support.hierarchical.NodeTestTask.lambda$executeRecursively$5(NodeTestTask.java:143)
	at org.junit.platform.engine.support.hierarchical.ThrowableCollector.execute(ThrowableCollector.java:73)
	at org.junit.platform.engine.support.hierarchical.NodeTestTask.lambda$executeRecursively$7(NodeTestTask.java:129)
	at org.junit.platform.engine.support.hierarchical.Node.around(Node.java:137)
	at org.junit.platform.engine.support.hierarchical.NodeTestTask.lambda$executeRecursively$8(NodeTestTask.java:127)
	at org.junit.platform.engine.support.hierarchical.ThrowableCollector.execute(ThrowableCollector.java:73)
	at org.junit.platform.engine.support.hierarchical.NodeTestTask.executeRecursively(NodeTestTask.java:126)
	at org.junit.platform.engine.support.hierarchical.NodeTestTask.execute(NodeTestTask.java:84)
	at org.junit.platform.engine.support.hierarchical.SameThreadHierarchicalTestExecutorService.submit(SameThreadHierarchicalTestExecutorService.java:32)
	at org.junit.platform.engine.support.hierarchical.HierarchicalTestExecutor.execute(HierarchicalTestExecutor.java:57)
	at org.junit.platform.engine.support.hierarchical.HierarchicalTestEngine.execute(HierarchicalTestEngine.java:51)
	at org.junit.platform.launcher.core.DefaultLauncher.execute(DefaultLauncher.java:220)
	at org.junit.platform.launcher.core.DefaultLauncher.lambda$execute$6(DefaultLauncher.java:188)
	at org.junit.platform.launcher.core.DefaultLauncher.withInterceptedStreams(DefaultLauncher.java:202)
	at org.junit.platform.launcher.core.DefaultLauncher.execute(DefaultLauncher.java:181)
	at org.junit.platform.launcher.core.DefaultLauncher.execute(DefaultLauncher.java:128)
	at org.apache.maven.surefire.junitplatform.JUnitPlatformProvider.invokeAllTests(JUnitPlatformProvider.java:142)
	at org.apache.maven.surefire.junitplatform.JUnitPlatformProvider.invoke(JUnitPlatformProvider.java:117)
	at org.apache.maven.surefire.booter.ForkedBooter.invokeProviderInSameClassLoader(ForkedBooter.java:384)
	at org.apache.maven.surefire.booter.ForkedBooter.runSuitesInProcess(ForkedBooter.java:345)
	at org.apache.maven.surefire.booter.ForkedBooter.execute(ForkedBooter.java:126)
	at org.apache.maven.surefire.booter.ForkedBooter.main(ForkedBooter.java:418)

[ERROR]   FileAssertionsExamples.directory_assertions:166 
Expecting path:
  src/test/resources/empty
to exist (symbolic links were followed).
[ERROR]   IterableWithSpecificComparatorAssertionsExamples.iterable_assertions_with_specific_comparator_by_element_field_or_type_examples:107 
Expecting Dude[]:
  [Dude [name=Frodo, height=1.2]]
to contain:
  [Dude [name=Frodo, height=1.3]]
but could not find the following dude(s):
  [Dude [name=Frodo, height=1.3]]
when comparing values using recursive field/property by field/property comparator on all fields/properties using the following configuration:
- no overridden equals methods were used in the comparison (except for java types)
- these types were compared with the following comparators:
  - java.lang.Double -> DoubleComparator[precision=1.0E-15]
  - java.lang.Float -> FloatComparator[precision=1.0E-6]
  - java.nio.file.Path -> lexicographic comparator (Path natural order)
- actual and expected objects and their fields were compared field by field recursively even if they were not of the same type, this allows for example to compare a Person to a PersonDto (call strictTypeChecking(true) to change that behavior).

[ERROR]   NumberAssertionsExamples.assertion_error_with_message_differentiating_double_and_float:103 
Expecting message to be:
  "
expected: 42.0
but was : 42.0f"
but was:
  "
expected: 42.0
 but was: 42.0f"

Throwable that failed the check:

org.opentest4j.AssertionFailedError: 
expected: 42.0
 but was: 42.0f
	at java.base/jdk.internal.reflect.NativeConstructorAccessorImpl.newInstance0(Native Method)
	at java.base/jdk.internal.reflect.NativeConstructorAccessorImpl.newInstance(NativeConstructorAccessorImpl.java:62)
	at java.base/jdk.internal.reflect.DelegatingConstructorAccessorImpl.newInstance(DelegatingConstructorAccessorImpl.java:45)
	at java.base/java.lang.reflect.Constructor.newInstance(Constructor.java:490)
	at org.assertj.core.error.ConstructorInvoker.newInstance(ConstructorInvoker.java:28)
	at org.assertj.core.error.ShouldBeEqual.assertionFailedError(ShouldBeEqual.java:223)
	at org.assertj.core.error.ShouldBeEqual.newAssertionError(ShouldBeEqual.java:122)
	at org.assertj.core.internal.Failures.failure(Failures.java:105)
	at org.assertj.core.internal.Objects.assertEqual(Objects.java:339)
	at org.assertj.core.api.AbstractAssert.isEqualTo(AbstractAssert.java:361)
	at org.assertj.examples.NumberAssertionsExamples.assertion_error_with_message_differentiating_double_and_float(NumberAssertionsExamples.java:99)
	at java.base/jdk.internal.reflect.NativeMethodAccessorImpl.invoke0(Native Method)
	at java.base/jdk.internal.reflect.NativeMethodAccessorImpl.invoke(NativeMethodAccessorImpl.java:62)
	at java.base/jdk.internal.reflect.DelegatingMethodAccessorImpl.invoke(DelegatingMethodAccessorImpl.java:43)
	at java.base/java.lang.reflect.Method.invoke(Method.java:566)
	at org.junit.platform.commons.util.ReflectionUtils.invokeMethod(ReflectionUtils.java:688)
	at org.junit.jupiter.engine.execution.MethodInvocation.proceed(MethodInvocation.java:60)
	at org.junit.jupiter.engine.execution.InvocationInterceptorChain$ValidatingInvocation.proceed(InvocationInterceptorChain.java:131)
	at org.junit.jupiter.engine.extension.TimeoutExtension.intercept(TimeoutExtension.java:149)
	at org.junit.jupiter.engine.extension.TimeoutExtension.interceptTestableMethod(TimeoutExtension.java:140)
	at org.junit.jupiter.engine.extension.TimeoutExtension.interceptTestMethod(TimeoutExtension.java:84)
	at org.junit.jupiter.engine.execution.ExecutableInvoker$ReflectiveInterceptorCall.lambda$ofVoidMethod$0(ExecutableInvoker.java:115)
	at org.junit.jupiter.engine.execution.ExecutableInvoker.lambda$invoke$0(ExecutableInvoker.java:105)
	at org.junit.jupiter.engine.execution.InvocationInterceptorChain$InterceptedInvocation.proceed(InvocationInterceptorChain.java:106)
	at org.junit.jupiter.engine.execution.InvocationInterceptorChain.proceed(InvocationInterceptorChain.java:64)
	at org.junit.jupiter.engine.execution.InvocationInterceptorChain.chainAndInvoke(InvocationInterceptorChain.java:45)
	at org.junit.jupiter.engine.execution.InvocationInterceptorChain.invoke(InvocationInterceptorChain.java:37)
	at org.junit.jupiter.engine.execution.ExecutableInvoker.invoke(ExecutableInvoker.java:104)
	at org.junit.jupiter.engine.execution.ExecutableInvoker.invoke(ExecutableInvoker.java:98)
	at org.junit.jupiter.engine.descriptor.TestMethodTestDescriptor.lambda$invokeTestMethod$6(TestMethodTestDescriptor.java:210)
	at org.junit.platform.engine.support.hierarchical.ThrowableCollector.execute(ThrowableCollector.java:73)
	at org.junit.jupiter.engine.descriptor.TestMethodTestDescriptor.invokeTestMethod(TestMethodTestDescriptor.java:206)
	at org.junit.jupiter.engine.descriptor.TestMethodTestDescriptor.execute(TestMethodTestDescriptor.java:131)
	at org.junit.jupiter.engine.descriptor.TestMethodTestDescriptor.execute(TestMethodTestDescriptor.java:65)
	at org.junit.platform.engine.support.hierarchical.NodeTestTask.lambda$executeRecursively$5(NodeTestTask.java:139)
	at org.junit.platform.engine.support.hierarchical.ThrowableCollector.execute(ThrowableCollector.java:73)
	at org.junit.platform.engine.support.hierarchical.NodeTestTask.lambda$executeRecursively$7(NodeTestTask.java:129)
	at org.junit.platform.engine.support.hierarchical.Node.around(Node.java:137)
	at org.junit.platform.engine.support.hierarchical.NodeTestTask.lambda$executeRecursively$8(NodeTestTask.java:127)
	at org.junit.platform.engine.support.hierarchical.ThrowableCollector.execute(ThrowableCollector.java:73)
	at org.junit.platform.engine.support.hierarchical.NodeTestTask.executeRecursively(NodeTestTask.java:126)
	at org.junit.platform.engine.support.hierarchical.NodeTestTask.execute(NodeTestTask.java:84)
	at java.base/java.util.ArrayList.forEach(ArrayList.java:1541)
	at org.junit.platform.engine.support.hierarchical.SameThreadHierarchicalTestExecutorService.invokeAll(SameThreadHierarchicalTestExecutorService.java:38)
	at org.junit.platform.engine.support.hierarchical.NodeTestTask.lambda$executeRecursively$5(NodeTestTask.java:143)
	at org.junit.platform.engine.support.hierarchical.ThrowableCollector.execute(ThrowableCollector.java:73)
	at org.junit.platform.engine.support.hierarchical.NodeTestTask.lambda$executeRecursively$7(NodeTestTask.java:129)
	at org.junit.platform.engine.support.hierarchical.Node.around(Node.java:137)
	at org.junit.platform.engine.support.hierarchical.NodeTestTask.lambda$executeRecursively$8(NodeTestTask.java:127)
	at org.junit.platform.engine.support.hierarchical.ThrowableCollector.execute(ThrowableCollector.java:73)
	at org.junit.platform.engine.support.hierarchical.NodeTestTask.executeRecursively(NodeTestTask.java:126)
	at org.junit.platform.engine.support.hierarchical.NodeTestTask.execute(NodeTestTask.java:84)
	at java.base/java.util.ArrayList.forEach(ArrayList.java:1541)
	at org.junit.platform.engine.support.hierarchical.SameThreadHierarchicalTestExecutorService.invokeAll(SameThreadHierarchicalTestExecutorService.java:38)
	at org.junit.platform.engine.support.hierarchical.NodeTestTask.lambda$executeRecursively$5(NodeTestTask.java:143)
	at org.junit.platform.engine.support.hierarchical.ThrowableCollector.execute(ThrowableCollector.java:73)
	at org.junit.platform.engine.support.hierarchical.NodeTestTask.lambda$executeRecursively$7(NodeTestTask.java:129)
	at org.junit.platform.engine.support.hierarchical.Node.around(Node.java:137)
	at org.junit.platform.engine.support.hierarchical.NodeTestTask.lambda$executeRecursively$8(NodeTestTask.java:127)
	at org.junit.platform.engine.support.hierarchical.ThrowableCollector.execute(ThrowableCollector.java:73)
	at org.junit.platform.engine.support.hierarchical.NodeTestTask.executeRecursively(NodeTestTask.java:126)
	at org.junit.platform.engine.support.hierarchical.NodeTestTask.execute(NodeTestTask.java:84)
	at org.junit.platform.engine.support.hierarchical.SameThreadHierarchicalTestExecutorService.submit(SameThreadHierarchicalTestExecutorService.java:32)
	at org.junit.platform.engine.support.hierarchical.HierarchicalTestExecutor.execute(HierarchicalTestExecutor.java:57)
	at org.junit.platform.engine.support.hierarchical.HierarchicalTestEngine.execute(HierarchicalTestEngine.java:51)
	at org.junit.platform.launcher.core.DefaultLauncher.execute(DefaultLauncher.java:220)
	at org.junit.platform.launcher.core.DefaultLauncher.lambda$execute$6(DefaultLauncher.java:188)
	at org.junit.platform.launcher.core.DefaultLauncher.withInterceptedStreams(DefaultLauncher.java:202)
	at org.junit.platform.launcher.core.DefaultLauncher.execute(DefaultLauncher.java:181)
	at org.junit.platform.launcher.core.DefaultLauncher.execute(DefaultLauncher.java:128)
	at org.apache.maven.surefire.junitplatform.JUnitPlatformProvider.invokeAllTests(JUnitPlatformProvider.java:142)
	at org.apache.maven.surefire.junitplatform.JUnitPlatformProvider.invoke(JUnitPlatformProvider.java:117)
	at org.apache.maven.surefire.booter.ForkedBooter.invokeProviderInSameClassLoader(ForkedBooter.java:384)
	at org.apache.maven.surefire.booter.ForkedBooter.runSuitesInProcess(ForkedBooter.java:345)
	at org.apache.maven.surefire.booter.ForkedBooter.execute(ForkedBooter.java:126)
	at org.apache.maven.surefire.booter.ForkedBooter.main(ForkedBooter.java:418)

[ERROR]   PathAssertionsExamples.directory_assertions:297 
Expecting path:
  src/test/resources/empty
to exist (symbolic links were followed).
[ERROR]   SoftAssertionsExamples.build_soft_assertions_errors_report_example:84 
expected: 
  "Assertions report:
  ------------------
  [check Frodo's race] 
  expected: "Orc"
  but was : "Hobbit"
  ------------------
  [check Aragorn's age] 
  Expecting:
    87
  to be greater than:
    500
  
  "
 but was: 
  "Assertions report:
  ------------------
  [check Frodo's race] 
  expected: "Orc"
   but was: "Hobbit"
  ------------------
  [check Aragorn's age] 
  Expecting actual:
    87
  to be greater than:
    500
  
  "
[INFO] 
[ERROR] Tests run: 426, Failures: 6, Errors: 0, Skipped: 12
[INFO] 
[INFO] ------------------------------------------------------------------------
[INFO] BUILD FAILURE
[INFO] ------------------------------------------------------------------------
[INFO] Total time:  02:29 min
[INFO] Finished at: 2026-08-24T20:35:47+08:00
[INFO] ------------------------------------------------------------------------
[ERROR] Failed to execute goal org.apache.maven.plugins:maven-surefire-plugin:2.22.1:test (default-test) on project assertj-examples-java-8: There are test failures.
[ERROR] 
[ERROR] Please refer to /tmp/marshal-assertj-examples-a0-20260824/assertions-examples/target/surefire-reports for the individual test results.
[ERROR] Please refer to dump files (if any exist) [date].dump, [date]-jvmRun[N].dump and [date].dumpstream.
[ERROR] -> [Help 1]
[ERROR] 
[ERROR] To see the full stack trace of the errors, re-run Maven with the -e switch.
[ERROR] Re-run Maven using the -X switch to enable full debug logging.
[ERROR] 
[ERROR] For more information about the errors and possible solutions, please read the following articles:
[ERROR] [Help 1] http://cwiki.apache.org/confluence/display/MAVEN/MojoFailureException
