Could not load 'oslo_cache.memcache_pool': No module named 'bmemcached'
Could not load 'oslo_cache.memcache_pool': No module named 'bmemcached'
Could not load 'oslo_cache.memcache_pool': No module named 'bmemcached'
Could not load 'oslo_cache.memcache_pool': No module named 'bmemcached'
Could not load 'oslo_cache.memcache_pool': No module named 'bmemcached'
Could not load 'oslo_cache.memcache_pool': No module named 'bmemcached'
Could not load 'oslo_cache.memcache_pool': No module named 'bmemcached'
Could not load 'oslo_cache.memcache_pool': No module named 'bmemcached'
Could not load 'oslo_cache.memcache_pool': No module named 'bmemcached'
Could not load 'oslo_cache.memcache_pool': No module named 'bmemcached'
Could not load 'oslo_cache.memcache_pool': No module named 'bmemcached'
Could not load 'oslo_cache.memcache_pool': No module named 'bmemcached'
Could not load 'oslo_cache.memcache_pool': No module named 'bmemcached'
Could not load 'oslo_cache.memcache_pool': No module named 'bmemcached'
Could not load 'oslo_cache.memcache_pool': No module named 'bmemcached'
Could not load 'oslo_cache.memcache_pool': No module named 'bmemcached'
Could not load 'oslo_cache.memcache_pool': No module named 'bmemcached'
Could not load 'oslo_cache.memcache_pool': No module named 'bmemcached'
Could not load 'oslo_cache.memcache_pool': No module named 'bmemcached'
Could not load 'oslo_cache.memcache_pool': No module named 'bmemcached'
Could not load 'oslo_cache.memcache_pool': No module named 'bmemcached'
/home/zhihao/hdd/marshal/.work/rebuild_880278_880338/run/formal-opendev-880278--target-880338-fresh2/replay-work/formal-opendev-880278--target-880338/target-a1/.tox/py3/lib/python3.10/site-packages/kombu/utils/compat.py:82: DeprecationWarning: SelectableGroups dict interface is deprecated. Use select.
  for ep in importlib_metadata.entry_points().get(namespace, [])
/home/zhihao/hdd/marshal/.work/rebuild_880278_880338/run/formal-opendev-880278--target-880338-fresh2/replay-work/formal-opendev-880278--target-880338/target-a1/.tox/py3/lib/python3.10/site-packages/kombu/utils/compat.py:82: DeprecationWarning: SelectableGroups dict interface is deprecated. Use select.
  for ep in importlib_metadata.entry_points().get(namespace, [])
/home/zhihao/hdd/marshal/.work/rebuild_880278_880338/run/formal-opendev-880278--target-880338-fresh2/replay-work/formal-opendev-880278--target-880338/target-a1/.tox/py3/lib/python3.10/site-packages/kombu/utils/compat.py:82: DeprecationWarning: SelectableGroups dict interface is deprecated. Use select.
  for ep in importlib_metadata.entry_points().get(namespace, [])
/home/zhihao/hdd/marshal/.work/rebuild_880278_880338/run/formal-opendev-880278--target-880338-fresh2/replay-work/formal-opendev-880278--target-880338/target-a1/.tox/py3/lib/python3.10/site-packages/kombu/utils/compat.py:82: DeprecationWarning: SelectableGroups dict interface is deprecated. Use select.
  for ep in importlib_metadata.entry_points().get(namespace, [])
/home/zhihao/hdd/marshal/.work/rebuild_880278_880338/run/formal-opendev-880278--target-880338-fresh2/replay-work/formal-opendev-880278--target-880338/target-a1/.tox/py3/lib/python3.10/site-packages/kombu/utils/compat.py:82: DeprecationWarning: SelectableGroups dict interface is deprecated. Use select.
  for ep in importlib_metadata.entry_points().get(namespace, [])
/home/zhihao/hdd/marshal/.work/rebuild_880278_880338/run/formal-opendev-880278--target-880338-fresh2/replay-work/formal-opendev-880278--target-880338/target-a1/.tox/py3/lib/python3.10/site-packages/kombu/utils/compat.py:82: DeprecationWarning: SelectableGroups dict interface is deprecated. Use select.
  for ep in importlib_metadata.entry_points().get(namespace, [])
/home/zhihao/hdd/marshal/.work/rebuild_880278_880338/run/formal-opendev-880278--target-880338-fresh2/replay-work/formal-opendev-880278--target-880338/target-a1/.tox/py3/lib/python3.10/site-packages/kombu/utils/compat.py:82: DeprecationWarning: SelectableGroups dict interface is deprecated. Use select.
  for ep in importlib_metadata.entry_points().get(namespace, [])
/home/zhihao/hdd/marshal/.work/rebuild_880278_880338/run/formal-opendev-880278--target-880338-fresh2/replay-work/formal-opendev-880278--target-880338/target-a1/.tox/py3/lib/python3.10/site-packages/kombu/utils/compat.py:82: DeprecationWarning: SelectableGroups dict interface is deprecated. Use select.
  for ep in importlib_metadata.entry_points().get(namespace, [])
/home/zhihao/hdd/marshal/.work/rebuild_880278_880338/run/formal-opendev-880278--target-880338-fresh2/replay-work/formal-opendev-880278--target-880338/target-a1/.tox/py3/lib/python3.10/site-packages/kombu/utils/compat.py:82: DeprecationWarning: SelectableGroups dict interface is deprecated. Use select.
  for ep in importlib_metadata.entry_points().get(namespace, [])
/home/zhihao/hdd/marshal/.work/rebuild_880278_880338/run/formal-opendev-880278--target-880338-fresh2/replay-work/formal-opendev-880278--target-880338/target-a1/.tox/py3/lib/python3.10/site-packages/kombu/utils/compat.py:82: DeprecationWarning: SelectableGroups dict interface is deprecated. Use select.
  for ep in importlib_metadata.entry_points().get(namespace, [])
/home/zhihao/hdd/marshal/.work/rebuild_880278_880338/run/formal-opendev-880278--target-880338-fresh2/replay-work/formal-opendev-880278--target-880338/target-a1/.tox/py3/lib/python3.10/site-packages/kombu/utils/compat.py:82: DeprecationWarning: SelectableGroups dict interface is deprecated. Use select.
  for ep in importlib_metadata.entry_points().get(namespace, [])
/home/zhihao/hdd/marshal/.work/rebuild_880278_880338/run/formal-opendev-880278--target-880338-fresh2/replay-work/formal-opendev-880278--target-880338/target-a1/.tox/py3/lib/python3.10/site-packages/kombu/utils/compat.py:82: DeprecationWarning: SelectableGroups dict interface is deprecated. Use select.
  for ep in importlib_metadata.entry_points().get(namespace, [])
/home/zhihao/hdd/marshal/.work/rebuild_880278_880338/run/formal-opendev-880278--target-880338-fresh2/replay-work/formal-opendev-880278--target-880338/target-a1/.tox/py3/lib/python3.10/site-packages/kombu/utils/compat.py:82: DeprecationWarning: SelectableGroups dict interface is deprecated. Use select.
  for ep in importlib_metadata.entry_points().get(namespace, [])
/home/zhihao/hdd/marshal/.work/rebuild_880278_880338/run/formal-opendev-880278--target-880338-fresh2/replay-work/formal-opendev-880278--target-880338/target-a1/.tox/py3/lib/python3.10/site-packages/kombu/utils/compat.py:82: DeprecationWarning: SelectableGroups dict interface is deprecated. Use select.
  for ep in importlib_metadata.entry_points().get(namespace, [])
/home/zhihao/hdd/marshal/.work/rebuild_880278_880338/run/formal-opendev-880278--target-880338-fresh2/replay-work/formal-opendev-880278--target-880338/target-a1/.tox/py3/lib/python3.10/site-packages/kombu/utils/compat.py:82: DeprecationWarning: SelectableGroups dict interface is deprecated. Use select.
  for ep in importlib_metadata.entry_points().get(namespace, [])
/home/zhihao/hdd/marshal/.work/rebuild_880278_880338/run/formal-opendev-880278--target-880338-fresh2/replay-work/formal-opendev-880278--target-880338/target-a1/.tox/py3/lib/python3.10/site-packages/kombu/utils/compat.py:82: DeprecationWarning: SelectableGroups dict interface is deprecated. Use select.
  for ep in importlib_metadata.entry_points().get(namespace, [])
/home/zhihao/hdd/marshal/.work/rebuild_880278_880338/run/formal-opendev-880278--target-880338-fresh2/replay-work/formal-opendev-880278--target-880338/target-a1/.tox/py3/lib/python3.10/site-packages/kombu/utils/compat.py:82: DeprecationWarning: SelectableGroups dict interface is deprecated. Use select.
  for ep in importlib_metadata.entry_points().get(namespace, [])
/home/zhihao/hdd/marshal/.work/rebuild_880278_880338/run/formal-opendev-880278--target-880338-fresh2/replay-work/formal-opendev-880278--target-880338/target-a1/.tox/py3/lib/python3.10/site-packages/kombu/utils/compat.py:82: DeprecationWarning: SelectableGroups dict interface is deprecated. Use select.
  for ep in importlib_metadata.entry_points().get(namespace, [])
/home/zhihao/hdd/marshal/.work/rebuild_880278_880338/run/formal-opendev-880278--target-880338-fresh2/replay-work/formal-opendev-880278--target-880338/target-a1/.tox/py3/lib/python3.10/site-packages/kombu/utils/compat.py:82: DeprecationWarning: SelectableGroups dict interface is deprecated. Use select.
  for ep in importlib_metadata.entry_points().get(namespace, [])
/home/zhihao/hdd/marshal/.work/rebuild_880278_880338/run/formal-opendev-880278--target-880338-fresh2/replay-work/formal-opendev-880278--target-880338/target-a1/.tox/py3/lib/python3.10/site-packages/kombu/utils/compat.py:82: DeprecationWarning: SelectableGroups dict interface is deprecated. Use select.
  for ep in importlib_metadata.entry_points().get(namespace, [])
/home/zhihao/hdd/marshal/.work/rebuild_880278_880338/run/formal-opendev-880278--target-880338-fresh2/replay-work/formal-opendev-880278--target-880338/target-a1/.tox/py3/lib/python3.10/site-packages/oslo_db/sqlalchemy/enginefacade.py:541: DeprecationWarning: Using the 'mysql_enable_ndb' argument is deprecated in version '12.1.0': Support for the MySQL NDB Cluster storage engine has been deprecated and will be removed in a future release.
  engine = engines.create_engine(
/home/zhihao/hdd/marshal/.work/rebuild_880278_880338/run/formal-opendev-880278--target-880338-fresh2/replay-work/formal-opendev-880278--target-880338/target-a1/.tox/py3/lib/python3.10/site-packages/oslo_db/sqlalchemy/enginefacade.py:541: DeprecationWarning: Using the 'mysql_enable_ndb' argument is deprecated in version '12.1.0': Support for the MySQL NDB Cluster storage engine has been deprecated and will be removed in a future release.
  engine = engines.create_engine(
/home/zhihao/hdd/marshal/.work/rebuild_880278_880338/run/formal-opendev-880278--target-880338-fresh2/replay-work/formal-opendev-880278--target-880338/target-a1/.tox/py3/lib/python3.10/site-packages/oslo_db/sqlalchemy/enginefacade.py:541: DeprecationWarning: Using the 'mysql_enable_ndb' argument is deprecated in version '12.1.0': Support for the MySQL NDB Cluster storage engine has been deprecated and will be removed in a future release.
  engine = engines.create_engine(
/home/zhihao/hdd/marshal/.work/rebuild_880278_880338/run/formal-opendev-880278--target-880338-fresh2/replay-work/formal-opendev-880278--target-880338/target-a1/.tox/py3/lib/python3.10/site-packages/oslo_db/sqlalchemy/enginefacade.py:541: DeprecationWarning: Using the 'mysql_enable_ndb' argument is deprecated in version '12.1.0': Support for the MySQL NDB Cluster storage engine has been deprecated and will be removed in a future release.
  engine = engines.create_engine(
/home/zhihao/hdd/marshal/.work/rebuild_880278_880338/run/formal-opendev-880278--target-880338-fresh2/replay-work/formal-opendev-880278--target-880338/target-a1/.tox/py3/lib/python3.10/site-packages/oslo_db/sqlalchemy/enginefacade.py:541: DeprecationWarning: Using the 'mysql_enable_ndb' argument is deprecated in version '12.1.0': Support for the MySQL NDB Cluster storage engine has been deprecated and will be removed in a future release.
  engine = engines.create_engine(
/home/zhihao/hdd/marshal/.work/rebuild_880278_880338/run/formal-opendev-880278--target-880338-fresh2/replay-work/formal-opendev-880278--target-880338/target-a1/.tox/py3/lib/python3.10/site-packages/oslo_db/sqlalchemy/enginefacade.py:541: DeprecationWarning: Using the 'mysql_enable_ndb' argument is deprecated in version '12.1.0': Support for the MySQL NDB Cluster storage engine has been deprecated and will be removed in a future release.
  engine = engines.create_engine(
/home/zhihao/hdd/marshal/.work/rebuild_880278_880338/run/formal-opendev-880278--target-880338-fresh2/replay-work/formal-opendev-880278--target-880338/target-a1/.tox/py3/lib/python3.10/site-packages/oslo_db/sqlalchemy/enginefacade.py:541: DeprecationWarning: Using the 'mysql_enable_ndb' argument is deprecated in version '12.1.0': Support for the MySQL NDB Cluster storage engine has been deprecated and will be removed in a future release.
  engine = engines.create_engine(
/home/zhihao/hdd/marshal/.work/rebuild_880278_880338/run/formal-opendev-880278--target-880338-fresh2/replay-work/formal-opendev-880278--target-880338/target-a1/.tox/py3/lib/python3.10/site-packages/oslo_db/sqlalchemy/enginefacade.py:541: DeprecationWarning: Using the 'mysql_enable_ndb' argument is deprecated in version '12.1.0': Support for the MySQL NDB Cluster storage engine has been deprecated and will be removed in a future release.
  engine = engines.create_engine(
/home/zhihao/hdd/marshal/.work/rebuild_880278_880338/run/formal-opendev-880278--target-880338-fresh2/replay-work/formal-opendev-880278--target-880338/target-a1/.tox/py3/lib/python3.10/site-packages/oslo_db/sqlalchemy/enginefacade.py:541: DeprecationWarning: Using the 'mysql_enable_ndb' argument is deprecated in version '12.1.0': Support for the MySQL NDB Cluster storage engine has been deprecated and will be removed in a future release.
  engine = engines.create_engine(
/home/zhihao/hdd/marshal/.work/rebuild_880278_880338/run/formal-opendev-880278--target-880338-fresh2/replay-work/formal-opendev-880278--target-880338/target-a1/.tox/py3/lib/python3.10/site-packages/oslo_db/sqlalchemy/enginefacade.py:541: DeprecationWarning: Using the 'mysql_enable_ndb' argument is deprecated in version '12.1.0': Support for the MySQL NDB Cluster storage engine has been deprecated and will be removed in a future release.
  engine = engines.create_engine(
/home/zhihao/hdd/marshal/.work/rebuild_880278_880338/run/formal-opendev-880278--target-880338-fresh2/replay-work/formal-opendev-880278--target-880338/target-a1/.tox/py3/lib/python3.10/site-packages/oslo_db/sqlalchemy/enginefacade.py:541: DeprecationWarning: Using the 'mysql_enable_ndb' argument is deprecated in version '12.1.0': Support for the MySQL NDB Cluster storage engine has been deprecated and will be removed in a future release.
  engine = engines.create_engine(
/home/zhihao/hdd/marshal/.work/rebuild_880278_880338/run/formal-opendev-880278--target-880338-fresh2/replay-work/formal-opendev-880278--target-880338/target-a1/.tox/py3/lib/python3.10/site-packages/oslo_db/sqlalchemy/enginefacade.py:541: DeprecationWarning: Using the 'mysql_enable_ndb' argument is deprecated in version '12.1.0': Support for the MySQL NDB Cluster storage engine has been deprecated and will be removed in a future release.
  engine = engines.create_engine(
/home/zhihao/hdd/marshal/.work/rebuild_880278_880338/run/formal-opendev-880278--target-880338-fresh2/replay-work/formal-opendev-880278--target-880338/target-a1/.tox/py3/lib/python3.10/site-packages/oslo_db/sqlalchemy/enginefacade.py:541: DeprecationWarning: Using the 'mysql_enable_ndb' argument is deprecated in version '12.1.0': Support for the MySQL NDB Cluster storage engine has been deprecated and will be removed in a future release.
  engine = engines.create_engine(
/home/zhihao/hdd/marshal/.work/rebuild_880278_880338/run/formal-opendev-880278--target-880338-fresh2/replay-work/formal-opendev-880278--target-880338/target-a1/.tox/py3/lib/python3.10/site-packages/oslo_db/sqlalchemy/enginefacade.py:541: DeprecationWarning: Using the 'mysql_enable_ndb' argument is deprecated in version '12.1.0': Support for the MySQL NDB Cluster storage engine has been deprecated and will be removed in a future release.
  engine = engines.create_engine(
/home/zhihao/hdd/marshal/.work/rebuild_880278_880338/run/formal-opendev-880278--target-880338-fresh2/replay-work/formal-opendev-880278--target-880338/target-a1/.tox/py3/lib/python3.10/site-packages/oslo_db/sqlalchemy/enginefacade.py:541: DeprecationWarning: Using the 'mysql_enable_ndb' argument is deprecated in version '12.1.0': Support for the MySQL NDB Cluster storage engine has been deprecated and will be removed in a future release.
  engine = engines.create_engine(
/home/zhihao/hdd/marshal/.work/rebuild_880278_880338/run/formal-opendev-880278--target-880338-fresh2/replay-work/formal-opendev-880278--target-880338/target-a1/.tox/py3/lib/python3.10/site-packages/oslo_db/sqlalchemy/enginefacade.py:541: DeprecationWarning: Using the 'mysql_enable_ndb' argument is deprecated in version '12.1.0': Support for the MySQL NDB Cluster storage engine has been deprecated and will be removed in a future release.
  engine = engines.create_engine(
/home/zhihao/hdd/marshal/.work/rebuild_880278_880338/run/formal-opendev-880278--target-880338-fresh2/replay-work/formal-opendev-880278--target-880338/target-a1/.tox/py3/lib/python3.10/site-packages/oslo_db/sqlalchemy/enginefacade.py:541: DeprecationWarning: Using the 'mysql_enable_ndb' argument is deprecated in version '12.1.0': Support for the MySQL NDB Cluster storage engine has been deprecated and will be removed in a future release.
  engine = engines.create_engine(
/home/zhihao/hdd/marshal/.work/rebuild_880278_880338/run/formal-opendev-880278--target-880338-fresh2/replay-work/formal-opendev-880278--target-880338/target-a1/.tox/py3/lib/python3.10/site-packages/oslo_db/sqlalchemy/enginefacade.py:541: DeprecationWarning: Using the 'mysql_enable_ndb' argument is deprecated in version '12.1.0': Support for the MySQL NDB Cluster storage engine has been deprecated and will be removed in a future release.
  engine = engines.create_engine(
/home/zhihao/hdd/marshal/.work/rebuild_880278_880338/run/formal-opendev-880278--target-880338-fresh2/replay-work/formal-opendev-880278--target-880338/target-a1/.tox/py3/lib/python3.10/site-packages/oslo_db/sqlalchemy/enginefacade.py:541: DeprecationWarning: Using the 'mysql_enable_ndb' argument is deprecated in version '12.1.0': Support for the MySQL NDB Cluster storage engine has been deprecated and will be removed in a future release.
  engine = engines.create_engine(
/home/zhihao/hdd/marshal/.work/rebuild_880278_880338/run/formal-opendev-880278--target-880338-fresh2/replay-work/formal-opendev-880278--target-880338/target-a1/.tox/py3/lib/python3.10/site-packages/oslo_db/sqlalchemy/enginefacade.py:541: DeprecationWarning: Using the 'mysql_enable_ndb' argument is deprecated in version '12.1.0': Support for the MySQL NDB Cluster storage engine has been deprecated and will be removed in a future release.
  engine = engines.create_engine(
{5} neutron.tests.unit.services.metering.test_metering_plugin.TestMeteringPlugin.test_routers_updated_on_host_rpc_call [1.633661s] ... ok
create failed: No details.
Traceback (most recent call last):
  File "/home/zhihao/hdd/marshal/.work/rebuild_880278_880338/run/formal-opendev-880278--target-880338-fresh2/replay-work/formal-opendev-880278--target-880338/target-a1/neutron/api/v2/resource.py", line 98, in resource
    result = method(request=request, **args)
  File "/home/zhihao/hdd/marshal/.work/rebuild_880278_880338/run/formal-opendev-880278--target-880338-fresh2/replay-work/formal-opendev-880278--target-880338/target-a1/neutron/api/v2/base.py", line 438, in create
    return self._create(request, body, **kwargs)
  File "/home/zhihao/hdd/marshal/.work/rebuild_880278_880338/run/formal-opendev-880278--target-880338-fresh2/replay-work/formal-opendev-880278--target-880338/target-a1/.tox/py3/lib/python3.10/site-packages/neutron_lib/db/api.py", line 140, in wrapped
    with excutils.save_and_reraise_exception():
  File "/home/zhihao/hdd/marshal/.work/rebuild_880278_880338/run/formal-opendev-880278--target-880338-fresh2/replay-work/formal-opendev-880278--target-880338/target-a1/.tox/py3/lib/python3.10/site-packages/oslo_utils/excutils.py", line 227, in __exit__
    self.force_reraise()
  File "/home/zhihao/hdd/marshal/.work/rebuild_880278_880338/run/formal-opendev-880278--target-880338-fresh2/replay-work/formal-opendev-880278--target-880338/target-a1/.tox/py3/lib/python3.10/site-packages/oslo_utils/excutils.py", line 200, in force_reraise
    raise self.value
  File "/home/zhihao/hdd/marshal/.work/rebuild_880278_880338/run/formal-opendev-880278--target-880338-fresh2/replay-work/formal-opendev-880278--target-880338/target-a1/.tox/py3/lib/python3.10/site-packages/neutron_lib/db/api.py", line 138, in wrapped
    return f(*args, **kwargs)
  File "/home/zhihao/hdd/marshal/.work/rebuild_880278_880338/run/formal-opendev-880278--target-880338-fresh2/replay-work/formal-opendev-880278--target-880338/target-a1/.tox/py3/lib/python3.10/site-packages/oslo_db/api.py", line 144, in wrapper
    with excutils.save_and_reraise_exception() as ectxt:
  File "/home/zhihao/hdd/marshal/.work/rebuild_880278_880338/run/formal-opendev-880278--target-880338-fresh2/replay-work/formal-opendev-880278--target-880338/target-a1/.tox/py3/lib/python3.10/site-packages/oslo_utils/excutils.py", line 227, in __exit__
    self.force_reraise()
  File "/home/zhihao/hdd/marshal/.work/rebuild_880278_880338/run/formal-opendev-880278--target-880338-fresh2/replay-work/formal-opendev-880278--target-880338/target-a1/.tox/py3/lib/python3.10/site-packages/oslo_utils/excutils.py", line 200, in force_reraise
    raise self.value
  File "/home/zhihao/hdd/marshal/.work/rebuild_880278_880338/run/formal-opendev-880278--target-880338-fresh2/replay-work/formal-opendev-880278--target-880338/target-a1/.tox/py3/lib/python3.10/site-packages/oslo_db/api.py", line 142, in wrapper
    return f(*args, **kwargs)
  File "/home/zhihao/hdd/marshal/.work/rebuild_880278_880338/run/formal-opendev-880278--target-880338-fresh2/replay-work/formal-opendev-880278--target-880338/target-a1/.tox/py3/lib/python3.10/site-packages/neutron_lib/db/api.py", line 186, in wrapped
    with excutils.save_and_reraise_exception():
  File "/home/zhihao/hdd/marshal/.work/rebuild_880278_880338/run/formal-opendev-880278--target-880338-fresh2/replay-work/formal-opendev-880278--target-880338/target-a1/.tox/py3/lib/python3.10/site-packages/oslo_utils/excutils.py", line 227, in __exit__
    self.force_reraise()
  File "/home/zhihao/hdd/marshal/.work/rebuild_880278_880338/run/formal-opendev-880278--target-880338-fresh2/replay-work/formal-opendev-880278--target-880338/target-a1/.tox/py3/lib/python3.10/site-packages/oslo_utils/excutils.py", line 200, in force_reraise
    raise self.value
  File "/home/zhihao/hdd/marshal/.work/rebuild_880278_880338/run/formal-opendev-880278--target-880338-fresh2/replay-work/formal-opendev-880278--target-880338/target-a1/.tox/py3/lib/python3.10/site-packages/neutron_lib/db/api.py", line 184, in wrapped
    return f(*dup_args, **dup_kwargs)
  File "/home/zhihao/hdd/marshal/.work/rebuild_880278_880338/run/formal-opendev-880278--target-880338-fresh2/replay-work/formal-opendev-880278--target-880338/target-a1/neutron/api/v2/base.py", line 564, in _create
    return notify({self._resource: self._view(request.context,
  File "/home/zhihao/hdd/marshal/.work/rebuild_880278_880338/run/formal-opendev-880278--target-880338-fresh2/replay-work/formal-opendev-880278--target-880338/target-a1/neutron/api/v2/base.py", line 504, in notify
    quota.QUOTAS.commit_reservation(
  File "/home/zhihao/hdd/marshal/.work/rebuild_880278_880338/run/formal-opendev-880278--target-880338-fresh2/replay-work/formal-opendev-880278--target-880338/target-a1/neutron/quota/__init__.py", line 103, in commit_reservation
    self.get_driver().commit_reservation(context, reservation_id)
  File "/home/zhihao/hdd/marshal/.work/rebuild_880278_880338/run/formal-opendev-880278--target-880338-fresh2/replay-work/formal-opendev-880278--target-880338/target-a1/neutron/db/quota/driver.py", line 269, in commit_reservation
    quota_api.remove_reservation(context, reservation_id,
  File "/home/zhihao/hdd/marshal/.work/rebuild_880278_880338/run/formal-opendev-880278--target-880338-fresh2/replay-work/formal-opendev-880278--target-880338/target-a1/neutron/common/utils.py", line 726, in inner
    raise RuntimeError(_("Method %s cannot be called within a "
RuntimeError: Method <function remove_reservation at 0x7ba7d7097520> cannot be called within a transaction.
create failed: No details.
Traceback (most recent call last):
  File "/home/zhihao/hdd/marshal/.work/rebuild_880278_880338/run/formal-opendev-880278--target-880338-fresh2/replay-work/formal-opendev-880278--target-880338/target-a1/neutron/api/v2/resource.py", line 98, in resource
    result = method(request=request, **args)
  File "/home/zhihao/hdd/marshal/.work/rebuild_880278_880338/run/formal-opendev-880278--target-880338-fresh2/replay-work/formal-opendev-880278--target-880338/target-a1/neutron/api/v2/base.py", line 438, in create
    return self._create(request, body, **kwargs)
  File "/home/zhihao/hdd/marshal/.work/rebuild_880278_880338/run/formal-opendev-880278--target-880338-fresh2/replay-work/formal-opendev-880278--target-880338/target-a1/.tox/py3/lib/python3.10/site-packages/neutron_lib/db/api.py", line 140, in wrapped
    with excutils.save_and_reraise_exception():
  File "/home/zhihao/hdd/marshal/.work/rebuild_880278_880338/run/formal-opendev-880278--target-880338-fresh2/replay-work/formal-opendev-880278--target-880338/target-a1/.tox/py3/lib/python3.10/site-packages/oslo_utils/excutils.py", line 227, in __exit__
    self.force_reraise()
  File "/home/zhihao/hdd/marshal/.work/rebuild_880278_880338/run/formal-opendev-880278--target-880338-fresh2/replay-work/formal-opendev-880278--target-880338/target-a1/.tox/py3/lib/python3.10/site-packages/oslo_utils/excutils.py", line 200, in force_reraise
    raise self.value
  File "/home/zhihao/hdd/marshal/.work/rebuild_880278_880338/run/formal-opendev-880278--target-880338-fresh2/replay-work/formal-opendev-880278--target-880338/target-a1/.tox/py3/lib/python3.10/site-packages/neutron_lib/db/api.py", line 138, in wrapped
    return f(*args, **kwargs)
  File "/home/zhihao/hdd/marshal/.work/rebuild_880278_880338/run/formal-opendev-880278--target-880338-fresh2/replay-work/formal-opendev-880278--target-880338/target-a1/.tox/py3/lib/python3.10/site-packages/oslo_db/api.py", line 144, in wrapper
    with excutils.save_and_reraise_exception() as ectxt:
  File "/home/zhihao/hdd/marshal/.work/rebuild_880278_880338/run/formal-opendev-880278--target-880338-fresh2/replay-work/formal-opendev-880278--target-880338/target-a1/.tox/py3/lib/python3.10/site-packages/oslo_utils/excutils.py", line 227, in __exit__
    self.force_reraise()
  File "/home/zhihao/hdd/marshal/.work/rebuild_880278_880338/run/formal-opendev-880278--target-880338-fresh2/replay-work/formal-opendev-880278--target-880338/target-a1/.tox/py3/lib/python3.10/site-packages/oslo_utils/excutils.py", line 200, in force_reraise
    raise self.value
  File "/home/zhihao/hdd/marshal/.work/rebuild_880278_880338/run/formal-opendev-880278--target-880338-fresh2/replay-work/formal-opendev-880278--target-880338/target-a1/.tox/py3/lib/python3.10/site-packages/oslo_db/api.py", line 142, in wrapper
    return f(*args, **kwargs)
  File "/home/zhihao/hdd/marshal/.work/rebuild_880278_880338/run/formal-opendev-880278--target-880338-fresh2/replay-work/formal-opendev-880278--target-880338/target-a1/.tox/py3/lib/python3.10/site-packages/neutron_lib/db/api.py", line 186, in wrapped
    with excutils.save_and_reraise_exception():
  File "/home/zhihao/hdd/marshal/.work/rebuild_880278_880338/run/formal-opendev-880278--target-880338-fresh2/replay-work/formal-opendev-880278--target-880338/target-a1/.tox/py3/lib/python3.10/site-packages/oslo_utils/excutils.py", line 227, in __exit__
    self.force_reraise()
  File "/home/zhihao/hdd/marshal/.work/rebuild_880278_880338/run/formal-opendev-880278--target-880338-fresh2/replay-work/formal-opendev-880278--target-880338/target-a1/.tox/py3/lib/python3.10/site-packages/oslo_utils/excutils.py", line 200, in force_reraise
    raise self.value
  File "/home/zhihao/hdd/marshal/.work/rebuild_880278_880338/run/formal-opendev-880278--target-880338-fresh2/replay-work/formal-opendev-880278--target-880338/target-a1/.tox/py3/lib/python3.10/site-packages/neutron_lib/db/api.py", line 184, in wrapped
    return f(*dup_args, **dup_kwargs)
  File "/home/zhihao/hdd/marshal/.work/rebuild_880278_880338/run/formal-opendev-880278--target-880338-fresh2/replay-work/formal-opendev-880278--target-880338/target-a1/neutron/api/v2/base.py", line 564, in _create
    return notify({self._resource: self._view(request.context,
  File "/home/zhihao/hdd/marshal/.work/rebuild_880278_880338/run/formal-opendev-880278--target-880338-fresh2/replay-work/formal-opendev-880278--target-880338/target-a1/neutron/api/v2/base.py", line 504, in notify
    quota.QUOTAS.commit_reservation(
  File "/home/zhihao/hdd/marshal/.work/rebuild_880278_880338/run/formal-opendev-880278--target-880338-fresh2/replay-work/formal-opendev-880278--target-880338/target-a1/neutron/quota/__init__.py", line 103, in commit_reservation
    self.get_driver().commit_reservation(context, reservation_id)
  File "/home/zhihao/hdd/marshal/.work/rebuild_880278_880338/run/formal-opendev-880278--target-880338-fresh2/replay-work/formal-opendev-880278--target-880338/target-a1/neutron/db/quota/driver.py", line 269, in commit_reservation
    quota_api.remove_reservation(context, reservation_id,
  File "/home/zhihao/hdd/marshal/.work/rebuild_880278_880338/run/formal-opendev-880278--target-880338-fresh2/replay-work/formal-opendev-880278--target-880338/target-a1/neutron/common/utils.py", line 726, in inner
    raise RuntimeError(_("Method %s cannot be called within a "
RuntimeError: Method <function remove_reservation at 0x70bb2ac83520> cannot be called within a transaction.
create failed: No details.
Traceback (most recent call last):
  File "/home/zhihao/hdd/marshal/.work/rebuild_880278_880338/run/formal-opendev-880278--target-880338-fresh2/replay-work/formal-opendev-880278--target-880338/target-a1/neutron/api/v2/resource.py", line 98, in resource
    result = method(request=request, **args)
  File "/home/zhihao/hdd/marshal/.work/rebuild_880278_880338/run/formal-opendev-880278--target-880338-fresh2/replay-work/formal-opendev-880278--target-880338/target-a1/neutron/api/v2/base.py", line 438, in create
    return self._create(request, body, **kwargs)
  File "/home/zhihao/hdd/marshal/.work/rebuild_880278_880338/run/formal-opendev-880278--target-880338-fresh2/replay-work/formal-opendev-880278--target-880338/target-a1/.tox/py3/lib/python3.10/site-packages/neutron_lib/db/api.py", line 140, in wrapped
    with excutils.save_and_reraise_exception():
  File "/home/zhihao/hdd/marshal/.work/rebuild_880278_880338/run/formal-opendev-880278--target-880338-fresh2/replay-work/formal-opendev-880278--target-880338/target-a1/.tox/py3/lib/python3.10/site-packages/oslo_utils/excutils.py", line 227, in __exit__
    self.force_reraise()
  File "/home/zhihao/hdd/marshal/.work/rebuild_880278_880338/run/formal-opendev-880278--target-880338-fresh2/replay-work/formal-opendev-880278--target-880338/target-a1/.tox/py3/lib/python3.10/site-packages/oslo_utils/excutils.py", line 200, in force_reraise
    raise self.value
  File "/home/zhihao/hdd/marshal/.work/rebuild_880278_880338/run/formal-opendev-880278--target-880338-fresh2/replay-work/formal-opendev-880278--target-880338/target-a1/.tox/py3/lib/python3.10/site-packages/neutron_lib/db/api.py", line 138, in wrapped
    return f(*args, **kwargs)
  File "/home/zhihao/hdd/marshal/.work/rebuild_880278_880338/run/formal-opendev-880278--target-880338-fresh2/replay-work/formal-opendev-880278--target-880338/target-a1/.tox/py3/lib/python3.10/site-packages/oslo_db/api.py", line 144, in wrapper
    with excutils.save_and_reraise_exception() as ectxt:
  File "/home/zhihao/hdd/marshal/.work/rebuild_880278_880338/run/formal-opendev-880278--target-880338-fresh2/replay-work/formal-opendev-880278--target-880338/target-a1/.tox/py3/lib/python3.10/site-packages/oslo_utils/excutils.py", line 227, in __exit__
    self.force_reraise()
  File "/home/zhihao/hdd/marshal/.work/rebuild_880278_880338/run/formal-opendev-880278--target-880338-fresh2/replay-work/formal-opendev-880278--target-880338/target-a1/.tox/py3/lib/python3.10/site-packages/oslo_utils/excutils.py", line 200, in force_reraise
    raise self.value
  File "/home/zhihao/hdd/marshal/.work/rebuild_880278_880338/run/formal-opendev-880278--target-880338-fresh2/replay-work/formal-opendev-880278--target-880338/target-a1/.tox/py3/lib/python3.10/site-packages/oslo_db/api.py", line 142, in wrapper
    return f(*args, **kwargs)
  File "/home/zhihao/hdd/marshal/.work/rebuild_880278_880338/run/formal-opendev-880278--target-880338-fresh2/replay-work/formal-opendev-880278--target-880338/target-a1/.tox/py3/lib/python3.10/site-packages/neutron_lib/db/api.py", line 186, in wrapped
    with excutils.save_and_reraise_exception():
  File "/home/zhihao/hdd/marshal/.work/rebuild_880278_880338/run/formal-opendev-880278--target-880338-fresh2/replay-work/formal-opendev-880278--target-880338/target-a1/.tox/py3/lib/python3.10/site-packages/oslo_utils/excutils.py", line 227, in __exit__
    self.force_reraise()
  File "/home/zhihao/hdd/marshal/.work/rebuild_880278_880338/run/formal-opendev-880278--target-880338-fresh2/replay-work/formal-opendev-880278--target-880338/target-a1/.tox/py3/lib/python3.10/site-packages/oslo_utils/excutils.py", line 200, in force_reraise
    raise self.value
  File "/home/zhihao/hdd/marshal/.work/rebuild_880278_880338/run/formal-opendev-880278--target-880338-fresh2/replay-work/formal-opendev-880278--target-880338/target-a1/.tox/py3/lib/python3.10/site-packages/neutron_lib/db/api.py", line 184, in wrapped
    return f(*dup_args, **dup_kwargs)
  File "/home/zhihao/hdd/marshal/.work/rebuild_880278_880338/run/formal-opendev-880278--target-880338-fresh2/replay-work/formal-opendev-880278--target-880338/target-a1/neutron/api/v2/base.py", line 564, in _create
    return notify({self._resource: self._view(request.context,
  File "/home/zhihao/hdd/marshal/.work/rebuild_880278_880338/run/formal-opendev-880278--target-880338-fresh2/replay-work/formal-opendev-880278--target-880338/target-a1/neutron/api/v2/base.py", line 504, in notify
    quota.QUOTAS.commit_reservation(
  File "/home/zhihao/hdd/marshal/.work/rebuild_880278_880338/run/formal-opendev-880278--target-880338-fresh2/replay-work/formal-opendev-880278--target-880338/target-a1/neutron/quota/__init__.py", line 103, in commit_reservation
    self.get_driver().commit_reservation(context, reservation_id)
  File "/home/zhihao/hdd/marshal/.work/rebuild_880278_880338/run/formal-opendev-880278--target-880338-fresh2/replay-work/formal-opendev-880278--target-880338/target-a1/neutron/db/quota/driver.py", line 269, in commit_reservation
    quota_api.remove_reservation(context, reservation_id,
  File "/home/zhihao/hdd/marshal/.work/rebuild_880278_880338/run/formal-opendev-880278--target-880338-fresh2/replay-work/formal-opendev-880278--target-880338/target-a1/neutron/common/utils.py", line 726, in inner
    raise RuntimeError(_("Method %s cannot be called within a "
RuntimeError: Method <function remove_reservation at 0x7661fea83520> cannot be called within a transaction.
create failed: No details.
Traceback (most recent call last):
  File "/home/zhihao/hdd/marshal/.work/rebuild_880278_880338/run/formal-opendev-880278--target-880338-fresh2/replay-work/formal-opendev-880278--target-880338/target-a1/neutron/api/v2/resource.py", line 98, in resource
    result = method(request=request, **args)
  File "/home/zhihao/hdd/marshal/.work/rebuild_880278_880338/run/formal-opendev-880278--target-880338-fresh2/replay-work/formal-opendev-880278--target-880338/target-a1/neutron/api/v2/base.py", line 438, in create
    return self._create(request, body, **kwargs)
  File "/home/zhihao/hdd/marshal/.work/rebuild_880278_880338/run/formal-opendev-880278--target-880338-fresh2/replay-work/formal-opendev-880278--target-880338/target-a1/.tox/py3/lib/python3.10/site-packages/neutron_lib/db/api.py", line 140, in wrapped
    with excutils.save_and_reraise_exception():
  File "/home/zhihao/hdd/marshal/.work/rebuild_880278_880338/run/formal-opendev-880278--target-880338-fresh2/replay-work/formal-opendev-880278--target-880338/target-a1/.tox/py3/lib/python3.10/site-packages/oslo_utils/excutils.py", line 227, in __exit__
    self.force_reraise()
  File "/home/zhihao/hdd/marshal/.work/rebuild_880278_880338/run/formal-opendev-880278--target-880338-fresh2/replay-work/formal-opendev-880278--target-880338/target-a1/.tox/py3/lib/python3.10/site-packages/oslo_utils/excutils.py", line 200, in force_reraise
    raise self.value
  File "/home/zhihao/hdd/marshal/.work/rebuild_880278_880338/run/formal-opendev-880278--target-880338-fresh2/replay-work/formal-opendev-880278--target-880338/target-a1/.tox/py3/lib/python3.10/site-packages/neutron_lib/db/api.py", line 138, in wrapped
    return f(*args, **kwargs)
  File "/home/zhihao/hdd/marshal/.work/rebuild_880278_880338/run/formal-opendev-880278--target-880338-fresh2/replay-work/formal-opendev-880278--target-880338/target-a1/.tox/py3/lib/python3.10/site-packages/oslo_db/api.py", line 144, in wrapper
    with excutils.save_and_reraise_exception() as ectxt:
  File "/home/zhihao/hdd/marshal/.work/rebuild_880278_880338/run/formal-opendev-880278--target-880338-fresh2/replay-work/formal-opendev-880278--target-880338/target-a1/.tox/py3/lib/python3.10/site-packages/oslo_utils/excutils.py", line 227, in __exit__
    self.force_reraise()
  File "/home/zhihao/hdd/marshal/.work/rebuild_880278_880338/run/formal-opendev-880278--target-880338-fresh2/replay-work/formal-opendev-880278--target-880338/target-a1/.tox/py3/lib/python3.10/site-packages/oslo_utils/excutils.py", line 200, in force_reraise
    raise self.value
  File "/home/zhihao/hdd/marshal/.work/rebuild_880278_880338/run/formal-opendev-880278--target-880338-fresh2/replay-work/formal-opendev-880278--target-880338/target-a1/.tox/py3/lib/python3.10/site-packages/oslo_db/api.py", line 142, in wrapper
    return f(*args, **kwargs)
  File "/home/zhihao/hdd/marshal/.work/rebuild_880278_880338/run/formal-opendev-880278--target-880338-fresh2/replay-work/formal-opendev-880278--target-880338/target-a1/.tox/py3/lib/python3.10/site-packages/neutron_lib/db/api.py", line 186, in wrapped
    with excutils.save_and_reraise_exception():
  File "/home/zhihao/hdd/marshal/.work/rebuild_880278_880338/run/formal-opendev-880278--target-880338-fresh2/replay-work/formal-opendev-880278--target-880338/target-a1/.tox/py3/lib/python3.10/site-packages/oslo_utils/excutils.py", line 227, in __exit__
    self.force_reraise()
  File "/home/zhihao/hdd/marshal/.work/rebuild_880278_880338/run/formal-opendev-880278--target-880338-fresh2/replay-work/formal-opendev-880278--target-880338/target-a1/.tox/py3/lib/python3.10/site-packages/oslo_utils/excutils.py", line 200, in force_reraise
    raise self.value
  File "/home/zhihao/hdd/marshal/.work/rebuild_880278_880338/run/formal-opendev-880278--target-880338-fresh2/replay-work/formal-opendev-880278--target-880338/target-a1/.tox/py3/lib/python3.10/site-packages/neutron_lib/db/api.py", line 184, in wrapped
    return f(*dup_args, **dup_kwargs)
  File "/home/zhihao/hdd/marshal/.work/rebuild_880278_880338/run/formal-opendev-880278--target-880338-fresh2/replay-work/formal-opendev-880278--target-880338/target-a1/neutron/api/v2/base.py", line 564, in _create
    return notify({self._resource: self._view(request.context,
  File "/home/zhihao/hdd/marshal/.work/rebuild_880278_880338/run/formal-opendev-880278--target-880338-fresh2/replay-work/formal-opendev-880278--target-880338/target-a1/neutron/api/v2/base.py", line 504, in notify
    quota.QUOTAS.commit_reservation(
  File "/home/zhihao/hdd/marshal/.work/rebuild_880278_880338/run/formal-opendev-880278--target-880338-fresh2/replay-work/formal-opendev-880278--target-880338/target-a1/neutron/quota/__init__.py", line 103, in commit_reservation
    self.get_driver().commit_reservation(context, reservation_id)
  File "/home/zhihao/hdd/marshal/.work/rebuild_880278_880338/run/formal-opendev-880278--target-880338-fresh2/replay-work/formal-opendev-880278--target-880338/target-a1/neutron/db/quota/driver.py", line 269, in commit_reservation
    quota_api.remove_reservation(context, reservation_id,
  File "/home/zhihao/hdd/marshal/.work/rebuild_880278_880338/run/formal-opendev-880278--target-880338-fresh2/replay-work/formal-opendev-880278--target-880338/target-a1/neutron/common/utils.py", line 726, in inner
    raise RuntimeError(_("Method %s cannot be called within a "
RuntimeError: Method <function remove_reservation at 0x71589f483520> cannot be called within a transaction.
create failed: No details.
Traceback (most recent call last):
  File "/home/zhihao/hdd/marshal/.work/rebuild_880278_880338/run/formal-opendev-880278--target-880338-fresh2/replay-work/formal-opendev-880278--target-880338/target-a1/neutron/api/v2/resource.py", line 98, in resource
    result = method(request=request, **args)
  File "/home/zhihao/hdd/marshal/.work/rebuild_880278_880338/run/formal-opendev-880278--target-880338-fresh2/replay-work/formal-opendev-880278--target-880338/target-a1/neutron/api/v2/base.py", line 438, in create
    return self._create(request, body, **kwargs)
  File "/home/zhihao/hdd/marshal/.work/rebuild_880278_880338/run/formal-opendev-880278--target-880338-fresh2/replay-work/formal-opendev-880278--target-880338/target-a1/.tox/py3/lib/python3.10/site-packages/neutron_lib/db/api.py", line 140, in wrapped
    with excutils.save_and_reraise_exception():
  File "/home/zhihao/hdd/marshal/.work/rebuild_880278_880338/run/formal-opendev-880278--target-880338-fresh2/replay-work/formal-opendev-880278--target-880338/target-a1/.tox/py3/lib/python3.10/site-packages/oslo_utils/excutils.py", line 227, in __exit__
    self.force_reraise()
  File "/home/zhihao/hdd/marshal/.work/rebuild_880278_880338/run/formal-opendev-880278--target-880338-fresh2/replay-work/formal-opendev-880278--target-880338/target-a1/.tox/py3/lib/python3.10/site-packages/oslo_utils/excutils.py", line 200, in force_reraise
    raise self.value
  File "/home/zhihao/hdd/marshal/.work/rebuild_880278_880338/run/formal-opendev-880278--target-880338-fresh2/replay-work/formal-opendev-880278--target-880338/target-a1/.tox/py3/lib/python3.10/site-packages/neutron_lib/db/api.py", line 138, in wrapped
    return f(*args, **kwargs)
  File "/home/zhihao/hdd/marshal/.work/rebuild_880278_880338/run/formal-opendev-880278--target-880338-fresh2/replay-work/formal-opendev-880278--target-880338/target-a1/.tox/py3/lib/python3.10/site-packages/oslo_db/api.py", line 144, in wrapper
    with excutils.save_and_reraise_exception() as ectxt:
  File "/home/zhihao/hdd/marshal/.work/rebuild_880278_880338/run/formal-opendev-880278--target-880338-fresh2/replay-work/formal-opendev-880278--target-880338/target-a1/.tox/py3/lib/python3.10/site-packages/oslo_utils/excutils.py", line 227, in __exit__
    self.force_reraise()
  File "/home/zhihao/hdd/marshal/.work/rebuild_880278_880338/run/formal-opendev-880278--target-880338-fresh2/replay-work/formal-opendev-880278--target-880338/target-a1/.tox/py3/lib/python3.10/site-packages/oslo_utils/excutils.py", line 200, in force_reraise
    raise self.value
  File "/home/zhihao/hdd/marshal/.work/rebuild_880278_880338/run/formal-opendev-880278--target-880338-fresh2/replay-work/formal-opendev-880278--target-880338/target-a1/.tox/py3/lib/python3.10/site-packages/oslo_db/api.py", line 142, in wrapper
    return f(*args, **kwargs)
  File "/home/zhihao/hdd/marshal/.work/rebuild_880278_880338/run/formal-opendev-880278--target-880338-fresh2/replay-work/formal-opendev-880278--target-880338/target-a1/.tox/py3/lib/python3.10/site-packages/neutron_lib/db/api.py", line 186, in wrapped
    with excutils.save_and_reraise_exception():
  File "/home/zhihao/hdd/marshal/.work/rebuild_880278_880338/run/formal-opendev-880278--target-880338-fresh2/replay-work/formal-opendev-880278--target-880338/target-a1/.tox/py3/lib/python3.10/site-packages/oslo_utils/excutils.py", line 227, in __exit__
    self.force_reraise()
  File "/home/zhihao/hdd/marshal/.work/rebuild_880278_880338/run/formal-opendev-880278--target-880338-fresh2/replay-work/formal-opendev-880278--target-880338/target-a1/.tox/py3/lib/python3.10/site-packages/oslo_utils/excutils.py", line 200, in force_reraise
    raise self.value
  File "/home/zhihao/hdd/marshal/.work/rebuild_880278_880338/run/formal-opendev-880278--target-880338-fresh2/replay-work/formal-opendev-880278--target-880338/target-a1/.tox/py3/lib/python3.10/site-packages/neutron_lib/db/api.py", line 184, in wrapped
    return f(*dup_args, **dup_kwargs)
  File "/home/zhihao/hdd/marshal/.work/rebuild_880278_880338/run/formal-opendev-880278--target-880338-fresh2/replay-work/formal-opendev-880278--target-880338/target-a1/neutron/api/v2/base.py", line 564, in _create
    return notify({self._resource: self._view(request.context,
  File "/home/zhihao/hdd/marshal/.work/rebuild_880278_880338/run/formal-opendev-880278--target-880338-fresh2/replay-work/formal-opendev-880278--target-880338/target-a1/neutron/api/v2/base.py", line 504, in notify
    quota.QUOTAS.commit_reservation(
  File "/home/zhihao/hdd/marshal/.work/rebuild_880278_880338/run/formal-opendev-880278--target-880338-fresh2/replay-work/formal-opendev-880278--target-880338/target-a1/neutron/quota/__init__.py", line 103, in commit_reservation
    self.get_driver().commit_reservation(context, reservation_id)
  File "/home/zhihao/hdd/marshal/.work/rebuild_880278_880338/run/formal-opendev-880278--target-880338-fresh2/replay-work/formal-opendev-880278--target-880338/target-a1/neutron/db/quota/driver.py", line 269, in commit_reservation
    quota_api.remove_reservation(context, reservation_id,
  File "/home/zhihao/hdd/marshal/.work/rebuild_880278_880338/run/formal-opendev-880278--target-880338-fresh2/replay-work/formal-opendev-880278--target-880338/target-a1/neutron/common/utils.py", line 726, in inner
    raise RuntimeError(_("Method %s cannot be called within a "
RuntimeError: Method <function remove_reservation at 0x7a1cee483520> cannot be called within a transaction.
create failed: No details.
Traceback (most recent call last):
  File "/home/zhihao/hdd/marshal/.work/rebuild_880278_880338/run/formal-opendev-880278--target-880338-fresh2/replay-work/formal-opendev-880278--target-880338/target-a1/neutron/api/v2/resource.py", line 98, in resource
    result = method(request=request, **args)
  File "/home/zhihao/hdd/marshal/.work/rebuild_880278_880338/run/formal-opendev-880278--target-880338-fresh2/replay-work/formal-opendev-880278--target-880338/target-a1/neutron/api/v2/base.py", line 438, in create
    return self._create(request, body, **kwargs)
  File "/home/zhihao/hdd/marshal/.work/rebuild_880278_880338/run/formal-opendev-880278--target-880338-fresh2/replay-work/formal-opendev-880278--target-880338/target-a1/.tox/py3/lib/python3.10/site-packages/neutron_lib/db/api.py", line 140, in wrapped
    with excutils.save_and_reraise_exception():
  File "/home/zhihao/hdd/marshal/.work/rebuild_880278_880338/run/formal-opendev-880278--target-880338-fresh2/replay-work/formal-opendev-880278--target-880338/target-a1/.tox/py3/lib/python3.10/site-packages/oslo_utils/excutils.py", line 227, in __exit__
    self.force_reraise()
  File "/home/zhihao/hdd/marshal/.work/rebuild_880278_880338/run/formal-opendev-880278--target-880338-fresh2/replay-work/formal-opendev-880278--target-880338/target-a1/.tox/py3/lib/python3.10/site-packages/oslo_utils/excutils.py", line 200, in force_reraise
    raise self.value
  File "/home/zhihao/hdd/marshal/.work/rebuild_880278_880338/run/formal-opendev-880278--target-880338-fresh2/replay-work/formal-opendev-880278--target-880338/target-a1/.tox/py3/lib/python3.10/site-packages/neutron_lib/db/api.py", line 138, in wrapped
    return f(*args, **kwargs)
  File "/home/zhihao/hdd/marshal/.work/rebuild_880278_880338/run/formal-opendev-880278--target-880338-fresh2/replay-work/formal-opendev-880278--target-880338/target-a1/.tox/py3/lib/python3.10/site-packages/oslo_db/api.py", line 144, in wrapper
    with excutils.save_and_reraise_exception() as ectxt:
  File "/home/zhihao/hdd/marshal/.work/rebuild_880278_880338/run/formal-opendev-880278--target-880338-fresh2/replay-work/formal-opendev-880278--target-880338/target-a1/.tox/py3/lib/python3.10/site-packages/oslo_utils/excutils.py", line 227, in __exit__
    self.force_reraise()
  File "/home/zhihao/hdd/marshal/.work/rebuild_880278_880338/run/formal-opendev-880278--target-880338-fresh2/replay-work/formal-opendev-880278--target-880338/target-a1/.tox/py3/lib/python3.10/site-packages/oslo_utils/excutils.py", line 200, in force_reraise
    raise self.value
  File "/home/zhihao/hdd/marshal/.work/rebuild_880278_880338/run/formal-opendev-880278--target-880338-fresh2/replay-work/formal-opendev-880278--target-880338/target-a1/.tox/py3/lib/python3.10/site-packages/oslo_db/api.py", line 142, in wrapper
    return f(*args, **kwargs)
  File "/home/zhihao/hdd/marshal/.work/rebuild_880278_880338/run/formal-opendev-880278--target-880338-fresh2/replay-work/formal-opendev-880278--target-880338/target-a1/.tox/py3/lib/python3.10/site-packages/neutron_lib/db/api.py", line 186, in wrapped
    with excutils.save_and_reraise_exception():
  File "/home/zhihao/hdd/marshal/.work/rebuild_880278_880338/run/formal-opendev-880278--target-880338-fresh2/replay-work/formal-opendev-880278--target-880338/target-a1/.tox/py3/lib/python3.10/site-packages/oslo_utils/excutils.py", line 227, in __exit__
    self.force_reraise()
  File "/home/zhihao/hdd/marshal/.work/rebuild_880278_880338/run/formal-opendev-880278--target-880338-fresh2/replay-work/formal-opendev-880278--target-880338/target-a1/.tox/py3/lib/python3.10/site-packages/oslo_utils/excutils.py", line 200, in force_reraise
    raise self.value
  File "/home/zhihao/hdd/marshal/.work/rebuild_880278_880338/run/formal-opendev-880278--target-880338-fresh2/replay-work/formal-opendev-880278--target-880338/target-a1/.tox/py3/lib/python3.10/site-packages/neutron_lib/db/api.py", line 184, in wrapped
    return f(*dup_args, **dup_kwargs)
  File "/home/zhihao/hdd/marshal/.work/rebuild_880278_880338/run/formal-opendev-880278--target-880338-fresh2/replay-work/formal-opendev-880278--target-880338/target-a1/neutron/api/v2/base.py", line 564, in _create
    return notify({self._resource: self._view(request.context,
  File "/home/zhihao/hdd/marshal/.work/rebuild_880278_880338/run/formal-opendev-880278--target-880338-fresh2/replay-work/formal-opendev-880278--target-880338/target-a1/neutron/api/v2/base.py", line 504, in notify
    quota.QUOTAS.commit_reservation(
  File "/home/zhihao/hdd/marshal/.work/rebuild_880278_880338/run/formal-opendev-880278--target-880338-fresh2/replay-work/formal-opendev-880278--target-880338/target-a1/neutron/quota/__init__.py", line 103, in commit_reservation
    self.get_driver().commit_reservation(context, reservation_id)
  File "/home/zhihao/hdd/marshal/.work/rebuild_880278_880338/run/formal-opendev-880278--target-880338-fresh2/replay-work/formal-opendev-880278--target-880338/target-a1/neutron/db/quota/driver.py", line 269, in commit_reservation
    quota_api.remove_reservation(context, reservation_id,
  File "/home/zhihao/hdd/marshal/.work/rebuild_880278_880338/run/formal-opendev-880278--target-880338-fresh2/replay-work/formal-opendev-880278--target-880338/target-a1/neutron/common/utils.py", line 726, in inner
    raise RuntimeError(_("Method %s cannot be called within a "
RuntimeError: Method <function remove_reservation at 0x71589f483520> cannot be called within a transaction.
create failed: No details.
Traceback (most recent call last):
  File "/home/zhihao/hdd/marshal/.work/rebuild_880278_880338/run/formal-opendev-880278--target-880338-fresh2/replay-work/formal-opendev-880278--target-880338/target-a1/neutron/api/v2/resource.py", line 98, in resource
    result = method(request=request, **args)
  File "/home/zhihao/hdd/marshal/.work/rebuild_880278_880338/run/formal-opendev-880278--target-880338-fresh2/replay-work/formal-opendev-880278--target-880338/target-a1/neutron/api/v2/base.py", line 438, in create
    return self._create(request, body, **kwargs)
  File "/home/zhihao/hdd/marshal/.work/rebuild_880278_880338/run/formal-opendev-880278--target-880338-fresh2/replay-work/formal-opendev-880278--target-880338/target-a1/.tox/py3/lib/python3.10/site-packages/neutron_lib/db/api.py", line 140, in wrapped
    with excutils.save_and_reraise_exception():
  File "/home/zhihao/hdd/marshal/.work/rebuild_880278_880338/run/formal-opendev-880278--target-880338-fresh2/replay-work/formal-opendev-880278--target-880338/target-a1/.tox/py3/lib/python3.10/site-packages/oslo_utils/excutils.py", line 227, in __exit__
    self.force_reraise()
  File "/home/zhihao/hdd/marshal/.work/rebuild_880278_880338/run/formal-opendev-880278--target-880338-fresh2/replay-work/formal-opendev-880278--target-880338/target-a1/.tox/py3/lib/python3.10/site-packages/oslo_utils/excutils.py", line 200, in force_reraise
    raise self.value
  File "/home/zhihao/hdd/marshal/.work/rebuild_880278_880338/run/formal-opendev-880278--target-880338-fresh2/replay-work/formal-opendev-880278--target-880338/target-a1/.tox/py3/lib/python3.10/site-packages/neutron_lib/db/api.py", line 138, in wrapped
    return f(*args, **kwargs)
  File "/home/zhihao/hdd/marshal/.work/rebuild_880278_880338/run/formal-opendev-880278--target-880338-fresh2/replay-work/formal-opendev-880278--target-880338/target-a1/.tox/py3/lib/python3.10/site-packages/oslo_db/api.py", line 144, in wrapper
    with excutils.save_and_reraise_exception() as ectxt:
  File "/home/zhihao/hdd/marshal/.work/rebuild_880278_880338/run/formal-opendev-880278--target-880338-fresh2/replay-work/formal-opendev-880278--target-880338/target-a1/.tox/py3/lib/python3.10/site-packages/oslo_utils/excutils.py", line 227, in __exit__
    self.force_reraise()
  File "/home/zhihao/hdd/marshal/.work/rebuild_880278_880338/run/formal-opendev-880278--target-880338-fresh2/replay-work/formal-opendev-880278--target-880338/target-a1/.tox/py3/lib/python3.10/site-packages/oslo_utils/excutils.py", line 200, in force_reraise
    raise self.value
  File "/home/zhihao/hdd/marshal/.work/rebuild_880278_880338/run/formal-opendev-880278--target-880338-fresh2/replay-work/formal-opendev-880278--target-880338/target-a1/.tox/py3/lib/python3.10/site-packages/oslo_db/api.py", line 142, in wrapper
    return f(*args, **kwargs)
  File "/home/zhihao/hdd/marshal/.work/rebuild_880278_880338/run/formal-opendev-880278--target-880338-fresh2/replay-work/formal-opendev-880278--target-880338/target-a1/.tox/py3/lib/python3.10/site-packages/neutron_lib/db/api.py", line 186, in wrapped
    with excutils.save_and_reraise_exception():
  File "/home/zhihao/hdd/marshal/.work/rebuild_880278_880338/run/formal-opendev-880278--target-880338-fresh2/replay-work/formal-opendev-880278--target-880338/target-a1/.tox/py3/lib/python3.10/site-packages/oslo_utils/excutils.py", line 227, in __exit__
    self.force_reraise()
  File "/home/zhihao/hdd/marshal/.work/rebuild_880278_880338/run/formal-opendev-880278--target-880338-fresh2/replay-work/formal-opendev-880278--target-880338/target-a1/.tox/py3/lib/python3.10/site-packages/oslo_utils/excutils.py", line 200, in force_reraise
    raise self.value
  File "/home/zhihao/hdd/marshal/.work/rebuild_880278_880338/run/formal-opendev-880278--target-880338-fresh2/replay-work/formal-opendev-880278--target-880338/target-a1/.tox/py3/lib/python3.10/site-packages/neutron_lib/db/api.py", line 184, in wrapped
    return f(*dup_args, **dup_kwargs)
  File "/home/zhihao/hdd/marshal/.work/rebuild_880278_880338/run/formal-opendev-880278--target-880338-fresh2/replay-work/formal-opendev-880278--target-880338/target-a1/neutron/api/v2/base.py", line 564, in _create
    return notify({self._resource: self._view(request.context,
  File "/home/zhihao/hdd/marshal/.work/rebuild_880278_880338/run/formal-opendev-880278--target-880338-fresh2/replay-work/formal-opendev-880278--target-880338/target-a1/neutron/api/v2/base.py", line 504, in notify
    quota.QUOTAS.commit_reservation(
  File "/home/zhihao/hdd/marshal/.work/rebuild_880278_880338/run/formal-opendev-880278--target-880338-fresh2/replay-work/formal-opendev-880278--target-880338/target-a1/neutron/quota/__init__.py", line 103, in commit_reservation
    self.get_driver().commit_reservation(context, reservation_id)
  File "/home/zhihao/hdd/marshal/.work/rebuild_880278_880338/run/formal-opendev-880278--target-880338-fresh2/replay-work/formal-opendev-880278--target-880338/target-a1/neutron/db/quota/driver.py", line 269, in commit_reservation
    quota_api.remove_reservation(context, reservation_id,
  File "/home/zhihao/hdd/marshal/.work/rebuild_880278_880338/run/formal-opendev-880278--target-880338-fresh2/replay-work/formal-opendev-880278--target-880338/target-a1/neutron/common/utils.py", line 726, in inner
    raise RuntimeError(_("Method %s cannot be called within a "
RuntimeError: Method <function remove_reservation at 0x7a1cee483520> cannot be called within a transaction.
create failed: No details.
Traceback (most recent call last):
  File "/home/zhihao/hdd/marshal/.work/rebuild_880278_880338/run/formal-opendev-880278--target-880338-fresh2/replay-work/formal-opendev-880278--target-880338/target-a1/neutron/api/v2/resource.py", line 98, in resource
    result = method(request=request, **args)
  File "/home/zhihao/hdd/marshal/.work/rebuild_880278_880338/run/formal-opendev-880278--target-880338-fresh2/replay-work/formal-opendev-880278--target-880338/target-a1/neutron/api/v2/base.py", line 438, in create
    return self._create(request, body, **kwargs)
  File "/home/zhihao/hdd/marshal/.work/rebuild_880278_880338/run/formal-opendev-880278--target-880338-fresh2/replay-work/formal-opendev-880278--target-880338/target-a1/.tox/py3/lib/python3.10/site-packages/neutron_lib/db/api.py", line 140, in wrapped
    with excutils.save_and_reraise_exception():
  File "/home/zhihao/hdd/marshal/.work/rebuild_880278_880338/run/formal-opendev-880278--target-880338-fresh2/replay-work/formal-opendev-880278--target-880338/target-a1/.tox/py3/lib/python3.10/site-packages/oslo_utils/excutils.py", line 227, in __exit__
    self.force_reraise()
  File "/home/zhihao/hdd/marshal/.work/rebuild_880278_880338/run/formal-opendev-880278--target-880338-fresh2/replay-work/formal-opendev-880278--target-880338/target-a1/.tox/py3/lib/python3.10/site-packages/oslo_utils/excutils.py", line 200, in force_reraise
    raise self.value
  File "/home/zhihao/hdd/marshal/.work/rebuild_880278_880338/run/formal-opendev-880278--target-880338-fresh2/replay-work/formal-opendev-880278--target-880338/target-a1/.tox/py3/lib/python3.10/site-packages/neutron_lib/db/api.py", line 138, in wrapped
    return f(*args, **kwargs)
  File "/home/zhihao/hdd/marshal/.work/rebuild_880278_880338/run/formal-opendev-880278--target-880338-fresh2/replay-work/formal-opendev-880278--target-880338/target-a1/.tox/py3/lib/python3.10/site-packages/oslo_db/api.py", line 144, in wrapper
    with excutils.save_and_reraise_exception() as ectxt:
  File "/home/zhihao/hdd/marshal/.work/rebuild_880278_880338/run/formal-opendev-880278--target-880338-fresh2/replay-work/formal-opendev-880278--target-880338/target-a1/.tox/py3/lib/python3.10/site-packages/oslo_utils/excutils.py", line 227, in __exit__
    self.force_reraise()
  File "/home/zhihao/hdd/marshal/.work/rebuild_880278_880338/run/formal-opendev-880278--target-880338-fresh2/replay-work/formal-opendev-880278--target-880338/target-a1/.tox/py3/lib/python3.10/site-packages/oslo_utils/excutils.py", line 200, in force_reraise
    raise self.value
  File "/home/zhihao/hdd/marshal/.work/rebuild_880278_880338/run/formal-opendev-880278--target-880338-fresh2/replay-work/formal-opendev-880278--target-880338/target-a1/.tox/py3/lib/python3.10/site-packages/oslo_db/api.py", line 142, in wrapper
    return f(*args, **kwargs)
  File "/home/zhihao/hdd/marshal/.work/rebuild_880278_880338/run/formal-opendev-880278--target-880338-fresh2/replay-work/formal-opendev-880278--target-880338/target-a1/.tox/py3/lib/python3.10/site-packages/neutron_lib/db/api.py", line 186, in wrapped
    with excutils.save_and_reraise_exception():
  File "/home/zhihao/hdd/marshal/.work/rebuild_880278_880338/run/formal-opendev-880278--target-880338-fresh2/replay-work/formal-opendev-880278--target-880338/target-a1/.tox/py3/lib/python3.10/site-packages/oslo_utils/excutils.py", line 227, in __exit__
    self.force_reraise()
  File "/home/zhihao/hdd/marshal/.work/rebuild_880278_880338/run/formal-opendev-880278--target-880338-fresh2/replay-work/formal-opendev-880278--target-880338/target-a1/.tox/py3/lib/python3.10/site-packages/oslo_utils/excutils.py", line 200, in force_reraise
    raise self.value
  File "/home/zhihao/hdd/marshal/.work/rebuild_880278_880338/run/formal-opendev-880278--target-880338-fresh2/replay-work/formal-opendev-880278--target-880338/target-a1/.tox/py3/lib/python3.10/site-packages/neutron_lib/db/api.py", line 184, in wrapped
    return f(*dup_args, **dup_kwargs)
  File "/home/zhihao/hdd/marshal/.work/rebuild_880278_880338/run/formal-opendev-880278--target-880338-fresh2/replay-work/formal-opendev-880278--target-880338/target-a1/neutron/api/v2/base.py", line 564, in _create
    return notify({self._resource: self._view(request.context,
  File "/home/zhihao/hdd/marshal/.work/rebuild_880278_880338/run/formal-opendev-880278--target-880338-fresh2/replay-work/formal-opendev-880278--target-880338/target-a1/neutron/api/v2/base.py", line 504, in notify
    quota.QUOTAS.commit_reservation(
  File "/home/zhihao/hdd/marshal/.work/rebuild_880278_880338/run/formal-opendev-880278--target-880338-fresh2/replay-work/formal-opendev-880278--target-880338/target-a1/neutron/quota/__init__.py", line 103, in commit_reservation
    self.get_driver().commit_reservation(context, reservation_id)
  File "/home/zhihao/hdd/marshal/.work/rebuild_880278_880338/run/formal-opendev-880278--target-880338-fresh2/replay-work/formal-opendev-880278--target-880338/target-a1/neutron/db/quota/driver.py", line 269, in commit_reservation
    quota_api.remove_reservation(context, reservation_id,
  File "/home/zhihao/hdd/marshal/.work/rebuild_880278_880338/run/formal-opendev-880278--target-880338-fresh2/replay-work/formal-opendev-880278--target-880338/target-a1/neutron/common/utils.py", line 726, in inner
    raise RuntimeError(_("Method %s cannot be called within a "
RuntimeError: Method <function remove_reservation at 0x7559cb697520> cannot be called within a transaction.
create failed: No details.
Traceback (most recent call last):
  File "/home/zhihao/hdd/marshal/.work/rebuild_880278_880338/run/formal-opendev-880278--target-880338-fresh2/replay-work/formal-opendev-880278--target-880338/target-a1/neutron/api/v2/resource.py", line 98, in resource
    result = method(request=request, **args)
  File "/home/zhihao/hdd/marshal/.work/rebuild_880278_880338/run/formal-opendev-880278--target-880338-fresh2/replay-work/formal-opendev-880278--target-880338/target-a1/neutron/api/v2/base.py", line 438, in create
    return self._create(request, body, **kwargs)
  File "/home/zhihao/hdd/marshal/.work/rebuild_880278_880338/run/formal-opendev-880278--target-880338-fresh2/replay-work/formal-opendev-880278--target-880338/target-a1/.tox/py3/lib/python3.10/site-packages/neutron_lib/db/api.py", line 140, in wrapped
    with excutils.save_and_reraise_exception():
  File "/home/zhihao/hdd/marshal/.work/rebuild_880278_880338/run/formal-opendev-880278--target-880338-fresh2/replay-work/formal-opendev-880278--target-880338/target-a1/.tox/py3/lib/python3.10/site-packages/oslo_utils/excutils.py", line 227, in __exit__
    self.force_reraise()
  File "/home/zhihao/hdd/marshal/.work/rebuild_880278_880338/run/formal-opendev-880278--target-880338-fresh2/replay-work/formal-opendev-880278--target-880338/target-a1/.tox/py3/lib/python3.10/site-packages/oslo_utils/excutils.py", line 200, in force_reraise
    raise self.value
  File "/home/zhihao/hdd/marshal/.work/rebuild_880278_880338/run/formal-opendev-880278--target-880338-fresh2/replay-work/formal-opendev-880278--target-880338/target-a1/.tox/py3/lib/python3.10/site-packages/neutron_lib/db/api.py", line 138, in wrapped
    return f(*args, **kwargs)
  File "/home/zhihao/hdd/marshal/.work/rebuild_880278_880338/run/formal-opendev-880278--target-880338-fresh2/replay-work/formal-opendev-880278--target-880338/target-a1/.tox/py3/lib/python3.10/site-packages/oslo_db/api.py", line 144, in wrapper
    with excutils.save_and_reraise_exception() as ectxt:
  File "/home/zhihao/hdd/marshal/.work/rebuild_880278_880338/run/formal-opendev-880278--target-880338-fresh2/replay-work/formal-opendev-880278--target-880338/target-a1/.tox/py3/lib/python3.10/site-packages/oslo_utils/excutils.py", line 227, in __exit__
    self.force_reraise()
  File "/home/zhihao/hdd/marshal/.work/rebuild_880278_880338/run/formal-opendev-880278--target-880338-fresh2/replay-work/formal-opendev-880278--target-880338/target-a1/.tox/py3/lib/python3.10/site-packages/oslo_utils/excutils.py", line 200, in force_reraise
    raise self.value
  File "/home/zhihao/hdd/marshal/.work/rebuild_880278_880338/run/formal-opendev-880278--target-880338-fresh2/replay-work/formal-opendev-880278--target-880338/target-a1/.tox/py3/lib/python3.10/site-packages/oslo_db/api.py", line 142, in wrapper
    return f(*args, **kwargs)
  File "/home/zhihao/hdd/marshal/.work/rebuild_880278_880338/run/formal-opendev-880278--target-880338-fresh2/replay-work/formal-opendev-880278--target-880338/target-a1/.tox/py3/lib/python3.10/site-packages/neutron_lib/db/api.py", line 186, in wrapped
    with excutils.save_and_reraise_exception():
  File "/home/zhihao/hdd/marshal/.work/rebuild_880278_880338/run/formal-opendev-880278--target-880338-fresh2/replay-work/formal-opendev-880278--target-880338/target-a1/.tox/py3/lib/python3.10/site-packages/oslo_utils/excutils.py", line 227, in __exit__
    self.force_reraise()
  File "/home/zhihao/hdd/marshal/.work/rebuild_880278_880338/run/formal-opendev-880278--target-880338-fresh2/replay-work/formal-opendev-880278--target-880338/target-a1/.tox/py3/lib/python3.10/site-packages/oslo_utils/excutils.py", line 200, in force_reraise
    raise self.value
  File "/home/zhihao/hdd/marshal/.work/rebuild_880278_880338/run/formal-opendev-880278--target-880338-fresh2/replay-work/formal-opendev-880278--target-880338/target-a1/.tox/py3/lib/python3.10/site-packages/neutron_lib/db/api.py", line 184, in wrapped
    return f(*dup_args, **dup_kwargs)
  File "/home/zhihao/hdd/marshal/.work/rebuild_880278_880338/run/formal-opendev-880278--target-880338-fresh2/replay-work/formal-opendev-880278--target-880338/target-a1/neutron/api/v2/base.py", line 564, in _create
    return notify({self._resource: self._view(request.context,
  File "/home/zhihao/hdd/marshal/.work/rebuild_880278_880338/run/formal-opendev-880278--target-880338-fresh2/replay-work/formal-opendev-880278--target-880338/target-a1/neutron/api/v2/base.py", line 504, in notify
    quota.QUOTAS.commit_reservation(
  File "/home/zhihao/hdd/marshal/.work/rebuild_880278_880338/run/formal-opendev-880278--target-880338-fresh2/replay-work/formal-opendev-880278--target-880338/target-a1/neutron/quota/__init__.py", line 103, in commit_reservation
    self.get_driver().commit_reservation(context, reservation_id)
  File "/home/zhihao/hdd/marshal/.work/rebuild_880278_880338/run/formal-opendev-880278--target-880338-fresh2/replay-work/formal-opendev-880278--target-880338/target-a1/neutron/db/quota/driver.py", line 269, in commit_reservation
    quota_api.remove_reservation(context, reservation_id,
  File "/home/zhihao/hdd/marshal/.work/rebuild_880278_880338/run/formal-opendev-880278--target-880338-fresh2/replay-work/formal-opendev-880278--target-880338/target-a1/neutron/common/utils.py", line 726, in inner
    raise RuntimeError(_("Method %s cannot be called within a "
RuntimeError: Method <function remove_reservation at 0x7f08af697520> cannot be called within a transaction.
create failed: No details.
Traceback (most recent call last):
  File "/home/zhihao/hdd/marshal/.work/rebuild_880278_880338/run/formal-opendev-880278--target-880338-fresh2/replay-work/formal-opendev-880278--target-880338/target-a1/neutron/api/v2/resource.py", line 98, in resource
    result = method(request=request, **args)
  File "/home/zhihao/hdd/marshal/.work/rebuild_880278_880338/run/formal-opendev-880278--target-880338-fresh2/replay-work/formal-opendev-880278--target-880338/target-a1/neutron/api/v2/base.py", line 438, in create
    return self._create(request, body, **kwargs)
  File "/home/zhihao/hdd/marshal/.work/rebuild_880278_880338/run/formal-opendev-880278--target-880338-fresh2/replay-work/formal-opendev-880278--target-880338/target-a1/.tox/py3/lib/python3.10/site-packages/neutron_lib/db/api.py", line 140, in wrapped
    with excutils.save_and_reraise_exception():
  File "/home/zhihao/hdd/marshal/.work/rebuild_880278_880338/run/formal-opendev-880278--target-880338-fresh2/replay-work/formal-opendev-880278--target-880338/target-a1/.tox/py3/lib/python3.10/site-packages/oslo_utils/excutils.py", line 227, in __exit__
    self.force_reraise()
  File "/home/zhihao/hdd/marshal/.work/rebuild_880278_880338/run/formal-opendev-880278--target-880338-fresh2/replay-work/formal-opendev-880278--target-880338/target-a1/.tox/py3/lib/python3.10/site-packages/oslo_utils/excutils.py", line 200, in force_reraise
    raise self.value
  File "/home/zhihao/hdd/marshal/.work/rebuild_880278_880338/run/formal-opendev-880278--target-880338-fresh2/replay-work/formal-opendev-880278--target-880338/target-a1/.tox/py3/lib/python3.10/site-packages/neutron_lib/db/api.py", line 138, in wrapped
    return f(*args, **kwargs)
  File "/home/zhihao/hdd/marshal/.work/rebuild_880278_880338/run/formal-opendev-880278--target-880338-fresh2/replay-work/formal-opendev-880278--target-880338/target-a1/.tox/py3/lib/python3.10/site-packages/oslo_db/api.py", line 144, in wrapper
    with excutils.save_and_reraise_exception() as ectxt:
  File "/home/zhihao/hdd/marshal/.work/rebuild_880278_880338/run/formal-opendev-880278--target-880338-fresh2/replay-work/formal-opendev-880278--target-880338/target-a1/.tox/py3/lib/python3.10/site-packages/oslo_utils/excutils.py", line 227, in __exit__
    self.force_reraise()
  File "/home/zhihao/hdd/marshal/.work/rebuild_880278_880338/run/formal-opendev-880278--target-880338-fresh2/replay-work/formal-opendev-880278--target-880338/target-a1/.tox/py3/lib/python3.10/site-packages/oslo_utils/excutils.py", line 200, in force_reraise
    raise self.value
  File "/home/zhihao/hdd/marshal/.work/rebuild_880278_880338/run/formal-opendev-880278--target-880338-fresh2/replay-work/formal-opendev-880278--target-880338/target-a1/.tox/py3/lib/python3.10/site-packages/oslo_db/api.py", line 142, in wrapper
    return f(*args, **kwargs)
  File "/home/zhihao/hdd/marshal/.work/rebuild_880278_880338/run/formal-opendev-880278--target-880338-fresh2/replay-work/formal-opendev-880278--target-880338/target-a1/.tox/py3/lib/python3.10/site-packages/neutron_lib/db/api.py", line 186, in wrapped
    with excutils.save_and_reraise_exception():
  File "/home/zhihao/hdd/marshal/.work/rebuild_880278_880338/run/formal-opendev-880278--target-880338-fresh2/replay-work/formal-opendev-880278--target-880338/target-a1/.tox/py3/lib/python3.10/site-packages/oslo_utils/excutils.py", line 227, in __exit__
    self.force_reraise()
  File "/home/zhihao/hdd/marshal/.work/rebuild_880278_880338/run/formal-opendev-880278--target-880338-fresh2/replay-work/formal-opendev-880278--target-880338/target-a1/.tox/py3/lib/python3.10/site-packages/oslo_utils/excutils.py", line 200, in force_reraise
    raise self.value
  File "/home/zhihao/hdd/marshal/.work/rebuild_880278_880338/run/formal-opendev-880278--target-880338-fresh2/replay-work/formal-opendev-880278--target-880338/target-a1/.tox/py3/lib/python3.10/site-packages/neutron_lib/db/api.py", line 184, in wrapped
    return f(*dup_args, **dup_kwargs)
  File "/home/zhihao/hdd/marshal/.work/rebuild_880278_880338/run/formal-opendev-880278--target-880338-fresh2/replay-work/formal-opendev-880278--target-880338/target-a1/neutron/api/v2/base.py", line 564, in _create
    return notify({self._resource: self._view(request.context,
  File "/home/zhihao/hdd/marshal/.work/rebuild_880278_880338/run/formal-opendev-880278--target-880338-fresh2/replay-work/formal-opendev-880278--target-880338/target-a1/neutron/api/v2/base.py", line 504, in notify
    quota.QUOTAS.commit_reservation(
  File "/home/zhihao/hdd/marshal/.work/rebuild_880278_880338/run/formal-opendev-880278--target-880338-fresh2/replay-work/formal-opendev-880278--target-880338/target-a1/neutron/quota/__init__.py", line 103, in commit_reservation
    self.get_driver().commit_reservation(context, reservation_id)
  File "/home/zhihao/hdd/marshal/.work/rebuild_880278_880338/run/formal-opendev-880278--target-880338-fresh2/replay-work/formal-opendev-880278--target-880338/target-a1/neutron/db/quota/driver.py", line 269, in commit_reservation
    quota_api.remove_reservation(context, reservation_id,
  File "/home/zhihao/hdd/marshal/.work/rebuild_880278_880338/run/formal-opendev-880278--target-880338-fresh2/replay-work/formal-opendev-880278--target-880338/target-a1/neutron/common/utils.py", line 726, in inner
    raise RuntimeError(_("Method %s cannot be called within a "
RuntimeError: Method <function remove_reservation at 0x7c6c4e683520> cannot be called within a transaction.
create failed: No details.
Traceback (most recent call last):
  File "/home/zhihao/hdd/marshal/.work/rebuild_880278_880338/run/formal-opendev-880278--target-880338-fresh2/replay-work/formal-opendev-880278--target-880338/target-a1/neutron/api/v2/resource.py", line 98, in resource
    result = method(request=request, **args)
  File "/home/zhihao/hdd/marshal/.work/rebuild_880278_880338/run/formal-opendev-880278--target-880338-fresh2/replay-work/formal-opendev-880278--target-880338/target-a1/neutron/api/v2/base.py", line 438, in create
    return self._create(request, body, **kwargs)
  File "/home/zhihao/hdd/marshal/.work/rebuild_880278_880338/run/formal-opendev-880278--target-880338-fresh2/replay-work/formal-opendev-880278--target-880338/target-a1/.tox/py3/lib/python3.10/site-packages/neutron_lib/db/api.py", line 140, in wrapped
    with excutils.save_and_reraise_exception():
  File "/home/zhihao/hdd/marshal/.work/rebuild_880278_880338/run/formal-opendev-880278--target-880338-fresh2/replay-work/formal-opendev-880278--target-880338/target-a1/.tox/py3/lib/python3.10/site-packages/oslo_utils/excutils.py", line 227, in __exit__
    self.force_reraise()
  File "/home/zhihao/hdd/marshal/.work/rebuild_880278_880338/run/formal-opendev-880278--target-880338-fresh2/replay-work/formal-opendev-880278--target-880338/target-a1/.tox/py3/lib/python3.10/site-packages/oslo_utils/excutils.py", line 200, in force_reraise
    raise self.value
  File "/home/zhihao/hdd/marshal/.work/rebuild_880278_880338/run/formal-opendev-880278--target-880338-fresh2/replay-work/formal-opendev-880278--target-880338/target-a1/.tox/py3/lib/python3.10/site-packages/neutron_lib/db/api.py", line 138, in wrapped
    return f(*args, **kwargs)
  File "/home/zhihao/hdd/marshal/.work/rebuild_880278_880338/run/formal-opendev-880278--target-880338-fresh2/replay-work/formal-opendev-880278--target-880338/target-a1/.tox/py3/lib/python3.10/site-packages/oslo_db/api.py", line 144, in wrapper
    with excutils.save_and_reraise_exception() as ectxt:
  File "/home/zhihao/hdd/marshal/.work/rebuild_880278_880338/run/formal-opendev-880278--target-880338-fresh2/replay-work/formal-opendev-880278--target-880338/target-a1/.tox/py3/lib/python3.10/site-packages/oslo_utils/excutils.py", line 227, in __exit__
    self.force_reraise()
  File "/home/zhihao/hdd/marshal/.work/rebuild_880278_880338/run/formal-opendev-880278--target-880338-fresh2/replay-work/formal-opendev-880278--target-880338/target-a1/.tox/py3/lib/python3.10/site-packages/oslo_utils/excutils.py", line 200, in force_reraise
    raise self.value
  File "/home/zhihao/hdd/marshal/.work/rebuild_880278_880338/run/formal-opendev-880278--target-880338-fresh2/replay-work/formal-opendev-880278--target-880338/target-a1/.tox/py3/lib/python3.10/site-packages/oslo_db/api.py", line 142, in wrapper
    return f(*args, **kwargs)
  File "/home/zhihao/hdd/marshal/.work/rebuild_880278_880338/run/formal-opendev-880278--target-880338-fresh2/replay-work/formal-opendev-880278--target-880338/target-a1/.tox/py3/lib/python3.10/site-packages/neutron_lib/db/api.py", line 186, in wrapped
    with excutils.save_and_reraise_exception():
  File "/home/zhihao/hdd/marshal/.work/rebuild_880278_880338/run/formal-opendev-880278--target-880338-fresh2/replay-work/formal-opendev-880278--target-880338/target-a1/.tox/py3/lib/python3.10/site-packages/oslo_utils/excutils.py", line 227, in __exit__
    self.force_reraise()
  File "/home/zhihao/hdd/marshal/.work/rebuild_880278_880338/run/formal-opendev-880278--target-880338-fresh2/replay-work/formal-opendev-880278--target-880338/target-a1/.tox/py3/lib/python3.10/site-packages/oslo_utils/excutils.py", line 200, in force_reraise
    raise self.value
  File "/home/zhihao/hdd/marshal/.work/rebuild_880278_880338/run/formal-opendev-880278--target-880338-fresh2/replay-work/formal-opendev-880278--target-880338/target-a1/.tox/py3/lib/python3.10/site-packages/neutron_lib/db/api.py", line 184, in wrapped
    return f(*dup_args, **dup_kwargs)
  File "/home/zhihao/hdd/marshal/.work/rebuild_880278_880338/run/formal-opendev-880278--target-880338-fresh2/replay-work/formal-opendev-880278--target-880338/target-a1/neutron/api/v2/base.py", line 564, in _create
    return notify({self._resource: self._view(request.context,
  File "/home/zhihao/hdd/marshal/.work/rebuild_880278_880338/run/formal-opendev-880278--target-880338-fresh2/replay-work/formal-opendev-880278--target-880338/target-a1/neutron/api/v2/base.py", line 504, in notify
    quota.QUOTAS.commit_reservation(
  File "/home/zhihao/hdd/marshal/.work/rebuild_880278_880338/run/formal-opendev-880278--target-880338-fresh2/replay-work/formal-opendev-880278--target-880338/target-a1/neutron/quota/__init__.py", line 103, in commit_reservation
    self.get_driver().commit_reservation(context, reservation_id)
  File "/home/zhihao/hdd/marshal/.work/rebuild_880278_880338/run/formal-opendev-880278--target-880338-fresh2/replay-work/formal-opendev-880278--target-880338/target-a1/neutron/db/quota/driver.py", line 269, in commit_reservation
    quota_api.remove_reservation(context, reservation_id,
  File "/home/zhihao/hdd/marshal/.work/rebuild_880278_880338/run/formal-opendev-880278--target-880338-fresh2/replay-work/formal-opendev-880278--target-880338/target-a1/neutron/common/utils.py", line 726, in inner
    raise RuntimeError(_("Method %s cannot be called within a "
RuntimeError: Method <function remove_reservation at 0x77f06ba83520> cannot be called within a transaction.
create failed: No details.
Traceback (most recent call last):
  File "/home/zhihao/hdd/marshal/.work/rebuild_880278_880338/run/formal-opendev-880278--target-880338-fresh2/replay-work/formal-opendev-880278--target-880338/target-a1/neutron/api/v2/resource.py", line 98, in resource
    result = method(request=request, **args)
  File "/home/zhihao/hdd/marshal/.work/rebuild_880278_880338/run/formal-opendev-880278--target-880338-fresh2/replay-work/formal-opendev-880278--target-880338/target-a1/neutron/api/v2/base.py", line 438, in create
    return self._create(request, body, **kwargs)
  File "/home/zhihao/hdd/marshal/.work/rebuild_880278_880338/run/formal-opendev-880278--target-880338-fresh2/replay-work/formal-opendev-880278--target-880338/target-a1/.tox/py3/lib/python3.10/site-packages/neutron_lib/db/api.py", line 140, in wrapped
    with excutils.save_and_reraise_exception():
  File "/home/zhihao/hdd/marshal/.work/rebuild_880278_880338/run/formal-opendev-880278--target-880338-fresh2/replay-work/formal-opendev-880278--target-880338/target-a1/.tox/py3/lib/python3.10/site-packages/oslo_utils/excutils.py", line 227, in __exit__
    self.force_reraise()
  File "/home/zhihao/hdd/marshal/.work/rebuild_880278_880338/run/formal-opendev-880278--target-880338-fresh2/replay-work/formal-opendev-880278--target-880338/target-a1/.tox/py3/lib/python3.10/site-packages/oslo_utils/excutils.py", line 200, in force_reraise
    raise self.value
  File "/home/zhihao/hdd/marshal/.work/rebuild_880278_880338/run/formal-opendev-880278--target-880338-fresh2/replay-work/formal-opendev-880278--target-880338/target-a1/.tox/py3/lib/python3.10/site-packages/neutron_lib/db/api.py", line 138, in wrapped
    return f(*args, **kwargs)
  File "/home/zhihao/hdd/marshal/.work/rebuild_880278_880338/run/formal-opendev-880278--target-880338-fresh2/replay-work/formal-opendev-880278--target-880338/target-a1/.tox/py3/lib/python3.10/site-packages/oslo_db/api.py", line 144, in wrapper
    with excutils.save_and_reraise_exception() as ectxt:
  File "/home/zhihao/hdd/marshal/.work/rebuild_880278_880338/run/formal-opendev-880278--target-880338-fresh2/replay-work/formal-opendev-880278--target-880338/target-a1/.tox/py3/lib/python3.10/site-packages/oslo_utils/excutils.py", line 227, in __exit__
    self.force_reraise()
  File "/home/zhihao/hdd/marshal/.work/rebuild_880278_880338/run/formal-opendev-880278--target-880338-fresh2/replay-work/formal-opendev-880278--target-880338/target-a1/.tox/py3/lib/python3.10/site-packages/oslo_utils/excutils.py", line 200, in force_reraise
    raise self.value
  File "/home/zhihao/hdd/marshal/.work/rebuild_880278_880338/run/formal-opendev-880278--target-880338-fresh2/replay-work/formal-opendev-880278--target-880338/target-a1/.tox/py3/lib/python3.10/site-packages/oslo_db/api.py", line 142, in wrapper
    return f(*args, **kwargs)
  File "/home/zhihao/hdd/marshal/.work/rebuild_880278_880338/run/formal-opendev-880278--target-880338-fresh2/replay-work/formal-opendev-880278--target-880338/target-a1/.tox/py3/lib/python3.10/site-packages/neutron_lib/db/api.py", line 186, in wrapped
    with excutils.save_and_reraise_exception():
  File "/home/zhihao/hdd/marshal/.work/rebuild_880278_880338/run/formal-opendev-880278--target-880338-fresh2/replay-work/formal-opendev-880278--target-880338/target-a1/.tox/py3/lib/python3.10/site-packages/oslo_utils/excutils.py", line 227, in __exit__
    self.force_reraise()
  File "/home/zhihao/hdd/marshal/.work/rebuild_880278_880338/run/formal-opendev-880278--target-880338-fresh2/replay-work/formal-opendev-880278--target-880338/target-a1/.tox/py3/lib/python3.10/site-packages/oslo_utils/excutils.py", line 200, in force_reraise
    raise self.value
  File "/home/zhihao/hdd/marshal/.work/rebuild_880278_880338/run/formal-opendev-880278--target-880338-fresh2/replay-work/formal-opendev-880278--target-880338/target-a1/.tox/py3/lib/python3.10/site-packages/neutron_lib/db/api.py", line 184, in wrapped
    return f(*dup_args, **dup_kwargs)
  File "/home/zhihao/hdd/marshal/.work/rebuild_880278_880338/run/formal-opendev-880278--target-880338-fresh2/replay-work/formal-opendev-880278--target-880338/target-a1/neutron/api/v2/base.py", line 564, in _create
    return notify({self._resource: self._view(request.context,
  File "/home/zhihao/hdd/marshal/.work/rebuild_880278_880338/run/formal-opendev-880278--target-880338-fresh2/replay-work/formal-opendev-880278--target-880338/target-a1/neutron/api/v2/base.py", line 504, in notify
    quota.QUOTAS.commit_reservation(
  File "/home/zhihao/hdd/marshal/.work/rebuild_880278_880338/run/formal-opendev-880278--target-880338-fresh2/replay-work/formal-opendev-880278--target-880338/target-a1/neutron/quota/__init__.py", line 103, in commit_reservation
    self.get_driver().commit_reservation(context, reservation_id)
  File "/home/zhihao/hdd/marshal/.work/rebuild_880278_880338/run/formal-opendev-880278--target-880338-fresh2/replay-work/formal-opendev-880278--target-880338/target-a1/neutron/db/quota/driver.py", line 269, in commit_reservation
    quota_api.remove_reservation(context, reservation_id,
  File "/home/zhihao/hdd/marshal/.work/rebuild_880278_880338/run/formal-opendev-880278--target-880338-fresh2/replay-work/formal-opendev-880278--target-880338/target-a1/neutron/common/utils.py", line 726, in inner
    raise RuntimeError(_("Method %s cannot be called within a "
RuntimeError: Method <function remove_reservation at 0x73040fc83520> cannot be called within a transaction.
create failed: No details.
Traceback (most recent call last):
  File "/home/zhihao/hdd/marshal/.work/rebuild_880278_880338/run/formal-opendev-880278--target-880338-fresh2/replay-work/formal-opendev-880278--target-880338/target-a1/neutron/api/v2/resource.py", line 98, in resource
    result = method(request=request, **args)
  File "/home/zhihao/hdd/marshal/.work/rebuild_880278_880338/run/formal-opendev-880278--target-880338-fresh2/replay-work/formal-opendev-880278--target-880338/target-a1/neutron/api/v2/base.py", line 438, in create
    return self._create(request, body, **kwargs)
  File "/home/zhihao/hdd/marshal/.work/rebuild_880278_880338/run/formal-opendev-880278--target-880338-fresh2/replay-work/formal-opendev-880278--target-880338/target-a1/.tox/py3/lib/python3.10/site-packages/neutron_lib/db/api.py", line 140, in wrapped
    with excutils.save_and_reraise_exception():
  File "/home/zhihao/hdd/marshal/.work/rebuild_880278_880338/run/formal-opendev-880278--target-880338-fresh2/replay-work/formal-opendev-880278--target-880338/target-a1/.tox/py3/lib/python3.10/site-packages/oslo_utils/excutils.py", line 227, in __exit__
    self.force_reraise()
  File "/home/zhihao/hdd/marshal/.work/rebuild_880278_880338/run/formal-opendev-880278--target-880338-fresh2/replay-work/formal-opendev-880278--target-880338/target-a1/.tox/py3/lib/python3.10/site-packages/oslo_utils/excutils.py", line 200, in force_reraise
    raise self.value
  File "/home/zhihao/hdd/marshal/.work/rebuild_880278_880338/run/formal-opendev-880278--target-880338-fresh2/replay-work/formal-opendev-880278--target-880338/target-a1/.tox/py3/lib/python3.10/site-packages/neutron_lib/db/api.py", line 138, in wrapped
    return f(*args, **kwargs)
  File "/home/zhihao/hdd/marshal/.work/rebuild_880278_880338/run/formal-opendev-880278--target-880338-fresh2/replay-work/formal-opendev-880278--target-880338/target-a1/.tox/py3/lib/python3.10/site-packages/oslo_db/api.py", line 144, in wrapper
    with excutils.save_and_reraise_exception() as ectxt:
  File "/home/zhihao/hdd/marshal/.work/rebuild_880278_880338/run/formal-opendev-880278--target-880338-fresh2/replay-work/formal-opendev-880278--target-880338/target-a1/.tox/py3/lib/python3.10/site-packages/oslo_utils/excutils.py", line 227, in __exit__
    self.force_reraise()
  File "/home/zhihao/hdd/marshal/.work/rebuild_880278_880338/run/formal-opendev-880278--target-880338-fresh2/replay-work/formal-opendev-880278--target-880338/target-a1/.tox/py3/lib/python3.10/site-packages/oslo_utils/excutils.py", line 200, in force_reraise
    raise self.value
  File "/home/zhihao/hdd/marshal/.work/rebuild_880278_880338/run/formal-opendev-880278--target-880338-fresh2/replay-work/formal-opendev-880278--target-880338/target-a1/.tox/py3/lib/python3.10/site-packages/oslo_db/api.py", line 142, in wrapper
    return f(*args, **kwargs)
  File "/home/zhihao/hdd/marshal/.work/rebuild_880278_880338/run/formal-opendev-880278--target-880338-fresh2/replay-work/formal-opendev-880278--target-880338/target-a1/.tox/py3/lib/python3.10/site-packages/neutron_lib/db/api.py", line 186, in wrapped
    with excutils.save_and_reraise_exception():
  File "/home/zhihao/hdd/marshal/.work/rebuild_880278_880338/run/formal-opendev-880278--target-880338-fresh2/replay-work/formal-opendev-880278--target-880338/target-a1/.tox/py3/lib/python3.10/site-packages/oslo_utils/excutils.py", line 227, in __exit__
    self.force_reraise()
  File "/home/zhihao/hdd/marshal/.work/rebuild_880278_880338/run/formal-opendev-880278--target-880338-fresh2/replay-work/formal-opendev-880278--target-880338/target-a1/.tox/py3/lib/python3.10/site-packages/oslo_utils/excutils.py", line 200, in force_reraise
    raise self.value
  File "/home/zhihao/hdd/marshal/.work/rebuild_880278_880338/run/formal-opendev-880278--target-880338-fresh2/replay-work/formal-opendev-880278--target-880338/target-a1/.tox/py3/lib/python3.10/site-packages/neutron_lib/db/api.py", line 184, in wrapped
    return f(*dup_args, **dup_kwargs)
  File "/home/zhihao/hdd/marshal/.work/rebuild_880278_880338/run/formal-opendev-880278--target-880338-fresh2/replay-work/formal-opendev-880278--target-880338/target-a1/neutron/api/v2/base.py", line 564, in _create
    return notify({self._resource: self._view(request.context,
  File "/home/zhihao/hdd/marshal/.work/rebuild_880278_880338/run/formal-opendev-880278--target-880338-fresh2/replay-work/formal-opendev-880278--target-880338/target-a1/neutron/api/v2/base.py", line 504, in notify
    quota.QUOTAS.commit_reservation(
  File "/home/zhihao/hdd/marshal/.work/rebuild_880278_880338/run/formal-opendev-880278--target-880338-fresh2/replay-work/formal-opendev-880278--target-880338/target-a1/neutron/quota/__init__.py", line 103, in commit_reservation
    self.get_driver().commit_reservation(context, reservation_id)
  File "/home/zhihao/hdd/marshal/.work/rebuild_880278_880338/run/formal-opendev-880278--target-880338-fresh2/replay-work/formal-opendev-880278--target-880338/target-a1/neutron/db/quota/driver.py", line 269, in commit_reservation
    quota_api.remove_reservation(context, reservation_id,
  File "/home/zhihao/hdd/marshal/.work/rebuild_880278_880338/run/formal-opendev-880278--target-880338-fresh2/replay-work/formal-opendev-880278--target-880338/target-a1/neutron/common/utils.py", line 726, in inner
    raise RuntimeError(_("Method %s cannot be called within a "
RuntimeError: Method <function remove_reservation at 0x70ede0097520> cannot be called within a transaction.
create failed: No details.
Traceback (most recent call last):
  File "/home/zhihao/hdd/marshal/.work/rebuild_880278_880338/run/formal-opendev-880278--target-880338-fresh2/replay-work/formal-opendev-880278--target-880338/target-a1/neutron/api/v2/resource.py", line 98, in resource
    result = method(request=request, **args)
  File "/home/zhihao/hdd/marshal/.work/rebuild_880278_880338/run/formal-opendev-880278--target-880338-fresh2/replay-work/formal-opendev-880278--target-880338/target-a1/neutron/api/v2/base.py", line 438, in create
    return self._create(request, body, **kwargs)
  File "/home/zhihao/hdd/marshal/.work/rebuild_880278_880338/run/formal-opendev-880278--target-880338-fresh2/replay-work/formal-opendev-880278--target-880338/target-a1/.tox/py3/lib/python3.10/site-packages/neutron_lib/db/api.py", line 140, in wrapped
    with excutils.save_and_reraise_exception():
  File "/home/zhihao/hdd/marshal/.work/rebuild_880278_880338/run/formal-opendev-880278--target-880338-fresh2/replay-work/formal-opendev-880278--target-880338/target-a1/.tox/py3/lib/python3.10/site-packages/oslo_utils/excutils.py", line 227, in __exit__
    self.force_reraise()
  File "/home/zhihao/hdd/marshal/.work/rebuild_880278_880338/run/formal-opendev-880278--target-880338-fresh2/replay-work/formal-opendev-880278--target-880338/target-a1/.tox/py3/lib/python3.10/site-packages/oslo_utils/excutils.py", line 200, in force_reraise
    raise self.value
  File "/home/zhihao/hdd/marshal/.work/rebuild_880278_880338/run/formal-opendev-880278--target-880338-fresh2/replay-work/formal-opendev-880278--target-880338/target-a1/.tox/py3/lib/python3.10/site-packages/neutron_lib/db/api.py", line 138, in wrapped
    return f(*args, **kwargs)
  File "/home/zhihao/hdd/marshal/.work/rebuild_880278_880338/run/formal-opendev-880278--target-880338-fresh2/replay-work/formal-opendev-880278--target-880338/target-a1/.tox/py3/lib/python3.10/site-packages/oslo_db/api.py", line 144, in wrapper
    with excutils.save_and_reraise_exception() as ectxt:
  File "/home/zhihao/hdd/marshal/.work/rebuild_880278_880338/run/formal-opendev-880278--target-880338-fresh2/replay-work/formal-opendev-880278--target-880338/target-a1/.tox/py3/lib/python3.10/site-packages/oslo_utils/excutils.py", line 227, in __exit__
    self.force_reraise()
  File "/home/zhihao/hdd/marshal/.work/rebuild_880278_880338/run/formal-opendev-880278--target-880338-fresh2/replay-work/formal-opendev-880278--target-880338/target-a1/.tox/py3/lib/python3.10/site-packages/oslo_utils/excutils.py", line 200, in force_reraise
    raise self.value
  File "/home/zhihao/hdd/marshal/.work/rebuild_880278_880338/run/formal-opendev-880278--target-880338-fresh2/replay-work/formal-opendev-880278--target-880338/target-a1/.tox/py3/lib/python3.10/site-packages/oslo_db/api.py", line 142, in wrapper
    return f(*args, **kwargs)
  File "/home/zhihao/hdd/marshal/.work/rebuild_880278_880338/run/formal-opendev-880278--target-880338-fresh2/replay-work/formal-opendev-880278--target-880338/target-a1/.tox/py3/lib/python3.10/site-packages/neutron_lib/db/api.py", line 186, in wrapped
    with excutils.save_and_reraise_exception():
  File "/home/zhihao/hdd/marshal/.work/rebuild_880278_880338/run/formal-opendev-880278--target-880338-fresh2/replay-work/formal-opendev-880278--target-880338/target-a1/.tox/py3/lib/python3.10/site-packages/oslo_utils/excutils.py", line 227, in __exit__
    self.force_reraise()
  File "/home/zhihao/hdd/marshal/.work/rebuild_880278_880338/run/formal-opendev-880278--target-880338-fresh2/replay-work/formal-opendev-880278--target-880338/target-a1/.tox/py3/lib/python3.10/site-packages/oslo_utils/excutils.py", line 200, in force_reraise
    raise self.value
  File "/home/zhihao/hdd/marshal/.work/rebuild_880278_880338/run/formal-opendev-880278--target-880338-fresh2/replay-work/formal-opendev-880278--target-880338/target-a1/.tox/py3/lib/python3.10/site-packages/neutron_lib/db/api.py", line 184, in wrapped
    return f(*dup_args, **dup_kwargs)
  File "/home/zhihao/hdd/marshal/.work/rebuild_880278_880338/run/formal-opendev-880278--target-880338-fresh2/replay-work/formal-opendev-880278--target-880338/target-a1/neutron/api/v2/base.py", line 564, in _create
    return notify({self._resource: self._view(request.context,
  File "/home/zhihao/hdd/marshal/.work/rebuild_880278_880338/run/formal-opendev-880278--target-880338-fresh2/replay-work/formal-opendev-880278--target-880338/target-a1/neutron/api/v2/base.py", line 504, in notify
    quota.QUOTAS.commit_reservation(
  File "/home/zhihao/hdd/marshal/.work/rebuild_880278_880338/run/formal-opendev-880278--target-880338-fresh2/replay-work/formal-opendev-880278--target-880338/target-a1/neutron/quota/__init__.py", line 103, in commit_reservation
    self.get_driver().commit_reservation(context, reservation_id)
  File "/home/zhihao/hdd/marshal/.work/rebuild_880278_880338/run/formal-opendev-880278--target-880338-fresh2/replay-work/formal-opendev-880278--target-880338/target-a1/neutron/db/quota/driver.py", line 269, in commit_reservation
    quota_api.remove_reservation(context, reservation_id,
  File "/home/zhihao/hdd/marshal/.work/rebuild_880278_880338/run/formal-opendev-880278--target-880338-fresh2/replay-work/formal-opendev-880278--target-880338/target-a1/neutron/common/utils.py", line 726, in inner
    raise RuntimeError(_("Method %s cannot be called within a "
RuntimeError: Method <function remove_reservation at 0x7f2d4a093520> cannot be called within a transaction.
create failed: No details.
Traceback (most recent call last):
  File "/home/zhihao/hdd/marshal/.work/rebuild_880278_880338/run/formal-opendev-880278--target-880338-fresh2/replay-work/formal-opendev-880278--target-880338/target-a1/neutron/api/v2/resource.py", line 98, in resource
    result = method(request=request, **args)
  File "/home/zhihao/hdd/marshal/.work/rebuild_880278_880338/run/formal-opendev-880278--target-880338-fresh2/replay-work/formal-opendev-880278--target-880338/target-a1/neutron/api/v2/base.py", line 438, in create
    return self._create(request, body, **kwargs)
  File "/home/zhihao/hdd/marshal/.work/rebuild_880278_880338/run/formal-opendev-880278--target-880338-fresh2/replay-work/formal-opendev-880278--target-880338/target-a1/.tox/py3/lib/python3.10/site-packages/neutron_lib/db/api.py", line 140, in wrapped
    with excutils.save_and_reraise_exception():
  File "/home/zhihao/hdd/marshal/.work/rebuild_880278_880338/run/formal-opendev-880278--target-880338-fresh2/replay-work/formal-opendev-880278--target-880338/target-a1/.tox/py3/lib/python3.10/site-packages/oslo_utils/excutils.py", line 227, in __exit__
    self.force_reraise()
  File "/home/zhihao/hdd/marshal/.work/rebuild_880278_880338/run/formal-opendev-880278--target-880338-fresh2/replay-work/formal-opendev-880278--target-880338/target-a1/.tox/py3/lib/python3.10/site-packages/oslo_utils/excutils.py", line 200, in force_reraise
    raise self.value
  File "/home/zhihao/hdd/marshal/.work/rebuild_880278_880338/run/formal-opendev-880278--target-880338-fresh2/replay-work/formal-opendev-880278--target-880338/target-a1/.tox/py3/lib/python3.10/site-packages/neutron_lib/db/api.py", line 138, in wrapped
    return f(*args, **kwargs)
  File "/home/zhihao/hdd/marshal/.work/rebuild_880278_880338/run/formal-opendev-880278--target-880338-fresh2/replay-work/formal-opendev-880278--target-880338/target-a1/.tox/py3/lib/python3.10/site-packages/oslo_db/api.py", line 144, in wrapper
    with excutils.save_and_reraise_exception() as ectxt:
  File "/home/zhihao/hdd/marshal/.work/rebuild_880278_880338/run/formal-opendev-880278--target-880338-fresh2/replay-work/formal-opendev-880278--target-880338/target-a1/.tox/py3/lib/python3.10/site-packages/oslo_utils/excutils.py", line 227, in __exit__
    self.force_reraise()
  File "/home/zhihao/hdd/marshal/.work/rebuild_880278_880338/run/formal-opendev-880278--target-880338-fresh2/replay-work/formal-opendev-880278--target-880338/target-a1/.tox/py3/lib/python3.10/site-packages/oslo_utils/excutils.py", line 200, in force_reraise
    raise self.value
  File "/home/zhihao/hdd/marshal/.work/rebuild_880278_880338/run/formal-opendev-880278--target-880338-fresh2/replay-work/formal-opendev-880278--target-880338/target-a1/.tox/py3/lib/python3.10/site-packages/oslo_db/api.py", line 142, in wrapper
    return f(*args, **kwargs)
  File "/home/zhihao/hdd/marshal/.work/rebuild_880278_880338/run/formal-opendev-880278--target-880338-fresh2/replay-work/formal-opendev-880278--target-880338/target-a1/.tox/py3/lib/python3.10/site-packages/neutron_lib/db/api.py", line 186, in wrapped
    with excutils.save_and_reraise_exception():
  File "/home/zhihao/hdd/marshal/.work/rebuild_880278_880338/run/formal-opendev-880278--target-880338-fresh2/replay-work/formal-opendev-880278--target-880338/target-a1/.tox/py3/lib/python3.10/site-packages/oslo_utils/excutils.py", line 227, in __exit__
    self.force_reraise()
  File "/home/zhihao/hdd/marshal/.work/rebuild_880278_880338/run/formal-opendev-880278--target-880338-fresh2/replay-work/formal-opendev-880278--target-880338/target-a1/.tox/py3/lib/python3.10/site-packages/oslo_utils/excutils.py", line 200, in force_reraise
    raise self.value
  File "/home/zhihao/hdd/marshal/.work/rebuild_880278_880338/run/formal-opendev-880278--target-880338-fresh2/replay-work/formal-opendev-880278--target-880338/target-a1/.tox/py3/lib/python3.10/site-packages/neutron_lib/db/api.py", line 184, in wrapped
    return f(*dup_args, **dup_kwargs)
  File "/home/zhihao/hdd/marshal/.work/rebuild_880278_880338/run/formal-opendev-880278--target-880338-fresh2/replay-work/formal-opendev-880278--target-880338/target-a1/neutron/api/v2/base.py", line 564, in _create
    return notify({self._resource: self._view(request.context,
  File "/home/zhihao/hdd/marshal/.work/rebuild_880278_880338/run/formal-opendev-880278--target-880338-fresh2/replay-work/formal-opendev-880278--target-880338/target-a1/neutron/api/v2/base.py", line 504, in notify
    quota.QUOTAS.commit_reservation(
  File "/home/zhihao/hdd/marshal/.work/rebuild_880278_880338/run/formal-opendev-880278--target-880338-fresh2/replay-work/formal-opendev-880278--target-880338/target-a1/neutron/quota/__init__.py", line 103, in commit_reservation
    self.get_driver().commit_reservation(context, reservation_id)
  File "/home/zhihao/hdd/marshal/.work/rebuild_880278_880338/run/formal-opendev-880278--target-880338-fresh2/replay-work/formal-opendev-880278--target-880338/target-a1/neutron/db/quota/driver.py", line 269, in commit_reservation
    quota_api.remove_reservation(context, reservation_id,
  File "/home/zhihao/hdd/marshal/.work/rebuild_880278_880338/run/formal-opendev-880278--target-880338-fresh2/replay-work/formal-opendev-880278--target-880338/target-a1/neutron/common/utils.py", line 726, in inner
    raise RuntimeError(_("Method %s cannot be called within a "
RuntimeError: Method <function remove_reservation at 0x73f227e93520> cannot be called within a transaction.
create failed: No details.
Traceback (most recent call last):
  File "/home/zhihao/hdd/marshal/.work/rebuild_880278_880338/run/formal-opendev-880278--target-880338-fresh2/replay-work/formal-opendev-880278--target-880338/target-a1/neutron/api/v2/resource.py", line 98, in resource
    result = method(request=request, **args)
  File "/home/zhihao/hdd/marshal/.work/rebuild_880278_880338/run/formal-opendev-880278--target-880338-fresh2/replay-work/formal-opendev-880278--target-880338/target-a1/neutron/api/v2/base.py", line 438, in create
    return self._create(request, body, **kwargs)
  File "/home/zhihao/hdd/marshal/.work/rebuild_880278_880338/run/formal-opendev-880278--target-880338-fresh2/replay-work/formal-opendev-880278--target-880338/target-a1/.tox/py3/lib/python3.10/site-packages/neutron_lib/db/api.py", line 140, in wrapped
    with excutils.save_and_reraise_exception():
  File "/home/zhihao/hdd/marshal/.work/rebuild_880278_880338/run/formal-opendev-880278--target-880338-fresh2/replay-work/formal-opendev-880278--target-880338/target-a1/.tox/py3/lib/python3.10/site-packages/oslo_utils/excutils.py", line 227, in __exit__
    self.force_reraise()
  File "/home/zhihao/hdd/marshal/.work/rebuild_880278_880338/run/formal-opendev-880278--target-880338-fresh2/replay-work/formal-opendev-880278--target-880338/target-a1/.tox/py3/lib/python3.10/site-packages/oslo_utils/excutils.py", line 200, in force_reraise
    raise self.value
  File "/home/zhihao/hdd/marshal/.work/rebuild_880278_880338/run/formal-opendev-880278--target-880338-fresh2/replay-work/formal-opendev-880278--target-880338/target-a1/.tox/py3/lib/python3.10/site-packages/neutron_lib/db/api.py", line 138, in wrapped
    return f(*args, **kwargs)
  File "/home/zhihao/hdd/marshal/.work/rebuild_880278_880338/run/formal-opendev-880278--target-880338-fresh2/replay-work/formal-opendev-880278--target-880338/target-a1/.tox/py3/lib/python3.10/site-packages/oslo_db/api.py", line 144, in wrapper
    with excutils.save_and_reraise_exception() as ectxt:
  File "/home/zhihao/hdd/marshal/.work/rebuild_880278_880338/run/formal-opendev-880278--target-880338-fresh2/replay-work/formal-opendev-880278--target-880338/target-a1/.tox/py3/lib/python3.10/site-packages/oslo_utils/excutils.py", line 227, in __exit__
    self.force_reraise()
  File "/home/zhihao/hdd/marshal/.work/rebuild_880278_880338/run/formal-opendev-880278--target-880338-fresh2/replay-work/formal-opendev-880278--target-880338/target-a1/.tox/py3/lib/python3.10/site-packages/oslo_utils/excutils.py", line 200, in force_reraise
    raise self.value
  File "/home/zhihao/hdd/marshal/.work/rebuild_880278_880338/run/formal-opendev-880278--target-880338-fresh2/replay-work/formal-opendev-880278--target-880338/target-a1/.tox/py3/lib/python3.10/site-packages/oslo_db/api.py", line 142, in wrapper
    return f(*args, **kwargs)
  File "/home/zhihao/hdd/marshal/.work/rebuild_880278_880338/run/formal-opendev-880278--target-880338-fresh2/replay-work/formal-opendev-880278--target-880338/target-a1/.tox/py3/lib/python3.10/site-packages/neutron_lib/db/api.py", line 186, in wrapped
    with excutils.save_and_reraise_exception():
  File "/home/zhihao/hdd/marshal/.work/rebuild_880278_880338/run/formal-opendev-880278--target-880338-fresh2/replay-work/formal-opendev-880278--target-880338/target-a1/.tox/py3/lib/python3.10/site-packages/oslo_utils/excutils.py", line 227, in __exit__
    self.force_reraise()
  File "/home/zhihao/hdd/marshal/.work/rebuild_880278_880338/run/formal-opendev-880278--target-880338-fresh2/replay-work/formal-opendev-880278--target-880338/target-a1/.tox/py3/lib/python3.10/site-packages/oslo_utils/excutils.py", line 200, in force_reraise
    raise self.value
  File "/home/zhihao/hdd/marshal/.work/rebuild_880278_880338/run/formal-opendev-880278--target-880338-fresh2/replay-work/formal-opendev-880278--target-880338/target-a1/.tox/py3/lib/python3.10/site-packages/neutron_lib/db/api.py", line 184, in wrapped
    return f(*dup_args, **dup_kwargs)
  File "/home/zhihao/hdd/marshal/.work/rebuild_880278_880338/run/formal-opendev-880278--target-880338-fresh2/replay-work/formal-opendev-880278--target-880338/target-a1/neutron/api/v2/base.py", line 564, in _create
    return notify({self._resource: self._view(request.context,
  File "/home/zhihao/hdd/marshal/.work/rebuild_880278_880338/run/formal-opendev-880278--target-880338-fresh2/replay-work/formal-opendev-880278--target-880338/target-a1/neutron/api/v2/base.py", line 504, in notify
    quota.QUOTAS.commit_reservation(
  File "/home/zhihao/hdd/marshal/.work/rebuild_880278_880338/run/formal-opendev-880278--target-880338-fresh2/replay-work/formal-opendev-880278--target-880338/target-a1/neutron/quota/__init__.py", line 103, in commit_reservation
    self.get_driver().commit_reservation(context, reservation_id)
  File "/home/zhihao/hdd/marshal/.work/rebuild_880278_880338/run/formal-opendev-880278--target-880338-fresh2/replay-work/formal-opendev-880278--target-880338/target-a1/neutron/db/quota/driver.py", line 269, in commit_reservation
    quota_api.remove_reservation(context, reservation_id,
  File "/home/zhihao/hdd/marshal/.work/rebuild_880278_880338/run/formal-opendev-880278--target-880338-fresh2/replay-work/formal-opendev-880278--target-880338/target-a1/neutron/common/utils.py", line 726, in inner
    raise RuntimeError(_("Method %s cannot be called within a "
RuntimeError: Method <function remove_reservation at 0x73f227e93520> cannot be called within a transaction.
create failed: No details.
Traceback (most recent call last):
  File "/home/zhihao/hdd/marshal/.work/rebuild_880278_880338/run/formal-opendev-880278--target-880338-fresh2/replay-work/formal-opendev-880278--target-880338/target-a1/neutron/api/v2/resource.py", line 98, in resource
    result = method(request=request, **args)
  File "/home/zhihao/hdd/marshal/.work/rebuild_880278_880338/run/formal-opendev-880278--target-880338-fresh2/replay-work/formal-opendev-880278--target-880338/target-a1/neutron/api/v2/base.py", line 438, in create
    return self._create(request, body, **kwargs)
  File "/home/zhihao/hdd/marshal/.work/rebuild_880278_880338/run/formal-opendev-880278--target-880338-fresh2/replay-work/formal-opendev-880278--target-880338/target-a1/.tox/py3/lib/python3.10/site-packages/neutron_lib/db/api.py", line 140, in wrapped
    with excutils.save_and_reraise_exception():
  File "/home/zhihao/hdd/marshal/.work/rebuild_880278_880338/run/formal-opendev-880278--target-880338-fresh2/replay-work/formal-opendev-880278--target-880338/target-a1/.tox/py3/lib/python3.10/site-packages/oslo_utils/excutils.py", line 227, in __exit__
    self.force_reraise()
  File "/home/zhihao/hdd/marshal/.work/rebuild_880278_880338/run/formal-opendev-880278--target-880338-fresh2/replay-work/formal-opendev-880278--target-880338/target-a1/.tox/py3/lib/python3.10/site-packages/oslo_utils/excutils.py", line 200, in force_reraise
    raise self.value
  File "/home/zhihao/hdd/marshal/.work/rebuild_880278_880338/run/formal-opendev-880278--target-880338-fresh2/replay-work/formal-opendev-880278--target-880338/target-a1/.tox/py3/lib/python3.10/site-packages/neutron_lib/db/api.py", line 138, in wrapped
    return f(*args, **kwargs)
  File "/home/zhihao/hdd/marshal/.work/rebuild_880278_880338/run/formal-opendev-880278--target-880338-fresh2/replay-work/formal-opendev-880278--target-880338/target-a1/.tox/py3/lib/python3.10/site-packages/oslo_db/api.py", line 144, in wrapper
    with excutils.save_and_reraise_exception() as ectxt:
  File "/home/zhihao/hdd/marshal/.work/rebuild_880278_880338/run/formal-opendev-880278--target-880338-fresh2/replay-work/formal-opendev-880278--target-880338/target-a1/.tox/py3/lib/python3.10/site-packages/oslo_utils/excutils.py", line 227, in __exit__
    self.force_reraise()
  File "/home/zhihao/hdd/marshal/.work/rebuild_880278_880338/run/formal-opendev-880278--target-880338-fresh2/replay-work/formal-opendev-880278--target-880338/target-a1/.tox/py3/lib/python3.10/site-packages/oslo_utils/excutils.py", line 200, in force_reraise
    raise self.value
  File "/home/zhihao/hdd/marshal/.work/rebuild_880278_880338/run/formal-opendev-880278--target-880338-fresh2/replay-work/formal-opendev-880278--target-880338/target-a1/.tox/py3/lib/python3.10/site-packages/oslo_db/api.py", line 142, in wrapper
    return f(*args, **kwargs)
  File "/home/zhihao/hdd/marshal/.work/rebuild_880278_880338/run/formal-opendev-880278--target-880338-fresh2/replay-work/formal-opendev-880278--target-880338/target-a1/.tox/py3/lib/python3.10/site-packages/neutron_lib/db/api.py", line 186, in wrapped
    with excutils.save_and_reraise_exception():
  File "/home/zhihao/hdd/marshal/.work/rebuild_880278_880338/run/formal-opendev-880278--target-880338-fresh2/replay-work/formal-opendev-880278--target-880338/target-a1/.tox/py3/lib/python3.10/site-packages/oslo_utils/excutils.py", line 227, in __exit__
    self.force_reraise()
  File "/home/zhihao/hdd/marshal/.work/rebuild_880278_880338/run/formal-opendev-880278--target-880338-fresh2/replay-work/formal-opendev-880278--target-880338/target-a1/.tox/py3/lib/python3.10/site-packages/oslo_utils/excutils.py", line 200, in force_reraise
    raise self.value
  File "/home/zhihao/hdd/marshal/.work/rebuild_880278_880338/run/formal-opendev-880278--target-880338-fresh2/replay-work/formal-opendev-880278--target-880338/target-a1/.tox/py3/lib/python3.10/site-packages/neutron_lib/db/api.py", line 184, in wrapped
    return f(*dup_args, **dup_kwargs)
  File "/home/zhihao/hdd/marshal/.work/rebuild_880278_880338/run/formal-opendev-880278--target-880338-fresh2/replay-work/formal-opendev-880278--target-880338/target-a1/neutron/api/v2/base.py", line 563, in _create
    obj = do_create(body)
  File "/home/zhihao/hdd/marshal/.work/rebuild_880278_880338/run/formal-opendev-880278--target-880338-fresh2/replay-work/formal-opendev-880278--target-880338/target-a1/neutron/api/v2/base.py", line 541, in do_create
    with excutils.save_and_reraise_exception():
  File "/home/zhihao/hdd/marshal/.work/rebuild_880278_880338/run/formal-opendev-880278--target-880338-fresh2/replay-work/formal-opendev-880278--target-880338/target-a1/.tox/py3/lib/python3.10/site-packages/oslo_utils/excutils.py", line 227, in __exit__
    self.force_reraise()
  File "/home/zhihao/hdd/marshal/.work/rebuild_880278_880338/run/formal-opendev-880278--target-880338-fresh2/replay-work/formal-opendev-880278--target-880338/target-a1/.tox/py3/lib/python3.10/site-packages/oslo_utils/excutils.py", line 200, in force_reraise
    raise self.value
  File "/home/zhihao/hdd/marshal/.work/rebuild_880278_880338/run/formal-opendev-880278--target-880338-fresh2/replay-work/formal-opendev-880278--target-880338/target-a1/neutron/api/v2/base.py", line 537, in do_create
    return obj_creator(request.context, **kwargs)
  File "/home/zhihao/hdd/marshal/.work/rebuild_880278_880338/run/formal-opendev-880278--target-880338-fresh2/replay-work/formal-opendev-880278--target-880338/target-a1/neutron/services/metering/metering_plugin.py", line 77, in create_metering_label_rule
    MeteringPlugin.validate_metering_label_rule(metering_label_rule)
  File "/home/zhihao/hdd/marshal/.work/rebuild_880278_880338/run/formal-opendev-880278--target-880338-fresh2/replay-work/formal-opendev-880278--target-880338/target-a1/neutron/services/metering/metering_plugin.py", line 118, in validate_metering_label_rule
    raise neutron_exc.Invalid(
neutron_lib.exceptions.Invalid: You must define at least one of the following parameters 'remote_ip_prefix', or 'source_ip_prefix' or 'destination_ip_prefix'.
{9} neutron.tests.unit.services.metering.test_metering_plugin.TestMeteringPlugin.test_add_and_remove_metering_label_rule_no_ip_prefix_entered [2.040212s] ... ok
{14} neutron.tests.unit.services.metering.test_metering_plugin.TestMeteringPlugin.test_add_metering_label_rpc_call [2.130294s] ... ok
{16} neutron.tests.unit.services.metering.test_metering_plugin.TestMeteringPluginRpcFromL3Agent.test_get_sync_data_metering_not_shared [2.137286s] ... ok
create failed: No details.
Traceback (most recent call last):
  File "/home/zhihao/hdd/marshal/.work/rebuild_880278_880338/run/formal-opendev-880278--target-880338-fresh2/replay-work/formal-opendev-880278--target-880338/target-a1/neutron/api/v2/resource.py", line 98, in resource
    result = method(request=request, **args)
  File "/home/zhihao/hdd/marshal/.work/rebuild_880278_880338/run/formal-opendev-880278--target-880338-fresh2/replay-work/formal-opendev-880278--target-880338/target-a1/neutron/api/v2/base.py", line 438, in create
    return self._create(request, body, **kwargs)
  File "/home/zhihao/hdd/marshal/.work/rebuild_880278_880338/run/formal-opendev-880278--target-880338-fresh2/replay-work/formal-opendev-880278--target-880338/target-a1/.tox/py3/lib/python3.10/site-packages/neutron_lib/db/api.py", line 140, in wrapped
    with excutils.save_and_reraise_exception():
  File "/home/zhihao/hdd/marshal/.work/rebuild_880278_880338/run/formal-opendev-880278--target-880338-fresh2/replay-work/formal-opendev-880278--target-880338/target-a1/.tox/py3/lib/python3.10/site-packages/oslo_utils/excutils.py", line 227, in __exit__
    self.force_reraise()
  File "/home/zhihao/hdd/marshal/.work/rebuild_880278_880338/run/formal-opendev-880278--target-880338-fresh2/replay-work/formal-opendev-880278--target-880338/target-a1/.tox/py3/lib/python3.10/site-packages/oslo_utils/excutils.py", line 200, in force_reraise
    raise self.value
  File "/home/zhihao/hdd/marshal/.work/rebuild_880278_880338/run/formal-opendev-880278--target-880338-fresh2/replay-work/formal-opendev-880278--target-880338/target-a1/.tox/py3/lib/python3.10/site-packages/neutron_lib/db/api.py", line 138, in wrapped
    return f(*args, **kwargs)
  File "/home/zhihao/hdd/marshal/.work/rebuild_880278_880338/run/formal-opendev-880278--target-880338-fresh2/replay-work/formal-opendev-880278--target-880338/target-a1/.tox/py3/lib/python3.10/site-packages/oslo_db/api.py", line 144, in wrapper
    with excutils.save_and_reraise_exception() as ectxt:
  File "/home/zhihao/hdd/marshal/.work/rebuild_880278_880338/run/formal-opendev-880278--target-880338-fresh2/replay-work/formal-opendev-880278--target-880338/target-a1/.tox/py3/lib/python3.10/site-packages/oslo_utils/excutils.py", line 227, in __exit__
    self.force_reraise()
  File "/home/zhihao/hdd/marshal/.work/rebuild_880278_880338/run/formal-opendev-880278--target-880338-fresh2/replay-work/formal-opendev-880278--target-880338/target-a1/.tox/py3/lib/python3.10/site-packages/oslo_utils/excutils.py", line 200, in force_reraise
    raise self.value
  File "/home/zhihao/hdd/marshal/.work/rebuild_880278_880338/run/formal-opendev-880278--target-880338-fresh2/replay-work/formal-opendev-880278--target-880338/target-a1/.tox/py3/lib/python3.10/site-packages/oslo_db/api.py", line 142, in wrapper
    return f(*args, **kwargs)
  File "/home/zhihao/hdd/marshal/.work/rebuild_880278_880338/run/formal-opendev-880278--target-880338-fresh2/replay-work/formal-opendev-880278--target-880338/target-a1/.tox/py3/lib/python3.10/site-packages/neutron_lib/db/api.py", line 186, in wrapped
    with excutils.save_and_reraise_exception():
  File "/home/zhihao/hdd/marshal/.work/rebuild_880278_880338/run/formal-opendev-880278--target-880338-fresh2/replay-work/formal-opendev-880278--target-880338/target-a1/.tox/py3/lib/python3.10/site-packages/oslo_utils/excutils.py", line 227, in __exit__
    self.force_reraise()
  File "/home/zhihao/hdd/marshal/.work/rebuild_880278_880338/run/formal-opendev-880278--target-880338-fresh2/replay-work/formal-opendev-880278--target-880338/target-a1/.tox/py3/lib/python3.10/site-packages/oslo_utils/excutils.py", line 200, in force_reraise
    raise self.value
  File "/home/zhihao/hdd/marshal/.work/rebuild_880278_880338/run/formal-opendev-880278--target-880338-fresh2/replay-work/formal-opendev-880278--target-880338/target-a1/.tox/py3/lib/python3.10/site-packages/neutron_lib/db/api.py", line 184, in wrapped
    return f(*dup_args, **dup_kwargs)
  File "/home/zhihao/hdd/marshal/.work/rebuild_880278_880338/run/formal-opendev-880278--target-880338-fresh2/replay-work/formal-opendev-880278--target-880338/target-a1/neutron/api/v2/base.py", line 563, in _create
    obj = do_create(body)
  File "/home/zhihao/hdd/marshal/.work/rebuild_880278_880338/run/formal-opendev-880278--target-880338-fresh2/replay-work/formal-opendev-880278--target-880338/target-a1/neutron/api/v2/base.py", line 541, in do_create
    with excutils.save_and_reraise_exception():
  File "/home/zhihao/hdd/marshal/.work/rebuild_880278_880338/run/formal-opendev-880278--target-880338-fresh2/replay-work/formal-opendev-880278--target-880338/target-a1/.tox/py3/lib/python3.10/site-packages/oslo_utils/excutils.py", line 227, in __exit__
    self.force_reraise()
  File "/home/zhihao/hdd/marshal/.work/rebuild_880278_880338/run/formal-opendev-880278--target-880338-fresh2/replay-work/formal-opendev-880278--target-880338/target-a1/.tox/py3/lib/python3.10/site-packages/oslo_utils/excutils.py", line 200, in force_reraise
    raise self.value
  File "/home/zhihao/hdd/marshal/.work/rebuild_880278_880338/run/formal-opendev-880278--target-880338-fresh2/replay-work/formal-opendev-880278--target-880338/target-a1/neutron/api/v2/base.py", line 537, in do_create
    return obj_creator(request.context, **kwargs)
  File "/home/zhihao/hdd/marshal/.work/rebuild_880278_880338/run/formal-opendev-880278--target-880338-fresh2/replay-work/formal-opendev-880278--target-880338/target-a1/neutron/services/metering/metering_plugin.py", line 77, in create_metering_label_rule
    MeteringPlugin.validate_metering_label_rule(metering_label_rule)
  File "/home/zhihao/hdd/marshal/.work/rebuild_880278_880338/run/formal-opendev-880278--target-880338-fresh2/replay-work/formal-opendev-880278--target-880338/target-a1/neutron/services/metering/metering_plugin.py", line 108, in validate_metering_label_rule
    raise neutron_exc.Invalid(
neutron_lib.exceptions.Invalid: Cannot use 'remote-ip-prefix' in conjunction with 'source-ip-prefix' or 'destination-ip-prefix'.
{4} neutron.tests.unit.services.metering.test_metering_plugin.TestMeteringPluginL3AgentScheduler.test_add_metering_label_rpc_call [2.303907s] ... ok
{8} neutron.tests.unit.services.metering.test_metering_plugin.TestMeteringPlugin.test_add_and_remove_metering_label_rule_dest_and_remote_ip [2.310664s] ... ok
create failed: No details.
Traceback (most recent call last):
  File "/home/zhihao/hdd/marshal/.work/rebuild_880278_880338/run/formal-opendev-880278--target-880338-fresh2/replay-work/formal-opendev-880278--target-880338/target-a1/neutron/api/v2/resource.py", line 98, in resource
    result = method(request=request, **args)
  File "/home/zhihao/hdd/marshal/.work/rebuild_880278_880338/run/formal-opendev-880278--target-880338-fresh2/replay-work/formal-opendev-880278--target-880338/target-a1/neutron/api/v2/base.py", line 438, in create
    return self._create(request, body, **kwargs)
  File "/home/zhihao/hdd/marshal/.work/rebuild_880278_880338/run/formal-opendev-880278--target-880338-fresh2/replay-work/formal-opendev-880278--target-880338/target-a1/.tox/py3/lib/python3.10/site-packages/neutron_lib/db/api.py", line 140, in wrapped
    with excutils.save_and_reraise_exception():
  File "/home/zhihao/hdd/marshal/.work/rebuild_880278_880338/run/formal-opendev-880278--target-880338-fresh2/replay-work/formal-opendev-880278--target-880338/target-a1/.tox/py3/lib/python3.10/site-packages/oslo_utils/excutils.py", line 227, in __exit__
    self.force_reraise()
  File "/home/zhihao/hdd/marshal/.work/rebuild_880278_880338/run/formal-opendev-880278--target-880338-fresh2/replay-work/formal-opendev-880278--target-880338/target-a1/.tox/py3/lib/python3.10/site-packages/oslo_utils/excutils.py", line 200, in force_reraise
    raise self.value
  File "/home/zhihao/hdd/marshal/.work/rebuild_880278_880338/run/formal-opendev-880278--target-880338-fresh2/replay-work/formal-opendev-880278--target-880338/target-a1/.tox/py3/lib/python3.10/site-packages/neutron_lib/db/api.py", line 138, in wrapped
    return f(*args, **kwargs)
  File "/home/zhihao/hdd/marshal/.work/rebuild_880278_880338/run/formal-opendev-880278--target-880338-fresh2/replay-work/formal-opendev-880278--target-880338/target-a1/.tox/py3/lib/python3.10/site-packages/oslo_db/api.py", line 144, in wrapper
    with excutils.save_and_reraise_exception() as ectxt:
  File "/home/zhihao/hdd/marshal/.work/rebuild_880278_880338/run/formal-opendev-880278--target-880338-fresh2/replay-work/formal-opendev-880278--target-880338/target-a1/.tox/py3/lib/python3.10/site-packages/oslo_utils/excutils.py", line 227, in __exit__
    self.force_reraise()
  File "/home/zhihao/hdd/marshal/.work/rebuild_880278_880338/run/formal-opendev-880278--target-880338-fresh2/replay-work/formal-opendev-880278--target-880338/target-a1/.tox/py3/lib/python3.10/site-packages/oslo_utils/excutils.py", line 200, in force_reraise
    raise self.value
  File "/home/zhihao/hdd/marshal/.work/rebuild_880278_880338/run/formal-opendev-880278--target-880338-fresh2/replay-work/formal-opendev-880278--target-880338/target-a1/.tox/py3/lib/python3.10/site-packages/oslo_db/api.py", line 142, in wrapper
    return f(*args, **kwargs)
  File "/home/zhihao/hdd/marshal/.work/rebuild_880278_880338/run/formal-opendev-880278--target-880338-fresh2/replay-work/formal-opendev-880278--target-880338/target-a1/.tox/py3/lib/python3.10/site-packages/neutron_lib/db/api.py", line 186, in wrapped
    with excutils.save_and_reraise_exception():
  File "/home/zhihao/hdd/marshal/.work/rebuild_880278_880338/run/formal-opendev-880278--target-880338-fresh2/replay-work/formal-opendev-880278--target-880338/target-a1/.tox/py3/lib/python3.10/site-packages/oslo_utils/excutils.py", line 227, in __exit__
    self.force_reraise()
  File "/home/zhihao/hdd/marshal/.work/rebuild_880278_880338/run/formal-opendev-880278--target-880338-fresh2/replay-work/formal-opendev-880278--target-880338/target-a1/.tox/py3/lib/python3.10/site-packages/oslo_utils/excutils.py", line 200, in force_reraise
    raise self.value
  File "/home/zhihao/hdd/marshal/.work/rebuild_880278_880338/run/formal-opendev-880278--target-880338-fresh2/replay-work/formal-opendev-880278--target-880338/target-a1/.tox/py3/lib/python3.10/site-packages/neutron_lib/db/api.py", line 184, in wrapped
    return f(*dup_args, **dup_kwargs)
  File "/home/zhihao/hdd/marshal/.work/rebuild_880278_880338/run/formal-opendev-880278--target-880338-fresh2/replay-work/formal-opendev-880278--target-880338/target-a1/neutron/api/v2/base.py", line 563, in _create
    obj = do_create(body)
  File "/home/zhihao/hdd/marshal/.work/rebuild_880278_880338/run/formal-opendev-880278--target-880338-fresh2/replay-work/formal-opendev-880278--target-880338/target-a1/neutron/api/v2/base.py", line 541, in do_create
    with excutils.save_and_reraise_exception():
  File "/home/zhihao/hdd/marshal/.work/rebuild_880278_880338/run/formal-opendev-880278--target-880338-fresh2/replay-work/formal-opendev-880278--target-880338/target-a1/.tox/py3/lib/python3.10/site-packages/oslo_utils/excutils.py", line 227, in __exit__
    self.force_reraise()
  File "/home/zhihao/hdd/marshal/.work/rebuild_880278_880338/run/formal-opendev-880278--target-880338-fresh2/replay-work/formal-opendev-880278--target-880338/target-a1/.tox/py3/lib/python3.10/site-packages/oslo_utils/excutils.py", line 200, in force_reraise
    raise self.value
  File "/home/zhihao/hdd/marshal/.work/rebuild_880278_880338/run/formal-opendev-880278--target-880338-fresh2/replay-work/formal-opendev-880278--target-880338/target-a1/neutron/api/v2/base.py", line 537, in do_create
    return obj_creator(request.context, **kwargs)
  File "/home/zhihao/hdd/marshal/.work/rebuild_880278_880338/run/formal-opendev-880278--target-880338-fresh2/replay-work/formal-opendev-880278--target-880338/target-a1/neutron/services/metering/metering_plugin.py", line 77, in create_metering_label_rule
    MeteringPlugin.validate_metering_label_rule(metering_label_rule)
  File "/home/zhihao/hdd/marshal/.work/rebuild_880278_880338/run/formal-opendev-880278--target-880338-fresh2/replay-work/formal-opendev-880278--target-880338/target-a1/neutron/services/metering/metering_plugin.py", line 108, in validate_metering_label_rule
    raise neutron_exc.Invalid(
neutron_lib.exceptions.Invalid: Cannot use 'remote-ip-prefix' in conjunction with 'source-ip-prefix' or 'destination-ip-prefix'.
{17} neutron.tests.unit.services.metering.test_metering_plugin.TestMeteringPlugin.test_add_and_remove_metering_label_rule_src_and_remote_ip [2.111385s] ... ok
{19} neutron.tests.unit.services.metering.test_metering_plugin.TestMeteringPluginL3AgentSchedulerServicePlugin.test_add_metering_label_rpc_call [2.363976s] ... ok
{0} neutron.tests.unit.services.metering.test_metering_plugin.TestMeteringPluginRpcFromL3Agent.test_get_sync_data_metering_shared [2.184114s] ... ok
{3} neutron.tests.unit.services.metering.test_metering_plugin.TestMeteringPlugin.test_add_metering_label_shared_rpc_call [2.055975s] ... ok
{2} neutron.tests.unit.services.metering.test_metering_plugin.TestMeteringPlugin.test_add_and_remove_metering_label_rule_source_ip_only [2.387234s] ... FAILED

Captured traceback:
~~~~~~~~~~~~~~~~~~~
    Traceback (most recent call last):

      File "/home/zhihao/hdd/marshal/.work/rebuild_880278_880338/run/formal-opendev-880278--target-880338-fresh2/replay-work/formal-opendev-880278--target-880338/target-a1/neutron/tests/base.py", line 182, in func
    return f(self, *args, **kwargs)

      File "/home/zhihao/hdd/marshal/.work/rebuild_880278_880338/run/formal-opendev-880278--target-880338-fresh2/replay-work/formal-opendev-880278--target-880338/target-a1/neutron/tests/unit/services/metering/test_metering_plugin.py", line 372, in test_add_and_remove_metering_label_rule_source_ip_only
    self.mock_add_rule.assert_called_with(self.ctx,

      File "/home/zhihao/.local/share/uv/python/cpython-3.10.19-linux-x86_64-gnu/lib/python3.10/unittest/mock.py", line 929, in assert_called_with
    raise AssertionError(_error_message()) from cause

    AssertionError: expected call not found.
Expected: add_metering_label_rule(<neutron.tests.unit.services.metering.test_metering_plugin.FakeContext object at 0x70eddbaa5120>, [{'status': 'ACTIVE', 'name': 'router1', 'gw_port_id': None, 'admin_state_up': True, 'distributed': False, 'project_id': 'a7e61382-47b8-4d40-bae3-f95981b5637b', '_metering_labels': [{'rule': {'source_ip_prefix': AuthenticIPNetwork('10.0.0.0/24'), 'destination_ip_prefix': None, 'remote_ip_prefix': None, 'direction': 'ingress', 'metering_label_id': '654f6b9d-0f36-4ae5-bd1b-01616794ca60', 'excluded': False, 'id': 'e27fe2df-376e-4ac7-ae13-92f050a21f84'}, 'id': '654f6b9d-0f36-4ae5-bd1b-01616794ca60'}], 'id': '654f6b9d-0f36-4ae5-bd1b-01616794ca60'}])
Actual: add_metering_label_rule(<neutron.tests.unit.services.metering.test_metering_plugin.FakeContext object at 0x70eddc46c4c0>, [{'id': '654f6b9d-0f36-4ae5-bd1b-01616794ca60', 'name': 'router1', 'project_id': 'a7e61382-47b8-4d40-bae3-f95981b5637b', 'admin_state_up': True, 'status': 'ACTIVE', 'gw_port_id': None, 'distributed': False, '_metering_labels': [{'id': '654f6b9d-0f36-4ae5-bd1b-01616794ca60', 'rule': {'id': 'e27fe2df-376e-4ac7-ae13-92f050a21f84', 'metering_label_id': '654f6b9d-0f36-4ae5-bd1b-01616794ca60', 'direction': 'ingress', 'remote_ip_prefix': None, 'source_ip_prefix': AuthenticIPNetwork('10.0.0.0/24'), 'destination_ip_prefix': None, 'excluded': False}}]}])

{12} neutron.tests.unit.services.metering.test_metering_plugin.TestMeteringPlugin.test_add_and_remove_metering_label_rule_src_and_dest_ip_only [2.056740s] ... FAILED

Captured traceback:
~~~~~~~~~~~~~~~~~~~
    Traceback (most recent call last):

      File "/home/zhihao/hdd/marshal/.work/rebuild_880278_880338/run/formal-opendev-880278--target-880338-fresh2/replay-work/formal-opendev-880278--target-880338/target-a1/neutron/tests/base.py", line 182, in func
    return f(self, *args, **kwargs)

      File "/home/zhihao/hdd/marshal/.work/rebuild_880278_880338/run/formal-opendev-880278--target-880338-fresh2/replay-work/formal-opendev-880278--target-880338/target-a1/neutron/tests/unit/services/metering/test_metering_plugin.py", line 487, in test_add_and_remove_metering_label_rule_src_and_dest_ip_only
    self.mock_add_rule.assert_called_with(self.ctx,

      File "/home/zhihao/.local/share/uv/python/cpython-3.10.19-linux-x86_64-gnu/lib/python3.10/unittest/mock.py", line 929, in assert_called_with
    raise AssertionError(_error_message()) from cause

    AssertionError: expected call not found.
Expected: add_metering_label_rule(<neutron.tests.unit.services.metering.test_metering_plugin.FakeContext object at 0x73040b516980>, [{'status': 'ACTIVE', 'name': 'router1', 'gw_port_id': None, 'admin_state_up': True, 'distributed': False, 'project_id': 'a7e61382-47b8-4d40-bae3-f95981b5637b', '_metering_labels': [{'rule': {'destination_ip_prefix': AuthenticIPNetwork('0.0.0.0/0'), 'source_ip_prefix': AuthenticIPNetwork('10.0.0.0/24'), 'remote_ip_prefix': None, 'direction': 'ingress', 'metering_label_id': '654f6b9d-0f36-4ae5-bd1b-01616794ca60', 'excluded': False, 'id': 'e27fe2df-376e-4ac7-ae13-92f050a21f84'}, 'id': '654f6b9d-0f36-4ae5-bd1b-01616794ca60'}], 'id': '654f6b9d-0f36-4ae5-bd1b-01616794ca60'}])
Actual: add_metering_label_rule(<neutron.tests.unit.services.metering.test_metering_plugin.FakeContext object at 0x73040a92d630>, [{'id': '654f6b9d-0f36-4ae5-bd1b-01616794ca60', 'name': 'router1', 'project_id': 'a7e61382-47b8-4d40-bae3-f95981b5637b', 'admin_state_up': True, 'status': 'ACTIVE', 'gw_port_id': None, 'distributed': False, '_metering_labels': [{'id': '654f6b9d-0f36-4ae5-bd1b-01616794ca60', 'rule': {'id': 'e27fe2df-376e-4ac7-ae13-92f050a21f84', 'metering_label_id': '654f6b9d-0f36-4ae5-bd1b-01616794ca60', 'direction': 'ingress', 'remote_ip_prefix': None, 'source_ip_prefix': AuthenticIPNetwork('10.0.0.0/24'), 'destination_ip_prefix': AuthenticIPNetwork('0.0.0.0/0'), 'excluded': False}}]}])

{6} neutron.tests.unit.services.metering.test_metering_plugin.TestMeteringPlugin.test_add_and_remove_metering_label_rule_dest_ip_only [2.190274s] ... FAILED

Captured traceback:
~~~~~~~~~~~~~~~~~~~
    Traceback (most recent call last):

      File "/home/zhihao/hdd/marshal/.work/rebuild_880278_880338/run/formal-opendev-880278--target-880338-fresh2/replay-work/formal-opendev-880278--target-880338/target-a1/neutron/tests/base.py", line 182, in func
    return f(self, *args, **kwargs)

      File "/home/zhihao/hdd/marshal/.work/rebuild_880278_880338/run/formal-opendev-880278--target-880338-fresh2/replay-work/formal-opendev-880278--target-880338/target-a1/neutron/tests/unit/services/metering/test_metering_plugin.py", line 428, in test_add_and_remove_metering_label_rule_dest_ip_only
    self.mock_add_rule.assert_called_with(self.ctx,

      File "/home/zhihao/.local/share/uv/python/cpython-3.10.19-linux-x86_64-gnu/lib/python3.10/unittest/mock.py", line 929, in assert_called_with
    raise AssertionError(_error_message()) from cause

    AssertionError: expected call not found.
Expected: add_metering_label_rule(<neutron.tests.unit.services.metering.test_metering_plugin.FakeContext object at 0x7f08ab1e7730>, [{'status': 'ACTIVE', 'name': 'router1', 'gw_port_id': None, 'admin_state_up': True, 'distributed': False, 'project_id': 'a7e61382-47b8-4d40-bae3-f95981b5637b', '_metering_labels': [{'rule': {'destination_ip_prefix': AuthenticIPNetwork('10.0.0.0/24'), 'source_ip_prefix': None, 'remote_ip_prefix': None, 'direction': 'ingress', 'metering_label_id': '654f6b9d-0f36-4ae5-bd1b-01616794ca60', 'excluded': False, 'id': 'e27fe2df-376e-4ac7-ae13-92f050a21f84'}, 'id': '654f6b9d-0f36-4ae5-bd1b-01616794ca60'}], 'id': '654f6b9d-0f36-4ae5-bd1b-01616794ca60'}])
Actual: add_metering_label_rule(<neutron.tests.unit.services.metering.test_metering_plugin.FakeContext object at 0x7f08abba8760>, [{'id': '654f6b9d-0f36-4ae5-bd1b-01616794ca60', 'name': 'router1', 'project_id': 'a7e61382-47b8-4d40-bae3-f95981b5637b', 'admin_state_up': True, 'status': 'ACTIVE', 'gw_port_id': None, 'distributed': False, '_metering_labels': [{'id': '654f6b9d-0f36-4ae5-bd1b-01616794ca60', 'rule': {'id': 'e27fe2df-376e-4ac7-ae13-92f050a21f84', 'metering_label_id': '654f6b9d-0f36-4ae5-bd1b-01616794ca60', 'direction': 'ingress', 'remote_ip_prefix': None, 'source_ip_prefix': None, 'destination_ip_prefix': AuthenticIPNetwork('10.0.0.0/24'), 'excluded': False}}]}])

{1} neutron.tests.unit.services.metering.test_metering_plugin.TestMeteringPlugin.test_remove_metering_label_rpc_call [2.453001s] ... FAILED

Captured traceback:
~~~~~~~~~~~~~~~~~~~
    Traceback (most recent call last):

      File "/home/zhihao/hdd/marshal/.work/rebuild_880278_880338/run/formal-opendev-880278--target-880338-fresh2/replay-work/formal-opendev-880278--target-880338/target-a1/neutron/tests/base.py", line 182, in func
    return f(self, *args, **kwargs)

      File "/home/zhihao/hdd/marshal/.work/rebuild_880278_880338/run/formal-opendev-880278--target-880338-fresh2/replay-work/formal-opendev-880278--target-880338/target-a1/neutron/tests/unit/services/metering/test_metering_plugin.py", line 226, in test_remove_metering_label_rpc_call
    self.mock_remove.assert_called_with(self.ctx, expected)

      File "/home/zhihao/.local/share/uv/python/cpython-3.10.19-linux-x86_64-gnu/lib/python3.10/unittest/mock.py", line 929, in assert_called_with
    raise AssertionError(_error_message()) from cause

    AssertionError: expected call not found.
Expected: remove_metering_label(<neutron.tests.unit.services.metering.test_metering_plugin.FakeContext object at 0x70bb26692b90>, [{'status': 'ACTIVE', 'name': 'router1', 'gw_port_id': None, 'admin_state_up': True, 'distributed': False, 'project_id': 'a7e61382-47b8-4d40-bae3-f95981b5637b', '_metering_labels': [{'rules': [], 'id': '654f6b9d-0f36-4ae5-bd1b-01616794ca60', 'shared': False, 'name': 'label'}], 'id': '654f6b9d-0f36-4ae5-bd1b-01616794ca60'}])
Actual: remove_metering_label(<neutron.tests.unit.services.metering.test_metering_plugin.FakeContext object at 0x70bb271942e0>, [{'id': '654f6b9d-0f36-4ae5-bd1b-01616794ca60', 'name': 'router1', 'project_id': 'a7e61382-47b8-4d40-bae3-f95981b5637b', 'admin_state_up': True, 'status': 'ACTIVE', 'gw_port_id': None, 'distributed': False, '_metering_labels': [{'id': '654f6b9d-0f36-4ae5-bd1b-01616794ca60', 'rules': [], 'shared': False, 'name': 'label'}]}])

{11} neutron.tests.unit.services.metering.test_metering_plugin.TestMeteringPlugin.test_remove_one_metering_label_rpc_call [2.322124s] ... FAILED

Captured traceback:
~~~~~~~~~~~~~~~~~~~
    Traceback (most recent call last):

      File "/home/zhihao/hdd/marshal/.work/rebuild_880278_880338/run/formal-opendev-880278--target-880338-fresh2/replay-work/formal-opendev-880278--target-880338/target-a1/neutron/tests/base.py", line 182, in func
    return f(self, *args, **kwargs)

      File "/home/zhihao/hdd/marshal/.work/rebuild_880278_880338/run/formal-opendev-880278--target-880338-fresh2/replay-work/formal-opendev-880278--target-880338/target-a1/neutron/tests/unit/services/metering/test_metering_plugin.py", line 265, in test_remove_one_metering_label_rpc_call
    self.mock_remove.assert_called_with(self.ctx, expected_remove)

      File "/home/zhihao/.local/share/uv/python/cpython-3.10.19-linux-x86_64-gnu/lib/python3.10/unittest/mock.py", line 929, in assert_called_with
    raise AssertionError(_error_message()) from cause

    AssertionError: expected call not found.
Expected: remove_metering_label(<neutron.tests.unit.services.metering.test_metering_plugin.FakeContext object at 0x7661f9219450>, [{'status': 'ACTIVE', 'name': 'router1', 'gw_port_id': None, 'admin_state_up': True, 'distributed': False, 'project_id': 'a7e61382-47b8-4d40-bae3-f95981b5637b', '_metering_labels': [{'rules': [], 'id': 'e27fe2df-376e-4ac7-ae13-92f050a21f84', 'shared': False, 'name': 'label'}], 'id': '654f6b9d-0f36-4ae5-bd1b-01616794ca60'}])
Actual: remove_metering_label(<neutron.tests.unit.services.metering.test_metering_plugin.FakeContext object at 0x7661fb196170>, [{'id': '654f6b9d-0f36-4ae5-bd1b-01616794ca60', 'name': 'router1', 'project_id': 'a7e61382-47b8-4d40-bae3-f95981b5637b', 'admin_state_up': True, 'status': 'ACTIVE', 'gw_port_id': None, 'distributed': False, '_metering_labels': [{'id': 'e27fe2df-376e-4ac7-ae13-92f050a21f84', 'rules': [], 'shared': False, 'name': 'label'}]}])

{10} neutron.tests.unit.services.metering.test_metering_plugin.TestMeteringPlugin.test_delete_metering_label_does_not_clear_router_tenant_id [2.154324s] ... ok
{18} neutron.tests.unit.services.metering.test_metering_plugin.TestMeteringPlugin.test_add_and_remove_metering_label_rule_rpc_call [2.152240s] ... FAILED

Captured traceback:
~~~~~~~~~~~~~~~~~~~
    Traceback (most recent call last):

      File "/home/zhihao/hdd/marshal/.work/rebuild_880278_880338/run/formal-opendev-880278--target-880338-fresh2/replay-work/formal-opendev-880278--target-880338/target-a1/neutron/tests/base.py", line 182, in func
    return f(self, *args, **kwargs)

      File "/home/zhihao/hdd/marshal/.work/rebuild_880278_880338/run/formal-opendev-880278--target-880338-fresh2/replay-work/formal-opendev-880278--target-880338/target-a1/neutron/tests/unit/services/metering/test_metering_plugin.py", line 316, in test_add_and_remove_metering_label_rule_rpc_call
    self.mock_add_rule.assert_called_with(self.ctx,

      File "/home/zhihao/.local/share/uv/python/cpython-3.10.19-linux-x86_64-gnu/lib/python3.10/unittest/mock.py", line 929, in assert_called_with
    raise AssertionError(_error_message()) from cause

    AssertionError: expected call not found.
Expected: add_metering_label_rule(<neutron.tests.unit.services.metering.test_metering_plugin.FakeContext object at 0x77f067499690>, [{'status': 'ACTIVE', 'name': 'router1', 'gw_port_id': None, 'admin_state_up': True, 'distributed': False, 'project_id': 'a7e61382-47b8-4d40-bae3-f95981b5637b', '_metering_labels': [{'rule': {'remote_ip_prefix': AuthenticIPNetwork('10.0.0.0/24'), 'destination_ip_prefix': None, 'source_ip_prefix': None, 'direction': 'ingress', 'metering_label_id': '654f6b9d-0f36-4ae5-bd1b-01616794ca60', 'excluded': False, 'id': 'e27fe2df-376e-4ac7-ae13-92f050a21f84'}, 'id': '654f6b9d-0f36-4ae5-bd1b-01616794ca60'}], 'id': '654f6b9d-0f36-4ae5-bd1b-01616794ca60'}])
Actual: add_metering_label_rule(<neutron.tests.unit.services.metering.test_metering_plugin.FakeContext object at 0x77f0680c3a60>, [{'id': '654f6b9d-0f36-4ae5-bd1b-01616794ca60', 'name': 'router1', 'project_id': 'a7e61382-47b8-4d40-bae3-f95981b5637b', 'admin_state_up': True, 'status': 'ACTIVE', 'gw_port_id': None, 'distributed': False, '_metering_labels': [{'id': '654f6b9d-0f36-4ae5-bd1b-01616794ca60', 'rule': {'id': 'e27fe2df-376e-4ac7-ae13-92f050a21f84', 'metering_label_id': '654f6b9d-0f36-4ae5-bd1b-01616794ca60', 'direction': 'ingress', 'remote_ip_prefix': AuthenticIPNetwork('10.0.0.0/24'), 'source_ip_prefix': None, 'destination_ip_prefix': None, 'excluded': False}}]}])

{15} neutron.tests.unit.services.metering.test_metering_plugin.TestMeteringPluginRpcFromL3Agent.test_get_sync_data_metering_with_unscheduled_router [3.976939s] ... ok
{7} neutron.tests.unit.services.metering.test_metering_plugin.TestMeteringPluginRpcFromL3Agent.test_get_sync_data_metering [4.199059s] ... ok
{13} neutron.tests.unit.services.metering.test_metering_plugin.TestMeteringPluginRpcFromL3Agent.test_get_sync_data_metering_with_inactive_router [4.492479s] ... ok

==============================
Failed 6 tests - output below:
==============================

neutron.tests.unit.services.metering.test_metering_plugin.TestMeteringPlugin.test_add_and_remove_metering_label_rule_source_ip_only
-----------------------------------------------------------------------------------------------------------------------------------

Captured traceback:
~~~~~~~~~~~~~~~~~~~
    Traceback (most recent call last):

      File "/home/zhihao/hdd/marshal/.work/rebuild_880278_880338/run/formal-opendev-880278--target-880338-fresh2/replay-work/formal-opendev-880278--target-880338/target-a1/neutron/tests/base.py", line 182, in func
    return f(self, *args, **kwargs)

      File "/home/zhihao/hdd/marshal/.work/rebuild_880278_880338/run/formal-opendev-880278--target-880338-fresh2/replay-work/formal-opendev-880278--target-880338/target-a1/neutron/tests/unit/services/metering/test_metering_plugin.py", line 372, in test_add_and_remove_metering_label_rule_source_ip_only
    self.mock_add_rule.assert_called_with(self.ctx,

      File "/home/zhihao/.local/share/uv/python/cpython-3.10.19-linux-x86_64-gnu/lib/python3.10/unittest/mock.py", line 929, in assert_called_with
    raise AssertionError(_error_message()) from cause

    AssertionError: expected call not found.
Expected: add_metering_label_rule(<neutron.tests.unit.services.metering.test_metering_plugin.FakeContext object at 0x70eddbaa5120>, [{'status': 'ACTIVE', 'name': 'router1', 'gw_port_id': None, 'admin_state_up': True, 'distributed': False, 'project_id': 'a7e61382-47b8-4d40-bae3-f95981b5637b', '_metering_labels': [{'rule': {'source_ip_prefix': AuthenticIPNetwork('10.0.0.0/24'), 'destination_ip_prefix': None, 'remote_ip_prefix': None, 'direction': 'ingress', 'metering_label_id': '654f6b9d-0f36-4ae5-bd1b-01616794ca60', 'excluded': False, 'id': 'e27fe2df-376e-4ac7-ae13-92f050a21f84'}, 'id': '654f6b9d-0f36-4ae5-bd1b-01616794ca60'}], 'id': '654f6b9d-0f36-4ae5-bd1b-01616794ca60'}])
Actual: add_metering_label_rule(<neutron.tests.unit.services.metering.test_metering_plugin.FakeContext object at 0x70eddc46c4c0>, [{'id': '654f6b9d-0f36-4ae5-bd1b-01616794ca60', 'name': 'router1', 'project_id': 'a7e61382-47b8-4d40-bae3-f95981b5637b', 'admin_state_up': True, 'status': 'ACTIVE', 'gw_port_id': None, 'distributed': False, '_metering_labels': [{'id': '654f6b9d-0f36-4ae5-bd1b-01616794ca60', 'rule': {'id': 'e27fe2df-376e-4ac7-ae13-92f050a21f84', 'metering_label_id': '654f6b9d-0f36-4ae5-bd1b-01616794ca60', 'direction': 'ingress', 'remote_ip_prefix': None, 'source_ip_prefix': AuthenticIPNetwork('10.0.0.0/24'), 'destination_ip_prefix': None, 'excluded': False}}]}])


neutron.tests.unit.services.metering.test_metering_plugin.TestMeteringPlugin.test_add_and_remove_metering_label_rule_src_and_dest_ip_only
-----------------------------------------------------------------------------------------------------------------------------------------

Captured traceback:
~~~~~~~~~~~~~~~~~~~
    Traceback (most recent call last):

      File "/home/zhihao/hdd/marshal/.work/rebuild_880278_880338/run/formal-opendev-880278--target-880338-fresh2/replay-work/formal-opendev-880278--target-880338/target-a1/neutron/tests/base.py", line 182, in func
    return f(self, *args, **kwargs)

      File "/home/zhihao/hdd/marshal/.work/rebuild_880278_880338/run/formal-opendev-880278--target-880338-fresh2/replay-work/formal-opendev-880278--target-880338/target-a1/neutron/tests/unit/services/metering/test_metering_plugin.py", line 487, in test_add_and_remove_metering_label_rule_src_and_dest_ip_only
    self.mock_add_rule.assert_called_with(self.ctx,

      File "/home/zhihao/.local/share/uv/python/cpython-3.10.19-linux-x86_64-gnu/lib/python3.10/unittest/mock.py", line 929, in assert_called_with
    raise AssertionError(_error_message()) from cause

    AssertionError: expected call not found.
Expected: add_metering_label_rule(<neutron.tests.unit.services.metering.test_metering_plugin.FakeContext object at 0x73040b516980>, [{'status': 'ACTIVE', 'name': 'router1', 'gw_port_id': None, 'admin_state_up': True, 'distributed': False, 'project_id': 'a7e61382-47b8-4d40-bae3-f95981b5637b', '_metering_labels': [{'rule': {'destination_ip_prefix': AuthenticIPNetwork('0.0.0.0/0'), 'source_ip_prefix': AuthenticIPNetwork('10.0.0.0/24'), 'remote_ip_prefix': None, 'direction': 'ingress', 'metering_label_id': '654f6b9d-0f36-4ae5-bd1b-01616794ca60', 'excluded': False, 'id': 'e27fe2df-376e-4ac7-ae13-92f050a21f84'}, 'id': '654f6b9d-0f36-4ae5-bd1b-01616794ca60'}], 'id': '654f6b9d-0f36-4ae5-bd1b-01616794ca60'}])
Actual: add_metering_label_rule(<neutron.tests.unit.services.metering.test_metering_plugin.FakeContext object at 0x73040a92d630>, [{'id': '654f6b9d-0f36-4ae5-bd1b-01616794ca60', 'name': 'router1', 'project_id': 'a7e61382-47b8-4d40-bae3-f95981b5637b', 'admin_state_up': True, 'status': 'ACTIVE', 'gw_port_id': None, 'distributed': False, '_metering_labels': [{'id': '654f6b9d-0f36-4ae5-bd1b-01616794ca60', 'rule': {'id': 'e27fe2df-376e-4ac7-ae13-92f050a21f84', 'metering_label_id': '654f6b9d-0f36-4ae5-bd1b-01616794ca60', 'direction': 'ingress', 'remote_ip_prefix': None, 'source_ip_prefix': AuthenticIPNetwork('10.0.0.0/24'), 'destination_ip_prefix': AuthenticIPNetwork('0.0.0.0/0'), 'excluded': False}}]}])


neutron.tests.unit.services.metering.test_metering_plugin.TestMeteringPlugin.test_add_and_remove_metering_label_rule_dest_ip_only
---------------------------------------------------------------------------------------------------------------------------------

Captured traceback:
~~~~~~~~~~~~~~~~~~~
    Traceback (most recent call last):

      File "/home/zhihao/hdd/marshal/.work/rebuild_880278_880338/run/formal-opendev-880278--target-880338-fresh2/replay-work/formal-opendev-880278--target-880338/target-a1/neutron/tests/base.py", line 182, in func
    return f(self, *args, **kwargs)

      File "/home/zhihao/hdd/marshal/.work/rebuild_880278_880338/run/formal-opendev-880278--target-880338-fresh2/replay-work/formal-opendev-880278--target-880338/target-a1/neutron/tests/unit/services/metering/test_metering_plugin.py", line 428, in test_add_and_remove_metering_label_rule_dest_ip_only
    self.mock_add_rule.assert_called_with(self.ctx,

      File "/home/zhihao/.local/share/uv/python/cpython-3.10.19-linux-x86_64-gnu/lib/python3.10/unittest/mock.py", line 929, in assert_called_with
    raise AssertionError(_error_message()) from cause

    AssertionError: expected call not found.
Expected: add_metering_label_rule(<neutron.tests.unit.services.metering.test_metering_plugin.FakeContext object at 0x7f08ab1e7730>, [{'status': 'ACTIVE', 'name': 'router1', 'gw_port_id': None, 'admin_state_up': True, 'distributed': False, 'project_id': 'a7e61382-47b8-4d40-bae3-f95981b5637b', '_metering_labels': [{'rule': {'destination_ip_prefix': AuthenticIPNetwork('10.0.0.0/24'), 'source_ip_prefix': None, 'remote_ip_prefix': None, 'direction': 'ingress', 'metering_label_id': '654f6b9d-0f36-4ae5-bd1b-01616794ca60', 'excluded': False, 'id': 'e27fe2df-376e-4ac7-ae13-92f050a21f84'}, 'id': '654f6b9d-0f36-4ae5-bd1b-01616794ca60'}], 'id': '654f6b9d-0f36-4ae5-bd1b-01616794ca60'}])
Actual: add_metering_label_rule(<neutron.tests.unit.services.metering.test_metering_plugin.FakeContext object at 0x7f08abba8760>, [{'id': '654f6b9d-0f36-4ae5-bd1b-01616794ca60', 'name': 'router1', 'project_id': 'a7e61382-47b8-4d40-bae3-f95981b5637b', 'admin_state_up': True, 'status': 'ACTIVE', 'gw_port_id': None, 'distributed': False, '_metering_labels': [{'id': '654f6b9d-0f36-4ae5-bd1b-01616794ca60', 'rule': {'id': 'e27fe2df-376e-4ac7-ae13-92f050a21f84', 'metering_label_id': '654f6b9d-0f36-4ae5-bd1b-01616794ca60', 'direction': 'ingress', 'remote_ip_prefix': None, 'source_ip_prefix': None, 'destination_ip_prefix': AuthenticIPNetwork('10.0.0.0/24'), 'excluded': False}}]}])


neutron.tests.unit.services.metering.test_metering_plugin.TestMeteringPlugin.test_remove_metering_label_rpc_call
----------------------------------------------------------------------------------------------------------------

Captured traceback:
~~~~~~~~~~~~~~~~~~~
    Traceback (most recent call last):

      File "/home/zhihao/hdd/marshal/.work/rebuild_880278_880338/run/formal-opendev-880278--target-880338-fresh2/replay-work/formal-opendev-880278--target-880338/target-a1/neutron/tests/base.py", line 182, in func
    return f(self, *args, **kwargs)

      File "/home/zhihao/hdd/marshal/.work/rebuild_880278_880338/run/formal-opendev-880278--target-880338-fresh2/replay-work/formal-opendev-880278--target-880338/target-a1/neutron/tests/unit/services/metering/test_metering_plugin.py", line 226, in test_remove_metering_label_rpc_call
    self.mock_remove.assert_called_with(self.ctx, expected)

      File "/home/zhihao/.local/share/uv/python/cpython-3.10.19-linux-x86_64-gnu/lib/python3.10/unittest/mock.py", line 929, in assert_called_with
    raise AssertionError(_error_message()) from cause

    AssertionError: expected call not found.
Expected: remove_metering_label(<neutron.tests.unit.services.metering.test_metering_plugin.FakeContext object at 0x70bb26692b90>, [{'status': 'ACTIVE', 'name': 'router1', 'gw_port_id': None, 'admin_state_up': True, 'distributed': False, 'project_id': 'a7e61382-47b8-4d40-bae3-f95981b5637b', '_metering_labels': [{'rules': [], 'id': '654f6b9d-0f36-4ae5-bd1b-01616794ca60', 'shared': False, 'name': 'label'}], 'id': '654f6b9d-0f36-4ae5-bd1b-01616794ca60'}])
Actual: remove_metering_label(<neutron.tests.unit.services.metering.test_metering_plugin.FakeContext object at 0x70bb271942e0>, [{'id': '654f6b9d-0f36-4ae5-bd1b-01616794ca60', 'name': 'router1', 'project_id': 'a7e61382-47b8-4d40-bae3-f95981b5637b', 'admin_state_up': True, 'status': 'ACTIVE', 'gw_port_id': None, 'distributed': False, '_metering_labels': [{'id': '654f6b9d-0f36-4ae5-bd1b-01616794ca60', 'rules': [], 'shared': False, 'name': 'label'}]}])


neutron.tests.unit.services.metering.test_metering_plugin.TestMeteringPlugin.test_remove_one_metering_label_rpc_call
--------------------------------------------------------------------------------------------------------------------

Captured traceback:
~~~~~~~~~~~~~~~~~~~
    Traceback (most recent call last):

      File "/home/zhihao/hdd/marshal/.work/rebuild_880278_880338/run/formal-opendev-880278--target-880338-fresh2/replay-work/formal-opendev-880278--target-880338/target-a1/neutron/tests/base.py", line 182, in func
    return f(self, *args, **kwargs)

      File "/home/zhihao/hdd/marshal/.work/rebuild_880278_880338/run/formal-opendev-880278--target-880338-fresh2/replay-work/formal-opendev-880278--target-880338/target-a1/neutron/tests/unit/services/metering/test_metering_plugin.py", line 265, in test_remove_one_metering_label_rpc_call
    self.mock_remove.assert_called_with(self.ctx, expected_remove)

      File "/home/zhihao/.local/share/uv/python/cpython-3.10.19-linux-x86_64-gnu/lib/python3.10/unittest/mock.py", line 929, in assert_called_with
    raise AssertionError(_error_message()) from cause

    AssertionError: expected call not found.
Expected: remove_metering_label(<neutron.tests.unit.services.metering.test_metering_plugin.FakeContext object at 0x7661f9219450>, [{'status': 'ACTIVE', 'name': 'router1', 'gw_port_id': None, 'admin_state_up': True, 'distributed': False, 'project_id': 'a7e61382-47b8-4d40-bae3-f95981b5637b', '_metering_labels': [{'rules': [], 'id': 'e27fe2df-376e-4ac7-ae13-92f050a21f84', 'shared': False, 'name': 'label'}], 'id': '654f6b9d-0f36-4ae5-bd1b-01616794ca60'}])
Actual: remove_metering_label(<neutron.tests.unit.services.metering.test_metering_plugin.FakeContext object at 0x7661fb196170>, [{'id': '654f6b9d-0f36-4ae5-bd1b-01616794ca60', 'name': 'router1', 'project_id': 'a7e61382-47b8-4d40-bae3-f95981b5637b', 'admin_state_up': True, 'status': 'ACTIVE', 'gw_port_id': None, 'distributed': False, '_metering_labels': [{'id': 'e27fe2df-376e-4ac7-ae13-92f050a21f84', 'rules': [], 'shared': False, 'name': 'label'}]}])


neutron.tests.unit.services.metering.test_metering_plugin.TestMeteringPlugin.test_add_and_remove_metering_label_rule_rpc_call
-----------------------------------------------------------------------------------------------------------------------------

Captured traceback:
~~~~~~~~~~~~~~~~~~~
    Traceback (most recent call last):

      File "/home/zhihao/hdd/marshal/.work/rebuild_880278_880338/run/formal-opendev-880278--target-880338-fresh2/replay-work/formal-opendev-880278--target-880338/target-a1/neutron/tests/base.py", line 182, in func
    return f(self, *args, **kwargs)

      File "/home/zhihao/hdd/marshal/.work/rebuild_880278_880338/run/formal-opendev-880278--target-880338-fresh2/replay-work/formal-opendev-880278--target-880338/target-a1/neutron/tests/unit/services/metering/test_metering_plugin.py", line 316, in test_add_and_remove_metering_label_rule_rpc_call
    self.mock_add_rule.assert_called_with(self.ctx,

      File "/home/zhihao/.local/share/uv/python/cpython-3.10.19-linux-x86_64-gnu/lib/python3.10/unittest/mock.py", line 929, in assert_called_with
    raise AssertionError(_error_message()) from cause

    AssertionError: expected call not found.
Expected: add_metering_label_rule(<neutron.tests.unit.services.metering.test_metering_plugin.FakeContext object at 0x77f067499690>, [{'status': 'ACTIVE', 'name': 'router1', 'gw_port_id': None, 'admin_state_up': True, 'distributed': False, 'project_id': 'a7e61382-47b8-4d40-bae3-f95981b5637b', '_metering_labels': [{'rule': {'remote_ip_prefix': AuthenticIPNetwork('10.0.0.0/24'), 'destination_ip_prefix': None, 'source_ip_prefix': None, 'direction': 'ingress', 'metering_label_id': '654f6b9d-0f36-4ae5-bd1b-01616794ca60', 'excluded': False, 'id': 'e27fe2df-376e-4ac7-ae13-92f050a21f84'}, 'id': '654f6b9d-0f36-4ae5-bd1b-01616794ca60'}], 'id': '654f6b9d-0f36-4ae5-bd1b-01616794ca60'}])
Actual: add_metering_label_rule(<neutron.tests.unit.services.metering.test_metering_plugin.FakeContext object at 0x77f0680c3a60>, [{'id': '654f6b9d-0f36-4ae5-bd1b-01616794ca60', 'name': 'router1', 'project_id': 'a7e61382-47b8-4d40-bae3-f95981b5637b', 'admin_state_up': True, 'status': 'ACTIVE', 'gw_port_id': None, 'distributed': False, '_metering_labels': [{'id': '654f6b9d-0f36-4ae5-bd1b-01616794ca60', 'rule': {'id': 'e27fe2df-376e-4ac7-ae13-92f050a21f84', 'metering_label_id': '654f6b9d-0f36-4ae5-bd1b-01616794ca60', 'direction': 'ingress', 'remote_ip_prefix': AuthenticIPNetwork('10.0.0.0/24'), 'source_ip_prefix': None, 'destination_ip_prefix': None, 'excluded': False}}]}])



======
Totals
======
Ran: 20 tests in 4.8126 sec.
 - Passed: 14
 - Skipped: 0
 - Expected Fail: 0
 - Unexpected Success: 0
 - Failed: 6
Sum of execute time for each test: 49.6559 sec.

==============
Worker Balance
==============
 - Worker 0 (1 tests) => 0:00:02.184114
 - Worker 1 (1 tests) => 0:00:02.453001
 - Worker 2 (1 tests) => 0:00:02.387234
 - Worker 3 (1 tests) => 0:00:02.055975
 - Worker 4 (1 tests) => 0:00:02.303907
 - Worker 5 (1 tests) => 0:00:01.633661
 - Worker 6 (1 tests) => 0:00:02.190274
 - Worker 7 (1 tests) => 0:00:04.199059
 - Worker 8 (1 tests) => 0:00:02.310664
 - Worker 9 (1 tests) => 0:00:02.040212
 - Worker 10 (1 tests) => 0:00:02.154324
 - Worker 11 (1 tests) => 0:00:02.322124
 - Worker 12 (1 tests) => 0:00:02.056740
 - Worker 13 (1 tests) => 0:00:04.492479
 - Worker 14 (1 tests) => 0:00:02.130294
 - Worker 15 (1 tests) => 0:00:03.976939
 - Worker 16 (1 tests) => 0:00:02.137286
 - Worker 17 (1 tests) => 0:00:02.111385
 - Worker 18 (1 tests) => 0:00:02.152240
 - Worker 19 (1 tests) => 0:00:02.363976
